{"type": "FeatureCollection", "features": [{"type": "Feature", "properties": {"osm_id": "node/1944291982", "kind": "hospital", "name": "Devishiv Hospital, Lucknow", "lon": 80.9603472, "lat": 26.8746885}, "geometry": {"type": "Point", "coordinates": [80.9603472, 26.8746885]}}, {"type": "Feature", "properties": {"osm_id": "node/3097212437", "kind": "hospital", "name": "Avadh Hospital And Heart Centre", "lon": 80.8957547, "lat": 26.8024464}, "geometry": {"type": "Point", "coordinates": [80.8957547, 26.8024464]}}, {"type": "Feature", "properties": {"osm_id": "node/4145965490", "kind": "school", "name": "School", "lon": 80.9772932, "lat": 26.7749183}, "geometry": {"type": "Point", "coordinates": [80.9772932, 26.7749183]}}, {"type": "Feature", "properties": {"osm_id": "node/4186046089", "kind": "school", "name": "suryodaya public intercollege", "lon": 80.8608407, "lat": 26.8325512}, "geometry": {"type": "Point", "coordinates": [80.8608407, 26.8325512]}}, {"type": "Feature", "properties": {"osm_id": "node/4213085857", "kind": "school", "name": "annie besant inter college", "lon": 81.0200123, "lat": 26.8623446}, "geometry": {"type": "Point", "coordinates": [81.0200123, 26.8623446]}}, {"type": "Feature", "properties": {"osm_id": "node/4418798768", "kind": "hospital", "name": "Saraswathi Hospital and Research Centre", "lon": 81.0676311, "lat": 26.8929536}, "geometry": {"type": "Point", "coordinates": [81.0676311, 26.8929536]}}, {"type": "Feature", "properties": {"osm_id": "node/4427673990", "kind": "hospital", "name": "Hospital", "lon": 80.9777199, "lat": 26.9188249}, "geometry": {"type": "Point", "coordinates": [80.9777199, 26.9188249]}}, {"type": "Feature", "properties": {"osm_id": "node/4506115297", "kind": "hospital", "name": "Hospital", "lon": 80.9745792, "lat": 26.9044958}, "geometry": {"type": "Point", "coordinates": [80.9745792, 26.9044958]}}, {"type": "Feature", "properties": {"osm_id": "node/4506129691", "kind": "school", "name": "School", "lon": 80.9774464, "lat": 26.9027279}, "geometry": {"type": "Point", "coordinates": [80.9774464, 26.9027279]}}, {"type": "Feature", "properties": {"osm_id": "node/4506418889", "kind": "hospital", "name": "Jagrani Hospital", "lon": 80.9687508, "lat": 26.8977996}, "geometry": {"type": "Point", "coordinates": [80.9687508, 26.8977996]}}, {"type": "Feature", "properties": {"osm_id": "node/4571092089", "kind": "school", "name": "School", "lon": 80.8885079, "lat": 26.8326745}, "geometry": {"type": "Point", "coordinates": [80.8885079, 26.8326745]}}, {"type": "Feature", "properties": {"osm_id": "node/4580669790", "kind": "school", "name": "School", "lon": 81.0595358, "lat": 26.8928123}, "geometry": {"type": "Point", "coordinates": [81.0595358, 26.8928123]}}, {"type": "Feature", "properties": {"osm_id": "node/4606014490", "kind": "hospital", "name": "Hospital", "lon": 80.94033, "lat": 26.8176012}, "geometry": {"type": "Point", "coordinates": [80.94033, 26.8176012]}}, {"type": "Feature", "properties": {"osm_id": "node/5839453487", "kind": "school", "name": "La Martini\u00e8re College, Lucknow", "lon": 80.9627492, "lat": 26.8396845}, "geometry": {"type": "Point", "coordinates": [80.9627492, 26.8396845]}}, {"type": "Feature", "properties": {"osm_id": "node/6232216094", "kind": "hospital", "name": "Ajanta Hospital & IVF Centre", "lon": 80.9044751, "lat": 26.8146397}, "geometry": {"type": "Point", "coordinates": [80.9044751, 26.8146397]}}, {"type": "Feature", "properties": {"osm_id": "node/6621697164", "kind": "hospital", "name": "Mansarovar Eye Hospital", "lon": 80.9399218, "lat": 26.8418872}, "geometry": {"type": "Point", "coordinates": [80.9399218, 26.8418872]}}, {"type": "Feature", "properties": {"osm_id": "node/7018011404", "kind": "hospital", "name": "Vaishali Maternity and Infertility Centre", "lon": 80.913268, "lat": 26.7902712}, "geometry": {"type": "Point", "coordinates": [80.913268, 26.7902712]}}, {"type": "Feature", "properties": {"osm_id": "node/7018026502", "kind": "hospital", "name": "Ganga Childrens Hospital", "lon": 80.898027, "lat": 26.7905447}, "geometry": {"type": "Point", "coordinates": [80.898027, 26.7905447]}}, {"type": "Feature", "properties": {"osm_id": "node/7018056667", "kind": "hospital", "name": "Saroj Hospital and Research Centre", "lon": 80.8660483, "lat": 26.8270831}, "geometry": {"type": "Point", "coordinates": [80.8660483, 26.8270831]}}, {"type": "Feature", "properties": {"osm_id": "node/7018108331", "kind": "hospital", "name": "Raj Chandra Hospital And Research Centre", "lon": 80.9056827, "lat": 26.799298}, "geometry": {"type": "Point", "coordinates": [80.9056827, 26.799298]}}, {"type": "Feature", "properties": {"osm_id": "node/7018190225", "kind": "hospital", "name": "Sadbhavna Medical and Trauma Centre", "lon": 80.8767825, "lat": 26.8507359}, "geometry": {"type": "Point", "coordinates": [80.8767825, 26.8507359]}}, {"type": "Feature", "properties": {"osm_id": "node/7018283874", "kind": "hospital", "name": "Metro Hospital and Trauma Centre", "lon": 80.9898859, "lat": 26.8595311}, "geometry": {"type": "Point", "coordinates": [80.9898859, 26.8595311]}}, {"type": "Feature", "properties": {"osm_id": "node/7018342450", "kind": "hospital", "name": "Rida Hospital", "lon": 80.9622954, "lat": 26.8896937}, "geometry": {"type": "Point", "coordinates": [80.9622954, 26.8896937]}}, {"type": "Feature", "properties": {"osm_id": "node/7018342631", "kind": "hospital", "name": "Shri Hari Kamal Netra Neelaym and Laser Centre", "lon": 80.9547544, "lat": 26.8966428}, "geometry": {"type": "Point", "coordinates": [80.9547544, 26.8966428]}}, {"type": "Feature", "properties": {"osm_id": "node/7018343388", "kind": "hospital", "name": "Rishi Hospital", "lon": 81.0220738, "lat": 26.8663756}, "geometry": {"type": "Point", "coordinates": [81.0220738, 26.8663756]}}, {"type": "Feature", "properties": {"osm_id": "node/7018550817", "kind": "hospital", "name": "Ranjana Nursing and Maternity Home", "lon": 80.9039091, "lat": 26.8487999}, "geometry": {"type": "Point", "coordinates": [80.9039091, 26.8487999]}}, {"type": "Feature", "properties": {"osm_id": "node/7018564216", "kind": "hospital", "name": "Dr.Shyama Prasad Mukherjee (Civil) Hospital", "lon": 80.9489809, "lat": 26.8446682}, "geometry": {"type": "Point", "coordinates": [80.9489809, 26.8446682]}}, {"type": "Feature", "properties": {"osm_id": "node/7018564257", "kind": "hospital", "name": "Nishat Hospital", "lon": 80.936254, "lat": 26.8504049}, "geometry": {"type": "Point", "coordinates": [80.936254, 26.8504049]}}, {"type": "Feature", "properties": {"osm_id": "node/7018620971", "kind": "hospital", "name": "Get-Well Hospital", "lon": 80.9547467, "lat": 26.8964072}, "geometry": {"type": "Point", "coordinates": [80.9547467, 26.8964072]}}, {"type": "Feature", "properties": {"osm_id": "node/7018689732", "kind": "hospital", "name": "Jan Kalyan Eye Hospiyal", "lon": 80.9789613, "lat": 26.8783845}, "geometry": {"type": "Point", "coordinates": [80.9789613, 26.8783845]}}, {"type": "Feature", "properties": {"osm_id": "node/7018809789", "kind": "hospital", "name": "Surya Hospital", "lon": 80.9165476, "lat": 26.7951291}, "geometry": {"type": "Point", "coordinates": [80.9165476, 26.7951291]}}, {"type": "Feature", "properties": {"osm_id": "node/7018918784", "kind": "hospital", "name": "Urmil Hospital, Lucknow", "lon": 80.9382574, "lat": 26.9024338}, "geometry": {"type": "Point", "coordinates": [80.9382574, 26.9024338]}}, {"type": "Feature", "properties": {"osm_id": "node/7018994347", "kind": "hospital", "name": "Chandra Mother And Eye Care Pvt Ltd", "lon": 81.0056037, "lat": 26.8661579}, "geometry": {"type": "Point", "coordinates": [81.0056037, 26.8661579]}}, {"type": "Feature", "properties": {"osm_id": "node/7019003468", "kind": "hospital", "name": "Saral Krishna Hospital", "lon": 80.9450716, "lat": 26.891931}, "geometry": {"type": "Point", "coordinates": [80.9450716, 26.891931]}}, {"type": "Feature", "properties": {"osm_id": "node/7019031518", "kind": "hospital", "name": "Ajanta Hospital and Ivf Centre Pvt. Limited", "lon": 80.9051429, "lat": 26.8157204}, "geometry": {"type": "Point", "coordinates": [80.9051429, 26.8157204]}}, {"type": "Feature", "properties": {"osm_id": "node/7019214847", "kind": "hospital", "name": "Dewa Hospital, Jankipuram", "lon": 80.9607169, "lat": 26.9145412}, "geometry": {"type": "Point", "coordinates": [80.9607169, 26.9145412]}}, {"type": "Feature", "properties": {"osm_id": "node/7019217134", "kind": "hospital", "name": "Biraj Maternity and Child Care", "lon": 80.8987632, "lat": 26.7813383}, "geometry": {"type": "Point", "coordinates": [80.8987632, 26.7813383]}}, {"type": "Feature", "properties": {"osm_id": "node/7019282384", "kind": "hospital", "name": "Tc Eye Care", "lon": 81.0074189, "lat": 26.8586631}, "geometry": {"type": "Point", "coordinates": [81.0074189, 26.8586631]}}, {"type": "Feature", "properties": {"osm_id": "node/7019667621", "kind": "hospital", "name": "Prabhkar Medical Centre", "lon": 80.939966, "lat": 26.9034671}, "geometry": {"type": "Point", "coordinates": [80.939966, 26.9034671]}}, {"type": "Feature", "properties": {"osm_id": "node/7020160120", "kind": "hospital", "name": "Chiranjeev Hospital and Heart Centre", "lon": 80.9943619, "lat": 26.8577682}, "geometry": {"type": "Point", "coordinates": [80.9943619, 26.8577682]}}, {"type": "Feature", "properties": {"osm_id": "node/7020390453", "kind": "hospital", "name": "Shalimar Hospital", "lon": 80.9776597, "lat": 26.8761679}, "geometry": {"type": "Point", "coordinates": [80.9776597, 26.8761679]}}, {"type": "Feature", "properties": {"osm_id": "node/7020706302", "kind": "hospital", "name": "The South City Hospital and Trauma Centre", "lon": 80.9430787, "lat": 26.7711457}, "geometry": {"type": "Point", "coordinates": [80.9430787, 26.7711457]}}, {"type": "Feature", "properties": {"osm_id": "node/7020762883", "kind": "hospital", "name": "Govind Hospital and Research Centre", "lon": 80.9303905, "lat": 26.7859225}, "geometry": {"type": "Point", "coordinates": [80.9303905, 26.7859225]}}, {"type": "Feature", "properties": {"osm_id": "node/7020925962", "kind": "hospital", "name": "Rml Mehrotra Pathology", "lon": 80.9326704, "lat": 26.8783457}, "geometry": {"type": "Point", "coordinates": [80.9326704, 26.8783457]}}, {"type": "Feature", "properties": {"osm_id": "node/7020926004", "kind": "hospital", "name": "Jeevan Hospital And Trauma Centre", "lon": 80.9368868, "lat": 26.8971164}, "geometry": {"type": "Point", "coordinates": [80.9368868, 26.8971164]}}, {"type": "Feature", "properties": {"osm_id": "node/7020926057", "kind": "hospital", "name": "Sun Eye Hospital And Laser Centre Pvt Ltd", "lon": 80.8961092, "lat": 26.8068548}, "geometry": {"type": "Point", "coordinates": [80.8961092, 26.8068548]}}, {"type": "Feature", "properties": {"osm_id": "node/7021010374", "kind": "hospital", "name": "Precision Eye Care", "lon": 80.9381582, "lat": 26.8858601}, "geometry": {"type": "Point", "coordinates": [80.9381582, 26.8858601]}}, {"type": "Feature", "properties": {"osm_id": "node/7021132740", "kind": "hospital", "name": "Surgical and Maternity Centre Ahuja Hospital", "lon": 81.0002527, "lat": 26.8540339}, "geometry": {"type": "Point", "coordinates": [81.0002527, 26.8540339]}}, {"type": "Feature", "properties": {"osm_id": "node/7021142006", "kind": "hospital", "name": "Eye-Q Super Speciality Eye Hospitals, Rajajipuram", "lon": 80.8764888, "lat": 26.8401773}, "geometry": {"type": "Point", "coordinates": [80.8764888, 26.8401773]}}, {"type": "Feature", "properties": {"osm_id": "node/7021142016", "kind": "hospital", "name": "Mayo Medical Centre Pvt.Ltd", "lon": 80.9965847, "lat": 26.8512145}, "geometry": {"type": "Point", "coordinates": [80.9965847, 26.8512145]}}, {"type": "Feature", "properties": {"osm_id": "node/7024843731", "kind": "hospital", "name": "Shiva Hospital, Lucknow", "lon": 80.9618992, "lat": 26.8993812}, "geometry": {"type": "Point", "coordinates": [80.9618992, 26.8993812]}}, {"type": "Feature", "properties": {"osm_id": "node/7025113016", "kind": "hospital", "name": "Harsha Hospital, Lucknow", "lon": 80.9337847, "lat": 26.8967834}, "geometry": {"type": "Point", "coordinates": [80.9337847, 26.8967834]}}, {"type": "Feature", "properties": {"osm_id": "node/7025114554", "kind": "hospital", "name": "Lucknow Gastroenterology and Gynaecology Centre", "lon": 80.9402738, "lat": 26.8748754}, "geometry": {"type": "Point", "coordinates": [80.9402738, 26.8748754]}}, {"type": "Feature", "properties": {"osm_id": "node/7025215055", "kind": "hospital", "name": "Raj Scanning Ltd and Lucknow Cancer Institute", "lon": 80.9612767, "lat": 26.8468326}, "geometry": {"type": "Point", "coordinates": [80.9612767, 26.8468326]}}, {"type": "Feature", "properties": {"osm_id": "node/7025223724", "kind": "hospital", "name": "Rajendra Nagar Hospital", "lon": 80.9179697, "lat": 26.8407611}, "geometry": {"type": "Point", "coordinates": [80.9179697, 26.8407611]}}, {"type": "Feature", "properties": {"osm_id": "node/7025223729", "kind": "hospital", "name": "Aliganj Orthopadic and Orthoscopy Centre", "lon": 80.9422197, "lat": 26.8943447}, "geometry": {"type": "Point", "coordinates": [80.9422197, 26.8943447]}}, {"type": "Feature", "properties": {"osm_id": "node/7025407268", "kind": "hospital", "name": "Brijraj Hospital", "lon": 80.900654, "lat": 26.871304}, "geometry": {"type": "Point", "coordinates": [80.900654, 26.871304]}}, {"type": "Feature", "properties": {"osm_id": "node/7025501312", "kind": "hospital", "name": "Kilkari Shishu and Bal Chikitsa", "lon": 80.9107393, "lat": 26.8654616}, "geometry": {"type": "Point", "coordinates": [80.9107393, 26.8654616]}}, {"type": "Feature", "properties": {"osm_id": "node/7025610761", "kind": "hospital", "name": "M V Hospital and Research Centre", "lon": 80.9069976, "lat": 26.86873}, "geometry": {"type": "Point", "coordinates": [80.9069976, 26.86873]}}, {"type": "Feature", "properties": {"osm_id": "node/7025739665", "kind": "hospital", "name": "Dr Subodh Agrawal Memorial (SAM) Eye Hospital", "lon": 80.9424175, "lat": 26.8578047}, "geometry": {"type": "Point", "coordinates": [80.9424175, 26.8578047]}}, {"type": "Feature", "properties": {"osm_id": "node/7025773808", "kind": "hospital", "name": "Sheela Health Care", "lon": 80.9085151, "lat": 26.8124032}, "geometry": {"type": "Point", "coordinates": [80.9085151, 26.8124032]}}, {"type": "Feature", "properties": {"osm_id": "node/7026121800", "kind": "hospital", "name": "Vishal Hospital and Heart Centre", "lon": 80.9518227, "lat": 26.9104561}, "geometry": {"type": "Point", "coordinates": [80.9518227, 26.9104561]}}, {"type": "Feature", "properties": {"osm_id": "node/7026285254", "kind": "hospital", "name": "Pulse Hospital and Trauma Centre", "lon": 80.9502523, "lat": 26.7604851}, "geometry": {"type": "Point", "coordinates": [80.9502523, 26.7604851]}}, {"type": "Feature", "properties": {"osm_id": "node/7026584761", "kind": "hospital", "name": "Chandra Hospital, Lucknow", "lon": 81.0361232, "lat": 26.8789677}, "geometry": {"type": "Point", "coordinates": [81.0361232, 26.8789677]}}, {"type": "Feature", "properties": {"osm_id": "node/7027336988", "kind": "hospital", "name": "Daliganj Hospital", "lon": 80.9284915, "lat": 26.8715497}, "geometry": {"type": "Point", "coordinates": [80.9284915, 26.8715497]}}, {"type": "Feature", "properties": {"osm_id": "node/7027362232", "kind": "hospital", "name": "New Metro Hospital", "lon": 80.9101506, "lat": 26.8629696}, "geometry": {"type": "Point", "coordinates": [80.9101506, 26.8629696]}}, {"type": "Feature", "properties": {"osm_id": "node/7027605946", "kind": "hospital", "name": "S. C. Trivedi Memorial Mother and Child Trust Hospital", "lon": 80.946484, "lat": 26.8915808}, "geometry": {"type": "Point", "coordinates": [80.946484, 26.8915808]}}, {"type": "Feature", "properties": {"osm_id": "node/7027632369", "kind": "hospital", "name": "Sushrut Hospital Maternity and Trauma Centre", "lon": 80.9360992, "lat": 26.8962346}, "geometry": {"type": "Point", "coordinates": [80.9360992, 26.8962346]}}, {"type": "Feature", "properties": {"osm_id": "node/7027676285", "kind": "hospital", "name": "Rukhsana Medical and Trauma Centre", "lon": 80.9033789, "lat": 26.8559474}, "geometry": {"type": "Point", "coordinates": [80.9033789, 26.8559474]}}, {"type": "Feature", "properties": {"osm_id": "node/7027726611", "kind": "hospital", "name": "Shriram Hospital", "lon": 80.9787894, "lat": 26.877733}, "geometry": {"type": "Point", "coordinates": [80.9787894, 26.877733]}}, {"type": "Feature", "properties": {"osm_id": "node/7027732235", "kind": "hospital", "name": "Javitri Hospital", "lon": 80.9422975, "lat": 26.7789033}, "geometry": {"type": "Point", "coordinates": [80.9422975, 26.7789033]}}, {"type": "Feature", "properties": {"osm_id": "node/7027743618", "kind": "hospital", "name": "Arushi Medical Center", "lon": 80.9419575, "lat": 26.8969322}, "geometry": {"type": "Point", "coordinates": [80.9419575, 26.8969322]}}, {"type": "Feature", "properties": {"osm_id": "node/7027743623", "kind": "hospital", "name": "Jwala Hospital", "lon": 80.9962669, "lat": 26.8830384}, "geometry": {"type": "Point", "coordinates": [80.9962669, 26.8830384]}}, {"type": "Feature", "properties": {"osm_id": "node/7027903606", "kind": "hospital", "name": "Neera Hospital - Lucknow", "lon": 80.9515183, "lat": 26.8851346}, "geometry": {"type": "Point", "coordinates": [80.9515183, 26.8851346]}}, {"type": "Feature", "properties": {"osm_id": "node/7027932224", "kind": "hospital", "name": "Miranda Clinic", "lon": 80.909872, "lat": 26.834993}, "geometry": {"type": "Point", "coordinates": [80.909872, 26.834993]}}, {"type": "Feature", "properties": {"osm_id": "node/7028096718", "kind": "hospital", "name": "Kamla Devi Memorial Hospital And Fertility Centre", "lon": 80.9260262, "lat": 26.8411505}, "geometry": {"type": "Point", "coordinates": [80.9260262, 26.8411505]}}, {"type": "Feature", "properties": {"osm_id": "node/7028172591", "kind": "hospital", "name": "Indira Gandhi Eye Hospital And Research Centre", "lon": 80.9325202, "lat": 26.8508471}, "geometry": {"type": "Point", "coordinates": [80.9325202, 26.8508471]}}, {"type": "Feature", "properties": {"osm_id": "node/7028569926", "kind": "hospital", "name": "Hanumant Endosurgery Center", "lon": 80.9881197, "lat": 26.8485713}, "geometry": {"type": "Point", "coordinates": [80.9881197, 26.8485713]}}, {"type": "Feature", "properties": {"osm_id": "node/7028758422", "kind": "hospital", "name": "F.I. Hosptial", "lon": 80.9369887, "lat": 26.8420895}, "geometry": {"type": "Point", "coordinates": [80.9369887, 26.8420895]}}, {"type": "Feature", "properties": {"osm_id": "node/7028836792", "kind": "hospital", "name": "Medical Care Centre and Hospital", "lon": 80.9003149, "lat": 26.8102996}, "geometry": {"type": "Point", "coordinates": [80.9003149, 26.8102996]}}, {"type": "Feature", "properties": {"osm_id": "node/7028878593", "kind": "hospital", "name": "Centre For Neurosciences and Trauma", "lon": 80.9811422, "lat": 26.885982}, "geometry": {"type": "Point", "coordinates": [80.9811422, 26.885982]}}, {"type": "Feature", "properties": {"osm_id": "node/7029017920", "kind": "hospital", "name": "B. N. K. Hospital", "lon": 80.9326687, "lat": 26.8794653}, "geometry": {"type": "Point", "coordinates": [80.9326687, 26.8794653]}}, {"type": "Feature", "properties": {"osm_id": "node/7029117900", "kind": "hospital", "name": "Suri Medical Foundation Hospital", "lon": 80.9785107, "lat": 26.8724637}, "geometry": {"type": "Point", "coordinates": [80.9785107, 26.8724637]}}, {"type": "Feature", "properties": {"osm_id": "node/7029765214", "kind": "hospital", "name": "Kilkari Child and Mother Care Centre", "lon": 80.9364402, "lat": 26.8938644}, "geometry": {"type": "Point", "coordinates": [80.9364402, 26.8938644]}}, {"type": "Feature", "properties": {"osm_id": "node/7030358678", "kind": "hospital", "name": "Gayatri Hospital, Lucknow", "lon": 80.9782691, "lat": 26.8697132}, "geometry": {"type": "Point", "coordinates": [80.9782691, 26.8697132]}}, {"type": "Feature", "properties": {"osm_id": "node/7030517275", "kind": "hospital", "name": "Globe Medicare", "lon": 80.9415139, "lat": 26.8747475}, "geometry": {"type": "Point", "coordinates": [80.9415139, 26.8747475]}}, {"type": "Feature", "properties": {"osm_id": "node/7030815934", "kind": "hospital", "name": "Zainiss Hospital", "lon": 80.9968033, "lat": 26.858501}, "geometry": {"type": "Point", "coordinates": [80.9968033, 26.858501]}}, {"type": "Feature", "properties": {"osm_id": "node/7030901228", "kind": "hospital", "name": "Susanjeevani Hospital Maternity and Eye Care Centre", "lon": 80.9477935, "lat": 26.8807738}, "geometry": {"type": "Point", "coordinates": [80.9477935, 26.8807738]}}, {"type": "Feature", "properties": {"osm_id": "node/7030903305", "kind": "hospital", "name": "Gupta Hospital - Lucknow", "lon": 80.8899697, "lat": 26.7922704}, "geometry": {"type": "Point", "coordinates": [80.8899697, 26.7922704]}}, {"type": "Feature", "properties": {"osm_id": "node/7030903315", "kind": "hospital", "name": "Green Cross Medical center", "lon": 80.9316971, "lat": 26.8796945}, "geometry": {"type": "Point", "coordinates": [80.9316971, 26.8796945]}}, {"type": "Feature", "properties": {"osm_id": "node/7030935024", "kind": "hospital", "name": "Udyaan Healthcare", "lon": 80.9268576, "lat": 26.7908918}, "geometry": {"type": "Point", "coordinates": [80.9268576, 26.7908918]}}, {"type": "Feature", "properties": {"osm_id": "node/7031157737", "kind": "hospital", "name": "Krishna Life Line Hospital", "lon": 80.9421828, "lat": 26.7821153}, "geometry": {"type": "Point", "coordinates": [80.9421828, 26.7821153]}}, {"type": "Feature", "properties": {"osm_id": "node/7031207670", "kind": "hospital", "name": "Handa Hospital, Lucknow", "lon": 80.9426891, "lat": 26.8398841}, "geometry": {"type": "Point", "coordinates": [80.9426891, 26.8398841]}}, {"type": "Feature", "properties": {"osm_id": "node/7031558328", "kind": "hospital", "name": "Kamakhaya Hospital", "lon": 80.9033039, "lat": 26.8704348}, "geometry": {"type": "Point", "coordinates": [80.9033039, 26.8704348]}}, {"type": "Feature", "properties": {"osm_id": "node/7031558915", "kind": "hospital", "name": "Divya Deep Maternity and Heart Centre", "lon": 80.9962414, "lat": 26.8819032}, "geometry": {"type": "Point", "coordinates": [80.9962414, 26.8819032]}}, {"type": "Feature", "properties": {"osm_id": "node/7031572221", "kind": "hospital", "name": "Manjula Hospital And Trauma Centre", "lon": 80.9760343, "lat": 26.8713828}, "geometry": {"type": "Point", "coordinates": [80.9760343, 26.8713828]}}, {"type": "Feature", "properties": {"osm_id": "node/7031578200", "kind": "hospital", "name": "Mother And Child Care Centre, Lucknow", "lon": 80.8894768, "lat": 26.873197}, "geometry": {"type": "Point", "coordinates": [80.8894768, 26.873197]}}, {"type": "Feature", "properties": {"osm_id": "node/7031720589", "kind": "hospital", "name": "K.K Hospital", "lon": 80.9233041, "lat": 26.8644818}, "geometry": {"type": "Point", "coordinates": [80.9233041, 26.8644818]}}, {"type": "Feature", "properties": {"osm_id": "node/7031760176", "kind": "hospital", "name": "Lucknow Hospital", "lon": 80.8906576, "lat": 26.7954518}, "geometry": {"type": "Point", "coordinates": [80.8906576, 26.7954518]}}, {"type": "Feature", "properties": {"osm_id": "node/7031819435", "kind": "hospital", "name": "Rajdhani Hospital, Lucknow", "lon": 80.9431384, "lat": 26.7736708}, "geometry": {"type": "Point", "coordinates": [80.9431384, 26.7736708]}}, {"type": "Feature", "properties": {"osm_id": "node/7032045252", "kind": "hospital", "name": "O P Chaudhary Hospital and Research Centre", "lon": 80.9472428, "lat": 26.7647348}, "geometry": {"type": "Point", "coordinates": [80.9472428, 26.7647348]}}, {"type": "Feature", "properties": {"osm_id": "node/7034722300", "kind": "hospital", "name": "Rajdhani Hospital and Maternity Centre", "lon": 80.9169191, "lat": 26.874404}, "geometry": {"type": "Point", "coordinates": [80.9169191, 26.874404]}}, {"type": "Feature", "properties": {"osm_id": "node/7034986685", "kind": "hospital", "name": "Lal Hospital and Research Centre", "lon": 80.8925807, "lat": 26.7965639}, "geometry": {"type": "Point", "coordinates": [80.8925807, 26.7965639]}}, {"type": "Feature", "properties": {"osm_id": "node/7035159291", "kind": "hospital", "name": "Deepak Life Sciences Hospital and Trauma Center", "lon": 80.9360325, "lat": 26.9247615}, "geometry": {"type": "Point", "coordinates": [80.9360325, 26.9247615]}}, {"type": "Feature", "properties": {"osm_id": "node/7035159322", "kind": "hospital", "name": "National Hospital, Lucknow", "lon": 80.8864076, "lat": 26.8499426}, "geometry": {"type": "Point", "coordinates": [80.8864076, 26.8499426]}}, {"type": "Feature", "properties": {"osm_id": "node/7035254921", "kind": "hospital", "name": "Sanjivini Lung Centre", "lon": 81.0253572, "lat": 26.8674679}, "geometry": {"type": "Point", "coordinates": [81.0253572, 26.8674679]}}, {"type": "Feature", "properties": {"osm_id": "node/7035534786", "kind": "hospital", "name": "Autar Hospital", "lon": 80.8945911, "lat": 26.842774}, "geometry": {"type": "Point", "coordinates": [80.8945911, 26.842774]}}, {"type": "Feature", "properties": {"osm_id": "node/7035803370", "kind": "hospital", "name": "Lucknow Eye Hospital", "lon": 80.9277794, "lat": 26.8379372}, "geometry": {"type": "Point", "coordinates": [80.9277794, 26.8379372]}}, {"type": "Feature", "properties": {"osm_id": "node/7035846137", "kind": "hospital", "name": "Sunflower Medical and Gynae Centre", "lon": 80.9422727, "lat": 26.8794264}, "geometry": {"type": "Point", "coordinates": [80.9422727, 26.8794264]}}, {"type": "Feature", "properties": {"osm_id": "node/7037430414", "kind": "hospital", "name": "Forrd Hospital / Nova Hospital Ltd.", "lon": 80.9980117, "lat": 26.853093}, "geometry": {"type": "Point", "coordinates": [80.9980117, 26.853093]}}, {"type": "Feature", "properties": {"osm_id": "node/7037707473", "kind": "hospital", "name": "Aparajita Hospital", "lon": 80.9504414, "lat": 26.9113901}, "geometry": {"type": "Point", "coordinates": [80.9504414, 26.9113901]}}, {"type": "Feature", "properties": {"osm_id": "node/7037707484", "kind": "hospital", "name": "Savitri Devi Hospital", "lon": 81.0562009, "lat": 26.8890167}, "geometry": {"type": "Point", "coordinates": [81.0562009, 26.8890167]}}, {"type": "Feature", "properties": {"osm_id": "node/7037734272", "kind": "hospital", "name": "Sahar Hospital", "lon": 80.9214449, "lat": 26.861037}, "geometry": {"type": "Point", "coordinates": [80.9214449, 26.861037]}}, {"type": "Feature", "properties": {"osm_id": "node/7037813506", "kind": "hospital", "name": "Eras Lucknow Medical College And Hospital - Lucknow", "lon": 80.8726466, "lat": 26.8784473}, "geometry": {"type": "Point", "coordinates": [80.8726466, 26.8784473]}}, {"type": "Feature", "properties": {"osm_id": "node/7038688780", "kind": "hospital", "name": "Asha Hospital", "lon": 80.9444185, "lat": 26.767523}, "geometry": {"type": "Point", "coordinates": [80.9444185, 26.767523]}}, {"type": "Feature", "properties": {"osm_id": "node/7038745686", "kind": "hospital", "name": "Balaji Hospital, Namakkal", "lon": 80.9871507, "lat": 26.8458773}, "geometry": {"type": "Point", "coordinates": [80.9871507, 26.8458773]}}, {"type": "Feature", "properties": {"osm_id": "node/7038760203", "kind": "hospital", "name": "Goel Hospital, Lucknow", "lon": 80.9723262, "lat": 26.8697774}, "geometry": {"type": "Point", "coordinates": [80.9723262, 26.8697774]}}, {"type": "Feature", "properties": {"osm_id": "node/7167157778", "kind": "hospital", "name": "T.B. HOSPITAL THAKURGANJ", "lon": 80.8963694, "lat": 26.8710305}, "geometry": {"type": "Point", "coordinates": [80.8963694, 26.8710305]}}, {"type": "Feature", "properties": {"osm_id": "node/7172783852", "kind": "hospital", "name": "Goverment Hospital", "lon": 80.9036596, "lat": 26.813663}, "geometry": {"type": "Point", "coordinates": [80.9036596, 26.813663]}}, {"type": "Feature", "properties": {"osm_id": "node/7177530143", "kind": "hospital", "name": "Lokbandhu Sri Rajnarain Combined Hospital", "lon": 80.9011249, "lat": 26.7934993}, "geometry": {"type": "Point", "coordinates": [80.9011249, 26.7934993]}}, {"type": "Feature", "properties": {"osm_id": "node/7181171105", "kind": "hospital", "name": "RANI LAXMI BAI COMBINED HOSPITAL", "lon": 80.8917412, "lat": 26.8313411}, "geometry": {"type": "Point", "coordinates": [80.8917412, 26.8313411]}}, {"type": "Feature", "properties": {"osm_id": "node/7182068661", "kind": "hospital", "name": "Bhau Rao Devras Hospital", "lon": 80.9536104, "lat": 26.8753323}, "geometry": {"type": "Point", "coordinates": [80.9536104, 26.8753323]}}, {"type": "Feature", "properties": {"osm_id": "node/7205453350", "kind": "hospital", "name": "JHALKARI BAI MAHILA HOSPITALS", "lon": 80.9452862, "lat": 26.8460131}, "geometry": {"type": "Point", "coordinates": [80.9452862, 26.8460131]}}, {"type": "Feature", "properties": {"osm_id": "node/7279192861", "kind": "hospital", "name": "32INTACT", "lon": 80.9449159, "lat": 26.9106712}, "geometry": {"type": "Point", "coordinates": [80.9449159, 26.9106712]}}, {"type": "Feature", "properties": {"osm_id": "node/7510640707", "kind": "hospital", "name": "Base Hospital, Lucknow", "lon": 80.9364982, "lat": 26.8084243}, "geometry": {"type": "Point", "coordinates": [80.9364982, 26.8084243]}}, {"type": "Feature", "properties": {"osm_id": "node/7510640708", "kind": "hospital", "name": "Om Hospital", "lon": 80.8588224, "lat": 26.7411604}, "geometry": {"type": "Point", "coordinates": [80.8588224, 26.7411604]}}, {"type": "Feature", "properties": {"osm_id": "node/7510640709", "kind": "hospital", "name": "Janki Eye Hospital", "lon": 80.9322093, "lat": 26.7811435}, "geometry": {"type": "Point", "coordinates": [80.9322093, 26.7811435]}}, {"type": "Feature", "properties": {"osm_id": "node/7510640710", "kind": "hospital", "name": "Mehdi Hospital", "lon": 80.8905099, "lat": 26.854626}, "geometry": {"type": "Point", "coordinates": [80.8905099, 26.854626]}}, {"type": "Feature", "properties": {"osm_id": "node/7510640711", "kind": "hospital", "name": "Nadsi Hospital", "lon": 80.8996572, "lat": 26.8163759}, "geometry": {"type": "Point", "coordinates": [80.8996572, 26.8163759]}}, {"type": "Feature", "properties": {"osm_id": "node/7510640712", "kind": "hospital", "name": "Kiran Hospital and Maternity Home", "lon": 80.9100492, "lat": 26.7903108}, "geometry": {"type": "Point", "coordinates": [80.9100492, 26.7903108]}}, {"type": "Feature", "properties": {"osm_id": "node/7510640713", "kind": "hospital", "name": "B Hope Hospital", "lon": 80.8888975, "lat": 26.8532026}, "geometry": {"type": "Point", "coordinates": [80.8888975, 26.8532026]}}, {"type": "Feature", "properties": {"osm_id": "node/7510640714", "kind": "hospital", "name": "Shirdi Hospital", "lon": 80.9588485, "lat": 26.9140807}, "geometry": {"type": "Point", "coordinates": [80.9588485, 26.9140807]}}, {"type": "Feature", "properties": {"osm_id": "node/7510640716", "kind": "hospital", "name": "Oxford Hospital", "lon": 80.9503758, "lat": 26.7507776}, "geometry": {"type": "Point", "coordinates": [80.9503758, 26.7507776]}}, {"type": "Feature", "properties": {"osm_id": "node/7510640717", "kind": "hospital", "name": "Saha Hospital", "lon": 80.9001343, "lat": 26.7906841}, "geometry": {"type": "Point", "coordinates": [80.9001343, 26.7906841]}}, {"type": "Feature", "properties": {"osm_id": "node/7510640718", "kind": "hospital", "name": "Autar Hospital", "lon": 80.897317, "lat": 26.8455789}, "geometry": {"type": "Point", "coordinates": [80.897317, 26.8455789]}}, {"type": "Feature", "properties": {"osm_id": "node/7510640719", "kind": "hospital", "name": "Globe City Hospital", "lon": 80.8900013, "lat": 26.848008}, "geometry": {"type": "Point", "coordinates": [80.8900013, 26.848008]}}, {"type": "Feature", "properties": {"osm_id": "node/7510640720", "kind": "hospital", "name": "Nayab Hospital", "lon": 80.9285055, "lat": 26.8401445}, "geometry": {"type": "Point", "coordinates": [80.9285055, 26.8401445]}}, {"type": "Feature", "properties": {"osm_id": "node/7510640721", "kind": "hospital", "name": "Eye Hospital", "lon": 80.8885437, "lat": 26.8398712}, "geometry": {"type": "Point", "coordinates": [80.8885437, 26.8398712]}}, {"type": "Feature", "properties": {"osm_id": "node/7510640722", "kind": "hospital", "name": "Sethi Hospital", "lon": 80.8852291, "lat": 26.8466405}, "geometry": {"type": "Point", "coordinates": [80.8852291, 26.8466405]}}, {"type": "Feature", "properties": {"osm_id": "node/7510640723", "kind": "hospital", "name": "Brhmashree Eye Hospital", "lon": 80.902821, "lat": 26.780847}, "geometry": {"type": "Point", "coordinates": [80.902821, 26.780847]}}, {"type": "Feature", "properties": {"osm_id": "node/7510640724", "kind": "hospital", "name": "Tulip Eye Hospital", "lon": 80.8989469, "lat": 26.7980082}, "geometry": {"type": "Point", "coordinates": [80.8989469, 26.7980082]}}, {"type": "Feature", "properties": {"osm_id": "node/7510640725", "kind": "hospital", "name": "Greens Medical Centre", "lon": 80.8976756, "lat": 26.796716}, "geometry": {"type": "Point", "coordinates": [80.8976756, 26.796716]}}, {"type": "Feature", "properties": {"osm_id": "node/7510640726", "kind": "hospital", "name": "Northern Railway Divisional Hospital, Lucknow", "lon": 80.9241858, "lat": 26.821399}, "geometry": {"type": "Point", "coordinates": [80.9241858, 26.821399]}}, {"type": "Feature", "properties": {"osm_id": "node/7510640727", "kind": "hospital", "name": "Mother Care Children Hospital", "lon": 80.9494975, "lat": 26.7489984}, "geometry": {"type": "Point", "coordinates": [80.9494975, 26.7489984]}}, {"type": "Feature", "properties": {"osm_id": "node/7510640728", "kind": "hospital", "name": "Brahmashree Netra Chikitsalaya", "lon": 80.9046607, "lat": 26.7793175}, "geometry": {"type": "Point", "coordinates": [80.9046607, 26.7793175]}}, {"type": "Feature", "properties": {"osm_id": "node/7510640729", "kind": "hospital", "name": "Singh Hospital", "lon": 80.9712574, "lat": 26.7659805}, "geometry": {"type": "Point", "coordinates": [80.9712574, 26.7659805]}}, {"type": "Feature", "properties": {"osm_id": "node/7510640732", "kind": "hospital", "name": "Cantonment Board Hospital", "lon": 80.9444723, "lat": 26.8257088}, "geometry": {"type": "Point", "coordinates": [80.9444723, 26.8257088]}}, {"type": "Feature", "properties": {"osm_id": "node/7510640733", "kind": "hospital", "name": "Holy Family Hospital", "lon": 80.9011295, "lat": 26.8565387}, "geometry": {"type": "Point", "coordinates": [80.9011295, 26.8565387]}}, {"type": "Feature", "properties": {"osm_id": "node/7510640734", "kind": "hospital", "name": "Medwell Hospital", "lon": 80.9369666, "lat": 26.84184}, "geometry": {"type": "Point", "coordinates": [80.9369666, 26.84184]}}, {"type": "Feature", "properties": {"osm_id": "node/7510640735", "kind": "hospital", "name": "St. Mary's Hospital", "lon": 80.8981588, "lat": 26.8473332}, "geometry": {"type": "Point", "coordinates": [80.8981588, 26.8473332]}}, {"type": "Feature", "properties": {"osm_id": "node/7510640736", "kind": "hospital", "name": "Ram Prakash Gupta Mother And Child State Referral Hospital", "lon": 81.0088859, "lat": 26.8083739}, "geometry": {"type": "Point", "coordinates": [81.0088859, 26.8083739]}}, {"type": "Feature", "properties": {"osm_id": "node/7510640737", "kind": "hospital", "name": "Ram Swaroop Hospital", "lon": 80.9185079, "lat": 26.8444993}, "geometry": {"type": "Point", "coordinates": [80.9185079, 26.8444993]}}, {"type": "Feature", "properties": {"osm_id": "node/7510640738", "kind": "hospital", "name": "Welcome Hospital & Trauma Centre", "lon": 80.9308593, "lat": 26.8845556}, "geometry": {"type": "Point", "coordinates": [80.9308593, 26.8845556]}}, {"type": "Feature", "properties": {"osm_id": "node/7510640739", "kind": "hospital", "name": "Career Institute Of Medical Sciences and Hospital", "lon": 80.885981, "lat": 26.918186}, "geometry": {"type": "Point", "coordinates": [80.885981, 26.918186]}}, {"type": "Feature", "properties": {"osm_id": "node/7510640740", "kind": "hospital", "name": "Ali Hospital", "lon": 80.9061501, "lat": 26.8166802}, "geometry": {"type": "Point", "coordinates": [80.9061501, 26.8166802]}}, {"type": "Feature", "properties": {"osm_id": "node/7510640742", "kind": "hospital", "name": "Dr. Sahani Hospital", "lon": 80.9120612, "lat": 26.8217475}, "geometry": {"type": "Point", "coordinates": [80.9120612, 26.8217475]}}, {"type": "Feature", "properties": {"osm_id": "node/7510640743", "kind": "hospital", "name": "Zenith Hospital", "lon": 80.9288802, "lat": 26.8668996}, "geometry": {"type": "Point", "coordinates": [80.9288802, 26.8668996]}}, {"type": "Feature", "properties": {"osm_id": "node/7510640744", "kind": "hospital", "name": "ESIC Hospital", "lon": 80.8855539, "lat": 26.7858387}, "geometry": {"type": "Point", "coordinates": [80.8855539, 26.7858387]}}, {"type": "Feature", "properties": {"osm_id": "node/7510640745", "kind": "hospital", "name": "Rajpoot Hospital", "lon": 80.9128033, "lat": 26.8030319}, "geometry": {"type": "Point", "coordinates": [80.9128033, 26.8030319]}}, {"type": "Feature", "properties": {"osm_id": "node/7510640746", "kind": "hospital", "name": "CGHS Wellness Centre-3", "lon": 80.9044492, "lat": 26.7907714}, "geometry": {"type": "Point", "coordinates": [80.9044492, 26.7907714]}}, {"type": "Feature", "properties": {"osm_id": "node/7510640747", "kind": "hospital", "name": "Fehmina Hospital and Blood Bank", "lon": 80.9047437, "lat": 26.8548711}, "geometry": {"type": "Point", "coordinates": [80.9047437, 26.8548711]}}, {"type": "Feature", "properties": {"osm_id": "node/7510640748", "kind": "hospital", "name": "Moon Hospital", "lon": 80.866146, "lat": 26.847925}, "geometry": {"type": "Point", "coordinates": [80.866146, 26.847925]}}, {"type": "Feature", "properties": {"osm_id": "node/7510640749", "kind": "hospital", "name": "Silverline Hospital", "lon": 80.8869151, "lat": 26.7977709}, "geometry": {"type": "Point", "coordinates": [80.8869151, 26.7977709]}}, {"type": "Feature", "properties": {"osm_id": "node/7510640750", "kind": "hospital", "name": "Sai Hospital", "lon": 80.8746359, "lat": 26.8454545}, "geometry": {"type": "Point", "coordinates": [80.8746359, 26.8454545]}}, {"type": "Feature", "properties": {"osm_id": "node/7510640751", "kind": "hospital", "name": "Shatabdi Hospital", "lon": 80.9180576, "lat": 26.8667223}, "geometry": {"type": "Point", "coordinates": [80.9180576, 26.8667223]}}, {"type": "Feature", "properties": {"osm_id": "node/7510640752", "kind": "hospital", "name": "Chandra Hospital", "lon": 80.8993645, "lat": 26.809509}, "geometry": {"type": "Point", "coordinates": [80.8993645, 26.809509]}}, {"type": "Feature", "properties": {"osm_id": "node/7510640753", "kind": "hospital", "name": "Noor Hospital", "lon": 80.9214015, "lat": 26.8557166}, "geometry": {"type": "Point", "coordinates": [80.9214015, 26.8557166]}}, {"type": "Feature", "properties": {"osm_id": "node/7510640754", "kind": "hospital", "name": "Health City", "lon": 80.9934592, "lat": 26.8566599}, "geometry": {"type": "Point", "coordinates": [80.9934592, 26.8566599]}}, {"type": "Feature", "properties": {"osm_id": "node/7510640756", "kind": "hospital", "name": "A M S Hospital, Lucknow", "lon": 80.9097648, "lat": 26.8623674}, "geometry": {"type": "Point", "coordinates": [80.9097648, 26.8623674]}}, {"type": "Feature", "properties": {"osm_id": "node/7510640757", "kind": "hospital", "name": "Buddheshwar Hospital", "lon": 80.8500146, "lat": 26.8398049}, "geometry": {"type": "Point", "coordinates": [80.8500146, 26.8398049]}}, {"type": "Feature", "properties": {"osm_id": "node/7510640758", "kind": "hospital", "name": "Field Hospital", "lon": 80.9439518, "lat": 26.8019891}, "geometry": {"type": "Point", "coordinates": [80.9439518, 26.8019891]}}, {"type": "Feature", "properties": {"osm_id": "node/7510640759", "kind": "hospital", "name": "Suraj Multispeciality Hospital", "lon": 80.9478626, "lat": 26.8183398}, "geometry": {"type": "Point", "coordinates": [80.9478626, 26.8183398]}}, {"type": "Feature", "properties": {"osm_id": "node/7510640760", "kind": "hospital", "name": "Charak Hospital", "lon": 80.871309, "lat": 26.872571}, "geometry": {"type": "Point", "coordinates": [80.871309, 26.872571]}}, {"type": "Feature", "properties": {"osm_id": "node/7510640761", "kind": "hospital", "name": "Hitech Hospital & Trauma Centre", "lon": 80.8580979, "lat": 26.8524846}, "geometry": {"type": "Point", "coordinates": [80.8580979, 26.8524846]}}, {"type": "Feature", "properties": {"osm_id": "node/7510640762", "kind": "hospital", "name": "New Govind Hospital & Trauma Centre", "lon": 80.9306196, "lat": 26.7780283}, "geometry": {"type": "Point", "coordinates": [80.9306196, 26.7780283]}}, {"type": "Feature", "properties": {"osm_id": "node/7510640763", "kind": "hospital", "name": "Medanta Lucknow Hospital", "lon": 80.9856814, "lat": 26.7776953}, "geometry": {"type": "Point", "coordinates": [80.9856814, 26.7776953]}}, {"type": "Feature", "properties": {"osm_id": "node/7510640764", "kind": "hospital", "name": "Unique Hospital and Trauma Centre", "lon": 80.881432, "lat": 26.8714561}, "geometry": {"type": "Point", "coordinates": [80.881432, 26.8714561]}}, {"type": "Feature", "properties": {"osm_id": "node/7510640765", "kind": "hospital", "name": "Saina Charitable Hospital", "lon": 80.8897137, "lat": 26.7913344}, "geometry": {"type": "Point", "coordinates": [80.8897137, 26.7913344]}}, {"type": "Feature", "properties": {"osm_id": "node/7510640766", "kind": "hospital", "name": "Eye Q Super Speciality Eye Hospital", "lon": 80.888399, "lat": 26.7935391}, "geometry": {"type": "Point", "coordinates": [80.888399, 26.7935391]}}, {"type": "Feature", "properties": {"osm_id": "node/7510640767", "kind": "hospital", "name": "U.P. Hospital", "lon": 80.8733019, "lat": 26.872799}, "geometry": {"type": "Point", "coordinates": [80.8733019, 26.872799]}}, {"type": "Feature", "properties": {"osm_id": "node/7510640770", "kind": "hospital", "name": "City Hospital", "lon": 80.9049302, "lat": 26.8167521}, "geometry": {"type": "Point", "coordinates": [80.9049302, 26.8167521]}}, {"type": "Feature", "properties": {"osm_id": "node/7510640771", "kind": "hospital", "name": "Kalyan Sewa Hospital Eye Centre", "lon": 80.8731967, "lat": 26.8222844}, "geometry": {"type": "Point", "coordinates": [80.8731967, 26.8222844]}}, {"type": "Feature", "properties": {"osm_id": "node/7510640772", "kind": "hospital", "name": "Radha Hospital", "lon": 80.8820987, "lat": 26.8376948}, "geometry": {"type": "Point", "coordinates": [80.8820987, 26.8376948]}}, {"type": "Feature", "properties": {"osm_id": "node/7510640773", "kind": "hospital", "name": "Scope Hospital", "lon": 80.9638961, "lat": 26.76562}, "geometry": {"type": "Point", "coordinates": [80.9638961, 26.76562]}}, {"type": "Feature", "properties": {"osm_id": "node/7510640774", "kind": "hospital", "name": "Plus Hospital", "lon": 80.9073273, "lat": 26.8619784}, "geometry": {"type": "Point", "coordinates": [80.9073273, 26.8619784]}}, {"type": "Feature", "properties": {"osm_id": "node/7510640775", "kind": "hospital", "name": "Mariyam Hospital", "lon": 80.9460149, "lat": 26.8472761}, "geometry": {"type": "Point", "coordinates": [80.9460149, 26.8472761]}}, {"type": "Feature", "properties": {"osm_id": "node/7510640776", "kind": "hospital", "name": "Crop Hospital", "lon": 80.8932889, "lat": 26.7834712}, "geometry": {"type": "Point", "coordinates": [80.8932889, 26.7834712]}}, {"type": "Feature", "properties": {"osm_id": "node/7510640777", "kind": "hospital", "name": "Motherhood Hospital", "lon": 80.9544692, "lat": 26.7904878}, "geometry": {"type": "Point", "coordinates": [80.9544692, 26.7904878]}}, {"type": "Feature", "properties": {"osm_id": "node/7510640778", "kind": "hospital", "name": "India Hospital", "lon": 80.8600929, "lat": 26.8434488}, "geometry": {"type": "Point", "coordinates": [80.8600929, 26.8434488]}}, {"type": "Feature", "properties": {"osm_id": "node/7510640779", "kind": "hospital", "name": "Balaji Hospital & Eye Centre", "lon": 80.8933345, "lat": 26.7954249}, "geometry": {"type": "Point", "coordinates": [80.8933345, 26.7954249]}}, {"type": "Feature", "properties": {"osm_id": "node/7510640780", "kind": "hospital", "name": "Rahat Hospital & Trauma Care", "lon": 80.9114721, "lat": 26.8641485}, "geometry": {"type": "Point", "coordinates": [80.9114721, 26.8641485]}}, {"type": "Feature", "properties": {"osm_id": "node/7510640781", "kind": "hospital", "name": "Anand Hospital", "lon": 80.9365687, "lat": 26.910629}, "geometry": {"type": "Point", "coordinates": [80.9365687, 26.910629]}}, {"type": "Feature", "properties": {"osm_id": "node/7510640782", "kind": "hospital", "name": "General Hospital", "lon": 80.9430851, "lat": 26.7448114}, "geometry": {"type": "Point", "coordinates": [80.9430851, 26.7448114]}}, {"type": "Feature", "properties": {"osm_id": "node/7510640783", "kind": "hospital", "name": "Neelkanth Hospital", "lon": 80.8902143, "lat": 26.7853909}, "geometry": {"type": "Point", "coordinates": [80.8902143, 26.7853909]}}, {"type": "Feature", "properties": {"osm_id": "node/7510640785", "kind": "hospital", "name": "CMC Medical Centre", "lon": 80.8891023, "lat": 26.7928072}, "geometry": {"type": "Point", "coordinates": [80.8891023, 26.7928072]}}, {"type": "Feature", "properties": {"osm_id": "node/7510640786", "kind": "hospital", "name": "Rajaram Hospital", "lon": 80.8972183, "lat": 26.8003634}, "geometry": {"type": "Point", "coordinates": [80.8972183, 26.8003634]}}, {"type": "Feature", "properties": {"osm_id": "node/7510640787", "kind": "hospital", "name": "Balaganj Hospital & Maternity Centre", "lon": 80.8802997, "lat": 26.8692909}, "geometry": {"type": "Point", "coordinates": [80.8802997, 26.8692909]}}, {"type": "Feature", "properties": {"osm_id": "node/7510640788", "kind": "hospital", "name": "Hope Hospital", "lon": 80.9296976, "lat": 26.8340056}, "geometry": {"type": "Point", "coordinates": [80.9296976, 26.8340056]}}, {"type": "Feature", "properties": {"osm_id": "node/7510640789", "kind": "hospital", "name": "Indira Gandhi Hospital & Research Centre", "lon": 80.9056147, "lat": 26.745413}, "geometry": {"type": "Point", "coordinates": [80.9056147, 26.745413]}}, {"type": "Feature", "properties": {"osm_id": "node/7510640790", "kind": "hospital", "name": "Galaxy Hospital", "lon": 81.0109215, "lat": 26.7979537}, "geometry": {"type": "Point", "coordinates": [81.0109215, 26.7979537]}}, {"type": "Feature", "properties": {"osm_id": "node/7510640791", "kind": "hospital", "name": "Vardaan Children Hospital", "lon": 80.8994006, "lat": 26.8095842}, "geometry": {"type": "Point", "coordinates": [80.8994006, 26.8095842]}}, {"type": "Feature", "properties": {"osm_id": "node/7510640792", "kind": "hospital", "name": "Indus Hospital & Trauma Centre", "lon": 80.8521757, "lat": 26.8448193}, "geometry": {"type": "Point", "coordinates": [80.8521757, 26.8448193]}}, {"type": "Feature", "properties": {"osm_id": "node/7510640793", "kind": "hospital", "name": "Janki Hospital", "lon": 80.891097, "lat": 26.774066}, "geometry": {"type": "Point", "coordinates": [80.891097, 26.774066]}}, {"type": "Feature", "properties": {"osm_id": "node/7510640794", "kind": "hospital", "name": "Jaccha Baccha Hospital", "lon": 80.9046463, "lat": 26.8469313}, "geometry": {"type": "Point", "coordinates": [80.9046463, 26.8469313]}}, {"type": "Feature", "properties": {"osm_id": "node/7510640795", "kind": "hospital", "name": "Chandra Hospital, Rajajipuram", "lon": 80.8782306, "lat": 26.8323498}, "geometry": {"type": "Point", "coordinates": [80.8782306, 26.8323498]}}, {"type": "Feature", "properties": {"osm_id": "node/7510640796", "kind": "hospital", "name": "Shine Hospital", "lon": 80.897102, "lat": 26.8451846}, "geometry": {"type": "Point", "coordinates": [80.897102, 26.8451846]}}, {"type": "Feature", "properties": {"osm_id": "node/7510640797", "kind": "hospital", "name": "Singh Hospital, Lucknow", "lon": 80.9238088, "lat": 26.794491}, "geometry": {"type": "Point", "coordinates": [80.9238088, 26.794491]}}, {"type": "Feature", "properties": {"osm_id": "node/7510640798", "kind": "hospital", "name": "Asra Hospital", "lon": 80.9587444, "lat": 26.908268}, "geometry": {"type": "Point", "coordinates": [80.9587444, 26.908268]}}, {"type": "Feature", "properties": {"osm_id": "node/7510640799", "kind": "hospital", "name": "Dr.Manju Pankaj Tripathi Diagnostics and Multi Speciality Hospital", "lon": 80.8858923, "lat": 26.7980243}, "geometry": {"type": "Point", "coordinates": [80.8858923, 26.7980243]}}, {"type": "Feature", "properties": {"osm_id": "node/7510640800", "kind": "hospital", "name": "Rajaji Puram Hospital and Maternity Research Centre", "lon": 80.876143, "lat": 26.8382781}, "geometry": {"type": "Point", "coordinates": [80.876143, 26.8382781]}}, {"type": "Feature", "properties": {"osm_id": "node/7510640801", "kind": "hospital", "name": "Shaurya Hospital", "lon": 80.9100076, "lat": 26.7891714}, "geometry": {"type": "Point", "coordinates": [80.9100076, 26.7891714]}}, {"type": "Feature", "properties": {"osm_id": "node/7510640802", "kind": "hospital", "name": "Medshine Hospital", "lon": 80.9108482, "lat": 26.8053968}, "geometry": {"type": "Point", "coordinates": [80.9108482, 26.8053968]}}, {"type": "Feature", "properties": {"osm_id": "node/7510640803", "kind": "hospital", "name": "Arogya Hospital", "lon": 80.9098691, "lat": 26.7769975}, "geometry": {"type": "Point", "coordinates": [80.9098691, 26.7769975]}}, {"type": "Feature", "properties": {"osm_id": "node/7510640804", "kind": "hospital", "name": "Deo's Medical and Surgical", "lon": 80.8923008, "lat": 26.8041859}, "geometry": {"type": "Point", "coordinates": [80.8923008, 26.8041859]}}, {"type": "Feature", "properties": {"osm_id": "node/7510640805", "kind": "hospital", "name": "Relief Hospital", "lon": 80.9339719, "lat": 26.8890258}, "geometry": {"type": "Point", "coordinates": [80.9339719, 26.8890258]}}, {"type": "Feature", "properties": {"osm_id": "node/7510640806", "kind": "hospital", "name": "Roy's Hospital Centre", "lon": 80.9013158, "lat": 26.7889169}, "geometry": {"type": "Point", "coordinates": [80.9013158, 26.7889169]}}, {"type": "Feature", "properties": {"osm_id": "node/7510640807", "kind": "hospital", "name": "Avadh Hospital, Alambagh", "lon": 80.8970151, "lat": 26.8090329}, "geometry": {"type": "Point", "coordinates": [80.8970151, 26.8090329]}}, {"type": "Feature", "properties": {"osm_id": "node/7510640808", "kind": "hospital", "name": "SKD Hospital", "lon": 80.9000673, "lat": 26.797846}, "geometry": {"type": "Point", "coordinates": [80.9000673, 26.797846]}}, {"type": "Feature", "properties": {"osm_id": "node/7510640809", "kind": "hospital", "name": "United Hospital", "lon": 80.8992596, "lat": 26.8745265}, "geometry": {"type": "Point", "coordinates": [80.8992596, 26.8745265]}}, {"type": "Feature", "properties": {"osm_id": "node/7510640810", "kind": "hospital", "name": "Khan Hospital", "lon": 80.8798797, "lat": 26.8504658}, "geometry": {"type": "Point", "coordinates": [80.8798797, 26.8504658]}}, {"type": "Feature", "properties": {"osm_id": "node/7510640811", "kind": "hospital", "name": "Sana Hospital & Research Centre", "lon": 80.8861973, "lat": 26.8498931}, "geometry": {"type": "Point", "coordinates": [80.8861973, 26.8498931]}}, {"type": "Feature", "properties": {"osm_id": "node/7510640813", "kind": "hospital", "name": "SGPGI, Lucknow", "lon": 80.9360624, "lat": 26.7464155}, "geometry": {"type": "Point", "coordinates": [80.9360624, 26.7464155]}}, {"type": "Feature", "properties": {"osm_id": "node/7510640814", "kind": "hospital", "name": "Vatsala Hospital", "lon": 80.9025334, "lat": 26.8533879}, "geometry": {"type": "Point", "coordinates": [80.9025334, 26.8533879]}}, {"type": "Feature", "properties": {"osm_id": "node/7510640815", "kind": "hospital", "name": "Surgical Nursing Home", "lon": 80.8995506, "lat": 26.7869465}, "geometry": {"type": "Point", "coordinates": [80.8995506, 26.7869465]}}, {"type": "Feature", "properties": {"osm_id": "node/7556068634", "kind": "school", "name": "School", "lon": 80.8742294, "lat": 26.8415273}, "geometry": {"type": "Point", "coordinates": [80.8742294, 26.8415273]}}, {"type": "Feature", "properties": {"osm_id": "node/7556079977", "kind": "school", "name": "School", "lon": 80.8881778, "lat": 26.8328295}, "geometry": {"type": "Point", "coordinates": [80.8881778, 26.8328295]}}, {"type": "Feature", "properties": {"osm_id": "node/7556083734", "kind": "school", "name": "St. James Mission School, Rajaji Puram", "lon": 80.8809564, "lat": 26.8401823}, "geometry": {"type": "Point", "coordinates": [80.8809564, 26.8401823]}}, {"type": "Feature", "properties": {"osm_id": "node/7613879413", "kind": "school", "name": "SKD Academy, Rajaji Puram", "lon": 80.8762644, "lat": 26.8396639}, "geometry": {"type": "Point", "coordinates": [80.8762644, 26.8396639]}}, {"type": "Feature", "properties": {"osm_id": "node/7630064009", "kind": "school", "name": "Red Rose School", "lon": 80.8802632, "lat": 26.8365853}, "geometry": {"type": "Point", "coordinates": [80.8802632, 26.8365853]}}, {"type": "Feature", "properties": {"osm_id": "node/8786634217", "kind": "school", "name": "School", "lon": 80.9506536, "lat": 26.9143752}, "geometry": {"type": "Point", "coordinates": [80.9506536, 26.9143752]}}, {"type": "Feature", "properties": {"osm_id": "node/8860869112", "kind": "school", "name": "APS Academy", "lon": 80.9433478, "lat": 26.7755203}, "geometry": {"type": "Point", "coordinates": [80.9433478, 26.7755203]}}, {"type": "Feature", "properties": {"osm_id": "node/8860945278", "kind": "hospital", "name": "Varsha Hospital", "lon": 80.9921386, "lat": 26.8893661}, "geometry": {"type": "Point", "coordinates": [80.9921386, 26.8893661]}}, {"type": "Feature", "properties": {"osm_id": "node/8860945287", "kind": "hospital", "name": "CGHS Hospital", "lon": 80.9954584, "lat": 26.8629327}, "geometry": {"type": "Point", "coordinates": [80.9954584, 26.8629327]}}, {"type": "Feature", "properties": {"osm_id": "node/8911017295", "kind": "hospital", "name": "Indu Medical Center", "lon": 80.9448174, "lat": 26.8989354}, "geometry": {"type": "Point", "coordinates": [80.9448174, 26.8989354]}}, {"type": "Feature", "properties": {"osm_id": "node/8911017316", "kind": "hospital", "name": "Indu Hospital Aliganj", "lon": 80.9417117, "lat": 26.9010096}, "geometry": {"type": "Point", "coordinates": [80.9417117, 26.9010096]}}, {"type": "Feature", "properties": {"osm_id": "node/8911046737", "kind": "school", "name": "KV Aliganj Ground", "lon": 80.9489553, "lat": 26.900517}, "geometry": {"type": "Point", "coordinates": [80.9489553, 26.900517]}}, {"type": "Feature", "properties": {"osm_id": "node/8911046739", "kind": "school", "name": "CMS Ground", "lon": 80.950391, "lat": 26.9030479}, "geometry": {"type": "Point", "coordinates": [80.950391, 26.9030479]}}, {"type": "Feature", "properties": {"osm_id": "node/9579108602", "kind": "school", "name": "Dr. Sarvepalli Radhakrishnan Girls Inter College", "lon": 80.9439776, "lat": 26.7863794}, "geometry": {"type": "Point", "coordinates": [80.9439776, 26.7863794]}}, {"type": "Feature", "properties": {"osm_id": "node/9817516888", "kind": "school", "name": "National PG School", "lon": 80.9449385, "lat": 26.7800404}, "geometry": {"type": "Point", "coordinates": [80.9449385, 26.7800404]}}, {"type": "Feature", "properties": {"osm_id": "node/9817530609", "kind": "school", "name": "Allen House Public School", "lon": 80.9559272, "lat": 26.780845}, "geometry": {"type": "Point", "coordinates": [80.9559272, 26.780845]}}, {"type": "Feature", "properties": {"osm_id": "node/9844152417", "kind": "hospital", "name": "Highway Hospital & Trauma Centre", "lon": 80.9386332, "lat": 26.9050701}, "geometry": {"type": "Point", "coordinates": [80.9386332, 26.9050701]}}, {"type": "Feature", "properties": {"osm_id": "node/10604032305", "kind": "school", "name": "Gurukul Academy", "lon": 80.9820831, "lat": 26.875625}, "geometry": {"type": "Point", "coordinates": [80.9820831, 26.875625]}}, {"type": "Feature", "properties": {"osm_id": "node/10959597112", "kind": "hospital", "name": "rishi hospital", "lon": 81.0220699, "lat": 26.8665293}, "geometry": {"type": "Point", "coordinates": [81.0220699, 26.8665293]}}, {"type": "Feature", "properties": {"osm_id": "node/10959923984", "kind": "hospital", "name": "Galaxy Hospital", "lon": 81.0109279, "lat": 26.7979262}, "geometry": {"type": "Point", "coordinates": [81.0109279, 26.7979262]}}, {"type": "Feature", "properties": {"osm_id": "node/10960052395", "kind": "school", "name": "GD GOENKA PUBLIC SCHOOL", "lon": 80.9918524, "lat": 26.779741}, "geometry": {"type": "Point", "coordinates": [80.9918524, 26.779741]}}, {"type": "Feature", "properties": {"osm_id": "node/11095740206", "kind": "school", "name": "\u0938\u0947\u0920 \u0906\u0928\u0928\u094d\u0926\u0930\u093e\u092e \u091c\u0948\u092a\u0941\u0930\u093f\u092f\u093e \u0935\u093f\u0926\u094d\u092f\u093e\u0932\u092f", "lon": 80.8459654, "lat": 26.82391}, "geometry": {"type": "Point", "coordinates": [80.8459654, 26.82391]}}, {"type": "Feature", "properties": {"osm_id": "node/12041178534", "kind": "hospital", "name": "Dr Manish Sharma", "lon": 80.9015504, "lat": 26.7981769}, "geometry": {"type": "Point", "coordinates": [80.9015504, 26.7981769]}}, {"type": "Feature", "properties": {"osm_id": "node/12505663930", "kind": "hospital", "name": "SITE", "lon": 80.9607484, "lat": 26.7571278}, "geometry": {"type": "Point", "coordinates": [80.9607484, 26.7571278]}}, {"type": "Feature", "properties": {"osm_id": "node/13067951401", "kind": "school", "name": "A.K.D Public School", "lon": 80.9056065, "lat": 26.8066313}, "geometry": {"type": "Point", "coordinates": [80.9056065, 26.8066313]}}, {"type": "Feature", "properties": {"osm_id": "node/13131013263", "kind": "hospital", "name": "SM Hospital", "lon": 80.9128296, "lat": 26.9335057}, "geometry": {"type": "Point", "coordinates": [80.9128296, 26.9335057]}}, {"type": "Feature", "properties": {"osm_id": "node/13203445281", "kind": "hospital", "name": "Dr Kanchan Srivastava Dermatologist", "lon": 80.9469963, "lat": 26.8910856}, "geometry": {"type": "Point", "coordinates": [80.9469963, 26.8910856]}}, {"type": "Feature", "properties": {"osm_id": "node/13203468894", "kind": "hospital", "name": "The Doctors Corner", "lon": 80.9460553, "lat": 26.8926942}, "geometry": {"type": "Point", "coordinates": [80.9460553, 26.8926942]}}, {"type": "Feature", "properties": {"osm_id": "node/13344392294", "kind": "hospital", "name": "Nirvan Hospital", "lon": 80.9675295, "lat": 26.8988093}, "geometry": {"type": "Point", "coordinates": [80.9675295, 26.8988093]}}, {"type": "Feature", "properties": {"osm_id": "node/13359215289", "kind": "hospital", "name": "Shristi Hospital and Neoborn Care Centre", "lon": 80.993757, "lat": 26.8825041}, "geometry": {"type": "Point", "coordinates": [80.993757, 26.8825041]}}, {"type": "Feature", "properties": {"osm_id": "node/13368772863", "kind": "hospital", "name": "Amar Hospital", "lon": 80.9747252, "lat": 26.8920082}, "geometry": {"type": "Point", "coordinates": [80.9747252, 26.8920082]}}, {"type": "Feature", "properties": {"osm_id": "node/13418196601", "kind": "hospital", "name": "Wellsun medicity", "lon": 80.9652655, "lat": 26.7717095}, "geometry": {"type": "Point", "coordinates": [80.9652655, 26.7717095]}}, {"type": "Feature", "properties": {"osm_id": "node/13594670513", "kind": "hospital", "name": "Titan Medics Hospital", "lon": 80.9621147, "lat": 26.9307933}, "geometry": {"type": "Point", "coordinates": [80.9621147, 26.9307933]}}, {"type": "Feature", "properties": {"osm_id": "node/13763030701", "kind": "school", "name": "Alfiya Public Inter College", "lon": 80.8783392, "lat": 26.8631812}, "geometry": {"type": "Point", "coordinates": [80.8783392, 26.8631812]}}, {"type": "Feature", "properties": {"osm_id": "node/13950171601", "kind": "school", "name": "KIDZEE ASHIYANA | BEST PRESHOOL IN ASHIYANA | PRESCHOOL IN ASHIYANA", "lon": 80.9188065, "lat": 26.7962976}, "geometry": {"type": "Point", "coordinates": [80.9188065, 26.7962976]}}, {"type": "Feature", "properties": {"osm_id": "way/42716659", "kind": "school", "name": "St. Peter's Inter College", "lon": 80.98821840000001, "lat": 26.86278188333333}, "geometry": {"type": "Point", "coordinates": [80.98821840000001, 26.86278188333333]}}, {"type": "Feature", "properties": {"osm_id": "way/101225505", "kind": "industrial", "name": "Internal Street", "lon": 80.90480135769232, "lat": 26.821279126923077, "area_km2": 0.4275}, "geometry": {"type": "Polygon", "coordinates": [[[80.9081067, 26.8274326], [80.9079463, 26.8275691], [80.9075761, 26.8275994], [80.9055878, 26.8264747], [80.9033459, 26.8247598], [80.9042176, 26.8238415], [80.9032838, 26.8214341], [80.9020041, 26.8209094], [80.9026266, 26.8193867], [80.9028803, 26.8192838], [80.9027567, 26.8190517], [80.901762, 26.817185], [80.9010541, 26.8138703], [80.9013904, 26.8131719], [80.902118, 26.8139499], [80.903024, 26.8153099], [80.9035251, 26.8164186], [80.9051038, 26.8178459], [80.9058135, 26.8190457], [80.9062706, 26.8198184], [80.9064297, 26.8203642], [80.9076027, 26.8243891], [80.9072166, 26.8245422], [80.9073763, 26.8256092], [80.9077099, 26.8265616], [80.9081067, 26.8274326]]]}}, {"type": "Feature", "properties": {"osm_id": "way/101225597", "kind": "industrial", "name": "Industrial", "lon": 80.90198294210526, "lat": 26.826266636842103, "area_km2": 0.4329}, "geometry": {"type": "Polygon", "coordinates": [[[80.8975223, 26.822013], [80.8995144, 26.8207701], [80.9007929, 26.8226502], [80.9027394, 26.8248512], [80.9054096, 26.826526], [80.9078427, 26.8278812], [80.909014, 26.828556], [80.9088092, 26.8287555], [80.9069795, 26.8285499], [80.905479, 26.8284558], [80.9034665, 26.8283125], [80.9007687, 26.8282351], [80.9003076, 26.8281117], [80.899247, 26.8276919], [80.8985266, 26.8271669], [80.8985144, 26.8265084], [80.897882, 26.8265068], [80.8973378, 26.8255109], [80.8975223, 26.822013]]]}}, {"type": "Feature", "properties": {"osm_id": "way/151224529", "kind": "school", "name": "Government Girls Inter College", "lon": 81.00521852, "lat": 26.890963420000002}, "geometry": {"type": "Point", "coordinates": [81.00521852, 26.890963420000002]}}, {"type": "Feature", "properties": {"osm_id": "way/154080394", "kind": "school", "name": "Polo Ground", "lon": 80.95648296666667, "lat": 26.838192666666668}, "geometry": {"type": "Point", "coordinates": [80.95648296666667, 26.838192666666668]}}, {"type": "Feature", "properties": {"osm_id": "way/154080416", "kind": "school", "name": "School", "lon": 80.9616859153846, "lat": 26.83960414615385}, "geometry": {"type": "Point", "coordinates": [80.9616859153846, 26.83960414615385]}}, {"type": "Feature", "properties": {"osm_id": "way/209258324", "kind": "school", "name": "City Montessori School", "lon": 80.89370428, "lat": 26.78959736}, "geometry": {"type": "Point", "coordinates": [80.89370428, 26.78959736]}}, {"type": "Feature", "properties": {"osm_id": "way/209269422", "kind": "school", "name": "Stella Maris Inter College", "lon": 80.90502477999999, "lat": 26.79442714}, "geometry": {"type": "Point", "coordinates": [80.90502477999999, 26.79442714]}}, {"type": "Feature", "properties": {"osm_id": "way/209269423", "kind": "school", "name": "School", "lon": 80.90761361428572, "lat": 26.79203712857143}, "geometry": {"type": "Point", "coordinates": [80.90761361428572, 26.79203712857143]}}, {"type": "Feature", "properties": {"osm_id": "way/209278333", "kind": "industrial", "name": "Transport Nagar", "lon": 80.89152882941177, "lat": 26.776987652941177, "area_km2": 1.1896}, "geometry": {"type": "Polygon", "coordinates": [[[80.8996812, 26.772155], [80.8925075, 26.7751265], [80.8920487, 26.7753348], [80.8913255, 26.7755396], [80.8904818, 26.7757548], [80.886893, 26.7761991], [80.8834636, 26.7769697], [80.8828609, 26.7770565], [80.882581, 26.7771606], [80.8825149, 26.7772821], [80.8865119, 26.784391], [80.8900696, 26.7827839], [80.8981376, 26.7792885], [80.8973988, 26.7778653], [80.898297, 26.7774974], [80.9015359, 26.7762303], [80.8996812, 26.772155]]]}}, {"type": "Feature", "properties": {"osm_id": "way/209284077", "kind": "school", "name": "School", "lon": 80.91653662, "lat": 26.795979699999997}, "geometry": {"type": "Point", "coordinates": [80.91653662, 26.795979699999997]}}, {"type": "Feature", "properties": {"osm_id": "way/209284078", "kind": "school", "name": "School", "lon": 80.91047001666666, "lat": 26.781383516666665}, "geometry": {"type": "Point", "coordinates": [80.91047001666666, 26.781383516666665]}}, {"type": "Feature", "properties": {"osm_id": "way/209432852", "kind": "industrial", "name": "Industrial", "lon": 80.9105977, "lat": 26.823843764285716, "area_km2": 0.1136}, "geometry": {"type": "Polygon", "coordinates": [[[80.9088668, 26.8202131], [80.9090456, 26.8210157], [80.9096726, 26.8238505], [80.9101897, 26.8259832], [80.910272, 26.8260948], [80.910941, 26.8260445], [80.9114621, 26.825864], [80.9115885, 26.825805], [80.9116702, 26.8256402], [80.9121895, 26.8252861], [80.9130976, 26.8245538], [80.9111919, 26.822584], [80.9093135, 26.8206647], [80.9088668, 26.8202131]]]}}, {"type": "Feature", "properties": {"osm_id": "way/209432853", "kind": "industrial", "name": "Industrial", "lon": 80.92717176956522, "lat": 26.8276158173913, "area_km2": 0.2304}, "geometry": {"type": "Polygon", "coordinates": [[[80.9231102, 26.8262619], [80.9253434, 26.8263675], [80.9253791, 26.8258742], [80.9277085, 26.8260067], [80.9276563, 26.8264681], [80.930214, 26.8266448], [80.9305165, 26.8267798], [80.9313883, 26.8268534], [80.9318394, 26.8283456], [80.9318449, 26.8285296], [80.9317513, 26.8287481], [80.9315726, 26.8288389], [80.9302827, 26.8293076], [80.9264077, 26.8291137], [80.9253434, 26.8290303], [80.9252196, 26.828856], [80.9252498, 26.8280511], [80.9252113, 26.8280511], [80.9252168, 26.8279014], [80.9237675, 26.8278179], [80.923773, 26.8275504], [80.9230442, 26.8275038], [80.9231102, 26.8262619]]]}}, {"type": "Feature", "properties": {"osm_id": "way/209432854", "kind": "industrial", "name": "Industrial", "lon": 80.9172589125, "lat": 26.826613025, "area_km2": 0.0404}, "geometry": {"type": "Polygon", "coordinates": [[[80.9182091, 26.8251328], [80.9153736, 26.8262839], [80.9153599, 26.8263329], [80.9174281, 26.8276239], [80.9176536, 26.8276165], [80.9179396, 26.8274913], [80.9178983, 26.8272901], [80.9182091, 26.8251328]]]}}, {"type": "Feature", "properties": {"osm_id": "way/211350568", "kind": "school", "name": "School", "lon": 80.98425896, "lat": 26.84734608}, "geometry": {"type": "Point", "coordinates": [80.98425896, 26.84734608]}}, {"type": "Feature", "properties": {"osm_id": "way/211350569", "kind": "school", "name": "School", "lon": 80.98500778, "lat": 26.844155960000002}, "geometry": {"type": "Point", "coordinates": [80.98500778, 26.844155960000002]}}, {"type": "Feature", "properties": {"osm_id": "way/211350573", "kind": "school", "name": "School", "lon": 80.9840511, "lat": 26.84345024}, "geometry": {"type": "Point", "coordinates": [80.9840511, 26.84345024]}}, {"type": "Feature", "properties": {"osm_id": "way/211359395", "kind": "school", "name": "City Montessori School", "lon": 80.98704771999999, "lat": 26.8481339}, "geometry": {"type": "Point", "coordinates": [80.98704771999999, 26.8481339]}}, {"type": "Feature", "properties": {"osm_id": "way/211366223", "kind": "school", "name": "Sanskrit University", "lon": 80.989781, "lat": 26.850209740000004}, "geometry": {"type": "Point", "coordinates": [80.989781, 26.850209740000004]}}, {"type": "Feature", "properties": {"osm_id": "way/211366357", "kind": "hospital", "name": "St Joseph's Hospital, Lucknow", "lon": 80.9921722, "lat": 26.853982359999996}, "geometry": {"type": "Point", "coordinates": [80.9921722, 26.853982359999996]}}, {"type": "Feature", "properties": {"osm_id": "way/211375510", "kind": "school", "name": "Kendriya Vidyalaya", "lon": 80.99589214, "lat": 26.85242672}, "geometry": {"type": "Point", "coordinates": [80.99589214, 26.85242672]}}, {"type": "Feature", "properties": {"osm_id": "way/211375828", "kind": "school", "name": "School", "lon": 80.9964959, "lat": 26.861034019999998}, "geometry": {"type": "Point", "coordinates": [80.9964959, 26.861034019999998]}}, {"type": "Feature", "properties": {"osm_id": "way/211375861", "kind": "school", "name": "St. John Bosco College", "lon": 80.99717416, "lat": 26.85699226}, "geometry": {"type": "Point", "coordinates": [80.99717416, 26.85699226]}}, {"type": "Feature", "properties": {"osm_id": "way/211461010", "kind": "industrial", "name": "Industrial", "lon": 80.96949848571428, "lat": 26.86060362857143, "area_km2": 0.0148}, "geometry": {"type": "Polygon", "coordinates": [[[80.969758, 26.8599073], [80.97005, 26.8602245], [80.9702993, 26.8607564], [80.9691915, 26.8612805], [80.968839, 26.8613961], [80.9685936, 26.8607533], [80.969758, 26.8599073]]]}}, {"type": "Feature", "properties": {"osm_id": "way/211461013", "kind": "hospital", "name": "Satya Hospital and research institute", "lon": 80.98354418, "lat": 26.863779979999997}, "geometry": {"type": "Point", "coordinates": [80.98354418, 26.863779979999997]}}, {"type": "Feature", "properties": {"osm_id": "way/211471464", "kind": "school", "name": "Modern Academy", "lon": 81.00342378, "lat": 26.84460354}, "geometry": {"type": "Point", "coordinates": [81.00342378, 26.84460354]}}, {"type": "Feature", "properties": {"osm_id": "way/211472941", "kind": "school", "name": "Institute of Judicial Training & Research", "lon": 81.01458972, "lat": 26.85366522}, "geometry": {"type": "Point", "coordinates": [81.01458972, 26.85366522]}}, {"type": "Feature", "properties": {"osm_id": "way/211473133", "kind": "school", "name": "School", "lon": 81.01127779166667, "lat": 26.852696033333334}, "geometry": {"type": "Point", "coordinates": [81.01127779166667, 26.852696033333334]}}, {"type": "Feature", "properties": {"osm_id": "way/211473135", "kind": "school", "name": "School", "lon": 81.01484094, "lat": 26.85756606}, "geometry": {"type": "Point", "coordinates": [81.01484094, 26.85756606]}}, {"type": "Feature", "properties": {"osm_id": "way/211473144", "kind": "school", "name": "School", "lon": 81.01403968, "lat": 26.857562100000003}, "geometry": {"type": "Point", "coordinates": [81.01403968, 26.857562100000003]}}, {"type": "Feature", "properties": {"osm_id": "way/211476338", "kind": "school", "name": "School", "lon": 81.00803118, "lat": 26.856168680000003}, "geometry": {"type": "Point", "coordinates": [81.00803118, 26.856168680000003]}}, {"type": "Feature", "properties": {"osm_id": "way/211476346", "kind": "school", "name": "School", "lon": 81.00358624, "lat": 26.85438946}, "geometry": {"type": "Point", "coordinates": [81.00358624, 26.85438946]}}, {"type": "Feature", "properties": {"osm_id": "way/211476364", "kind": "school", "name": "School", "lon": 81.00520886000001, "lat": 26.857221279999997}, "geometry": {"type": "Point", "coordinates": [81.00520886000001, 26.857221279999997]}}, {"type": "Feature", "properties": {"osm_id": "way/211490103", "kind": "hospital", "name": "Sahara Hospital", "lon": 81.02264065454546, "lat": 26.850021672727276}, "geometry": {"type": "Point", "coordinates": [81.02264065454546, 26.850021672727276]}}, {"type": "Feature", "properties": {"osm_id": "way/211490204", "kind": "school", "name": "School", "lon": 81.01860472, "lat": 26.856555320000002}, "geometry": {"type": "Point", "coordinates": [81.01860472, 26.856555320000002]}}, {"type": "Feature", "properties": {"osm_id": "way/211496963", "kind": "school", "name": "School", "lon": 81.02871662, "lat": 26.852617700000003}, "geometry": {"type": "Point", "coordinates": [81.02871662, 26.852617700000003]}}, {"type": "Feature", "properties": {"osm_id": "way/211496968", "kind": "school", "name": "Spring Dale School", "lon": 81.03422370000001, "lat": 26.85124632}, "geometry": {"type": "Point", "coordinates": [81.03422370000001, 26.85124632]}}, {"type": "Feature", "properties": {"osm_id": "way/211514985", "kind": "industrial", "name": "Industrial", "lon": 81.003939125, "lat": 26.8721941625, "area_km2": 0.0642}, "geometry": {"type": "Polygon", "coordinates": [[[81.0034537, 26.8709643], [81.0012117, 26.8721985], [81.0012668, 26.872331], [81.0019682, 26.8731162], [81.0040805, 26.8731952], [81.0034614, 26.8723158], [81.0039376, 26.8720816], [81.0046309, 26.8731979], [81.0055883, 26.8732193], [81.0051784, 26.872493], [81.0052445, 26.872304], [81.0057644, 26.8720071], [81.0054728, 26.8715458], [81.0043945, 26.8720145], [81.0039186, 26.8711581], [81.0034537, 26.8709643]]]}}, {"type": "Feature", "properties": {"osm_id": "way/211514988", "kind": "industrial", "name": "Industrial", "lon": 81.00909122, "lat": 26.86719, "area_km2": 0.01}, "geometry": {"type": "Polygon", "coordinates": [[[81.0086318, 26.8666972], [81.0091823, 26.868035], [81.0098241, 26.8680038], [81.0091861, 26.8665168], [81.0086318, 26.8666972]]]}}, {"type": "Feature", "properties": {"osm_id": "way/211514991", "kind": "industrial", "name": "Industrial", "lon": 81.01121237999999, "lat": 26.86277796, "area_km2": 0.0193}, "geometry": {"type": "Polygon", "coordinates": [[[81.0106529, 26.8617846], [81.0114258, 26.8644226], [81.0120695, 26.8642361], [81.0112608, 26.8616619], [81.0106529, 26.8617846]]]}}, {"type": "Feature", "properties": {"osm_id": "way/211514997", "kind": "industrial", "name": "Industrial", "lon": 81.00078323333334, "lat": 26.86474025, "area_km2": 0.0593}, "geometry": {"type": "Polygon", "coordinates": [[[80.9992803, 26.8657264], [81.0025014, 26.8650931], [81.0023789, 26.8643192], [81.0022311, 26.8634793], [80.9990274, 26.8640971], [80.9992803, 26.8657264]]]}}, {"type": "Feature", "properties": {"osm_id": "way/211515015", "kind": "hospital", "name": "Ram Manohar Lohia Combined Hospital", "lon": 81.0015127923077, "lat": 26.870253223076926}, "geometry": {"type": "Point", "coordinates": [81.0015127923077, 26.870253223076926]}}, {"type": "Feature", "properties": {"osm_id": "way/211516398", "kind": "industrial", "name": "Industrial", "lon": 80.99115087826087, "lat": 26.869336691304348, "area_km2": 0.2545}, "geometry": {"type": "Polygon", "coordinates": [[[80.9893686, 26.8672399], [80.9893624, 26.8673448], [80.9884508, 26.8673022], [80.9883724, 26.8686378], [80.988354, 26.8689512], [80.9882944, 26.8697092], [80.9882335, 26.8704623], [80.9890011, 26.8705005], [80.9898101, 26.8705383], [80.989792, 26.8708474], [80.9910493, 26.8709062], [80.991057, 26.8707752], [80.9926019, 26.8708474], [80.992593, 26.8709996], [80.9933908, 26.8710369], [80.9933987, 26.8709009], [80.9955018, 26.8709931], [80.9954495, 26.8682298], [80.993565, 26.8682273], [80.9935663, 26.8681772], [80.9935843, 26.8674739], [80.9923047, 26.8674029], [80.9893686, 26.8672399]]]}}, {"type": "Feature", "properties": {"osm_id": "way/211516462", "kind": "school", "name": "H.A.L. School", "lon": 80.98744865, "lat": 26.8676664}, "geometry": {"type": "Point", "coordinates": [80.98744865, 26.8676664]}}, {"type": "Feature", "properties": {"osm_id": "way/211548255", "kind": "school", "name": "\u0932\u0916\u0928\u090a \u092a\u092c\u094d\u0932\u093f\u0915 \u0938\u094d\u0915\u0942\u0932", "lon": 81.03076496, "lat": 26.861770460000002}, "geometry": {"type": "Point", "coordinates": [81.03076496, 26.861770460000002]}}, {"type": "Feature", "properties": {"osm_id": "way/211550496", "kind": "school", "name": "Amity School", "lon": 81.02523066, "lat": 26.85934277}, "geometry": {"type": "Point", "coordinates": [81.02523066, 26.85934277]}}, {"type": "Feature", "properties": {"osm_id": "way/211550498", "kind": "hospital", "name": "Divine Heart Hospital and Research Centre", "lon": 81.02355108, "lat": 26.858805580000002}, "geometry": {"type": "Point", "coordinates": [81.02355108, 26.858805580000002]}}, {"type": "Feature", "properties": {"osm_id": "way/211658271", "kind": "school", "name": "D.A.V. Public School", "lon": 80.9871643, "lat": 26.8840981}, "geometry": {"type": "Point", "coordinates": [80.9871643, 26.8840981]}}, {"type": "Feature", "properties": {"osm_id": "way/211658274", "kind": "school", "name": "Eram Public College", "lon": 80.98640893333332, "lat": 26.88062411111111}, "geometry": {"type": "Point", "coordinates": [80.98640893333332, 26.88062411111111]}}, {"type": "Feature", "properties": {"osm_id": "way/211658278", "kind": "school", "name": "St. Dominic Savio College", "lon": 80.9836324, "lat": 26.8740857125}, "geometry": {"type": "Point", "coordinates": [80.9836324, 26.8740857125]}}, {"type": "Feature", "properties": {"osm_id": "way/211658283", "kind": "school", "name": "Springdale College", "lon": 80.97825956666667, "lat": 26.873384446666666}, "geometry": {"type": "Point", "coordinates": [80.97825956666667, 26.873384446666666]}}, {"type": "Feature", "properties": {"osm_id": "way/211659217", "kind": "school", "name": "Rani Laxmi Bai School, C-Block", "lon": 80.99297931, "lat": 26.88190406}, "geometry": {"type": "Point", "coordinates": [80.99297931, 26.88190406]}}, {"type": "Feature", "properties": {"osm_id": "way/211659218", "kind": "school", "name": "Dabble College", "lon": 80.99136913999999, "lat": 26.88345254}, "geometry": {"type": "Point", "coordinates": [80.99136913999999, 26.88345254]}}, {"type": "Feature", "properties": {"osm_id": "way/211688531", "kind": "school", "name": "Central Academy", "lon": 81.0001811875, "lat": 26.8823987875}, "geometry": {"type": "Point", "coordinates": [81.0001811875, 26.8823987875]}}, {"type": "Feature", "properties": {"osm_id": "way/211712017", "kind": "school", "name": "School", "lon": 80.95401176923077, "lat": 26.864404715384616}, "geometry": {"type": "Point", "coordinates": [80.95401176923077, 26.864404715384616]}}, {"type": "Feature", "properties": {"osm_id": "way/211742439", "kind": "hospital", "name": "Fatima General Hospital", "lon": 80.95206341666666, "lat": 26.871565}, "geometry": {"type": "Point", "coordinates": [80.95206341666666, 26.871565]}}, {"type": "Feature", "properties": {"osm_id": "way/211742455", "kind": "school", "name": "Montfort Inter College", "lon": 80.95622642727272, "lat": 26.87485542727273}, "geometry": {"type": "Point", "coordinates": [80.95622642727272, 26.87485542727273]}}, {"type": "Feature", "properties": {"osm_id": "way/211742456", "kind": "school", "name": "Mount Carmel School", "lon": 80.96070515, "lat": 26.873638}, "geometry": {"type": "Point", "coordinates": [80.96070515, 26.873638]}}, {"type": "Feature", "properties": {"osm_id": "way/211913257", "kind": "school", "name": "School", "lon": 80.9594771, "lat": 26.89843892}, "geometry": {"type": "Point", "coordinates": [80.9594771, 26.89843892]}}, {"type": "Feature", "properties": {"osm_id": "way/211913297", "kind": "school", "name": "School", "lon": 80.95725676666666, "lat": 26.89967018333333}, "geometry": {"type": "Point", "coordinates": [80.95725676666666, 26.89967018333333]}}, {"type": "Feature", "properties": {"osm_id": "way/211920143", "kind": "school", "name": "Central Academy, Vikas Nagar", "lon": 80.96060048, "lat": 26.8915978}, "geometry": {"type": "Point", "coordinates": [80.96060048, 26.8915978]}}, {"type": "Feature", "properties": {"osm_id": "way/211920185", "kind": "school", "name": "School", "lon": 80.96519459999999, "lat": 26.8920365}, "geometry": {"type": "Point", "coordinates": [80.96519459999999, 26.8920365]}}, {"type": "Feature", "properties": {"osm_id": "way/211935965", "kind": "school", "name": "Rani Laxmi Bai Memorial School", "lon": 80.95816366, "lat": 26.905479059999998}, "geometry": {"type": "Point", "coordinates": [80.95816366, 26.905479059999998]}}, {"type": "Feature", "properties": {"osm_id": "way/212004434", "kind": "school", "name": "School", "lon": 80.94073841818182, "lat": 26.896705272727274}, "geometry": {"type": "Point", "coordinates": [80.94073841818182, 26.896705272727274]}}, {"type": "Feature", "properties": {"osm_id": "way/212015869", "kind": "school", "name": "School", "lon": 80.94104494, "lat": 26.90265678}, "geometry": {"type": "Point", "coordinates": [80.94104494, 26.90265678]}}, {"type": "Feature", "properties": {"osm_id": "way/212015872", "kind": "school", "name": "School", "lon": 80.9485623375, "lat": 26.900705275}, "geometry": {"type": "Point", "coordinates": [80.9485623375, 26.900705275]}}, {"type": "Feature", "properties": {"osm_id": "way/212025336", "kind": "school", "name": "City Montessori School Aliganj-I", "lon": 80.95121201428572, "lat": 26.90281937142857}, "geometry": {"type": "Point", "coordinates": [80.95121201428572, 26.90281937142857]}}, {"type": "Feature", "properties": {"osm_id": "way/212076043", "kind": "hospital", "name": "Icon Hospital, Lucknow", "lon": 80.95047822000001, "lat": 26.9139545}, "geometry": {"type": "Point", "coordinates": [80.95047822000001, 26.9139545]}}, {"type": "Feature", "properties": {"osm_id": "way/212076130", "kind": "school", "name": "School", "lon": 80.95063222, "lat": 26.91455322}, "geometry": {"type": "Point", "coordinates": [80.95063222, 26.91455322]}}, {"type": "Feature", "properties": {"osm_id": "way/212085631", "kind": "industrial", "name": "Industrial", "lon": 80.94849094285715, "lat": 26.917521614285715, "area_km2": 0.0125}, "geometry": {"type": "Polygon", "coordinates": [[[80.9479421, 26.9181665], [80.9493266, 26.917661], [80.9491923, 26.9171231], [80.9487175, 26.9172585], [80.9486027, 26.9170693], [80.9477133, 26.9172064], [80.9479421, 26.9181665]]]}}, {"type": "Feature", "properties": {"osm_id": "way/212106701", "kind": "school", "name": "School", "lon": 80.95949286, "lat": 26.916276720000003}, "geometry": {"type": "Point", "coordinates": [80.95949286, 26.916276720000003]}}, {"type": "Feature", "properties": {"osm_id": "way/212106708", "kind": "school", "name": "School", "lon": 80.95780156666666, "lat": 26.91850856666667}, "geometry": {"type": "Point", "coordinates": [80.95780156666666, 26.91850856666667]}}, {"type": "Feature", "properties": {"osm_id": "way/212466246", "kind": "school", "name": "School", "lon": 80.92203555714286, "lat": 26.881054799999998}, "geometry": {"type": "Point", "coordinates": [80.92203555714286, 26.881054799999998]}}, {"type": "Feature", "properties": {"osm_id": "way/212500773", "kind": "hospital", "name": "King George's Medical University", "lon": 80.91620881803279, "lat": 26.867129932786888}, "geometry": {"type": "Point", "coordinates": [80.91620881803279, 26.867129932786888]}}, {"type": "Feature", "properties": {"osm_id": "way/212503396", "kind": "hospital", "name": "Balrampur Hospital,Lucknow ( District Hospital )", "lon": 80.92545666, "lat": 26.857600793333333}, "geometry": {"type": "Point", "coordinates": [80.92545666, 26.857600793333333]}}, {"type": "Feature", "properties": {"osm_id": "way/212503397", "kind": "hospital", "name": "Awanti Bai Mahila Hospitals", "lon": 80.9247764375, "lat": 26.85688555}, "geometry": {"type": "Point", "coordinates": [80.9247764375, 26.85688555]}}, {"type": "Feature", "properties": {"osm_id": "way/212766358", "kind": "industrial", "name": "Mohan Meakin Limited", "lon": 80.92142690689656, "lat": 26.8747589137931, "area_km2": 0.0702}, "geometry": {"type": "Polygon", "coordinates": [[[80.9195907, 26.8736776], [80.9199208, 26.8740623], [80.9199451, 26.8741075], [80.9197608, 26.8742321], [80.9200969, 26.8745879], [80.9202933, 26.8748823], [80.9203642, 26.875016], [80.9204573, 26.8753501], [80.9207428, 26.8757492], [80.9207813, 26.8759515], [80.9210546, 26.8758016], [80.9215244, 26.8757998], [80.9217066, 26.8759099], [80.9222249, 26.8754548], [80.9223322, 26.8753681], [80.9224598, 26.8754783], [80.9226785, 26.8753103], [80.9225327, 26.8751821], [80.9228891, 26.8749076], [80.9229559, 26.8749708], [80.9230389, 26.8749094], [80.9230126, 26.8748877], [80.9232819, 26.8746584], [80.9232778, 26.8745969], [80.9224031, 26.8736758], [80.921654, 26.8729877], [80.9212004, 26.8732026], [80.919609, 26.8736126], [80.9195907, 26.8736776]]]}}, {"type": "Feature", "properties": {"osm_id": "way/212776929", "kind": "school", "name": "School", "lon": 80.9354573125, "lat": 26.8766955}, "geometry": {"type": "Point", "coordinates": [80.9354573125, 26.8766955]}}, {"type": "Feature", "properties": {"osm_id": "way/212818776", "kind": "school", "name": "Centinial High School", "lon": 80.92799121666667, "lat": 26.85417705}, "geometry": {"type": "Point", "coordinates": [80.92799121666667, 26.85417705]}}, {"type": "Feature", "properties": {"osm_id": "way/212818777", "kind": "school", "name": "Christian Primary School", "lon": 80.92646130666667, "lat": 26.8549665}, "geometry": {"type": "Point", "coordinates": [80.92646130666667, 26.8549665]}}, {"type": "Feature", "properties": {"osm_id": "way/212818781", "kind": "hospital", "name": "Krishna Medical Center", "lon": 80.93854881666667, "lat": 26.856914783333334}, "geometry": {"type": "Point", "coordinates": [80.93854881666667, 26.856914783333334]}}, {"type": "Feature", "properties": {"osm_id": "way/212818782", "kind": "school", "name": "La Martiniere Girl's College", "lon": 80.94083714761905, "lat": 26.85427813333333}, "geometry": {"type": "Point", "coordinates": [80.94083714761905, 26.85427813333333]}}, {"type": "Feature", "properties": {"osm_id": "way/212819222", "kind": "school", "name": "Bal Shiksha Niketan", "lon": 80.92953898, "lat": 26.85329674}, "geometry": {"type": "Point", "coordinates": [80.92953898, 26.85329674]}}, {"type": "Feature", "properties": {"osm_id": "way/212846780", "kind": "industrial", "name": "Industrial", "lon": 80.9608957111111, "lat": 26.86038858888889, "area_km2": 0.0266}, "geometry": {"type": "Polygon", "coordinates": [[[80.95935, 26.8601415], [80.9623634, 26.859737], [80.9623958, 26.859987], [80.9624743, 26.8605925], [80.9623634, 26.8606099], [80.9603016, 26.8608528], [80.9600156, 26.8607383], [80.9594473, 26.8606968], [80.95935, 26.8601415]]]}}, {"type": "Feature", "properties": {"osm_id": "way/212846781", "kind": "industrial", "name": "Industrial", "lon": 80.96496004000001, "lat": 26.85921946, "area_km2": 0.0184}, "geometry": {"type": "Polygon", "coordinates": [[[80.9645095, 26.8599306], [80.9644454, 26.8597397], [80.964422, 26.8594586], [80.9644745, 26.8591671], [80.9645893, 26.8589293], [80.9655619, 26.8579245], [80.9662447, 26.8584625], [80.9655852, 26.8591948], [80.9652584, 26.8594569], [80.9645095, 26.8599306]]]}}, {"type": "Feature", "properties": {"osm_id": "way/212846984", "kind": "school", "name": "School", "lon": 80.95895512, "lat": 26.86040458}, "geometry": {"type": "Point", "coordinates": [80.95895512, 26.86040458]}}, {"type": "Feature", "properties": {"osm_id": "way/213237852", "kind": "school", "name": "School", "lon": 80.94619494999999, "lat": 26.83401956666667}, "geometry": {"type": "Point", "coordinates": [80.94619494999999, 26.83401956666667]}}, {"type": "Feature", "properties": {"osm_id": "way/213237853", "kind": "school", "name": "St. Francis' College", "lon": 80.94271185555556, "lat": 26.852440122222223}, "geometry": {"type": "Point", "coordinates": [80.94271185555556, 26.852440122222223]}}, {"type": "Feature", "properties": {"osm_id": "way/213237862", "kind": "school", "name": "School", "lon": 80.94342348888888, "lat": 26.8333874}, "geometry": {"type": "Point", "coordinates": [80.94342348888888, 26.8333874]}}, {"type": "Feature", "properties": {"osm_id": "way/213249589", "kind": "school", "name": "School", "lon": 80.92815818, "lat": 26.833285540000002}, "geometry": {"type": "Point", "coordinates": [80.92815818, 26.833285540000002]}}, {"type": "Feature", "properties": {"osm_id": "way/213490217", "kind": "industrial", "name": "Industrial", "lon": 80.88947281764706, "lat": 26.836603758823532, "area_km2": 0.0419}, "geometry": {"type": "Polygon", "coordinates": [[[80.8884538, 26.8365309], [80.8882965, 26.8365301], [80.8882945, 26.836846], [80.8884909, 26.8369171], [80.8886154, 26.8373753], [80.8892942, 26.8373267], [80.8893836, 26.8374759], [80.8906536, 26.8373059], [80.8910912, 26.8371896], [80.8909512, 26.8368217], [80.8908773, 26.8365093], [80.8904047, 26.8356971], [80.890253, 26.8357856], [80.8900992, 26.8357482], [80.8889498, 26.8357292], [80.8884752, 26.8359444], [80.8884538, 26.8365309]]]}}, {"type": "Feature", "properties": {"osm_id": "way/213490219", "kind": "industrial", "name": "Industrial", "lon": 80.8867163, "lat": 26.841491209090908, "area_km2": 0.1184}, "geometry": {"type": "Polygon", "coordinates": [[[80.8836283, 26.8418239], [80.8839016, 26.8419948], [80.8842808, 26.8421379], [80.8849028, 26.8423727], [80.886179, 26.8423702], [80.8865146, 26.8423972], [80.8867979, 26.842569], [80.8879366, 26.8425077], [80.8881512, 26.8424635], [80.8888745, 26.8421076], [80.8890753, 26.8419359], [80.8897135, 26.8415947], [80.8895374, 26.8412241], [80.8893797, 26.8409429], [80.8889231, 26.8409968], [80.8877596, 26.8408471], [80.8875616, 26.8401943], [80.8864531, 26.8402262], [80.8855399, 26.8401747], [80.8848111, 26.8400839], [80.8842087, 26.8400176], [80.8836283, 26.8418239]]]}}, {"type": "Feature", "properties": {"osm_id": "way/213490518", "kind": "school", "name": "School", "lon": 80.88790507777777, "lat": 26.838107611111113}, "geometry": {"type": "Point", "coordinates": [80.88790507777777, 26.838107611111113]}}, {"type": "Feature", "properties": {"osm_id": "way/213497168", "kind": "school", "name": "St. Anjani's School, RajajiPuram", "lon": 80.87418284, "lat": 26.841413879999998}, "geometry": {"type": "Point", "coordinates": [80.87418284, 26.841413879999998]}}, {"type": "Feature", "properties": {"osm_id": "way/213541924", "kind": "school", "name": "School", "lon": 80.89961812, "lat": 26.7919128}, "geometry": {"type": "Point", "coordinates": [80.89961812, 26.7919128]}}, {"type": "Feature", "properties": {"osm_id": "way/213541935", "kind": "school", "name": "School", "lon": 80.90720804, "lat": 26.788712780000004}, "geometry": {"type": "Point", "coordinates": [80.90720804, 26.788712780000004]}}, {"type": "Feature", "properties": {"osm_id": "way/213541940", "kind": "school", "name": "School", "lon": 80.90322181, "lat": 26.79460401}, "geometry": {"type": "Point", "coordinates": [80.90322181, 26.79460401]}}, {"type": "Feature", "properties": {"osm_id": "way/213554906", "kind": "school", "name": "School", "lon": 80.91816202, "lat": 26.7911681}, "geometry": {"type": "Point", "coordinates": [80.91816202, 26.7911681]}}, {"type": "Feature", "properties": {"osm_id": "way/213791458", "kind": "school", "name": "School", "lon": 80.90890472000001, "lat": 26.77720782}, "geometry": {"type": "Point", "coordinates": [80.90890472000001, 26.77720782]}}, {"type": "Feature", "properties": {"osm_id": "way/213791472", "kind": "school", "name": "School", "lon": 80.92697472, "lat": 26.78128356}, "geometry": {"type": "Point", "coordinates": [80.92697472, 26.78128356]}}, {"type": "Feature", "properties": {"osm_id": "way/213791492", "kind": "school", "name": "School", "lon": 80.93293917999999, "lat": 26.77666544}, "geometry": {"type": "Point", "coordinates": [80.93293917999999, 26.77666544]}}, {"type": "Feature", "properties": {"osm_id": "way/213791518", "kind": "school", "name": "School", "lon": 80.92567923333334, "lat": 26.793094855555555}, "geometry": {"type": "Point", "coordinates": [80.92567923333334, 26.793094855555555]}}, {"type": "Feature", "properties": {"osm_id": "way/213814188", "kind": "industrial", "name": "Industrial", "lon": 80.88146771333332, "lat": 26.851019886666666, "area_km2": 0.0324}, "geometry": {"type": "Polygon", "coordinates": [[[80.8800719, 26.8509253], [80.8827099, 26.8497546], [80.8836333, 26.8511438], [80.8831629, 26.8513745], [80.8825117, 26.8512115], [80.8824222, 26.8514508], [80.8816077, 26.8511473], [80.8814599, 26.851097], [80.8813997, 26.8511751], [80.8808281, 26.8509513], [80.8808029, 26.8510155], [80.8806532, 26.8509843], [80.8806085, 26.8510814], [80.8800719, 26.8510606], [80.8800719, 26.8509253]]]}}, {"type": "Feature", "properties": {"osm_id": "way/213829690", "kind": "school", "name": "City Montessori School", "lon": 80.91859301666666, "lat": 26.83932575}, "geometry": {"type": "Point", "coordinates": [80.91859301666666, 26.83932575]}}, {"type": "Feature", "properties": {"osm_id": "way/213829697", "kind": "school", "name": "Navayug Radiance", "lon": 80.91844797777779, "lat": 26.840729311111108}, "geometry": {"type": "Point", "coordinates": [80.91844797777779, 26.840729311111108]}}, {"type": "Feature", "properties": {"osm_id": "way/213838490", "kind": "school", "name": "School", "lon": 80.9118959, "lat": 26.83690232}, "geometry": {"type": "Point", "coordinates": [80.9118959, 26.83690232]}}, {"type": "Feature", "properties": {"osm_id": "way/213838495", "kind": "school", "name": "School", "lon": 80.91181524, "lat": 26.84623289}, "geometry": {"type": "Point", "coordinates": [80.91181524, 26.84623289]}}, {"type": "Feature", "properties": {"osm_id": "way/213843277", "kind": "school", "name": "School", "lon": 80.94002636666666, "lat": 26.842257983333337}, "geometry": {"type": "Point", "coordinates": [80.94002636666666, 26.842257983333337]}}, {"type": "Feature", "properties": {"osm_id": "way/213865329", "kind": "school", "name": "Saint Agnes' Loreto Day School", "lon": 80.93369296666667, "lat": 26.834774655555556}, "geometry": {"type": "Point", "coordinates": [80.93369296666667, 26.834774655555556]}}, {"type": "Feature", "properties": {"osm_id": "way/213865552", "kind": "school", "name": "Aminabad Inter College", "lon": 80.9227853, "lat": 26.84959808}, "geometry": {"type": "Point", "coordinates": [80.9227853, 26.84959808]}}, {"type": "Feature", "properties": {"osm_id": "way/213889207", "kind": "industrial", "name": "Industrial", "lon": 80.90029757692308, "lat": 26.847504830769232, "area_km2": 0.0177}, "geometry": {"type": "Polygon", "coordinates": [[[80.8990601, 26.8481483], [80.899371, 26.8485532], [80.9018027, 26.8472917], [80.9017009, 26.8471003], [80.9013323, 26.8472892], [80.9010462, 26.8473334], [80.9008152, 26.8474316], [80.9005271, 26.8469828], [80.8999563, 26.8472862], [80.8998028, 26.8470831], [80.8995525, 26.8472303], [80.8998413, 26.8476844], [80.8990601, 26.8481483]]]}}, {"type": "Feature", "properties": {"osm_id": "way/213889212", "kind": "industrial", "name": "Industrial", "lon": 80.90859150526316, "lat": 26.84104377894737, "area_km2": 0.099}, "geometry": {"type": "Polygon", "coordinates": [[[80.9091732, 26.8438491], [80.9114729, 26.8423642], [80.9089366, 26.8381277], [80.9076602, 26.8385818], [80.9073457, 26.8385876], [80.907321, 26.8389926], [80.9073315, 26.8393299], [80.9081457, 26.8390403], [80.9085281, 26.8388439], [80.9096972, 26.8406112], [80.9085309, 26.8411045], [80.909059, 26.8418482], [80.9091525, 26.8419758], [80.9087262, 26.8422827], [80.9085199, 26.8420912], [80.9078598, 26.842389], [80.9081003, 26.8428821], [80.9085047, 26.8430809], [80.9091732, 26.8438491]]]}}, {"type": "Feature", "properties": {"osm_id": "way/213889215", "kind": "industrial", "name": "Industrial", "lon": 80.90523464347827, "lat": 26.845028617391307, "area_km2": 0.0654}, "geometry": {"type": "Polygon", "coordinates": [[[80.9031204, 26.8463064], [80.904518, 26.8458187], [80.9052747, 26.8457423], [80.9058738, 26.8455757], [80.9075194, 26.8449596], [80.9082955, 26.8445518], [80.9091047, 26.8439669], [80.9084375, 26.8431529], [80.9078384, 26.843422], [80.9074599, 26.8436493], [80.9072432, 26.8437795], [80.9071622, 26.8446546], [80.9055337, 26.8452118], [80.9049257, 26.8453713], [80.9046314, 26.8451897], [80.9039272, 26.8448044], [80.9035035, 26.844797], [80.9031239, 26.8449173], [80.9024912, 26.8452216], [80.9021776, 26.8457468], [80.9024527, 26.8462426], [80.9026618, 26.8462696], [80.9031204, 26.8463064]]]}}, {"type": "Feature", "properties": {"osm_id": "way/213889218", "kind": "industrial", "name": "Industrial", "lon": 80.89624138, "lat": 26.842888140000003, "area_km2": 0.0263}, "geometry": {"type": "Polygon", "coordinates": [[[80.8964675, 26.84206], [80.89718, 26.8436652], [80.8960686, 26.8440727], [80.8950233, 26.8425828], [80.8964675, 26.84206]]]}}, {"type": "Feature", "properties": {"osm_id": "way/213889219", "kind": "industrial", "name": "Industrial", "lon": 80.9022555625, "lat": 26.8391839375, "area_km2": 0.0167}, "geometry": {"type": "Polygon", "coordinates": [[[80.9017673, 26.8400105], [80.9018199, 26.8382697], [80.9022089, 26.8381274], [80.9028411, 26.8382801], [80.9026718, 26.8393493], [80.9024656, 26.8396408], [80.9025026, 26.8397832], [80.9017673, 26.8400105]]]}}, {"type": "Feature", "properties": {"osm_id": "way/213889364", "kind": "hospital", "name": "Hospital", "lon": 80.9008999, "lat": 26.8499042}, "geometry": {"type": "Point", "coordinates": [80.9008999, 26.8499042]}}, {"type": "Feature", "properties": {"osm_id": "way/213889367", "kind": "school", "name": "School", "lon": 80.90825521666666, "lat": 26.853481416666668}, "geometry": {"type": "Point", "coordinates": [80.90825521666666, 26.853481416666668]}}, {"type": "Feature", "properties": {"osm_id": "way/214190054", "kind": "hospital", "name": "Hospital", "lon": 80.87157153636363, "lat": 26.877536499999998}, "geometry": {"type": "Point", "coordinates": [80.87157153636363, 26.877536499999998]}}, {"type": "Feature", "properties": {"osm_id": "way/214259310", "kind": "school", "name": "School", "lon": 80.91000123333333, "lat": 26.857782599999997}, "geometry": {"type": "Point", "coordinates": [80.91000123333333, 26.857782599999997]}}, {"type": "Feature", "properties": {"osm_id": "way/214272568", "kind": "industrial", "name": "Industrial", "lon": 80.90219340588236, "lat": 26.83839684705882, "area_km2": 0.0679}, "geometry": {"type": "Polygon", "coordinates": [[[80.899026, 26.8379838], [80.8990882, 26.8383135], [80.9010507, 26.8387543], [80.9011887, 26.8386641], [80.9012432, 26.838579], [80.9013988, 26.8385947], [80.9016555, 26.838737], [80.9018199, 26.8382697], [80.9022089, 26.8381274], [80.9028411, 26.8382801], [80.9044298, 26.8387011], [80.9045628, 26.8392403], [80.9054517, 26.8390237], [80.9057227, 26.8382421], [80.9051532, 26.838098], [80.9014207, 26.8371538], [80.899026, 26.8379838]]]}}, {"type": "Feature", "properties": {"osm_id": "way/214272572", "kind": "industrial", "name": "Industrial", "lon": 80.89481784, "lat": 26.840687780000003, "area_km2": 0.08}, "geometry": {"type": "Polygon", "coordinates": [[[80.893151, 26.8400551], [80.8949361, 26.8424651], [80.8982808, 26.8413141], [80.8945703, 26.8395495], [80.893151, 26.8400551]]]}}, {"type": "Feature", "properties": {"osm_id": "way/214272573", "kind": "industrial", "name": "Industrial", "lon": 80.8922943142857, "lat": 26.848020942857143, "area_km2": 0.037}, "geometry": {"type": "Polygon", "coordinates": [[[80.8928025, 26.8467958], [80.8911143, 26.8473164], [80.8917542, 26.8487463], [80.8918631, 26.8490066], [80.8921101, 26.8489719], [80.8936135, 26.8485138], [80.8928025, 26.8467958]]]}}, {"type": "Feature", "properties": {"osm_id": "way/214272574", "kind": "industrial", "name": "Industrial", "lon": 80.89790183333334, "lat": 26.839508055555555, "area_km2": 0.0459}, "geometry": {"type": "Polygon", "coordinates": [[[80.895107, 26.8393513], [80.8975187, 26.8402849], [80.8988957, 26.8398268], [80.8992594, 26.839983], [80.8995044, 26.8397695], [80.8991777, 26.8395196], [80.8985553, 26.8391639], [80.8979913, 26.8383222], [80.895107, 26.8393513]]]}}, {"type": "Feature", "properties": {"osm_id": "way/214274090", "kind": "industrial", "name": "Industrial", "lon": 80.89183381818181, "lat": 26.84103030909091, "area_km2": 0.0297}, "geometry": {"type": "Polygon", "coordinates": [[[80.8907077, 26.8414188], [80.8909468, 26.8416066], [80.8916158, 26.8413237], [80.8919095, 26.841912], [80.8924461, 26.8416826], [80.8934899, 26.8410838], [80.8926359, 26.839977], [80.8921366, 26.8401402], [80.8919235, 26.840269], [80.8916525, 26.8405009], [80.8907077, 26.8414188]]]}}, {"type": "Feature", "properties": {"osm_id": "way/214274092", "kind": "industrial", "name": "Industrial", "lon": 80.89060058333332, "lat": 26.839560816666665, "area_km2": 0.0765}, "geometry": {"type": "Polygon", "coordinates": [[[80.8912331, 26.8378912], [80.8899799, 26.8382875], [80.8896718, 26.8387734], [80.8895948, 26.8391342], [80.8897433, 26.8394115], [80.888791, 26.8398532], [80.8893797, 26.8409429], [80.8895374, 26.8412241], [80.8896359, 26.8412369], [80.8905986, 26.8408152], [80.8908067, 26.8412161], [80.8918489, 26.8402251], [80.8921562, 26.8400412], [80.8925724, 26.8398728], [80.8915552, 26.8385261], [80.8913413, 26.8385713], [80.8911312, 26.8381808], [80.8912331, 26.8378912]]]}}, {"type": "Feature", "properties": {"osm_id": "way/214304483", "kind": "industrial", "name": "Industrial", "lon": 80.9086597125, "lat": 26.847366475, "area_km2": 0.0122}, "geometry": {"type": "Polygon", "coordinates": [[[80.908329, 26.8484912], [80.9094375, 26.8484102], [80.9088791, 26.8470065], [80.9085887, 26.8462126], [80.9085307, 26.8462243], [80.9085879, 26.8467801], [80.9085958, 26.8473157], [80.908329, 26.8484912]]]}}, {"type": "Feature", "properties": {"osm_id": "way/214308154", "kind": "industrial", "name": "Industrial", "lon": 80.90490103846153, "lat": 26.83435443846154, "area_km2": 0.0381}, "geometry": {"type": "Polygon", "coordinates": [[[80.9035146, 26.8340836], [80.9040095, 26.8348084], [80.90385, 26.8349311], [80.9045322, 26.8358122], [80.9052226, 26.8352992], [80.9055581, 26.8349164], [80.906155, 26.8341359], [80.9063956, 26.8338174], [80.905983, 26.8336996], [80.9054906, 26.8336481], [80.9049928, 26.8336333], [80.9044949, 26.8337389], [80.9035146, 26.8340836]]]}}, {"type": "Feature", "properties": {"osm_id": "way/214308159", "kind": "industrial", "name": "Industrial", "lon": 80.8968358, "lat": 26.837246412, "area_km2": 0.0663}, "geometry": {"type": "Polygon", "coordinates": [[[80.8975787, 26.8360833], [80.897005, 26.8362655], [80.896616, 26.8364026], [80.8963729, 26.8365484], [80.8962037, 26.8367063], [80.8960986, 26.8368729], [80.8956416, 26.8376383], [80.8954685, 26.8379177], [80.8953537, 26.8380652], [80.895451, 26.8382786], [80.8953129, 26.8383359], [80.8950483, 26.8386309], [80.8952176, 26.8390058], [80.8966179, 26.8385025], [80.8969447, 26.838322], [80.8971431, 26.8384643], [80.898881, 26.8378612], [80.8987324, 26.8374243], [80.8981521, 26.8363199], [80.8981328, 26.8359002], [80.8979623, 26.8359517], [80.8979595, 26.8365088], [80.8978141, 26.8365258], [80.8976079, 26.8365449], [80.8975787, 26.8360833]]]}}, {"type": "Feature", "properties": {"osm_id": "way/214308168", "kind": "industrial", "name": "Industrial", "lon": 80.90744355, "lat": 26.83789465, "area_km2": 0.0094}, "geometry": {"type": "Polygon", "coordinates": [[[80.9076934, 26.8373682], [80.9066812, 26.83781], [80.9070415, 26.8383622], [80.9074596, 26.8383671], [80.9080922, 26.8380922], [80.9076934, 26.8373682]]]}}, {"type": "Feature", "properties": {"osm_id": "way/214308170", "kind": "industrial", "name": "Industrial", "lon": 80.90592672857143, "lat": 26.837546671428573, "area_km2": 0.0143}, "geometry": {"type": "Polygon", "coordinates": [[[80.9049483, 26.8377437], [80.9068682, 26.8367399], [80.907113, 26.8371915], [80.9069892, 26.837459], [80.905691, 26.8380628], [80.9049291, 26.8378861], [80.9049483, 26.8377437]]]}}, {"type": "Feature", "properties": {"osm_id": "way/214308174", "kind": "industrial", "name": "Industrial", "lon": 80.89440757777778, "lat": 26.83802447777778, "area_km2": 0.0657}, "geometry": {"type": "Polygon", "coordinates": [[[80.8960811, 26.8366004], [80.8938308, 26.8373571], [80.8916816, 26.8381068], [80.892833, 26.8397156], [80.8941342, 26.8392609], [80.894212, 26.8392002], [80.8951573, 26.8380582], [80.8956571, 26.8373207], [80.8960811, 26.8366004]]]}}, {"type": "Feature", "properties": {"osm_id": "way/214318478", "kind": "industrial", "name": "Industrial", "lon": 80.89415194242424, "lat": 26.83372873636364, "area_km2": 0.2354}, "geometry": {"type": "Polygon", "coordinates": [[[80.8912574, 26.8372101], [80.8922725, 26.8369238], [80.8936689, 26.8363772], [80.8935366, 26.8360683], [80.894157, 26.8358652], [80.894297, 26.8357316], [80.8955514, 26.8352648], [80.8957439, 26.8353481], [80.8971053, 26.8349108], [80.8969574, 26.8345916], [80.8963177, 26.8332102], [80.8961601, 26.8328336], [80.8963079, 26.8327572], [80.8961635, 26.8323924], [80.8960193, 26.8317955], [80.896099, 26.8309972], [80.8960193, 26.8309782], [80.8955156, 26.8312142], [80.8948533, 26.8304081], [80.8948369, 26.8303881], [80.8946054, 26.830251], [80.8943857, 26.8299543], [80.8938664, 26.8300862], [80.8932849, 26.8314519], [80.8926004, 26.8330606], [80.892297, 26.8337582], [80.8926471, 26.8345443], [80.8926477, 26.834575], [80.892651, 26.8347404], [80.8917097, 26.8350632], [80.8911496, 26.836422], [80.8910718, 26.8366649], [80.8912574, 26.8372101]]]}}, {"type": "Feature", "properties": {"osm_id": "way/214467353", "kind": "industrial", "name": "Industrial", "lon": 81.06630758125, "lat": 26.91691266875, "area_km2": 0.3864}, "geometry": {"type": "Polygon", "coordinates": [[[81.0603291, 26.9183497], [81.0668005, 26.9147572], [81.0679702, 26.9141012], [81.0679177, 26.9139225], [81.0695778, 26.9127232], [81.0698503, 26.9128378], [81.0704673, 26.9133498], [81.0701031, 26.913725], [81.0678562, 26.9169249], [81.0669687, 26.9181483], [81.0662719, 26.9191132], [81.0659411, 26.9197171], [81.0651042, 26.9210464], [81.0634907, 26.9228287], [81.0619434, 26.920708], [81.0603291, 26.9183497]]]}}, {"type": "Feature", "properties": {"osm_id": "way/214733978", "kind": "school", "name": "Central Academy", "lon": 80.94165298, "lat": 26.933133020000003}, "geometry": {"type": "Point", "coordinates": [80.94165298, 26.933133020000003]}}, {"type": "Feature", "properties": {"osm_id": "way/214750347", "kind": "school", "name": "School", "lon": 80.94292978, "lat": 26.939773479999996}, "geometry": {"type": "Point", "coordinates": [80.94292978, 26.939773479999996]}}, {"type": "Feature", "properties": {"osm_id": "way/214823970", "kind": "hospital", "name": "Sanjay Gandhi Postgraduate Institute of Medical Sciences & Hospital", "lon": 80.9379920744186, "lat": 26.74823401395349}, "geometry": {"type": "Point", "coordinates": [80.9379920744186, 26.74823401395349]}}, {"type": "Feature", "properties": {"osm_id": "way/214848691", "kind": "industrial", "name": "Industrial", "lon": 80.86327050714286, "lat": 26.777397307142856, "area_km2": 0.3173}, "geometry": {"type": "Polygon", "coordinates": [[[80.8643701, 26.7812575], [80.8660183, 26.7799734], [80.8658784, 26.7732961], [80.8655363, 26.7726159], [80.8615945, 26.773782], [80.8607159, 26.7745525], [80.8613379, 26.7758505], [80.8609259, 26.7762808], [80.8618122, 26.777204], [80.8631261, 26.7774261], [80.863577, 26.7794251], [80.863235, 26.7796333], [80.8632894, 26.7810076], [80.8643701, 26.7812575]]]}}, {"type": "Feature", "properties": {"osm_id": "way/214848692", "kind": "industrial", "name": "Industrial", "lon": 80.86707644285714, "lat": 26.76937655238095, "area_km2": 0.3408}, "geometry": {"type": "Polygon", "coordinates": [[[80.8643908, 26.76828], [80.8672302, 26.7659215], [80.8695585, 26.7640121], [80.8717025, 26.7674063], [80.8704353, 26.7679953], [80.8695914, 26.7685279], [80.8686101, 26.7692764], [80.8683435, 26.7696126], [80.8683243, 26.7698777], [80.8689372, 26.7717502], [80.8689537, 26.7724644], [80.8659466, 26.7725674], [80.8652649, 26.7714238], [80.8652071, 26.7706974], [80.8654408, 26.7705182], [80.8654683, 26.7703096], [80.8652896, 26.7698949], [80.8654518, 26.7697771], [80.8652209, 26.769112], [80.864847, 26.7692028], [80.8643908, 26.76828]]]}}, {"type": "Feature", "properties": {"osm_id": "way/214848693", "kind": "industrial", "name": "Industrial", "lon": 80.871385, "lat": 26.770223590909094, "area_km2": 0.2137}, "geometry": {"type": "Polygon", "coordinates": [[[80.8752268, 26.7660624], [80.875892, 26.7674564], [80.8749602, 26.7676895], [80.8736792, 26.7687007], [80.8732779, 26.7688528], [80.8719722, 26.7696873], [80.8706968, 26.7705732], [80.8707188, 26.7730789], [80.870727, 26.7734495], [80.8709992, 26.7745759], [80.8692235, 26.7748336], [80.869163, 26.7740998], [80.8692235, 26.7732139], [80.8693087, 26.7724801], [80.8692977, 26.7716776], [80.8688854, 26.7702493], [80.8686929, 26.7696725], [80.8694818, 26.7689633], [80.8703037, 26.7683252], [80.8709112, 26.7679988], [80.8726017, 26.7672159], [80.8752268, 26.7660624]]]}}, {"type": "Feature", "properties": {"osm_id": "way/214848694", "kind": "industrial", "name": "Industrial", "lon": 80.86817588, "lat": 26.7772814, "area_km2": 0.0318}, "geometry": {"type": "Polygon", "coordinates": [[[80.8690894, 26.7759765], [80.8663955, 26.7784371], [80.8670369, 26.7789993], [80.8692682, 26.7770176], [80.8690894, 26.7759765]]]}}, {"type": "Feature", "properties": {"osm_id": "way/214848696", "kind": "industrial", "name": "Industrial", "lon": 80.86736886, "lat": 26.77591056, "area_km2": 0.0548}, "geometry": {"type": "Polygon", "coordinates": [[[80.8663255, 26.7754386], [80.8663138, 26.778156], [80.8690389, 26.7757405], [80.8688406, 26.7747791], [80.8663255, 26.7754386]]]}}, {"type": "Feature", "properties": {"osm_id": "way/214848697", "kind": "industrial", "name": "Industrial", "lon": 80.86731975714285, "lat": 26.77355312857143, "area_km2": 0.0628}, "geometry": {"type": "Polygon", "coordinates": [[[80.8660683, 26.7727734], [80.866203, 26.7731833], [80.8662552, 26.77523], [80.8688088, 26.7744937], [80.8688555, 26.7737379], [80.8689792, 26.7726802], [80.8660683, 26.7727734]]]}}, {"type": "Feature", "properties": {"osm_id": "way/214848698", "kind": "industrial", "name": "Industrial", "lon": 80.870724425, "lat": 26.7641869, "area_km2": 0.2056}, "geometry": {"type": "Polygon", "coordinates": [[[80.8689008, 26.7643205], [80.8696199, 26.7637652], [80.8719057, 26.7673124], [80.87514, 26.7658304], [80.8728348, 26.7622137], [80.8702924, 26.7622415], [80.868201, 26.763491], [80.8689008, 26.7643205]]]}}, {"type": "Feature", "properties": {"osm_id": "way/215325214", "kind": "industrial", "name": "Industrial", "lon": 80.88670836363636, "lat": 26.871541463636365, "area_km2": 0.0265}, "geometry": {"type": "Polygon", "coordinates": [[[80.8863548, 26.8727564], [80.8863385, 26.8717653], [80.8864926, 26.8717089], [80.88641, 26.8714659], [80.8860084, 26.8707861], [80.8868007, 26.8706683], [80.8867897, 26.8705334], [80.8871886, 26.8705039], [80.8872876, 26.8712769], [80.8877663, 26.8727346], [80.8863548, 26.8727564]]]}}, {"type": "Feature", "properties": {"osm_id": "way/215327649", "kind": "school", "name": "Exon Montessori School Campbell Road Branch", "lon": 80.87848996, "lat": 26.853195640000003}, "geometry": {"type": "Point", "coordinates": [80.87848996, 26.853195640000003]}}, {"type": "Feature", "properties": {"osm_id": "way/215330911", "kind": "school", "name": "School", "lon": 80.83917584444444, "lat": 26.83363441111111}, "geometry": {"type": "Point", "coordinates": [80.83917584444444, 26.83363441111111]}}, {"type": "Feature", "properties": {"osm_id": "way/217789459", "kind": "industrial", "name": "Industrial", "lon": 80.8371989675, "lat": 26.7696905675, "area_km2": 0.1813}, "geometry": {"type": "Polygon", "coordinates": [[[80.8289095, 26.7646279], [80.8286478, 26.7649156], [80.8329078, 26.7679686], [80.8366141, 26.770637], [80.8368681, 26.7708688], [80.8370806, 26.7710764], [80.8371263, 26.7710306], [80.8372078, 26.771006], [80.8373583, 26.7712158], [80.8378092, 26.7715485], [80.8381319, 26.7716263], [80.8393122, 26.7724301], [80.8396496, 26.7720749], [80.8404654, 26.7726594], [80.8406618, 26.7727965], [80.8427692, 26.771423], [80.8432073, 26.7711398], [80.84323, 26.7707464], [80.8423487, 26.7695415], [80.8421599, 26.769546], [80.8415204, 26.7686018], [80.8402992, 26.7688199], [80.840974, 26.7696123], [80.8390757, 26.7708413], [80.838927, 26.7709386], [80.8388364, 26.7708375], [80.8381515, 26.7713118], [80.8372854, 26.7706689], [80.8368523, 26.7701743], [80.8367239, 26.7702575], [80.8353039, 26.7692257], [80.8355884, 26.7690166], [80.8346115, 26.7679016], [80.8344276, 26.7680455], [80.8343622, 26.7679286], [80.8344553, 26.7678229], [80.8340827, 26.7676408], [80.8335993, 26.7679893], [80.831507, 26.7664808], [80.8289095, 26.7646279]]]}}, {"type": "Feature", "properties": {"osm_id": "way/217851355", "kind": "industrial", "name": "Industrial", "lon": 80.84087106363637, "lat": 26.766847163636363, "area_km2": 0.1372}, "geometry": {"type": "Polygon", "coordinates": [[[80.8380975, 26.7663417], [80.8399122, 26.7683866], [80.8404346, 26.7685683], [80.8415042, 26.768367], [80.8428818, 26.7683916], [80.843011, 26.767466], [80.8435362, 26.7662459], [80.841045, 26.7652468], [80.8406188, 26.7650405], [80.8404429, 26.7649227], [80.8380975, 26.7663417]]]}}, {"type": "Feature", "properties": {"osm_id": "way/217851358", "kind": "industrial", "name": "Industrial", "lon": 80.83876630625, "lat": 26.76877815, "area_km2": 0.1098}, "geometry": {"type": "Polygon", "coordinates": [[[80.8380346, 26.7663788], [80.8366312, 26.7672063], [80.8364156, 26.7679938], [80.8374715, 26.769695], [80.8379362, 26.7694741], [80.8381176, 26.7697318], [80.8383239, 26.7696385], [80.8386318, 26.770132], [80.8390757, 26.7708413], [80.840974, 26.7696123], [80.8402992, 26.7688199], [80.8401743, 26.7688677], [80.8400588, 26.7686738], [80.8402128, 26.7685608], [80.8398691, 26.7684455], [80.8380346, 26.7663788]]]}}, {"type": "Feature", "properties": {"osm_id": "way/217851359", "kind": "industrial", "name": "Industrial", "lon": 80.85138229090909, "lat": 26.737044318181816, "area_km2": 0.5906}, "geometry": {"type": "Polygon", "coordinates": [[[80.8530818, 26.7320768], [80.8472273, 26.7346344], [80.8466346, 26.7348933], [80.8487072, 26.7405469], [80.849271, 26.740606], [80.8498038, 26.74054], [80.8505309, 26.7403212], [80.8550766, 26.7389946], [80.8571569, 26.738373], [80.8546333, 26.7344245], [80.8530818, 26.7320768]]]}}, {"type": "Feature", "properties": {"osm_id": "way/232975260", "kind": "hospital", "name": "Sushma Hospital", "lon": 81.00265208, "lat": 26.873625399999998}, "geometry": {"type": "Point", "coordinates": [81.00265208, 26.873625399999998]}}, {"type": "Feature", "properties": {"osm_id": "way/263974835", "kind": "hospital", "name": "Vivekananda Polyclinic and Institute Of Medical Sciences", "lon": 80.9438972125, "lat": 26.875305400000002}, "geometry": {"type": "Point", "coordinates": [80.9438972125, 26.875305400000002]}}, {"type": "Feature", "properties": {"osm_id": "way/416085607", "kind": "school", "name": "Backfield", "lon": 80.94238778333333, "lat": 26.852785483333335}, "geometry": {"type": "Point", "coordinates": [80.94238778333333, 26.852785483333335]}}, {"type": "Feature", "properties": {"osm_id": "way/416085609", "kind": "school", "name": "Frontfield", "lon": 80.94318946, "lat": 26.85186842}, "geometry": {"type": "Point", "coordinates": [80.94318946, 26.85186842]}}, {"type": "Feature", "properties": {"osm_id": "way/416103513", "kind": "school", "name": "Central Academy", "lon": 81.00008404, "lat": 26.88249398}, "geometry": {"type": "Point", "coordinates": [81.00008404, 26.88249398]}}, {"type": "Feature", "properties": {"osm_id": "way/510239078", "kind": "hospital", "name": "Aarogyam Narayana", "lon": 81.0097925, "lat": 26.80482001111111}, "geometry": {"type": "Point", "coordinates": [81.0097925, 26.80482001111111]}}, {"type": "Feature", "properties": {"osm_id": "way/752830439", "kind": "hospital", "name": "CHC Indira Nagar", "lon": 80.98655875454546, "lat": 26.879399236363636}, "geometry": {"type": "Point", "coordinates": [80.98655875454546, 26.879399236363636]}}, {"type": "Feature", "properties": {"osm_id": "way/962136973", "kind": "school", "name": "Rani Laxmi Bai Memorial School", "lon": 81.00282968, "lat": 26.878798619999998}, "geometry": {"type": "Point", "coordinates": [81.00282968, 26.878798619999998]}}, {"type": "Feature", "properties": {"osm_id": "way/967995733", "kind": "school", "name": "School", "lon": 81.01114004, "lat": 26.851775179999997}, "geometry": {"type": "Point", "coordinates": [81.01114004, 26.851775179999997]}}, {"type": "Feature", "properties": {"osm_id": "way/1124280750", "kind": "school", "name": "Technical School Ground", "lon": 80.88442297142856, "lat": 26.794645728571428}, "geometry": {"type": "Point", "coordinates": [80.88442297142856, 26.794645728571428]}}, {"type": "Feature", "properties": {"osm_id": "way/1124288527", "kind": "school", "name": "Janta Inter College", "lon": 80.9050133, "lat": 26.812021284615387}, "geometry": {"type": "Point", "coordinates": [80.9050133, 26.812021284615387]}}, {"type": "Feature", "properties": {"osm_id": "way/1140814494", "kind": "hospital", "name": "Health and Family Welfare Training Centre", "lon": 80.98602928, "lat": 26.879889779999996}, "geometry": {"type": "Point", "coordinates": [80.98602928, 26.879889779999996]}}, {"type": "Feature", "properties": {"osm_id": "way/1172194225", "kind": "school", "name": "School", "lon": 80.88664642, "lat": 26.811905439999997}, "geometry": {"type": "Point", "coordinates": [80.88664642, 26.811905439999997]}}, {"type": "Feature", "properties": {"osm_id": "way/1172776593", "kind": "school", "name": "Delhi Public School", "lon": 80.94053470000001, "lat": 26.764322785714285}, "geometry": {"type": "Point", "coordinates": [80.94053470000001, 26.764322785714285]}}, {"type": "Feature", "properties": {"osm_id": "way/1176647186", "kind": "school", "name": "C Block", "lon": 80.90443862, "lat": 26.7954231}, "geometry": {"type": "Point", "coordinates": [80.90443862, 26.7954231]}}, {"type": "Feature", "properties": {"osm_id": "way/1258222131", "kind": "school", "name": "Mary Gardiner Convent school", "lon": 80.9167886, "lat": 26.773680157142856}, "geometry": {"type": "Point", "coordinates": [80.9167886, 26.773680157142856]}}, {"type": "Feature", "properties": {"osm_id": "way/1258333080", "kind": "school", "name": "Awadh Bus Station", "lon": 81.01659274, "lat": 26.8726628}, "geometry": {"type": "Point", "coordinates": [81.01659274, 26.8726628]}}, {"type": "Feature", "properties": {"osm_id": "way/1271226407", "kind": "hospital", "name": "Medanta hospital", "lon": 80.98579861428571, "lat": 26.777154857142857}, "geometry": {"type": "Point", "coordinates": [80.98579861428571, 26.777154857142857]}}, {"type": "Feature", "properties": {"osm_id": "way/1356602368", "kind": "hospital", "name": "Unani Hospital", "lon": 80.91827181666666, "lat": 26.769714550000003}, "geometry": {"type": "Point", "coordinates": [80.91827181666666, 26.769714550000003]}}, {"type": "Feature", "properties": {"osm_id": "way/1360699134", "kind": "school", "name": "RLB Ground", "lon": 80.9988647, "lat": 26.889586771428572}, "geometry": {"type": "Point", "coordinates": [80.9988647, 26.889586771428572]}}, {"type": "Feature", "properties": {"osm_id": "way/1360909049", "kind": "industrial", "name": "Lucknow Airport Bus Depot", "lon": 80.88553984, "lat": 26.763881020000003, "area_km2": 0.0026}, "geometry": {"type": "Polygon", "coordinates": [[[80.8853332, 26.7640581], [80.8858489, 26.7640699], [80.885854, 26.7636174], [80.8853299, 26.7636016], [80.8853332, 26.7640581]]]}}, {"type": "Feature", "properties": {"osm_id": "way/1419359930", "kind": "school", "name": "La Martiniere College - Junior School", "lon": 80.95825325, "lat": 26.8371313125}, "geometry": {"type": "Point", "coordinates": [80.95825325, 26.8371313125]}}, {"type": "Feature", "properties": {"osm_id": "way/1455075289", "kind": "school", "name": "Meridian School", "lon": 80.9678494, "lat": 26.88398062}, "geometry": {"type": "Point", "coordinates": [80.9678494, 26.88398062]}}, {"type": "Feature", "properties": {"osm_id": "way/1455075291", "kind": "hospital", "name": "Avicenna Hospital", "lon": 80.96730704000001, "lat": 26.8831317}, "geometry": {"type": "Point", "coordinates": [80.96730704000001, 26.8831317]}}, {"type": "Feature", "properties": {"osm_id": "way/1455075292", "kind": "school", "name": "Motherland Convent School", "lon": 80.96685362000001, "lat": 26.881994279999997}, "geometry": {"type": "Point", "coordinates": [80.96685362000001, 26.881994279999997]}}, {"type": "Feature", "properties": {"osm_id": "way/1455128007", "kind": "hospital", "name": "Regency Health Hospital", "lon": 80.96778316, "lat": 26.898536639999996}, "geometry": {"type": "Point", "coordinates": [80.96778316, 26.898536639999996]}}, {"type": "Feature", "properties": {"osm_id": "way/1455439860", "kind": "industrial", "name": "Industrial", "lon": 80.97008754666668, "lat": 26.86201152, "area_km2": 0.0398}, "geometry": {"type": "Polygon", "coordinates": [[[80.969131, 26.8633448], [80.9697022, 26.8635174], [80.9704697, 26.8628515], [80.9707477, 26.8625981], [80.9709955, 26.8622396], [80.9706178, 26.8617274], [80.9705725, 26.8615899], [80.97079, 26.8610966], [80.9709351, 26.8607219], [80.9708263, 26.860676], [80.9701464, 26.8610292], [80.9693093, 26.8614201], [80.9688832, 26.8615522], [80.9690555, 26.8624633], [80.969131, 26.8633448]]]}}, {"type": "Feature", "properties": {"osm_id": "way/1457971382", "kind": "school", "name": "Sanskar Public School", "lon": 80.97900606, "lat": 26.88176656}, "geometry": {"type": "Point", "coordinates": [80.97900606, 26.88176656]}}, {"type": "Feature", "properties": {"osm_id": "way/1457991543", "kind": "hospital", "name": "Shekhar Hospital", "lon": 80.9855836, "lat": 26.8765508}, "geometry": {"type": "Point", "coordinates": [80.9855836, 26.8765508]}}, {"type": "Feature", "properties": {"osm_id": "way/1460038465", "kind": "school", "name": "School", "lon": 80.96181927777778, "lat": 26.871351088888886}, "geometry": {"type": "Point", "coordinates": [80.96181927777778, 26.871351088888886]}}, {"type": "Feature", "properties": {"osm_id": "way/1460038466", "kind": "school", "name": "School", "lon": 80.95537903571429, "lat": 26.873126000000003}, "geometry": {"type": "Point", "coordinates": [80.95537903571429, 26.873126000000003]}}, {"type": "Feature", "properties": {"osm_id": "way/1462556405", "kind": "school", "name": "School", "lon": 80.85924856, "lat": 26.888125539999997}, "geometry": {"type": "Point", "coordinates": [80.85924856, 26.888125539999997]}}, {"type": "Feature", "properties": {"osm_id": "way/1462556406", "kind": "school", "name": "School", "lon": 80.85841976, "lat": 26.888635139999998}, "geometry": {"type": "Point", "coordinates": [80.85841976, 26.888635139999998]}}, {"type": "Feature", "properties": {"osm_id": "way/1471870906", "kind": "hospital", "name": "Ram Manohar Lohia Combined Hospital - Admin Block", "lon": 81.00512834, "lat": 26.8707161}, "geometry": {"type": "Point", "coordinates": [81.00512834, 26.8707161]}}, {"type": "Feature", "properties": {"osm_id": "way/1497900332", "kind": "school", "name": "Shakti Vidya Peeth", "lon": 81.03818184000001, "lat": 26.86743336}, "geometry": {"type": "Point", "coordinates": [81.03818184000001, 26.86743336]}}, {"type": "Feature", "properties": {"osm_id": "way/1498117330", "kind": "school", "name": "Siddhant World School", "lon": 81.03887062, "lat": 26.866646579999998}, "geometry": {"type": "Point", "coordinates": [81.03887062, 26.866646579999998]}}, {"type": "Feature", "properties": {"osm_id": "way/1521361644", "kind": "school", "name": "H.A.L. Junior School", "lon": 80.98491817777777, "lat": 26.86662281111111}, "geometry": {"type": "Point", "coordinates": [80.98491817777777, 26.86662281111111]}}, {"type": "Feature", "properties": {"osm_id": "way/1521361645", "kind": "hospital", "name": "H.A.L. Hospital", "lon": 80.98791226, "lat": 26.86813482}, "geometry": {"type": "Point", "coordinates": [80.98791226, 26.86813482]}}]}