{"type": "FeatureCollection", "features": [{"type": "Feature", "properties": {"osm_id": "node/249132373", "kind": "hospital", "name": "Paras Hospital, Gurgaon", "lon": 77.0875533, "lat": 28.4509689}, "geometry": {"type": "Point", "coordinates": [77.0875533, 28.4509689]}}, {"type": "Feature", "properties": {"osm_id": "node/266378530", "kind": "school", "name": "Heritage International School", "lon": 77.166546, "lat": 28.5084497}, "geometry": {"type": "Point", "coordinates": [77.166546, 28.5084497]}}, {"type": "Feature", "properties": {"osm_id": "node/266378545", "kind": "school", "name": "Deep Public School", "lon": 77.1634819, "lat": 28.5117155}, "geometry": {"type": "Point", "coordinates": [77.1634819, 28.5117155]}}, {"type": "Feature", "properties": {"osm_id": "node/266535263", "kind": "hospital", "name": "Max Hospital", "lon": 77.0759312, "lat": 28.462841}, "geometry": {"type": "Point", "coordinates": [77.0759312, 28.462841]}}, {"type": "Feature", "properties": {"osm_id": "node/271335768", "kind": "school", "name": "School", "lon": 77.1384019, "lat": 28.4896385}, "geometry": {"type": "Point", "coordinates": [77.1384019, 28.4896385]}}, {"type": "Feature", "properties": {"osm_id": "node/300138103", "kind": "hospital", "name": "Prakash Hospital Pvt Ltd", "lon": 77.3494026, "lat": 28.5854878}, "geometry": {"type": "Point", "coordinates": [77.3494026, 28.5854878]}}, {"type": "Feature", "properties": {"osm_id": "node/312101676", "kind": "school", "name": "Delhi Public School, Primary Section", "lon": 77.0525305, "lat": 28.4295352}, "geometry": {"type": "Point", "coordinates": [77.0525305, 28.4295352]}}, {"type": "Feature", "properties": {"osm_id": "node/312101690", "kind": "school", "name": "CR Model Public School", "lon": 77.0458728, "lat": 28.4463106}, "geometry": {"type": "Point", "coordinates": [77.0458728, 28.4463106]}}, {"type": "Feature", "properties": {"osm_id": "node/335970186", "kind": "school", "name": "Salvan Public School", "lon": 77.0465147, "lat": 28.4636101}, "geometry": {"type": "Point", "coordinates": [77.0465147, 28.4636101]}}, {"type": "Feature", "properties": {"osm_id": "node/414735815", "kind": "hospital", "name": "Pushpanjali Hospital", "lon": 77.0328448, "lat": 28.4508125}, "geometry": {"type": "Point", "coordinates": [77.0328448, 28.4508125]}}, {"type": "Feature", "properties": {"osm_id": "node/482664044", "kind": "school", "name": "Stones2milestones", "lon": 77.0783203, "lat": 28.4539934}, "geometry": {"type": "Point", "coordinates": [77.0783203, 28.4539934]}}, {"type": "Feature", "properties": {"osm_id": "node/632050626", "kind": "hospital", "name": "Base Hospital Delhi Cantt", "lon": 77.1366732, "lat": 28.6082403}, "geometry": {"type": "Point", "coordinates": [77.1366732, 28.6082403]}}, {"type": "Feature", "properties": {"osm_id": "node/709795355", "kind": "school", "name": "Government Boys and Girls Senior Secondary School", "lon": 76.9877135, "lat": 28.6114104}, "geometry": {"type": "Point", "coordinates": [76.9877135, 28.6114104]}}, {"type": "Feature", "properties": {"osm_id": "node/762031713", "kind": "hospital", "name": "Saint soham hospital private", "lon": 77.0352715, "lat": 28.7983668}, "geometry": {"type": "Point", "coordinates": [77.0352715, 28.7983668]}}, {"type": "Feature", "properties": {"osm_id": "node/762031718", "kind": "hospital", "name": "Dr. Indra Hospital", "lon": 77.0354003, "lat": 28.7980095}, "geometry": {"type": "Point", "coordinates": [77.0354003, 28.7980095]}}, {"type": "Feature", "properties": {"osm_id": "node/762031725", "kind": "hospital", "name": "Dr. Rajeev Hospital", "lon": 77.0353788, "lat": 28.8006984}, "geometry": {"type": "Point", "coordinates": [77.0353788, 28.8006984]}}, {"type": "Feature", "properties": {"osm_id": "node/762031788", "kind": "hospital", "name": "Bawana Dispensary", "lon": 77.0374388, "lat": 28.8012625}, "geometry": {"type": "Point", "coordinates": [77.0374388, 28.8012625]}}, {"type": "Feature", "properties": {"osm_id": "node/762031791", "kind": "school", "name": "Government(Bada school)", "lon": 77.0372885, "lat": 28.7946905}, "geometry": {"type": "Point", "coordinates": [77.0372885, 28.7946905]}}, {"type": "Feature", "properties": {"osm_id": "node/883881204", "kind": "school", "name": "School", "lon": 77.177701, "lat": 28.5962679}, "geometry": {"type": "Point", "coordinates": [77.177701, 28.5962679]}}, {"type": "Feature", "properties": {"osm_id": "node/915724540", "kind": "hospital", "name": "Kailash Hospital & Heart Institute", "lon": 77.3314139, "lat": 28.577404}, "geometry": {"type": "Point", "coordinates": [77.3314139, 28.577404]}}, {"type": "Feature", "properties": {"osm_id": "node/928491343", "kind": "hospital", "name": "Delhi Heart and Lung Institute Super Speciality Hospital", "lon": 77.2052683, "lat": 28.6416777}, "geometry": {"type": "Point", "coordinates": [77.2052683, 28.6416777]}}, {"type": "Feature", "properties": {"osm_id": "node/939235096", "kind": "hospital", "name": "Indraprastha Apollo Hospital", "lon": 77.2834999, "lat": 28.5408389}, "geometry": {"type": "Point", "coordinates": [77.2834999, 28.5408389]}}, {"type": "Feature", "properties": {"osm_id": "node/992920693", "kind": "hospital", "name": "Ayushman Hospital", "lon": 77.0493833, "lat": 28.5965201}, "geometry": {"type": "Point", "coordinates": [77.0493833, 28.5965201]}}, {"type": "Feature", "properties": {"osm_id": "node/995630812", "kind": "hospital", "name": "Govt Dispensory", "lon": 77.0573761, "lat": 28.5866431}, "geometry": {"type": "Point", "coordinates": [77.0573761, 28.5866431]}}, {"type": "Feature", "properties": {"osm_id": "node/1014267009", "kind": "hospital", "name": "Ayurvedic Mental Hospital", "lon": 77.1497987, "lat": 28.7237864}, "geometry": {"type": "Point", "coordinates": [77.1497987, 28.7237864]}}, {"type": "Feature", "properties": {"osm_id": "node/1116432336", "kind": "school", "name": "Govt. Girls Senior Secondary School", "lon": 77.1842457, "lat": 28.573859}, "geometry": {"type": "Point", "coordinates": [77.1842457, 28.573859]}}, {"type": "Feature", "properties": {"osm_id": "node/1116433509", "kind": "school", "name": "DPS International School", "lon": 77.1783234, "lat": 28.5697886}, "geometry": {"type": "Point", "coordinates": [77.1783234, 28.5697886]}}, {"type": "Feature", "properties": {"osm_id": "node/1116434111", "kind": "school", "name": "Jose Martin Sarvodya Vidyalya", "lon": 77.1781517, "lat": 28.5712962}, "geometry": {"type": "Point", "coordinates": [77.1781517, 28.5712962]}}, {"type": "Feature", "properties": {"osm_id": "node/1135148185", "kind": "hospital", "name": "Sukhda Hospital", "lon": 77.2445375, "lat": 28.5469254}, "geometry": {"type": "Point", "coordinates": [77.2445375, 28.5469254]}}, {"type": "Feature", "properties": {"osm_id": "node/1305481210", "kind": "hospital", "name": "Ram Lal Kundan Lal Orthopaedic Hospital", "lon": 77.2866841, "lat": 28.6179569}, "geometry": {"type": "Point", "coordinates": [77.2866841, 28.6179569]}}, {"type": "Feature", "properties": {"osm_id": "node/1305488151", "kind": "hospital", "name": "Dr. Shyama Prasad Mukherjee Chest Hospital", "lon": 77.2898985, "lat": 28.6140205}, "geometry": {"type": "Point", "coordinates": [77.2898985, 28.6140205]}}, {"type": "Feature", "properties": {"osm_id": "node/1355998753", "kind": "hospital", "name": "Yashoda Super Speciality Hospital, Anand Vihar", "lon": 77.3287535, "lat": 28.6450931}, "geometry": {"type": "Point", "coordinates": [77.3287535, 28.6450931]}}, {"type": "Feature", "properties": {"osm_id": "node/1363453179", "kind": "school", "name": "NIIT - New Friends Colony, South Delhi", "lon": 77.2667188, "lat": 28.5603226}, "geometry": {"type": "Point", "coordinates": [77.2667188, 28.5603226]}}, {"type": "Feature", "properties": {"osm_id": "node/1371226158", "kind": "hospital", "name": "Sitaram Bhartia", "lon": 77.0824741, "lat": 28.4675077}, "geometry": {"type": "Point", "coordinates": [77.0824741, 28.4675077]}}, {"type": "Feature", "properties": {"osm_id": "node/1373657269", "kind": "school", "name": "School", "lon": 77.0787484, "lat": 28.4616751}, "geometry": {"type": "Point", "coordinates": [77.0787484, 28.4616751]}}, {"type": "Feature", "properties": {"osm_id": "node/1374470984", "kind": "school", "name": "Sumermal Jain Public School", "lon": 77.0940113, "lat": 28.6300965}, "geometry": {"type": "Point", "coordinates": [77.0940113, 28.6300965]}}, {"type": "Feature", "properties": {"osm_id": "node/1384029750", "kind": "school", "name": "American Montessori", "lon": 77.080977, "lat": 28.4850535}, "geometry": {"type": "Point", "coordinates": [77.080977, 28.4850535]}}, {"type": "Feature", "properties": {"osm_id": "node/1390067640", "kind": "school", "name": "Kamla International", "lon": 77.0612, "lat": 28.418088}, "geometry": {"type": "Point", "coordinates": [77.0612, 28.418088]}}, {"type": "Feature", "properties": {"osm_id": "node/1414804440", "kind": "school", "name": "Ratan Devi Girls Senior Sec. School", "lon": 77.2799953, "lat": 28.6614428}, "geometry": {"type": "Point", "coordinates": [77.2799953, 28.6614428]}}, {"type": "Feature", "properties": {"osm_id": "node/1420745420", "kind": "school", "name": "St. Angels (Jr)", "lon": 77.0651743, "lat": 28.4469205}, "geometry": {"type": "Point", "coordinates": [77.0651743, 28.4469205]}}, {"type": "Feature", "properties": {"osm_id": "node/1420745423", "kind": "school", "name": "St. Angels (Sr)", "lon": 77.0695058, "lat": 28.4419185}, "geometry": {"type": "Point", "coordinates": [77.0695058, 28.4419185]}}, {"type": "Feature", "properties": {"osm_id": "node/1528713073", "kind": "hospital", "name": "Sujan Mohinder Singh Hospital", "lon": 77.2685753, "lat": 28.5629027}, "geometry": {"type": "Point", "coordinates": [77.2685753, 28.5629027]}}, {"type": "Feature", "properties": {"osm_id": "node/1643999814", "kind": "school", "name": "Delhi Public School, Dwarka", "lon": 77.0479506, "lat": 28.6059739}, "geometry": {"type": "Point", "coordinates": [77.0479506, 28.6059739]}}, {"type": "Feature", "properties": {"osm_id": "node/1764307594", "kind": "school", "name": "Holy Cross School", "lon": 76.9811687, "lat": 28.6147687}, "geometry": {"type": "Point", "coordinates": [76.9811687, 28.6147687]}}, {"type": "Feature", "properties": {"osm_id": "node/1772537472", "kind": "school", "name": "School", "lon": 76.9837474, "lat": 28.6182087}, "geometry": {"type": "Point", "coordinates": [76.9837474, 28.6182087]}}, {"type": "Feature", "properties": {"osm_id": "node/1777019272", "kind": "school", "name": "Krishna Model School", "lon": 76.985117, "lat": 28.6060798}, "geometry": {"type": "Point", "coordinates": [76.985117, 28.6060798]}}, {"type": "Feature", "properties": {"osm_id": "node/1810006797", "kind": "school", "name": "Mitraon Govt School", "lon": 76.9396906, "lat": 28.6067575}, "geometry": {"type": "Point", "coordinates": [76.9396906, 28.6067575]}}, {"type": "Feature", "properties": {"osm_id": "node/1810981109", "kind": "school", "name": "Ujwa Govt School", "lon": 76.9036618, "lat": 28.5704851}, "geometry": {"type": "Point", "coordinates": [76.9036618, 28.5704851]}}, {"type": "Feature", "properties": {"osm_id": "node/1810984760", "kind": "school", "name": "Govt Primary School Malik Pur", "lon": 76.8999464, "lat": 28.551102}, "geometry": {"type": "Point", "coordinates": [76.8999464, 28.551102]}}, {"type": "Feature", "properties": {"osm_id": "node/1811065365", "kind": "school", "name": "Govt Primary School DaryaPur", "lon": 76.9075424, "lat": 28.552763}, "geometry": {"type": "Point", "coordinates": [76.9075424, 28.552763]}}, {"type": "Feature", "properties": {"osm_id": "node/1811342226", "kind": "hospital", "name": "PHC Ujjwa", "lon": 76.9041305, "lat": 28.5702527}, "geometry": {"type": "Point", "coordinates": [76.9041305, 28.5702527]}}, {"type": "Feature", "properties": {"osm_id": "node/1813898671", "kind": "school", "name": "Govt Senior Secondary School", "lon": 76.9317444, "lat": 28.6024715}, "geometry": {"type": "Point", "coordinates": [76.9317444, 28.6024715]}}, {"type": "Feature", "properties": {"osm_id": "node/1827509706", "kind": "hospital", "name": "NMC Hospital", "lon": 77.3402993, "lat": 28.5729253}, "geometry": {"type": "Point", "coordinates": [77.3402993, 28.5729253]}}, {"type": "Feature", "properties": {"osm_id": "node/1827531816", "kind": "school", "name": "Kendriya Vidhyalya", "lon": 77.1578285, "lat": 28.6826588}, "geometry": {"type": "Point", "coordinates": [77.1578285, 28.6826588]}}, {"type": "Feature", "properties": {"osm_id": "node/1849498487", "kind": "school", "name": "New Ideal Public School", "lon": 77.2921488, "lat": 28.5467878}, "geometry": {"type": "Point", "coordinates": [77.2921488, 28.5467878]}}, {"type": "Feature", "properties": {"osm_id": "node/1855407953", "kind": "school", "name": "Jai Bharti Public School", "lon": 77.2925361, "lat": 28.5464998}, "geometry": {"type": "Point", "coordinates": [77.2925361, 28.5464998]}}, {"type": "Feature", "properties": {"osm_id": "node/1855425194", "kind": "school", "name": "Disha Public School", "lon": 77.2929511, "lat": 28.5480622}, "geometry": {"type": "Point", "coordinates": [77.2929511, 28.5480622]}}, {"type": "Feature", "properties": {"osm_id": "node/1855425196", "kind": "school", "name": "Jasola Public School", "lon": 77.2930513, "lat": 28.5483522}, "geometry": {"type": "Point", "coordinates": [77.2930513, 28.5483522]}}, {"type": "Feature", "properties": {"osm_id": "node/1855425197", "kind": "school", "name": "MCD Public School", "lon": 77.2940566, "lat": 28.5482349}, "geometry": {"type": "Point", "coordinates": [77.2940566, 28.5482349]}}, {"type": "Feature", "properties": {"osm_id": "node/2019345544", "kind": "school", "name": "Bharat Vasisht Vidya Mandir", "lon": 77.1285742, "lat": 28.4717157}, "geometry": {"type": "Point", "coordinates": [77.1285742, 28.4717157]}}, {"type": "Feature", "properties": {"osm_id": "node/2084317885", "kind": "hospital", "name": "Bhardwaj Hospital", "lon": 77.3355783, "lat": 28.5660388}, "geometry": {"type": "Point", "coordinates": [77.3355783, 28.5660388]}}, {"type": "Feature", "properties": {"osm_id": "node/2318172256", "kind": "hospital", "name": "Goyal MRI & Diagnostic Centre", "lon": 77.1893283, "lat": 28.5647144}, "geometry": {"type": "Point", "coordinates": [77.1893283, 28.5647144]}}, {"type": "Feature", "properties": {"osm_id": "node/2384623590", "kind": "school", "name": "Cambridge Primary School", "lon": 77.2746488, "lat": 28.5662292}, "geometry": {"type": "Point", "coordinates": [77.2746488, 28.5662292]}}, {"type": "Feature", "properties": {"osm_id": "node/2408446930", "kind": "school", "name": "Delhi International School", "lon": 77.0578228, "lat": 28.5642198}, "geometry": {"type": "Point", "coordinates": [77.0578228, 28.5642198]}}, {"type": "Feature", "properties": {"osm_id": "node/2408447122", "kind": "school", "name": "Paramount International School", "lon": 77.0574223, "lat": 28.5637249}, "geometry": {"type": "Point", "coordinates": [77.0574223, 28.5637249]}}, {"type": "Feature", "properties": {"osm_id": "node/2408447131", "kind": "school", "name": "Basava International School", "lon": 77.055416, "lat": 28.5648745}, "geometry": {"type": "Point", "coordinates": [77.055416, 28.5648745]}}, {"type": "Feature", "properties": {"osm_id": "node/2408447150", "kind": "school", "name": "The Indian Heights School", "lon": 77.0527569, "lat": 28.5618483}, "geometry": {"type": "Point", "coordinates": [77.0527569, 28.5618483]}}, {"type": "Feature", "properties": {"osm_id": "node/2408447819", "kind": "school", "name": "Mount Carmel", "lon": 77.0586025, "lat": 28.560653}, "geometry": {"type": "Point", "coordinates": [77.0586025, 28.560653]}}, {"type": "Feature", "properties": {"osm_id": "node/2429361211", "kind": "hospital", "name": "MGS Hospital", "lon": 77.1346394, "lat": 28.6739027}, "geometry": {"type": "Point", "coordinates": [77.1346394, 28.6739027]}}, {"type": "Feature", "properties": {"osm_id": "node/2429361264", "kind": "hospital", "name": "Maharaja Agrasen Hospital", "lon": 77.1340566, "lat": 28.6740586}, "geometry": {"type": "Point", "coordinates": [77.1340566, 28.6740586]}}, {"type": "Feature", "properties": {"osm_id": "node/2440643098", "kind": "school", "name": "Guru Nanak Public School", "lon": 77.1326211, "lat": 28.6699013}, "geometry": {"type": "Point", "coordinates": [77.1326211, 28.6699013]}}, {"type": "Feature", "properties": {"osm_id": "node/2440648765", "kind": "school", "name": "S M Arya Public School", "lon": 77.1337166, "lat": 28.6721011}, "geometry": {"type": "Point", "coordinates": [77.1337166, 28.6721011]}}, {"type": "Feature", "properties": {"osm_id": "node/2443178755", "kind": "school", "name": "SD Public School", "lon": 77.1393322, "lat": 28.6677379}, "geometry": {"type": "Point", "coordinates": [77.1393322, 28.6677379]}}, {"type": "Feature", "properties": {"osm_id": "node/2445479220", "kind": "hospital", "name": "A One Hospital", "lon": 77.0981158, "lat": 28.67882}, "geometry": {"type": "Point", "coordinates": [77.0981158, 28.67882]}}, {"type": "Feature", "properties": {"osm_id": "node/2445809013", "kind": "school", "name": "Vishal Bharti Public School", "lon": 77.1002235, "lat": 28.6776074}, "geometry": {"type": "Point", "coordinates": [77.1002235, 28.6776074]}}, {"type": "Feature", "properties": {"osm_id": "node/2445867146", "kind": "school", "name": "St. Nirankari Public School", "lon": 77.1072725, "lat": 28.676031}, "geometry": {"type": "Point", "coordinates": [77.1072725, 28.676031]}}, {"type": "Feature", "properties": {"osm_id": "node/2445867811", "kind": "school", "name": "Rajkiya Pratibha Vikas Vidyalaya", "lon": 77.1066654, "lat": 28.6757409}, "geometry": {"type": "Point", "coordinates": [77.1066654, 28.6757409]}}, {"type": "Feature", "properties": {"osm_id": "node/2445868970", "kind": "school", "name": "Sarvodaya Vidyalaya", "lon": 77.1058706, "lat": 28.6750003}, "geometry": {"type": "Point", "coordinates": [77.1058706, 28.6750003]}}, {"type": "Feature", "properties": {"osm_id": "node/2445913262", "kind": "school", "name": "Government Higher Secondary School", "lon": 77.1271291, "lat": 28.6739957}, "geometry": {"type": "Point", "coordinates": [77.1271291, 28.6739957]}}, {"type": "Feature", "properties": {"osm_id": "node/2445937588", "kind": "school", "name": "Sarvodaya Co-Educational School", "lon": 77.1497669, "lat": 28.6692325}, "geometry": {"type": "Point", "coordinates": [77.1497669, 28.6692325]}}, {"type": "Feature", "properties": {"osm_id": "node/2445989850", "kind": "school", "name": "Government Senior Secondary School", "lon": 77.1658655, "lat": 28.6535437}, "geometry": {"type": "Point", "coordinates": [77.1658655, 28.6535437]}}, {"type": "Feature", "properties": {"osm_id": "node/2445989851", "kind": "school", "name": "Sarvodaya Kanya Vidyalaya", "lon": 77.1655973, "lat": 28.652348}, "geometry": {"type": "Point", "coordinates": [77.1655973, 28.652348]}}, {"type": "Feature", "properties": {"osm_id": "node/2445991452", "kind": "school", "name": "Govt. Boys HB School", "lon": 77.1660801, "lat": 28.6541792}, "geometry": {"type": "Point", "coordinates": [77.1660801, 28.6541792]}}, {"type": "Feature", "properties": {"osm_id": "node/2445992231", "kind": "school", "name": "DAV School", "lon": 77.1680059, "lat": 28.6471225}, "geometry": {"type": "Point", "coordinates": [77.1680059, 28.6471225]}}, {"type": "Feature", "properties": {"osm_id": "node/2446000268", "kind": "school", "name": "Vidya Bhawan Senior Secondary School", "lon": 77.1763691, "lat": 28.6387283}, "geometry": {"type": "Point", "coordinates": [77.1763691, 28.6387283]}}, {"type": "Feature", "properties": {"osm_id": "node/2446002922", "kind": "school", "name": "Sindhi Higher Secondary School", "lon": 77.1778604, "lat": 28.6357621}, "geometry": {"type": "Point", "coordinates": [77.1778604, 28.6357621]}}, {"type": "Feature", "properties": {"osm_id": "node/2446006348", "kind": "school", "name": "Manav Sthali School", "lon": 77.1782466, "lat": 28.6352772}, "geometry": {"type": "Point", "coordinates": [77.1782466, 28.6352772]}}, {"type": "Feature", "properties": {"osm_id": "node/2446006877", "kind": "school", "name": "Andh Kanya Vidyalaya", "lon": 77.1803119, "lat": 28.6368309}, "geometry": {"type": "Point", "coordinates": [77.1803119, 28.6368309]}}, {"type": "Feature", "properties": {"osm_id": "node/2446009092", "kind": "school", "name": "DI Khan Bharati Sabha Higher Secondary School", "lon": 77.1795502, "lat": 28.6307618}, "geometry": {"type": "Point", "coordinates": [77.1795502, 28.6307618]}}, {"type": "Feature", "properties": {"osm_id": "node/2446009093", "kind": "school", "name": "Bapu Adarsh Vidyalaya", "lon": 77.1804675, "lat": 28.6306394}, "geometry": {"type": "Point", "coordinates": [77.1804675, 28.6306394]}}, {"type": "Feature", "properties": {"osm_id": "node/2446010483", "kind": "school", "name": "Swami Dayanand Govt. Sarvodaya Vidyalaya", "lon": 77.1856155, "lat": 28.6397954}, "geometry": {"type": "Point", "coordinates": [77.1856155, 28.6397954]}}, {"type": "Feature", "properties": {"osm_id": "node/2446010582", "kind": "school", "name": "GD Salwan Public School", "lon": 77.1858677, "lat": 28.6403133}, "geometry": {"type": "Point", "coordinates": [77.1858677, 28.6403133]}}, {"type": "Feature", "properties": {"osm_id": "node/2801370105", "kind": "school", "name": "Don Bosco School", "lon": 77.2473321, "lat": 28.5285072}, "geometry": {"type": "Point", "coordinates": [77.2473321, 28.5285072]}}, {"type": "Feature", "properties": {"osm_id": "node/2833952245", "kind": "school", "name": "M B Boys School", "lon": 77.2002755, "lat": 28.6350118}, "geometry": {"type": "Point", "coordinates": [77.2002755, 28.6350118]}}, {"type": "Feature", "properties": {"osm_id": "node/2885181536", "kind": "hospital", "name": "Majeedia Hospital", "lon": 77.2518253, "lat": 28.5148169}, "geometry": {"type": "Point", "coordinates": [77.2518253, 28.5148169]}}, {"type": "Feature", "properties": {"osm_id": "node/2906769891", "kind": "school", "name": "govt sec school", "lon": 77.0327425, "lat": 28.4618627}, "geometry": {"type": "Point", "coordinates": [77.0327425, 28.4618627]}}, {"type": "Feature", "properties": {"osm_id": "node/2922268001", "kind": "school", "name": "Sarvodaya Kanya Senior Secondary School", "lon": 77.1560501, "lat": 28.6896388}, "geometry": {"type": "Point", "coordinates": [77.1560501, 28.6896388]}}, {"type": "Feature", "properties": {"osm_id": "node/3008663907", "kind": "school", "name": "HIRA YOGA TRAINING KENDER", "lon": 77.1344924, "lat": 28.7551761}, "geometry": {"type": "Point", "coordinates": [77.1344924, 28.7551761]}}, {"type": "Feature", "properties": {"osm_id": "node/3067834623", "kind": "hospital", "name": "Somdatt Medical", "lon": 77.276622, "lat": 28.6293605}, "geometry": {"type": "Point", "coordinates": [77.276622, 28.6293605]}}, {"type": "Feature", "properties": {"osm_id": "node/3265210135", "kind": "hospital", "name": "Krypton Global Health", "lon": 77.0732307, "lat": 28.638646}, "geometry": {"type": "Point", "coordinates": [77.0732307, 28.638646]}}, {"type": "Feature", "properties": {"osm_id": "node/3401875015", "kind": "hospital", "name": "Prime Hospital & Ortho Centre", "lon": 77.3185979, "lat": 28.4447109}, "geometry": {"type": "Point", "coordinates": [77.3185979, 28.4447109]}}, {"type": "Feature", "properties": {"osm_id": "node/3488315228", "kind": "school", "name": "School", "lon": 77.1114558, "lat": 28.6927134}, "geometry": {"type": "Point", "coordinates": [77.1114558, 28.6927134]}}, {"type": "Feature", "properties": {"osm_id": "node/3626040478", "kind": "school", "name": "Sahoday Senior Secondary School", "lon": 77.2002206, "lat": 28.5526424}, "geometry": {"type": "Point", "coordinates": [77.2002206, 28.5526424]}}, {"type": "Feature", "properties": {"osm_id": "node/3841328720", "kind": "school", "name": "St. Peters School", "lon": 77.3139529, "lat": 28.4139784}, "geometry": {"type": "Point", "coordinates": [77.3139529, 28.4139784]}}, {"type": "Feature", "properties": {"osm_id": "node/3947460096", "kind": "hospital", "name": "Surbhi hospital", "lon": 77.2164415, "lat": 28.6491348}, "geometry": {"type": "Point", "coordinates": [77.2164415, 28.6491348]}}, {"type": "Feature", "properties": {"osm_id": "node/3954631321", "kind": "hospital", "name": "Tamish", "lon": 77.1045409, "lat": 28.699593}, "geometry": {"type": "Point", "coordinates": [77.1045409, 28.699593]}}, {"type": "Feature", "properties": {"osm_id": "node/4047437964", "kind": "school", "name": "Delhi Public School", "lon": 77.1479893, "lat": 28.5386253}, "geometry": {"type": "Point", "coordinates": [77.1479893, 28.5386253]}}, {"type": "Feature", "properties": {"osm_id": "node/4120020190", "kind": "school", "name": "School", "lon": 77.106348, "lat": 28.425882}, "geometry": {"type": "Point", "coordinates": [77.106348, 28.425882]}}, {"type": "Feature", "properties": {"osm_id": "node/4154838092", "kind": "school", "name": "Little Ones Public School", "lon": 77.2035198, "lat": 28.519551}, "geometry": {"type": "Point", "coordinates": [77.2035198, 28.519551]}}, {"type": "Feature", "properties": {"osm_id": "node/4180327825", "kind": "school", "name": "deepak vaiyas home", "lon": 77.1133697, "lat": 28.625488}, "geometry": {"type": "Point", "coordinates": [77.1133697, 28.625488]}}, {"type": "Feature", "properties": {"osm_id": "node/4194541291", "kind": "hospital", "name": "Hospital", "lon": 77.0613212, "lat": 28.446227}, "geometry": {"type": "Point", "coordinates": [77.0613212, 28.446227]}}, {"type": "Feature", "properties": {"osm_id": "node/4212577542", "kind": "school", "name": "Chiranjiv Bharati School", "lon": 77.037658, "lat": 28.5194596}, "geometry": {"type": "Point", "coordinates": [77.037658, 28.5194596]}}, {"type": "Feature", "properties": {"osm_id": "node/4212577545", "kind": "hospital", "name": "Metro Hospital and Heart Institute, Gurgaon", "lon": 77.0388234, "lat": 28.518174}, "geometry": {"type": "Point", "coordinates": [77.0388234, 28.518174]}}, {"type": "Feature", "properties": {"osm_id": "node/4213529489", "kind": "school", "name": "Swiss Cottage school", "lon": 77.0502838, "lat": 28.5157955}, "geometry": {"type": "Point", "coordinates": [77.0502838, 28.5157955]}}, {"type": "Feature", "properties": {"osm_id": "node/4220719494", "kind": "school", "name": "MAAC", "lon": 77.2248824, "lat": 28.5685408}, "geometry": {"type": "Point", "coordinates": [77.2248824, 28.5685408]}}, {"type": "Feature", "properties": {"osm_id": "node/4234968791", "kind": "hospital", "name": "Chandiwala Institute of Eye", "lon": 77.2659895, "lat": 28.544205}, "geometry": {"type": "Point", "coordinates": [77.2659895, 28.544205]}}, {"type": "Feature", "properties": {"osm_id": "node/4237012389", "kind": "school", "name": "Sarvodaya Vidyalaya (GBSSS), Govt. School", "lon": 77.2170585, "lat": 28.7144613}, "geometry": {"type": "Point", "coordinates": [77.2170585, 28.7144613]}}, {"type": "Feature", "properties": {"osm_id": "node/4269361827", "kind": "school", "name": "DAV Public School Pushpanjali", "lon": 77.1081266, "lat": 28.6939915}, "geometry": {"type": "Point", "coordinates": [77.1081266, 28.6939915]}}, {"type": "Feature", "properties": {"osm_id": "node/4328150391", "kind": "hospital", "name": "Pushpawati Singhania Hospital and Research Institute", "lon": 77.2254277, "lat": 28.53312}, "geometry": {"type": "Point", "coordinates": [77.2254277, 28.53312]}}, {"type": "Feature", "properties": {"osm_id": "node/4338782489", "kind": "school", "name": "Evolution dance school", "lon": 77.0512991, "lat": 28.8032691}, "geometry": {"type": "Point", "coordinates": [77.0512991, 28.8032691]}}, {"type": "Feature", "properties": {"osm_id": "node/4367444089", "kind": "school", "name": "Dev Public School.", "lon": 76.9685752, "lat": 28.6304673}, "geometry": {"type": "Point", "coordinates": [76.9685752, 28.6304673]}}, {"type": "Feature", "properties": {"osm_id": "node/4415894189", "kind": "school", "name": "S.D. Public", "lon": 77.169391, "lat": 28.6473887}, "geometry": {"type": "Point", "coordinates": [77.169391, 28.6473887]}}, {"type": "Feature", "properties": {"osm_id": "node/4435563990", "kind": "school", "name": "FORE School of Management", "lon": 77.1849245, "lat": 28.5370038}, "geometry": {"type": "Point", "coordinates": [77.1849245, 28.5370038]}}, {"type": "Feature", "properties": {"osm_id": "node/4453247191", "kind": "school", "name": "Modern school", "lon": 77.0542962, "lat": 28.5788563}, "geometry": {"type": "Point", "coordinates": [77.0542962, 28.5788563]}}, {"type": "Feature", "properties": {"osm_id": "node/4453248791", "kind": "school", "name": "Venkateshwara international school", "lon": 77.0389764, "lat": 28.5889898}, "geometry": {"type": "Point", "coordinates": [77.0389764, 28.5889898]}}, {"type": "Feature", "properties": {"osm_id": "node/4453301889", "kind": "school", "name": "Adarsh World School", "lon": 77.0435682, "lat": 28.5943755}, "geometry": {"type": "Point", "coordinates": [77.0435682, 28.5943755]}}, {"type": "Feature", "properties": {"osm_id": "node/4462856989", "kind": "school", "name": "School", "lon": 76.9537195, "lat": 28.6331399}, "geometry": {"type": "Point", "coordinates": [76.9537195, 28.6331399]}}, {"type": "Feature", "properties": {"osm_id": "node/4475061192", "kind": "hospital", "name": "Savera Hospital", "lon": 77.1222079, "lat": 28.6884962}, "geometry": {"type": "Point", "coordinates": [77.1222079, 28.6884962]}}, {"type": "Feature", "properties": {"osm_id": "node/4481183892", "kind": "hospital", "name": "Gamca", "lon": 77.2369366, "lat": 28.5703187}, "geometry": {"type": "Point", "coordinates": [77.2369366, 28.5703187]}}, {"type": "Feature", "properties": {"osm_id": "node/4483893393", "kind": "school", "name": "St. Prayag school", "lon": 77.1168424, "lat": 28.6918581}, "geometry": {"type": "Point", "coordinates": [77.1168424, 28.6918581]}}, {"type": "Feature", "properties": {"osm_id": "node/4493652690", "kind": "hospital", "name": "\u0627\u0644\u0633\u0643\u0646", "lon": 77.0615689, "lat": 28.4460767}, "geometry": {"type": "Point", "coordinates": [77.0615689, 28.4460767]}}, {"type": "Feature", "properties": {"osm_id": "node/4511556292", "kind": "school", "name": "Mount abu junior branch school", "lon": 77.1023916, "lat": 28.7117973}, "geometry": {"type": "Point", "coordinates": [77.1023916, 28.7117973]}}, {"type": "Feature", "properties": {"osm_id": "node/4511567590", "kind": "hospital", "name": "Asha kiran mental hospital", "lon": 77.0958863, "lat": 28.7028126}, "geometry": {"type": "Point", "coordinates": [77.0958863, 28.7028126]}}, {"type": "Feature", "properties": {"osm_id": "node/4574632989", "kind": "hospital", "name": "Hospital", "lon": 77.1387433, "lat": 28.6438892}, "geometry": {"type": "Point", "coordinates": [77.1387433, 28.6438892]}}, {"type": "Feature", "properties": {"osm_id": "node/4639190772", "kind": "school", "name": "Kendrya Vidyalya", "lon": 77.1699743, "lat": 28.7051428}, "geometry": {"type": "Point", "coordinates": [77.1699743, 28.7051428]}}, {"type": "Feature", "properties": {"osm_id": "node/4729010299", "kind": "school", "name": "\u0627\u0644\u0645\u062f\u0631\u0633\u0629 \u0627\u0644\u0639\u0631\u0627\u0642\u064a\u0629", "lon": 77.2049515, "lat": 28.556265}, "geometry": {"type": "Point", "coordinates": [77.2049515, 28.556265]}}, {"type": "Feature", "properties": {"osm_id": "node/4739903522", "kind": "hospital", "name": "Sharp Sight Center", "lon": 77.2934473, "lat": 28.6403964}, "geometry": {"type": "Point", "coordinates": [77.2934473, 28.6403964]}}, {"type": "Feature", "properties": {"osm_id": "node/4749996424", "kind": "school", "name": "Prakash Punj Vidya Sadan", "lon": 77.2840423, "lat": 28.6701353}, "geometry": {"type": "Point", "coordinates": [77.2840423, 28.6701353]}}, {"type": "Feature", "properties": {"osm_id": "node/4778391814", "kind": "school", "name": "Government SChool", "lon": 77.0591164, "lat": 28.5611545}, "geometry": {"type": "Point", "coordinates": [77.0591164, 28.5611545]}}, {"type": "Feature", "properties": {"osm_id": "node/4815527622", "kind": "school", "name": "School", "lon": 77.175441, "lat": 28.5841578}, "geometry": {"type": "Point", "coordinates": [77.175441, 28.5841578]}}, {"type": "Feature", "properties": {"osm_id": "node/4859916426", "kind": "school", "name": "Sulabh Public School", "lon": 77.0799205, "lat": 28.597807}, "geometry": {"type": "Point", "coordinates": [77.0799205, 28.597807]}}, {"type": "Feature", "properties": {"osm_id": "node/4859968811", "kind": "hospital", "name": "Bhagat Chandra Hospital", "lon": 77.0816478, "lat": 28.5934549}, "geometry": {"type": "Point", "coordinates": [77.0816478, 28.5934549]}}, {"type": "Feature", "properties": {"osm_id": "node/4927143358", "kind": "hospital", "name": "Adiva Hospital", "lon": 77.2064208, "lat": 28.5583994}, "geometry": {"type": "Point", "coordinates": [77.2064208, 28.5583994]}}, {"type": "Feature", "properties": {"osm_id": "node/4934333224", "kind": "school", "name": "Government school", "lon": 77.126039, "lat": 28.7369367}, "geometry": {"type": "Point", "coordinates": [77.126039, 28.7369367]}}, {"type": "Feature", "properties": {"osm_id": "node/4936063387", "kind": "school", "name": "NC Jindal Public School", "lon": 77.124514, "lat": 28.6628679}, "geometry": {"type": "Point", "coordinates": [77.124514, 28.6628679]}}, {"type": "Feature", "properties": {"osm_id": "node/4976515363", "kind": "school", "name": "Bal vikash School", "lon": 76.9009775, "lat": 28.7330269}, "geometry": {"type": "Point", "coordinates": [76.9009775, 28.7330269]}}, {"type": "Feature", "properties": {"osm_id": "node/5023155725", "kind": "school", "name": "School", "lon": 77.0005244, "lat": 28.5654935}, "geometry": {"type": "Point", "coordinates": [77.0005244, 28.5654935]}}, {"type": "Feature", "properties": {"osm_id": "node/5099590622", "kind": "school", "name": "Jaganath intl mngt school", "lon": 77.2563459, "lat": 28.5470179}, "geometry": {"type": "Point", "coordinates": [77.2563459, 28.5470179]}}, {"type": "Feature", "properties": {"osm_id": "node/5121928126", "kind": "hospital", "name": "Guru Harkishan Hospital", "lon": 77.2641583, "lat": 28.5821004}, "geometry": {"type": "Point", "coordinates": [77.2641583, 28.5821004]}}, {"type": "Feature", "properties": {"osm_id": "node/5122054863", "kind": "school", "name": "Scottish Early Years", "lon": 77.3007936, "lat": 28.6489732}, "geometry": {"type": "Point", "coordinates": [77.3007936, 28.6489732]}}, {"type": "Feature", "properties": {"osm_id": "node/5122593540", "kind": "school", "name": "Soami Nagar Model School", "lon": 77.2254741, "lat": 28.5440473}, "geometry": {"type": "Point", "coordinates": [77.2254741, 28.5440473]}}, {"type": "Feature", "properties": {"osm_id": "node/5122593542", "kind": "school", "name": "The Pinnacle School", "lon": 77.2279586, "lat": 28.5448773}, "geometry": {"type": "Point", "coordinates": [77.2279586, 28.5448773]}}, {"type": "Feature", "properties": {"osm_id": "node/5128503989", "kind": "school", "name": "Soami Nagar Pre-Primary School", "lon": 77.2257564, "lat": 28.543396}, "geometry": {"type": "Point", "coordinates": [77.2257564, 28.543396]}}, {"type": "Feature", "properties": {"osm_id": "node/5223511422", "kind": "school", "name": "Ahlcon International School", "lon": 77.2881353, "lat": 28.6120628}, "geometry": {"type": "Point", "coordinates": [77.2881353, 28.6120628]}}, {"type": "Feature", "properties": {"osm_id": "node/5242148783", "kind": "school", "name": "Government Primary School for the Deaf", "lon": 77.287413, "lat": 28.6118017}, "geometry": {"type": "Point", "coordinates": [77.287413, 28.6118017]}}, {"type": "Feature", "properties": {"osm_id": "node/5242150470", "kind": "school", "name": "School for Mentally Retarded Children", "lon": 77.2876138, "lat": 28.6118221}, "geometry": {"type": "Point", "coordinates": [77.2876138, 28.6118221]}}, {"type": "Feature", "properties": {"osm_id": "node/5244000722", "kind": "school", "name": "Aster Public School", "lon": 77.2896107, "lat": 28.6096116}, "geometry": {"type": "Point", "coordinates": [77.2896107, 28.6096116]}}, {"type": "Feature", "properties": {"osm_id": "node/5246751221", "kind": "hospital", "name": "Sir Ganga Ram Kolmet Hospital", "lon": 77.187296, "lat": 28.643492}, "geometry": {"type": "Point", "coordinates": [77.187296, 28.643492]}}, {"type": "Feature", "properties": {"osm_id": "node/5253691568", "kind": "hospital", "name": "Cygnus Orthocare Hospital", "lon": 77.1973263, "lat": 28.5460823}, "geometry": {"type": "Point", "coordinates": [77.1973263, 28.5460823]}}, {"type": "Feature", "properties": {"osm_id": "node/5276893421", "kind": "hospital", "name": "Apollo Spectra Hospitals", "lon": 77.2412436, "lat": 28.5555937}, "geometry": {"type": "Point", "coordinates": [77.2412436, 28.5555937]}}, {"type": "Feature", "properties": {"osm_id": "node/5277289181", "kind": "hospital", "name": "Max Multi Speciality Centre", "lon": 77.214298, "lat": 28.5434575}, "geometry": {"type": "Point", "coordinates": [77.214298, 28.5434575]}}, {"type": "Feature", "properties": {"osm_id": "node/5278746221", "kind": "hospital", "name": "Hospital", "lon": 77.3179232, "lat": 28.4065208}, "geometry": {"type": "Point", "coordinates": [77.3179232, 28.4065208]}}, {"type": "Feature", "properties": {"osm_id": "node/5306200027", "kind": "school", "name": "Mount Carmel School (Senior Wing)", "lon": 77.1652909, "lat": 28.5760199}, "geometry": {"type": "Point", "coordinates": [77.1652909, 28.5760199]}}, {"type": "Feature", "properties": {"osm_id": "node/5325526114", "kind": "school", "name": "School", "lon": 77.1217455, "lat": 28.4736928}, "geometry": {"type": "Point", "coordinates": [77.1217455, 28.4736928]}}, {"type": "Feature", "properties": {"osm_id": "node/5331323944", "kind": "hospital", "name": "Balhara's Le Cure Hospital", "lon": 77.2014454, "lat": 28.5097683}, "geometry": {"type": "Point", "coordinates": [77.2014454, 28.5097683]}}, {"type": "Feature", "properties": {"osm_id": "node/5331324929", "kind": "school", "name": "Saint Mary's Junior School", "lon": 77.203907, "lat": 28.5123981}, "geometry": {"type": "Point", "coordinates": [77.203907, 28.5123981]}}, {"type": "Feature", "properties": {"osm_id": "node/5338786924", "kind": "school", "name": "BCC Model School", "lon": 77.1193927, "lat": 28.7396725}, "geometry": {"type": "Point", "coordinates": [77.1193927, 28.7396725]}}, {"type": "Feature", "properties": {"osm_id": "node/5338818321", "kind": "school", "name": "Snehil Frontline Special School", "lon": 77.1195329, "lat": 28.7397795}, "geometry": {"type": "Point", "coordinates": [77.1195329, 28.7397795]}}, {"type": "Feature", "properties": {"osm_id": "node/5342219924", "kind": "school", "name": "Kids Temple Public School", "lon": 77.1214922, "lat": 28.7385379}, "geometry": {"type": "Point", "coordinates": [77.1214922, 28.7385379]}}, {"type": "Feature", "properties": {"osm_id": "node/5343112121", "kind": "school", "name": "Alok Bharti Public School", "lon": 77.128777, "lat": 28.7364974}, "geometry": {"type": "Point", "coordinates": [77.128777, 28.7364974]}}, {"type": "Feature", "properties": {"osm_id": "node/5358882588", "kind": "school", "name": "DAV Public School", "lon": 77.1727645, "lat": 28.5743511}, "geometry": {"type": "Point", "coordinates": [77.1727645, 28.5743511]}}, {"type": "Feature", "properties": {"osm_id": "node/5358882593", "kind": "school", "name": "Kendriya Vidyalaya", "lon": 77.1638274, "lat": 28.5721181}, "geometry": {"type": "Point", "coordinates": [77.1638274, 28.5721181]}}, {"type": "Feature", "properties": {"osm_id": "node/5369753821", "kind": "school", "name": "MC Primary School J-Block Sec-16 Rohini", "lon": 77.1306159, "lat": 28.7392311}, "geometry": {"type": "Point", "coordinates": [77.1306159, 28.7392311]}}, {"type": "Feature", "properties": {"osm_id": "node/5369815822", "kind": "hospital", "name": "Mangalam Hospital", "lon": 77.2966806, "lat": 28.6228832}, "geometry": {"type": "Point", "coordinates": [77.2966806, 28.6228832]}}, {"type": "Feature", "properties": {"osm_id": "node/5372989287", "kind": "hospital", "name": "Fortis C-DOC Hospital", "lon": 77.2494873, "lat": 28.5469888}, "geometry": {"type": "Point", "coordinates": [77.2494873, 28.5469888]}}, {"type": "Feature", "properties": {"osm_id": "node/5400420021", "kind": "school", "name": "Delhi International Public School", "lon": 77.1291872, "lat": 28.7367974}, "geometry": {"type": "Point", "coordinates": [77.1291872, 28.7367974]}}, {"type": "Feature", "properties": {"osm_id": "node/5401477508", "kind": "school", "name": "Modern Delhi International School", "lon": 77.3361157, "lat": 28.412628}, "geometry": {"type": "Point", "coordinates": [77.3361157, 28.412628]}}, {"type": "Feature", "properties": {"osm_id": "node/5407719423", "kind": "school", "name": "Rockfield Public School", "lon": 77.1248235, "lat": 28.734744}, "geometry": {"type": "Point", "coordinates": [77.1248235, 28.734744]}}, {"type": "Feature", "properties": {"osm_id": "node/5407772022", "kind": "school", "name": "Ryan Shalom Montessori", "lon": 77.1241352, "lat": 28.7346232}, "geometry": {"type": "Point", "coordinates": [77.1241352, 28.7346232]}}, {"type": "Feature", "properties": {"osm_id": "node/5455135886", "kind": "school", "name": "Government Boys Senior Secondary School", "lon": 77.2335349, "lat": 28.5730899}, "geometry": {"type": "Point", "coordinates": [77.2335349, 28.5730899]}}, {"type": "Feature", "properties": {"osm_id": "node/5466445621", "kind": "school", "name": "School", "lon": 77.2329222, "lat": 28.6052898}, "geometry": {"type": "Point", "coordinates": [77.2329222, 28.6052898]}}, {"type": "Feature", "properties": {"osm_id": "node/5513273925", "kind": "school", "name": "Jindal Public School", "lon": 77.3305192, "lat": 28.6720027}, "geometry": {"type": "Point", "coordinates": [77.3305192, 28.6720027]}}, {"type": "Feature", "properties": {"osm_id": "node/5534195673", "kind": "school", "name": "Fulwari Play School", "lon": 77.32234, "lat": 28.659489}, "geometry": {"type": "Point", "coordinates": [77.32234, 28.659489]}}, {"type": "Feature", "properties": {"osm_id": "node/5534273697", "kind": "hospital", "name": "Tirath Ram Hospital", "lon": 77.3178057, "lat": 28.666922}, "geometry": {"type": "Point", "coordinates": [77.3178057, 28.666922]}}, {"type": "Feature", "properties": {"osm_id": "node/5544380960", "kind": "hospital", "name": "Doctor Rajendra Prasad Centre for Opthalmic Sciences", "lon": 77.2088857, "lat": 28.5667966}, "geometry": {"type": "Point", "coordinates": [77.2088857, 28.5667966]}}, {"type": "Feature", "properties": {"osm_id": "node/5584870727", "kind": "school", "name": "Kaviraj Khazan Chand Quetta Dayachand Arya Vedic Senior Secondary School", "lon": 77.2523949, "lat": 28.5866396}, "geometry": {"type": "Point", "coordinates": [77.2523949, 28.5866396]}}, {"type": "Feature", "properties": {"osm_id": "node/5595955621", "kind": "hospital", "name": "Safdarjung H back gate", "lon": 77.207556, "lat": 28.5663672}, "geometry": {"type": "Point", "coordinates": [77.207556, 28.5663672]}}, {"type": "Feature", "properties": {"osm_id": "node/5663496120", "kind": "hospital", "name": "ESIC Hospital", "lon": 77.2815719, "lat": 28.5143778}, "geometry": {"type": "Point", "coordinates": [77.2815719, 28.5143778]}}, {"type": "Feature", "properties": {"osm_id": "node/5758573849", "kind": "hospital", "name": "City Hospital", "lon": 77.1912841, "lat": 28.6439995}, "geometry": {"type": "Point", "coordinates": [77.1912841, 28.6439995]}}, {"type": "Feature", "properties": {"osm_id": "node/5799040150", "kind": "hospital", "name": "Rural Medical Centre", "lon": 77.1965361, "lat": 28.5158966}, "geometry": {"type": "Point", "coordinates": [77.1965361, 28.5158966]}}, {"type": "Feature", "properties": {"osm_id": "node/5914729083", "kind": "hospital", "name": "Dr. Bhimrao Ambedkar Multispeciality Hospital", "lon": 77.3376879, "lat": 28.576653}, "geometry": {"type": "Point", "coordinates": [77.3376879, 28.576653]}}, {"type": "Feature", "properties": {"osm_id": "node/5960740186", "kind": "school", "name": "s6 BHIM Singh ni was", "lon": 77.218045, "lat": 28.5309957}, "geometry": {"type": "Point", "coordinates": [77.218045, 28.5309957]}}, {"type": "Feature", "properties": {"osm_id": "node/5960754388", "kind": "school", "name": "SH Computer Education", "lon": 77.2170319, "lat": 28.5309108}, "geometry": {"type": "Point", "coordinates": [77.2170319, 28.5309108]}}, {"type": "Feature", "properties": {"osm_id": "node/5960793702", "kind": "school", "name": "Sant Nirankari", "lon": 77.2177052, "lat": 28.535831}, "geometry": {"type": "Point", "coordinates": [77.2177052, 28.535831]}}, {"type": "Feature", "properties": {"osm_id": "node/5960818475", "kind": "school", "name": "Swarn public school", "lon": 77.2185763, "lat": 28.5330124}, "geometry": {"type": "Point", "coordinates": [77.2185763, 28.5330124]}}, {"type": "Feature", "properties": {"osm_id": "node/5960921887", "kind": "school", "name": "swarn public school", "lon": 77.219553, "lat": 28.5332175}, "geometry": {"type": "Point", "coordinates": [77.219553, 28.5332175]}}, {"type": "Feature", "properties": {"osm_id": "node/6012565041", "kind": "hospital", "name": "Institute of Brain and Spine", "lon": 77.2442543, "lat": 28.5656044}, "geometry": {"type": "Point", "coordinates": [77.2442543, 28.5656044]}}, {"type": "Feature", "properties": {"osm_id": "node/6041270054", "kind": "school", "name": "School", "lon": 77.2281724, "lat": 28.5191896}, "geometry": {"type": "Point", "coordinates": [77.2281724, 28.5191896]}}, {"type": "Feature", "properties": {"osm_id": "node/6071092569", "kind": "hospital", "name": "Anahat Hospital", "lon": 77.1071305, "lat": 28.4832404}, "geometry": {"type": "Point", "coordinates": [77.1071305, 28.4832404]}}, {"type": "Feature", "properties": {"osm_id": "node/6071159159", "kind": "school", "name": "Government Boys Senior Secondary School", "lon": 77.1389634, "lat": 28.4899855}, "geometry": {"type": "Point", "coordinates": [77.1389634, 28.4899855]}}, {"type": "Feature", "properties": {"osm_id": "node/6071159494", "kind": "school", "name": "Lieutenant Atul Kataria School", "lon": 77.0337175, "lat": 28.4783458}, "geometry": {"type": "Point", "coordinates": [77.0337175, 28.4783458]}}, {"type": "Feature", "properties": {"osm_id": "node/6075069485", "kind": "hospital", "name": "Saral Diagnostics", "lon": 77.1287968, "lat": 28.6944136}, "geometry": {"type": "Point", "coordinates": [77.1287968, 28.6944136]}}, {"type": "Feature", "properties": {"osm_id": "node/6077096070", "kind": "school", "name": "Government Sarvoday Bal Vidyalaya", "lon": 77.2303905, "lat": 28.6327017}, "geometry": {"type": "Point", "coordinates": [77.2303905, 28.6327017]}}, {"type": "Feature", "properties": {"osm_id": "node/6081367254", "kind": "school", "name": "School", "lon": 77.2842459, "lat": 28.6707436}, "geometry": {"type": "Point", "coordinates": [77.2842459, 28.6707436]}}, {"type": "Feature", "properties": {"osm_id": "node/6134780515", "kind": "hospital", "name": "Sama Hospital", "lon": 77.2270262, "lat": 28.5544846}, "geometry": {"type": "Point", "coordinates": [77.2270262, 28.5544846]}}, {"type": "Feature", "properties": {"osm_id": "node/6171203022", "kind": "school", "name": "Kendriya Vidyalaya", "lon": 77.2239646, "lat": 28.5204901}, "geometry": {"type": "Point", "coordinates": [77.2239646, 28.5204901]}}, {"type": "Feature", "properties": {"osm_id": "node/6203987732", "kind": "school", "name": "SDMC Primary Model School", "lon": 77.2397878, "lat": 28.5768012}, "geometry": {"type": "Point", "coordinates": [77.2397878, 28.5768012]}}, {"type": "Feature", "properties": {"osm_id": "node/6203987733", "kind": "school", "name": "School", "lon": 77.2407455, "lat": 28.5768608}, "geometry": {"type": "Point", "coordinates": [77.2407455, 28.5768608]}}, {"type": "Feature", "properties": {"osm_id": "node/6207395594", "kind": "school", "name": "Saint Mary's School", "lon": 77.2061624, "lat": 28.5051676}, "geometry": {"type": "Point", "coordinates": [77.2061624, 28.5051676]}}, {"type": "Feature", "properties": {"osm_id": "node/6221554150", "kind": "hospital", "name": "Hospital", "lon": 77.0352265, "lat": 28.4349952}, "geometry": {"type": "Point", "coordinates": [77.0352265, 28.4349952]}}, {"type": "Feature", "properties": {"osm_id": "node/6243446986", "kind": "hospital", "name": "Apollo", "lon": 77.2829628, "lat": 28.5403869}, "geometry": {"type": "Point", "coordinates": [77.2829628, 28.5403869]}}, {"type": "Feature", "properties": {"osm_id": "node/6255913360", "kind": "school", "name": "School", "lon": 77.3025188, "lat": 28.5323755}, "geometry": {"type": "Point", "coordinates": [77.3025188, 28.5323755]}}, {"type": "Feature", "properties": {"osm_id": "node/6257609191", "kind": "hospital", "name": "National Institute of TB and Respiratory Diseases", "lon": 77.1900425, "lat": 28.529118}, "geometry": {"type": "Point", "coordinates": [77.1900425, 28.529118]}}, {"type": "Feature", "properties": {"osm_id": "node/6257783817", "kind": "school", "name": "Government Sarvodaya Vidyalaya", "lon": 77.2159162, "lat": 28.6959475}, "geometry": {"type": "Point", "coordinates": [77.2159162, 28.6959475]}}, {"type": "Feature", "properties": {"osm_id": "node/6282682557", "kind": "school", "name": "SDMC Primary Coeducational School", "lon": 77.248199, "lat": 28.5695905}, "geometry": {"type": "Point", "coordinates": [77.248199, 28.5695905]}}, {"type": "Feature", "properties": {"osm_id": "node/6341209902", "kind": "school", "name": "Madarasa Millat-ul-Islam", "lon": 77.264387, "lat": 28.5433478}, "geometry": {"type": "Point", "coordinates": [77.264387, 28.5433478]}}, {"type": "Feature", "properties": {"osm_id": "node/6362607170", "kind": "school", "name": "Swami Hariharanand Public School", "lon": 77.2403662, "lat": 28.6627534}, "geometry": {"type": "Point", "coordinates": [77.2403662, 28.6627534]}}, {"type": "Feature", "properties": {"osm_id": "node/6385672562", "kind": "hospital", "name": "Narang Hospital", "lon": 77.0980297, "lat": 28.6460854}, "geometry": {"type": "Point", "coordinates": [77.0980297, 28.6460854]}}, {"type": "Feature", "properties": {"osm_id": "node/6395753670", "kind": "school", "name": "Rajkiya Sarvodaya Bal Vidyalaya", "lon": 77.3185994, "lat": 28.6138254}, "geometry": {"type": "Point", "coordinates": [77.3185994, 28.6138254]}}, {"type": "Feature", "properties": {"osm_id": "node/6411010208", "kind": "school", "name": "School", "lon": 77.1896796, "lat": 28.5238936}, "geometry": {"type": "Point", "coordinates": [77.1896796, 28.5238936]}}, {"type": "Feature", "properties": {"osm_id": "node/6411571309", "kind": "hospital", "name": "Manchanda Hospital", "lon": 77.1836992, "lat": 28.4943675}, "geometry": {"type": "Point", "coordinates": [77.1836992, 28.4943675]}}, {"type": "Feature", "properties": {"osm_id": "node/6411571311", "kind": "school", "name": "Government Sarvodaya Vidyalaya", "lon": 77.1841549, "lat": 28.4588686}, "geometry": {"type": "Point", "coordinates": [77.1841549, 28.4588686]}}, {"type": "Feature", "properties": {"osm_id": "node/6457033186", "kind": "school", "name": "Samvad Shala", "lon": 77.3133462, "lat": 28.710528}, "geometry": {"type": "Point", "coordinates": [77.3133462, 28.710528]}}, {"type": "Feature", "properties": {"osm_id": "node/6465991440", "kind": "hospital", "name": "Paschim Vihar West", "lon": 77.0997686, "lat": 28.67852}, "geometry": {"type": "Point", "coordinates": [77.0997686, 28.67852]}}, {"type": "Feature", "properties": {"osm_id": "node/6466294311", "kind": "hospital", "name": "World Brain Center Hospital", "lon": 77.0886731, "lat": 28.6121754}, "geometry": {"type": "Point", "coordinates": [77.0886731, 28.6121754]}}, {"type": "Feature", "properties": {"osm_id": "node/6475002025", "kind": "hospital", "name": "Max Medcentre", "lon": 77.2399229, "lat": 28.5645418}, "geometry": {"type": "Point", "coordinates": [77.2399229, 28.5645418]}}, {"type": "Feature", "properties": {"osm_id": "node/6490310065", "kind": "hospital", "name": "Mehta Hospital", "lon": 77.2312921, "lat": 28.523344}, "geometry": {"type": "Point", "coordinates": [77.2312921, 28.523344]}}, {"type": "Feature", "properties": {"osm_id": "node/6507350887", "kind": "hospital", "name": "Hospital", "lon": 77.1940384, "lat": 28.6581566}, "geometry": {"type": "Point", "coordinates": [77.1940384, 28.6581566]}}, {"type": "Feature", "properties": {"osm_id": "node/6729018440", "kind": "school", "name": "Decent Public School", "lon": 77.1072435, "lat": 28.7069273}, "geometry": {"type": "Point", "coordinates": [77.1072435, 28.7069273]}}, {"type": "Feature", "properties": {"osm_id": "node/6771396260", "kind": "hospital", "name": "Diyos", "lon": 77.1946519, "lat": 28.5660178}, "geometry": {"type": "Point", "coordinates": [77.1946519, 28.5660178]}}, {"type": "Feature", "properties": {"osm_id": "node/6779419616", "kind": "hospital", "name": "Aakash Hospital", "lon": 77.2148651, "lat": 28.5350359}, "geometry": {"type": "Point", "coordinates": [77.2148651, 28.5350359]}}, {"type": "Feature", "properties": {"osm_id": "node/6834036204", "kind": "school", "name": "Ramanujan Sarvodaya Kanya Vidyalaya", "lon": 77.1799665, "lat": 28.5231246}, "geometry": {"type": "Point", "coordinates": [77.1799665, 28.5231246]}}, {"type": "Feature", "properties": {"osm_id": "node/6834036228", "kind": "school", "name": "School", "lon": 77.1773673, "lat": 28.5229593}, "geometry": {"type": "Point", "coordinates": [77.1773673, 28.5229593]}}, {"type": "Feature", "properties": {"osm_id": "node/6961335189", "kind": "school", "name": "Bhatnagar International School", "lon": 77.1540449, "lat": 28.5295429}, "geometry": {"type": "Point", "coordinates": [77.1540449, 28.5295429]}}, {"type": "Feature", "properties": {"osm_id": "node/6961442936", "kind": "school", "name": "Masjid-e-Quba Madrasa Islamia", "lon": 77.1899811, "lat": 28.5806388}, "geometry": {"type": "Point", "coordinates": [77.1899811, 28.5806388]}}, {"type": "Feature", "properties": {"osm_id": "node/6966287278", "kind": "school", "name": "School", "lon": 77.2134518, "lat": 28.5369319}, "geometry": {"type": "Point", "coordinates": [77.2134518, 28.5369319]}}, {"type": "Feature", "properties": {"osm_id": "node/6991277966", "kind": "hospital", "name": "Sarvodya Hospital", "lon": 77.0164105, "lat": 28.4772418}, "geometry": {"type": "Point", "coordinates": [77.0164105, 28.4772418]}}, {"type": "Feature", "properties": {"osm_id": "node/6991277967", "kind": "hospital", "name": "Saraswati Hospital, Gurgaon", "lon": 77.0382518, "lat": 28.4686477}, "geometry": {"type": "Point", "coordinates": [77.0382518, 28.4686477]}}, {"type": "Feature", "properties": {"osm_id": "node/6991278237", "kind": "hospital", "name": "Shree Krishna Hospital, Gurgaon", "lon": 77.003265, "lat": 28.4733303}, "geometry": {"type": "Point", "coordinates": [77.003265, 28.4733303]}}, {"type": "Feature", "properties": {"osm_id": "node/6991290274", "kind": "hospital", "name": "Sharma Hospital, Gurgaon", "lon": 77.027472, "lat": 28.4618014}, "geometry": {"type": "Point", "coordinates": [77.027472, 28.4618014]}}, {"type": "Feature", "properties": {"osm_id": "node/6991311535", "kind": "hospital", "name": "Shri Balaji Hospital and Trauma Center", "lon": 76.980076, "lat": 28.4409108}, "geometry": {"type": "Point", "coordinates": [76.980076, 28.4409108]}}, {"type": "Feature", "properties": {"osm_id": "node/6991349886", "kind": "hospital", "name": "Shri Balaji`S Multispeciality Hospital", "lon": 76.9909818, "lat": 28.4577278}, "geometry": {"type": "Point", "coordinates": [76.9909818, 28.4577278]}}, {"type": "Feature", "properties": {"osm_id": "node/6991430266", "kind": "hospital", "name": "Saras Hospital", "lon": 77.3124513, "lat": 28.4871984}, "geometry": {"type": "Point", "coordinates": [77.3124513, 28.4871984]}}, {"type": "Feature", "properties": {"osm_id": "node/6991466189", "kind": "hospital", "name": "Arogya Dham Hospital", "lon": 77.2990698, "lat": 28.4647772}, "geometry": {"type": "Point", "coordinates": [77.2990698, 28.4647772]}}, {"type": "Feature", "properties": {"osm_id": "node/6991634425", "kind": "hospital", "name": "Anand Hospital, Gurgaon", "lon": 77.09168, "lat": 28.42578}, "geometry": {"type": "Point", "coordinates": [77.09168, 28.42578]}}, {"type": "Feature", "properties": {"osm_id": "node/6993917647", "kind": "hospital", "name": "Navjeevan Hospital and Maternity Centre", "lon": 77.0143104, "lat": 28.4571607}, "geometry": {"type": "Point", "coordinates": [77.0143104, 28.4571607]}}, {"type": "Feature", "properties": {"osm_id": "node/6993922158", "kind": "hospital", "name": "Sethi Hospital", "lon": 77.0207731, "lat": 28.4565865}, "geometry": {"type": "Point", "coordinates": [77.0207731, 28.4565865]}}, {"type": "Feature", "properties": {"osm_id": "node/6993926207", "kind": "hospital", "name": "Surgicare Hospital, Gurgaon", "lon": 77.0940806, "lat": 28.4272365}, "geometry": {"type": "Point", "coordinates": [77.0940806, 28.4272365]}}, {"type": "Feature", "properties": {"osm_id": "node/6993926819", "kind": "hospital", "name": "Park Hospital Gurgaon", "lon": 77.0487258, "lat": 28.4201363}, "geometry": {"type": "Point", "coordinates": [77.0487258, 28.4201363]}}, {"type": "Feature", "properties": {"osm_id": "node/6993927573", "kind": "hospital", "name": "Sunrise Hospital, Faridabad", "lon": 77.2660263, "lat": 28.5769233}, "geometry": {"type": "Point", "coordinates": [77.2660263, 28.5769233]}}, {"type": "Feature", "properties": {"osm_id": "node/6993931828", "kind": "hospital", "name": "Pasricha Hospital and Maternity Home", "lon": 77.0222792, "lat": 28.4568812}, "geometry": {"type": "Point", "coordinates": [77.0222792, 28.4568812]}}, {"type": "Feature", "properties": {"osm_id": "node/6994059852", "kind": "hospital", "name": "Dayal Eye & Maternity Centre", "lon": 77.0374082, "lat": 28.4559386}, "geometry": {"type": "Point", "coordinates": [77.0374082, 28.4559386]}}, {"type": "Feature", "properties": {"osm_id": "node/6994071021", "kind": "hospital", "name": "Mittal Hospital, Faridabad", "lon": 77.3238024, "lat": 28.4088045}, "geometry": {"type": "Point", "coordinates": [77.3238024, 28.4088045]}}, {"type": "Feature", "properties": {"osm_id": "node/6994092369", "kind": "hospital", "name": "Shubham Hospital", "lon": 77.0210648, "lat": 28.4567439}, "geometry": {"type": "Point", "coordinates": [77.0210648, 28.4567439]}}, {"type": "Feature", "properties": {"osm_id": "node/6994099950", "kind": "hospital", "name": "Kalyani Hospital, Gurgaon", "lon": 77.0422697, "lat": 28.4678366}, "geometry": {"type": "Point", "coordinates": [77.0422697, 28.4678366]}}, {"type": "Feature", "properties": {"osm_id": "node/6994180800", "kind": "hospital", "name": "Sanskar Hospital", "lon": 77.3204935, "lat": 28.4715009}, "geometry": {"type": "Point", "coordinates": [77.3204935, 28.4715009]}}, {"type": "Feature", "properties": {"osm_id": "node/6994225720", "kind": "hospital", "name": "Chandrawati Child and Maternity Hospital", "lon": 77.3163016, "lat": 28.4161414}, "geometry": {"type": "Point", "coordinates": [77.3163016, 28.4161414]}}, {"type": "Feature", "properties": {"osm_id": "node/6994228914", "kind": "hospital", "name": "Uma Sanjeevani Health Centre And Hospital", "lon": 77.0863196, "lat": 28.4814867}, "geometry": {"type": "Point", "coordinates": [77.0863196, 28.4814867]}}, {"type": "Feature", "properties": {"osm_id": "node/6994248249", "kind": "hospital", "name": "Privat Hospital", "lon": 77.0746909, "lat": 28.4797951}, "geometry": {"type": "Point", "coordinates": [77.0746909, 28.4797951]}}, {"type": "Feature", "properties": {"osm_id": "node/6994275163", "kind": "hospital", "name": "Vandana Hospital and Research Center", "lon": 76.9256393, "lat": 28.6933769}, "geometry": {"type": "Point", "coordinates": [76.9256393, 28.6933769]}}, {"type": "Feature", "properties": {"osm_id": "node/6994292520", "kind": "hospital", "name": "Geeta Hospital", "lon": 77.3144785, "lat": 28.4362993}, "geometry": {"type": "Point", "coordinates": [77.3144785, 28.4362993]}}, {"type": "Feature", "properties": {"osm_id": "node/6994292521", "kind": "hospital", "name": "Shivalik Hospital, Faridabad", "lon": 77.3110379, "lat": 28.4799532}, "geometry": {"type": "Point", "coordinates": [77.3110379, 28.4799532]}}, {"type": "Feature", "properties": {"osm_id": "node/6994325188", "kind": "hospital", "name": "Delhi Hospital and Nursing Home", "lon": 76.9415506, "lat": 28.6903242}, "geometry": {"type": "Point", "coordinates": [76.9415506, 28.6903242]}}, {"type": "Feature", "properties": {"osm_id": "node/6994329594", "kind": "hospital", "name": "Sidhesh Hospital, Gurgaon", "lon": 77.0824251, "lat": 28.4752436}, "geometry": {"type": "Point", "coordinates": [77.0824251, 28.4752436]}}, {"type": "Feature", "properties": {"osm_id": "node/6994500905", "kind": "hospital", "name": "Sharma Nursing Home, Faridabad", "lon": 77.3064146, "lat": 28.4012837}, "geometry": {"type": "Point", "coordinates": [77.3064146, 28.4012837]}}, {"type": "Feature", "properties": {"osm_id": "node/6994541473", "kind": "hospital", "name": "Chiranjiv Hospital", "lon": 77.0187361, "lat": 28.4644545}, "geometry": {"type": "Point", "coordinates": [77.0187361, 28.4644545]}}, {"type": "Feature", "properties": {"osm_id": "node/6994541474", "kind": "hospital", "name": "Asian Institute of Medical Sciences", "lon": 77.3000225, "lat": 28.4259429}, "geometry": {"type": "Point", "coordinates": [77.3000225, 28.4259429]}}, {"type": "Feature", "properties": {"osm_id": "node/6994583475", "kind": "hospital", "name": "Shivam Hospital, Jhajjar", "lon": 76.9397205, "lat": 28.7017934}, "geometry": {"type": "Point", "coordinates": [76.9397205, 28.7017934]}}, {"type": "Feature", "properties": {"osm_id": "node/6997221454", "kind": "hospital", "name": "Kalyan Hospital, Gurgaon", "lon": 77.0222524, "lat": 28.5061017}, "geometry": {"type": "Point", "coordinates": [77.0222524, 28.5061017]}}, {"type": "Feature", "properties": {"osm_id": "node/6997230529", "kind": "hospital", "name": "Sangwan Hospital, Gurgaon", "lon": 77.0561126, "lat": 28.4749937}, "geometry": {"type": "Point", "coordinates": [77.0561126, 28.4749937]}}, {"type": "Feature", "properties": {"osm_id": "node/6997303635", "kind": "hospital", "name": "S.R.S. Hospital and Critical Care Unit", "lon": 76.9881588, "lat": 28.4033015}, "geometry": {"type": "Point", "coordinates": [76.9881588, 28.4033015]}}, {"type": "Feature", "properties": {"osm_id": "node/6997303645", "kind": "hospital", "name": "Anand Eye Hospital", "lon": 77.3189986, "lat": 28.4269594}, "geometry": {"type": "Point", "coordinates": [77.3189986, 28.4269594]}}, {"type": "Feature", "properties": {"osm_id": "node/6997463000", "kind": "hospital", "name": "Umkal Hospital", "lon": 77.0733096, "lat": 28.4715295}, "geometry": {"type": "Point", "coordinates": [77.0733096, 28.4715295]}}, {"type": "Feature", "properties": {"osm_id": "node/6997568727", "kind": "hospital", "name": "Thukral Hospital", "lon": 77.0653957, "lat": 28.4814348}, "geometry": {"type": "Point", "coordinates": [77.0653957, 28.4814348]}}, {"type": "Feature", "properties": {"osm_id": "node/6997600243", "kind": "hospital", "name": "Triveni Hospital, Gurgaon", "lon": 77.022188, "lat": 28.463775}, "geometry": {"type": "Point", "coordinates": [77.022188, 28.463775]}}, {"type": "Feature", "properties": {"osm_id": "node/6997631317", "kind": "hospital", "name": "Taneja Hospital", "lon": 77.0138611, "lat": 28.4663216}, "geometry": {"type": "Point", "coordinates": [77.0138611, 28.4663216]}}, {"type": "Feature", "properties": {"osm_id": "node/6997688587", "kind": "hospital", "name": "Pushpanjali Hospital, Gurgaon", "lon": 77.0327827, "lat": 28.4500967}, "geometry": {"type": "Point", "coordinates": [77.0327827, 28.4500967]}}, {"type": "Feature", "properties": {"osm_id": "node/6997700191", "kind": "hospital", "name": "Yashroop Medical Centre", "lon": 77.0214477, "lat": 28.4822505}, "geometry": {"type": "Point", "coordinates": [77.0214477, 28.4822505]}}, {"type": "Feature", "properties": {"osm_id": "node/6997700192", "kind": "hospital", "name": "Chirag Hospital Pvt. Ltd", "lon": 77.0114095, "lat": 28.4953531}, "geometry": {"type": "Point", "coordinates": [77.0114095, 28.4953531]}}, {"type": "Feature", "properties": {"osm_id": "node/6997700212", "kind": "hospital", "name": "Fortis Memorial Research Institute / Fortis Vivekanand Hospital", "lon": 77.0728657, "lat": 28.4567857}, "geometry": {"type": "Point", "coordinates": [77.0728657, 28.4567857]}}, {"type": "Feature", "properties": {"osm_id": "node/6997700220", "kind": "hospital", "name": "Lotus Hospital, Gurgaon", "lon": 77.034447, "lat": 28.4692855}, "geometry": {"type": "Point", "coordinates": [77.034447, 28.4692855]}}, {"type": "Feature", "properties": {"osm_id": "node/6997700276", "kind": "hospital", "name": "Aastha Children Hospital", "lon": 77.3112819, "lat": 28.4717765}, "geometry": {"type": "Point", "coordinates": [77.3112819, 28.4717765]}}, {"type": "Feature", "properties": {"osm_id": "node/6997700282", "kind": "hospital", "name": "Sparsh Hospital, Gurgaon", "lon": 77.0226856, "lat": 28.4701296}, "geometry": {"type": "Point", "coordinates": [77.0226856, 28.4701296]}}, {"type": "Feature", "properties": {"osm_id": "node/6997700322", "kind": "hospital", "name": "Mangalam Hospital and Heart Centre", "lon": 77.0139308, "lat": 28.4539854}, "geometry": {"type": "Point", "coordinates": [77.0139308, 28.4539854]}}, {"type": "Feature", "properties": {"osm_id": "node/6997714609", "kind": "hospital", "name": "Ahuja Hospital and Maternity Home", "lon": 77.328397, "lat": 28.4120448}, "geometry": {"type": "Point", "coordinates": [77.328397, 28.4120448]}}, {"type": "Feature", "properties": {"osm_id": "node/6997714626", "kind": "hospital", "name": "Shivam Hospital, Gurgaon", "lon": 77.0536983, "lat": 28.4574704}, "geometry": {"type": "Point", "coordinates": [77.0536983, 28.4574704]}}, {"type": "Feature", "properties": {"osm_id": "node/6997714637", "kind": "hospital", "name": "Rajiv Memorial Eye Infirmary, Jacobpura", "lon": 77.0276631, "lat": 28.4624763}, "geometry": {"type": "Point", "coordinates": [77.0276631, 28.4624763]}}, {"type": "Feature", "properties": {"osm_id": "node/6997779860", "kind": "hospital", "name": "Brahm Shakti Sanjivani Hospital Pvt Ltd", "lon": 76.9388317, "lat": 28.6909441}, "geometry": {"type": "Point", "coordinates": [76.9388317, 28.6909441]}}, {"type": "Feature", "properties": {"osm_id": "node/6997832575", "kind": "hospital", "name": "Sneh Hospital, Gurgaon", "lon": 77.0141546, "lat": 28.4823666}, "geometry": {"type": "Point", "coordinates": [77.0141546, 28.4823666]}}, {"type": "Feature", "properties": {"osm_id": "node/6997912505", "kind": "hospital", "name": "Ayushman Hospital And Trauma Centre", "lon": 77.0110461, "lat": 28.4379095}, "geometry": {"type": "Point", "coordinates": [77.0110461, 28.4379095]}}, {"type": "Feature", "properties": {"osm_id": "node/6997916397", "kind": "hospital", "name": "Aryan Hospital", "lon": 77.0195045, "lat": 28.469559}, "geometry": {"type": "Point", "coordinates": [77.0195045, 28.469559]}}, {"type": "Feature", "properties": {"osm_id": "node/6997941837", "kind": "hospital", "name": "Rama Hospital & Nursing Home", "lon": 77.0230785, "lat": 28.4567256}, "geometry": {"type": "Point", "coordinates": [77.0230785, 28.4567256]}}, {"type": "Feature", "properties": {"osm_id": "node/6998006337", "kind": "hospital", "name": "Jain Sant Phool Chand Ji Charitable Hospital", "lon": 77.0158929, "lat": 28.4771569}, "geometry": {"type": "Point", "coordinates": [77.0158929, 28.4771569]}}, {"type": "Feature", "properties": {"osm_id": "node/6998051837", "kind": "hospital", "name": "Abhinav Hospital", "lon": 77.2921107, "lat": 28.4104443}, "geometry": {"type": "Point", "coordinates": [77.2921107, 28.4104443]}}, {"type": "Feature", "properties": {"osm_id": "node/6998114433", "kind": "hospital", "name": "Kathuria Hospital", "lon": 77.0199907, "lat": 28.4534132}, "geometry": {"type": "Point", "coordinates": [77.0199907, 28.4534132]}}, {"type": "Feature", "properties": {"osm_id": "node/7000653109", "kind": "hospital", "name": "Tirath Ram Hospitals Pvt Ltd", "lon": 77.0201597, "lat": 28.457085}, "geometry": {"type": "Point", "coordinates": [77.0201597, 28.457085]}}, {"type": "Feature", "properties": {"osm_id": "node/7000653119", "kind": "hospital", "name": "Mission Hospital, Jhajjar", "lon": 76.9524703, "lat": 28.6877184}, "geometry": {"type": "Point", "coordinates": [76.9524703, 28.6877184]}}, {"type": "Feature", "properties": {"osm_id": "node/7000653124", "kind": "hospital", "name": "Sakthi Kerala Ayurvedic Treatment Centre", "lon": 77.3112387, "lat": 28.4162852}, "geometry": {"type": "Point", "coordinates": [77.3112387, 28.4162852]}}, {"type": "Feature", "properties": {"osm_id": "node/7001015603", "kind": "hospital", "name": "Lall Nursing and Maternity Home", "lon": 77.027307, "lat": 28.4667802}, "geometry": {"type": "Point", "coordinates": [77.027307, 28.4667802]}}, {"type": "Feature", "properties": {"osm_id": "node/7001218513", "kind": "hospital", "name": "Centre For Sight, Gurgaon, New Railway Road", "lon": 77.0260289, "lat": 28.4682869}, "geometry": {"type": "Point", "coordinates": [77.0260289, 28.4682869]}}, {"type": "Feature", "properties": {"osm_id": "node/7001301856", "kind": "hospital", "name": "Satyam Hospital, Gurgaon", "lon": 77.0180051, "lat": 28.4609572}, "geometry": {"type": "Point", "coordinates": [77.0180051, 28.4609572]}}, {"type": "Feature", "properties": {"osm_id": "node/7001557336", "kind": "hospital", "name": "Valencia Emergency and Criti Care", "lon": 77.3143262, "lat": 28.4802878}, "geometry": {"type": "Point", "coordinates": [77.3143262, 28.4802878]}}, {"type": "Feature", "properties": {"osm_id": "node/7001630012", "kind": "hospital", "name": "Dr Sethis Amar Hospital", "lon": 76.9109662, "lat": 28.8795874}, "geometry": {"type": "Point", "coordinates": [76.9109662, 28.8795874]}}, {"type": "Feature", "properties": {"osm_id": "node/7002835676", "kind": "hospital", "name": "Aar Pee Hospital", "lon": 77.3165712, "lat": 28.4284301}, "geometry": {"type": "Point", "coordinates": [77.3165712, 28.4284301]}}, {"type": "Feature", "properties": {"osm_id": "node/7002913046", "kind": "hospital", "name": "Ahooja Eye and Dental Institute Hospital", "lon": 77.0305404, "lat": 28.4639141}, "geometry": {"type": "Point", "coordinates": [77.0305404, 28.4639141]}}, {"type": "Feature", "properties": {"osm_id": "node/7002917150", "kind": "hospital", "name": "Lall Eye Care Centre", "lon": 77.0272123, "lat": 28.4667015}, "geometry": {"type": "Point", "coordinates": [77.0272123, 28.4667015]}}, {"type": "Feature", "properties": {"osm_id": "node/7002943647", "kind": "hospital", "name": "Verma E.N.T. Hospital", "lon": 77.0280714, "lat": 28.4652069}, "geometry": {"type": "Point", "coordinates": [77.0280714, 28.4652069]}}, {"type": "Feature", "properties": {"osm_id": "node/7002954086", "kind": "hospital", "name": "Gupta Hospital, Gurgaon", "lon": 77.0268832, "lat": 28.4644246}, "geometry": {"type": "Point", "coordinates": [77.0268832, 28.4644246]}}, {"type": "Feature", "properties": {"osm_id": "node/7002991292", "kind": "hospital", "name": "Jackson Hospital", "lon": 77.0286816, "lat": 28.4691487}, "geometry": {"type": "Point", "coordinates": [77.0286816, 28.4691487]}}, {"type": "Feature", "properties": {"osm_id": "node/7002997882", "kind": "hospital", "name": "Apollo Cradle Hospital,Gurgaon", "lon": 77.0474356, "lat": 28.4786458}, "geometry": {"type": "Point", "coordinates": [77.0474356, 28.4786458]}}, {"type": "Feature", "properties": {"osm_id": "node/7003011057", "kind": "hospital", "name": "Sukhmani Hospital Pvt. Ltd", "lon": 77.0481464, "lat": 28.4342254}, "geometry": {"type": "Point", "coordinates": [77.0481464, 28.4342254]}}, {"type": "Feature", "properties": {"osm_id": "node/7003011058", "kind": "hospital", "name": "R K Hospital, Gurgaon", "lon": 77.0088346, "lat": 28.4930865}, "geometry": {"type": "Point", "coordinates": [77.0088346, 28.4930865]}}, {"type": "Feature", "properties": {"osm_id": "node/7003021987", "kind": "hospital", "name": "Parijat Hospital, Faridabad", "lon": 77.3043148, "lat": 28.4429744}, "geometry": {"type": "Point", "coordinates": [77.3043148, 28.4429744]}}, {"type": "Feature", "properties": {"osm_id": "node/7007523133", "kind": "hospital", "name": "Pdm General Hospital / Pd Memorial General Hospital", "lon": 76.8908188, "lat": 28.6894112}, "geometry": {"type": "Point", "coordinates": [76.8908188, 28.6894112]}}, {"type": "Feature", "properties": {"osm_id": "node/7007531446", "kind": "hospital", "name": "Kamla Hospital", "lon": 76.9915827, "lat": 28.446446}, "geometry": {"type": "Point", "coordinates": [76.9915827, 28.446446]}}, {"type": "Feature", "properties": {"osm_id": "node/7007695184", "kind": "hospital", "name": "M Goel Hospital", "lon": 77.027738, "lat": 28.4675082}, "geometry": {"type": "Point", "coordinates": [77.027738, 28.4675082]}}, {"type": "Feature", "properties": {"osm_id": "node/7008020087", "kind": "hospital", "name": "Sunrise Hospital", "lon": 77.0106183, "lat": 28.4428341}, "geometry": {"type": "Point", "coordinates": [77.0106183, 28.4428341]}}, {"type": "Feature", "properties": {"osm_id": "node/7008078166", "kind": "hospital", "name": "Rajendra Hospital", "lon": 77.0211279, "lat": 28.4495431}, "geometry": {"type": "Point", "coordinates": [77.0211279, 28.4495431]}}, {"type": "Feature", "properties": {"osm_id": "node/7008192495", "kind": "hospital", "name": "Sri Rattan Singh Memorial Hospital", "lon": 76.9377212, "lat": 28.7053628}, "geometry": {"type": "Point", "coordinates": [76.9377212, 28.7053628]}}, {"type": "Feature", "properties": {"osm_id": "node/7008219482", "kind": "hospital", "name": "Kriti Hospital", "lon": 77.093567, "lat": 28.4249603}, "geometry": {"type": "Point", "coordinates": [77.093567, 28.4249603]}}, {"type": "Feature", "properties": {"osm_id": "node/7008343520", "kind": "hospital", "name": "Centre For Sight, Faridabad", "lon": 77.3148374, "lat": 28.4116998}, "geometry": {"type": "Point", "coordinates": [77.3148374, 28.4116998]}}, {"type": "Feature", "properties": {"osm_id": "node/7008343539", "kind": "hospital", "name": "Jeevan Jyoti Hospital, Gurgaon", "lon": 77.0350291, "lat": 28.4763789}, "geometry": {"type": "Point", "coordinates": [77.0350291, 28.4763789]}}, {"type": "Feature", "properties": {"osm_id": "node/7008343544", "kind": "hospital", "name": "Dr.Dilip Hospital", "lon": 77.3191256, "lat": 28.4321321}, "geometry": {"type": "Point", "coordinates": [77.3191256, 28.4321321]}}, {"type": "Feature", "properties": {"osm_id": "node/7008422644", "kind": "hospital", "name": "Aastha Hospital, Bahadurgarh", "lon": 76.9342183, "lat": 28.6886312}, "geometry": {"type": "Point", "coordinates": [76.9342183, 28.6886312]}}, {"type": "Feature", "properties": {"osm_id": "node/7008441237", "kind": "hospital", "name": "Samvit Health Care", "lon": 77.0351672, "lat": 28.4350285}, "geometry": {"type": "Point", "coordinates": [77.0351672, 28.4350285]}}, {"type": "Feature", "properties": {"osm_id": "node/7008475347", "kind": "hospital", "name": "Yadav Hospital, Gurgoan", "lon": 77.0031618, "lat": 28.4432185}, "geometry": {"type": "Point", "coordinates": [77.0031618, 28.4432185]}}, {"type": "Feature", "properties": {"osm_id": "node/7008651018", "kind": "hospital", "name": "Arogyadham Hospital", "lon": 77.2924554, "lat": 28.4636559}, "geometry": {"type": "Point", "coordinates": [77.2924554, 28.4636559]}}, {"type": "Feature", "properties": {"osm_id": "node/7008691154", "kind": "hospital", "name": "Nangia Hospital Ent and Maternity", "lon": 77.0218735, "lat": 28.4558195}, "geometry": {"type": "Point", "coordinates": [77.0218735, 28.4558195]}}, {"type": "Feature", "properties": {"osm_id": "node/7008806754", "kind": "hospital", "name": "Anuj Hospital", "lon": 77.3209988, "lat": 28.4159768}, "geometry": {"type": "Point", "coordinates": [77.3209988, 28.4159768]}}, {"type": "Feature", "properties": {"osm_id": "node/7008806760", "kind": "hospital", "name": "Jeevan Jyoti Hospital, Jhajjar", "lon": 76.9476253, "lat": 28.6892159}, "geometry": {"type": "Point", "coordinates": [76.9476253, 28.6892159]}}, {"type": "Feature", "properties": {"osm_id": "node/7008960818", "kind": "hospital", "name": "Vinayak Hospital", "lon": 77.0214859, "lat": 28.4543386}, "geometry": {"type": "Point", "coordinates": [77.0214859, 28.4543386]}}, {"type": "Feature", "properties": {"osm_id": "node/7009221079", "kind": "hospital", "name": "Arunodaya Deseret Eye Hospital", "lon": 77.1087643, "lat": 28.4277743}, "geometry": {"type": "Point", "coordinates": [77.1087643, 28.4277743]}}, {"type": "Feature", "properties": {"osm_id": "node/7009225899", "kind": "hospital", "name": "Lord Krishna Hospital", "lon": 77.0854291, "lat": 28.4785067}, "geometry": {"type": "Point", "coordinates": [77.0854291, 28.4785067]}}, {"type": "Feature", "properties": {"osm_id": "node/7009263589", "kind": "hospital", "name": "Dr Fateh Singh Hospital", "lon": 77.3412971, "lat": 28.6471512}, "geometry": {"type": "Point", "coordinates": [77.3412971, 28.6471512]}}, {"type": "Feature", "properties": {"osm_id": "node/7009267020", "kind": "hospital", "name": "Mata Sumitra Devi Hospital", "lon": 77.0239288, "lat": 28.5779214}, "geometry": {"type": "Point", "coordinates": [77.0239288, 28.5779214]}}, {"type": "Feature", "properties": {"osm_id": "node/7009675990", "kind": "hospital", "name": "Arihant Hospital", "lon": 77.0824411, "lat": 28.4486051}, "geometry": {"type": "Point", "coordinates": [77.0824411, 28.4486051]}}, {"type": "Feature", "properties": {"osm_id": "node/7009891156", "kind": "hospital", "name": "Brighton Kavita Hospital", "lon": 77.3208117, "lat": 28.4339836}, "geometry": {"type": "Point", "coordinates": [77.3208117, 28.4339836]}}, {"type": "Feature", "properties": {"osm_id": "node/7009892483", "kind": "hospital", "name": "Ahmed Hospital Multi Speciality", "lon": 77.0412478, "lat": 28.4580332}, "geometry": {"type": "Point", "coordinates": [77.0412478, 28.4580332]}}, {"type": "Feature", "properties": {"osm_id": "node/7010125928", "kind": "hospital", "name": "Aarvy Hospital", "lon": 77.0300911, "lat": 28.457393}, "geometry": {"type": "Point", "coordinates": [77.0300911, 28.457393]}}, {"type": "Feature", "properties": {"osm_id": "node/7010125933", "kind": "hospital", "name": "Shri Ram Memorial Hospital", "lon": 77.099508, "lat": 28.4936346}, "geometry": {"type": "Point", "coordinates": [77.099508, 28.4936346]}}, {"type": "Feature", "properties": {"osm_id": "node/7010339325", "kind": "hospital", "name": "Lohan Children Hospital", "lon": 77.3058261, "lat": 28.4013325}, "geometry": {"type": "Point", "coordinates": [77.3058261, 28.4013325]}}, {"type": "Feature", "properties": {"osm_id": "node/7010339330", "kind": "hospital", "name": "K.B Hospital", "lon": 77.2903019, "lat": 28.4169126}, "geometry": {"type": "Point", "coordinates": [77.2903019, 28.4169126]}}, {"type": "Feature", "properties": {"osm_id": "node/7010378677", "kind": "hospital", "name": "Sikka Maternity And Surgical Center", "lon": 77.0991004, "lat": 28.4784222}, "geometry": {"type": "Point", "coordinates": [77.0991004, 28.4784222]}}, {"type": "Feature", "properties": {"osm_id": "node/7010398003", "kind": "hospital", "name": "Vaishnavi Nursing Home", "lon": 77.0131141, "lat": 28.4385723}, "geometry": {"type": "Point", "coordinates": [77.0131141, 28.4385723]}}, {"type": "Feature", "properties": {"osm_id": "node/7010444201", "kind": "hospital", "name": "Mamta Hospital, Gurgaon", "lon": 77.0338102, "lat": 28.469724}, "geometry": {"type": "Point", "coordinates": [77.0338102, 28.469724]}}, {"type": "Feature", "properties": {"osm_id": "node/7010444206", "kind": "hospital", "name": "M.S Hospital", "lon": 77.0218559, "lat": 28.4640593}, "geometry": {"type": "Point", "coordinates": [77.0218559, 28.4640593]}}, {"type": "Feature", "properties": {"osm_id": "node/7010548379", "kind": "hospital", "name": "Parnami Ortho and Spine Hospital", "lon": 77.1211427, "lat": 28.8793596}, "geometry": {"type": "Point", "coordinates": [77.1211427, 28.8793596]}}, {"type": "Feature", "properties": {"osm_id": "node/7010591317", "kind": "hospital", "name": "Bhardwaj Hospital", "lon": 77.0068324, "lat": 28.4901894}, "geometry": {"type": "Point", "coordinates": [77.0068324, 28.4901894]}}, {"type": "Feature", "properties": {"osm_id": "node/7010761022", "kind": "hospital", "name": "Jeewan Jyoti Hospital, Faridabad", "lon": 77.324825, "lat": 28.4020269}, "geometry": {"type": "Point", "coordinates": [77.324825, 28.4020269]}}, {"type": "Feature", "properties": {"osm_id": "node/7010842699", "kind": "hospital", "name": "Parashar Hospital", "lon": 77.0204298, "lat": 28.4539324}, "geometry": {"type": "Point", "coordinates": [77.0204298, 28.4539324]}}, {"type": "Feature", "properties": {"osm_id": "node/7010904771", "kind": "hospital", "name": "Carewell Hospital", "lon": 77.3211242, "lat": 28.4339848}, "geometry": {"type": "Point", "coordinates": [77.3211242, 28.4339848]}}, {"type": "Feature", "properties": {"osm_id": "node/7010941767", "kind": "hospital", "name": "Chandni Hospital", "lon": 77.3197979, "lat": 28.4163407}, "geometry": {"type": "Point", "coordinates": [77.3197979, 28.4163407]}}, {"type": "Feature", "properties": {"osm_id": "node/7011009452", "kind": "hospital", "name": "Vandana Surgical and Maternity Home", "lon": 77.2920538, "lat": 28.4100982}, "geometry": {"type": "Point", "coordinates": [77.2920538, 28.4100982]}}, {"type": "Feature", "properties": {"osm_id": "node/7020925951", "kind": "hospital", "name": "Government District Hospital, Gautam Buddha Nagar", "lon": 77.3394731, "lat": 28.5770068}, "geometry": {"type": "Point", "coordinates": [77.3394731, 28.5770068]}}, {"type": "Feature", "properties": {"osm_id": "node/7022320908", "kind": "hospital", "name": "Gopal Hospital", "lon": 77.2893602, "lat": 28.7258364}, "geometry": {"type": "Point", "coordinates": [77.2893602, 28.7258364]}}, {"type": "Feature", "properties": {"osm_id": "node/7024789288", "kind": "hospital", "name": "Aasha Deep Hospital", "lon": 77.3394397, "lat": 28.6875033}, "geometry": {"type": "Point", "coordinates": [77.3394397, 28.6875033]}}, {"type": "Feature", "properties": {"osm_id": "node/7024852288", "kind": "hospital", "name": "S.S. Medicare Centre", "lon": 77.3310229, "lat": 28.6661429}, "geometry": {"type": "Point", "coordinates": [77.3310229, 28.6661429]}}, {"type": "Feature", "properties": {"osm_id": "node/7025153786", "kind": "hospital", "name": "Icare Eye Hospital And Post Graduate Institute Glaucoma Research Centre", "lon": 77.3355089, "lat": 28.5799524}, "geometry": {"type": "Point", "coordinates": [77.3355089, 28.5799524]}}, {"type": "Feature", "properties": {"osm_id": "node/7025481517", "kind": "hospital", "name": "R K Medicare", "lon": 77.3483944, "lat": 28.6267789}, "geometry": {"type": "Point", "coordinates": [77.3483944, 28.6267789]}}, {"type": "Feature", "properties": {"osm_id": "node/7025610751", "kind": "hospital", "name": "Getwell physiotherapy center", "lon": 77.3416096, "lat": 28.6921759}, "geometry": {"type": "Point", "coordinates": [77.3416096, 28.6921759]}}, {"type": "Feature", "properties": {"osm_id": "node/7025804773", "kind": "hospital", "name": "Sparsh Multispeciality Hospital", "lon": 77.3397857, "lat": 28.6927335}, "geometry": {"type": "Point", "coordinates": [77.3397857, 28.6927335]}}, {"type": "Feature", "properties": {"osm_id": "node/7025849063", "kind": "hospital", "name": "Meenakshi Hospital, Ghaziabad", "lon": 77.3257148, "lat": 28.642142}, "geometry": {"type": "Point", "coordinates": [77.3257148, 28.642142]}}, {"type": "Feature", "properties": {"osm_id": "node/7027392185", "kind": "hospital", "name": "Vinayak Hospital", "lon": 77.3280893, "lat": 28.5711965}, "geometry": {"type": "Point", "coordinates": [77.3280893, 28.5711965]}}, {"type": "Feature", "properties": {"osm_id": "node/7027606290", "kind": "hospital", "name": "Tewari Eye Centre, Vaishali", "lon": 77.3470599, "lat": 28.6463402}, "geometry": {"type": "Point", "coordinates": [77.3470599, 28.6463402]}}, {"type": "Feature", "properties": {"osm_id": "node/7027783673", "kind": "hospital", "name": "Dharampal Memorial Hospital - Ghaziabad", "lon": 77.2862246, "lat": 28.7486784}, "geometry": {"type": "Point", "coordinates": [77.2862246, 28.7486784]}}, {"type": "Feature", "properties": {"osm_id": "node/7027932255", "kind": "hospital", "name": "Sarvodaya Hospital and Trauma Centre", "lon": 77.3391154, "lat": 28.6449508}, "geometry": {"type": "Point", "coordinates": [77.3391154, 28.6449508]}}, {"type": "Feature", "properties": {"osm_id": "node/7027933698", "kind": "hospital", "name": "Shivam Hospital, Gautam Buddha Nagar", "lon": 77.3467249, "lat": 28.6098891}, "geometry": {"type": "Point", "coordinates": [77.3467249, 28.6098891]}}, {"type": "Feature", "properties": {"osm_id": "node/7028082114", "kind": "hospital", "name": "Ajit Surgical and Maternity Centre", "lon": 77.3389501, "lat": 28.5982422}, "geometry": {"type": "Point", "coordinates": [77.3389501, 28.5982422]}}, {"type": "Feature", "properties": {"osm_id": "node/7028292035", "kind": "hospital", "name": "Metro Heart Institute and Metro Multi Speciality Hospital", "lon": 77.336034, "lat": 28.5974067}, "geometry": {"type": "Point", "coordinates": [77.336034, 28.5974067]}}, {"type": "Feature", "properties": {"osm_id": "node/7029420523", "kind": "hospital", "name": "Diveeksha Eye clinic", "lon": 77.3351213, "lat": 28.5830991}, "geometry": {"type": "Point", "coordinates": [77.3351213, 28.5830991]}}, {"type": "Feature", "properties": {"osm_id": "node/7030406299", "kind": "hospital", "name": "Max Hospital", "lon": 77.3229977, "lat": 28.5742086}, "geometry": {"type": "Point", "coordinates": [77.3229977, 28.5742086]}}, {"type": "Feature", "properties": {"osm_id": "node/7030575139", "kind": "hospital", "name": "Apollo Hospitals , Noida", "lon": 77.3349001, "lat": 28.5794754}, "geometry": {"type": "Point", "coordinates": [77.3349001, 28.5794754]}}, {"type": "Feature", "properties": {"osm_id": "node/7031558968", "kind": "hospital", "name": "Parakh Hospital, Ghaziabad", "lon": 77.3396918, "lat": 28.6934335}, "geometry": {"type": "Point", "coordinates": [77.3396918, 28.6934335]}}, {"type": "Feature", "properties": {"osm_id": "node/7034914349", "kind": "hospital", "name": "Pulse Medicare", "lon": 77.3412821, "lat": 28.6405677}, "geometry": {"type": "Point", "coordinates": [77.3412821, 28.6405677]}}, {"type": "Feature", "properties": {"osm_id": "node/7034980680", "kind": "hospital", "name": "City Hospital - Ghaziabad", "lon": 77.3143986, "lat": 28.7387381}, "geometry": {"type": "Point", "coordinates": [77.3143986, 28.7387381]}}, {"type": "Feature", "properties": {"osm_id": "node/7035451664", "kind": "hospital", "name": "Metro Hospitals and Heart Institute (Cardiology Wing)", "lon": 77.3379467, "lat": 28.5973899}, "geometry": {"type": "Point", "coordinates": [77.3379467, 28.5973899]}}, {"type": "Feature", "properties": {"osm_id": "node/7035825553", "kind": "hospital", "name": "Swami Nand Lal Jee Hospital Pvt Ltd", "lon": 77.3447263, "lat": 28.6937758}, "geometry": {"type": "Point", "coordinates": [77.3447263, 28.6937758]}}, {"type": "Feature", "properties": {"osm_id": "node/7037320325", "kind": "hospital", "name": "Indo Gulf Hospital & Diagnostics", "lon": 77.3272443, "lat": 28.5771885}, "geometry": {"type": "Point", "coordinates": [77.3272443, 28.5771885]}}, {"type": "Feature", "properties": {"osm_id": "node/7037813514", "kind": "hospital", "name": "Vaishali Health Clinic", "lon": 77.3385546, "lat": 28.6376181}, "geometry": {"type": "Point", "coordinates": [77.3385546, 28.6376181]}}, {"type": "Feature", "properties": {"osm_id": "node/7038400970", "kind": "hospital", "name": "City Hospital", "lon": 77.343176, "lat": 28.596142}, "geometry": {"type": "Point", "coordinates": [77.343176, 28.596142]}}, {"type": "Feature", "properties": {"osm_id": "node/7038608967", "kind": "hospital", "name": "Kamal Hospital, Ghaziabad", "lon": 77.3253943, "lat": 28.6446849}, "geometry": {"type": "Point", "coordinates": [77.3253943, 28.6446849]}}, {"type": "Feature", "properties": {"osm_id": "node/7099811528", "kind": "hospital", "name": "Metro Hospital and Heart Institute", "lon": 77.2437868, "lat": 28.5647231}, "geometry": {"type": "Point", "coordinates": [77.2437868, 28.5647231]}}, {"type": "Feature", "properties": {"osm_id": "node/7099861698", "kind": "school", "name": "Manav Mangal Public School", "lon": 77.2954384, "lat": 28.4986996}, "geometry": {"type": "Point", "coordinates": [77.2954384, 28.4986996]}}, {"type": "Feature", "properties": {"osm_id": "node/7130306819", "kind": "hospital", "name": "AIIMS Emergency", "lon": 77.2096335, "lat": 28.567441}, "geometry": {"type": "Point", "coordinates": [77.2096335, 28.567441]}}, {"type": "Feature", "properties": {"osm_id": "node/7138493125", "kind": "hospital", "name": "CRPF Composite Hospital", "lon": 76.9572897, "lat": 28.6390663}, "geometry": {"type": "Point", "coordinates": [76.9572897, 28.6390663]}}, {"type": "Feature", "properties": {"osm_id": "node/7138493132", "kind": "hospital", "name": "Doctor Grover's Nursing Home", "lon": 77.1469129, "lat": 28.6284133}, "geometry": {"type": "Point", "coordinates": [77.1469129, 28.6284133]}}, {"type": "Feature", "properties": {"osm_id": "node/7138493140", "kind": "hospital", "name": "Sushruta Trauma Centre", "lon": 77.2283852, "lat": 28.6797783}, "geometry": {"type": "Point", "coordinates": [77.2283852, 28.6797783]}}, {"type": "Feature", "properties": {"osm_id": "node/7138493141", "kind": "hospital", "name": "Bharti Nursingh Home", "lon": 77.0702439, "lat": 28.5874217}, "geometry": {"type": "Point", "coordinates": [77.0702439, 28.5874217]}}, {"type": "Feature", "properties": {"osm_id": "node/7138493147", "kind": "hospital", "name": "Dr B R Sur Homoeopathic Medical college and Hospital", "lon": 77.1684265, "lat": 28.5862718}, "geometry": {"type": "Point", "coordinates": [77.1684265, 28.5862718]}}, {"type": "Feature", "properties": {"osm_id": "node/7138493151", "kind": "hospital", "name": "Orthoplus Hospital", "lon": 76.976352, "lat": 28.6139007}, "geometry": {"type": "Point", "coordinates": [76.976352, 28.6139007]}}, {"type": "Feature", "properties": {"osm_id": "node/7138493167", "kind": "hospital", "name": "Vardhman Mahavir Medical College (VMMC) & Safdarjung Hospital, New Delhi", "lon": 77.2064068, "lat": 28.5685701}, "geometry": {"type": "Point", "coordinates": [77.2064068, 28.5685701]}}, {"type": "Feature", "properties": {"osm_id": "node/7138493169", "kind": "hospital", "name": "Prem Chiktsa Kendra", "lon": 77.1773627, "lat": 28.5739982}, "geometry": {"type": "Point", "coordinates": [77.1773627, 28.5739982]}}, {"type": "Feature", "properties": {"osm_id": "node/7138493179", "kind": "hospital", "name": "Shree Dhanvantri Hospital", "lon": 76.9756046, "lat": 28.6121179}, "geometry": {"type": "Point", "coordinates": [76.9756046, 28.6121179]}}, {"type": "Feature", "properties": {"osm_id": "node/7138493193", "kind": "hospital", "name": "Kalawati Saran Children's Hospital", "lon": 77.2110664, "lat": 28.6357652}, "geometry": {"type": "Point", "coordinates": [77.2110664, 28.6357652]}}, {"type": "Feature", "properties": {"osm_id": "node/7138493195", "kind": "hospital", "name": "Sports Injury Centre, Safdarjung Hospital (Part of SJH), New Delhi", "lon": 77.2054264, "lat": 28.5681531}, "geometry": {"type": "Point", "coordinates": [77.2054264, 28.5681531]}}, {"type": "Feature", "properties": {"osm_id": "node/7138493196", "kind": "hospital", "name": "Maulana Azad Institute of Dental Sciences", "lon": 77.236999, "lat": 28.6371532}, "geometry": {"type": "Point", "coordinates": [77.236999, 28.6371532]}}, {"type": "Feature", "properties": {"osm_id": "node/7138493199", "kind": "hospital", "name": "Divya Prastha Hospital", "lon": 77.0875445, "lat": 28.5862424}, "geometry": {"type": "Point", "coordinates": [77.0875445, 28.5862424]}}, {"type": "Feature", "properties": {"osm_id": "node/7138493201", "kind": "hospital", "name": "Attar Sain Jain Hospital", "lon": 77.1502237, "lat": 28.6821792}, "geometry": {"type": "Point", "coordinates": [77.1502237, 28.6821792]}}, {"type": "Feature", "properties": {"osm_id": "node/7138493204", "kind": "hospital", "name": "Satyawadi Raja Harish Chander Hospital", "lon": 77.1032565, "lat": 28.840596}, "geometry": {"type": "Point", "coordinates": [77.1032565, 28.840596]}}, {"type": "Feature", "properties": {"osm_id": "node/7138493205", "kind": "hospital", "name": "Charak Palika Hospital NDMC", "lon": 77.1770243, "lat": 28.5853147}, "geometry": {"type": "Point", "coordinates": [77.1770243, 28.5853147]}}, {"type": "Feature", "properties": {"osm_id": "node/7138493206", "kind": "hospital", "name": "Kesar Nursing Home Dabri", "lon": 77.1008845, "lat": 28.6089466}, "geometry": {"type": "Point", "coordinates": [77.1008845, 28.6089466]}}, {"type": "Feature", "properties": {"osm_id": "node/7138493229", "kind": "hospital", "name": "Chacha Nehru Bal Chikitsalaya", "lon": 77.268342, "lat": 28.653163}, "geometry": {"type": "Point", "coordinates": [77.268342, 28.653163]}}, {"type": "Feature", "properties": {"osm_id": "node/7138493234", "kind": "hospital", "name": "Maharishi Valmiki Hospital", "lon": 77.048597, "lat": 28.775826}, "geometry": {"type": "Point", "coordinates": [77.048597, 28.775826]}}, {"type": "Feature", "properties": {"osm_id": "node/7138493235", "kind": "hospital", "name": "Medeor Hospital", "lon": 77.0457328, "lat": 28.5964391}, "geometry": {"type": "Point", "coordinates": [77.0457328, 28.5964391]}}, {"type": "Feature", "properties": {"osm_id": "node/7138493238", "kind": "hospital", "name": "Shakuntla Nursing Home Sagarpur", "lon": 77.0952919, "lat": 28.6081283}, "geometry": {"type": "Point", "coordinates": [77.0952919, 28.6081283]}}, {"type": "Feature", "properties": {"osm_id": "node/7138493242", "kind": "hospital", "name": "Malik Maternity Home and Surgical Centre", "lon": 76.982911, "lat": 28.6154991}, "geometry": {"type": "Point", "coordinates": [76.982911, 28.6154991]}}, {"type": "Feature", "properties": {"osm_id": "node/7138493248", "kind": "hospital", "name": "Government Hospital, Jawalapuri", "lon": 77.080093, "lat": 28.674566}, "geometry": {"type": "Point", "coordinates": [77.080093, 28.674566]}}, {"type": "Feature", "properties": {"osm_id": "node/7138493258", "kind": "hospital", "name": "Central Hospital (Northern Railways)", "lon": 77.2173905, "lat": 28.6365867}, "geometry": {"type": "Point", "coordinates": [77.2173905, 28.6365867]}}, {"type": "Feature", "properties": {"osm_id": "node/7138493264", "kind": "hospital", "name": "Singhal Hospital Palam Colony", "lon": 77.0887312, "lat": 28.5882997}, "geometry": {"type": "Point", "coordinates": [77.0887312, 28.5882997]}}, {"type": "Feature", "properties": {"osm_id": "node/7138493273", "kind": "hospital", "name": "Doctors Diagnostic Centre Najafgarh", "lon": 76.9844782, "lat": 28.6145619}, "geometry": {"type": "Point", "coordinates": [76.9844782, 28.6145619]}}, {"type": "Feature", "properties": {"osm_id": "node/7138534287", "kind": "hospital", "name": "Lady Hardinge Medical College & Associated Hospitals", "lon": 77.212909, "lat": 28.634138}, "geometry": {"type": "Point", "coordinates": [77.212909, 28.634138]}}, {"type": "Feature", "properties": {"osm_id": "node/7138534296", "kind": "hospital", "name": "Free Maternity & Child Welfare Centeri", "lon": 77.2308534, "lat": 28.6472649}, "geometry": {"type": "Point", "coordinates": [77.2308534, 28.6472649]}}, {"type": "Feature", "properties": {"osm_id": "node/7138534301", "kind": "hospital", "name": "Kaya Kalp Hospital", "lon": 77.2100401, "lat": 28.7305663}, "geometry": {"type": "Point", "coordinates": [77.2100401, 28.7305663]}}, {"type": "Feature", "properties": {"osm_id": "node/7138534302", "kind": "hospital", "name": "Sunder Lal Jain Eye Hospital", "lon": 77.2098206, "lat": 28.6495013}, "geometry": {"type": "Point", "coordinates": [77.2098206, 28.6495013]}}, {"type": "Feature", "properties": {"osm_id": "node/7138534304", "kind": "hospital", "name": "Aman Medical Centre", "lon": 77.1812935, "lat": 28.5216502}, "geometry": {"type": "Point", "coordinates": [77.1812935, 28.5216502]}}, {"type": "Feature", "properties": {"osm_id": "node/7138534309", "kind": "hospital", "name": "Navjeevan Nursing Home", "lon": 77.2780809, "lat": 28.653289}, "geometry": {"type": "Point", "coordinates": [77.2780809, 28.653289]}}, {"type": "Feature", "properties": {"osm_id": "node/7138534310", "kind": "hospital", "name": "Kasturba Hospital", "lon": 77.2359282, "lat": 28.649831}, "geometry": {"type": "Point", "coordinates": [77.2359282, 28.649831]}}, {"type": "Feature", "properties": {"osm_id": "node/7138534315", "kind": "hospital", "name": "Mayur Medicare Center", "lon": 77.2933797, "lat": 28.6060579}, "geometry": {"type": "Point", "coordinates": [77.2933797, 28.6060579]}}, {"type": "Feature", "properties": {"osm_id": "node/7138534316", "kind": "hospital", "name": "Sukhmani Hospital", "lon": 77.2005001, "lat": 28.5597233}, "geometry": {"type": "Point", "coordinates": [77.2005001, 28.5597233]}}, {"type": "Feature", "properties": {"osm_id": "node/7138534317", "kind": "hospital", "name": "Vardaan Hospital", "lon": 77.2149447, "lat": 28.5372268}, "geometry": {"type": "Point", "coordinates": [77.2149447, 28.5372268]}}, {"type": "Feature", "properties": {"osm_id": "node/7138534318", "kind": "hospital", "name": "VMMC & SAFDARJANG HOSPITAL", "lon": 77.2067292, "lat": 28.5686672}, "geometry": {"type": "Point", "coordinates": [77.2067292, 28.5686672]}}, {"type": "Feature", "properties": {"osm_id": "node/7138534325", "kind": "hospital", "name": "Leekha Nursing Home", "lon": 77.2080381, "lat": 28.5520278}, "geometry": {"type": "Point", "coordinates": [77.2080381, 28.5520278]}}, {"type": "Feature", "properties": {"osm_id": "node/7138534327", "kind": "hospital", "name": "Kukreja Hospital", "lon": 77.2948507, "lat": 28.6092197}, "geometry": {"type": "Point", "coordinates": [77.2948507, 28.6092197]}}, {"type": "Feature", "properties": {"osm_id": "node/7138534328", "kind": "hospital", "name": "Bhagwati Hospital", "lon": 77.1788654, "lat": 28.5241613}, "geometry": {"type": "Point", "coordinates": [77.1788654, 28.5241613]}}, {"type": "Feature", "properties": {"osm_id": "node/7138534337", "kind": "hospital", "name": "Sparsh Mother & child care hospital", "lon": 77.1945449, "lat": 28.6801482}, "geometry": {"type": "Point", "coordinates": [77.1945449, 28.6801482]}}, {"type": "Feature", "properties": {"osm_id": "node/7138534339", "kind": "hospital", "name": "Medeor Hospital", "lon": 77.1810712, "lat": 28.5374555}, "geometry": {"type": "Point", "coordinates": [77.1810712, 28.5374555]}}, {"type": "Feature", "properties": {"osm_id": "node/7138534340", "kind": "hospital", "name": "NGO Lok Kalyan Samiti", "lon": 77.2387009, "lat": 28.629808}, "geometry": {"type": "Point", "coordinates": [77.2387009, 28.629808]}}, {"type": "Feature", "properties": {"osm_id": "node/7138534345", "kind": "hospital", "name": "Parmarth Mission Hospital", "lon": 77.1979673, "lat": 28.6810176}, "geometry": {"type": "Point", "coordinates": [77.1979673, 28.6810176]}}, {"type": "Feature", "properties": {"osm_id": "node/7138534358", "kind": "hospital", "name": "Aruna Asaf Ali Government Hospital", "lon": 77.2178501, "lat": 28.6697661}, "geometry": {"type": "Point", "coordinates": [77.2178501, 28.6697661]}}, {"type": "Feature", "properties": {"osm_id": "node/7138534363", "kind": "hospital", "name": "Raj Rani Hospital", "lon": 77.3233982, "lat": 28.6138358}, "geometry": {"type": "Point", "coordinates": [77.3233982, 28.6138358]}}, {"type": "Feature", "properties": {"osm_id": "node/7138534364", "kind": "hospital", "name": "Dr. N. C. Joshi Memorial Hospital", "lon": 77.1994853, "lat": 28.6529654}, "geometry": {"type": "Point", "coordinates": [77.1994853, 28.6529654]}}, {"type": "Feature", "properties": {"osm_id": "node/7138534366", "kind": "hospital", "name": "Malhotra Nursing Home", "lon": 77.3039095, "lat": 28.6197989}, "geometry": {"type": "Point", "coordinates": [77.3039095, 28.6197989]}}, {"type": "Feature", "properties": {"osm_id": "node/7138534367", "kind": "hospital", "name": "Shree Jeewan Hospital", "lon": 77.1943948, "lat": 28.6579998}, "geometry": {"type": "Point", "coordinates": [77.1943948, 28.6579998]}}, {"type": "Feature", "properties": {"osm_id": "node/7138534368", "kind": "hospital", "name": "Mohan Eye Institute", "lon": 77.1906871, "lat": 28.6431266}, "geometry": {"type": "Point", "coordinates": [77.1906871, 28.6431266]}}, {"type": "Feature", "properties": {"osm_id": "node/7138534372", "kind": "hospital", "name": "Navjoyti Eye Centre", "lon": 77.2424612, "lat": 28.6435226}, "geometry": {"type": "Point", "coordinates": [77.2424612, 28.6435226]}}, {"type": "Feature", "properties": {"osm_id": "node/7138534373", "kind": "hospital", "name": "Mahesh Hospital", "lon": 77.3023362, "lat": 28.6264544}, "geometry": {"type": "Point", "coordinates": [77.3023362, 28.6264544]}}, {"type": "Feature", "properties": {"osm_id": "node/7138534382", "kind": "hospital", "name": "Jag Pravesh Chandra Hospital", "lon": 77.262937, "lat": 28.6764665}, "geometry": {"type": "Point", "coordinates": [77.262937, 28.6764665]}}, {"type": "Feature", "properties": {"osm_id": "node/7138534385", "kind": "hospital", "name": "Healing Touch Hospital", "lon": 77.2073754, "lat": 28.5427709}, "geometry": {"type": "Point", "coordinates": [77.2073754, 28.5427709]}}, {"type": "Feature", "properties": {"osm_id": "node/7138534387", "kind": "hospital", "name": "Gouri Hospital Ltd", "lon": 77.20819, "lat": 28.6796305}, "geometry": {"type": "Point", "coordinates": [77.20819, 28.6796305]}}, {"type": "Feature", "properties": {"osm_id": "node/7138534388", "kind": "hospital", "name": "Malik Nursing Home", "lon": 77.3343703, "lat": 28.6094473}, "geometry": {"type": "Point", "coordinates": [77.3343703, 28.6094473]}}, {"type": "Feature", "properties": {"osm_id": "node/7138534389", "kind": "hospital", "name": "Sanjivini Nursing Home", "lon": 77.2007198, "lat": 28.6814911}, "geometry": {"type": "Point", "coordinates": [77.2007198, 28.6814911]}}, {"type": "Feature", "properties": {"osm_id": "node/7138534392", "kind": "hospital", "name": "Sharma Medical Center", "lon": 77.209831, "lat": 28.6494565}, "geometry": {"type": "Point", "coordinates": [77.209831, 28.6494565]}}, {"type": "Feature", "properties": {"osm_id": "node/7138534395", "kind": "hospital", "name": "Sunil Hospital and Nursing Home", "lon": 77.2091623, "lat": 28.5358718}, "geometry": {"type": "Point", "coordinates": [77.2091623, 28.5358718]}}, {"type": "Feature", "properties": {"osm_id": "node/7138534401", "kind": "hospital", "name": "Mohan Nursing Home & Hospital", "lon": 77.267766, "lat": 28.702744}, "geometry": {"type": "Point", "coordinates": [77.267766, 28.702744]}}, {"type": "Feature", "properties": {"osm_id": "node/7138534407", "kind": "hospital", "name": "Vibhu Nursing Home", "lon": 77.2083916, "lat": 28.5347579}, "geometry": {"type": "Point", "coordinates": [77.2083916, 28.5347579]}}, {"type": "Feature", "properties": {"osm_id": "node/7138534411", "kind": "hospital", "name": "Satyam Medical Centre", "lon": 77.1864475, "lat": 28.5412998}, "geometry": {"type": "Point", "coordinates": [77.1864475, 28.5412998]}}, {"type": "Feature", "properties": {"osm_id": "node/7138534416", "kind": "hospital", "name": "Tirath Ram Shah Hospital", "lon": 77.2162565, "lat": 28.6708223}, "geometry": {"type": "Point", "coordinates": [77.2162565, 28.6708223]}}, {"type": "Feature", "properties": {"osm_id": "node/7138534434", "kind": "hospital", "name": "Sankhwar Hospital", "lon": 77.3237989, "lat": 28.6151295}, "geometry": {"type": "Point", "coordinates": [77.3237989, 28.6151295]}}, {"type": "Feature", "properties": {"osm_id": "node/7138534435", "kind": "hospital", "name": "Neera Eye Centre", "lon": 77.2427645, "lat": 28.6424432}, "geometry": {"type": "Point", "coordinates": [77.2427645, 28.6424432]}}, {"type": "Feature", "properties": {"osm_id": "node/7138534440", "kind": "hospital", "name": "Mahavir International Eye Hospital", "lon": 77.2157522, "lat": 28.6598583}, "geometry": {"type": "Point", "coordinates": [77.2157522, 28.6598583]}}, {"type": "Feature", "properties": {"osm_id": "node/7138534441", "kind": "hospital", "name": "Nazar Kanwar Surana Hospital", "lon": 77.1907591, "lat": 28.6752381}, "geometry": {"type": "Point", "coordinates": [77.1907591, 28.6752381]}}, {"type": "Feature", "properties": {"osm_id": "node/7138632121", "kind": "hospital", "name": "Savitri Hospital", "lon": 77.1471281, "lat": 28.686033}, "geometry": {"type": "Point", "coordinates": [77.1471281, 28.686033]}}, {"type": "Feature", "properties": {"osm_id": "node/7138632123", "kind": "hospital", "name": "MH Haiderpur", "lon": 77.1515703, "lat": 28.7235001}, "geometry": {"type": "Point", "coordinates": [77.1515703, 28.7235001]}}, {"type": "Feature", "properties": {"osm_id": "node/7138632124", "kind": "hospital", "name": "Kuber Hospital", "lon": 77.1357109, "lat": 28.6900528}, "geometry": {"type": "Point", "coordinates": [77.1357109, 28.6900528]}}, {"type": "Feature", "properties": {"osm_id": "node/7138632125", "kind": "hospital", "name": "Children & Maternity Centre", "lon": 77.1261114, "lat": 28.7334154}, "geometry": {"type": "Point", "coordinates": [77.1261114, 28.7334154]}}, {"type": "Feature", "properties": {"osm_id": "node/7138632128", "kind": "hospital", "name": "Max Multi Speciality Centre, Pitampura", "lon": 77.1517793, "lat": 28.6931702}, "geometry": {"type": "Point", "coordinates": [77.1517793, 28.6931702]}}, {"type": "Feature", "properties": {"osm_id": "node/7138632131", "kind": "hospital", "name": "Dr BD Attam Hospital and Medical Research Centre", "lon": 77.1734959, "lat": 28.6960546}, "geometry": {"type": "Point", "coordinates": [77.1734959, 28.6960546]}}, {"type": "Feature", "properties": {"osm_id": "node/7138632132", "kind": "hospital", "name": "Fortis Bloom", "lon": 77.2437938, "lat": 28.5287785}, "geometry": {"type": "Point", "coordinates": [77.2437938, 28.5287785]}}, {"type": "Feature", "properties": {"osm_id": "node/7138632133", "kind": "hospital", "name": "Gupta Nursing Home", "lon": 77.2876085, "lat": 28.6759254}, "geometry": {"type": "Point", "coordinates": [77.2876085, 28.6759254]}}, {"type": "Feature", "properties": {"osm_id": "node/7138632136", "kind": "hospital", "name": "Kamaal Nursing Home", "lon": 77.2718597, "lat": 28.6798998}, "geometry": {"type": "Point", "coordinates": [77.2718597, 28.6798998]}}, {"type": "Feature", "properties": {"osm_id": "node/7138632137", "kind": "hospital", "name": "Muni Maya Ram Jain Hospital", "lon": 77.141187, "lat": 28.700019}, "geometry": {"type": "Point", "coordinates": [77.141187, 28.700019]}}, {"type": "Feature", "properties": {"osm_id": "node/7138632142", "kind": "hospital", "name": "jp memorial", "lon": 77.3296536, "lat": 28.6845119}, "geometry": {"type": "Point", "coordinates": [77.3296536, 28.6845119]}}, {"type": "Feature", "properties": {"osm_id": "node/7138632143", "kind": "hospital", "name": "Medha Hospital", "lon": 77.1449278, "lat": 28.7045697}, "geometry": {"type": "Point", "coordinates": [77.1449278, 28.7045697]}}, {"type": "Feature", "properties": {"osm_id": "node/7138632145", "kind": "hospital", "name": "Sai Charitable Dispensary & Nursing Home", "lon": 77.3003113, "lat": 28.6893425}, "geometry": {"type": "Point", "coordinates": [77.3003113, 28.6893425]}}, {"type": "Feature", "properties": {"osm_id": "node/7138632146", "kind": "hospital", "name": "Saroj Hospital", "lon": 77.1290461, "lat": 28.7061564}, "geometry": {"type": "Point", "coordinates": [77.1290461, 28.7061564]}}, {"type": "Feature", "properties": {"osm_id": "node/7138632150", "kind": "hospital", "name": "MCD Maternity Government Hospital", "lon": 77.1176777, "lat": 28.7113776}, "geometry": {"type": "Point", "coordinates": [77.1176777, 28.7113776]}}, {"type": "Feature", "properties": {"osm_id": "node/7138632152", "kind": "hospital", "name": "Arora Nursing Home", "lon": 77.1528872, "lat": 28.7141757}, "geometry": {"type": "Point", "coordinates": [77.1528872, 28.7141757]}}, {"type": "Feature", "properties": {"osm_id": "node/7138632155", "kind": "hospital", "name": "Jiwan Charitable Hospital", "lon": 77.0858096, "lat": 28.6897352}, "geometry": {"type": "Point", "coordinates": [77.0858096, 28.6897352]}}, {"type": "Feature", "properties": {"osm_id": "node/7138632156", "kind": "hospital", "name": "Karala Government Hospital", "lon": 77.037425, "lat": 28.7321173}, "geometry": {"type": "Point", "coordinates": [77.037425, 28.7321173]}}, {"type": "Feature", "properties": {"osm_id": "node/7138632162", "kind": "hospital", "name": "Government Hospital", "lon": 77.277492, "lat": 28.668361}, "geometry": {"type": "Point", "coordinates": [77.277492, 28.668361]}}, {"type": "Feature", "properties": {"osm_id": "node/7138632164", "kind": "hospital", "name": "Jeevan Jyoti Hospital", "lon": 77.2855634, "lat": 28.5223738}, "geometry": {"type": "Point", "coordinates": [77.2855634, 28.5223738]}}, {"type": "Feature", "properties": {"osm_id": "node/7138632165", "kind": "hospital", "name": "Chandiwala Hospital Shahdara", "lon": 77.2904545, "lat": 28.6750114}, "geometry": {"type": "Point", "coordinates": [77.2904545, 28.6750114]}}, {"type": "Feature", "properties": {"osm_id": "node/7138632166", "kind": "hospital", "name": "Upchar Nursing Home", "lon": 77.1772633, "lat": 28.6975051}, "geometry": {"type": "Point", "coordinates": [77.1772633, 28.6975051]}}, {"type": "Feature", "properties": {"osm_id": "node/7138632167", "kind": "hospital", "name": "Talwar Medical Centre", "lon": 77.2441716, "lat": 28.5363921}, "geometry": {"type": "Point", "coordinates": [77.2441716, 28.5363921]}}, {"type": "Feature", "properties": {"osm_id": "node/7138632176", "kind": "hospital", "name": "Manav Medicare Centre", "lon": 77.2199599, "lat": 28.5706874}, "geometry": {"type": "Point", "coordinates": [77.2199599, 28.5706874]}}, {"type": "Feature", "properties": {"osm_id": "node/7138632178", "kind": "hospital", "name": "Kesar Hospital", "lon": 77.1644781, "lat": 28.7059502}, "geometry": {"type": "Point", "coordinates": [77.1644781, 28.7059502]}}, {"type": "Feature", "properties": {"osm_id": "node/7138632180", "kind": "hospital", "name": "st. stephen hospital", "lon": 77.3171197, "lat": 28.6939954}, "geometry": {"type": "Point", "coordinates": [77.3171197, 28.6939954]}}, {"type": "Feature", "properties": {"osm_id": "node/7138632182", "kind": "hospital", "name": "Garg Nursing Home", "lon": 77.157259, "lat": 28.6790286}, "geometry": {"type": "Point", "coordinates": [77.157259, 28.6790286]}}, {"type": "Feature", "properties": {"osm_id": "node/7138632183", "kind": "hospital", "name": "Santom Hospital", "lon": 77.1383483, "lat": 28.7140205}, "geometry": {"type": "Point", "coordinates": [77.1383483, 28.7140205]}}, {"type": "Feature", "properties": {"osm_id": "node/7138632184", "kind": "hospital", "name": "Manna Clinic & Maternity Home, Rani Bagh", "lon": 77.1315855, "lat": 28.6857157}, "geometry": {"type": "Point", "coordinates": [77.1315855, 28.6857157]}}, {"type": "Feature", "properties": {"osm_id": "node/7138632185", "kind": "hospital", "name": "Prashant Nursing Home", "lon": 77.1326764, "lat": 28.7148991}, "geometry": {"type": "Point", "coordinates": [77.1326764, 28.7148991]}}, {"type": "Feature", "properties": {"osm_id": "node/7138632189", "kind": "hospital", "name": "Sai Drishti Maternity Centre", "lon": 77.1251957, "lat": 28.7313713}, "geometry": {"type": "Point", "coordinates": [77.1251957, 28.7313713]}}, {"type": "Feature", "properties": {"osm_id": "node/7138632194", "kind": "hospital", "name": "IG ESI Hospital", "lon": 77.3111297, "lat": 28.6665856}, "geometry": {"type": "Point", "coordinates": [77.3111297, 28.6665856]}}, {"type": "Feature", "properties": {"osm_id": "node/7138632196", "kind": "hospital", "name": "Hakeem Abdul Hameed Centenary Hospital", "lon": 77.2519382, "lat": 28.5149753}, "geometry": {"type": "Point", "coordinates": [77.2519382, 28.5149753]}}, {"type": "Feature", "properties": {"osm_id": "node/7138632199", "kind": "hospital", "name": "Vallabh Hospital", "lon": 77.2659687, "lat": 28.5323573}, "geometry": {"type": "Point", "coordinates": [77.2659687, 28.5323573]}}, {"type": "Feature", "properties": {"osm_id": "node/7138632200", "kind": "hospital", "name": "Red Cross Hospital Society Mat. Welfare and Child Care Hospital", "lon": 77.3225828, "lat": 28.678117}, "geometry": {"type": "Point", "coordinates": [77.3225828, 28.678117]}}, {"type": "Feature", "properties": {"osm_id": "node/7138632202", "kind": "hospital", "name": "Phoenix Hopsital", "lon": 77.2440346, "lat": 28.5500671}, "geometry": {"type": "Point", "coordinates": [77.2440346, 28.5500671]}}, {"type": "Feature", "properties": {"osm_id": "node/7138632203", "kind": "hospital", "name": "Rashmi Hospital", "lon": 77.1473691, "lat": 28.7025469}, "geometry": {"type": "Point", "coordinates": [77.1473691, 28.7025469]}}, {"type": "Feature", "properties": {"osm_id": "node/7138632208", "kind": "hospital", "name": "Bhagwan Mahavir Super Speciality Hospital", "lon": 77.1294721, "lat": 28.7057477}, "geometry": {"type": "Point", "coordinates": [77.1294721, 28.7057477]}}, {"type": "Feature", "properties": {"osm_id": "node/7138632210", "kind": "hospital", "name": "Jhamb Maternity and Medical Centre", "lon": 77.1540084, "lat": 28.7090339}, "geometry": {"type": "Point", "coordinates": [77.1540084, 28.7090339]}}, {"type": "Feature", "properties": {"osm_id": "node/7138632216", "kind": "hospital", "name": "Capital Eye Centre", "lon": 77.1928254, "lat": 28.6874142}, "geometry": {"type": "Point", "coordinates": [77.1928254, 28.6874142]}}, {"type": "Feature", "properties": {"osm_id": "node/7138632217", "kind": "hospital", "name": "Bhagwati Hospital", "lon": 77.1295373, "lat": 28.7191521}, "geometry": {"type": "Point", "coordinates": [77.1295373, 28.7191521]}}, {"type": "Feature", "properties": {"osm_id": "node/7138632224", "kind": "hospital", "name": "Tondan hospital", "lon": 77.3207024, "lat": 28.6664871}, "geometry": {"type": "Point", "coordinates": [77.3207024, 28.6664871]}}, {"type": "Feature", "properties": {"osm_id": "node/7138632226", "kind": "hospital", "name": "Primary Urban Health Centre Cum Maternity Home & Poly Clinic", "lon": 77.2652745, "lat": 28.513195}, "geometry": {"type": "Point", "coordinates": [77.2652745, 28.513195]}}, {"type": "Feature", "properties": {"osm_id": "node/7138632228", "kind": "hospital", "name": "North Delhi Nursing Home", "lon": 77.179557, "lat": 28.696547}, "geometry": {"type": "Point", "coordinates": [77.179557, 28.696547]}}, {"type": "Feature", "properties": {"osm_id": "node/7138632230", "kind": "hospital", "name": "shanti nursing home LLP", "lon": 77.2825741, "lat": 28.6779567}, "geometry": {"type": "Point", "coordinates": [77.2825741, 28.6779567]}}, {"type": "Feature", "properties": {"osm_id": "node/7138632232", "kind": "hospital", "name": "Banarsidas Chandiwala Insitute of Medical Sciences", "lon": 77.2676793, "lat": 28.5441942}, "geometry": {"type": "Point", "coordinates": [77.2676793, 28.5441942]}}, {"type": "Feature", "properties": {"osm_id": "node/7138632234", "kind": "hospital", "name": "Family Hospital", "lon": 77.0983471, "lat": 28.7013032}, "geometry": {"type": "Point", "coordinates": [77.0983471, 28.7013032]}}, {"type": "Feature", "properties": {"osm_id": "node/7138632237", "kind": "hospital", "name": "Kumar Medical & Maternity Centre", "lon": 77.160742, "lat": 28.7041641}, "geometry": {"type": "Point", "coordinates": [77.160742, 28.7041641]}}, {"type": "Feature", "properties": {"osm_id": "node/7138632238", "kind": "hospital", "name": "Parivar Sewa Sansthan", "lon": 77.2473565, "lat": 28.5672773}, "geometry": {"type": "Point", "coordinates": [77.2473565, 28.5672773]}}, {"type": "Feature", "properties": {"osm_id": "node/7138632241", "kind": "hospital", "name": "MCW Sewa Nagar", "lon": 77.226043, "lat": 28.577053}, "geometry": {"type": "Point", "coordinates": [77.226043, 28.577053]}}, {"type": "Feature", "properties": {"osm_id": "node/7138632244", "kind": "hospital", "name": "Brahm Shakti Hospital", "lon": 77.081262, "lat": 28.712357}, "geometry": {"type": "Point", "coordinates": [77.081262, 28.712357]}}, {"type": "Feature", "properties": {"osm_id": "node/7138632254", "kind": "hospital", "name": "Sona Maternity and Nursing Home", "lon": 77.2906128, "lat": 28.6656992}, "geometry": {"type": "Point", "coordinates": [77.2906128, 28.6656992]}}, {"type": "Feature", "properties": {"osm_id": "node/7138632256", "kind": "hospital", "name": "DGD Vivek Vihar", "lon": 77.3190619, "lat": 28.6696193}, "geometry": {"type": "Point", "coordinates": [77.3190619, 28.6696193]}}, {"type": "Feature", "properties": {"osm_id": "node/7138632257", "kind": "hospital", "name": "D.R. Nursing Home", "lon": 77.1730105, "lat": 28.6963486}, "geometry": {"type": "Point", "coordinates": [77.1730105, 28.6963486]}}, {"type": "Feature", "properties": {"osm_id": "node/7138632258", "kind": "hospital", "name": "Netrayatan Hospital", "lon": 77.2451946, "lat": 28.5299782}, "geometry": {"type": "Point", "coordinates": [77.2451946, 28.5299782]}}, {"type": "Feature", "properties": {"osm_id": "node/7138632261", "kind": "hospital", "name": "MCW Giri Nagar", "lon": 77.262854, "lat": 28.540349}, "geometry": {"type": "Point", "coordinates": [77.262854, 28.540349]}}, {"type": "Feature", "properties": {"osm_id": "node/7138632263", "kind": "hospital", "name": "Kanta Sethi Hospital", "lon": 77.0988184, "lat": 28.7012483}, "geometry": {"type": "Point", "coordinates": [77.0988184, 28.7012483]}}, {"type": "Feature", "properties": {"osm_id": "node/7138632264", "kind": "hospital", "name": "Delhi Common Wealth Women Association", "lon": 77.2369473, "lat": 28.5556776}, "geometry": {"type": "Point", "coordinates": [77.2369473, 28.5556776]}}, {"type": "Feature", "properties": {"osm_id": "node/7138632265", "kind": "hospital", "name": "Kalyan Nursing Home", "lon": 77.3283939, "lat": 28.6814958}, "geometry": {"type": "Point", "coordinates": [77.3283939, 28.6814958]}}, {"type": "Feature", "properties": {"osm_id": "node/7138632267", "kind": "hospital", "name": "best care hospital", "lon": 77.3278636, "lat": 28.68452}, "geometry": {"type": "Point", "coordinates": [77.3278636, 28.68452]}}, {"type": "Feature", "properties": {"osm_id": "node/7138632272", "kind": "hospital", "name": "Maheshwari Hospital", "lon": 77.1419875, "lat": 28.7122011}, "geometry": {"type": "Point", "coordinates": [77.1419875, 28.7122011]}}, {"type": "Feature", "properties": {"osm_id": "node/7149092377", "kind": "school", "name": "Darul Qur'an Madrasa Abdurrahman Tahfizul Qur'an", "lon": 77.2143363, "lat": 28.5295756}, "geometry": {"type": "Point", "coordinates": [77.2143363, 28.5295756]}}, {"type": "Feature", "properties": {"osm_id": "node/7168803706", "kind": "hospital", "name": "Government Hospital Hasangarh", "lon": 76.843442, "lat": 28.833708}, "geometry": {"type": "Point", "coordinates": [76.843442, 28.833708]}}, {"type": "Feature", "properties": {"osm_id": "node/7168803716", "kind": "hospital", "name": "Airforce Hospital", "lon": 77.0234423, "lat": 28.4353706}, "geometry": {"type": "Point", "coordinates": [77.0234423, 28.4353706]}}, {"type": "Feature", "properties": {"osm_id": "node/7168803777", "kind": "hospital", "name": "Government Hospital Feroj Pur Bangar", "lon": 76.982361, "lat": 28.83005}, "geometry": {"type": "Point", "coordinates": [76.982361, 28.83005]}}, {"type": "Feature", "properties": {"osm_id": "node/7168803799", "kind": "hospital", "name": "GH Gurgaon", "lon": 77.027117, "lat": 28.474246}, "geometry": {"type": "Point", "coordinates": [77.027117, 28.474246]}}, {"type": "Feature", "properties": {"osm_id": "node/7168803802", "kind": "hospital", "name": "Civil Hospital Bahadurgarh", "lon": 76.923954, "lat": 28.696657}, "geometry": {"type": "Point", "coordinates": [76.923954, 28.696657]}}, {"type": "Feature", "properties": {"osm_id": "node/7168803822", "kind": "hospital", "name": "Civil Hospital Kanonda", "lon": 76.9308597, "lat": 28.7660711}, "geometry": {"type": "Point", "coordinates": [76.9308597, 28.7660711]}}, {"type": "Feature", "properties": {"osm_id": "node/7168803920", "kind": "hospital", "name": "Esic Hospital, Gurugram", "lon": 77.0013592, "lat": 28.4681022}, "geometry": {"type": "Point", "coordinates": [77.0013592, 28.4681022]}}, {"type": "Feature", "properties": {"osm_id": "node/7193086031", "kind": "school", "name": "Government Coeducational Senior Secondary School", "lon": 77.2391399, "lat": 28.5762957}, "geometry": {"type": "Point", "coordinates": [77.2391399, 28.5762957]}}, {"type": "Feature", "properties": {"osm_id": "node/7200423020", "kind": "hospital", "name": "Government Hospital Chirodi", "lon": 77.3337869, "lat": 28.7792015}, "geometry": {"type": "Point", "coordinates": [77.3337869, 28.7792015]}}, {"type": "Feature", "properties": {"osm_id": "node/7395028895", "kind": "school", "name": "India international secondary school", "lon": 77.2869559, "lat": 28.7172505}, "geometry": {"type": "Point", "coordinates": [77.2869559, 28.7172505]}}, {"type": "Feature", "properties": {"osm_id": "node/7498553877", "kind": "hospital", "name": "NDMS Park", "lon": 77.1938033, "lat": 28.4851071}, "geometry": {"type": "Point", "coordinates": [77.1938033, 28.4851071]}}, {"type": "Feature", "properties": {"osm_id": "node/7543715659", "kind": "hospital", "name": "PGH Hospitals", "lon": 77.048981, "lat": 28.636193}, "geometry": {"type": "Point", "coordinates": [77.048981, 28.636193]}}, {"type": "Feature", "properties": {"osm_id": "node/7543715660", "kind": "hospital", "name": "Sanjivani Hospital", "lon": 77.0502678, "lat": 28.674249}, "geometry": {"type": "Point", "coordinates": [77.0502678, 28.674249]}}, {"type": "Feature", "properties": {"osm_id": "node/7543715661", "kind": "hospital", "name": "Saraswati Hospital and Laproscopic Centre", "lon": 77.009835, "lat": 28.626424}, "geometry": {"type": "Point", "coordinates": [77.009835, 28.626424]}}, {"type": "Feature", "properties": {"osm_id": "node/7543715662", "kind": "hospital", "name": "Kalra Hospital", "lon": 77.1387304, "lat": 28.6551825}, "geometry": {"type": "Point", "coordinates": [77.1387304, 28.6551825]}}, {"type": "Feature", "properties": {"osm_id": "node/7543715663", "kind": "hospital", "name": "MKW Hospital", "lon": 77.119633, "lat": 28.6392919}, "geometry": {"type": "Point", "coordinates": [77.119633, 28.6392919]}}, {"type": "Feature", "properties": {"osm_id": "node/7543715664", "kind": "hospital", "name": "UK Nursing Home", "lon": 77.076458, "lat": 28.634107}, "geometry": {"type": "Point", "coordinates": [77.076458, 28.634107]}}, {"type": "Feature", "properties": {"osm_id": "node/7543715665", "kind": "hospital", "name": "Goyal Hospital", "lon": 77.0853346, "lat": 28.6616551}, "geometry": {"type": "Point", "coordinates": [77.0853346, 28.6616551]}}, {"type": "Feature", "properties": {"osm_id": "node/7543715668", "kind": "hospital", "name": "Aakash Healthcare Super Speciality Hospital", "lon": 77.0535572, "lat": 28.6054061}, "geometry": {"type": "Point", "coordinates": [77.0535572, 28.6054061]}}, {"type": "Feature", "properties": {"osm_id": "node/7543715669", "kind": "hospital", "name": "Care n Cure 24", "lon": 77.0726925, "lat": 28.653375}, "geometry": {"type": "Point", "coordinates": [77.0726925, 28.653375]}}, {"type": "Feature", "properties": {"osm_id": "node/7543715671", "kind": "hospital", "name": "Sunand Hospital & IVF Centre", "lon": 77.0480879, "lat": 28.618746}, "geometry": {"type": "Point", "coordinates": [77.0480879, 28.618746]}}, {"type": "Feature", "properties": {"osm_id": "node/7543715672", "kind": "hospital", "name": "Medstar Hospital", "lon": 77.0907424, "lat": 28.6590574}, "geometry": {"type": "Point", "coordinates": [77.0907424, 28.6590574]}}, {"type": "Feature", "properties": {"osm_id": "node/7543715674", "kind": "hospital", "name": "Karuna Sindhu Charitable Hospital", "lon": 77.0163489, "lat": 28.6557378}, "geometry": {"type": "Point", "coordinates": [77.0163489, 28.6557378]}}, {"type": "Feature", "properties": {"osm_id": "node/7543715675", "kind": "hospital", "name": "Government Ayurvedic Hospital", "lon": 77.1458797, "lat": 28.6635722}, "geometry": {"type": "Point", "coordinates": [77.1458797, 28.6635722]}}, {"type": "Feature", "properties": {"osm_id": "node/7543715676", "kind": "hospital", "name": "Kiran Das Charitable Hospital", "lon": 77.0617704, "lat": 28.6524161}, "geometry": {"type": "Point", "coordinates": [77.0617704, 28.6524161]}}, {"type": "Feature", "properties": {"osm_id": "node/7543715679", "kind": "hospital", "name": "Apollo Cradle Maternity & Children's Hospital", "lon": 77.1503029, "lat": 28.6617972}, "geometry": {"type": "Point", "coordinates": [77.1503029, 28.6617972]}}, {"type": "Feature", "properties": {"osm_id": "node/7543715680", "kind": "hospital", "name": "Satyabhama Hospital", "lon": 77.0634761, "lat": 28.6769478}, "geometry": {"type": "Point", "coordinates": [77.0634761, 28.6769478]}}, {"type": "Feature", "properties": {"osm_id": "node/7543715681", "kind": "hospital", "name": "Dashmesh Hospital", "lon": 77.0988531, "lat": 28.6304061}, "geometry": {"type": "Point", "coordinates": [77.0988531, 28.6304061]}}, {"type": "Feature", "properties": {"osm_id": "node/7543715682", "kind": "hospital", "name": "Sumiti Vishal Charitable Hospital", "lon": 77.044482, "lat": 28.6137065}, "geometry": {"type": "Point", "coordinates": [77.044482, 28.6137065]}}, {"type": "Feature", "properties": {"osm_id": "node/7543715687", "kind": "hospital", "name": "Gandhi Hospital", "lon": 77.0535384, "lat": 28.6200029}, "geometry": {"type": "Point", "coordinates": [77.0535384, 28.6200029]}}, {"type": "Feature", "properties": {"osm_id": "node/7543715688", "kind": "hospital", "name": "Khetarpal Hospital", "lon": 77.130018, "lat": 28.652562}, "geometry": {"type": "Point", "coordinates": [77.130018, 28.652562]}}, {"type": "Feature", "properties": {"osm_id": "node/7543715689", "kind": "hospital", "name": "Hardik Hospital", "lon": 77.0532022, "lat": 28.6367362}, "geometry": {"type": "Point", "coordinates": [77.0532022, 28.6367362]}}, {"type": "Feature", "properties": {"osm_id": "node/7543715690", "kind": "hospital", "name": "Mata Chandana Devi Hospital", "lon": 77.0539739, "lat": 28.635321}, "geometry": {"type": "Point", "coordinates": [77.0539739, 28.635321]}}, {"type": "Feature", "properties": {"osm_id": "node/7543715692", "kind": "hospital", "name": "R. Nayyar Hospital", "lon": 77.0431588, "lat": 28.6203861}, "geometry": {"type": "Point", "coordinates": [77.0431588, 28.6203861]}}, {"type": "Feature", "properties": {"osm_id": "node/7543715693", "kind": "hospital", "name": "Bagga Nursing Home", "lon": 77.090997, "lat": 28.660249}, "geometry": {"type": "Point", "coordinates": [77.090997, 28.660249]}}, {"type": "Feature", "properties": {"osm_id": "node/7543715694", "kind": "hospital", "name": "Rao Raghubir Hospital", "lon": 77.0610089, "lat": 28.6750507}, "geometry": {"type": "Point", "coordinates": [77.0610089, 28.6750507]}}, {"type": "Feature", "properties": {"osm_id": "node/7543715695", "kind": "hospital", "name": "Surya Laxmi Hospital", "lon": 77.0499201, "lat": 28.6322953}, "geometry": {"type": "Point", "coordinates": [77.0499201, 28.6322953]}}, {"type": "Feature", "properties": {"osm_id": "node/7543715696", "kind": "hospital", "name": "Kanojia Hospital", "lon": 77.012034, "lat": 28.6262562}, "geometry": {"type": "Point", "coordinates": [77.012034, 28.6262562]}}, {"type": "Feature", "properties": {"osm_id": "node/7543715698", "kind": "hospital", "name": "Rathi Hospital", "lon": 77.0315432, "lat": 28.6514885}, "geometry": {"type": "Point", "coordinates": [77.0315432, 28.6514885]}}, {"type": "Feature", "properties": {"osm_id": "node/7543715700", "kind": "hospital", "name": "Sodhi Nursing Home and ENT Hospital", "lon": 77.087877, "lat": 28.6702118}, "geometry": {"type": "Point", "coordinates": [77.087877, 28.6702118]}}, {"type": "Feature", "properties": {"osm_id": "node/7543715702", "kind": "hospital", "name": "Nijhara Hospital", "lon": 77.165748, "lat": 28.646316}, "geometry": {"type": "Point", "coordinates": [77.165748, 28.646316]}}, {"type": "Feature", "properties": {"osm_id": "node/7543715703", "kind": "hospital", "name": "Mehra Hospital", "lon": 77.1276492, "lat": 28.6711074}, "geometry": {"type": "Point", "coordinates": [77.1276492, 28.6711074]}}, {"type": "Feature", "properties": {"osm_id": "node/7543715706", "kind": "hospital", "name": "Sonia Hospital", "lon": 77.0524348, "lat": 28.682627}, "geometry": {"type": "Point", "coordinates": [77.0524348, 28.682627]}}, {"type": "Feature", "properties": {"osm_id": "node/7543715708", "kind": "hospital", "name": "JankiDas Kapur Memorial Hospital", "lon": 77.151169, "lat": 28.649171}, "geometry": {"type": "Point", "coordinates": [77.151169, 28.649171]}}, {"type": "Feature", "properties": {"osm_id": "node/7543715711", "kind": "hospital", "name": "Sehgal Neo Hospital", "lon": 77.09143, "lat": 28.658057}, "geometry": {"type": "Point", "coordinates": [77.09143, 28.658057]}}, {"type": "Feature", "properties": {"osm_id": "node/7543715712", "kind": "hospital", "name": "Mahindru Hospital", "lon": 77.0495632, "lat": 28.6206121}, "geometry": {"type": "Point", "coordinates": [77.0495632, 28.6206121]}}, {"type": "Feature", "properties": {"osm_id": "node/7543715713", "kind": "hospital", "name": "Arya Hospital", "lon": 77.0794442, "lat": 28.6172035}, "geometry": {"type": "Point", "coordinates": [77.0794442, 28.6172035]}}, {"type": "Feature", "properties": {"osm_id": "node/7543715715", "kind": "hospital", "name": "RLKC Hospital", "lon": 77.1546934, "lat": 28.6510947}, "geometry": {"type": "Point", "coordinates": [77.1546934, 28.6510947]}}, {"type": "Feature", "properties": {"osm_id": "node/7543715716", "kind": "hospital", "name": "SR Krishna Hospital", "lon": 77.047023, "lat": 28.61641}, "geometry": {"type": "Point", "coordinates": [77.047023, 28.61641]}}, {"type": "Feature", "properties": {"osm_id": "node/7543715717", "kind": "hospital", "name": "Bhatia Global Hospital", "lon": 77.08244, "lat": 28.6655435}, "geometry": {"type": "Point", "coordinates": [77.08244, 28.6655435]}}, {"type": "Feature", "properties": {"osm_id": "node/7543715721", "kind": "hospital", "name": "Satya Multi Speciality Hospital", "lon": 77.039392, "lat": 28.6268253}, "geometry": {"type": "Point", "coordinates": [77.039392, 28.6268253]}}, {"type": "Feature", "properties": {"osm_id": "node/7543715724", "kind": "hospital", "name": "Asha Hospital", "lon": 77.0516082, "lat": 28.6365818}, "geometry": {"type": "Point", "coordinates": [77.0516082, 28.6365818]}}, {"type": "Feature", "properties": {"osm_id": "node/7543715725", "kind": "hospital", "name": "Jeevan Jyoti Hospital", "lon": 77.0466915, "lat": 28.6190592}, "geometry": {"type": "Point", "coordinates": [77.0466915, 28.6190592]}}, {"type": "Feature", "properties": {"osm_id": "node/7543715726", "kind": "hospital", "name": "Bala Ji Hospital", "lon": 77.0558285, "lat": 28.6334854}, "geometry": {"type": "Point", "coordinates": [77.0558285, 28.6334854]}}, {"type": "Feature", "properties": {"osm_id": "node/7543715727", "kind": "hospital", "name": "Shri Mahant Gurmukh Singhji Charitable Hospital", "lon": 77.1352525, "lat": 28.6739475}, "geometry": {"type": "Point", "coordinates": [77.1352525, 28.6739475]}}, {"type": "Feature", "properties": {"osm_id": "node/7543715728", "kind": "hospital", "name": "R.R.Hospital", "lon": 77.0126848, "lat": 28.6278418}, "geometry": {"type": "Point", "coordinates": [77.0126848, 28.6278418]}}, {"type": "Feature", "properties": {"osm_id": "node/7543715729", "kind": "hospital", "name": "Sanjeevani Maternity & Children Hospital", "lon": 77.0390502, "lat": 28.6222392}, "geometry": {"type": "Point", "coordinates": [77.0390502, 28.6222392]}}, {"type": "Feature", "properties": {"osm_id": "node/7543715730", "kind": "hospital", "name": "Konarc Hospital", "lon": 77.0638665, "lat": 28.6773715}, "geometry": {"type": "Point", "coordinates": [77.0638665, 28.6773715]}}, {"type": "Feature", "properties": {"osm_id": "node/7543715731", "kind": "hospital", "name": "Santosh Hospital", "lon": 77.0502929, "lat": 28.6789124}, "geometry": {"type": "Point", "coordinates": [77.0502929, 28.6789124]}}, {"type": "Feature", "properties": {"osm_id": "node/7543715732", "kind": "hospital", "name": "Care New born & Child Hospital", "lon": 77.1155597, "lat": 28.6674155}, "geometry": {"type": "Point", "coordinates": [77.1155597, 28.6674155]}}, {"type": "Feature", "properties": {"osm_id": "node/7543715733", "kind": "hospital", "name": "Tarak Hospital India Private Limited", "lon": 77.030036, "lat": 28.619298}, "geometry": {"type": "Point", "coordinates": [77.030036, 28.619298]}}, {"type": "Feature", "properties": {"osm_id": "node/7543715734", "kind": "hospital", "name": "Jainar Hospital", "lon": 77.0907507, "lat": 28.660601}, "geometry": {"type": "Point", "coordinates": [77.0907507, 28.660601]}}, {"type": "Feature", "properties": {"osm_id": "node/7543715735", "kind": "hospital", "name": "Khushi Hospital", "lon": 77.0491427, "lat": 28.607392}, "geometry": {"type": "Point", "coordinates": [77.0491427, 28.607392]}}, {"type": "Feature", "properties": {"osm_id": "node/7543715736", "kind": "hospital", "name": "Amit Nursing Home", "lon": 77.1095894, "lat": 28.6340005}, "geometry": {"type": "Point", "coordinates": [77.1095894, 28.6340005]}}, {"type": "Feature", "properties": {"osm_id": "node/7543715737", "kind": "hospital", "name": "Nanak Darbar Charitable Hospital", "lon": 77.0615293, "lat": 28.6520769}, "geometry": {"type": "Point", "coordinates": [77.0615293, 28.6520769]}}, {"type": "Feature", "properties": {"osm_id": "node/7543715738", "kind": "hospital", "name": "Mata Chanan Devi Hospital", "lon": 77.078224, "lat": 28.618749}, "geometry": {"type": "Point", "coordinates": [77.078224, 28.618749]}}, {"type": "Feature", "properties": {"osm_id": "node/7543715739", "kind": "hospital", "name": "Lotus Hospital", "lon": 77.110763, "lat": 28.626739}, "geometry": {"type": "Point", "coordinates": [77.110763, 28.626739]}}, {"type": "Feature", "properties": {"osm_id": "node/7543715742", "kind": "hospital", "name": "Aashirwad Nursing Home", "lon": 77.0520031, "lat": 28.6379887}, "geometry": {"type": "Point", "coordinates": [77.0520031, 28.6379887]}}, {"type": "Feature", "properties": {"osm_id": "node/7543715743", "kind": "hospital", "name": "Sumitra Hospital", "lon": 77.1240716, "lat": 28.6734516}, "geometry": {"type": "Point", "coordinates": [77.1240716, 28.6734516]}}, {"type": "Feature", "properties": {"osm_id": "node/7543715744", "kind": "hospital", "name": "Asi Hospital", "lon": 77.1334074, "lat": 28.6561778}, "geometry": {"type": "Point", "coordinates": [77.1334074, 28.6561778]}}, {"type": "Feature", "properties": {"osm_id": "node/7543715745", "kind": "hospital", "name": "Matrchaya Child Care", "lon": 77.08128, "lat": 28.665228}, "geometry": {"type": "Point", "coordinates": [77.08128, 28.665228]}}, {"type": "Feature", "properties": {"osm_id": "node/7543715747", "kind": "hospital", "name": "Sanchet Hospital", "lon": 77.0885037, "lat": 28.6700151}, "geometry": {"type": "Point", "coordinates": [77.0885037, 28.6700151]}}, {"type": "Feature", "properties": {"osm_id": "node/7543715748", "kind": "hospital", "name": "Mata Roop Rani Maggo Hospital", "lon": 77.0502551, "lat": 28.6211011}, "geometry": {"type": "Point", "coordinates": [77.0502551, 28.6211011]}}, {"type": "Feature", "properties": {"osm_id": "node/7543715750", "kind": "hospital", "name": "Sai Nursing Home", "lon": 77.081707, "lat": 28.621501}, "geometry": {"type": "Point", "coordinates": [77.081707, 28.621501]}}, {"type": "Feature", "properties": {"osm_id": "node/7543715751", "kind": "hospital", "name": "Governmentt Eye Hospital", "lon": 77.0646877, "lat": 28.6697864}, "geometry": {"type": "Point", "coordinates": [77.0646877, 28.6697864]}}, {"type": "Feature", "properties": {"osm_id": "node/7543715752", "kind": "hospital", "name": "Goyal Hospital, Nilothi", "lon": 77.0707603, "lat": 28.6527464}, "geometry": {"type": "Point", "coordinates": [77.0707603, 28.6527464]}}, {"type": "Feature", "properties": {"osm_id": "node/7543715753", "kind": "hospital", "name": "Gaudham Cancer Ayurvedic Treatment & Research Center", "lon": 77.130852, "lat": 28.67286}, "geometry": {"type": "Point", "coordinates": [77.130852, 28.67286]}}, {"type": "Feature", "properties": {"osm_id": "node/7543715755", "kind": "hospital", "name": "SRG Hospital", "lon": 77.0296634, "lat": 28.6496187}, "geometry": {"type": "Point", "coordinates": [77.0296634, 28.6496187]}}, {"type": "Feature", "properties": {"osm_id": "node/7543715756", "kind": "hospital", "name": "B.M. Gupta Hospital Pvt. Ltd.", "lon": 77.0613682, "lat": 28.6195378}, "geometry": {"type": "Point", "coordinates": [77.0613682, 28.6195378]}}, {"type": "Feature", "properties": {"osm_id": "node/7543715758", "kind": "hospital", "name": "Kamlesh Nursing Home", "lon": 77.0886996, "lat": 28.6699638}, "geometry": {"type": "Point", "coordinates": [77.0886996, 28.6699638]}}, {"type": "Feature", "properties": {"osm_id": "node/7543715759", "kind": "hospital", "name": "Shubh Nursing Home", "lon": 77.0566637, "lat": 28.635346}, "geometry": {"type": "Point", "coordinates": [77.0566637, 28.635346]}}, {"type": "Feature", "properties": {"osm_id": "node/7543715760", "kind": "hospital", "name": "Sushruta Maternity And Surgical Centre", "lon": 77.0903999, "lat": 28.6587906}, "geometry": {"type": "Point", "coordinates": [77.0903999, 28.6587906]}}, {"type": "Feature", "properties": {"osm_id": "node/7543715761", "kind": "hospital", "name": "Dwarika Medicare & Maternity Centre", "lon": 77.0490279, "lat": 28.6148521}, "geometry": {"type": "Point", "coordinates": [77.0490279, 28.6148521]}}, {"type": "Feature", "properties": {"osm_id": "node/7543715763", "kind": "hospital", "name": "Jasrotia Hospital", "lon": 77.1157209, "lat": 28.6237693}, "geometry": {"type": "Point", "coordinates": [77.1157209, 28.6237693]}}, {"type": "Feature", "properties": {"osm_id": "node/7543715764", "kind": "hospital", "name": "Sanjivani Gynec & Children Hospital", "lon": 77.0390494, "lat": 28.6242925}, "geometry": {"type": "Point", "coordinates": [77.0390494, 28.6242925]}}, {"type": "Feature", "properties": {"osm_id": "node/7543715767", "kind": "hospital", "name": "Genesis Hospital", "lon": 77.08125, "lat": 28.620674}, "geometry": {"type": "Point", "coordinates": [77.08125, 28.620674]}}, {"type": "Feature", "properties": {"osm_id": "node/7543715768", "kind": "hospital", "name": "Ardent Ganpati Hospital", "lon": 77.0387679, "lat": 28.6819483}, "geometry": {"type": "Point", "coordinates": [77.0387679, 28.6819483]}}, {"type": "Feature", "properties": {"osm_id": "node/7543715773", "kind": "hospital", "name": "Dhruv Hospital", "lon": 77.0857544, "lat": 28.6890276}, "geometry": {"type": "Point", "coordinates": [77.0857544, 28.6890276]}}, {"type": "Feature", "properties": {"osm_id": "node/7543715774", "kind": "hospital", "name": "Dr Suresh Garg - Eye & Laser Hospital", "lon": 77.110835, "lat": 28.671097}, "geometry": {"type": "Point", "coordinates": [77.110835, 28.671097]}}, {"type": "Feature", "properties": {"osm_id": "node/7543715775", "kind": "hospital", "name": "Mansaram Hospital", "lon": 77.0588003, "lat": 28.6723615}, "geometry": {"type": "Point", "coordinates": [77.0588003, 28.6723615]}}, {"type": "Feature", "properties": {"osm_id": "node/7544955434", "kind": "hospital", "name": "Gendox Hospital", "lon": 77.1733997, "lat": 28.519682}, "geometry": {"type": "Point", "coordinates": [77.1733997, 28.519682]}}, {"type": "Feature", "properties": {"osm_id": "node/7544955436", "kind": "hospital", "name": "Vashishta Clinics & Hospital", "lon": 77.2079327, "lat": 28.5352441}, "geometry": {"type": "Point", "coordinates": [77.2079327, 28.5352441]}}, {"type": "Feature", "properties": {"osm_id": "node/7544955437", "kind": "hospital", "name": "Sabharwal Hospital", "lon": 77.2385497, "lat": 28.6443841}, "geometry": {"type": "Point", "coordinates": [77.2385497, 28.6443841]}}, {"type": "Feature", "properties": {"osm_id": "node/7544955438", "kind": "hospital", "name": "Sunrise Healthcare Centre", "lon": 77.3001922, "lat": 28.5452411}, "geometry": {"type": "Point", "coordinates": [77.3001922, 28.5452411]}}, {"type": "Feature", "properties": {"osm_id": "node/7544955441", "kind": "hospital", "name": "Dehli Hospital", "lon": 77.2450734, "lat": 28.6418873}, "geometry": {"type": "Point", "coordinates": [77.2450734, 28.6418873]}}, {"type": "Feature", "properties": {"osm_id": "node/7544955443", "kind": "hospital", "name": "Apollo Spectra Hospitals", "lon": 77.1936638, "lat": 28.6583838}, "geometry": {"type": "Point", "coordinates": [77.1936638, 28.6583838]}}, {"type": "Feature", "properties": {"osm_id": "node/7544955444", "kind": "hospital", "name": "Luv Kush Hospital", "lon": 77.2687617, "lat": 28.724975}, "geometry": {"type": "Point", "coordinates": [77.2687617, 28.724975]}}, {"type": "Feature", "properties": {"osm_id": "node/7544955447", "kind": "hospital", "name": "K.R. Hospital", "lon": 77.1848394, "lat": 28.5074677}, "geometry": {"type": "Point", "coordinates": [77.1848394, 28.5074677]}}, {"type": "Feature", "properties": {"osm_id": "node/7544955449", "kind": "hospital", "name": "Neptune Hospital", "lon": 77.2026545, "lat": 28.5324257}, "geometry": {"type": "Point", "coordinates": [77.2026545, 28.5324257]}}, {"type": "Feature", "properties": {"osm_id": "node/7544955451", "kind": "hospital", "name": "Lal Hospital", "lon": 77.2832977, "lat": 28.7025443}, "geometry": {"type": "Point", "coordinates": [77.2832977, 28.7025443]}}, {"type": "Feature", "properties": {"osm_id": "node/7544955454", "kind": "hospital", "name": "Alshifa Multispeciality Hospital", "lon": 77.2929324, "lat": 28.5570997}, "geometry": {"type": "Point", "coordinates": [77.2929324, 28.5570997]}}, {"type": "Feature", "properties": {"osm_id": "node/7544955455", "kind": "hospital", "name": "Kalindi Hospital", "lon": 77.2958778, "lat": 28.5408332}, "geometry": {"type": "Point", "coordinates": [77.2958778, 28.5408332]}}, {"type": "Feature", "properties": {"osm_id": "node/7544955456", "kind": "hospital", "name": "Vasist Hospital", "lon": 77.280317, "lat": 28.701646}, "geometry": {"type": "Point", "coordinates": [77.280317, 28.701646]}}, {"type": "Feature", "properties": {"osm_id": "node/7544955457", "kind": "hospital", "name": "Orthostar Hospital", "lon": 77.2314148, "lat": 28.5083921}, "geometry": {"type": "Point", "coordinates": [77.2314148, 28.5083921]}}, {"type": "Feature", "properties": {"osm_id": "node/7544955461", "kind": "hospital", "name": "Behl Hospital", "lon": 77.1367669, "lat": 28.6243272}, "geometry": {"type": "Point", "coordinates": [77.1367669, 28.6243272]}}, {"type": "Feature", "properties": {"osm_id": "node/7544955462", "kind": "hospital", "name": "Yogmaya Multispeciality Hospital", "lon": 77.1833094, "lat": 28.4943274}, "geometry": {"type": "Point", "coordinates": [77.1833094, 28.4943274]}}, {"type": "Feature", "properties": {"osm_id": "node/7544955464", "kind": "hospital", "name": "Dr Chaudhry's Moral Hospital", "lon": 77.2724415, "lat": 28.7023722}, "geometry": {"type": "Point", "coordinates": [77.2724415, 28.7023722]}}, {"type": "Feature", "properties": {"osm_id": "node/7544955465", "kind": "hospital", "name": "RK Hospital", "lon": 77.2480077, "lat": 28.5034403}, "geometry": {"type": "Point", "coordinates": [77.2480077, 28.5034403]}}, {"type": "Feature", "properties": {"osm_id": "node/7544955466", "kind": "hospital", "name": "Lions Kidney Hospitals", "lon": 77.274224, "lat": 28.571321}, "geometry": {"type": "Point", "coordinates": [77.274224, 28.571321]}}, {"type": "Feature", "properties": {"osm_id": "node/7544955467", "kind": "hospital", "name": "Taravati Hospital", "lon": 77.300537, "lat": 28.628851}, "geometry": {"type": "Point", "coordinates": [77.300537, 28.628851]}}, {"type": "Feature", "properties": {"osm_id": "node/7544955468", "kind": "hospital", "name": "Panchsheel Hospital", "lon": 77.279607, "lat": 28.7017}, "geometry": {"type": "Point", "coordinates": [77.279607, 28.7017]}}, {"type": "Feature", "properties": {"osm_id": "node/7544955469", "kind": "hospital", "name": "Jai Maa Tara Hospital", "lon": 77.1800003, "lat": 28.6738845}, "geometry": {"type": "Point", "coordinates": [77.1800003, 28.6738845]}}, {"type": "Feature", "properties": {"osm_id": "node/7544955470", "kind": "hospital", "name": "Viola Hospital", "lon": 77.2942198, "lat": 28.5588756}, "geometry": {"type": "Point", "coordinates": [77.2942198, 28.5588756]}}, {"type": "Feature", "properties": {"osm_id": "node/7544955471", "kind": "hospital", "name": "Safdarjung Hospital", "lon": 77.1774582, "lat": 28.5773794}, "geometry": {"type": "Point", "coordinates": [77.1774582, 28.5773794]}}, {"type": "Feature", "properties": {"osm_id": "node/7544955472", "kind": "hospital", "name": "BSF Hospital", "lon": 77.2407796, "lat": 28.5109301}, "geometry": {"type": "Point", "coordinates": [77.2407796, 28.5109301]}}, {"type": "Feature", "properties": {"osm_id": "node/7544955474", "kind": "hospital", "name": "Bal Kishan Memorial Hospital", "lon": 77.2346317, "lat": 28.5118287}, "geometry": {"type": "Point", "coordinates": [77.2346317, 28.5118287]}}, {"type": "Feature", "properties": {"osm_id": "node/7544955475", "kind": "hospital", "name": "Neha Hospital", "lon": 77.2658014, "lat": 28.7196717}, "geometry": {"type": "Point", "coordinates": [77.2658014, 28.7196717]}}, {"type": "Feature", "properties": {"osm_id": "node/7544955476", "kind": "hospital", "name": "L.D. Hospital", "lon": 77.3232801, "lat": 28.5004025}, "geometry": {"type": "Point", "coordinates": [77.3232801, 28.5004025]}}, {"type": "Feature", "properties": {"osm_id": "node/7544955478", "kind": "hospital", "name": "Triveni Hospital", "lon": 77.2666955, "lat": 28.7207367}, "geometry": {"type": "Point", "coordinates": [77.2666955, 28.7207367]}}, {"type": "Feature", "properties": {"osm_id": "node/7544955480", "kind": "hospital", "name": "Kunj Eye Hospital", "lon": 77.237142, "lat": 28.500025}, "geometry": {"type": "Point", "coordinates": [77.237142, 28.500025]}}, {"type": "Feature", "properties": {"osm_id": "node/7544955481", "kind": "hospital", "name": "Virmani Hospital", "lon": 77.3012574, "lat": 28.619588}, "geometry": {"type": "Point", "coordinates": [77.3012574, 28.619588]}}, {"type": "Feature", "properties": {"osm_id": "node/7544955482", "kind": "hospital", "name": "Faraz Hospital", "lon": 77.3005748, "lat": 28.5464875}, "geometry": {"type": "Point", "coordinates": [77.3005748, 28.5464875]}}, {"type": "Feature", "properties": {"osm_id": "node/7544955483", "kind": "hospital", "name": "Aashlok Hospital", "lon": 77.198976, "lat": 28.566466}, "geometry": {"type": "Point", "coordinates": [77.198976, 28.566466]}}, {"type": "Feature", "properties": {"osm_id": "node/7544955485", "kind": "hospital", "name": "Vinod Karhana Hospital", "lon": 77.2626857, "lat": 28.712504}, "geometry": {"type": "Point", "coordinates": [77.2626857, 28.712504]}}, {"type": "Feature", "properties": {"osm_id": "node/7544955487", "kind": "hospital", "name": "Curewell Hospital", "lon": 77.1952107, "lat": 28.6651197}, "geometry": {"type": "Point", "coordinates": [77.1952107, 28.6651197]}}, {"type": "Feature", "properties": {"osm_id": "node/7544955488", "kind": "hospital", "name": "National Hospital", "lon": 77.2494122, "lat": 28.507902}, "geometry": {"type": "Point", "coordinates": [77.2494122, 28.507902]}}, {"type": "Feature", "properties": {"osm_id": "node/7544955490", "kind": "hospital", "name": "Sawan Neelu Angel's Multispeciality Hospital", "lon": 77.215201, "lat": 28.522116}, "geometry": {"type": "Point", "coordinates": [77.215201, 28.522116]}}, {"type": "Feature", "properties": {"osm_id": "node/7544955492", "kind": "hospital", "name": "Muskan Hospital", "lon": 77.2548371, "lat": 28.6919851}, "geometry": {"type": "Point", "coordinates": [77.2548371, 28.6919851]}}, {"type": "Feature", "properties": {"osm_id": "node/7544955493", "kind": "hospital", "name": "Arpan Hospital", "lon": 77.2374101, "lat": 28.5104176}, "geometry": {"type": "Point", "coordinates": [77.2374101, 28.5104176]}}, {"type": "Feature", "properties": {"osm_id": "node/7544955494", "kind": "hospital", "name": "Asian Samra Multi Speciality Hospital", "lon": 77.278726, "lat": 28.701808}, "geometry": {"type": "Point", "coordinates": [77.278726, 28.701808]}}, {"type": "Feature", "properties": {"osm_id": "node/7544955495", "kind": "hospital", "name": "Iqbal Faizy Hospital", "lon": 77.2893706, "lat": 28.5561387}, "geometry": {"type": "Point", "coordinates": [77.2893706, 28.5561387]}}, {"type": "Feature", "properties": {"osm_id": "node/7544955496", "kind": "hospital", "name": "Vikas Hospital", "lon": 77.1743007, "lat": 28.5193612}, "geometry": {"type": "Point", "coordinates": [77.1743007, 28.5193612]}}, {"type": "Feature", "properties": {"osm_id": "node/7544955498", "kind": "hospital", "name": "Base Hospital", "lon": 77.2486514, "lat": 28.5095632}, "geometry": {"type": "Point", "coordinates": [77.2486514, 28.5095632]}}, {"type": "Feature", "properties": {"osm_id": "node/7544955499", "kind": "hospital", "name": "Batla Hospital", "lon": 77.2843026, "lat": 28.56701}, "geometry": {"type": "Point", "coordinates": [77.2843026, 28.56701]}}, {"type": "Feature", "properties": {"osm_id": "node/7544955500", "kind": "hospital", "name": "AIIMS Urban Health Centre", "lon": 77.242704, "lat": 28.5221871}, "geometry": {"type": "Point", "coordinates": [77.242704, 28.5221871]}}, {"type": "Feature", "properties": {"osm_id": "node/7544955501", "kind": "hospital", "name": "Silver Line Nursing Home", "lon": 77.2959726, "lat": 28.6228036}, "geometry": {"type": "Point", "coordinates": [77.2959726, 28.6228036]}}, {"type": "Feature", "properties": {"osm_id": "node/7544955502", "kind": "hospital", "name": "Cribs Hospital", "lon": 77.300456, "lat": 28.543241}, "geometry": {"type": "Point", "coordinates": [77.300456, 28.543241]}}, {"type": "Feature", "properties": {"osm_id": "node/7544955504", "kind": "hospital", "name": "Dr. Sunder Lal Memorial Hospital", "lon": 77.231747, "lat": 28.5063405}, "geometry": {"type": "Point", "coordinates": [77.231747, 28.5063405]}}, {"type": "Feature", "properties": {"osm_id": "node/7544955506", "kind": "hospital", "name": "Kavita Poly Clinic & Hospital", "lon": 77.2704213, "lat": 28.7261791}, "geometry": {"type": "Point", "coordinates": [77.2704213, 28.7261791]}}, {"type": "Feature", "properties": {"osm_id": "node/7544955507", "kind": "hospital", "name": "Sanjeevan Hospital", "lon": 77.2429413, "lat": 28.6412816}, "geometry": {"type": "Point", "coordinates": [77.2429413, 28.6412816]}}, {"type": "Feature", "properties": {"osm_id": "node/7544955510", "kind": "hospital", "name": "Jeewan Hospital", "lon": 77.188255, "lat": 28.643625}, "geometry": {"type": "Point", "coordinates": [77.188255, 28.643625]}}, {"type": "Feature", "properties": {"osm_id": "node/7544955511", "kind": "hospital", "name": "Bhagat Hospital", "lon": 77.1060923, "lat": 28.6085331}, "geometry": {"type": "Point", "coordinates": [77.1060923, 28.6085331]}}, {"type": "Feature", "properties": {"osm_id": "node/7544955512", "kind": "hospital", "name": "Mavi Hospital", "lon": 77.263533, "lat": 28.7134013}, "geometry": {"type": "Point", "coordinates": [77.263533, 28.7134013]}}, {"type": "Feature", "properties": {"osm_id": "node/7544955513", "kind": "hospital", "name": "Sri Guru Nanak Charitable Hospital", "lon": 77.146723, "lat": 28.629893}, "geometry": {"type": "Point", "coordinates": [77.146723, 28.629893]}}, {"type": "Feature", "properties": {"osm_id": "node/7544955514", "kind": "hospital", "name": "Guru Harkrishan Hospital", "lon": 77.261959, "lat": 28.581479}, "geometry": {"type": "Point", "coordinates": [77.261959, 28.581479]}}, {"type": "Feature", "properties": {"osm_id": "node/7544955515", "kind": "hospital", "name": "Aarogya Hospital", "lon": 77.2863392, "lat": 28.6413801}, "geometry": {"type": "Point", "coordinates": [77.2863392, 28.6413801]}}, {"type": "Feature", "properties": {"osm_id": "node/7544955516", "kind": "hospital", "name": "Bansal Hospital", "lon": 77.271553, "lat": 28.563833}, "geometry": {"type": "Point", "coordinates": [77.271553, 28.563833]}}, {"type": "Feature", "properties": {"osm_id": "node/7544955517", "kind": "hospital", "name": "Apex Citi Hospital", "lon": 77.3019477, "lat": 28.6265513}, "geometry": {"type": "Point", "coordinates": [77.3019477, 28.6265513]}}, {"type": "Feature", "properties": {"osm_id": "node/7544955518", "kind": "hospital", "name": "Adarsh Hospital", "lon": 77.2223229, "lat": 28.535139}, "geometry": {"type": "Point", "coordinates": [77.2223229, 28.535139]}}, {"type": "Feature", "properties": {"osm_id": "node/7544955519", "kind": "hospital", "name": "ECHS Polyclinic Hospital", "lon": 77.2545063, "lat": 28.5095465}, "geometry": {"type": "Point", "coordinates": [77.2545063, 28.5095465]}}, {"type": "Feature", "properties": {"osm_id": "node/7544955520", "kind": "hospital", "name": "Dhan Devi Charitable Hospital", "lon": 77.2363897, "lat": 28.5253365}, "geometry": {"type": "Point", "coordinates": [77.2363897, 28.5253365]}}, {"type": "Feature", "properties": {"osm_id": "node/7544955521", "kind": "hospital", "name": "White House Hospital", "lon": 77.2784256, "lat": 28.7018331}, "geometry": {"type": "Point", "coordinates": [77.2784256, 28.7018331]}}, {"type": "Feature", "properties": {"osm_id": "node/7544955522", "kind": "hospital", "name": "Delhi ENT Multispeciality Hospital", "lon": 77.292145, "lat": 28.539926}, "geometry": {"type": "Point", "coordinates": [77.292145, 28.539926]}}, {"type": "Feature", "properties": {"osm_id": "node/7544955523", "kind": "hospital", "name": "Khadija National Hospital", "lon": 77.2381596, "lat": 28.6437984}, "geometry": {"type": "Point", "coordinates": [77.2381596, 28.6437984]}}, {"type": "Feature", "properties": {"osm_id": "node/7544955524", "kind": "hospital", "name": "Apex Hospital", "lon": 77.1843915, "lat": 28.5001805}, "geometry": {"type": "Point", "coordinates": [77.1843915, 28.5001805]}}, {"type": "Feature", "properties": {"osm_id": "node/7544955525", "kind": "hospital", "name": "Balak Ram Hospital", "lon": 77.202496, "lat": 28.5114808}, "geometry": {"type": "Point", "coordinates": [77.202496, 28.5114808]}}, {"type": "Feature", "properties": {"osm_id": "node/7544955526", "kind": "hospital", "name": "Nature Care Hospital", "lon": 77.1871469, "lat": 28.7618377}, "geometry": {"type": "Point", "coordinates": [77.1871469, 28.7618377]}}, {"type": "Feature", "properties": {"osm_id": "node/7545203137", "kind": "hospital", "name": "Raj Poly Clinic Hospital", "lon": 77.0530355, "lat": 28.6989183}, "geometry": {"type": "Point", "coordinates": [77.0530355, 28.6989183]}}, {"type": "Feature", "properties": {"osm_id": "node/7545203138", "kind": "hospital", "name": "Jain Muni Roshan Lal Charitable Hospital", "lon": 77.162161, "lat": 28.6751133}, "geometry": {"type": "Point", "coordinates": [77.162161, 28.6751133]}}, {"type": "Feature", "properties": {"osm_id": "node/7545203139", "kind": "hospital", "name": "Chouhan Hospital", "lon": 77.1760006, "lat": 28.8260731}, "geometry": {"type": "Point", "coordinates": [77.1760006, 28.8260731]}}, {"type": "Feature", "properties": {"osm_id": "node/7545203140", "kind": "hospital", "name": "Sinha Hospital", "lon": 76.9931022, "lat": 28.6124178}, "geometry": {"type": "Point", "coordinates": [76.9931022, 28.6124178]}}, {"type": "Feature", "properties": {"osm_id": "node/7545203141", "kind": "hospital", "name": "Nirmal Hospital", "lon": 77.173096, "lat": 28.820678}, "geometry": {"type": "Point", "coordinates": [77.173096, 28.820678]}}, {"type": "Feature", "properties": {"osm_id": "node/7545203142", "kind": "hospital", "name": "Rohan Hospital", "lon": 77.002263, "lat": 28.629752}, "geometry": {"type": "Point", "coordinates": [77.002263, 28.629752]}}, {"type": "Feature", "properties": {"osm_id": "node/7545203143", "kind": "hospital", "name": "Dr. Meena Indra Hospital", "lon": 77.0356652, "lat": 28.7984412}, "geometry": {"type": "Point", "coordinates": [77.0356652, 28.7984412]}}, {"type": "Feature", "properties": {"osm_id": "node/7545203145", "kind": "hospital", "name": "Indus Valley Hospitals", "lon": 76.9909557, "lat": 28.6136472}, "geometry": {"type": "Point", "coordinates": [76.9909557, 28.6136472]}}, {"type": "Feature", "properties": {"osm_id": "node/7545203149", "kind": "hospital", "name": "Naman Hospital", "lon": 77.101773, "lat": 28.85958}, "geometry": {"type": "Point", "coordinates": [77.101773, 28.85958]}}, {"type": "Feature", "properties": {"osm_id": "node/7545203150", "kind": "hospital", "name": "Pearl Hospital", "lon": 76.9916517, "lat": 28.5959686}, "geometry": {"type": "Point", "coordinates": [76.9916517, 28.5959686]}}, {"type": "Feature", "properties": {"osm_id": "node/7545203151", "kind": "hospital", "name": "Kesar Hospital", "lon": 77.0591, "lat": 28.695522}, "geometry": {"type": "Point", "coordinates": [77.0591, 28.695522]}}, {"type": "Feature", "properties": {"osm_id": "node/7545203152", "kind": "hospital", "name": "Shree Hospital", "lon": 77.041201, "lat": 28.5982541}, "geometry": {"type": "Point", "coordinates": [77.041201, 28.5982541]}}, {"type": "Feature", "properties": {"osm_id": "node/7545203154", "kind": "hospital", "name": "Devansh Hospital", "lon": 77.0825296, "lat": 28.7501926}, "geometry": {"type": "Point", "coordinates": [77.0825296, 28.7501926]}}, {"type": "Feature", "properties": {"osm_id": "node/7545203156", "kind": "hospital", "name": "Hitaishi Hospital", "lon": 77.1225618, "lat": 28.7057013}, "geometry": {"type": "Point", "coordinates": [77.1225618, 28.7057013]}}, {"type": "Feature", "properties": {"osm_id": "node/7545203157", "kind": "hospital", "name": "Dispensary Child Welfare Centre", "lon": 77.1330548, "lat": 28.6887375}, "geometry": {"type": "Point", "coordinates": [77.1330548, 28.6887375]}}, {"type": "Feature", "properties": {"osm_id": "node/7545203158", "kind": "hospital", "name": "Vishwakarma Hospital", "lon": 76.9735825, "lat": 28.6110344}, "geometry": {"type": "Point", "coordinates": [76.9735825, 28.6110344]}}, {"type": "Feature", "properties": {"osm_id": "node/7545203159", "kind": "hospital", "name": "Airmid Hospital", "lon": 77.144869, "lat": 28.7449013}, "geometry": {"type": "Point", "coordinates": [77.144869, 28.7449013]}}, {"type": "Feature", "properties": {"osm_id": "node/7545203160", "kind": "hospital", "name": "Gahlot Hospital", "lon": 77.043677, "lat": 28.704823}, "geometry": {"type": "Point", "coordinates": [77.043677, 28.704823]}}, {"type": "Feature", "properties": {"osm_id": "node/7545203161", "kind": "hospital", "name": "Sanjeevani Hospital", "lon": 77.085381, "lat": 28.851102}, "geometry": {"type": "Point", "coordinates": [77.085381, 28.851102]}}, {"type": "Feature", "properties": {"osm_id": "node/7545203162", "kind": "hospital", "name": "ESI TB Hospital", "lon": 77.1401182, "lat": 28.735014}, "geometry": {"type": "Point", "coordinates": [77.1401182, 28.735014]}}, {"type": "Feature", "properties": {"osm_id": "node/7545203163", "kind": "hospital", "name": "Navjeevan Hospital", "lon": 77.1088735, "lat": 28.6948742}, "geometry": {"type": "Point", "coordinates": [77.1088735, 28.6948742]}}, {"type": "Feature", "properties": {"osm_id": "node/7545203164", "kind": "hospital", "name": "Bm Hospital", "lon": 77.0658712, "lat": 28.6184538}, "geometry": {"type": "Point", "coordinates": [77.0658712, 28.6184538]}}, {"type": "Feature", "properties": {"osm_id": "node/7545203166", "kind": "hospital", "name": "Delhi Global Hospital", "lon": 77.1431698, "lat": 28.7449215}, "geometry": {"type": "Point", "coordinates": [77.1431698, 28.7449215]}}, {"type": "Feature", "properties": {"osm_id": "node/7545203167", "kind": "hospital", "name": "Choudhary Hospital", "lon": 77.1481284, "lat": 28.6900075}, "geometry": {"type": "Point", "coordinates": [77.1481284, 28.6900075]}}, {"type": "Feature", "properties": {"osm_id": "node/7545203168", "kind": "hospital", "name": "Narayani Hospital", "lon": 76.9798637, "lat": 28.6122422}, "geometry": {"type": "Point", "coordinates": [76.9798637, 28.6122422]}}, {"type": "Feature", "properties": {"osm_id": "node/7545203169", "kind": "hospital", "name": "Sunil Memorial Nursing Home", "lon": 77.0846422, "lat": 28.5873313}, "geometry": {"type": "Point", "coordinates": [77.0846422, 28.5873313]}}, {"type": "Feature", "properties": {"osm_id": "node/7545203170", "kind": "hospital", "name": "Sudarshan Hospital", "lon": 77.089664, "lat": 28.845479}, "geometry": {"type": "Point", "coordinates": [77.089664, 28.845479]}}, {"type": "Feature", "properties": {"osm_id": "node/7545203171", "kind": "hospital", "name": "Saransh Hospital", "lon": 77.1324657, "lat": 28.6887151}, "geometry": {"type": "Point", "coordinates": [77.1324657, 28.6887151]}}, {"type": "Feature", "properties": {"osm_id": "node/7545203172", "kind": "hospital", "name": "Jeevandan Hospital", "lon": 77.0549322, "lat": 28.6952239}, "geometry": {"type": "Point", "coordinates": [77.0549322, 28.6952239]}}, {"type": "Feature", "properties": {"osm_id": "node/7545203173", "kind": "hospital", "name": "Manipal Hospitals", "lon": 77.0637613, "lat": 28.5929199}, "geometry": {"type": "Point", "coordinates": [77.0637613, 28.5929199]}}, {"type": "Feature", "properties": {"osm_id": "node/7545203174", "kind": "hospital", "name": "Sant Soham Hospital", "lon": 77.033424, "lat": 28.7974008}, "geometry": {"type": "Point", "coordinates": [77.033424, 28.7974008]}}, {"type": "Feature", "properties": {"osm_id": "node/7545203175", "kind": "hospital", "name": "Clifton Springs Hospital", "lon": 76.9885337, "lat": 28.6005702}, "geometry": {"type": "Point", "coordinates": [76.9885337, 28.6005702]}}, {"type": "Feature", "properties": {"osm_id": "node/7545203176", "kind": "hospital", "name": "Surya Kiran Hospital", "lon": 76.9923106, "lat": 28.6138396}, "geometry": {"type": "Point", "coordinates": [76.9923106, 28.6138396]}}, {"type": "Feature", "properties": {"osm_id": "node/7545203177", "kind": "hospital", "name": "Jeevan Daan Hospital", "lon": 77.054191, "lat": 28.698019}, "geometry": {"type": "Point", "coordinates": [77.054191, 28.698019]}}, {"type": "Feature", "properties": {"osm_id": "node/7545203178", "kind": "hospital", "name": "Ardent Hospital", "lon": 77.0859526, "lat": 28.5869919}, "geometry": {"type": "Point", "coordinates": [77.0859526, 28.5869919]}}, {"type": "Feature", "properties": {"osm_id": "node/7545203183", "kind": "hospital", "name": "Dr. Rakesh Multispeciality Hospital", "lon": 77.0822963, "lat": 28.8402532}, "geometry": {"type": "Point", "coordinates": [77.0822963, 28.8402532]}}, {"type": "Feature", "properties": {"osm_id": "node/7545203185", "kind": "hospital", "name": "New Heera Hospital", "lon": 76.9887306, "lat": 28.6130081}, "geometry": {"type": "Point", "coordinates": [76.9887306, 28.6130081]}}, {"type": "Feature", "properties": {"osm_id": "node/7545203186", "kind": "hospital", "name": "Shanti Mohan Hospital", "lon": 77.082868, "lat": 28.852043}, "geometry": {"type": "Point", "coordinates": [77.082868, 28.852043]}}, {"type": "Feature", "properties": {"osm_id": "node/7545203188", "kind": "hospital", "name": "Marg Hospital", "lon": 77.0513459, "lat": 28.6997775}, "geometry": {"type": "Point", "coordinates": [77.0513459, 28.6997775]}}, {"type": "Feature", "properties": {"osm_id": "node/7545203190", "kind": "hospital", "name": "Dwarka Heart Centre", "lon": 77.0436777, "lat": 28.5995579}, "geometry": {"type": "Point", "coordinates": [77.0436777, 28.5995579]}}, {"type": "Feature", "properties": {"osm_id": "node/7545203192", "kind": "hospital", "name": "Kalpavriksh Super Speciality Center", "lon": 77.0351429, "lat": 28.5978809}, "geometry": {"type": "Point", "coordinates": [77.0351429, 28.5978809]}}, {"type": "Feature", "properties": {"osm_id": "node/7545203193", "kind": "hospital", "name": "Maujiram Lions Eye Hospital", "lon": 77.1797456, "lat": 28.837695}, "geometry": {"type": "Point", "coordinates": [77.1797456, 28.837695]}}, {"type": "Feature", "properties": {"osm_id": "node/7545203195", "kind": "hospital", "name": "Skylife Multispeciality Hospital", "lon": 77.1430972, "lat": 28.7497815}, "geometry": {"type": "Point", "coordinates": [77.1430972, 28.7497815]}}, {"type": "Feature", "properties": {"osm_id": "node/7545203196", "kind": "hospital", "name": "Naturopathy Hospital", "lon": 77.1431096, "lat": 28.7272273}, "geometry": {"type": "Point", "coordinates": [77.1431096, 28.7272273]}}, {"type": "Feature", "properties": {"osm_id": "node/7545203198", "kind": "hospital", "name": "Vikas Hospital Private Limited", "lon": 76.980957, "lat": 28.610754}, "geometry": {"type": "Point", "coordinates": [76.980957, 28.610754]}}, {"type": "Feature", "properties": {"osm_id": "node/7545203199", "kind": "hospital", "name": "City Health Hospital", "lon": 76.9735567, "lat": 28.6105806}, "geometry": {"type": "Point", "coordinates": [76.9735567, 28.6105806]}}, {"type": "Feature", "properties": {"osm_id": "node/7545203201", "kind": "hospital", "name": "Shri Sanjivani Hospital", "lon": 76.9857721, "lat": 28.6080273}, "geometry": {"type": "Point", "coordinates": [76.9857721, 28.6080273]}}, {"type": "Feature", "properties": {"osm_id": "node/7545203202", "kind": "hospital", "name": "Tyagi Hospital", "lon": 77.0902773, "lat": 28.6912301}, "geometry": {"type": "Point", "coordinates": [77.0902773, 28.6912301]}}, {"type": "Feature", "properties": {"osm_id": "node/7545203203", "kind": "hospital", "name": "Ortho Care Hospital", "lon": 76.991315, "lat": 28.613246}, "geometry": {"type": "Point", "coordinates": [76.991315, 28.613246]}}, {"type": "Feature", "properties": {"osm_id": "node/7545203204", "kind": "hospital", "name": "Avantika Multispeciality Hospital", "lon": 77.1085167, "lat": 28.6979066}, "geometry": {"type": "Point", "coordinates": [77.1085167, 28.6979066]}}, {"type": "Feature", "properties": {"osm_id": "node/7545203206", "kind": "hospital", "name": "Aastha Hospital", "lon": 77.1416494, "lat": 28.7327628}, "geometry": {"type": "Point", "coordinates": [77.1416494, 28.7327628]}}, {"type": "Feature", "properties": {"osm_id": "node/7545203207", "kind": "hospital", "name": "Shri Multan Sewa Samiti Eye Care Hospital", "lon": 77.1302581, "lat": 28.6942651}, "geometry": {"type": "Point", "coordinates": [77.1302581, 28.6942651]}}, {"type": "Feature", "properties": {"osm_id": "node/7545203208", "kind": "hospital", "name": "Ayushman Hospital", "lon": 77.0596665, "lat": 28.5881804}, "geometry": {"type": "Point", "coordinates": [77.0596665, 28.5881804]}}, {"type": "Feature", "properties": {"osm_id": "node/7545203209", "kind": "hospital", "name": "Shree Balaji Hospital", "lon": 77.0352927, "lat": 28.7985051}, "geometry": {"type": "Point", "coordinates": [77.0352927, 28.7985051]}}, {"type": "Feature", "properties": {"osm_id": "node/7545203212", "kind": "hospital", "name": "Ishan Hospital", "lon": 77.1397543, "lat": 28.7336313}, "geometry": {"type": "Point", "coordinates": [77.1397543, 28.7336313]}}, {"type": "Feature", "properties": {"osm_id": "node/7545203213", "kind": "hospital", "name": "City Hospital 42", "lon": 77.1445171, "lat": 28.7457338}, "geometry": {"type": "Point", "coordinates": [77.1445171, 28.7457338]}}, {"type": "Feature", "properties": {"osm_id": "node/7545203215", "kind": "hospital", "name": "Aryan Hospital", "lon": 77.0364781, "lat": 28.7999135}, "geometry": {"type": "Point", "coordinates": [77.0364781, 28.7999135]}}, {"type": "Feature", "properties": {"osm_id": "node/7545203217", "kind": "hospital", "name": "Vinayak Hospital", "lon": 77.1870961, "lat": 28.6985342}, "geometry": {"type": "Point", "coordinates": [77.1870961, 28.6985342]}}, {"type": "Feature", "properties": {"osm_id": "node/7545203218", "kind": "hospital", "name": "Bhagat Chandra Hospital", "lon": 77.0984624, "lat": 28.6051867}, "geometry": {"type": "Point", "coordinates": [77.0984624, 28.6051867]}}, {"type": "Feature", "properties": {"osm_id": "node/7545203219", "kind": "hospital", "name": "Aggarwal Nursing Home", "lon": 77.1804445, "lat": 28.6766024}, "geometry": {"type": "Point", "coordinates": [77.1804445, 28.6766024]}}, {"type": "Feature", "properties": {"osm_id": "node/7545203220", "kind": "hospital", "name": "Shradha Multi Speciality Hospital", "lon": 77.088436, "lat": 28.856633}, "geometry": {"type": "Point", "coordinates": [77.088436, 28.856633]}}, {"type": "Feature", "properties": {"osm_id": "node/7545203221", "kind": "hospital", "name": "Rosewood Hospital", "lon": 76.992631, "lat": 28.610136}, "geometry": {"type": "Point", "coordinates": [76.992631, 28.610136]}}, {"type": "Feature", "properties": {"osm_id": "node/7545203222", "kind": "hospital", "name": "Jackson Hospital & Research Centre", "lon": 77.121294, "lat": 28.7375325}, "geometry": {"type": "Point", "coordinates": [77.121294, 28.7375325]}}, {"type": "Feature", "properties": {"osm_id": "node/7545203223", "kind": "hospital", "name": "Orchid Hospital Maternity and Heart Centre", "lon": 77.0874447, "lat": 28.614656}, "geometry": {"type": "Point", "coordinates": [77.0874447, 28.614656]}}, {"type": "Feature", "properties": {"osm_id": "node/7545203225", "kind": "hospital", "name": "Ekta Hospital", "lon": 77.1405079, "lat": 28.74831}, "geometry": {"type": "Point", "coordinates": [77.1405079, 28.74831]}}, {"type": "Feature", "properties": {"osm_id": "node/7545203226", "kind": "hospital", "name": "O.P. Memorial Hospital", "lon": 77.0965459, "lat": 28.6992105}, "geometry": {"type": "Point", "coordinates": [77.0965459, 28.6992105]}}, {"type": "Feature", "properties": {"osm_id": "node/7545203228", "kind": "hospital", "name": "Foji Hospital", "lon": 76.9760625, "lat": 28.6133491}, "geometry": {"type": "Point", "coordinates": [76.9760625, 28.6133491]}}, {"type": "Feature", "properties": {"osm_id": "node/7545203229", "kind": "hospital", "name": "Arogya Care", "lon": 77.0588261, "lat": 28.6958743}, "geometry": {"type": "Point", "coordinates": [77.0588261, 28.6958743]}}, {"type": "Feature", "properties": {"osm_id": "node/7545203231", "kind": "hospital", "name": "Apaar Nursing Home", "lon": 77.071139, "lat": 28.614442}, "geometry": {"type": "Point", "coordinates": [77.071139, 28.614442]}}, {"type": "Feature", "properties": {"osm_id": "node/7545203232", "kind": "hospital", "name": "Dwarka Hospital", "lon": 77.0316366, "lat": 28.6166831}, "geometry": {"type": "Point", "coordinates": [77.0316366, 28.6166831]}}, {"type": "Feature", "properties": {"osm_id": "node/7545203233", "kind": "hospital", "name": "Savitri Hospital", "lon": 77.0128194, "lat": 28.7353344}, "geometry": {"type": "Point", "coordinates": [77.0128194, 28.7353344]}}, {"type": "Feature", "properties": {"osm_id": "node/7545203234", "kind": "hospital", "name": "Bawasher Hospital", "lon": 77.1761804, "lat": 28.6742139}, "geometry": {"type": "Point", "coordinates": [77.1761804, 28.6742139]}}, {"type": "Feature", "properties": {"osm_id": "node/7545203235", "kind": "hospital", "name": "Budhho Devi Hospital", "lon": 77.0913617, "lat": 28.843007}, "geometry": {"type": "Point", "coordinates": [77.0913617, 28.843007]}}, {"type": "Feature", "properties": {"osm_id": "node/7545203237", "kind": "hospital", "name": "Kalyani Hospital", "lon": 76.9876459, "lat": 28.6132186}, "geometry": {"type": "Point", "coordinates": [76.9876459, 28.6132186]}}, {"type": "Feature", "properties": {"osm_id": "node/7545203238", "kind": "hospital", "name": "Dhanwati Hospital", "lon": 76.9686781, "lat": 28.6123667}, "geometry": {"type": "Point", "coordinates": [76.9686781, 28.6123667]}}, {"type": "Feature", "properties": {"osm_id": "node/7545203239", "kind": "hospital", "name": "Janki Hospital", "lon": 76.987173, "lat": 28.6058663}, "geometry": {"type": "Point", "coordinates": [76.987173, 28.6058663]}}, {"type": "Feature", "properties": {"osm_id": "node/7545203241", "kind": "hospital", "name": "Angel Agastya Multi Speciality Hospital", "lon": 77.0857082, "lat": 28.5870577}, "geometry": {"type": "Point", "coordinates": [77.0857082, 28.5870577]}}, {"type": "Feature", "properties": {"osm_id": "node/7545203242", "kind": "hospital", "name": "Jay Hospital", "lon": 76.9861235, "lat": 28.6085349}, "geometry": {"type": "Point", "coordinates": [76.9861235, 28.6085349]}}, {"type": "Feature", "properties": {"osm_id": "node/7545203244", "kind": "hospital", "name": "Deepan Hospital", "lon": 77.0848898, "lat": 28.5300327}, "geometry": {"type": "Point", "coordinates": [77.0848898, 28.5300327]}}, {"type": "Feature", "properties": {"osm_id": "node/7545203246", "kind": "hospital", "name": "Sunrise Hospital", "lon": 77.133406, "lat": 28.730694}, "geometry": {"type": "Point", "coordinates": [77.133406, 28.730694]}}, {"type": "Feature", "properties": {"osm_id": "node/7545203247", "kind": "hospital", "name": "Sushila Hospital", "lon": 77.08365, "lat": 28.8596954}, "geometry": {"type": "Point", "coordinates": [77.08365, 28.8596954]}}, {"type": "Feature", "properties": {"osm_id": "node/7545203248", "kind": "hospital", "name": "Shiv Jivodaya Janta Hospital", "lon": 77.087491, "lat": 28.844519}, "geometry": {"type": "Point", "coordinates": [77.087491, 28.844519]}}, {"type": "Feature", "properties": {"osm_id": "node/7545203250", "kind": "hospital", "name": "Dwarka New Born and Child Hospital", "lon": 77.0291453, "lat": 28.6194069}, "geometry": {"type": "Point", "coordinates": [77.0291453, 28.6194069]}}, {"type": "Feature", "properties": {"osm_id": "node/7545203252", "kind": "hospital", "name": "Lifeline Hospital", "lon": 77.0426925, "lat": 28.5941071}, "geometry": {"type": "Point", "coordinates": [77.0426925, 28.5941071]}}, {"type": "Feature", "properties": {"osm_id": "node/7545203254", "kind": "hospital", "name": "Chander Leela Hospital", "lon": 77.0623437, "lat": 28.6186477}, "geometry": {"type": "Point", "coordinates": [77.0623437, 28.6186477]}}, {"type": "Feature", "properties": {"osm_id": "node/7545203255", "kind": "hospital", "name": "K R Gangwal Hospital", "lon": 77.1070231, "lat": 28.8576922}, "geometry": {"type": "Point", "coordinates": [77.1070231, 28.8576922]}}, {"type": "Feature", "properties": {"osm_id": "node/7545203257", "kind": "hospital", "name": "Nirmala Hospital", "lon": 77.0015182, "lat": 28.6312194}, "geometry": {"type": "Point", "coordinates": [77.0015182, 28.6312194]}}, {"type": "Feature", "properties": {"osm_id": "node/7545203258", "kind": "hospital", "name": "Kukreja Hospital", "lon": 77.053765, "lat": 28.696354}, "geometry": {"type": "Point", "coordinates": [77.053765, 28.696354]}}, {"type": "Feature", "properties": {"osm_id": "node/7545203260", "kind": "hospital", "name": "New Rohini Hospital", "lon": 77.0963422, "lat": 28.6995752}, "geometry": {"type": "Point", "coordinates": [77.0963422, 28.6995752]}}, {"type": "Feature", "properties": {"osm_id": "node/7545203262", "kind": "hospital", "name": "Samarpan Multispeciality Hospital", "lon": 77.0884491, "lat": 28.8427173}, "geometry": {"type": "Point", "coordinates": [77.0884491, 28.8427173]}}, {"type": "Feature", "properties": {"osm_id": "node/7545203263", "kind": "hospital", "name": "Sanjevani Hospital", "lon": 76.9874092, "lat": 28.6052388}, "geometry": {"type": "Point", "coordinates": [76.9874092, 28.6052388]}}, {"type": "Feature", "properties": {"osm_id": "node/7545203265", "kind": "hospital", "name": "Sanjeevan Surgical Centre", "lon": 77.0962764, "lat": 28.6992877}, "geometry": {"type": "Point", "coordinates": [77.0962764, 28.6992877]}}, {"type": "Feature", "properties": {"osm_id": "node/7545203266", "kind": "hospital", "name": "Janta Hospital", "lon": 77.077561, "lat": 28.8416834}, "geometry": {"type": "Point", "coordinates": [77.077561, 28.8416834]}}, {"type": "Feature", "properties": {"osm_id": "node/7545203269", "kind": "hospital", "name": "Nirvana Hospital", "lon": 77.1332663, "lat": 28.731172}, "geometry": {"type": "Point", "coordinates": [77.1332663, 28.731172]}}, {"type": "Feature", "properties": {"osm_id": "node/7608911776", "kind": "hospital", "name": "Dharam Devi Hospital", "lon": 77.316081, "lat": 28.425512}, "geometry": {"type": "Point", "coordinates": [77.316081, 28.425512]}}, {"type": "Feature", "properties": {"osm_id": "node/7608911803", "kind": "hospital", "name": "Qrg Hospital", "lon": 77.3189551, "lat": 28.4162674}, "geometry": {"type": "Point", "coordinates": [77.3189551, 28.4162674]}}, {"type": "Feature", "properties": {"osm_id": "node/7608911827", "kind": "hospital", "name": "Lala Diwan Chand Charitable Hospital", "lon": 77.3143648, "lat": 28.4804539}, "geometry": {"type": "Point", "coordinates": [77.3143648, 28.4804539]}}, {"type": "Feature", "properties": {"osm_id": "node/7622516718", "kind": "hospital", "name": "Nawal Hospital", "lon": 77.1202225, "lat": 28.8718637}, "geometry": {"type": "Point", "coordinates": [77.1202225, 28.8718637]}}, {"type": "Feature", "properties": {"osm_id": "node/7622826267", "kind": "hospital", "name": "St Stephen's Hospital Health Care Facility", "lon": 77.104817, "lat": 28.485499}, "geometry": {"type": "Point", "coordinates": [77.104817, 28.485499]}}, {"type": "Feature", "properties": {"osm_id": "node/7622826291", "kind": "hospital", "name": "Children Hospital", "lon": 77.0348668, "lat": 28.4750562}, "geometry": {"type": "Point", "coordinates": [77.0348668, 28.4750562]}}, {"type": "Feature", "properties": {"osm_id": "node/7622826310", "kind": "hospital", "name": "Gautam Hospital", "lon": 77.008965, "lat": 28.442666}, "geometry": {"type": "Point", "coordinates": [77.008965, 28.442666]}}, {"type": "Feature", "properties": {"osm_id": "node/7622826344", "kind": "hospital", "name": "Lal Superspeciality Hospital", "lon": 77.016731, "lat": 28.4577794}, "geometry": {"type": "Point", "coordinates": [77.016731, 28.4577794]}}, {"type": "Feature", "properties": {"osm_id": "node/7622826345", "kind": "hospital", "name": "Shri Gobind Hospital", "lon": 77.0164047, "lat": 28.4580095}, "geometry": {"type": "Point", "coordinates": [77.0164047, 28.4580095]}}, {"type": "Feature", "properties": {"osm_id": "node/7624464956", "kind": "school", "name": "Kendriya Vidyalaya No.2 Sohna Road", "lon": 77.0291583, "lat": 28.43885}, "geometry": {"type": "Point", "coordinates": [77.0291583, 28.43885]}}, {"type": "Feature", "properties": {"osm_id": "node/7636329586", "kind": "school", "name": "Shaheed Captain Anuj Nayyar Government Boys Senior Secondary School", "lon": 77.0927024, "lat": 28.6255941}, "geometry": {"type": "Point", "coordinates": [77.0927024, 28.6255941]}}, {"type": "Feature", "properties": {"osm_id": "node/7730086971", "kind": "school", "name": "Kendriya Vidyalaya", "lon": 77.1779814, "lat": 28.5610558}, "geometry": {"type": "Point", "coordinates": [77.1779814, 28.5610558]}}, {"type": "Feature", "properties": {"osm_id": "node/8017536217", "kind": "school", "name": "School", "lon": 77.1189585, "lat": 28.7117425}, "geometry": {"type": "Point", "coordinates": [77.1189585, 28.7117425]}}, {"type": "Feature", "properties": {"osm_id": "node/8145754251", "kind": "school", "name": "Green View Public School", "lon": 77.0018985, "lat": 28.6043448}, "geometry": {"type": "Point", "coordinates": [77.0018985, 28.6043448]}}, {"type": "Feature", "properties": {"osm_id": "node/8151246201", "kind": "hospital", "name": "Government Dispensary", "lon": 77.1511902, "lat": 28.6705615}, "geometry": {"type": "Point", "coordinates": [77.1511902, 28.6705615]}}, {"type": "Feature", "properties": {"osm_id": "node/8151246223", "kind": "hospital", "name": "DGD Prem Nagar", "lon": 77.1624729, "lat": 28.66261}, "geometry": {"type": "Point", "coordinates": [77.1624729, 28.66261]}}, {"type": "Feature", "properties": {"osm_id": "node/8151246224", "kind": "hospital", "name": "Kelvin Diagnostics", "lon": 77.1417334, "lat": 28.6625223}, "geometry": {"type": "Point", "coordinates": [77.1417334, 28.6625223]}}, {"type": "Feature", "properties": {"osm_id": "node/8151246225", "kind": "hospital", "name": "Gyanchandra Joshi Ayurvedic Hospital", "lon": 77.144284, "lat": 28.662511}, "geometry": {"type": "Point", "coordinates": [77.144284, 28.662511]}}, {"type": "Feature", "properties": {"osm_id": "node/8151246231", "kind": "hospital", "name": "DR CHOPRAS SPINE JOINT SOLUTIONS INDIA - joint replacement doctor in west Delhi", "lon": 77.1421631, "lat": 28.6581639}, "geometry": {"type": "Point", "coordinates": [77.1421631, 28.6581639]}}, {"type": "Feature", "properties": {"osm_id": "node/8151246315", "kind": "hospital", "name": "Guru Ram Dass Charitable Hospital", "lon": 77.1125936, "lat": 28.6376807}, "geometry": {"type": "Point", "coordinates": [77.1125936, 28.6376807]}}, {"type": "Feature", "properties": {"osm_id": "node/8151246340", "kind": "hospital", "name": "Arvind Medicare", "lon": 77.2170294, "lat": 28.6311711}, "geometry": {"type": "Point", "coordinates": [77.2170294, 28.6311711]}}, {"type": "Feature", "properties": {"osm_id": "node/8151246349", "kind": "hospital", "name": "General Williams Hospital", "lon": 77.2182706, "lat": 28.6267808}, "geometry": {"type": "Point", "coordinates": [77.2182706, 28.6267808]}}, {"type": "Feature", "properties": {"osm_id": "node/8266909244", "kind": "hospital", "name": "Max Superspeciality Hospital", "lon": 77.3330229, "lat": 28.6346135}, "geometry": {"type": "Point", "coordinates": [77.3330229, 28.6346135]}}, {"type": "Feature", "properties": {"osm_id": "node/8285824220", "kind": "hospital", "name": "DR KAPOOR'S Dental Care and Implant Centre", "lon": 77.0450085, "lat": 28.5095465}, "geometry": {"type": "Point", "coordinates": [77.0450085, 28.5095465]}}, {"type": "Feature", "properties": {"osm_id": "node/8478072795", "kind": "hospital", "name": "Hospital", "lon": 77.282953, "lat": 28.5391557}, "geometry": {"type": "Point", "coordinates": [77.282953, 28.5391557]}}, {"type": "Feature", "properties": {"osm_id": "node/8900495608", "kind": "school", "name": "GOVERNMENT SCHOOL", "lon": 77.1444826, "lat": 28.4244248}, "geometry": {"type": "Point", "coordinates": [77.1444826, 28.4244248]}}, {"type": "Feature", "properties": {"osm_id": "node/8916577191", "kind": "hospital", "name": "Sanjay Gandi Hospital", "lon": 77.1700493, "lat": 28.6337619}, "geometry": {"type": "Point", "coordinates": [77.1700493, 28.6337619]}}, {"type": "Feature", "properties": {"osm_id": "node/8929282814", "kind": "school", "name": "MCD School", "lon": 77.2757333, "lat": 28.6327723}, "geometry": {"type": "Point", "coordinates": [77.2757333, 28.6327723]}}, {"type": "Feature", "properties": {"osm_id": "node/8929322159", "kind": "school", "name": "National Victor Public School", "lon": 77.3118241, "lat": 28.631544}, "geometry": {"type": "Point", "coordinates": [77.3118241, 28.631544]}}, {"type": "Feature", "properties": {"osm_id": "node/8929322160", "kind": "school", "name": "DBSE", "lon": 77.3121384, "lat": 28.6307892}, "geometry": {"type": "Point", "coordinates": [77.3121384, 28.6307892]}}, {"type": "Feature", "properties": {"osm_id": "node/8929322161", "kind": "school", "name": "Vivekanand International School", "lon": 77.3140766, "lat": 28.6319004}, "geometry": {"type": "Point", "coordinates": [77.3140766, 28.6319004]}}, {"type": "Feature", "properties": {"osm_id": "node/8987572728", "kind": "hospital", "name": "Aggarwal Dharmarth Hospital", "lon": 77.1976619, "lat": 28.6812368}, "geometry": {"type": "Point", "coordinates": [77.1976619, 28.6812368]}}, {"type": "Feature", "properties": {"osm_id": "node/9004788596", "kind": "school", "name": "MCD school", "lon": 77.1286156, "lat": 28.7330379}, "geometry": {"type": "Point", "coordinates": [77.1286156, 28.7330379]}}, {"type": "Feature", "properties": {"osm_id": "node/9085975699", "kind": "school", "name": "Sarvodaya Kanya Vidyalaya", "lon": 77.3126495, "lat": 28.6807221}, "geometry": {"type": "Point", "coordinates": [77.3126495, 28.6807221]}}, {"type": "Feature", "properties": {"osm_id": "node/9085977835", "kind": "school", "name": "Bloomfield Public School", "lon": 77.3148395, "lat": 28.6816308}, "geometry": {"type": "Point", "coordinates": [77.3148395, 28.6816308]}}, {"type": "Feature", "properties": {"osm_id": "node/9085982626", "kind": "school", "name": "East Delhi M.C Primary School", "lon": 77.3088704, "lat": 28.6787962}, "geometry": {"type": "Point", "coordinates": [77.3088704, 28.6787962]}}, {"type": "Feature", "properties": {"osm_id": "node/9086006380", "kind": "school", "name": "Govt Boys Senior Secondary School", "lon": 77.3127674, "lat": 28.6807704}, "geometry": {"type": "Point", "coordinates": [77.3127674, 28.6807704]}}, {"type": "Feature", "properties": {"osm_id": "node/9086030845", "kind": "school", "name": "Greenway Modern School", "lon": 77.315704, "lat": 28.6822842}, "geometry": {"type": "Point", "coordinates": [77.315704, 28.6822842]}}, {"type": "Feature", "properties": {"osm_id": "node/9100588456", "kind": "school", "name": "School", "lon": 77.2359195, "lat": 28.6589497}, "geometry": {"type": "Point", "coordinates": [77.2359195, 28.6589497]}}, {"type": "Feature", "properties": {"osm_id": "node/9104120006", "kind": "hospital", "name": "Om Prem Charitable Hospital", "lon": 77.3498755, "lat": 28.6317452}, "geometry": {"type": "Point", "coordinates": [77.3498755, 28.6317452]}}, {"type": "Feature", "properties": {"osm_id": "node/9104141335", "kind": "school", "name": "School", "lon": 77.3155184, "lat": 28.6351719}, "geometry": {"type": "Point", "coordinates": [77.3155184, 28.6351719]}}, {"type": "Feature", "properties": {"osm_id": "node/9107468200", "kind": "school", "name": "Rajkiya Sarvodaya Kanya Vidyalaya (Jeeja Bai)", "lon": 77.3194623, "lat": 28.6147038}, "geometry": {"type": "Point", "coordinates": [77.3194623, 28.6147038]}}, {"type": "Feature", "properties": {"osm_id": "node/9180386814", "kind": "school", "name": "Hans Raj Smarak SR Sec School", "lon": 77.3179445, "lat": 28.6815139}, "geometry": {"type": "Point", "coordinates": [77.3179445, 28.6815139]}}, {"type": "Feature", "properties": {"osm_id": "node/9196101613", "kind": "hospital", "name": "Delhi City, Medical", "lon": 77.2811441, "lat": 28.6559519}, "geometry": {"type": "Point", "coordinates": [77.2811441, 28.6559519]}}, {"type": "Feature", "properties": {"osm_id": "node/9221656000", "kind": "school", "name": "Vaidic Public School", "lon": 77.3112651, "lat": 28.6224543}, "geometry": {"type": "Point", "coordinates": [77.3112651, 28.6224543]}}, {"type": "Feature", "properties": {"osm_id": "node/9295424879", "kind": "hospital", "name": "Indraprastha Apollo Hospital", "lon": 77.2835195, "lat": 28.5408159}, "geometry": {"type": "Point", "coordinates": [77.2835195, 28.5408159]}}, {"type": "Feature", "properties": {"osm_id": "node/9485904214", "kind": "hospital", "name": "SCI IVF Hospital", "lon": 77.2337844, "lat": 28.5495245}, "geometry": {"type": "Point", "coordinates": [77.2337844, 28.5495245]}}, {"type": "Feature", "properties": {"osm_id": "node/9536890784", "kind": "school", "name": "Baba Banda Singh Bahadur Memorial Secondary School", "lon": 77.1816408, "lat": 28.5217944}, "geometry": {"type": "Point", "coordinates": [77.1816408, 28.5217944]}}, {"type": "Feature", "properties": {"osm_id": "node/9536890793", "kind": "school", "name": "Saint John's School", "lon": 77.1816816, "lat": 28.5215056}, "geometry": {"type": "Point", "coordinates": [77.1816816, 28.5215056]}}, {"type": "Feature", "properties": {"osm_id": "node/9554253936", "kind": "school", "name": "Bapu Public School", "lon": 77.2892876, "lat": 28.6133314}, "geometry": {"type": "Point", "coordinates": [77.2892876, 28.6133314]}}, {"type": "Feature", "properties": {"osm_id": "node/9565140147", "kind": "hospital", "name": "HAH century hospital", "lon": 77.2513477, "lat": 28.5128503}, "geometry": {"type": "Point", "coordinates": [77.2513477, 28.5128503]}}, {"type": "Feature", "properties": {"osm_id": "node/9565144393", "kind": "school", "name": "New Suriya Public school", "lon": 77.2422016, "lat": 28.5043828}, "geometry": {"type": "Point", "coordinates": [77.2422016, 28.5043828]}}, {"type": "Feature", "properties": {"osm_id": "node/9870316187", "kind": "hospital", "name": "Chaudhary Braham Prakash Ayurvedic Charak Sansthan", "lon": 76.9336152, "lat": 28.5721366}, "geometry": {"type": "Point", "coordinates": [76.9336152, 28.5721366]}}, {"type": "Feature", "properties": {"osm_id": "node/9872198149", "kind": "hospital", "name": "Hospital", "lon": 76.9951114, "lat": 28.6134172}, "geometry": {"type": "Point", "coordinates": [76.9951114, 28.6134172]}}, {"type": "Feature", "properties": {"osm_id": "node/9964055895", "kind": "school", "name": "S B Public School", "lon": 77.0875482, "lat": 28.473313}, "geometry": {"type": "Point", "coordinates": [77.0875482, 28.473313]}}, {"type": "Feature", "properties": {"osm_id": "node/9964185461", "kind": "school", "name": "Royal Convent School", "lon": 77.0896041, "lat": 28.4727485}, "geometry": {"type": "Point", "coordinates": [77.0896041, 28.4727485]}}, {"type": "Feature", "properties": {"osm_id": "node/9969678884", "kind": "school", "name": "The Ardee School", "lon": 77.2757538, "lat": 28.5606026}, "geometry": {"type": "Point", "coordinates": [77.2757538, 28.5606026]}}, {"type": "Feature", "properties": {"osm_id": "node/9985453891", "kind": "hospital", "name": "ESI hospital", "lon": 77.0013092, "lat": 28.4682563}, "geometry": {"type": "Point", "coordinates": [77.0013092, 28.4682563]}}, {"type": "Feature", "properties": {"osm_id": "node/10049931203", "kind": "hospital", "name": "HOD Karkardooma - House Of Diagnostics", "lon": 77.3020999, "lat": 28.6470935}, "geometry": {"type": "Point", "coordinates": [77.3020999, 28.6470935]}}, {"type": "Feature", "properties": {"osm_id": "node/10050566955", "kind": "hospital", "name": "HOD Ashok Vihar - House Of Diagnostics", "lon": 77.1874885, "lat": 28.6956326}, "geometry": {"type": "Point", "coordinates": [77.1874885, 28.6956326]}}, {"type": "Feature", "properties": {"osm_id": "node/10050577769", "kind": "hospital", "name": "HOD Rajouri Garden - House Of Diagnostics", "lon": 77.1204602, "lat": 28.6484714}, "geometry": {"type": "Point", "coordinates": [77.1204602, 28.6484714]}}, {"type": "Feature", "properties": {"osm_id": "node/10127860587", "kind": "school", "name": "TCV Day School, Samyeling", "lon": 77.2277608, "lat": 28.7018344}, "geometry": {"type": "Point", "coordinates": [77.2277608, 28.7018344]}}, {"type": "Feature", "properties": {"osm_id": "node/10172949256", "kind": "hospital", "name": "al-shifa", "lon": 77.2929977, "lat": 28.5570345}, "geometry": {"type": "Point", "coordinates": [77.2929977, 28.5570345]}}, {"type": "Feature", "properties": {"osm_id": "node/10263086505", "kind": "school", "name": "New Horizon School", "lon": 77.2477028, "lat": 28.5947172}, "geometry": {"type": "Point", "coordinates": [77.2477028, 28.5947172]}}, {"type": "Feature", "properties": {"osm_id": "node/10264783705", "kind": "hospital", "name": "Oncoplus Hospital", "lon": 77.2267424, "lat": 28.5697622}, "geometry": {"type": "Point", "coordinates": [77.2267424, 28.5697622]}}, {"type": "Feature", "properties": {"osm_id": "node/10314282871", "kind": "hospital", "name": "SITE", "lon": 77.0675724, "lat": 28.5764608}, "geometry": {"type": "Point", "coordinates": [77.0675724, 28.5764608]}}, {"type": "Feature", "properties": {"osm_id": "node/10570198566", "kind": "school", "name": "Native Public School", "lon": 77.1702275, "lat": 28.7246014}, "geometry": {"type": "Point", "coordinates": [77.1702275, 28.7246014]}}, {"type": "Feature", "properties": {"osm_id": "node/10576445742", "kind": "school", "name": "Navyug School", "lon": 77.2165688, "lat": 28.5872412}, "geometry": {"type": "Point", "coordinates": [77.2165688, 28.5872412]}}, {"type": "Feature", "properties": {"osm_id": "node/10661038354", "kind": "school", "name": "Satyawati Sood Arya Girls senior secondary school", "lon": 77.2516215, "lat": 28.5870203}, "geometry": {"type": "Point", "coordinates": [77.2516215, 28.5870203]}}, {"type": "Feature", "properties": {"osm_id": "node/10661039318", "kind": "school", "name": "Nios Study center", "lon": 77.2514966, "lat": 28.5871452}, "geometry": {"type": "Point", "coordinates": [77.2514966, 28.5871452]}}, {"type": "Feature", "properties": {"osm_id": "node/10661041562", "kind": "school", "name": "YMCA Public School", "lon": 77.2511171, "lat": 28.5872431}, "geometry": {"type": "Point", "coordinates": [77.2511171, 28.5872431]}}, {"type": "Feature", "properties": {"osm_id": "node/10681154094", "kind": "school", "name": "Government Primary School", "lon": 77.0842019, "lat": 28.4792729}, "geometry": {"type": "Point", "coordinates": [77.0842019, 28.4792729]}}, {"type": "Feature", "properties": {"osm_id": "node/10706635437", "kind": "school", "name": "Modern Education Public School", "lon": 77.1633984, "lat": 28.7305602}, "geometry": {"type": "Point", "coordinates": [77.1633984, 28.7305602]}}, {"type": "Feature", "properties": {"osm_id": "node/10732236605", "kind": "school", "name": "My Play School", "lon": 77.159657, "lat": 28.7072002}, "geometry": {"type": "Point", "coordinates": [77.159657, 28.7072002]}}, {"type": "Feature", "properties": {"osm_id": "node/10741340139", "kind": "school", "name": "Sharda Public School", "lon": 77.1681427, "lat": 28.7202814}, "geometry": {"type": "Point", "coordinates": [77.1681427, 28.7202814]}}, {"type": "Feature", "properties": {"osm_id": "node/10750336512", "kind": "school", "name": "Aadyant", "lon": 77.1498449, "lat": 28.5324614}, "geometry": {"type": "Point", "coordinates": [77.1498449, 28.5324614]}}, {"type": "Feature", "properties": {"osm_id": "node/10750605659", "kind": "school", "name": "Saint Model Public School", "lon": 77.1682228, "lat": 28.7243163}, "geometry": {"type": "Point", "coordinates": [77.1682228, 28.7243163]}}, {"type": "Feature", "properties": {"osm_id": "node/10758831609", "kind": "school", "name": "Arya Hansraj Model School", "lon": 77.1670311, "lat": 28.7335313}, "geometry": {"type": "Point", "coordinates": [77.1670311, 28.7335313]}}, {"type": "Feature", "properties": {"osm_id": "node/10760856283", "kind": "hospital", "name": "Vardayani Charitable Multi-Speciality Hospital", "lon": 77.171616, "lat": 28.7221086}, "geometry": {"type": "Point", "coordinates": [77.171616, 28.7221086]}}, {"type": "Feature", "properties": {"osm_id": "node/10760889926", "kind": "school", "name": "School", "lon": 77.1706397, "lat": 28.7209109}, "geometry": {"type": "Point", "coordinates": [77.1706397, 28.7209109]}}, {"type": "Feature", "properties": {"osm_id": "node/10768316749", "kind": "hospital", "name": "Anand Maya Multi Speciality Hospital", "lon": 77.1600821, "lat": 28.7299137}, "geometry": {"type": "Point", "coordinates": [77.1600821, 28.7299137]}}, {"type": "Feature", "properties": {"osm_id": "node/10799185610", "kind": "school", "name": "Madarsa Daruluoom Hamidia", "lon": 77.1733823, "lat": 28.7289581}, "geometry": {"type": "Point", "coordinates": [77.1733823, 28.7289581]}}, {"type": "Feature", "properties": {"osm_id": "node/10805073789", "kind": "school", "name": "Darshan Academy", "lon": 77.1943027, "lat": 28.6943452}, "geometry": {"type": "Point", "coordinates": [77.1943027, 28.6943452]}}, {"type": "Feature", "properties": {"osm_id": "node/10810651871", "kind": "hospital", "name": "Mahajan Hospital", "lon": 77.1710383, "lat": 28.7183028}, "geometry": {"type": "Point", "coordinates": [77.1710383, 28.7183028]}}, {"type": "Feature", "properties": {"osm_id": "node/10823517734", "kind": "school", "name": "Pathways", "lon": 77.1059569, "lat": 28.4295661}, "geometry": {"type": "Point", "coordinates": [77.1059569, 28.4295661]}}, {"type": "Feature", "properties": {"osm_id": "node/10836291364", "kind": "school", "name": "School", "lon": 77.1627691, "lat": 28.7406356}, "geometry": {"type": "Point", "coordinates": [77.1627691, 28.7406356]}}, {"type": "Feature", "properties": {"osm_id": "node/10855344964", "kind": "hospital", "name": "Parnami Orthopaedic Hospital", "lon": 77.1734502, "lat": 28.7136327}, "geometry": {"type": "Point", "coordinates": [77.1734502, 28.7136327]}}, {"type": "Feature", "properties": {"osm_id": "node/10866786293", "kind": "school", "name": "School", "lon": 77.1611524, "lat": 28.7400888}, "geometry": {"type": "Point", "coordinates": [77.1611524, 28.7400888]}}, {"type": "Feature", "properties": {"osm_id": "node/10872788109", "kind": "school", "name": "School", "lon": 77.2476036, "lat": 28.5947114}, "geometry": {"type": "Point", "coordinates": [77.2476036, 28.5947114]}}, {"type": "Feature", "properties": {"osm_id": "node/10901094701", "kind": "hospital", "name": "Shanti Kumud Hospital", "lon": 77.1701132, "lat": 28.7176383}, "geometry": {"type": "Point", "coordinates": [77.1701132, 28.7176383]}}, {"type": "Feature", "properties": {"osm_id": "node/10939545856", "kind": "school", "name": "School", "lon": 77.1631194, "lat": 28.7551751}, "geometry": {"type": "Point", "coordinates": [77.1631194, 28.7551751]}}, {"type": "Feature", "properties": {"osm_id": "node/10939760633", "kind": "school", "name": "School", "lon": 77.1612643, "lat": 28.7521862}, "geometry": {"type": "Point", "coordinates": [77.1612643, 28.7521862]}}, {"type": "Feature", "properties": {"osm_id": "node/10945664767", "kind": "hospital", "name": "Guru Harkrishan Polyclinic Bangla Sahib", "lon": 77.2092035, "lat": 28.6267693}, "geometry": {"type": "Point", "coordinates": [77.2092035, 28.6267693]}}, {"type": "Feature", "properties": {"osm_id": "node/10956856127", "kind": "school", "name": "Sky Public School", "lon": 77.1606342, "lat": 28.7438961}, "geometry": {"type": "Point", "coordinates": [77.1606342, 28.7438961]}}, {"type": "Feature", "properties": {"osm_id": "node/10971399088", "kind": "school", "name": "School", "lon": 77.1986814, "lat": 28.5471568}, "geometry": {"type": "Point", "coordinates": [77.1986814, 28.5471568]}}, {"type": "Feature", "properties": {"osm_id": "node/10975636818", "kind": "school", "name": "Jingle Bell School", "lon": 77.1778744, "lat": 28.7201841}, "geometry": {"type": "Point", "coordinates": [77.1778744, 28.7201841]}}, {"type": "Feature", "properties": {"osm_id": "node/11025053735", "kind": "school", "name": "Aryan Model Public School", "lon": 77.1611125, "lat": 28.7466071}, "geometry": {"type": "Point", "coordinates": [77.1611125, 28.7466071]}}, {"type": "Feature", "properties": {"osm_id": "node/11054290005", "kind": "hospital", "name": "ESIC Hospital", "lon": 77.126818, "lat": 28.7273448}, "geometry": {"type": "Point", "coordinates": [77.126818, 28.7273448]}}, {"type": "Feature", "properties": {"osm_id": "node/11080855977", "kind": "school", "name": "School", "lon": 77.1707573, "lat": 28.727873}, "geometry": {"type": "Point", "coordinates": [77.1707573, 28.727873]}}, {"type": "Feature", "properties": {"osm_id": "node/11133971705", "kind": "school", "name": "School", "lon": 77.0288535, "lat": 28.5445054}, "geometry": {"type": "Point", "coordinates": [77.0288535, 28.5445054]}}, {"type": "Feature", "properties": {"osm_id": "node/11205436531", "kind": "school", "name": "Molarband school", "lon": 77.3260089, "lat": 28.4945193}, "geometry": {"type": "Point", "coordinates": [77.3260089, 28.4945193]}}, {"type": "Feature", "properties": {"osm_id": "node/11205476274", "kind": "school", "name": "New bal vaishali public school", "lon": 77.3260786, "lat": 28.4930183}, "geometry": {"type": "Point", "coordinates": [77.3260786, 28.4930183]}}, {"type": "Feature", "properties": {"osm_id": "node/11211925180", "kind": "school", "name": "Government school", "lon": 77.3046099, "lat": 28.4982037}, "geometry": {"type": "Point", "coordinates": [77.3046099, 28.4982037]}}, {"type": "Feature", "properties": {"osm_id": "node/11218263069", "kind": "school", "name": "Adarsh Bal Vidyalaya", "lon": 77.274201, "lat": 28.6304676}, "geometry": {"type": "Point", "coordinates": [77.274201, 28.6304676]}}, {"type": "Feature", "properties": {"osm_id": "node/11218317499", "kind": "school", "name": "Manisha public school", "lon": 77.2737215, "lat": 28.6302337}, "geometry": {"type": "Point", "coordinates": [77.2737215, 28.6302337]}}, {"type": "Feature", "properties": {"osm_id": "node/11219349887", "kind": "school", "name": "M C D primary co-ed model school", "lon": 77.2440823, "lat": 28.5853022}, "geometry": {"type": "Point", "coordinates": [77.2440823, 28.5853022]}}, {"type": "Feature", "properties": {"osm_id": "node/11225077950", "kind": "school", "name": "Govt girls senior secondary school no . 3", "lon": 77.3256146, "lat": 28.4946147}, "geometry": {"type": "Point", "coordinates": [77.3256146, 28.4946147]}}, {"type": "Feature", "properties": {"osm_id": "node/11225078048", "kind": "school", "name": "Sarvodaya bal vidyalaya no. 1", "lon": 77.3256489, "lat": 28.4945557}, "geometry": {"type": "Point", "coordinates": [77.3256489, 28.4945557]}}, {"type": "Feature", "properties": {"osm_id": "node/11236738290", "kind": "school", "name": "Einsteins play school", "lon": 77.2734518, "lat": 28.6300144}, "geometry": {"type": "Point", "coordinates": [77.2734518, 28.6300144]}}, {"type": "Feature", "properties": {"osm_id": "node/11238406906", "kind": "hospital", "name": "Patel Hospital", "lon": 77.2783314, "lat": 28.6308656}, "geometry": {"type": "Point", "coordinates": [77.2783314, 28.6308656]}}, {"type": "Feature", "properties": {"osm_id": "node/11242142952", "kind": "hospital", "name": "JNU Health Centre", "lon": 77.1676082, "lat": 28.5495066}, "geometry": {"type": "Point", "coordinates": [77.1676082, 28.5495066]}}, {"type": "Feature", "properties": {"osm_id": "node/11242951123", "kind": "hospital", "name": "Hans Charitable Hospital", "lon": 77.2083671, "lat": 28.7002703}, "geometry": {"type": "Point", "coordinates": [77.2083671, 28.7002703]}}, {"type": "Feature", "properties": {"osm_id": "node/11274654303", "kind": "school", "name": "Jamia Milia Islamia School ground", "lon": 77.2835401, "lat": 28.5638054}, "geometry": {"type": "Point", "coordinates": [77.2835401, 28.5638054]}}, {"type": "Feature", "properties": {"osm_id": "node/11598703517", "kind": "hospital", "name": "Jain Hospital", "lon": 77.058622, "lat": 28.4284279}, "geometry": {"type": "Point", "coordinates": [77.058622, 28.4284279]}}, {"type": "Feature", "properties": {"osm_id": "node/11684850879", "kind": "hospital", "name": "Marengo Asia Hospitals", "lon": 77.3189995, "lat": 28.4153658}, "geometry": {"type": "Point", "coordinates": [77.3189995, 28.4153658]}}, {"type": "Feature", "properties": {"osm_id": "node/11688160111", "kind": "school", "name": "Deshraj public school", "lon": 77.1076037, "lat": 28.5116999}, "geometry": {"type": "Point", "coordinates": [77.1076037, 28.5116999]}}, {"type": "Feature", "properties": {"osm_id": "node/11690527372", "kind": "hospital", "name": "KK SURGICAL CENTRE", "lon": 77.292098, "lat": 28.6925868}, "geometry": {"type": "Point", "coordinates": [77.292098, 28.6925868]}}, {"type": "Feature", "properties": {"osm_id": "node/11690556040", "kind": "hospital", "name": "TYGAI DIAGNOSTIC CENTER", "lon": 77.2913592, "lat": 28.6913354}, "geometry": {"type": "Point", "coordinates": [77.2913592, 28.6913354]}}, {"type": "Feature", "properties": {"osm_id": "node/11690583075", "kind": "hospital", "name": "INDIAN BAGHEERA VETERINARY HOSPITAL", "lon": 77.2921256, "lat": 28.6944964}, "geometry": {"type": "Point", "coordinates": [77.2921256, 28.6944964]}}, {"type": "Feature", "properties": {"osm_id": "node/11690592604", "kind": "hospital", "name": "BHARAT VIKAS PARISHAD(FREE EYE CAMP)", "lon": 77.2917846, "lat": 28.6885897}, "geometry": {"type": "Point", "coordinates": [77.2917846, 28.6885897]}}, {"type": "Feature", "properties": {"osm_id": "node/11690597440", "kind": "hospital", "name": "MIND BRAIN & MENTAL HOSPITAL", "lon": 77.2916753, "lat": 28.6904216}, "geometry": {"type": "Point", "coordinates": [77.2916753, 28.6904216]}}, {"type": "Feature", "properties": {"osm_id": "node/11691646449", "kind": "hospital", "name": "Hospital", "lon": 77.2977806, "lat": 28.7361467}, "geometry": {"type": "Point", "coordinates": [77.2977806, 28.7361467]}}, {"type": "Feature", "properties": {"osm_id": "node/11693517909", "kind": "hospital", "name": "MAHALAKSHMI HOSPITAL", "lon": 77.2986283, "lat": 28.6892732}, "geometry": {"type": "Point", "coordinates": [77.2986283, 28.6892732]}}, {"type": "Feature", "properties": {"osm_id": "node/11696904640", "kind": "hospital", "name": "DUKH NIWARAN MEDICAL CENTER", "lon": 77.2902512, "lat": 28.6865598}, "geometry": {"type": "Point", "coordinates": [77.2902512, 28.6865598]}}, {"type": "Feature", "properties": {"osm_id": "node/11696928200", "kind": "school", "name": "KENDRIYA VIDYALAYA SHAHDARA", "lon": 77.2873607, "lat": 28.6863497}, "geometry": {"type": "Point", "coordinates": [77.2873607, 28.6863497]}}, {"type": "Feature", "properties": {"osm_id": "node/11696942375", "kind": "school", "name": "KV ground", "lon": 77.3487453, "lat": 28.5895462}, "geometry": {"type": "Point", "coordinates": [77.3487453, 28.5895462]}}, {"type": "Feature", "properties": {"osm_id": "node/11697169207", "kind": "hospital", "name": "supreme hospital", "lon": 77.2911674, "lat": 28.4910033}, "geometry": {"type": "Point", "coordinates": [77.2911674, 28.4910033]}}, {"type": "Feature", "properties": {"osm_id": "node/11697662195", "kind": "hospital", "name": "Hospital", "lon": 77.2886859, "lat": 28.735724}, "geometry": {"type": "Point", "coordinates": [77.2886859, 28.735724]}}, {"type": "Feature", "properties": {"osm_id": "node/11697708204", "kind": "school", "name": "Mission public school", "lon": 77.057532, "lat": 28.5996273}, "geometry": {"type": "Point", "coordinates": [77.057532, 28.5996273]}}, {"type": "Feature", "properties": {"osm_id": "node/11697720523", "kind": "hospital", "name": "Aakash Hospital", "lon": 77.0536459, "lat": 28.6053767}, "geometry": {"type": "Point", "coordinates": [77.0536459, 28.6053767]}}, {"type": "Feature", "properties": {"osm_id": "node/11698041139", "kind": "school", "name": "xtreme tennis academy", "lon": 77.0512983, "lat": 28.6037753}, "geometry": {"type": "Point", "coordinates": [77.0512983, 28.6037753]}}, {"type": "Feature", "properties": {"osm_id": "node/11698355649", "kind": "hospital", "name": "Injury Centre", "lon": 77.0526152, "lat": 28.6063225}, "geometry": {"type": "Point", "coordinates": [77.0526152, 28.6063225]}}, {"type": "Feature", "properties": {"osm_id": "node/11698562244", "kind": "hospital", "name": "Saroj Medical Institute", "lon": 77.1390604, "lat": 28.7340712}, "geometry": {"type": "Point", "coordinates": [77.1390604, 28.7340712]}}, {"type": "Feature", "properties": {"osm_id": "node/11698566020", "kind": "school", "name": "Jinwani public school", "lon": 77.049833, "lat": 28.6000308}, "geometry": {"type": "Point", "coordinates": [77.049833, 28.6000308]}}, {"type": "Feature", "properties": {"osm_id": "node/11698678806", "kind": "hospital", "name": "BR Healthcare Rohini", "lon": 77.1196309, "lat": 28.7443866}, "geometry": {"type": "Point", "coordinates": [77.1196309, 28.7443866]}}, {"type": "Feature", "properties": {"osm_id": "node/11750077269", "kind": "hospital", "name": "Hospital", "lon": 77.0952619, "lat": 28.4828162}, "geometry": {"type": "Point", "coordinates": [77.0952619, 28.4828162]}}, {"type": "Feature", "properties": {"osm_id": "node/11769497940", "kind": "hospital", "name": "Verizon Hospital", "lon": 77.0705, "lat": 28.4399865}, "geometry": {"type": "Point", "coordinates": [77.0705, 28.4399865]}}, {"type": "Feature", "properties": {"osm_id": "node/11775278179", "kind": "hospital", "name": "Indian Cancer Institute", "lon": 77.2419692, "lat": 28.5483823}, "geometry": {"type": "Point", "coordinates": [77.2419692, 28.5483823]}}, {"type": "Feature", "properties": {"osm_id": "node/11832139988", "kind": "school", "name": "School", "lon": 77.2069986, "lat": 28.6636}, "geometry": {"type": "Point", "coordinates": [77.2069986, 28.6636]}}, {"type": "Feature", "properties": {"osm_id": "node/11846242020", "kind": "school", "name": "New Sanik Public School", "lon": 77.068435, "lat": 28.6071489}, "geometry": {"type": "Point", "coordinates": [77.068435, 28.6071489]}}, {"type": "Feature", "properties": {"osm_id": "node/11868133252", "kind": "hospital", "name": "Airport Health Organization", "lon": 77.115956, "lat": 28.5445057}, "geometry": {"type": "Point", "coordinates": [77.115956, 28.5445057]}}, {"type": "Feature", "properties": {"osm_id": "node/11883497374", "kind": "school", "name": "Learning Angels Play School", "lon": 77.1217797, "lat": 28.5944407}, "geometry": {"type": "Point", "coordinates": [77.1217797, 28.5944407]}}, {"type": "Feature", "properties": {"osm_id": "node/11916134027", "kind": "hospital", "name": "Ravi Nursing Home", "lon": 77.0305823, "lat": 28.6172493}, "geometry": {"type": "Point", "coordinates": [77.0305823, 28.6172493]}}, {"type": "Feature", "properties": {"osm_id": "node/11982171909", "kind": "school", "name": "G.G.S.S.S. VIVEK VIHAR PHASE 2", "lon": 77.3073786, "lat": 28.6696109}, "geometry": {"type": "Point", "coordinates": [77.3073786, 28.6696109]}}, {"type": "Feature", "properties": {"osm_id": "node/11982171911", "kind": "school", "name": "Avinash Chandra Chadha Central Savoday Bal School", "lon": 77.3073786, "lat": 28.6696109}, "geometry": {"type": "Point", "coordinates": [77.3073786, 28.6696109]}}, {"type": "Feature", "properties": {"osm_id": "node/11982182430", "kind": "school", "name": "Govt. Boys Secondary School", "lon": 77.3094983, "lat": 28.6698721}, "geometry": {"type": "Point", "coordinates": [77.3094983, 28.6698721]}}, {"type": "Feature", "properties": {"osm_id": "node/11982187193", "kind": "school", "name": "Greenway Modern School", "lon": 77.3090614, "lat": 28.6699213}, "geometry": {"type": "Point", "coordinates": [77.3090614, 28.6699213]}}, {"type": "Feature", "properties": {"osm_id": "node/11982197671", "kind": "school", "name": "RAJKIYA PRATIBHA VIKAS VIDYALAYA", "lon": 77.3087445, "lat": 28.6660091}, "geometry": {"type": "Point", "coordinates": [77.3087445, 28.6660091]}}, {"type": "Feature", "properties": {"osm_id": "node/11982197672", "kind": "school", "name": "DR. B.R. AMBEDKAR SCHOOL OF DPECIALISED EXCELLENCE", "lon": 77.309429, "lat": 28.6658495}, "geometry": {"type": "Point", "coordinates": [77.309429, 28.6658495]}}, {"type": "Feature", "properties": {"osm_id": "node/11982201439", "kind": "hospital", "name": "IndraGandhi ESI HOSPITAL", "lon": 77.3110943, "lat": 28.6665679}, "geometry": {"type": "Point", "coordinates": [77.3110943, 28.6665679]}}, {"type": "Feature", "properties": {"osm_id": "node/11998757236", "kind": "school", "name": "Carmel Convent School", "lon": 77.1881167, "lat": 28.6013333}, "geometry": {"type": "Point", "coordinates": [77.1881167, 28.6013333]}}, {"type": "Feature", "properties": {"osm_id": "node/12032854870", "kind": "school", "name": "Arena Animation", "lon": 77.2963033, "lat": 28.6419638}, "geometry": {"type": "Point", "coordinates": [77.2963033, 28.6419638]}}, {"type": "Feature", "properties": {"osm_id": "node/12046096383", "kind": "hospital", "name": "Ambedkar Nagar Hospital", "lon": 77.2383804, "lat": 28.5223965}, "geometry": {"type": "Point", "coordinates": [77.2383804, 28.5223965]}}, {"type": "Feature", "properties": {"osm_id": "node/12046734569", "kind": "school", "name": "MCD Primary school No. 2", "lon": 77.2351102, "lat": 28.5249774}, "geometry": {"type": "Point", "coordinates": [77.2351102, 28.5249774]}}, {"type": "Feature", "properties": {"osm_id": "node/12052451552", "kind": "hospital", "name": "Banwari Lal Charitable Trust Diagnostic Centre", "lon": 77.2042941, "lat": 28.6420044}, "geometry": {"type": "Point", "coordinates": [77.2042941, 28.6420044]}}, {"type": "Feature", "properties": {"osm_id": "node/12068110862", "kind": "hospital", "name": "Dr. Himani Yadav", "lon": 77.0777145, "lat": 28.4299657}, "geometry": {"type": "Point", "coordinates": [77.0777145, 28.4299657]}}, {"type": "Feature", "properties": {"osm_id": "node/12139303963", "kind": "school", "name": "Government Girl Middle School", "lon": 77.0664505, "lat": 28.4277612}, "geometry": {"type": "Point", "coordinates": [77.0664505, 28.4277612]}}, {"type": "Feature", "properties": {"osm_id": "node/12139303964", "kind": "school", "name": "Government Model Sanskriti Primary School", "lon": 77.0664871, "lat": 28.4277435}, "geometry": {"type": "Point", "coordinates": [77.0664871, 28.4277435]}}, {"type": "Feature", "properties": {"osm_id": "node/12208726093", "kind": "school", "name": "Hemani Public School", "lon": 77.2475193, "lat": 28.5684003}, "geometry": {"type": "Point", "coordinates": [77.2475193, 28.5684003]}}, {"type": "Feature", "properties": {"osm_id": "node/12222312994", "kind": "school", "name": "Lakhi Public School", "lon": 77.2939379, "lat": 28.626934}, "geometry": {"type": "Point", "coordinates": [77.2939379, 28.626934]}}, {"type": "Feature", "properties": {"osm_id": "node/12441108176", "kind": "hospital", "name": "Kasturba Hospital", "lon": 77.2385223, "lat": 28.6485447}, "geometry": {"type": "Point", "coordinates": [77.2385223, 28.6485447]}}, {"type": "Feature", "properties": {"osm_id": "node/12464971286", "kind": "hospital", "name": "Under Construction Hospital", "lon": 77.061634, "lat": 28.6336658}, "geometry": {"type": "Point", "coordinates": [77.061634, 28.6336658]}}, {"type": "Feature", "properties": {"osm_id": "node/12595654412", "kind": "hospital", "name": "parakh hospital", "lon": 77.3394581, "lat": 28.6930519}, "geometry": {"type": "Point", "coordinates": [77.3394581, 28.6930519]}}, {"type": "Feature", "properties": {"osm_id": "node/12609739301", "kind": "hospital", "name": "Hospital", "lon": 77.1017103, "lat": 28.4981571}, "geometry": {"type": "Point", "coordinates": [77.1017103, 28.4981571]}}, {"type": "Feature", "properties": {"osm_id": "node/12640918037", "kind": "school", "name": "The Neev School", "lon": 77.2911355, "lat": 28.6229288}, "geometry": {"type": "Point", "coordinates": [77.2911355, 28.6229288]}}, {"type": "Feature", "properties": {"osm_id": "node/12647113752", "kind": "hospital", "name": "Apollo Fertility", "lon": 77.0400311, "lat": 28.5964346}, "geometry": {"type": "Point", "coordinates": [77.0400311, 28.5964346]}}, {"type": "Feature", "properties": {"osm_id": "node/12687840624", "kind": "school", "name": "Mamta Public School", "lon": 77.3166492, "lat": 28.6004549}, "geometry": {"type": "Point", "coordinates": [77.3166492, 28.6004549]}}, {"type": "Feature", "properties": {"osm_id": "node/12704710070", "kind": "school", "name": "Bal Bhavan Public School", "lon": 77.3025948, "lat": 28.6187992}, "geometry": {"type": "Point", "coordinates": [77.3025948, 28.6187992]}}, {"type": "Feature", "properties": {"osm_id": "node/12713991910", "kind": "school", "name": "Madrassa Jamia Islamia Latifia", "lon": 77.2911697, "lat": 28.6239305}, "geometry": {"type": "Point", "coordinates": [77.2911697, 28.6239305]}}, {"type": "Feature", "properties": {"osm_id": "node/12749811106", "kind": "school", "name": "K.S.K Academy", "lon": 77.2476048, "lat": 28.5016344}, "geometry": {"type": "Point", "coordinates": [77.2476048, 28.5016344]}}, {"type": "Feature", "properties": {"osm_id": "node/12753521548", "kind": "school", "name": "L.N. Girdharri Lal", "lon": 77.2237125, "lat": 28.6587675}, "geometry": {"type": "Point", "coordinates": [77.2237125, 28.6587675]}}, {"type": "Feature", "properties": {"osm_id": "node/12759219200", "kind": "school", "name": "Durgabai Deshmukh Balwadi", "lon": 77.2115618, "lat": 28.692024}, "geometry": {"type": "Point", "coordinates": [77.2115618, 28.692024]}}, {"type": "Feature", "properties": {"osm_id": "node/12759227365", "kind": "school", "name": "Usha Ganguli Shishu Vihar", "lon": 77.2116113, "lat": 28.6921196}, "geometry": {"type": "Point", "coordinates": [77.2116113, 28.6921196]}}, {"type": "Feature", "properties": {"osm_id": "node/12828353062", "kind": "school", "name": "Little Kingdom", "lon": 77.1228826, "lat": 28.7059898}, "geometry": {"type": "Point", "coordinates": [77.1228826, 28.7059898]}}, {"type": "Feature", "properties": {"osm_id": "node/12897313095", "kind": "hospital", "name": "Metro Heart Institute", "lon": 77.33789, "lat": 28.5973655}, "geometry": {"type": "Point", "coordinates": [77.33789, 28.5973655]}}, {"type": "Feature", "properties": {"osm_id": "node/12897313097", "kind": "hospital", "name": "Metro Multi-speciality Hospital", "lon": 77.3358702, "lat": 28.5974786}, "geometry": {"type": "Point", "coordinates": [77.3358702, 28.5974786]}}, {"type": "Feature", "properties": {"osm_id": "node/12912000024", "kind": "school", "name": "School Entrance", "lon": 77.0164121, "lat": 28.8357081}, "geometry": {"type": "Point", "coordinates": [77.0164121, 28.8357081]}}, {"type": "Feature", "properties": {"osm_id": "node/12918591734", "kind": "school", "name": "Asha School Delhi Cantt.", "lon": 77.1379852, "lat": 28.6103924}, "geometry": {"type": "Point", "coordinates": [77.1379852, 28.6103924]}}, {"type": "Feature", "properties": {"osm_id": "node/12942220245", "kind": "school", "name": "Modern Green Valley public school", "lon": 77.2239141, "lat": 28.4970991}, "geometry": {"type": "Point", "coordinates": [77.2239141, 28.4970991]}}, {"type": "Feature", "properties": {"osm_id": "node/12942263261", "kind": "school", "name": "Surjit Wasu Memorial Charitable school", "lon": 77.220101, "lat": 28.4957034}, "geometry": {"type": "Point", "coordinates": [77.220101, 28.4957034]}}, {"type": "Feature", "properties": {"osm_id": "node/12944092756", "kind": "school", "name": "Experimental Basic School", "lon": 77.2097821, "lat": 28.6942624}, "geometry": {"type": "Point", "coordinates": [77.2097821, 28.6942624]}}, {"type": "Feature", "properties": {"osm_id": "node/12944492921", "kind": "school", "name": "Pratibha Vidyalaya", "lon": 77.2307224, "lat": 28.5724903}, "geometry": {"type": "Point", "coordinates": [77.2307224, 28.5724903]}}, {"type": "Feature", "properties": {"osm_id": "node/12985396101", "kind": "hospital", "name": "Chandralakshmi Hospital", "lon": 77.340079, "lat": 28.6460547}, "geometry": {"type": "Point", "coordinates": [77.340079, 28.6460547]}}, {"type": "Feature", "properties": {"osm_id": "node/12986009477", "kind": "hospital", "name": "Paras Hospital", "lon": 77.3446415, "lat": 28.6471942}, "geometry": {"type": "Point", "coordinates": [77.3446415, 28.6471942]}}, {"type": "Feature", "properties": {"osm_id": "node/12997284965", "kind": "school", "name": "M.S. Tutorial", "lon": 77.3386733, "lat": 28.6449294}, "geometry": {"type": "Point", "coordinates": [77.3386733, 28.6449294]}}, {"type": "Feature", "properties": {"osm_id": "node/13061156424", "kind": "school", "name": "Jaishankar Memorial Centre", "lon": 77.3002293, "lat": 28.5379491}, "geometry": {"type": "Point", "coordinates": [77.3002293, 28.5379491]}}, {"type": "Feature", "properties": {"osm_id": "node/13072249774", "kind": "school", "name": "Dr B.R. Ambedkar School of Specialised Excellence (ASOSE), IP Extension", "lon": 77.3141765, "lat": 28.631551}, "geometry": {"type": "Point", "coordinates": [77.3141765, 28.631551]}}, {"type": "Feature", "properties": {"osm_id": "node/13072249775", "kind": "school", "name": "Rajkiya Pratibha Vikas Vidyalaya ,I.P. Extension", "lon": 77.3144956, "lat": 28.6315581}, "geometry": {"type": "Point", "coordinates": [77.3144956, 28.6315581]}}, {"type": "Feature", "properties": {"osm_id": "node/13073584691", "kind": "school", "name": "KENDRIYA VIDYALAYA", "lon": 77.225629, "lat": 28.5569422}, "geometry": {"type": "Point", "coordinates": [77.225629, 28.5569422]}}, {"type": "Feature", "properties": {"osm_id": "node/13077719600", "kind": "hospital", "name": "Dr. Shroff Charity Eye Hospital", "lon": 77.242051, "lat": 28.6459381}, "geometry": {"type": "Point", "coordinates": [77.242051, 28.6459381]}}, {"type": "Feature", "properties": {"osm_id": "node/13082006017", "kind": "school", "name": "Government Sarvodaya Bal Vidyalaya", "lon": 77.3033963, "lat": 28.6175093}, "geometry": {"type": "Point", "coordinates": [77.3033963, 28.6175093]}}, {"type": "Feature", "properties": {"osm_id": "node/13082006018", "kind": "school", "name": "Government Sarvodaya Kanya Vidyalaya", "lon": 77.3035273, "lat": 28.6173633}, "geometry": {"type": "Point", "coordinates": [77.3035273, 28.6173633]}}, {"type": "Feature", "properties": {"osm_id": "node/13110023484", "kind": "school", "name": "Municipal Corporation Primary School", "lon": 77.2027529, "lat": 28.6799307}, "geometry": {"type": "Point", "coordinates": [77.2027529, 28.6799307]}}, {"type": "Feature", "properties": {"osm_id": "node/13110159240", "kind": "school", "name": "\u0928\u093f\u0917\u092e \u092a\u094d\u0930\u093e\u0925\u092e\u093f\u0915 \u0935\u093f\u0926\u094d\u092f\u093e\u0932\u092f", "lon": 77.2020054, "lat": 28.6800535}, "geometry": {"type": "Point", "coordinates": [77.2020054, 28.6800535]}}, {"type": "Feature", "properties": {"osm_id": "node/13124497226", "kind": "school", "name": "Government Model Senior Secondary School, Wazirabad", "lon": 77.0798032, "lat": 28.4345697}, "geometry": {"type": "Point", "coordinates": [77.0798032, 28.4345697]}}, {"type": "Feature", "properties": {"osm_id": "node/13124497227", "kind": "school", "name": "Government Boys Model Sanskriti Primary School, Wazirabad", "lon": 77.0803974, "lat": 28.4343321}, "geometry": {"type": "Point", "coordinates": [77.0803974, 28.4343321]}}, {"type": "Feature", "properties": {"osm_id": "node/13131402843", "kind": "hospital", "name": "Medical Room", "lon": 77.1538641, "lat": 28.583431}, "geometry": {"type": "Point", "coordinates": [77.1538641, 28.583431]}}, {"type": "Feature", "properties": {"osm_id": "node/13142482001", "kind": "school", "name": "Bright Future Point", "lon": 77.2163072, "lat": 28.5489881}, "geometry": {"type": "Point", "coordinates": [77.2163072, 28.5489881]}}, {"type": "Feature", "properties": {"osm_id": "node/13146450018", "kind": "school", "name": "German school", "lon": 77.1802814, "lat": 28.594099}, "geometry": {"type": "Point", "coordinates": [77.1802814, 28.594099]}}, {"type": "Feature", "properties": {"osm_id": "node/13146724914", "kind": "hospital", "name": "Tyagi Hospital", "lon": 77.1681742, "lat": 28.7187985}, "geometry": {"type": "Point", "coordinates": [77.1681742, 28.7187985]}}, {"type": "Feature", "properties": {"osm_id": "node/13180535715", "kind": "school", "name": "Cosmos Public School", "lon": 77.3145291, "lat": 28.601763}, "geometry": {"type": "Point", "coordinates": [77.3145291, 28.601763]}}, {"type": "Feature", "properties": {"osm_id": "node/13204264433", "kind": "school", "name": "Sarvodaya Bal Vidyalaya, Tikri Khurd", "lon": 77.1283236, "lat": 28.8335293}, "geometry": {"type": "Point", "coordinates": [77.1283236, 28.8335293]}}, {"type": "Feature", "properties": {"osm_id": "node/13243279487", "kind": "hospital", "name": "Medanta", "lon": 77.09453, "lat": 28.4635254}, "geometry": {"type": "Point", "coordinates": [77.09453, 28.4635254]}}, {"type": "Feature", "properties": {"osm_id": "node/13266921259", "kind": "school", "name": "Pole Star", "lon": 77.0969816, "lat": 28.6986861}, "geometry": {"type": "Point", "coordinates": [77.0969816, 28.6986861]}}, {"type": "Feature", "properties": {"osm_id": "node/13334052245", "kind": "school", "name": "AVN International School", "lon": 77.3352273, "lat": 28.6994551}, "geometry": {"type": "Point", "coordinates": [77.3352273, 28.6994551]}}, {"type": "Feature", "properties": {"osm_id": "node/13334052247", "kind": "school", "name": "Diamond Bloom Public School", "lon": 77.3372083, "lat": 28.6991045}, "geometry": {"type": "Point", "coordinates": [77.3372083, 28.6991045]}}, {"type": "Feature", "properties": {"osm_id": "node/13351079501", "kind": "school", "name": "School", "lon": 77.2840569, "lat": 28.6139792}, "geometry": {"type": "Point", "coordinates": [77.2840569, 28.6139792]}}, {"type": "Feature", "properties": {"osm_id": "node/13366317301", "kind": "school", "name": "Mac Marvels Montessori", "lon": 77.2976485, "lat": 28.6347567}, "geometry": {"type": "Point", "coordinates": [77.2976485, 28.6347567]}}, {"type": "Feature", "properties": {"osm_id": "node/13366619207", "kind": "hospital", "name": "Dr Vipin Maheshwari", "lon": 77.0723439, "lat": 28.4317572}, "geometry": {"type": "Point", "coordinates": [77.0723439, 28.4317572]}}, {"type": "Feature", "properties": {"osm_id": "node/13481473075", "kind": "school", "name": "Central Baptist Church Primary school", "lon": 77.2336847, "lat": 28.6564137}, "geometry": {"type": "Point", "coordinates": [77.2336847, 28.6564137]}}, {"type": "Feature", "properties": {"osm_id": "node/13508394262", "kind": "hospital", "name": "SRG Speciality Hospital", "lon": 77.1794945, "lat": 28.6706849}, "geometry": {"type": "Point", "coordinates": [77.1794945, 28.6706849]}}, {"type": "Feature", "properties": {"osm_id": "node/13536544392", "kind": "hospital", "name": "Malik Radix", "lon": 77.2881381, "lat": 28.6353257}, "geometry": {"type": "Point", "coordinates": [77.2881381, 28.6353257]}}, {"type": "Feature", "properties": {"osm_id": "node/13594703526", "kind": "school", "name": "Masoom Special School", "lon": 77.221249, "lat": 28.7069256}, "geometry": {"type": "Point", "coordinates": [77.221249, 28.7069256]}}, {"type": "Feature", "properties": {"osm_id": "node/13594703551", "kind": "school", "name": "Virendra Public School", "lon": 77.220302, "lat": 28.6956505}, "geometry": {"type": "Point", "coordinates": [77.220302, 28.6956505]}}, {"type": "Feature", "properties": {"osm_id": "node/13598309846", "kind": "school", "name": "Holy Angel Public School", "lon": 77.31833, "lat": 28.4975864}, "geometry": {"type": "Point", "coordinates": [77.31833, 28.4975864]}}, {"type": "Feature", "properties": {"osm_id": "node/13633430911", "kind": "school", "name": "Bal Bhavan Public School", "lon": 77.2797632, "lat": 28.635347}, "geometry": {"type": "Point", "coordinates": [77.2797632, 28.635347]}}, {"type": "Feature", "properties": {"osm_id": "node/13664118559", "kind": "hospital", "name": "Shanti Nursing Home", "lon": 77.2856275, "lat": 28.6190345}, "geometry": {"type": "Point", "coordinates": [77.2856275, 28.6190345]}}, {"type": "Feature", "properties": {"osm_id": "node/13664462520", "kind": "hospital", "name": "Dr. Batra's Clinic", "lon": 77.2557006, "lat": 28.5288731}, "geometry": {"type": "Point", "coordinates": [77.2557006, 28.5288731]}}, {"type": "Feature", "properties": {"osm_id": "node/13665255268", "kind": "hospital", "name": "Shanti Medical Centre", "lon": 77.2855408, "lat": 28.619157}, "geometry": {"type": "Point", "coordinates": [77.2855408, 28.619157]}}, {"type": "Feature", "properties": {"osm_id": "node/13680887201", "kind": "school", "name": "School", "lon": 77.181602, "lat": 28.5031578}, "geometry": {"type": "Point", "coordinates": [77.181602, 28.5031578]}}, {"type": "Feature", "properties": {"osm_id": "node/13814205596", "kind": "school", "name": "D.M.G. play school", "lon": 77.1931482, "lat": 28.5628266}, "geometry": {"type": "Point", "coordinates": [77.1931482, 28.5628266]}}, {"type": "Feature", "properties": {"osm_id": "node/13816044078", "kind": "hospital", "name": "Ariston Multispeciality Hospital", "lon": 77.2482605, "lat": 28.5379869}, "geometry": {"type": "Point", "coordinates": [77.2482605, 28.5379869]}}, {"type": "Feature", "properties": {"osm_id": "node/13823611701", "kind": "school", "name": "Govt. Sarvodaya Bal vidyalaya", "lon": 77.07325, "lat": 28.6543549}, "geometry": {"type": "Point", "coordinates": [77.07325, 28.6543549]}}, {"type": "Feature", "properties": {"osm_id": "node/13823611705", "kind": "school", "name": "MS public school", "lon": 77.0690139, "lat": 28.6726466}, "geometry": {"type": "Point", "coordinates": [77.0690139, 28.6726466]}}, {"type": "Feature", "properties": {"osm_id": "node/13823611901", "kind": "school", "name": "HBM PUBLIC SCHOOL", "lon": 77.0689249, "lat": 28.6708005}, "geometry": {"type": "Point", "coordinates": [77.0689249, 28.6708005]}}, {"type": "Feature", "properties": {"osm_id": "node/13823614701", "kind": "school", "name": "CRS public school", "lon": 77.0698692, "lat": 28.6724869}, "geometry": {"type": "Point", "coordinates": [77.0698692, 28.6724869]}}, {"type": "Feature", "properties": {"osm_id": "node/13887018882", "kind": "hospital", "name": "Dr Sarita Jaiswal", "lon": 77.3140801, "lat": 28.6026654}, "geometry": {"type": "Point", "coordinates": [77.3140801, 28.6026654]}}, {"type": "Feature", "properties": {"osm_id": "node/13891280201", "kind": "hospital", "name": "PUSHPANJAL hospital", "lon": 77.085012, "lat": 28.6803024}, "geometry": {"type": "Point", "coordinates": [77.085012, 28.6803024]}}, {"type": "Feature", "properties": {"osm_id": "node/13926670492", "kind": "school", "name": "Government Primary School", "lon": 77.2181268, "lat": 28.713982}, "geometry": {"type": "Point", "coordinates": [77.2181268, 28.713982]}}, {"type": "Feature", "properties": {"osm_id": "node/13926801709", "kind": "school", "name": "Sant Nirankari Public School", "lon": 77.2096575, "lat": 28.7154208}, "geometry": {"type": "Point", "coordinates": [77.2096575, 28.7154208]}}, {"type": "Feature", "properties": {"osm_id": "node/13926801710", "kind": "school", "name": "Sant Nirankari Sr Sec School Girls and Boys", "lon": 77.2089194, "lat": 28.7157137}, "geometry": {"type": "Point", "coordinates": [77.2089194, 28.7157137]}}, {"type": "Feature", "properties": {"osm_id": "node/13930769734", "kind": "hospital", "name": "Sant Nirankari Health City (SNHC)", "lon": 77.2028697, "lat": 28.7242334}, "geometry": {"type": "Point", "coordinates": [77.2028697, 28.7242334]}}, {"type": "Feature", "properties": {"osm_id": "node/13941652601", "kind": "school", "name": "Marudyan School", "lon": 77.0047494, "lat": 28.4619392}, "geometry": {"type": "Point", "coordinates": [77.0047494, 28.4619392]}}, {"type": "Feature", "properties": {"osm_id": "node/13945738977", "kind": "hospital", "name": "Infirmary", "lon": 77.299997, "lat": 28.6414623}, "geometry": {"type": "Point", "coordinates": [77.299997, 28.6414623]}}, {"type": "Feature", "properties": {"osm_id": "node/13947231564", "kind": "hospital", "name": "The Dental Solace", "lon": 77.0863225, "lat": 28.4287361}, "geometry": {"type": "Point", "coordinates": [77.0863225, 28.4287361]}}, {"type": "Feature", "properties": {"osm_id": "node/13950434366", "kind": "hospital", "name": "Nulife Multi Specialty Hospital", "lon": 77.2086357, "lat": 28.7008293}, "geometry": {"type": "Point", "coordinates": [77.2086357, 28.7008293]}}, {"type": "Feature", "properties": {"osm_id": "node/13996916117", "kind": "hospital", "name": "Center For Sight", "lon": 77.0592261, "lat": 28.4262389}, "geometry": {"type": "Point", "coordinates": [77.0592261, 28.4262389]}}, {"type": "Feature", "properties": {"osm_id": "node/13997784676", "kind": "hospital", "name": "Hospital", "lon": 77.2171554, "lat": 28.5683579}, "geometry": {"type": "Point", "coordinates": [77.2171554, 28.5683579]}}, {"type": "Feature", "properties": {"osm_id": "node/13999723370", "kind": "school", "name": "Government Boys Secondary School", "lon": 77.2041334, "lat": 28.6821523}, "geometry": {"type": "Point", "coordinates": [77.2041334, 28.6821523]}}, {"type": "Feature", "properties": {"osm_id": "node/14013885968", "kind": "hospital", "name": "Diabetes & Hormone Clinic", "lon": 77.294414, "lat": 28.535271}, "geometry": {"type": "Point", "coordinates": [77.294414, 28.535271]}}, {"type": "Feature", "properties": {"osm_id": "node/14014082401", "kind": "school", "name": "Kates Pre-School | Play school For Kids in Shalimar Garden", "lon": 77.3427835, "lat": 28.6844939}, "geometry": {"type": "Point", "coordinates": [77.3427835, 28.6844939]}}, {"type": "Feature", "properties": {"osm_id": "node/14017751395", "kind": "hospital", "name": "Hospital", "lon": 77.2447463, "lat": 28.5647216}, "geometry": {"type": "Point", "coordinates": [77.2447463, 28.5647216]}}, {"type": "Feature", "properties": {"osm_id": "node/14017793419", "kind": "hospital", "name": "Pristyn Care Elantis", "lon": 77.2477571, "lat": 28.5650215}, "geometry": {"type": "Point", "coordinates": [77.2477571, 28.5650215]}}, {"type": "Feature", "properties": {"osm_id": "way/7891819", "kind": "school", "name": "School of Computional and Integrative Sciences", "lon": 77.16774745555556, "lat": 28.541961077777778}, "geometry": {"type": "Point", "coordinates": [77.16774745555556, 28.541961077777778]}}, {"type": "Feature", "properties": {"osm_id": "way/27035476", "kind": "industrial", "name": "Industrial", "lon": 77.05249511666666, "lat": 28.46983668333333, "area_km2": 0.1623}, "geometry": {"type": "Polygon", "coordinates": [[[77.0505444, 28.4715879], [77.0522948, 28.4679378], [77.0526803, 28.4671117], [77.0555213, 28.4681593], [77.0533855, 28.4726355], [77.0505444, 28.4715879]]]}}, {"type": "Feature", "properties": {"osm_id": "way/28208819", "kind": "industrial", "name": "Sector 5", "lon": 77.31890441818182, "lat": 28.588279863636362, "area_km2": 0.5077}, "geometry": {"type": "Polygon", "coordinates": [[[77.3168258, 28.5892784], [77.3166832, 28.5890905], [77.3165903, 28.5888906], [77.3165827, 28.588689], [77.3166382, 28.5885144], [77.3184886, 28.5857141], [77.3194671, 28.5843107], [77.3195331, 28.584288], [77.3267694, 28.5895664], [77.3235444, 28.593458], [77.3168258, 28.5892784]]]}}, {"type": "Feature", "properties": {"osm_id": "way/28240487", "kind": "industrial", "name": "Sector 4", "lon": 77.32314794999999, "lat": 28.5833526375, "area_km2": 0.2471}, "geometry": {"type": "Polygon", "coordinates": [[[77.3195978, 28.5840264], [77.320932, 28.5819939], [77.3224693, 28.580358], [77.3264204, 28.5831524], [77.3264627, 28.5832282], [77.3264315, 28.5833388], [77.3232721, 28.586697], [77.3195978, 28.5840264]]]}}, {"type": "Feature", "properties": {"osm_id": "way/34404757", "kind": "hospital", "name": "Dr. Ram Manohar Lohia Hospital", "lon": 77.20093653333333, "lat": 28.625162583333335}, "geometry": {"type": "Point", "coordinates": [77.20093653333333, 28.625162583333335]}}, {"type": "Feature", "properties": {"osm_id": "way/34940753", "kind": "school", "name": "Ryan International School", "lon": 77.13819878888889, "lat": 28.53859164444445}, "geometry": {"type": "Point", "coordinates": [77.13819878888889, 28.53859164444445]}}, {"type": "Feature", "properties": {"osm_id": "way/34940768", "kind": "school", "name": "Delhi Public School", "lon": 77.064627, "lat": 28.44193902}, "geometry": {"type": "Point", "coordinates": [77.064627, 28.44193902]}}, {"type": "Feature", "properties": {"osm_id": "way/38106806", "kind": "hospital", "name": "Neelkanth Hospital Pvt. Ltd", "lon": 77.10765246666666, "lat": 28.483426316666666}, "geometry": {"type": "Point", "coordinates": [77.10765246666666, 28.483426316666666]}}, {"type": "Feature", "properties": {"osm_id": "way/38170365", "kind": "hospital", "name": "Fortis Hospital", "lon": 77.16032484, "lat": 28.519179459999997}, "geometry": {"type": "Point", "coordinates": [77.16032484, 28.519179459999997]}}, {"type": "Feature", "properties": {"osm_id": "way/40837967", "kind": "school", "name": "Mata Sukhdevi Public School", "lon": 77.14227654, "lat": 28.7751188}, "geometry": {"type": "Point", "coordinates": [77.14227654, 28.7751188]}}, {"type": "Feature", "properties": {"osm_id": "way/42310648", "kind": "school", "name": "iDiscovery School", "lon": 77.0568613, "lat": 28.43048792}, "geometry": {"type": "Point", "coordinates": [77.0568613, 28.43048792]}}, {"type": "Feature", "properties": {"osm_id": "way/42807043", "kind": "school", "name": "SD Adarsh Vidyalaya", "lon": 77.0397889, "lat": 28.42229775}, "geometry": {"type": "Point", "coordinates": [77.0397889, 28.42229775]}}, {"type": "Feature", "properties": {"osm_id": "way/43316275", "kind": "school", "name": "Modern School", "lon": 77.15718907142858, "lat": 28.562497814285713}, "geometry": {"type": "Point", "coordinates": [77.15718907142858, 28.562497814285713]}}, {"type": "Feature", "properties": {"osm_id": "way/43316796", "kind": "school", "name": "Government Boys Senior Secondary School", "lon": 77.21266987777778, "lat": 28.534162144444444}, "geometry": {"type": "Point", "coordinates": [77.21266987777778, 28.534162144444444]}}, {"type": "Feature", "properties": {"osm_id": "way/43361906", "kind": "school", "name": "The British School", "lon": 77.18017093076922, "lat": 28.59741286923077}, "geometry": {"type": "Point", "coordinates": [77.18017093076922, 28.59741286923077]}}, {"type": "Feature", "properties": {"osm_id": "way/44091823", "kind": "school", "name": "The Mother's International School", "lon": 77.20201226923076, "lat": 28.540187730769233}, "geometry": {"type": "Point", "coordinates": [77.20201226923076, 28.540187730769233]}}, {"type": "Feature", "properties": {"osm_id": "way/44091868", "kind": "school", "name": "Mother's International School", "lon": 77.20209890357144, "lat": 28.539987735714284}, "geometry": {"type": "Point", "coordinates": [77.20209890357144, 28.539987735714284]}}, {"type": "Feature", "properties": {"osm_id": "way/44316348", "kind": "hospital", "name": "Moolchand Khairati Ram Hospital", "lon": 77.23521702000001, "lat": 28.56632474}, "geometry": {"type": "Point", "coordinates": [77.23521702000001, 28.56632474]}}, {"type": "Feature", "properties": {"osm_id": "way/44350312", "kind": "industrial", "name": "Industrial", "lon": 77.00701605, "lat": 28.4558582125, "area_km2": 0.0552}, "geometry": {"type": "Polygon", "coordinates": [[[77.0042914, 28.4552689], [77.0083155, 28.4551481], [77.0085314, 28.4553594], [77.0084027, 28.4557745], [77.0081018, 28.4563085], [77.0080087, 28.4568577], [77.0061855, 28.4568797], [77.0042914, 28.4552689]]]}}, {"type": "Feature", "properties": {"osm_id": "way/45769377", "kind": "school", "name": "Amity Global School", "lon": 77.06299535, "lat": 28.434094275}, "geometry": {"type": "Point", "coordinates": [77.06299535, 28.434094275]}}, {"type": "Feature", "properties": {"osm_id": "way/47026629", "kind": "school", "name": "St. Mathews Public School", "lon": 77.10684065714285, "lat": 28.674021714285715}, "geometry": {"type": "Point", "coordinates": [77.10684065714285, 28.674021714285715]}}, {"type": "Feature", "properties": {"osm_id": "way/47107935", "kind": "school", "name": "Indraprasta School", "lon": 77.10283441428571, "lat": 28.673883514285713}, "geometry": {"type": "Point", "coordinates": [77.10283441428571, 28.673883514285713]}}, {"type": "Feature", "properties": {"osm_id": "way/47418857", "kind": "school", "name": "School", "lon": 76.99089738, "lat": 28.46221982}, "geometry": {"type": "Point", "coordinates": [76.99089738, 28.46221982]}}, {"type": "Feature", "properties": {"osm_id": "way/58472992", "kind": "school", "name": "Shaadi mandap", "lon": 77.04188236666667, "lat": 28.648338316666667}, "geometry": {"type": "Point", "coordinates": [77.04188236666667, 28.648338316666667]}}, {"type": "Feature", "properties": {"osm_id": "way/58763912", "kind": "hospital", "name": "Bensups Hospital", "lon": 77.0440833, "lat": 28.5928056}, "geometry": {"type": "Point", "coordinates": [77.0440833, 28.5928056]}}, {"type": "Feature", "properties": {"osm_id": "way/58765809", "kind": "school", "name": "Rotary Public School", "lon": 77.06212617999999, "lat": 28.501962839999997}, "geometry": {"type": "Point", "coordinates": [77.06212617999999, 28.501962839999997]}}, {"type": "Feature", "properties": {"osm_id": "way/59339757", "kind": "hospital", "name": "Sheetla Hospital And Eye Institute Private Ltd", "lon": 77.0255112, "lat": 28.468122975}, "geometry": {"type": "Point", "coordinates": [77.0255112, 28.468122975]}}, {"type": "Feature", "properties": {"osm_id": "way/60882617", "kind": "school", "name": "School", "lon": 77.03763260000001, "lat": 28.795202342857145}, "geometry": {"type": "Point", "coordinates": [77.03763260000001, 28.795202342857145]}}, {"type": "Feature", "properties": {"osm_id": "way/63522273", "kind": "hospital", "name": "Batra Hospital", "lon": 77.24531845714286, "lat": 28.513939714285716}, "geometry": {"type": "Point", "coordinates": [77.24531845714286, 28.513939714285716]}}, {"type": "Feature", "properties": {"osm_id": "way/68789829", "kind": "school", "name": "Amity School", "lon": 77.32874528181819, "lat": 28.556169936363634}, "geometry": {"type": "Point", "coordinates": [77.32874528181819, 28.556169936363634]}}, {"type": "Feature", "properties": {"osm_id": "way/69665341", "kind": "school", "name": "School", "lon": 77.33258586, "lat": 28.57298298}, "geometry": {"type": "Point", "coordinates": [77.33258586, 28.57298298]}}, {"type": "Feature", "properties": {"osm_id": "way/69979616", "kind": "school", "name": "Cambridge International School", "lon": 77.330087, "lat": 28.573849942857144}, "geometry": {"type": "Point", "coordinates": [77.330087, 28.573849942857144]}}, {"type": "Feature", "properties": {"osm_id": "way/69979618", "kind": "school", "name": "Cambrige School", "lon": 77.32823834444444, "lat": 28.572248311111114}, "geometry": {"type": "Point", "coordinates": [77.32823834444444, 28.572248311111114]}}, {"type": "Feature", "properties": {"osm_id": "way/69995778", "kind": "school", "name": "School", "lon": 77.34023685, "lat": 28.582160033333334}, "geometry": {"type": "Point", "coordinates": [77.34023685, 28.582160033333334]}}, {"type": "Feature", "properties": {"osm_id": "way/69995821", "kind": "school", "name": "Delhi Public School", "lon": 77.33595886666667, "lat": 28.574812433333335}, "geometry": {"type": "Point", "coordinates": [77.33595886666667, 28.574812433333335]}}, {"type": "Feature", "properties": {"osm_id": "way/70521056", "kind": "school", "name": "School", "lon": 77.32815578, "lat": 28.58287616}, "geometry": {"type": "Point", "coordinates": [77.32815578, 28.58287616]}}, {"type": "Feature", "properties": {"osm_id": "way/70521288", "kind": "school", "name": "Bal Bharti Public School", "lon": 77.3370899, "lat": 28.585334879999998}, "geometry": {"type": "Point", "coordinates": [77.3370899, 28.585334879999998]}}, {"type": "Feature", "properties": {"osm_id": "way/70534891", "kind": "industrial", "name": "AMPM Fashions Private Limited", "lon": 77.33220855, "lat": 28.590395233333336, "area_km2": 0.2945}, "geometry": {"type": "Polygon", "coordinates": [[[77.3315501, 28.5869736], [77.3282622, 28.5904271], [77.3327859, 28.5937831], [77.3329499, 28.5937759], [77.3361531, 28.5904381], [77.3315501, 28.5869736]]]}}, {"type": "Feature", "properties": {"osm_id": "way/70534913", "kind": "industrial", "name": "Ansumiti Technosoft Pvt Ltd", "lon": 77.31870407142857, "lat": 28.580448571428573, "area_km2": 0.2338}, "geometry": {"type": "Polygon", "coordinates": [[[77.3154312, 28.5808818], [77.3194631, 28.5839083], [77.3207897, 28.5818982], [77.3222788, 28.5802536], [77.3188778, 28.577661], [77.3186567, 28.5776553], [77.3154312, 28.5808818]]]}}, {"type": "Feature", "properties": {"osm_id": "way/70534966", "kind": "industrial", "name": "Sector 9", "lon": 77.32723468, "lat": 28.586164020000002, "area_km2": 0.2971}, "geometry": {"type": "Polygon", "coordinates": [[[77.3266481, 28.583398], [77.3234357, 28.5868413], [77.3280918, 28.5903187], [77.3313497, 28.5868641], [77.3266481, 28.583398]]]}}, {"type": "Feature", "properties": {"osm_id": "way/70705833", "kind": "school", "name": "Kendriya Vidyalaya", "lon": 77.34909388333334, "lat": 28.589762933333333}, "geometry": {"type": "Point", "coordinates": [77.34909388333334, 28.589762933333333]}}, {"type": "Feature", "properties": {"osm_id": "way/71209191", "kind": "school", "name": "Somerville School", "lon": 77.34944587999999, "lat": 28.594928579999998}, "geometry": {"type": "Point", "coordinates": [77.34944587999999, 28.594928579999998]}}, {"type": "Feature", "properties": {"osm_id": "way/71215837", "kind": "school", "name": "School", "lon": 77.34175764999999, "lat": 28.59549846666667}, "geometry": {"type": "Point", "coordinates": [77.34175764999999, 28.59549846666667]}}, {"type": "Feature", "properties": {"osm_id": "way/71215972", "kind": "school", "name": "School", "lon": 77.33531888, "lat": 28.59500768}, "geometry": {"type": "Point", "coordinates": [77.33531888, 28.59500768]}}, {"type": "Feature", "properties": {"osm_id": "way/71215974", "kind": "school", "name": "School", "lon": 77.33619612, "lat": 28.59184088}, "geometry": {"type": "Point", "coordinates": [77.33619612, 28.59184088]}}, {"type": "Feature", "properties": {"osm_id": "way/71221208", "kind": "school", "name": "Modern School", "lon": 77.33649005999999, "lat": 28.599694399999997}, "geometry": {"type": "Point", "coordinates": [77.33649005999999, 28.599694399999997]}}, {"type": "Feature", "properties": {"osm_id": "way/71221209", "kind": "industrial", "name": "Sector 11", "lon": 77.3348450125, "lat": 28.599634908333332, "area_km2": 0.6166}, "geometry": {"type": "Polygon", "coordinates": [[[77.3281959, 28.5993209], [77.3297187, 28.6004141], [77.3317118, 28.6010708], [77.3325852, 28.6012595], [77.3337945, 28.6014758], [77.33474, 28.6018953], [77.3355726, 28.601637], [77.3364505, 28.6017], [77.3367595, 28.6017393], [77.3374359, 28.6021207], [77.3379061, 28.602683], [77.3379477, 28.6027223], [77.3384391, 28.6031864], [77.3410234, 28.6003724], [77.3410593, 28.6002277], [77.3410521, 28.6000578], [77.3396834, 28.5990889], [77.3338848, 28.594808], [77.3331547, 28.5943282], [77.3330154, 28.5942238], [77.3328443, 28.5942371], [77.330978, 28.5962119], [77.3301315, 28.597136], [77.3281959, 28.5993209]]]}}, {"type": "Feature", "properties": {"osm_id": "way/71221233", "kind": "school", "name": "School", "lon": 77.34019423333334, "lat": 28.60068697777778}, "geometry": {"type": "Point", "coordinates": [77.34019423333334, 28.60068697777778]}}, {"type": "Feature", "properties": {"osm_id": "way/71295897", "kind": "industrial", "name": "Sector 8", "lon": 77.32537140625, "lat": 28.59677396875, "area_km2": 0.6299}, "geometry": {"type": "Polygon", "coordinates": [[[77.3203638, 28.5976062], [77.3212323, 28.5976895], [77.3218904, 28.5976426], [77.3225959, 28.5975281], [77.3245938, 28.5978925], [77.3249496, 28.5979038], [77.3258952, 28.5981814], [77.3264387, 28.5983634], [77.3267274, 28.5987077], [77.3271159, 28.5986704], [77.3280194, 28.5992305], [77.3326368, 28.5940869], [77.3326292, 28.5939103], [77.3269237, 28.5896876], [77.3235666, 28.5936764], [77.3203638, 28.5976062]]]}}, {"type": "Feature", "properties": {"osm_id": "way/71297383", "kind": "industrial", "name": "Sector 7", "lon": 77.31567906875, "lat": 28.59604176875, "area_km2": 0.2168}, "geometry": {"type": "Polygon", "coordinates": [[[77.3138657, 28.5924741], [77.3123663, 28.5946671], [77.3127438, 28.5951818], [77.3135581, 28.5958144], [77.3132309, 28.5963204], [77.3135321, 28.5965265], [77.3141668, 28.5966836], [77.3150004, 28.5969341], [77.3154695, 28.5969367], [77.3164679, 28.5968763], [77.3171201, 28.5968503], [77.3190735, 28.5972459], [77.3194945, 28.5974307], [77.3201259, 28.597553], [77.3207839, 28.5966993], [77.3138657, 28.5924741]]]}}, {"type": "Feature", "properties": {"osm_id": "way/71435176", "kind": "industrial", "name": "Sector 2", "lon": 77.31441603333333, "lat": 28.584830333333333, "area_km2": 0.3601}, "geometry": {"type": "Polygon", "coordinates": [[[77.3111674, 28.5860677], [77.3135218, 28.5828398], [77.3152382, 28.5810687], [77.3193025, 28.5840921], [77.3160989, 28.588846], [77.3111674, 28.5860677]]]}}, {"type": "Feature", "properties": {"osm_id": "way/71444961", "kind": "industrial", "name": "Sector 1", "lon": 77.31224747692308, "lat": 28.590254053846156, "area_km2": 0.2997}, "geometry": {"type": "Polygon", "coordinates": [[[77.311026, 28.5863032], [77.3089434, 28.5893591], [77.3105708, 28.591099], [77.3112007, 28.5919669], [77.311288, 28.5928187], [77.3115409, 28.5932143], [77.312111, 28.593844], [77.312327, 28.5944253], [77.3157889, 28.5892946], [77.3158394, 28.5890645], [77.3158027, 28.5889393], [77.3117524, 28.5866706], [77.311026, 28.5863032]]]}}, {"type": "Feature", "properties": {"osm_id": "way/71621522", "kind": "school", "name": "School", "lon": 77.34287185714287, "lat": 28.60183294285714}, "geometry": {"type": "Point", "coordinates": [77.34287185714287, 28.60183294285714]}}, {"type": "Feature", "properties": {"osm_id": "way/71621578", "kind": "school", "name": "School", "lon": 77.34428313999999, "lat": 28.6045639}, "geometry": {"type": "Point", "coordinates": [77.34428313999999, 28.6045639]}}, {"type": "Feature", "properties": {"osm_id": "way/72004862", "kind": "industrial", "name": "Industrial", "lon": 77.329680775, "lat": 28.65156782777778, "area_km2": 0.1952}, "geometry": {"type": "Polygon", "coordinates": [[[77.3337472, 28.6478213], [77.3326598, 28.6471773], [77.3302072, 28.650655], [77.3288313, 28.6499117], [77.3279609, 28.6499625], [77.3272719, 28.6499625], [77.327159, 28.6499563], [77.3268344, 28.6499872], [77.3266456, 28.6499852], [77.3260635, 28.6500476], [77.3264605, 28.6509114], [77.3262003, 28.6509961], [77.3264176, 28.6514869], [77.3261668, 28.6515599], [77.3282627, 28.6534946], [77.3288042, 28.6530311], [77.3287422, 28.6527445], [77.3291026, 28.6524777], [77.3291589, 28.6525024], [77.3294686, 28.6523246], [77.3298514, 28.6526951], [77.3299528, 28.6526853], [77.3305214, 28.6533276], [77.3303525, 28.653456], [77.3308142, 28.6539896], [77.3307016, 28.6541673], [77.3311812, 28.6545468], [77.3312744, 28.6544903], [77.3317812, 28.6550377], [77.3320866, 28.6544145], [77.3325322, 28.6534688], [77.3301156, 28.6519948], [77.3317255, 28.6499599], [77.3326989, 28.6486033], [77.333006, 28.6487877], [77.3337472, 28.6478213]]]}}, {"type": "Feature", "properties": {"osm_id": "way/74168430", "kind": "industrial", "name": "Industrial", "lon": 77.3364475642857, "lat": 28.655783385714283, "area_km2": 0.85}, "geometry": {"type": "Polygon", "coordinates": [[[77.3413497, 28.6530479], [77.3417584, 28.6525391], [77.3359801, 28.6491072], [77.3330869, 28.6529178], [77.3317947, 28.6554462], [77.3301996, 28.6575132], [77.3314609, 28.6586688], [77.3330498, 28.6597973], [77.3337361, 28.6602313], [77.3364998, 28.6617884], [77.3405574, 28.6568494], [77.3390378, 28.6558211], [77.340405, 28.6541918], [77.3413497, 28.6530479]]]}}, {"type": "Feature", "properties": {"osm_id": "way/76700057", "kind": "industrial", "name": "Industrial", "lon": 77.32398441333333, "lat": 28.65329662666667, "area_km2": 0.828}, "geometry": {"type": "Polygon", "coordinates": [[[77.3180257, 28.6457416], [77.3179384, 28.6458047], [77.3178393, 28.6458541], [77.3177621, 28.6459011], [77.3177395, 28.6459578], [77.3181506, 28.6466508], [77.319261, 28.6490689], [77.3200115, 28.6508373], [77.3203919, 28.651422], [77.3205077, 28.6523291], [77.3205624, 28.653168], [77.3204235, 28.6537371], [77.3207056, 28.6541141], [77.3208647, 28.6542142], [77.3208993, 28.654236], [77.3216349, 28.6548196], [77.3224353, 28.6554545], [77.323288, 28.6561289], [77.325119, 28.6575435], [77.3261436, 28.6583908], [77.3271479, 28.6591492], [77.3275237, 28.6594466], [77.3300294, 28.6613866], [77.3316065, 28.6626356], [77.3339227, 28.6644463], [77.335523, 28.6627927], [77.3362179, 28.6620583], [77.3325435, 28.6599427], [77.3311012, 28.6588202], [77.3297851, 28.657573], [77.3278216, 28.6554944], [77.3266004, 28.6542056], [77.326362, 28.6539339], [77.3256086, 28.6531868], [77.3249019, 28.6524609], [77.3245947, 28.6521453], [77.3242028, 28.651742], [77.3234366, 28.6509534], [77.3228418, 28.650279], [77.3222154, 28.6494151], [77.3219521, 28.6486344], [77.3218679, 28.6478075], [77.3218311, 28.6468558], [77.3219311, 28.6458672], [77.3180257, 28.6457416]]]}}, {"type": "Feature", "properties": {"osm_id": "way/76734524", "kind": "school", "name": "Sarvodaya Kanya Vidyalaya", "lon": 77.29757898181818, "lat": 28.631318281818185}, "geometry": {"type": "Point", "coordinates": [77.29757898181818, 28.631318281818185]}}, {"type": "Feature", "properties": {"osm_id": "way/76849193", "kind": "industrial", "name": "Industrial", "lon": 77.3008323875, "lat": 28.620578575, "area_km2": 0.0187}, "geometry": {"type": "Polygon", "coordinates": [[[77.3000377, 28.6210413], [77.30138, 28.6215178], [77.3018759, 28.6203617], [77.3018026, 28.6203394], [77.3006729, 28.6199923], [77.3004823, 28.620041], [77.30037, 28.6202938], [77.3000377, 28.6210413]]]}}, {"type": "Feature", "properties": {"osm_id": "way/76849246", "kind": "school", "name": "School", "lon": 77.30256703333333, "lat": 28.61874181666667}, "geometry": {"type": "Point", "coordinates": [77.30256703333333, 28.61874181666667]}}, {"type": "Feature", "properties": {"osm_id": "way/76849392", "kind": "school", "name": "School", "lon": 77.303225, "lat": 28.61746994}, "geometry": {"type": "Point", "coordinates": [77.303225, 28.61746994]}}, {"type": "Feature", "properties": {"osm_id": "way/76849406", "kind": "school", "name": "School", "lon": 77.31145341999999, "lat": 28.60934818}, "geometry": {"type": "Point", "coordinates": [77.31145341999999, 28.60934818]}}, {"type": "Feature", "properties": {"osm_id": "way/76965008", "kind": "school", "name": "School", "lon": 77.31484268, "lat": 28.61813754}, "geometry": {"type": "Point", "coordinates": [77.31484268, 28.61813754]}}, {"type": "Feature", "properties": {"osm_id": "way/76965009", "kind": "school", "name": "Government primary school", "lon": 77.30851374, "lat": 28.617975360000003}, "geometry": {"type": "Point", "coordinates": [77.30851374, 28.617975360000003]}}, {"type": "Feature", "properties": {"osm_id": "way/76965030", "kind": "school", "name": "School", "lon": 77.31333323999999, "lat": 28.614645460000002}, "geometry": {"type": "Point", "coordinates": [77.31333323999999, 28.614645460000002]}}, {"type": "Feature", "properties": {"osm_id": "way/76965083", "kind": "school", "name": "School", "lon": 77.31567692, "lat": 28.61534794}, "geometry": {"type": "Point", "coordinates": [77.31567692, 28.61534794]}}, {"type": "Feature", "properties": {"osm_id": "way/76977269", "kind": "school", "name": "School", "lon": 77.3075494, "lat": 28.6229086}, "geometry": {"type": "Point", "coordinates": [77.3075494, 28.6229086]}}, {"type": "Feature", "properties": {"osm_id": "way/76977318", "kind": "school", "name": "School", "lon": 77.31842794, "lat": 28.61913078}, "geometry": {"type": "Point", "coordinates": [77.31842794, 28.61913078]}}, {"type": "Feature", "properties": {"osm_id": "way/76977577", "kind": "school", "name": "School", "lon": 77.31701324000001, "lat": 28.6246582}, "geometry": {"type": "Point", "coordinates": [77.31701324000001, 28.6246582]}}, {"type": "Feature", "properties": {"osm_id": "way/76977620", "kind": "school", "name": "School", "lon": 77.31739474, "lat": 28.621799779999996}, "geometry": {"type": "Point", "coordinates": [77.31739474, 28.621799779999996]}}, {"type": "Feature", "properties": {"osm_id": "way/76995143", "kind": "school", "name": "School", "lon": 77.313617425, "lat": 28.6082093}, "geometry": {"type": "Point", "coordinates": [77.313617425, 28.6082093]}}, {"type": "Feature", "properties": {"osm_id": "way/77001172", "kind": "school", "name": "School", "lon": 77.30571688, "lat": 28.601687960000003}, "geometry": {"type": "Point", "coordinates": [77.30571688, 28.601687960000003]}}, {"type": "Feature", "properties": {"osm_id": "way/77001246", "kind": "school", "name": "Sharda Sen Rajkiya Kanya Sarvodaya Vidyalaya", "lon": 77.30754429999999, "lat": 28.605213759999998}, "geometry": {"type": "Point", "coordinates": [77.30754429999999, 28.605213759999998]}}, {"type": "Feature", "properties": {"osm_id": "way/77001373", "kind": "industrial", "name": "M.E.A. Stores", "lon": 77.30035256, "lat": 28.601425040000002, "area_km2": 0.2474}, "geometry": {"type": "Polygon", "coordinates": [[[77.2983006, 28.6020378], [77.2989364, 28.6030054], [77.2999139, 28.6043796], [77.3020092, 28.60333], [77.3022213, 28.6033639], [77.304053, 28.5986125], [77.3011029, 28.5977886], [77.3000498, 28.5983652], [77.2986379, 28.6013296], [77.2983006, 28.6020378]]]}}, {"type": "Feature", "properties": {"osm_id": "way/77001396", "kind": "school", "name": "School", "lon": 77.30606228, "lat": 28.60474858}, "geometry": {"type": "Point", "coordinates": [77.30606228, 28.60474858]}}, {"type": "Feature", "properties": {"osm_id": "way/77004707", "kind": "school", "name": "Govt Co - Ed Senior Secondary School", "lon": 77.2937135, "lat": 28.6001281}, "geometry": {"type": "Point", "coordinates": [77.2937135, 28.6001281]}}, {"type": "Feature", "properties": {"osm_id": "way/77007463", "kind": "school", "name": "School", "lon": 77.30207952, "lat": 28.60991426}, "geometry": {"type": "Point", "coordinates": [77.30207952, 28.60991426]}}, {"type": "Feature", "properties": {"osm_id": "way/77727870", "kind": "school", "name": "Maharaja Agrasen Model School", "lon": 77.13802806666666, "lat": 28.704901250000002}, "geometry": {"type": "Point", "coordinates": [77.13802806666666, 28.704901250000002]}}, {"type": "Feature", "properties": {"osm_id": "way/77967781", "kind": "school", "name": "School", "lon": 77.16531134, "lat": 28.68653414}, "geometry": {"type": "Point", "coordinates": [77.16531134, 28.68653414]}}, {"type": "Feature", "properties": {"osm_id": "way/77967787", "kind": "school", "name": "Montfort Senior secondary School", "lon": 77.16977410000001, "lat": 28.686961659999998}, "geometry": {"type": "Point", "coordinates": [77.16977410000001, 28.686961659999998]}}, {"type": "Feature", "properties": {"osm_id": "way/77967802", "kind": "school", "name": "Government Boys and Girls School", "lon": 77.16678896, "lat": 28.692217699999997}, "geometry": {"type": "Point", "coordinates": [77.16678896, 28.692217699999997]}}, {"type": "Feature", "properties": {"osm_id": "way/77967833", "kind": "school", "name": "Guru Angad Public School", "lon": 77.17096794, "lat": 28.689537819999998}, "geometry": {"type": "Point", "coordinates": [77.17096794, 28.689537819999998]}}, {"type": "Feature", "properties": {"osm_id": "way/78154548", "kind": "school", "name": "DAV Public School Ashok Vihar", "lon": 77.17363965714286, "lat": 28.6856649}, "geometry": {"type": "Point", "coordinates": [77.17363965714286, 28.6856649]}}, {"type": "Feature", "properties": {"osm_id": "way/78154758", "kind": "school", "name": "Sarvodaya Kanya Vidyalaya and Government School", "lon": 77.16971438333333, "lat": 28.68296975}, "geometry": {"type": "Point", "coordinates": [77.16971438333333, 28.68296975]}}, {"type": "Feature", "properties": {"osm_id": "way/78164543", "kind": "school", "name": "Kulachi Hansraj School Senior Wing", "lon": 77.1805847875, "lat": 28.6939760875}, "geometry": {"type": "Point", "coordinates": [77.1805847875, 28.6939760875]}}, {"type": "Feature", "properties": {"osm_id": "way/78164552", "kind": "school", "name": "Satyawati College", "lon": 77.18149366666665, "lat": 28.69587361111111}, "geometry": {"type": "Point", "coordinates": [77.18149366666665, 28.69587361111111]}}, {"type": "Feature", "properties": {"osm_id": "way/78164557", "kind": "school", "name": "School", "lon": 77.18410905, "lat": 28.683628116666668}, "geometry": {"type": "Point", "coordinates": [77.18410905, 28.683628116666668]}}, {"type": "Feature", "properties": {"osm_id": "way/78164568", "kind": "hospital", "name": "Nayati Sunder Lal Jain Hospital", "lon": 77.18120427142857, "lat": 28.69210927142857}, "geometry": {"type": "Point", "coordinates": [77.18120427142857, 28.69210927142857]}}, {"type": "Feature", "properties": {"osm_id": "way/78164685", "kind": "school", "name": "Mata Jai Kaur public School", "lon": 77.18016304, "lat": 28.69174572}, "geometry": {"type": "Point", "coordinates": [77.18016304, 28.69174572]}}, {"type": "Feature", "properties": {"osm_id": "way/78175838", "kind": "school", "name": "School", "lon": 77.18392389090909, "lat": 28.69678856363636}, "geometry": {"type": "Point", "coordinates": [77.18392389090909, 28.69678856363636]}}, {"type": "Feature", "properties": {"osm_id": "way/78180074", "kind": "school", "name": "School", "lon": 77.15721617142857, "lat": 28.70558822857143}, "geometry": {"type": "Point", "coordinates": [77.15721617142857, 28.70558822857143]}}, {"type": "Feature", "properties": {"osm_id": "way/78180267", "kind": "school", "name": "School", "lon": 77.15976266, "lat": 28.70573614}, "geometry": {"type": "Point", "coordinates": [77.15976266, 28.70573614]}}, {"type": "Feature", "properties": {"osm_id": "way/78187945", "kind": "school", "name": "School", "lon": 77.16475591999999, "lat": 28.70660534}, "geometry": {"type": "Point", "coordinates": [77.16475591999999, 28.70660534]}}, {"type": "Feature", "properties": {"osm_id": "way/78445739", "kind": "school", "name": "Modern Public School", "lon": 77.15701604, "lat": 28.70967472}, "geometry": {"type": "Point", "coordinates": [77.15701604, 28.70967472]}}, {"type": "Feature", "properties": {"osm_id": "way/78445769", "kind": "school", "name": "School", "lon": 77.15665264, "lat": 28.70827104}, "geometry": {"type": "Point", "coordinates": [77.15665264, 28.70827104]}}, {"type": "Feature", "properties": {"osm_id": "way/78449332", "kind": "school", "name": "Jaspal Kaur Public School", "lon": 77.15326594, "lat": 28.710665719999998}, "geometry": {"type": "Point", "coordinates": [77.15326594, 28.710665719999998]}}, {"type": "Feature", "properties": {"osm_id": "way/78449388", "kind": "school", "name": "Goodley Public School", "lon": 77.1560412, "lat": 28.71094998}, "geometry": {"type": "Point", "coordinates": [77.1560412, 28.71094998]}}, {"type": "Feature", "properties": {"osm_id": "way/78474966", "kind": "school", "name": "School", "lon": 77.1511354, "lat": 28.70485023333333}, "geometry": {"type": "Point", "coordinates": [77.1511354, 28.70485023333333]}}, {"type": "Feature", "properties": {"osm_id": "way/78474972", "kind": "school", "name": "School", "lon": 77.1520631, "lat": 28.70181846}, "geometry": {"type": "Point", "coordinates": [77.1520631, 28.70181846]}}, {"type": "Feature", "properties": {"osm_id": "way/78477044", "kind": "school", "name": "School", "lon": 77.14648588571428, "lat": 28.700413642857143}, "geometry": {"type": "Point", "coordinates": [77.14648588571428, 28.700413642857143]}}, {"type": "Feature", "properties": {"osm_id": "way/78480645", "kind": "school", "name": "School", "lon": 77.147677325, "lat": 28.69739945}, "geometry": {"type": "Point", "coordinates": [77.147677325, 28.69739945]}}, {"type": "Feature", "properties": {"osm_id": "way/78480652", "kind": "school", "name": "Darbari Lal DAV Model School", "lon": 77.14347282, "lat": 28.699373939999997}, "geometry": {"type": "Point", "coordinates": [77.14347282, 28.699373939999997]}}, {"type": "Feature", "properties": {"osm_id": "way/78482694", "kind": "school", "name": "School", "lon": 77.1405288, "lat": 28.7100759}, "geometry": {"type": "Point", "coordinates": [77.1405288, 28.7100759]}}, {"type": "Feature", "properties": {"osm_id": "way/78482807", "kind": "school", "name": "School", "lon": 77.13813028333334, "lat": 28.708918633333337}, "geometry": {"type": "Point", "coordinates": [77.13813028333334, 28.708918633333337]}}, {"type": "Feature", "properties": {"osm_id": "way/78482823", "kind": "school", "name": "School", "lon": 77.14034561666666, "lat": 28.7054535}, "geometry": {"type": "Point", "coordinates": [77.14034561666666, 28.7054535]}}, {"type": "Feature", "properties": {"osm_id": "way/78542394", "kind": "school", "name": "School", "lon": 77.1104440875, "lat": 28.7356449}, "geometry": {"type": "Point", "coordinates": [77.1104440875, 28.7356449]}}, {"type": "Feature", "properties": {"osm_id": "way/78542417", "kind": "school", "name": "Ryan International School", "lon": 77.10908995, "lat": 28.734363433333332}, "geometry": {"type": "Point", "coordinates": [77.10908995, 28.734363433333332]}}, {"type": "Feature", "properties": {"osm_id": "way/78542610", "kind": "industrial", "name": "Rithala Power Plant", "lon": 77.10197705555555, "lat": 28.732837788888887, "area_km2": 0.0259}, "geometry": {"type": "Polygon", "coordinates": [[[77.1027468, 28.7334751], [77.1022154, 28.7328781], [77.102165, 28.732737], [77.1020796, 28.732721], [77.1018549, 28.7320524], [77.1016233, 28.7318266], [77.1008232, 28.7320528], [77.1015385, 28.734322], [77.1027468, 28.7334751]]]}}, {"type": "Feature", "properties": {"osm_id": "way/78555801", "kind": "school", "name": "School", "lon": 77.11491201999999, "lat": 28.73045776}, "geometry": {"type": "Point", "coordinates": [77.11491201999999, 28.73045776]}}, {"type": "Feature", "properties": {"osm_id": "way/78555972", "kind": "school", "name": "School", "lon": 77.11193501666666, "lat": 28.73280758333333}, "geometry": {"type": "Point", "coordinates": [77.11193501666666, 28.73280758333333]}}, {"type": "Feature", "properties": {"osm_id": "way/78563271", "kind": "hospital", "name": "ESI Hospital, Rohini", "lon": 77.12569548, "lat": 28.72813046}, "geometry": {"type": "Point", "coordinates": [77.12569548, 28.72813046]}}, {"type": "Feature", "properties": {"osm_id": "way/78595519", "kind": "school", "name": "St Margaret Senior Secondary School", "lon": 77.1352636, "lat": 28.714145480000003}, "geometry": {"type": "Point", "coordinates": [77.1352636, 28.714145480000003]}}, {"type": "Feature", "properties": {"osm_id": "way/78595575", "kind": "school", "name": "CRPF Public School", "lon": 77.13225948, "lat": 28.71047162}, "geometry": {"type": "Point", "coordinates": [77.13225948, 28.71047162]}}, {"type": "Feature", "properties": {"osm_id": "way/78595581", "kind": "school", "name": "D Block Govt School", "lon": 77.13749131666667, "lat": 28.716068733333334}, "geometry": {"type": "Point", "coordinates": [77.13749131666667, 28.716068733333334]}}, {"type": "Feature", "properties": {"osm_id": "way/78595605", "kind": "school", "name": "B Block Govt School", "lon": 77.13342064, "lat": 28.71292244}, "geometry": {"type": "Point", "coordinates": [77.13342064, 28.71292244]}}, {"type": "Feature", "properties": {"osm_id": "way/78595621", "kind": "school", "name": "Lancer's Convent", "lon": 77.13387412, "lat": 28.70935804}, "geometry": {"type": "Point", "coordinates": [77.13387412, 28.70935804]}}, {"type": "Feature", "properties": {"osm_id": "way/78601252", "kind": "school", "name": "School", "lon": 77.13153878, "lat": 28.730725619999998}, "geometry": {"type": "Point", "coordinates": [77.13153878, 28.730725619999998]}}, {"type": "Feature", "properties": {"osm_id": "way/78601351", "kind": "school", "name": "School", "lon": 77.1310492, "lat": 28.734863999999998}, "geometry": {"type": "Point", "coordinates": [77.1310492, 28.734863999999998]}}, {"type": "Feature", "properties": {"osm_id": "way/78601420", "kind": "school", "name": "School", "lon": 77.13051751428573, "lat": 28.72934162857143}, "geometry": {"type": "Point", "coordinates": [77.13051751428573, 28.72934162857143]}}, {"type": "Feature", "properties": {"osm_id": "way/78601444", "kind": "school", "name": "School", "lon": 77.13103324, "lat": 28.729232239999998}, "geometry": {"type": "Point", "coordinates": [77.13103324, 28.729232239999998]}}, {"type": "Feature", "properties": {"osm_id": "way/78601484", "kind": "school", "name": "Vidya Bharti School", "lon": 77.1290764, "lat": 28.733123060000004}, "geometry": {"type": "Point", "coordinates": [77.1290764, 28.733123060000004]}}, {"type": "Feature", "properties": {"osm_id": "way/78601512", "kind": "school", "name": "St Angel's School", "lon": 77.12896129999999, "lat": 28.729863820000002}, "geometry": {"type": "Point", "coordinates": [77.12896129999999, 28.729863820000002]}}, {"type": "Feature", "properties": {"osm_id": "way/78755705", "kind": "school", "name": "School", "lon": 77.17849668, "lat": 28.71545389}, "geometry": {"type": "Point", "coordinates": [77.17849668, 28.71545389]}}, {"type": "Feature", "properties": {"osm_id": "way/78755824", "kind": "school", "name": "School", "lon": 77.17272474285714, "lat": 28.720935785714286}, "geometry": {"type": "Point", "coordinates": [77.17272474285714, 28.720935785714286]}}, {"type": "Feature", "properties": {"osm_id": "way/78786214", "kind": "school", "name": "MCD Primary School", "lon": 77.1683976, "lat": 28.733961933333333}, "geometry": {"type": "Point", "coordinates": [77.1683976, 28.733961933333333]}}, {"type": "Feature", "properties": {"osm_id": "way/78786253", "kind": "school", "name": "Rani Chenamma Sarvodaya Kanya Vidyalaya", "lon": 77.17329917142857, "lat": 28.728162942857143}, "geometry": {"type": "Point", "coordinates": [77.17329917142857, 28.728162942857143]}}, {"type": "Feature", "properties": {"osm_id": "way/78786325", "kind": "school", "name": "School", "lon": 77.16219334285714, "lat": 28.730273685714284}, "geometry": {"type": "Point", "coordinates": [77.16219334285714, 28.730273685714284]}}, {"type": "Feature", "properties": {"osm_id": "way/78786549", "kind": "hospital", "name": "Babu Jagjivan Ram Memorial Hospital", "lon": 77.172441, "lat": 28.73444987}, "geometry": {"type": "Point", "coordinates": [77.172441, 28.73444987]}}, {"type": "Feature", "properties": {"osm_id": "way/78799847", "kind": "industrial", "name": "Wastewater Treatment Plant", "lon": 77.18653322, "lat": 28.727771208, "area_km2": 0.1615}, "geometry": {"type": "Polygon", "coordinates": [[[77.1880899, 28.7261243], [77.1874174, 28.7262139], [77.1870688, 28.7262445], [77.1866645, 28.7262915], [77.1861836, 28.7263057], [77.1855955, 28.7262962], [77.1851442, 28.7262271], [77.1830293, 28.7257071], [77.1833783, 28.7301902], [77.1838086, 28.7301586], [77.1839708, 28.7293986], [77.1850222, 28.7288247], [77.1851081, 28.7288624], [77.1864009, 28.7285001], [77.1868837, 28.7288435], [77.1870446, 28.7287777], [77.1873236, 28.7290693], [77.1876081, 28.7292232], [77.1879727, 28.7289094], [77.1882062, 28.7285666], [77.1883321, 28.7282696], [77.188416, 28.7278611], [77.1883804, 28.7270395], [77.1881911, 28.7262511], [77.1880899, 28.7261243]]]}}, {"type": "Feature", "properties": {"osm_id": "way/78881660", "kind": "school", "name": "Vikas Bharti", "lon": 77.08830316000001, "lat": 28.727881439999997}, "geometry": {"type": "Point", "coordinates": [77.08830316000001, 28.727881439999997]}}, {"type": "Feature", "properties": {"osm_id": "way/78881684", "kind": "school", "name": "Prince Public School", "lon": 77.08410033999999, "lat": 28.72851136}, "geometry": {"type": "Point", "coordinates": [77.08410033999999, 28.72851136]}}, {"type": "Feature", "properties": {"osm_id": "way/78881686", "kind": "school", "name": "The Heritage School", "lon": 77.08259002, "lat": 28.7213926}, "geometry": {"type": "Point", "coordinates": [77.08259002, 28.7213926]}}, {"type": "Feature", "properties": {"osm_id": "way/78881746", "kind": "school", "name": "Maxfort School Rohini", "lon": 77.08046666, "lat": 28.722406380000002}, "geometry": {"type": "Point", "coordinates": [77.08046666, 28.722406380000002]}}, {"type": "Feature", "properties": {"osm_id": "way/78881751", "kind": "school", "name": "Delhi Public School", "lon": 77.08702017142858, "lat": 28.726372185714286}, "geometry": {"type": "Point", "coordinates": [77.08702017142858, 28.726372185714286]}}, {"type": "Feature", "properties": {"osm_id": "way/78881831", "kind": "school", "name": "Indian Convent School", "lon": 77.08491014, "lat": 28.72600582}, "geometry": {"type": "Point", "coordinates": [77.08491014, 28.72600582]}}, {"type": "Feature", "properties": {"osm_id": "way/80418136", "kind": "school", "name": "School", "lon": 77.22694868333333, "lat": 28.643471316666666}, "geometry": {"type": "Point", "coordinates": [77.22694868333333, 28.643471316666666]}}, {"type": "Feature", "properties": {"osm_id": "way/80508232", "kind": "hospital", "name": "Escorts Heart Institute", "lon": 77.2736915, "lat": 28.560213670000003}, "geometry": {"type": "Point", "coordinates": [77.2736915, 28.560213670000003]}}, {"type": "Feature", "properties": {"osm_id": "way/80508236", "kind": "hospital", "name": "Holy Family Hospital", "lon": 77.27534782857143, "lat": 28.56210112857143}, "geometry": {"type": "Point", "coordinates": [77.27534782857143, 28.56210112857143]}}, {"type": "Feature", "properties": {"osm_id": "way/80511305", "kind": "industrial", "name": "Sewage Treatment Plant - Okhla", "lon": 77.283550162, "lat": 28.548502398, "area_km2": 1.296}, "geometry": {"type": "Polygon", "coordinates": [[[77.2775206, 28.5503241], [77.2779275, 28.5504829], [77.2775206, 28.5522886], [77.2770249, 28.5525289], [77.2758142, 28.5528078], [77.2769375, 28.5533549], [77.2780483, 28.5536295], [77.2789979, 28.5513914], [77.2813961, 28.5521473], [77.2816785, 28.5522302], [77.2828775, 28.5528168], [77.2829885, 28.5527129], [77.2851417, 28.5536616], [77.2852446, 28.5537069], [77.2853022, 28.5537323], [77.2858982, 28.5537168], [77.2867726, 28.5534171], [77.2880273, 28.5536192], [77.2885863, 28.5538167], [77.2890929, 28.5539939], [77.2911023, 28.5534844], [77.2888647, 28.5512675], [77.2875746, 28.5507666], [77.2880816, 28.5497725], [77.2883766, 28.5491839], [77.2879351, 28.5481351], [77.290437, 28.5436527], [77.2902613, 28.5435686], [77.2903349, 28.5434547], [77.2908082, 28.5426471], [77.2899389, 28.5422763], [77.288728, 28.5417621], [77.2851871, 28.5402659], [77.2850308, 28.5405983], [77.2848568, 28.5409684], [77.2842527, 28.5432569], [77.2842386, 28.5433103], [77.2841045, 28.5438181], [77.2840945, 28.5438562], [77.2835056, 28.5435906], [77.2830121, 28.5437863], [77.2817931, 28.5432364], [77.2806562, 28.5427236], [77.279128, 28.544933], [77.2779023, 28.5469466], [77.2759094, 28.5492471], [77.2764168, 28.5495115], [77.2768141, 28.5489802], [77.2778438, 28.5494151], [77.2775206, 28.5503241]]]}}, {"type": "Feature", "properties": {"osm_id": "way/80511312", "kind": "industrial", "name": "Tughlakabad Inland Container Depot", "lon": 77.28811081363637, "lat": 28.507537406818184, "area_km2": 0.4718}, "geometry": {"type": "Polygon", "coordinates": [[[77.2882326, 28.5053983], [77.2880563, 28.504966], [77.2872951, 28.5041587], [77.2871619, 28.5036216], [77.2874297, 28.5025826], [77.290485, 28.5022212], [77.2904434, 28.5018874], [77.286935, 28.5023443], [77.2866913, 28.5024149], [77.2864254, 28.5024271], [77.2863562, 28.5037609], [77.2864594, 28.5038242], [77.2871732, 28.5042622], [77.2876524, 28.5048926], [77.2879242, 28.5054786], [77.2880286, 28.5058168], [77.2877583, 28.5061731], [77.2873829, 28.5058696], [77.2862416, 28.5067207], [77.2866921, 28.5069648], [77.2868197, 28.5072222], [77.2864312, 28.5071743], [77.2860745, 28.5072485], [77.2860539, 28.5073529], [77.2859914, 28.5075821], [77.2858967, 28.5114105], [77.2856959, 28.5161098], [77.2856897, 28.5162544], [77.2878202, 28.5161967], [77.2879919, 28.5147156], [77.2881089, 28.5140766], [77.2886941, 28.512938], [77.2893043, 28.5123871], [77.2900316, 28.5121153], [77.2911433, 28.5117554], [77.2917034, 28.5114396], [77.2921368, 28.5099514], [77.2923865, 28.5078162], [77.2916675, 28.5077207], [77.2916007, 28.5079631], [77.2895359, 28.5078308], [77.2884659, 28.506964], [77.2885746, 28.5062368], [77.2882326, 28.5053983]]]}}, {"type": "Feature", "properties": {"osm_id": "way/80940708", "kind": "hospital", "name": "Northern Railway Hospital", "lon": 77.2197174625, "lat": 28.6622943125}, "geometry": {"type": "Point", "coordinates": [77.2197174625, 28.6622943125]}}, {"type": "Feature", "properties": {"osm_id": "way/81352243", "kind": "school", "name": "Sanskriti School", "lon": 77.17681895555556, "lat": 28.58895711111111}, "geometry": {"type": "Point", "coordinates": [77.17681895555556, 28.58895711111111]}}, {"type": "Feature", "properties": {"osm_id": "way/81352249", "kind": "school", "name": "School", "lon": 77.19871725555555, "lat": 28.58526666666667}, "geometry": {"type": "Point", "coordinates": [77.19871725555555, 28.58526666666667]}}, {"type": "Feature", "properties": {"osm_id": "way/89955743", "kind": "school", "name": "SDMC Pratibha School", "lon": 77.25086613333333, "lat": 28.543280566666667}, "geometry": {"type": "Point", "coordinates": [77.25086613333333, 28.543280566666667]}}, {"type": "Feature", "properties": {"osm_id": "way/89955789", "kind": "school", "name": "M.C.D. Primary School C.R. Park", "lon": 77.24501083333332, "lat": 28.5430731}, "geometry": {"type": "Point", "coordinates": [77.24501083333332, 28.5430731]}}, {"type": "Feature", "properties": {"osm_id": "way/89955837", "kind": "school", "name": "Shyama Prasad Mukherjee Sarvodaya (Coeducational) Vidyalaya", "lon": 77.24523320555555, "lat": 28.54133141666667}, "geometry": {"type": "Point", "coordinates": [77.24523320555555, 28.54133141666667]}}, {"type": "Feature", "properties": {"osm_id": "way/89956563", "kind": "school", "name": "School", "lon": 77.25232528181817, "lat": 28.538542845454547}, "geometry": {"type": "Point", "coordinates": [77.25232528181817, 28.538542845454547]}}, {"type": "Feature", "properties": {"osm_id": "way/127245642", "kind": "hospital", "name": "World Laparoscopy Hospital", "lon": 77.09164602000001, "lat": 28.494601080000002}, "geometry": {"type": "Point", "coordinates": [77.09164602000001, 28.494601080000002]}}, {"type": "Feature", "properties": {"osm_id": "way/130001856", "kind": "industrial", "name": "Sanden Vikas Ltd.", "lon": 77.30665841999999, "lat": 28.43745677, "area_km2": 0.0303}, "geometry": {"type": "Polygon", "coordinates": [[[77.3055991, 28.4378122], [77.3056627, 28.4367115], [77.3077666, 28.436747], [77.3085617, 28.436789], [77.3085034, 28.4376394], [77.3069636, 28.4376592], [77.3061557, 28.4377945], [77.3060846, 28.437801], [77.3056877, 28.4378017], [77.3055991, 28.4378122]]]}}, {"type": "Feature", "properties": {"osm_id": "way/133485167", "kind": "school", "name": "DPS Infant Wing (Sec-40)", "lon": 77.05250099999999, "lat": 28.45002242}, "geometry": {"type": "Point", "coordinates": [77.05250099999999, 28.45002242]}}, {"type": "Feature", "properties": {"osm_id": "way/134496049", "kind": "school", "name": "M.L. Khanna D.A.V. Public School", "lon": 77.06519748888888, "lat": 28.589497755555556}, "geometry": {"type": "Point", "coordinates": [77.06519748888888, 28.589497755555556]}}, {"type": "Feature", "properties": {"osm_id": "way/137191065", "kind": "industrial", "name": "Imperial Auto", "lon": 77.3052074, "lat": 28.412821315384615, "area_km2": 0.0067}, "geometry": {"type": "Polygon", "coordinates": [[[77.3055604, 28.4131394], [77.3055717, 28.412746], [77.3056187, 28.4127471], [77.3056301, 28.4123527], [77.3050946, 28.4123295], [77.3047693, 28.4123186], [77.3047673, 28.4127025], [77.3047584, 28.4130127], [77.3048856, 28.4130155], [77.3050924, 28.4130201], [77.3051952, 28.4130224], [77.3051921, 28.4131312], [77.3055604, 28.4131394]]]}}, {"type": "Feature", "properties": {"osm_id": "way/138946150", "kind": "school", "name": "School", "lon": 77.21044569090908, "lat": 28.625311727272727}, "geometry": {"type": "Point", "coordinates": [77.21044569090908, 28.625311727272727]}}, {"type": "Feature", "properties": {"osm_id": "way/139071683", "kind": "industrial", "name": "Pragati-I Combined Cycle Gas Power Station", "lon": 77.25277924285714, "lat": 28.6177145, "area_km2": 0.1604}, "geometry": {"type": "Polygon", "coordinates": [[[77.2541211, 28.6196589], [77.254143, 28.6182718], [77.2535732, 28.6161622], [77.253887, 28.6142484], [77.2511535, 28.6137336], [77.2507524, 28.6152588], [77.2514181, 28.6154023], [77.2511261, 28.6178526], [77.2517334, 28.6188573], [77.2519871, 28.6197958], [77.2533998, 28.619586], [77.2534561, 28.6197697], [77.2540375, 28.6197467], [77.2541211, 28.6196589]]]}}, {"type": "Feature", "properties": {"osm_id": "way/139071684", "kind": "industrial", "name": "Industrial", "lon": 77.26505379999999, "lat": 28.587496344444446, "area_km2": 0.1573}, "geometry": {"type": "Polygon", "coordinates": [[[77.2632445, 28.5857404], [77.2629537, 28.5880897], [77.2638727, 28.5883144], [77.2634772, 28.5892439], [77.2661061, 28.5899895], [77.2684326, 28.5871704], [77.2676396, 28.5867639], [77.2665133, 28.5864145], [77.2632445, 28.5857404]]]}}, {"type": "Feature", "properties": {"osm_id": "way/139071685", "kind": "industrial", "name": "Indraprastha Gas Turbine Power Station", "lon": 77.2502995, "lat": 28.619074036363635, "area_km2": 0.043}, "geometry": {"type": "Polygon", "coordinates": [[[77.2490657, 28.6203115], [77.2498291, 28.6178651], [77.2502138, 28.6179589], [77.2503559, 28.617665], [77.2506103, 28.6179473], [77.2509347, 28.6183358], [77.251266, 28.6192367], [77.2513667, 28.6197343], [77.2513557, 28.6200438], [77.2492309, 28.6204045], [77.2490657, 28.6203115]]]}}, {"type": "Feature", "properties": {"osm_id": "way/139071814", "kind": "industrial", "name": "Industrial", "lon": 77.24995628, "lat": 28.6243667, "area_km2": 0.267}, "geometry": {"type": "Polygon", "coordinates": [[[77.2485953, 28.6210074], [77.2515657, 28.6204965], [77.2521486, 28.6203766], [77.2521995, 28.6212631], [77.2513423, 28.6249822], [77.2514023, 28.6257196], [77.2518414, 28.627835], [77.250806, 28.6278201], [77.2501592, 28.6272603], [77.2490658, 28.627216], [77.2481752, 28.6268294], [77.2474538, 28.6261887], [77.2481836, 28.6238199], [77.2478102, 28.6236783], [77.2485953, 28.6210074]]]}}, {"type": "Feature", "properties": {"osm_id": "way/143671274", "kind": "industrial", "name": "Industrial", "lon": 77.07779088888888, "lat": 28.496323444444442, "area_km2": 0.0988}, "geometry": {"type": "Polygon", "coordinates": [[[77.0773423, 28.492886], [77.078464, 28.4929155], [77.0786572, 28.4929194], [77.0787281, 28.499084], [77.0778657, 28.4990652], [77.0774218, 28.4990557], [77.0772044, 28.4990508], [77.0770922, 28.4990484], [77.0773423, 28.492886]]]}}, {"type": "Feature", "properties": {"osm_id": "way/143735235", "kind": "school", "name": "AVN Secondary School", "lon": 77.31409108, "lat": 28.423465779999997}, "geometry": {"type": "Point", "coordinates": [77.31409108, 28.423465779999997]}}, {"type": "Feature", "properties": {"osm_id": "way/143735238", "kind": "school", "name": "Delhi Public School", "lon": 77.31179267142856, "lat": 28.419756628571427}, "geometry": {"type": "Point", "coordinates": [77.31179267142856, 28.419756628571427]}}, {"type": "Feature", "properties": {"osm_id": "way/143933242", "kind": "industrial", "name": "Ice factory", "lon": 77.31444826250001, "lat": 28.4184667125, "area_km2": 0.004}, "geometry": {"type": "Polygon", "coordinates": [[[77.3147983, 28.4187268], [77.314341, 28.4187123], [77.3141256, 28.4186365], [77.3138472, 28.4183771], [77.3143012, 28.418246], [77.3146094, 28.4181643], [77.3147651, 28.4181439], [77.3147983, 28.4187268]]]}}, {"type": "Feature", "properties": {"osm_id": "way/144210631", "kind": "school", "name": "Hommerton Grammar High School", "lon": 77.29990901428572, "lat": 28.424243257142855}, "geometry": {"type": "Point", "coordinates": [77.29990901428572, 28.424243257142855]}}, {"type": "Feature", "properties": {"osm_id": "way/147110696", "kind": "hospital", "name": "Shamsi Clinic", "lon": 77.21403798, "lat": 28.53032114}, "geometry": {"type": "Point", "coordinates": [77.21403798, 28.53032114]}}, {"type": "Feature", "properties": {"osm_id": "way/149510412", "kind": "school", "name": "SKV Raja Ram Mohan Roy School", "lon": 77.2131227875, "lat": 28.53061724375}, "geometry": {"type": "Point", "coordinates": [77.2131227875, 28.53061724375]}}, {"type": "Feature", "properties": {"osm_id": "way/150520027", "kind": "hospital", "name": "MAX Hospital", "lon": 77.2115157, "lat": 28.5277394}, "geometry": {"type": "Point", "coordinates": [77.2115157, 28.5277394]}}, {"type": "Feature", "properties": {"osm_id": "way/150528513", "kind": "industrial", "name": "Industrial", "lon": 77.10726919130435, "lat": 28.875317604347828, "area_km2": 2.4017}, "geometry": {"type": "Polygon", "coordinates": [[[77.1141475, 28.8684433], [77.1113114, 28.8738695], [77.1214339, 28.8736488], [77.1173177, 28.8839654], [77.1144826, 28.8822552], [77.1108074, 28.8824391], [77.1081822, 28.883285], [77.1082242, 28.8812254], [77.104486, 28.8812438], [77.104444, 28.8830827], [77.0995507, 28.8831379], [77.0997187, 28.8739063], [77.0981226, 28.8739247], [77.0981226, 28.872619], [77.1013262, 28.8726315], [77.1020259, 28.8726193], [77.106388, 28.8725477], [77.1066245, 28.8718378], [77.1053454, 28.8706494], [77.1044206, 28.8694853], [77.1072017, 28.8687509], [77.1093601, 28.8682936], [77.1141475, 28.8684433]]]}}, {"type": "Feature", "properties": {"osm_id": "way/150532645", "kind": "industrial", "name": "Industrial", "lon": 77.02225945526315, "lat": 28.675454828947366, "area_km2": 0.9248}, "geometry": {"type": "Polygon", "coordinates": [[[77.0240175, 28.6824714], [77.0235972, 28.6798062], [77.0253932, 28.6791189], [77.0249728, 28.6764704], [77.0305328, 28.6763363], [77.0306283, 28.673738], [77.0288323, 28.6737045], [77.0286983, 28.6724696], [77.0269026, 28.6725143], [77.026807, 28.6732351], [77.0239602, 28.6732016], [77.0238264, 28.6727155], [77.0228711, 28.6727155], [77.0221833, 28.6716091], [77.0209103, 28.6719909], [77.0208858, 28.6723184], [77.0212807, 28.672287], [77.0212934, 28.6725355], [77.0215393, 28.6725637], [77.0215391, 28.672836], [77.0217648, 28.672828], [77.0217682, 28.6731843], [77.021763, 28.6734945], [77.0218057, 28.6741831], [77.0222891, 28.674167], [77.0225213, 28.6741593], [77.0224959, 28.6750061], [77.0214634, 28.6750032], [77.0214917, 28.6755106], [77.0170827, 28.6756932], [77.0169964, 28.677375], [77.0163628, 28.677567], [77.0162422, 28.6776035], [77.0162337, 28.6792947], [77.0151713, 28.679301], [77.0176337, 28.6827939], [77.0180843, 28.6830098], [77.0240175, 28.6824714]]]}}, {"type": "Feature", "properties": {"osm_id": "way/150880987", "kind": "school", "name": "Modern Convent School", "lon": 77.05118056923077, "lat": 28.60312846923077}, "geometry": {"type": "Point", "coordinates": [77.05118056923077, 28.60312846923077]}}, {"type": "Feature", "properties": {"osm_id": "way/150881520", "kind": "school", "name": "S.D.M.C. Primary School", "lon": 77.0491002, "lat": 28.6045859}, "geometry": {"type": "Point", "coordinates": [77.0491002, 28.6045859]}}, {"type": "Feature", "properties": {"osm_id": "way/150881783", "kind": "school", "name": "School", "lon": 77.04810121, "lat": 28.606403719999996}, "geometry": {"type": "Point", "coordinates": [77.04810121, 28.606403719999996]}}, {"type": "Feature", "properties": {"osm_id": "way/150882113", "kind": "school", "name": "Jinwani Public School", "lon": 77.04978572, "lat": 28.60018978}, "geometry": {"type": "Point", "coordinates": [77.04978572, 28.60018978]}}, {"type": "Feature", "properties": {"osm_id": "way/151571787", "kind": "school", "name": "Nursery Play School", "lon": 77.04512632, "lat": 28.60231108}, "geometry": {"type": "Point", "coordinates": [77.04512632, 28.60231108]}}, {"type": "Feature", "properties": {"osm_id": "way/151571822", "kind": "school", "name": "NK Bagrodia School", "lon": 77.04652715, "lat": 28.60225355}, "geometry": {"type": "Point", "coordinates": [77.04652715, 28.60225355]}}, {"type": "Feature", "properties": {"osm_id": "way/153161690", "kind": "school", "name": "Kumar Mangalam School", "lon": 77.24823142857143, "lat": 28.53243602857143}, "geometry": {"type": "Point", "coordinates": [77.24823142857143, 28.53243602857143]}}, {"type": "Feature", "properties": {"osm_id": "way/153161693", "kind": "school", "name": "School", "lon": 77.24858019, "lat": 28.536162339999997}, "geometry": {"type": "Point", "coordinates": [77.24858019, 28.536162339999997]}}, {"type": "Feature", "properties": {"osm_id": "way/153965502", "kind": "industrial", "name": "Seemapuri Depot", "lon": 77.33067565714285, "lat": 28.684996571428574, "area_km2": 0.0321}, "geometry": {"type": "Polygon", "coordinates": [[[77.3295416, 28.685611], [77.3307175, 28.686215], [77.330771, 28.685935], [77.3309054, 28.6859842], [77.3317479, 28.6828957], [77.3315046, 28.6827241], [77.3295416, 28.685611]]]}}, {"type": "Feature", "properties": {"osm_id": "way/153965563", "kind": "industrial", "name": "Industrial", "lon": 77.11854422380952, "lat": 28.684071004761904, "area_km2": 1.2509}, "geometry": {"type": "Polygon", "coordinates": [[[77.1233513, 28.6845381], [77.1235274, 28.6843305], [77.1240942, 28.6841277], [77.1274619, 28.6838284], [77.1272312, 28.6814729], [77.1246138, 28.6825465], [77.1243959, 28.6821362], [77.1224257, 28.6822348], [77.1224335, 28.6824737], [77.115624, 28.6829994], [77.1154685, 28.6828629], [77.1139997, 28.6829737], [77.1139569, 28.6817633], [77.1019818, 28.6830063], [77.1025888, 28.686099], [77.1026186, 28.6884583], [77.111179, 28.6881169], [77.1226578, 28.6864238], [77.1232415, 28.6858094], [77.1232259, 28.6847512], [77.1233513, 28.6845381]]]}}, {"type": "Feature", "properties": {"osm_id": "way/153965565", "kind": "industrial", "name": "Industrial", "lon": 77.12777267407408, "lat": 28.677341537037037, "area_km2": 0.4708}, "geometry": {"type": "Polygon", "coordinates": [[[77.1174466, 28.680447], [77.1172308, 28.6804863], [77.1181205, 28.6786936], [77.1188689, 28.6780466], [77.1190335, 28.6779813], [77.1188076, 28.6769035], [77.1187694, 28.6767212], [77.1188738, 28.6767071], [77.1194809, 28.6766688], [77.121098, 28.6764058], [77.1349497, 28.6745295], [77.1370161, 28.6745171], [77.1372197, 28.6759848], [77.1385239, 28.6758592], [77.1385294, 28.6760379], [77.1394869, 28.6759655], [77.1394243, 28.676299], [77.132646, 28.6769476], [77.132646, 28.6770842], [77.1343347, 28.6774802], [77.13579, 28.6781288], [77.1361791, 28.6789072], [77.1324359, 28.6773368], [77.13193, 28.6772958], [77.1228061, 28.6780906], [77.1207678, 28.6782491], [77.1174466, 28.680447]]]}}, {"type": "Feature", "properties": {"osm_id": "way/154160586", "kind": "school", "name": "Queens Valley School", "lon": 77.071664375, "lat": 28.578250125}, "geometry": {"type": "Point", "coordinates": [77.071664375, 28.578250125]}}, {"type": "Feature", "properties": {"osm_id": "way/154198334", "kind": "hospital", "name": "Shree Balaji Action Medical Hospital", "lon": 77.11065887142857, "lat": 28.674094885714286}, "geometry": {"type": "Point", "coordinates": [77.11065887142857, 28.674094885714286]}}, {"type": "Feature", "properties": {"osm_id": "way/154326925", "kind": "school", "name": "School", "lon": 77.0773555625, "lat": 28.63656315}, "geometry": {"type": "Point", "coordinates": [77.0773555625, 28.63656315]}}, {"type": "Feature", "properties": {"osm_id": "way/154327264", "kind": "school", "name": "Kerala School", "lon": 77.0774971, "lat": 28.63291148}, "geometry": {"type": "Point", "coordinates": [77.0774971, 28.63291148]}}, {"type": "Feature", "properties": {"osm_id": "way/154327524", "kind": "school", "name": "Holy Innocent's School", "lon": 77.0755252, "lat": 28.632019359999997}, "geometry": {"type": "Point", "coordinates": [77.0755252, 28.632019359999997]}}, {"type": "Feature", "properties": {"osm_id": "way/154527302", "kind": "school", "name": "J.D Tytler School", "lon": 77.18415037142857, "lat": 28.633631985714285}, "geometry": {"type": "Point", "coordinates": [77.18415037142857, 28.633631985714285]}}, {"type": "Feature", "properties": {"osm_id": "way/154529687", "kind": "school", "name": "St. Colombo School", "lon": 77.1394196, "lat": 28.68854124}, "geometry": {"type": "Point", "coordinates": [77.1394196, 28.68854124]}}, {"type": "Feature", "properties": {"osm_id": "way/154529893", "kind": "school", "name": "Rising Star Academy", "lon": 77.14053753333333, "lat": 28.688163366666668}, "geometry": {"type": "Point", "coordinates": [77.14053753333333, 28.688163366666668]}}, {"type": "Feature", "properties": {"osm_id": "way/156150419", "kind": "school", "name": "Maxfort School", "lon": 77.06812551428571, "lat": 28.58858342857143}, "geometry": {"type": "Point", "coordinates": [77.06812551428571, 28.58858342857143]}}, {"type": "Feature", "properties": {"osm_id": "way/157745086", "kind": "hospital", "name": "Metro Hospital & Heart Institute", "lon": 77.33783954, "lat": 28.5973664}, "geometry": {"type": "Point", "coordinates": [77.33783954, 28.5973664]}}, {"type": "Feature", "properties": {"osm_id": "way/158037035", "kind": "school", "name": "Springdales School, Pusa Road", "lon": 77.1962202, "lat": 28.64455894285714}, "geometry": {"type": "Point", "coordinates": [77.1962202, 28.64455894285714]}}, {"type": "Feature", "properties": {"osm_id": "way/158037036", "kind": "school", "name": "St. Michaels School, Pusa Road", "lon": 77.19467256, "lat": 28.6442497}, "geometry": {"type": "Point", "coordinates": [77.19467256, 28.6442497]}}, {"type": "Feature", "properties": {"osm_id": "way/158038115", "kind": "hospital", "name": "Sir Ganga Ram Hospital", "lon": 77.1898982, "lat": 28.63855165}, "geometry": {"type": "Point", "coordinates": [77.1898982, 28.63855165]}}, {"type": "Feature", "properties": {"osm_id": "way/166639862", "kind": "school", "name": "K.R. Mangalam World School", "lon": 77.06598261428572, "lat": 28.459797257142856}, "geometry": {"type": "Point", "coordinates": [77.06598261428572, 28.459797257142856]}}, {"type": "Feature", "properties": {"osm_id": "way/167335641", "kind": "school", "name": "Bal Bharati Public School", "lon": 77.10672451428572, "lat": 28.6909339}, "geometry": {"type": "Point", "coordinates": [77.10672451428572, 28.6909339]}}, {"type": "Feature", "properties": {"osm_id": "way/167422298", "kind": "industrial", "name": "Otsuka Venus Automotive India Pvt. Ltd.", "lon": 77.30599409999999, "lat": 28.435489159999996, "area_km2": 0.0073}, "geometry": {"type": "Polygon", "coordinates": [[[77.3057285, 28.4358936], [77.3063925, 28.4358979], [77.3063925, 28.4348825], [77.3057285, 28.4348782], [77.3057285, 28.4358936]]]}}, {"type": "Feature", "properties": {"osm_id": "way/167591466", "kind": "school", "name": "DAV Centenary Public School", "lon": 77.08600016, "lat": 28.675990919999997}, "geometry": {"type": "Point", "coordinates": [77.08600016, 28.675990919999997]}}, {"type": "Feature", "properties": {"osm_id": "way/167591469", "kind": "school", "name": "Govt. Secondary School", "lon": 77.08724366, "lat": 28.67441526}, "geometry": {"type": "Point", "coordinates": [77.08724366, 28.67441526]}}, {"type": "Feature", "properties": {"osm_id": "way/167992745", "kind": "school", "name": "MCD Primary , Roshanpura", "lon": 76.98810714, "lat": 28.6073986}, "geometry": {"type": "Point", "coordinates": [76.98810714, 28.6073986]}}, {"type": "Feature", "properties": {"osm_id": "way/168898336", "kind": "hospital", "name": "Vimhans", "lon": 77.25156956363637, "lat": 28.56805731818182}, "geometry": {"type": "Point", "coordinates": [77.25156956363637, 28.56805731818182]}}, {"type": "Feature", "properties": {"osm_id": "way/169425979", "kind": "school", "name": "School", "lon": 76.98001981428571, "lat": 28.611635485714284}, "geometry": {"type": "Point", "coordinates": [76.98001981428571, 28.611635485714284]}}, {"type": "Feature", "properties": {"osm_id": "way/169844632", "kind": "hospital", "name": "Rao Tula Ram Memorial Hospital", "lon": 76.91351244285714, "lat": 28.595572578571428}, "geometry": {"type": "Point", "coordinates": [76.91351244285714, 28.595572578571428]}}, {"type": "Feature", "properties": {"osm_id": "way/169848648", "kind": "school", "name": "Govt School", "lon": 76.898889, "lat": 28.54819964}, "geometry": {"type": "Point", "coordinates": [76.898889, 28.54819964]}}, {"type": "Feature", "properties": {"osm_id": "way/170236063", "kind": "school", "name": "School", "lon": 76.93182386666668, "lat": 28.6025001}, "geometry": {"type": "Point", "coordinates": [76.93182386666668, 28.6025001]}}, {"type": "Feature", "properties": {"osm_id": "way/171438689", "kind": "school", "name": "Queen Marry's", "lon": 77.09437124, "lat": 28.732611600000002}, "geometry": {"type": "Point", "coordinates": [77.09437124, 28.732611600000002]}}, {"type": "Feature", "properties": {"osm_id": "way/171438693", "kind": "school", "name": "Ryan International School", "lon": 77.09402548, "lat": 28.734367580000004}, "geometry": {"type": "Point", "coordinates": [77.09402548, 28.734367580000004]}}, {"type": "Feature", "properties": {"osm_id": "way/171493120", "kind": "school", "name": "School", "lon": 77.12594138, "lat": 28.7024163}, "geometry": {"type": "Point", "coordinates": [77.12594138, 28.7024163]}}, {"type": "Feature", "properties": {"osm_id": "way/171493124", "kind": "school", "name": "School", "lon": 77.12880116666666, "lat": 28.703586916666666}, "geometry": {"type": "Point", "coordinates": [77.12880116666666, 28.703586916666666]}}, {"type": "Feature", "properties": {"osm_id": "way/171496276", "kind": "school", "name": "School", "lon": 77.10526876, "lat": 28.70285652}, "geometry": {"type": "Point", "coordinates": [77.10526876, 28.70285652]}}, {"type": "Feature", "properties": {"osm_id": "way/171496279", "kind": "school", "name": "School", "lon": 77.1062854, "lat": 28.69934988}, "geometry": {"type": "Point", "coordinates": [77.1062854, 28.69934988]}}, {"type": "Feature", "properties": {"osm_id": "way/171496282", "kind": "school", "name": "School", "lon": 77.10572364, "lat": 28.703361740000002}, "geometry": {"type": "Point", "coordinates": [77.10572364, 28.703361740000002]}}, {"type": "Feature", "properties": {"osm_id": "way/171496283", "kind": "school", "name": "School", "lon": 77.10642174, "lat": 28.70414268}, "geometry": {"type": "Point", "coordinates": [77.10642174, 28.70414268]}}, {"type": "Feature", "properties": {"osm_id": "way/171496289", "kind": "school", "name": "School", "lon": 77.100144075, "lat": 28.69895755}, "geometry": {"type": "Point", "coordinates": [77.100144075, 28.69895755]}}, {"type": "Feature", "properties": {"osm_id": "way/171500938", "kind": "industrial", "name": "Industrial", "lon": 77.09895952142857, "lat": 28.686494078571428, "area_km2": 0.3551}, "geometry": {"type": "Polygon", "coordinates": [[[77.1019179, 28.6830089], [77.1025431, 28.686088], [77.1025589, 28.6884623], [77.1018942, 28.6883963], [77.1016924, 28.6882401], [77.0976286, 28.6883894], [77.0967857, 28.6884935], [77.0965602, 28.6884102], [77.0963861, 28.6881846], [77.096299, 28.6877681], [77.0958519, 28.6855499], [77.0954918, 28.6835435], [77.0979056, 28.6833734], [77.1019179, 28.6830089]]]}}, {"type": "Feature", "properties": {"osm_id": "way/171501204", "kind": "school", "name": "School", "lon": 77.11582738, "lat": 28.69521266}, "geometry": {"type": "Point", "coordinates": [77.11582738, 28.69521266]}}, {"type": "Feature", "properties": {"osm_id": "way/171501206", "kind": "school", "name": "School", "lon": 77.10815064, "lat": 28.693419719999998}, "geometry": {"type": "Point", "coordinates": [77.10815064, 28.693419719999998]}}, {"type": "Feature", "properties": {"osm_id": "way/171501213", "kind": "school", "name": "School", "lon": 77.10848045, "lat": 28.692311200000002}, "geometry": {"type": "Point", "coordinates": [77.10848045, 28.692311200000002]}}, {"type": "Feature", "properties": {"osm_id": "way/171501215", "kind": "hospital", "name": "Bhagwan Mahavir Hospital", "lon": 77.11792461666667, "lat": 28.688578249999996}, "geometry": {"type": "Point", "coordinates": [77.11792461666667, 28.688578249999996]}}, {"type": "Feature", "properties": {"osm_id": "way/171508325", "kind": "hospital", "name": "Jivodaya Hospital", "lon": 77.17225032, "lat": 28.69247212}, "geometry": {"type": "Point", "coordinates": [77.17225032, 28.69247212]}}, {"type": "Feature", "properties": {"osm_id": "way/171510619", "kind": "school", "name": "DAV Public School", "lon": 77.11865952000001, "lat": 28.705773920000002}, "geometry": {"type": "Point", "coordinates": [77.11865952000001, 28.705773920000002]}}, {"type": "Feature", "properties": {"osm_id": "way/171510626", "kind": "school", "name": "School", "lon": 77.11174862, "lat": 28.7102882}, "geometry": {"type": "Point", "coordinates": [77.11174862, 28.7102882]}}, {"type": "Feature", "properties": {"osm_id": "way/171510634", "kind": "school", "name": "School", "lon": 77.11329554, "lat": 28.706756159999998}, "geometry": {"type": "Point", "coordinates": [77.11329554, 28.706756159999998]}}, {"type": "Feature", "properties": {"osm_id": "way/171514881", "kind": "school", "name": "School", "lon": 77.0959943, "lat": 28.69710918}, "geometry": {"type": "Point", "coordinates": [77.0959943, 28.69710918]}}, {"type": "Feature", "properties": {"osm_id": "way/171514883", "kind": "school", "name": "School", "lon": 77.09597335714285, "lat": 28.697981714285714}, "geometry": {"type": "Point", "coordinates": [77.09597335714285, 28.697981714285714]}}, {"type": "Feature", "properties": {"osm_id": "way/171527942", "kind": "school", "name": "School", "lon": 77.08129596, "lat": 28.690630219999996}, "geometry": {"type": "Point", "coordinates": [77.08129596, 28.690630219999996]}}, {"type": "Feature", "properties": {"osm_id": "way/171527949", "kind": "hospital", "name": "Sanjay Gandhi Memorial Hospital", "lon": 77.0799506625, "lat": 28.6941933125}, "geometry": {"type": "Point", "coordinates": [77.0799506625, 28.6941933125]}}, {"type": "Feature", "properties": {"osm_id": "way/171545989", "kind": "school", "name": "School", "lon": 77.12357526000001, "lat": 28.696093280000003}, "geometry": {"type": "Point", "coordinates": [77.12357526000001, 28.696093280000003]}}, {"type": "Feature", "properties": {"osm_id": "way/171545992", "kind": "school", "name": "School", "lon": 77.12203032, "lat": 28.69490842}, "geometry": {"type": "Point", "coordinates": [77.12203032, 28.69490842]}}, {"type": "Feature", "properties": {"osm_id": "way/171545997", "kind": "school", "name": "School", "lon": 77.12843411666667, "lat": 28.697296166666664}, "geometry": {"type": "Point", "coordinates": [77.12843411666667, 28.697296166666664]}}, {"type": "Feature", "properties": {"osm_id": "way/171598616", "kind": "school", "name": "School", "lon": 77.14250634, "lat": 28.693789340000002}, "geometry": {"type": "Point", "coordinates": [77.14250634, 28.693789340000002]}}, {"type": "Feature", "properties": {"osm_id": "way/171603491", "kind": "school", "name": "School", "lon": 77.14694738, "lat": 28.68888842}, "geometry": {"type": "Point", "coordinates": [77.14694738, 28.68888842]}}, {"type": "Feature", "properties": {"osm_id": "way/171606293", "kind": "industrial", "name": "Industrial", "lon": 77.14842917741936, "lat": 28.68106417096774, "area_km2": 0.4897}, "geometry": {"type": "Polygon", "coordinates": [[[77.1467664, 28.6831119], [77.1484335, 28.6842231], [77.1501932, 28.6854085], [77.1505709, 28.685676], [77.1510157, 28.6851631], [77.1511668, 28.6849668], [77.1519697, 28.6851459], [77.1517235, 28.6844023], [77.1518886, 28.6843311], [77.151122, 28.6823014], [77.1506268, 28.6810595], [77.1504365, 28.680799], [77.1502189, 28.6801002], [77.1500126, 28.6801402], [77.1499433, 28.6797725], [77.1498895, 28.6791364], [77.1498755, 28.678562], [77.1500266, 28.6779141], [77.1503036, 28.6772195], [77.15074, 28.6763457], [77.1503064, 28.676196], [77.1480263, 28.6770501], [77.1452987, 28.6780883], [77.1436537, 28.6786406], [77.1420413, 28.6791188], [77.1423518, 28.6798625], [77.1427575, 28.6803877], [77.1431156, 28.6807338], [77.1437255, 28.6811805], [77.1463377, 28.6828399], [77.1467664, 28.6831119]]]}}, {"type": "Feature", "properties": {"osm_id": "way/171606321", "kind": "industrial", "name": "Wazirpur Depot", "lon": 77.15556954285714, "lat": 28.693969995238096, "area_km2": 0.0549}, "geometry": {"type": "Polygon", "coordinates": [[[77.155664, 28.693232], [77.1552123, 28.6927158], [77.1547639, 28.692035], [77.1540492, 28.6923093], [77.1540744, 28.6923586], [77.1549617, 28.6941078], [77.155128, 28.6941453], [77.1553095, 28.6941321], [77.1555028, 28.6940365], [77.1555993, 28.6939278], [77.1557343, 28.6941248], [77.1554908, 28.6943398], [77.1553674, 28.6945425], [77.1553243, 28.6946929], [77.1553434, 28.694888], [77.1557044, 28.6955469], [77.1557949, 28.6957064], [77.1579798, 28.6948648], [77.1578067, 28.6945201], [77.1564853, 28.6939115], [77.155664, 28.693232]]]}}, {"type": "Feature", "properties": {"osm_id": "way/171613283", "kind": "school", "name": "School", "lon": 77.12619251333334, "lat": 28.688049166666666}, "geometry": {"type": "Point", "coordinates": [77.12619251333334, 28.688049166666666]}}, {"type": "Feature", "properties": {"osm_id": "way/171613287", "kind": "school", "name": "School", "lon": 77.12122186, "lat": 28.68935758}, "geometry": {"type": "Point", "coordinates": [77.12122186, 28.68935758]}}, {"type": "Feature", "properties": {"osm_id": "way/171613297", "kind": "school", "name": "School", "lon": 77.13608395, "lat": 28.681994183333334}, "geometry": {"type": "Point", "coordinates": [77.13608395, 28.681994183333334]}}, {"type": "Feature", "properties": {"osm_id": "way/171613299", "kind": "school", "name": "School", "lon": 77.1402635, "lat": 28.68017605}, "geometry": {"type": "Point", "coordinates": [77.1402635, 28.68017605]}}, {"type": "Feature", "properties": {"osm_id": "way/171613306", "kind": "school", "name": "School", "lon": 77.1316841, "lat": 28.68659142857143}, "geometry": {"type": "Point", "coordinates": [77.1316841, 28.68659142857143]}}, {"type": "Feature", "properties": {"osm_id": "way/171613313", "kind": "school", "name": "School", "lon": 77.14150905555556, "lat": 28.681268622222223}, "geometry": {"type": "Point", "coordinates": [77.14150905555556, 28.681268622222223]}}, {"type": "Feature", "properties": {"osm_id": "way/171616390", "kind": "school", "name": "School", "lon": 77.08350712000001, "lat": 28.690589620000004}, "geometry": {"type": "Point", "coordinates": [77.08350712000001, 28.690589620000004]}}, {"type": "Feature", "properties": {"osm_id": "way/171616394", "kind": "school", "name": "School", "lon": 77.0852594, "lat": 28.69055712}, "geometry": {"type": "Point", "coordinates": [77.0852594, 28.69055712]}}, {"type": "Feature", "properties": {"osm_id": "way/171616398", "kind": "school", "name": "School", "lon": 77.07862452, "lat": 28.691676}, "geometry": {"type": "Point", "coordinates": [77.07862452, 28.691676]}}, {"type": "Feature", "properties": {"osm_id": "way/171616400", "kind": "school", "name": "School", "lon": 77.087026, "lat": 28.692944599999997}, "geometry": {"type": "Point", "coordinates": [77.087026, 28.692944599999997]}}, {"type": "Feature", "properties": {"osm_id": "way/171616401", "kind": "school", "name": "School", "lon": 77.07946022, "lat": 28.690676259999996}, "geometry": {"type": "Point", "coordinates": [77.07946022, 28.690676259999996]}}, {"type": "Feature", "properties": {"osm_id": "way/171619889", "kind": "school", "name": "School", "lon": 77.0834892, "lat": 28.69494032}, "geometry": {"type": "Point", "coordinates": [77.0834892, 28.69494032]}}, {"type": "Feature", "properties": {"osm_id": "way/171619891", "kind": "school", "name": "School", "lon": 77.08528249999999, "lat": 28.694910659999998}, "geometry": {"type": "Point", "coordinates": [77.08528249999999, 28.694910659999998]}}, {"type": "Feature", "properties": {"osm_id": "way/171619892", "kind": "school", "name": "School", "lon": 77.08362064285714, "lat": 28.696638885714286}, "geometry": {"type": "Point", "coordinates": [77.08362064285714, 28.696638885714286]}}, {"type": "Feature", "properties": {"osm_id": "way/171633225", "kind": "school", "name": "School", "lon": 77.0908473, "lat": 28.68927688}, "geometry": {"type": "Point", "coordinates": [77.0908473, 28.68927688]}}, {"type": "Feature", "properties": {"osm_id": "way/171633227", "kind": "school", "name": "School", "lon": 77.09087192, "lat": 28.69043302}, "geometry": {"type": "Point", "coordinates": [77.09087192, 28.69043302]}}, {"type": "Feature", "properties": {"osm_id": "way/171633228", "kind": "school", "name": "School", "lon": 77.09340746000001, "lat": 28.69608852}, "geometry": {"type": "Point", "coordinates": [77.09340746000001, 28.69608852]}}, {"type": "Feature", "properties": {"osm_id": "way/171633229", "kind": "school", "name": "School", "lon": 77.08887264, "lat": 28.690363819999998}, "geometry": {"type": "Point", "coordinates": [77.08887264, 28.690363819999998]}}, {"type": "Feature", "properties": {"osm_id": "way/171633230", "kind": "school", "name": "School", "lon": 77.09090522, "lat": 28.691677939999998}, "geometry": {"type": "Point", "coordinates": [77.09090522, 28.691677939999998]}}, {"type": "Feature", "properties": {"osm_id": "way/171633231", "kind": "school", "name": "School", "lon": 77.09505922, "lat": 28.69342604}, "geometry": {"type": "Point", "coordinates": [77.09505922, 28.69342604]}}, {"type": "Feature", "properties": {"osm_id": "way/171633233", "kind": "school", "name": "School", "lon": 77.08701272, "lat": 28.690527600000003}, "geometry": {"type": "Point", "coordinates": [77.08701272, 28.690527600000003]}}, {"type": "Feature", "properties": {"osm_id": "way/171640369", "kind": "school", "name": "School", "lon": 77.09217382, "lat": 28.6889415}, "geometry": {"type": "Point", "coordinates": [77.09217382, 28.6889415]}}, {"type": "Feature", "properties": {"osm_id": "way/171640519", "kind": "industrial", "name": "Industrial", "lon": 77.09102842727272, "lat": 28.686722872727273, "area_km2": 0.5071}, "geometry": {"type": "Polygon", "coordinates": [[[77.0827165, 28.687891], [77.0940915, 28.6876247], [77.0946494, 28.6877878], [77.0952705, 28.6880898], [77.0955395, 28.6881557], [77.0957215, 28.6880516], [77.0953892, 28.6860316], [77.094954, 28.6835847], [77.0876663, 28.6841782], [77.0825978, 28.6846655], [77.0827165, 28.687891]]]}}, {"type": "Feature", "properties": {"osm_id": "way/171648768", "kind": "school", "name": "Mount Abu Public School", "lon": 77.10942756, "lat": 28.71467612}, "geometry": {"type": "Point", "coordinates": [77.10942756, 28.71467612]}}, {"type": "Feature", "properties": {"osm_id": "way/171648769", "kind": "school", "name": "School", "lon": 77.09634328, "lat": 28.703667560000003}, "geometry": {"type": "Point", "coordinates": [77.09634328, 28.703667560000003]}}, {"type": "Feature", "properties": {"osm_id": "way/171648770", "kind": "school", "name": "School", "lon": 77.10733648, "lat": 28.71273444}, "geometry": {"type": "Point", "coordinates": [77.10733648, 28.71273444]}}, {"type": "Feature", "properties": {"osm_id": "way/171648785", "kind": "school", "name": "School", "lon": 77.10371847142856, "lat": 28.713749642857145}, "geometry": {"type": "Point", "coordinates": [77.10371847142856, 28.713749642857145]}}, {"type": "Feature", "properties": {"osm_id": "way/171656609", "kind": "school", "name": "School", "lon": 77.10264508, "lat": 28.714649819999998}, "geometry": {"type": "Point", "coordinates": [77.10264508, 28.714649819999998]}}, {"type": "Feature", "properties": {"osm_id": "way/171663389", "kind": "school", "name": "School", "lon": 77.09016583636364, "lat": 28.706927872727274}, "geometry": {"type": "Point", "coordinates": [77.09016583636364, 28.706927872727274]}}, {"type": "Feature", "properties": {"osm_id": "way/171663390", "kind": "school", "name": "School", "lon": 77.09053888888889, "lat": 28.707417088888892}, "geometry": {"type": "Point", "coordinates": [77.09053888888889, 28.707417088888892]}}, {"type": "Feature", "properties": {"osm_id": "way/171675032", "kind": "school", "name": "School", "lon": 77.09420582, "lat": 28.72059074}, "geometry": {"type": "Point", "coordinates": [77.09420582, 28.72059074]}}, {"type": "Feature", "properties": {"osm_id": "way/171675033", "kind": "school", "name": "School", "lon": 77.09499643333334, "lat": 28.721901216666666}, "geometry": {"type": "Point", "coordinates": [77.09499643333334, 28.721901216666666]}}, {"type": "Feature", "properties": {"osm_id": "way/171675034", "kind": "school", "name": "School", "lon": 77.08581398571428, "lat": 28.716216242857143}, "geometry": {"type": "Point", "coordinates": [77.08581398571428, 28.716216242857143]}}, {"type": "Feature", "properties": {"osm_id": "way/171675036", "kind": "school", "name": "School", "lon": 77.0831619, "lat": 28.71581775}, "geometry": {"type": "Point", "coordinates": [77.0831619, 28.71581775]}}, {"type": "Feature", "properties": {"osm_id": "way/172299274", "kind": "school", "name": "School", "lon": 77.05421524, "lat": 28.8066947}, "geometry": {"type": "Point", "coordinates": [77.05421524, 28.8066947]}}, {"type": "Feature", "properties": {"osm_id": "way/172299275", "kind": "school", "name": "School", "lon": 77.05453324, "lat": 28.80405614}, "geometry": {"type": "Point", "coordinates": [77.05453324, 28.80405614]}}, {"type": "Feature", "properties": {"osm_id": "way/172299276", "kind": "school", "name": "School", "lon": 77.04977745000001, "lat": 28.8066721}, "geometry": {"type": "Point", "coordinates": [77.04977745000001, 28.8066721]}}, {"type": "Feature", "properties": {"osm_id": "way/172301971", "kind": "industrial", "name": "Pragati-III Combined Cycle Power Plant", "lon": 77.07162372777778, "lat": 28.797195244444442, "area_km2": 0.397}, "geometry": {"type": "Polygon", "coordinates": [[[77.066783, 28.7954408], [77.0666195, 28.7955758], [77.0682573, 28.7970093], [77.0697685, 28.7982948], [77.0700139, 28.7985035], [77.0717646, 28.8000533], [77.0720359, 28.7999856], [77.0719784, 28.7995847], [77.0741886, 28.7995604], [77.0744296, 28.799377], [77.0745807, 28.7992619], [77.0768601, 28.7974327], [77.0755412, 28.796296], [77.0738788, 28.7948859], [77.0735164, 28.7945633], [77.0726208, 28.7953877], [77.0696068, 28.7928609], [77.066783, 28.7954408]]]}}, {"type": "Feature", "properties": {"osm_id": "way/172314915", "kind": "school", "name": "School", "lon": 77.30163486000001, "lat": 28.42930568}, "geometry": {"type": "Point", "coordinates": [77.30163486000001, 28.42930568]}}, {"type": "Feature", "properties": {"osm_id": "way/172320147", "kind": "school", "name": "Eicher School", "lon": 77.29819341666666, "lat": 28.4392919}, "geometry": {"type": "Point", "coordinates": [77.29819341666666, 28.4392919]}}, {"type": "Feature", "properties": {"osm_id": "way/172320149", "kind": "industrial", "name": "Sector 27A", "lon": 77.30714485555556, "lat": 28.43375911111111, "area_km2": 0.4959}, "geometry": {"type": "Polygon", "coordinates": [[[77.3051648, 28.4425951], [77.3081682, 28.4424112], [77.3093394, 28.4281482], [77.3093032, 28.4279396], [77.309172, 28.4277482], [77.3062251, 28.4275665], [77.3059941, 28.4308408], [77.3057721, 28.4339873], [77.3051648, 28.4425951]]]}}, {"type": "Feature", "properties": {"osm_id": "way/172320327", "kind": "school", "name": "School", "lon": 77.29873006, "lat": 28.45033472}, "geometry": {"type": "Point", "coordinates": [77.29873006, 28.45033472]}}, {"type": "Feature", "properties": {"osm_id": "way/172320329", "kind": "school", "name": "School", "lon": 77.30354, "lat": 28.44418184}, "geometry": {"type": "Point", "coordinates": [77.30354, 28.44418184]}}, {"type": "Feature", "properties": {"osm_id": "way/172330763", "kind": "school", "name": "Gold Field Public School", "lon": 77.30586104, "lat": 28.420417680000003}, "geometry": {"type": "Point", "coordinates": [77.30586104, 28.420417680000003]}}, {"type": "Feature", "properties": {"osm_id": "way/172330766", "kind": "school", "name": "Jiva Public School", "lon": 77.29675224, "lat": 28.414640839999997}, "geometry": {"type": "Point", "coordinates": [77.29675224, 28.414640839999997]}}, {"type": "Feature", "properties": {"osm_id": "way/172330770", "kind": "school", "name": "Ryan International School", "lon": 77.30042251666667, "lat": 28.416251616666667}, "geometry": {"type": "Point", "coordinates": [77.30042251666667, 28.416251616666667]}}, {"type": "Feature", "properties": {"osm_id": "way/172330991", "kind": "school", "name": "School", "lon": 77.30506225, "lat": 28.4148766375}, "geometry": {"type": "Point", "coordinates": [77.30506225, 28.4148766375]}}, {"type": "Feature", "properties": {"osm_id": "way/172338271", "kind": "school", "name": "School", "lon": 77.31728712, "lat": 28.43731424}, "geometry": {"type": "Point", "coordinates": [77.31728712, 28.43731424]}}, {"type": "Feature", "properties": {"osm_id": "way/172338274", "kind": "school", "name": "School", "lon": 77.31504165, "lat": 28.4358041}, "geometry": {"type": "Point", "coordinates": [77.31504165, 28.4358041]}}, {"type": "Feature", "properties": {"osm_id": "way/172343213", "kind": "school", "name": "School", "lon": 77.31371796, "lat": 28.44545782}, "geometry": {"type": "Point", "coordinates": [77.31371796, 28.44545782]}}, {"type": "Feature", "properties": {"osm_id": "way/172343216", "kind": "school", "name": "School", "lon": 77.31344784000001, "lat": 28.44165794}, "geometry": {"type": "Point", "coordinates": [77.31344784000001, 28.44165794]}}, {"type": "Feature", "properties": {"osm_id": "way/172343217", "kind": "school", "name": "SOS Hermann Gmeiner School", "lon": 77.32277144, "lat": 28.438017839999997}, "geometry": {"type": "Point", "coordinates": [77.32277144, 28.438017839999997]}}, {"type": "Feature", "properties": {"osm_id": "way/172343224", "kind": "school", "name": "Holy Child Public School", "lon": 77.3238276, "lat": 28.433944200000003}, "geometry": {"type": "Point", "coordinates": [77.3238276, 28.433944200000003]}}, {"type": "Feature", "properties": {"osm_id": "way/172380081", "kind": "hospital", "name": "Hospital", "lon": 77.31786525999999, "lat": 28.406396519999998}, "geometry": {"type": "Point", "coordinates": [77.31786525999999, 28.406396519999998]}}, {"type": "Feature", "properties": {"osm_id": "way/172380083", "kind": "school", "name": "School", "lon": 77.31689914, "lat": 28.40508804}, "geometry": {"type": "Point", "coordinates": [77.31689914, 28.40508804]}}, {"type": "Feature", "properties": {"osm_id": "way/172380085", "kind": "school", "name": "Mahadav Desai Senior Secondary School", "lon": 77.31376279999999, "lat": 28.408164416666665}, "geometry": {"type": "Point", "coordinates": [77.31376279999999, 28.408164416666665]}}, {"type": "Feature", "properties": {"osm_id": "way/172380086", "kind": "school", "name": "School", "lon": 77.3139362, "lat": 28.413837983333334}, "geometry": {"type": "Point", "coordinates": [77.3139362, 28.413837983333334]}}, {"type": "Feature", "properties": {"osm_id": "way/172380087", "kind": "hospital", "name": "Sarvodya Hospital", "lon": 77.31823283333334, "lat": 28.402623233333333}, "geometry": {"type": "Point", "coordinates": [77.31823283333334, 28.402623233333333]}}, {"type": "Feature", "properties": {"osm_id": "way/172383377", "kind": "school", "name": "School", "lon": 77.3192509, "lat": 28.40560154}, "geometry": {"type": "Point", "coordinates": [77.3192509, 28.40560154]}}, {"type": "Feature", "properties": {"osm_id": "way/172383396", "kind": "school", "name": "School", "lon": 77.32308975999999, "lat": 28.415082539999997}, "geometry": {"type": "Point", "coordinates": [77.32308975999999, 28.415082539999997]}}, {"type": "Feature", "properties": {"osm_id": "way/172384915", "kind": "school", "name": "School", "lon": 77.32894633999999, "lat": 28.407089379999995}, "geometry": {"type": "Point", "coordinates": [77.32894633999999, 28.407089379999995]}}, {"type": "Feature", "properties": {"osm_id": "way/172384924", "kind": "school", "name": "School", "lon": 77.32706415999999, "lat": 28.413386780000003}, "geometry": {"type": "Point", "coordinates": [77.32706415999999, 28.413386780000003]}}, {"type": "Feature", "properties": {"osm_id": "way/172387783", "kind": "school", "name": "School", "lon": 77.33172601999999, "lat": 28.39983522}, "geometry": {"type": "Point", "coordinates": [77.33172601999999, 28.39983522]}}, {"type": "Feature", "properties": {"osm_id": "way/172387786", "kind": "school", "name": "School", "lon": 77.33039546, "lat": 28.399471440000003}, "geometry": {"type": "Point", "coordinates": [77.33039546, 28.399471440000003]}}, {"type": "Feature", "properties": {"osm_id": "way/172387787", "kind": "school", "name": "School", "lon": 77.32904515999999, "lat": 28.39991558}, "geometry": {"type": "Point", "coordinates": [77.32904515999999, 28.39991558]}}, {"type": "Feature", "properties": {"osm_id": "way/172579298", "kind": "school", "name": "St. Joseph's Convent School", "lon": 77.30289616, "lat": 28.39989031}, "geometry": {"type": "Point", "coordinates": [77.30289616, 28.39989031]}}, {"type": "Feature", "properties": {"osm_id": "way/172579434", "kind": "school", "name": "School", "lon": 77.30205720000001, "lat": 28.400041520000002}, "geometry": {"type": "Point", "coordinates": [77.30205720000001, 28.400041520000002]}}, {"type": "Feature", "properties": {"osm_id": "way/172584921", "kind": "school", "name": "Kendriya Vidyalaya No.1, Faridabad", "lon": 77.29742900000001, "lat": 28.407532200000002}, "geometry": {"type": "Point", "coordinates": [77.29742900000001, 28.407532200000002]}}, {"type": "Feature", "properties": {"osm_id": "way/172656826", "kind": "school", "name": "Apeejay School", "lon": 77.28919728333334, "lat": 28.418321333333335}, "geometry": {"type": "Point", "coordinates": [77.28919728333334, 28.418321333333335]}}, {"type": "Feature", "properties": {"osm_id": "way/172659424", "kind": "school", "name": "Aravali International School", "lon": 77.28239911428571, "lat": 28.446256242857142}, "geometry": {"type": "Point", "coordinates": [77.28239911428571, 28.446256242857142]}}, {"type": "Feature", "properties": {"osm_id": "way/172659427", "kind": "school", "name": "Moden Vidya Niketan", "lon": 77.28231763333334, "lat": 28.447790333333334}, "geometry": {"type": "Point", "coordinates": [77.28231763333334, 28.447790333333334]}}, {"type": "Feature", "properties": {"osm_id": "way/172659454", "kind": "hospital", "name": "Vibal Hospital Private Limited - Faridabad", "lon": 77.29109756, "lat": 28.41935532}, "geometry": {"type": "Point", "coordinates": [77.29109756, 28.41935532]}}, {"type": "Feature", "properties": {"osm_id": "way/172659455", "kind": "school", "name": "School", "lon": 77.28807520000001, "lat": 28.42344412222222}, "geometry": {"type": "Point", "coordinates": [77.28807520000001, 28.42344412222222]}}, {"type": "Feature", "properties": {"osm_id": "way/172701685", "kind": "industrial", "name": "Badarpur Thermal Power Station", "lon": 77.30759052916666, "lat": 28.503911772916666, "area_km2": 0.9233}, "geometry": {"type": "Polygon", "coordinates": [[[77.3035743, 28.5039351], [77.3038202, 28.5058433], [77.3040994, 28.5075482], [77.3043143, 28.5085098], [77.3044734, 28.5090736], [77.3048051, 28.509587], [77.3054762, 28.5099513], [77.3097477, 28.5111412], [77.3104306, 28.5112765], [77.3109281, 28.5110891], [77.3114215, 28.5110718], [77.3123575, 28.5111482], [77.312806, 28.5097556], [77.3126927, 28.5092505], [77.3126848, 28.508862], [77.3127519, 28.5081231], [77.312215, 28.5079184], [77.3108412, 28.5076201], [77.3104793, 28.5051289], [77.3112354, 28.5034404], [77.3112497, 28.5031271], [77.3114428, 28.5029975], [77.3116584, 28.5024752], [77.3120438, 28.5018186], [77.3122782, 28.5009938], [77.3124917, 28.500186], [77.3115873, 28.5000814], [77.3101661, 28.5002063], [77.3084686, 28.5001855], [77.3079377, 28.5000809], [77.3067932, 28.49973], [77.3058469, 28.4994332], [77.3053639, 28.4990848], [77.3038956, 28.497819], [77.3036109, 28.4976178], [77.3033485, 28.4976129], [77.3030191, 28.4976791], [77.3030414, 28.4981796], [77.3032312, 28.500071], [77.3035606, 28.4999729], [77.3046605, 28.5005739], [77.3047889, 28.5011603], [77.3037253, 28.5016583], [77.3039235, 28.5021783], [77.303912, 28.5023525], [77.3038705, 28.5029781], [77.3037002, 28.5033019], [77.3035743, 28.5039351]]]}}, {"type": "Feature", "properties": {"osm_id": "way/174497293", "kind": "industrial", "name": "Mother Dairy", "lon": 77.28722000810811, "lat": 28.620789340540536, "area_km2": 0.1562}, "geometry": {"type": "Polygon", "coordinates": [[[77.2868186, 28.6188233], [77.2877884, 28.6191968], [77.2892886, 28.6197776], [77.2892826, 28.619802], [77.2892622, 28.6198503], [77.2893106, 28.6198722], [77.289339, 28.6198251], [77.2894232, 28.6198585], [77.2893997, 28.6199059], [77.2894665, 28.6199297], [77.2894948, 28.6198763], [77.2895257, 28.6198452], [77.2897166, 28.6199304], [77.2869569, 28.6241868], [77.2864302, 28.6250254], [77.2858876, 28.6250106], [77.28575, 28.6242903], [77.2857717, 28.6242919], [77.2857801, 28.624263], [77.2857872, 28.6242385], [77.2857382, 28.6242198], [77.285372, 28.6226206], [77.2854949, 28.6217862], [77.2855459, 28.6214675], [77.2856181, 28.6210161], [77.2858908, 28.6203461], [77.2863345, 28.6196474], [77.286196, 28.619583], [77.2865505, 28.619], [77.2866362, 28.6190373], [77.2867487, 28.6190863], [77.2867644, 28.6190674], [77.2868181, 28.6190026], [77.2868332, 28.6189845], [77.2866317, 28.6188883], [77.2866683, 28.6188294], [77.2868186, 28.6188233]]]}}, {"type": "Feature", "properties": {"osm_id": "way/174767576", "kind": "school", "name": "Govt. Senior Secondary School Malikpur", "lon": 76.90534543999999, "lat": 28.55058618}, "geometry": {"type": "Point", "coordinates": [76.90534543999999, 28.55058618]}}, {"type": "Feature", "properties": {"osm_id": "way/174864085", "kind": "school", "name": "Gender Resource Center, Jasola", "lon": 77.29327798, "lat": 28.54803546}, "geometry": {"type": "Point", "coordinates": [77.29327798, 28.54803546]}}, {"type": "Feature", "properties": {"osm_id": "way/175800209", "kind": "school", "name": "Kendriya Vidyalaya AGCR", "lon": 77.2957514, "lat": 28.65164702857143}, "geometry": {"type": "Point", "coordinates": [77.2957514, 28.65164702857143]}}, {"type": "Feature", "properties": {"osm_id": "way/176162456", "kind": "school", "name": "Bachchan Prasad Sarvodaya Kanya Vidyalaya", "lon": 77.23816087777777, "lat": 28.49947127777778}, "geometry": {"type": "Point", "coordinates": [77.23816087777777, 28.49947127777778]}}, {"type": "Feature", "properties": {"osm_id": "way/188594023", "kind": "industrial", "name": "Sector 32", "lon": 77.310947692, "lat": 28.454638996, "area_km2": 1.3041}, "geometry": {"type": "Polygon", "coordinates": [[[77.3088784, 28.4391052], [77.3082386, 28.4465003], [77.3077973, 28.4512885], [77.30702, 28.4603], [77.3069034, 28.4617862], [77.3070452, 28.46202], [77.3072544, 28.462154], [77.3075132, 28.4622164], [77.3110236, 28.4621883], [77.3121867, 28.4627525], [77.3123285, 28.4631204], [77.3123994, 28.4632295], [77.3129774, 28.4632638], [77.3131866, 28.4617612], [77.3135802, 28.4600717], [77.3146581, 28.4565646], [77.3153567, 28.4538711], [77.3157503, 28.4521565], [77.3114101, 28.4521596], [77.3114101, 28.4505977], [77.3118321, 28.448512], [77.3117647, 28.4469001], [77.3121654, 28.4452851], [77.3121335, 28.439065], [77.3088784, 28.4391052]]]}}, {"type": "Feature", "properties": {"osm_id": "way/188594928", "kind": "industrial", "name": "Sector 27C", "lon": 77.3046328125, "lat": 28.4693032625, "area_km2": 0.4385}, "geometry": {"type": "Polygon", "coordinates": [[[77.303308, 28.4625329], [77.3027115, 28.4679436], [77.3019021, 28.4752282], [77.3026838, 28.4752768], [77.3030984, 28.4752663], [77.3049579, 28.4747041], [77.3050368, 28.4745966], [77.3052941, 28.4729], [77.305479, 28.4727781], [77.3056093, 28.4722957], [77.305933, 28.4690021], [77.3061228, 28.4656936], [77.3063326, 28.4629281], [77.3062923, 28.4626161], [77.3060554, 28.4625571], [77.303308, 28.4625329]]]}}, {"type": "Feature", "properties": {"osm_id": "way/188594930", "kind": "industrial", "name": "Sector 35", "lon": 77.30907682608695, "lat": 28.464347839130433, "area_km2": 0.2355}, "geometry": {"type": "Polygon", "coordinates": [[[77.3070747, 28.4626121], [77.3072262, 28.4625929], [77.3073052, 28.4624141], [77.3102465, 28.4624037], [77.3107478, 28.4624072], [77.3110815, 28.4624697], [77.3116598, 28.4627248], [77.3119619, 28.4629001], [77.3120981, 28.4630996], [77.3120803, 28.4633443], [77.3118567, 28.4654799], [77.3107931, 28.4655302], [77.3107316, 28.4661757], [77.3094517, 28.4661929], [77.3094824, 28.4675623], [77.3067144, 28.4675993], [77.3066828, 28.467169], [77.3066909, 28.4670676], [77.3067117, 28.4665528], [77.3069844, 28.4645773], [77.3070306, 28.4637132], [77.30708, 28.4627995], [77.3070747, 28.4626121]]]}}, {"type": "Feature", "properties": {"osm_id": "way/188600067", "kind": "industrial", "name": "Sector 27D", "lon": 77.30367195882353, "lat": 28.478835811764704, "area_km2": 0.4319}, "geometry": {"type": "Polygon", "coordinates": [[[77.3019547, 28.4753991], [77.3010573, 28.4835239], [77.3005847, 28.487802], [77.3041578, 28.4870837], [77.304521, 28.4834435], [77.3046099, 28.4824203], [77.3047816, 28.4804451], [77.3046119, 28.4778631], [77.3044346, 28.4772287], [77.3044381, 28.4765767], [77.304858, 28.476255], [77.3049096, 28.4760259], [77.3050224, 28.4749479], [77.3048764, 28.4749098], [77.3030168, 28.4754373], [77.3026338, 28.4754477], [77.3019547, 28.4753991]]]}}, {"type": "Feature", "properties": {"osm_id": "way/188603028", "kind": "industrial", "name": "Industrial", "lon": 77.2985584125, "lat": 28.47283819375, "area_km2": 0.1551}, "geometry": {"type": "Polygon", "coordinates": [[[77.2954429, 28.4716566], [77.298343, 28.4716774], [77.2988464, 28.4716809], [77.2993319, 28.4717651], [77.3004216, 28.4719386], [77.300777, 28.4729104], [77.3014601, 28.4729521], [77.3015509, 28.4731881], [77.3013535, 28.4751456], [77.3005085, 28.4747187], [77.2983329, 28.4747916], [77.2969392, 28.4747916], [77.2963982, 28.4724454], [77.2962521, 28.4722857], [77.2955335, 28.4718067], [77.2954429, 28.4716566]]]}}, {"type": "Feature", "properties": {"osm_id": "way/189074989", "kind": "school", "name": "School", "lon": 77.00707778, "lat": 28.470425740000003}, "geometry": {"type": "Point", "coordinates": [77.00707778, 28.470425740000003]}}, {"type": "Feature", "properties": {"osm_id": "way/189075001", "kind": "school", "name": "Colonel's Central Academy", "lon": 77.00506522, "lat": 28.47678038}, "geometry": {"type": "Point", "coordinates": [77.00506522, 28.47678038]}}, {"type": "Feature", "properties": {"osm_id": "way/189075005", "kind": "school", "name": "Blue Bells Model Sr. Sec. School", "lon": 77.01162528, "lat": 28.477983799999997}, "geometry": {"type": "Point", "coordinates": [77.01162528, 28.477983799999997]}}, {"type": "Feature", "properties": {"osm_id": "way/189075035", "kind": "school", "name": "School", "lon": 77.01189458333333, "lat": 28.475641766666666}, "geometry": {"type": "Point", "coordinates": [77.01189458333333, 28.475641766666666]}}, {"type": "Feature", "properties": {"osm_id": "way/189075039", "kind": "school", "name": "School", "lon": 77.00682948571429, "lat": 28.473818842857145}, "geometry": {"type": "Point", "coordinates": [77.00682948571429, 28.473818842857145]}}, {"type": "Feature", "properties": {"osm_id": "way/189101910", "kind": "school", "name": "School", "lon": 77.03759784, "lat": 28.519431700000002}, "geometry": {"type": "Point", "coordinates": [77.03759784, 28.519431700000002]}}, {"type": "Feature", "properties": {"osm_id": "way/189108366", "kind": "hospital", "name": "Columbia Asia Hospital", "lon": 77.04144654000001, "lat": 28.509081520000002}, "geometry": {"type": "Point", "coordinates": [77.04144654000001, 28.509081520000002]}}, {"type": "Feature", "properties": {"osm_id": "way/189430835", "kind": "school", "name": "Bal Bharati School", "lon": 77.039636675, "lat": 28.5952428125}, "geometry": {"type": "Point", "coordinates": [77.039636675, 28.5952428125]}}, {"type": "Feature", "properties": {"osm_id": "way/189447670", "kind": "school", "name": "Indraprashtha International Schoool", "lon": 77.06212694, "lat": 28.5856249}, "geometry": {"type": "Point", "coordinates": [77.06212694, 28.5856249]}}, {"type": "Feature", "properties": {"osm_id": "way/189447985", "kind": "school", "name": "Vandana International School", "lon": 77.05893502, "lat": 28.582148699999998}, "geometry": {"type": "Point", "coordinates": [77.05893502, 28.582148699999998]}}, {"type": "Feature", "properties": {"osm_id": "way/189447986", "kind": "school", "name": "Venkteshwara International School", "lon": 77.05797510000001, "lat": 28.5842563}, "geometry": {"type": "Point", "coordinates": [77.05797510000001, 28.5842563]}}, {"type": "Feature", "properties": {"osm_id": "way/189450635", "kind": "school", "name": "Delhi English Academy Public School", "lon": 77.03766957500001, "lat": 28.5534337}, "geometry": {"type": "Point", "coordinates": [77.03766957500001, 28.5534337]}}, {"type": "Feature", "properties": {"osm_id": "way/189450636", "kind": "school", "name": "New Era Public School", "lon": 77.03936008, "lat": 28.556213430000003}, "geometry": {"type": "Point", "coordinates": [77.03936008, 28.556213430000003]}}, {"type": "Feature", "properties": {"osm_id": "way/189598819", "kind": "industrial", "name": "All India Radio SW", "lon": 77.1248439974359, "lat": 28.821668446153847, "area_km2": 1.9764}, "geometry": {"type": "Polygon", "coordinates": [[[77.1310389, 28.8269352], [77.1324601, 28.8222561], [77.1335122, 28.8187603], [77.1324673, 28.8177224], [77.1316299, 28.8169229], [77.1311468, 28.8163554], [77.1308569, 28.8155841], [77.1302199, 28.8145619], [77.1300518, 28.8142139], [77.129951, 28.8129768], [77.1263009, 28.8135381], [77.1258965, 28.8123654], [77.1245152, 28.8128169], [77.1233414, 28.8133625], [77.1223931, 28.8140742], [77.1193084, 28.8170905], [77.1185103, 28.8178524], [77.1189577, 28.818583], [77.1189727, 28.8195544], [77.1189827, 28.8201977], [77.1192225, 28.8202102], [77.1192293, 28.8231663], [77.1192296, 28.8233078], [77.1192388, 28.8239816], [77.1192608, 28.825582], [77.119269, 28.8261797], [77.1185962, 28.8261985], [77.1186213, 28.8264994], [77.1192941, 28.8264775], [77.1211048, 28.8265872], [77.1232305, 28.8261326], [77.1243756, 28.8263113], [77.1242217, 28.8271077], [77.1263331, 28.8287348], [77.127922, 28.8307537], [77.1289884, 28.8320955], [77.1293641, 28.8323243], [77.1298615, 28.83076], [77.1310389, 28.8269352]]]}}, {"type": "Feature", "properties": {"osm_id": "way/190041780", "kind": "school", "name": "GD Goenka Public School", "lon": 77.00388231666666, "lat": 28.443572383333333}, "geometry": {"type": "Point", "coordinates": [77.00388231666666, 28.443572383333333]}}, {"type": "Feature", "properties": {"osm_id": "way/190041782", "kind": "school", "name": "School", "lon": 77.002826, "lat": 28.4481944}, "geometry": {"type": "Point", "coordinates": [77.002826, 28.4481944]}}, {"type": "Feature", "properties": {"osm_id": "way/190041783", "kind": "school", "name": "Dav School", "lon": 77.0084064375, "lat": 28.4433949375}, "geometry": {"type": "Point", "coordinates": [77.0084064375, 28.4433949375]}}, {"type": "Feature", "properties": {"osm_id": "way/190045089", "kind": "hospital", "name": "Civil Hospital, Sector 10, Gurugram", "lon": 76.99661794000001, "lat": 28.456297380000002}, "geometry": {"type": "Point", "coordinates": [76.99661794000001, 28.456297380000002]}}, {"type": "Feature", "properties": {"osm_id": "way/190045090", "kind": "school", "name": "School", "lon": 77.0046436, "lat": 28.45282954}, "geometry": {"type": "Point", "coordinates": [77.0046436, 28.45282954]}}, {"type": "Feature", "properties": {"osm_id": "way/190049556", "kind": "industrial", "name": "Hero MotoCorp", "lon": 77.015203825, "lat": 28.43607845833333, "area_km2": 0.294}, "geometry": {"type": "Polygon", "coordinates": [[[77.0188256, 28.435415], [77.0159859, 28.432417], [77.0108661, 28.4357408], [77.0108138, 28.4358716], [77.0108427, 28.4359918], [77.0126425, 28.4380806], [77.0132696, 28.4377162], [77.0142908, 28.4387575], [77.0185736, 28.4360374], [77.0187357, 28.4358401], [77.018774, 28.4356585], [77.0188256, 28.435415]]]}}, {"type": "Feature", "properties": {"osm_id": "way/190049557", "kind": "industrial", "name": "Industrial", "lon": 77.01697546, "lat": 28.43241954, "area_km2": 0.02}, "geometry": {"type": "Polygon", "coordinates": [[[77.0161646, 28.4322891], [77.017073, 28.4333572], [77.0181818, 28.4325916], [77.0172933, 28.4315707], [77.0161646, 28.4322891]]]}}, {"type": "Feature", "properties": {"osm_id": "way/190291171", "kind": "school", "name": "Ryan", "lon": 77.1390049, "lat": 28.53960787142857}, "geometry": {"type": "Point", "coordinates": [77.1390049, 28.53960787142857]}}, {"type": "Feature", "properties": {"osm_id": "way/190291267", "kind": "school", "name": "Vasant Valley School", "lon": 77.14447923636364, "lat": 28.53374810909091}, "geometry": {"type": "Point", "coordinates": [77.14447923636364, 28.53374810909091]}}, {"type": "Feature", "properties": {"osm_id": "way/190323304", "kind": "school", "name": "G.D.Goenka World School", "lon": 77.15440857142858, "lat": 28.528542514285714}, "geometry": {"type": "Point", "coordinates": [77.15440857142858, 28.528542514285714]}}, {"type": "Feature", "properties": {"osm_id": "way/190323355", "kind": "school", "name": "School", "lon": 77.15384522000001, "lat": 28.52927962}, "geometry": {"type": "Point", "coordinates": [77.15384522000001, 28.52927962]}}, {"type": "Feature", "properties": {"osm_id": "way/190333646", "kind": "hospital", "name": "Indian Spinal Injuries Centre", "lon": 77.14208513, "lat": 28.532121519999997}, "geometry": {"type": "Point", "coordinates": [77.14208513, 28.532121519999997]}}, {"type": "Feature", "properties": {"osm_id": "way/190333712", "kind": "school", "name": "School", "lon": 77.16148734000001, "lat": 28.52152448}, "geometry": {"type": "Point", "coordinates": [77.16148734000001, 28.52152448]}}, {"type": "Feature", "properties": {"osm_id": "way/190333713", "kind": "school", "name": "School", "lon": 77.16078565, "lat": 28.520903133333334}, "geometry": {"type": "Point", "coordinates": [77.16078565, 28.520903133333334]}}, {"type": "Feature", "properties": {"osm_id": "way/190333720", "kind": "school", "name": "School", "lon": 77.143857025, "lat": 28.531519975}, "geometry": {"type": "Point", "coordinates": [77.143857025, 28.531519975]}}, {"type": "Feature", "properties": {"osm_id": "way/200304514", "kind": "school", "name": "Notre Dame School", "lon": 76.9267962, "lat": 28.613656036363636}, "geometry": {"type": "Point", "coordinates": [76.9267962, 28.613656036363636]}}, {"type": "Feature", "properties": {"osm_id": "way/201289538", "kind": "school", "name": "School", "lon": 76.98077342857142, "lat": 28.614796028571426}, "geometry": {"type": "Point", "coordinates": [76.98077342857142, 28.614796028571426]}}, {"type": "Feature", "properties": {"osm_id": "way/203071972", "kind": "hospital", "name": "Chaudhary Brahm Prakash Charak Sansthan", "lon": 76.9357975264151, "lat": 28.572194103773587}, "geometry": {"type": "Point", "coordinates": [76.9357975264151, 28.572194103773587]}}, {"type": "Feature", "properties": {"osm_id": "way/203111512", "kind": "industrial", "name": "Industrial", "lon": 76.85534768367347, "lat": 28.394697304081635, "area_km2": 0.483}, "geometry": {"type": "Polygon", "coordinates": [[[76.8459184, 28.3950327], [76.8456447, 28.3954592], [76.8551863, 28.4001398], [76.8551736, 28.3992777], [76.8563347, 28.3995438], [76.8570793, 28.3987594], [76.857709, 28.3964984], [76.8577731, 28.3962682], [76.8588481, 28.3963022], [76.8589027, 28.3946677], [76.8584533, 28.394648], [76.8584389, 28.394372], [76.8601491, 28.3936852], [76.8613121, 28.3929464], [76.862205, 28.3925801], [76.8617498, 28.3923911], [76.8615784, 28.3926625], [76.8602069, 28.392654], [76.8602085, 28.3923739], [76.8595156, 28.3923735], [76.8595154, 28.3928136], [76.8588273, 28.3928029], [76.8588092, 28.3931645], [76.8581165, 28.3931674], [76.8581536, 28.3909976], [76.856859, 28.3904292], [76.856799, 28.3933846], [76.8578933, 28.3933698], [76.8578998, 28.3947153], [76.8574411, 28.3949807], [76.8569331, 28.3944983], [76.8565437, 28.394245], [76.8560228, 28.3941213], [76.8560591, 28.3955578], [76.853992, 28.3954832], [76.8539923, 28.3954024], [76.8533206, 28.3954051], [76.8533219, 28.3950477], [76.8505821, 28.395045], [76.850577, 28.3952976], [76.849904, 28.3952911], [76.8498937, 28.3955541], [76.8497761, 28.395554], [76.8497818, 28.3950218], [76.8485328, 28.3950147], [76.8485151, 28.3955546], [76.8478236, 28.3955493], [76.8478447, 28.3950308], [76.8459184, 28.3950327]]]}}, {"type": "Feature", "properties": {"osm_id": "way/204969676", "kind": "industrial", "name": "Industrial", "lon": 77.28504225, "lat": 28.518095419999998, "area_km2": 0.061}, "geometry": {"type": "Polygon", "coordinates": [[[77.2848918, 28.5188973], [77.2862498, 28.5193916], [77.2866874, 28.5184672], [77.2844865, 28.5153142], [77.2833487, 28.5159286], [77.2849068, 28.5182218], [77.2849786, 28.5184634], [77.284997, 28.5186165], [77.2849841, 28.5187563], [77.2848918, 28.5188973]]]}}, {"type": "Feature", "properties": {"osm_id": "way/204969700", "kind": "industrial", "name": "Kushak Nallah Bus Depot", "lon": 77.229691864, "lat": 28.579356395999998, "area_km2": 0.0442}, "geometry": {"type": "Polygon", "coordinates": [[[77.2250247, 28.5792481], [77.2250488, 28.5795873], [77.2270256, 28.579453], [77.228871, 28.5794224], [77.2288698, 28.5794581], [77.2288683, 28.5795025], [77.2292438, 28.5795143], [77.2296032, 28.5795001], [77.2300921, 28.5794998], [77.2300921, 28.5794533], [77.2300921, 28.5794295], [77.2311541, 28.5794695], [77.2321003, 28.5795022], [77.2340862, 28.5795406], [77.2340745, 28.5795873], [77.2356224, 28.5796462], [77.2356411, 28.5791896], [77.2316366, 28.5791206], [77.2307029, 28.5790577], [77.2296649, 28.5790785], [77.228702, 28.5790573], [77.2279054, 28.5790573], [77.2272241, 28.5790974], [77.2259259, 28.5791892], [77.2250247, 28.5792481]]]}}, {"type": "Feature", "properties": {"osm_id": "way/204980210", "kind": "industrial", "name": "Industrial", "lon": 77.120722475, "lat": 28.774581995833334, "area_km2": 0.9222}, "geometry": {"type": "Polygon", "coordinates": [[[77.1152544, 28.7777953], [77.11714, 28.7762776], [77.1171889, 28.7762382], [77.1180652, 28.7755329], [77.1187044, 28.7750185], [77.1192682, 28.77303], [77.1223288, 28.7729241], [77.121995, 28.77034], [77.1214503, 28.7698246], [77.1222581, 28.7684629], [77.123182, 28.768438], [77.1234296, 28.7684409], [77.1244211, 28.7703238], [77.1245194, 28.7704281], [77.1250864, 28.770124], [77.126506, 28.7703377], [77.1259398, 28.7753597], [77.1245772, 28.780837], [77.1222214, 28.7808897], [77.1211903, 28.7808946], [77.1177357, 28.7809111], [77.1148114, 28.780925], [77.1148114, 28.7788189], [77.1152544, 28.7777953]]]}}, {"type": "Feature", "properties": {"osm_id": "way/204980211", "kind": "industrial", "name": "Industrial", "lon": 77.14778235517241, "lat": 28.796667955172413, "area_km2": 1.2222}, "geometry": {"type": "Polygon", "coordinates": [[[77.1456027, 28.8024386], [77.1435559, 28.802398], [77.1443396, 28.7945785], [77.1442812, 28.7937492], [77.1439076, 28.7925748], [77.1426833, 28.7897822], [77.1433314, 28.7897348], [77.1433083, 28.7890606], [77.144632, 28.789058], [77.1446277, 28.7882359], [77.1514689, 28.7882201], [77.1514149, 28.7895455], [77.1533773, 28.7896559], [77.1533773, 28.7944997], [77.151793, 28.7946101], [77.151649, 28.7974184], [77.1493806, 28.7975919], [77.1494346, 28.7997533], [77.1497513, 28.799751], [77.1496653, 28.8011062], [77.1517467, 28.8010873], [77.1511352, 28.8020933], [77.1497083, 28.8030617], [77.1487749, 28.8030711], [77.1487319, 28.8034095], [77.1464038, 28.8034565], [77.1463609, 28.8005138], [77.145642, 28.8004762], [77.1456027, 28.8024386]]]}}, {"type": "Feature", "properties": {"osm_id": "way/204980217", "kind": "industrial", "name": "Industrial", "lon": 77.14637810833334, "lat": 28.774932775, "area_km2": 0.2784}, "geometry": {"type": "Polygon", "coordinates": [[[77.1437789, 28.7729149], [77.144432, 28.7729149], [77.1453287, 28.7740085], [77.1483504, 28.7732908], [77.1488573, 28.7742904], [77.1486918, 28.7746691], [77.1483591, 28.7752147], [77.1482866, 28.7753266], [77.1480143, 28.7757723], [77.1462742, 28.7789808], [77.1423851, 28.7788954], [77.1437789, 28.7729149]]]}}, {"type": "Feature", "properties": {"osm_id": "way/206152771", "kind": "industrial", "name": "Industrial", "lon": 76.9850024888889, "lat": 28.688180077777776, "area_km2": 1.2684}, "geometry": {"type": "Polygon", "coordinates": [[[76.9912216, 28.6859361], [76.9943308, 28.6856612], [76.9937697, 28.6896086], [76.9936098, 28.691506], [76.9733837, 28.6930876], [76.9733302, 28.6875455], [76.9756514, 28.6872854], [76.9785036, 28.6870542], [76.9912216, 28.6859361]]]}}, {"type": "Feature", "properties": {"osm_id": "way/206152775", "kind": "industrial", "name": "Industrial", "lon": 76.888881178481, "lat": 28.71322136455696, "area_km2": 3.9878}, "geometry": {"type": "Polygon", "coordinates": [[[76.9015516, 28.7138926], [76.9045058, 28.7123127], [76.9044471, 28.7083929], [76.9056648, 28.7082894], [76.9056272, 28.7077671], [76.9063729, 28.7077248], [76.9063422, 28.7043836], [76.8995153, 28.7082078], [76.8968832, 28.7096821], [76.8967898, 28.7097513], [76.8948724, 28.7110722], [76.893336, 28.7119459], [76.8934017, 28.7100114], [76.8923932, 28.7099314], [76.8920875, 28.7099338], [76.8920445, 28.7092774], [76.8883082, 28.7033796], [76.8870583, 28.703996], [76.8867311, 28.703102], [76.8860391, 28.7034219], [76.8857065, 28.7032573], [76.8855187, 28.7033278], [76.8832764, 28.703389], [76.8828982, 28.7035796], [76.880607, 28.6999338], [76.8799263, 28.6988507], [76.8796688, 28.6989637], [76.878864, 28.6995417], [76.8754799, 28.7061499], [76.8741572, 28.7085641], [76.8696907, 28.7186133], [76.8720371, 28.7195196], [76.874918, 28.7190842], [76.8763787, 28.7185364], [76.8781275, 28.7176708], [76.8784816, 28.7201453], [76.8798619, 28.7201453], [76.8798459, 28.7203194], [76.8812183, 28.7203648], [76.8812087, 28.7197946], [76.8818892, 28.7197858], [76.8818796, 28.7192202], [76.8821325, 28.7192169], [76.8821241, 28.7187178], [76.8832614, 28.718703], [76.8832702, 28.7192275], [76.8839157, 28.7192191], [76.8839244, 28.719736], [76.8846524, 28.7197313], [76.8846148, 28.718654], [76.8860042, 28.7186446], [76.8860096, 28.7180942], [76.8859935, 28.7175202], [76.888032, 28.7175296], [76.8880641, 28.7180424], [76.8894374, 28.7180236], [76.8896466, 28.7185787], [76.8907839, 28.7185599], [76.8907303, 28.7175202], [76.8909931, 28.7174967], [76.8909931, 28.7169792], [76.892758, 28.7169557], [76.8927526, 28.7164052], [76.8921304, 28.7163958], [76.8921223, 28.7152878], [76.891551, 28.7152973], [76.8915483, 28.7147186], [76.8920982, 28.7147021], [76.8921062, 28.714775], [76.8928251, 28.714735], [76.8932623, 28.7147303], [76.8931228, 28.7145092], [76.8935305, 28.7141822], [76.8955153, 28.7141893], [76.8982595, 28.714156], [76.8982658, 28.7144714], [76.8990015, 28.7144601], [76.8990163, 28.7151961], [76.9015516, 28.7138926]]]}}, {"type": "Feature", "properties": {"osm_id": "way/206152781", "kind": "industrial", "name": "Industrial", "lon": 76.91905041428572, "lat": 28.6999095, "area_km2": 0.3651}, "geometry": {"type": "Polygon", "coordinates": [[[76.9176305, 28.7024827], [76.9167557, 28.7012769], [76.9159833, 28.7001585], [76.9156058, 28.6996082], [76.9239134, 28.6950858], [76.9258337, 28.6982717], [76.9176305, 28.7024827]]]}}, {"type": "Feature", "properties": {"osm_id": "way/206152782", "kind": "industrial", "name": "Industrial", "lon": 76.93755204347826, "lat": 28.696357939130433, "area_km2": 0.2932}, "geometry": {"type": "Polygon", "coordinates": [[[76.9354763, 28.6999537], [76.9417353, 28.6983567], [76.9414052, 28.6978202], [76.9410405, 28.6972885], [76.9402465, 28.6960321], [76.9404624, 28.6960145], [76.9404557, 28.6955686], [76.9404337, 28.694089], [76.938943, 28.6941899], [76.9390208, 28.6947122], [76.9383126, 28.6948698], [76.9380927, 28.6948016], [76.936661, 28.6950646], [76.9363738, 28.6946912], [76.9358879, 28.6949287], [76.9362178, 28.6954557], [76.9344476, 28.6960698], [76.9343322, 28.6958863], [76.9340297, 28.6959941], [76.9345841, 28.6969479], [76.9347936, 28.6980531], [76.9352683, 28.6994907], [76.9354763, 28.6999537]]]}}, {"type": "Feature", "properties": {"osm_id": "way/206152783", "kind": "industrial", "name": "Industrial", "lon": 77.128621, "lat": 28.800766991666666, "area_km2": 0.6152}, "geometry": {"type": "Polygon", "coordinates": [[[77.1240661, 28.798269], [77.1241543, 28.8054445], [77.1323671, 28.805402], [77.1353954, 28.8031093], [77.1356184, 28.8014277], [77.130412, 28.8014277], [77.1304362, 28.7999416], [77.1275404, 28.7996619], [77.1271342, 28.7997338], [77.1272069, 28.7982902], [77.1250549, 28.7982272], [77.1240661, 28.798269]]]}}, {"type": "Feature", "properties": {"osm_id": "way/206564482", "kind": "hospital", "name": "Doctor B.L. Kapoor Memorial Hospital", "lon": 77.17949407142858, "lat": 28.64361104285714}, "geometry": {"type": "Point", "coordinates": [77.17949407142858, 28.64361104285714]}}, {"type": "Feature", "properties": {"osm_id": "way/206564484", "kind": "industrial", "name": "Industrial", "lon": 77.18146686, "lat": 28.643451219999996, "area_km2": 0.0062}, "geometry": {"type": "Polygon", "coordinates": [[[77.1810336, 28.643589], [77.1821, 28.6437458], [77.1821842, 28.6432556], [77.1809829, 28.6430767], [77.1810336, 28.643589]]]}}, {"type": "Feature", "properties": {"osm_id": "way/206564485", "kind": "school", "name": "School", "lon": 77.18149624, "lat": 28.647869500000002}, "geometry": {"type": "Point", "coordinates": [77.18149624, 28.647869500000002]}}, {"type": "Feature", "properties": {"osm_id": "way/209295014", "kind": "school", "name": "CRPF Public School", "lon": 77.01724618, "lat": 28.6015079}, "geometry": {"type": "Point", "coordinates": [77.01724618, 28.6015079]}}, {"type": "Feature", "properties": {"osm_id": "way/209295081", "kind": "hospital", "name": "Hospital", "lon": 77.02339207, "lat": 28.597122159999998}, "geometry": {"type": "Point", "coordinates": [77.02339207, 28.597122159999998]}}, {"type": "Feature", "properties": {"osm_id": "way/209296170", "kind": "school", "name": "Dwarka International School", "lon": 77.0451131125, "lat": 28.598942575}, "geometry": {"type": "Point", "coordinates": [77.0451131125, 28.598942575]}}, {"type": "Feature", "properties": {"osm_id": "way/209507746", "kind": "school", "name": "School", "lon": 77.05328135, "lat": 28.585035216666668}, "geometry": {"type": "Point", "coordinates": [77.05328135, 28.585035216666668]}}, {"type": "Feature", "properties": {"osm_id": "way/211131853", "kind": "hospital", "name": "Jyoti Memorial Charitable Hospital", "lon": 76.98848681428571, "lat": 28.612219371428573}, "geometry": {"type": "Point", "coordinates": [76.98848681428571, 28.612219371428573]}}, {"type": "Feature", "properties": {"osm_id": "way/215069454", "kind": "industrial", "name": "Anaj Mandi", "lon": 76.97418525333335, "lat": 28.620667766666667, "area_km2": 0.046}, "geometry": {"type": "Polygon", "coordinates": [[[76.9725808, 28.6210976], [76.9729568, 28.6216104], [76.9735844, 28.6216246], [76.974078, 28.6213891], [76.9745066, 28.62114], [76.9749733, 28.620655], [76.9752552, 28.6205828], [76.9757056, 28.6206006], [76.9756224, 28.6203489], [76.9754239, 28.6200664], [76.9751879, 28.6195248], [76.9746842, 28.6188934], [76.9728865, 28.6205985], [76.9727524, 28.6207868], [76.9725808, 28.6210976]]]}}, {"type": "Feature", "properties": {"osm_id": "way/215160071", "kind": "school", "name": "School", "lon": 77.04290583333334, "lat": 28.57513366666667}, "geometry": {"type": "Point", "coordinates": [77.04290583333334, 28.57513366666667]}}, {"type": "Feature", "properties": {"osm_id": "way/215266291", "kind": "hospital", "name": "Hospital", "lon": 77.04830318, "lat": 28.57769614}, "geometry": {"type": "Point", "coordinates": [77.04830318, 28.57769614]}}, {"type": "Feature", "properties": {"osm_id": "way/217422071", "kind": "school", "name": "School", "lon": 76.98937532, "lat": 28.599843299999996}, "geometry": {"type": "Point", "coordinates": [76.98937532, 28.599843299999996]}}, {"type": "Feature", "properties": {"osm_id": "way/217603873", "kind": "school", "name": "Govt. Sr Sec School", "lon": 77.007467355, "lat": 28.589620760000003}, "geometry": {"type": "Point", "coordinates": [77.007467355, 28.589620760000003]}}, {"type": "Feature", "properties": {"osm_id": "way/217604802", "kind": "school", "name": "School", "lon": 76.99911105, "lat": 28.591394383333334}, "geometry": {"type": "Point", "coordinates": [76.99911105, 28.591394383333334]}}, {"type": "Feature", "properties": {"osm_id": "way/217820372", "kind": "school", "name": "Blooming Blossoms", "lon": 77.2903316, "lat": 28.416538100000004}, "geometry": {"type": "Point", "coordinates": [77.2903316, 28.416538100000004]}}, {"type": "Feature", "properties": {"osm_id": "way/217866658", "kind": "school", "name": "Infant Jesus Public School", "lon": 77.0074011, "lat": 28.57796078}, "geometry": {"type": "Point", "coordinates": [77.0074011, 28.57796078]}}, {"type": "Feature", "properties": {"osm_id": "way/217961416", "kind": "industrial", "name": "Industrial", "lon": 76.9736397125, "lat": 28.6188775, "area_km2": 0.0074}, "geometry": {"type": "Polygon", "coordinates": [[[76.9729987, 28.6188562], [76.9737438, 28.6186544], [76.9738088, 28.6186537], [76.9743345, 28.6186726], [76.9745169, 28.6187244], [76.9735781, 28.6195155], [76.9731382, 28.619087], [76.9729987, 28.6188562]]]}}, {"type": "Feature", "properties": {"osm_id": "way/221183522", "kind": "school", "name": "Kendriya Vidyalaya", "lon": 77.08632508888888, "lat": 28.618341933333333}, "geometry": {"type": "Point", "coordinates": [77.08632508888888, 28.618341933333333]}}, {"type": "Feature", "properties": {"osm_id": "way/221328215", "kind": "school", "name": "St. Francis De Sales School", "lon": 77.08006646, "lat": 28.62470116}, "geometry": {"type": "Point", "coordinates": [77.08006646, 28.62470116]}}, {"type": "Feature", "properties": {"osm_id": "way/221340536", "kind": "hospital", "name": "JANAKPURI SUPER SPECIALITY HOSPITAL", "lon": 77.08990984444443, "lat": 28.620528288888888}, "geometry": {"type": "Point", "coordinates": [77.08990984444443, 28.620528288888888]}}, {"type": "Feature", "properties": {"osm_id": "way/221353891", "kind": "school", "name": "School", "lon": 77.104435325, "lat": 28.6094694875}, "geometry": {"type": "Point", "coordinates": [77.104435325, 28.6094694875]}}, {"type": "Feature", "properties": {"osm_id": "way/221428710", "kind": "school", "name": "SDMC Primary School", "lon": 77.075815, "lat": 28.63096488}, "geometry": {"type": "Point", "coordinates": [77.075815, 28.63096488]}}, {"type": "Feature", "properties": {"osm_id": "way/221438979", "kind": "school", "name": "School", "lon": 77.28261818, "lat": 28.65928822}, "geometry": {"type": "Point", "coordinates": [77.28261818, 28.65928822]}}, {"type": "Feature", "properties": {"osm_id": "way/221529467", "kind": "hospital", "name": "Maharaja Agarsain Hospital (Charitable)", "lon": 77.1647364857143, "lat": 28.691592500000002}, "geometry": {"type": "Point", "coordinates": [77.1647364857143, 28.691592500000002]}}, {"type": "Feature", "properties": {"osm_id": "way/221595600", "kind": "school", "name": "School", "lon": 76.98758391363637, "lat": 28.61161936818182}, "geometry": {"type": "Point", "coordinates": [76.98758391363637, 28.61161936818182]}}, {"type": "Feature", "properties": {"osm_id": "way/225192154", "kind": "hospital", "name": "Hospital", "lon": 77.06432626, "lat": 28.47508358}, "geometry": {"type": "Point", "coordinates": [77.06432626, 28.47508358]}}, {"type": "Feature", "properties": {"osm_id": "way/239534922", "kind": "industrial", "name": "Industrial", "lon": 77.30530647272727, "lat": 28.444215609090907, "area_km2": 0.0019}, "geometry": {"type": "Polygon", "coordinates": [[[77.3056012, 28.4443709], [77.3052992, 28.4443661], [77.3051955, 28.4443693], [77.305201, 28.4443309], [77.3051955, 28.4442798], [77.3050936, 28.4442798], [77.3050936, 28.4439822], [77.3052355, 28.4439822], [77.3052446, 28.4440142], [77.3056103, 28.4440254], [77.3056012, 28.4443709]]]}}, {"type": "Feature", "properties": {"osm_id": "way/239636987", "kind": "school", "name": "Government School", "lon": 77.2131408, "lat": 28.5231698}, "geometry": {"type": "Point", "coordinates": [77.2131408, 28.5231698]}}, {"type": "Feature", "properties": {"osm_id": "way/239637984", "kind": "school", "name": "Amity International School", "lon": 77.21467788333332, "lat": 28.52339376666667}, "geometry": {"type": "Point", "coordinates": [77.21467788333332, 28.52339376666667]}}, {"type": "Feature", "properties": {"osm_id": "way/239637987", "kind": "school", "name": "Apeejay School, Saket", "lon": 77.21327295714286, "lat": 28.52068787142857}, "geometry": {"type": "Point", "coordinates": [77.21327295714286, 28.52068787142857]}}, {"type": "Feature", "properties": {"osm_id": "way/239638765", "kind": "school", "name": "Green Field School", "lon": 77.209477725, "lat": 28.5236745}, "geometry": {"type": "Point", "coordinates": [77.209477725, 28.5236745]}}, {"type": "Feature", "properties": {"osm_id": "way/239641067", "kind": "school", "name": "Government School", "lon": 77.20925266, "lat": 28.522798599999998}, "geometry": {"type": "Point", "coordinates": [77.20925266, 28.522798599999998]}}, {"type": "Feature", "properties": {"osm_id": "way/239641078", "kind": "school", "name": "Gyan Bharati School", "lon": 77.2065125, "lat": 28.525525000000002}, "geometry": {"type": "Point", "coordinates": [77.2065125, 28.525525000000002]}}, {"type": "Feature", "properties": {"osm_id": "way/254130940", "kind": "school", "name": "School", "lon": 77.21281274814815, "lat": 28.530156251851853}, "geometry": {"type": "Point", "coordinates": [77.21281274814815, 28.530156251851853]}}, {"type": "Feature", "properties": {"osm_id": "way/255352551", "kind": "school", "name": "Vanasthali Public School", "lon": 77.33497537999999, "lat": 28.604568460000003}, "geometry": {"type": "Point", "coordinates": [77.33497537999999, 28.604568460000003]}}, {"type": "Feature", "properties": {"osm_id": "way/257886431", "kind": "school", "name": "School", "lon": 77.0625904, "lat": 28.625135160000003}, "geometry": {"type": "Point", "coordinates": [77.0625904, 28.625135160000003]}}, {"type": "Feature", "properties": {"osm_id": "way/258861942", "kind": "school", "name": "School", "lon": 77.08915976666667, "lat": 28.586995433333332}, "geometry": {"type": "Point", "coordinates": [77.08915976666667, 28.586995433333332]}}, {"type": "Feature", "properties": {"osm_id": "way/258902317", "kind": "school", "name": "School", "lon": 77.08666671428571, "lat": 28.612058471428572}, "geometry": {"type": "Point", "coordinates": [77.08666671428571, 28.612058471428572]}}, {"type": "Feature", "properties": {"osm_id": "way/259024070", "kind": "school", "name": "School", "lon": 77.28325592, "lat": 28.674210140000003}, "geometry": {"type": "Point", "coordinates": [77.28325592, 28.674210140000003]}}, {"type": "Feature", "properties": {"osm_id": "way/259027104", "kind": "school", "name": "Government Co-education Senior Secondary School", "lon": 77.20170466666667, "lat": 28.6844516}, "geometry": {"type": "Point", "coordinates": [77.20170466666667, 28.6844516]}}, {"type": "Feature", "properties": {"osm_id": "way/259036520", "kind": "school", "name": "School", "lon": 77.19406358, "lat": 28.677227520000002}, "geometry": {"type": "Point", "coordinates": [77.19406358, 28.677227520000002]}}, {"type": "Feature", "properties": {"osm_id": "way/259036529", "kind": "school", "name": "School", "lon": 77.19259446, "lat": 28.679201819999996}, "geometry": {"type": "Point", "coordinates": [77.19259446, 28.679201819999996]}}, {"type": "Feature", "properties": {"osm_id": "way/259036531", "kind": "school", "name": "School", "lon": 77.19974440000001, "lat": 28.685368540000002}, "geometry": {"type": "Point", "coordinates": [77.19974440000001, 28.685368540000002]}}, {"type": "Feature", "properties": {"osm_id": "way/259036540", "kind": "school", "name": "Sarvodaya Kanya Vidyalaya Number 1", "lon": 77.1959458, "lat": 28.680762114285717}, "geometry": {"type": "Point", "coordinates": [77.1959458, 28.680762114285717]}}, {"type": "Feature", "properties": {"osm_id": "way/259073012", "kind": "school", "name": "Sarvodaya Kanya Vidyalaya", "lon": 77.0983231375, "lat": 28.6451819}, "geometry": {"type": "Point", "coordinates": [77.0983231375, 28.6451819]}}, {"type": "Feature", "properties": {"osm_id": "way/259169045", "kind": "school", "name": "School", "lon": 77.19366604, "lat": 28.645585920000002}, "geometry": {"type": "Point", "coordinates": [77.19366604, 28.645585920000002]}}, {"type": "Feature", "properties": {"osm_id": "way/259169049", "kind": "school", "name": "School", "lon": 77.19439448333334, "lat": 28.64633965}, "geometry": {"type": "Point", "coordinates": [77.19439448333334, 28.64633965]}}, {"type": "Feature", "properties": {"osm_id": "way/259169052", "kind": "school", "name": "Saint Thomas' Girls Senior Secondary School", "lon": 77.18915025, "lat": 28.6449225}, "geometry": {"type": "Point", "coordinates": [77.18915025, 28.6449225]}}, {"type": "Feature", "properties": {"osm_id": "way/259188866", "kind": "school", "name": "School", "lon": 77.18778893999999, "lat": 28.65503728}, "geometry": {"type": "Point", "coordinates": [77.18778893999999, 28.65503728]}}, {"type": "Feature", "properties": {"osm_id": "way/259944153", "kind": "school", "name": "Army Public School", "lon": 77.16906053333334, "lat": 28.600560533333333}, "geometry": {"type": "Point", "coordinates": [77.16906053333334, 28.600560533333333]}}, {"type": "Feature", "properties": {"osm_id": "way/260076417", "kind": "school", "name": "Kendriya Vidyalaya No. 2", "lon": 77.13994814, "lat": 28.57557682}, "geometry": {"type": "Point", "coordinates": [77.13994814, 28.57557682]}}, {"type": "Feature", "properties": {"osm_id": "way/260083330", "kind": "school", "name": "Loreto Convent School", "lon": 77.13822602500001, "lat": 28.583229991666666}, "geometry": {"type": "Point", "coordinates": [77.13822602500001, 28.583229991666666]}}, {"type": "Feature", "properties": {"osm_id": "way/260083527", "kind": "school", "name": "Mount Saint Mary's School", "lon": 77.13556488181818, "lat": 28.582849572727273}, "geometry": {"type": "Point", "coordinates": [77.13556488181818, 28.582849572727273]}}, {"type": "Feature", "properties": {"osm_id": "way/260111987", "kind": "school", "name": "School", "lon": 77.15965572500001, "lat": 28.570290783333334}, "geometry": {"type": "Point", "coordinates": [77.15965572500001, 28.570290783333334]}}, {"type": "Feature", "properties": {"osm_id": "way/260301586", "kind": "school", "name": "School", "lon": 77.04641855, "lat": 28.61285486}, "geometry": {"type": "Point", "coordinates": [77.04641855, 28.61285486]}}, {"type": "Feature", "properties": {"osm_id": "way/260309941", "kind": "school", "name": "Adarsh Model School", "lon": 77.05139908, "lat": 28.615905199999997}, "geometry": {"type": "Point", "coordinates": [77.05139908, 28.615905199999997]}}, {"type": "Feature", "properties": {"osm_id": "way/260463360", "kind": "hospital", "name": "Dispensary", "lon": 77.0743257, "lat": 28.610947016666668}, "geometry": {"type": "Point", "coordinates": [77.0743257, 28.610947016666668]}}, {"type": "Feature", "properties": {"osm_id": "way/260463370", "kind": "hospital", "name": "ESI", "lon": 77.07686502, "lat": 28.611969520000002}, "geometry": {"type": "Point", "coordinates": [77.07686502, 28.611969520000002]}}, {"type": "Feature", "properties": {"osm_id": "way/260463371", "kind": "school", "name": "School", "lon": 77.07400884, "lat": 28.610844880000002}, "geometry": {"type": "Point", "coordinates": [77.07400884, 28.610844880000002]}}, {"type": "Feature", "properties": {"osm_id": "way/260925764", "kind": "school", "name": "Government Senior Secondary School.", "lon": 77.06703441428571, "lat": 28.608661485714286}, "geometry": {"type": "Point", "coordinates": [77.06703441428571, 28.608661485714286]}}, {"type": "Feature", "properties": {"osm_id": "way/260925766", "kind": "school", "name": "Govt Co-Ed Sr. Sec school", "lon": 77.06925832499999, "lat": 28.610117374999998}, "geometry": {"type": "Point", "coordinates": [77.06925832499999, 28.610117374999998]}}, {"type": "Feature", "properties": {"osm_id": "way/260950188", "kind": "school", "name": "Gandhi Smarak Rashtra Shakti Vidhyalaya", "lon": 77.0591947, "lat": 28.63143918571429}, "geometry": {"type": "Point", "coordinates": [77.0591947, 28.63143918571429]}}, {"type": "Feature", "properties": {"osm_id": "way/261067523", "kind": "school", "name": "New Age Public School", "lon": 77.03992382, "lat": 28.646784059999998}, "geometry": {"type": "Point", "coordinates": [77.03992382, 28.646784059999998]}}, {"type": "Feature", "properties": {"osm_id": "way/261546480", "kind": "industrial", "name": "Industrial", "lon": 77.1320569969697, "lat": 28.746922203030305, "area_km2": 0.307}, "geometry": {"type": "Polygon", "coordinates": [[[77.1373218, 28.745457], [77.1362218, 28.7452264], [77.1355137, 28.7450477], [77.1348914, 28.7449066], [77.1342155, 28.7448219], [77.1337005, 28.7448219], [77.1331104, 28.7448219], [77.1323921, 28.7449724], [77.1314474, 28.7450289], [77.1306642, 28.7450101], [77.129527, 28.7449066], [77.1287545, 28.7447091], [77.1277996, 28.7463458], [77.1267702, 28.7475687], [77.1271779, 28.7479167], [77.1282399, 28.7481144], [77.1281648, 28.7486976], [77.1301335, 28.7484718], [77.1301603, 28.7482884], [77.1292055, 28.7479357], [77.1294093, 28.7477428], [77.1314156, 28.7479451], [77.1313943, 28.7484011], [77.1329017, 28.7486175], [77.1329983, 28.7487021], [77.1331485, 28.7487163], [77.1333148, 28.7484905], [77.1334325, 28.7485234], [77.1338993, 28.7480343], [77.1341892, 28.74826], [77.1343555, 28.7481095], [77.1346881, 28.7483635], [77.1373218, 28.745457]]]}}, {"type": "Feature", "properties": {"osm_id": "way/261665829", "kind": "industrial", "name": "DSIIDC MLM Hub", "lon": 77.03202374285715, "lat": 28.694736914285716, "area_km2": 0.6149}, "geometry": {"type": "Polygon", "coordinates": [[[77.0379262, 28.6976431], [77.037924, 28.6943773], [77.0379229, 28.6927389], [77.0367247, 28.6927597], [77.0324695, 28.6928114], [77.0324705, 28.6933958], [77.027943, 28.6934523], [77.0279129, 28.693985], [77.0278005, 28.693986], [77.0248965, 28.6940131], [77.0241771, 28.6940198], [77.0263111, 28.6978181], [77.0359273, 28.6976732], [77.0379262, 28.6976431]]]}}, {"type": "Feature", "properties": {"osm_id": "way/261701136", "kind": "hospital", "name": "Jaipur Golden", "lon": 77.10958086000001, "lat": 28.697736300000003}, "geometry": {"type": "Point", "coordinates": [77.10958086000001, 28.697736300000003]}}, {"type": "Feature", "properties": {"osm_id": "way/262038315", "kind": "industrial", "name": "Kair Depot", "lon": 76.93025979333333, "lat": 28.619542466666665, "area_km2": 0.0507}, "geometry": {"type": "Polygon", "coordinates": [[[76.9291235, 28.6222275], [76.9290806, 28.620683], [76.9297565, 28.6206642], [76.929683, 28.6188413], [76.9298547, 28.6187001], [76.930205, 28.6186918], [76.9306486, 28.6186812], [76.9306255, 28.6182814], [76.930686, 28.6182622], [76.9308655, 28.618205], [76.931009, 28.6181588], [76.9310494, 28.6190402], [76.9310735, 28.6195658], [76.9311126, 28.620907], [76.9291235, 28.6222275]]]}}, {"type": "Feature", "properties": {"osm_id": "way/262073296", "kind": "school", "name": "Shri Satya Sai Vidya Vihar School", "lon": 77.26309786666667, "lat": 28.528926166666665}, "geometry": {"type": "Point", "coordinates": [77.26309786666667, 28.528926166666665]}}, {"type": "Feature", "properties": {"osm_id": "way/262077439", "kind": "school", "name": "Kalka Public School", "lon": 77.25101078571429, "lat": 28.529059942857142}, "geometry": {"type": "Point", "coordinates": [77.25101078571429, 28.529059942857142]}}, {"type": "Feature", "properties": {"osm_id": "way/262077443", "kind": "school", "name": "Paul George Global School", "lon": 77.25183661666667, "lat": 28.52868736111111}, "geometry": {"type": "Point", "coordinates": [77.25183661666667, 28.52868736111111]}}, {"type": "Feature", "properties": {"osm_id": "way/262090088", "kind": "school", "name": "School", "lon": 77.25595305, "lat": 28.527267066666667}, "geometry": {"type": "Point", "coordinates": [77.25595305, 28.527267066666667]}}, {"type": "Feature", "properties": {"osm_id": "way/262248698", "kind": "school", "name": "Deepalaya", "lon": 77.26767494615385, "lat": 28.52999613076923}, "geometry": {"type": "Point", "coordinates": [77.26767494615385, 28.52999613076923]}}, {"type": "Feature", "properties": {"osm_id": "way/262248704", "kind": "school", "name": "School", "lon": 77.26709032, "lat": 28.5320206}, "geometry": {"type": "Point", "coordinates": [77.26709032, 28.5320206]}}, {"type": "Feature", "properties": {"osm_id": "way/262439881", "kind": "hospital", "name": "Primus Super Specialty Hospital", "lon": 77.18115951666667, "lat": 28.593037866666666}, "geometry": {"type": "Point", "coordinates": [77.18115951666667, 28.593037866666666]}}, {"type": "Feature", "properties": {"osm_id": "way/262441520", "kind": "school", "name": "American Embassy School", "lon": 77.18277061428572, "lat": 28.598976885714286}, "geometry": {"type": "Point", "coordinates": [77.18277061428572, 28.598976885714286]}}, {"type": "Feature", "properties": {"osm_id": "way/262501903", "kind": "industrial", "name": "Industrial", "lon": 77.148066, "lat": 28.6562207, "area_km2": 0.0292}, "geometry": {"type": "Polygon", "coordinates": [[[77.1490241, 28.6565546], [77.1477362, 28.6549036], [77.1467448, 28.6558062], [77.1478008, 28.6572845], [77.1490241, 28.6565546]]]}}, {"type": "Feature", "properties": {"osm_id": "way/262501904", "kind": "industrial", "name": "Scooters India Ltd", "lon": 77.14943825555555, "lat": 28.65509161111111, "area_km2": 0.0405}, "geometry": {"type": "Polygon", "coordinates": [[[77.149649, 28.6540078], [77.1510974, 28.6552129], [77.1501318, 28.6558107], [77.1498529, 28.6561402], [77.1492789, 28.656498], [77.1479882, 28.6548699], [77.1483884, 28.6545115], [77.1489087, 28.6547657], [77.149649, 28.6540078]]]}}, {"type": "Feature", "properties": {"osm_id": "way/262501905", "kind": "industrial", "name": "Industrial", "lon": 77.14592994615386, "lat": 28.657795484615384, "area_km2": 0.0122}, "geometry": {"type": "Polygon", "coordinates": [[[77.1466234, 28.658228], [77.1461245, 28.6584304], [77.1457351, 28.657845], [77.1456696, 28.6578861], [77.1456009, 28.6578096], [77.1456833, 28.6577421], [77.1454831, 28.6574766], [77.1454068, 28.6575212], [77.1451376, 28.6572807], [77.1457205, 28.6567427], [77.1467146, 28.6580352], [77.1465665, 28.6581157], [77.1466234, 28.658228]]]}}, {"type": "Feature", "properties": {"osm_id": "way/262560723", "kind": "school", "name": "Ved Vyas DAV Public School", "lon": 77.06141404, "lat": 28.63842586}, "geometry": {"type": "Point", "coordinates": [77.06141404, 28.63842586]}}, {"type": "Feature", "properties": {"osm_id": "way/262560731", "kind": "school", "name": "School", "lon": 77.06397627142857, "lat": 28.636677085714286}, "geometry": {"type": "Point", "coordinates": [77.06397627142857, 28.636677085714286]}}, {"type": "Feature", "properties": {"osm_id": "way/262562919", "kind": "school", "name": "School", "lon": 77.0664283375, "lat": 28.630436125}, "geometry": {"type": "Point", "coordinates": [77.0664283375, 28.630436125]}}, {"type": "Feature", "properties": {"osm_id": "way/262562926", "kind": "school", "name": "School", "lon": 77.06679308, "lat": 28.62980301}, "geometry": {"type": "Point", "coordinates": [77.06679308, 28.62980301]}}, {"type": "Feature", "properties": {"osm_id": "way/262562928", "kind": "school", "name": "New Delhi Public School", "lon": 77.06638582000001, "lat": 28.629271770000003}, "geometry": {"type": "Point", "coordinates": [77.06638582000001, 28.629271770000003]}}, {"type": "Feature", "properties": {"osm_id": "way/262565110", "kind": "school", "name": "School", "lon": 77.07116736, "lat": 28.63123018}, "geometry": {"type": "Point", "coordinates": [77.07116736, 28.63123018]}}, {"type": "Feature", "properties": {"osm_id": "way/262565364", "kind": "school", "name": "School", "lon": 77.06881362, "lat": 28.64076438}, "geometry": {"type": "Point", "coordinates": [77.06881362, 28.64076438]}}, {"type": "Feature", "properties": {"osm_id": "way/262567571", "kind": "school", "name": "Saint Cecilia School", "lon": 77.0721678, "lat": 28.639284833333335}, "geometry": {"type": "Point", "coordinates": [77.0721678, 28.639284833333335]}}, {"type": "Feature", "properties": {"osm_id": "way/262567575", "kind": "school", "name": "Oxford Senior Secondary School", "lon": 77.0714207111111, "lat": 28.637892500000003}, "geometry": {"type": "Point", "coordinates": [77.0714207111111, 28.637892500000003]}}, {"type": "Feature", "properties": {"osm_id": "way/262567578", "kind": "school", "name": "School", "lon": 77.07587154000001, "lat": 28.638023980000003}, "geometry": {"type": "Point", "coordinates": [77.07587154000001, 28.638023980000003]}}, {"type": "Feature", "properties": {"osm_id": "way/262568466", "kind": "school", "name": "National Girls Blind School", "lon": 77.08146414000001, "lat": 28.642138040000003}, "geometry": {"type": "Point", "coordinates": [77.08146414000001, 28.642138040000003]}}, {"type": "Feature", "properties": {"osm_id": "way/262569720", "kind": "school", "name": "School", "lon": 77.07432508333333, "lat": 28.642591033333332}, "geometry": {"type": "Point", "coordinates": [77.07432508333333, 28.642591033333332]}}, {"type": "Feature", "properties": {"osm_id": "way/262569723", "kind": "school", "name": "School", "lon": 77.07844926666667, "lat": 28.640979016666666}, "geometry": {"type": "Point", "coordinates": [77.07844926666667, 28.640979016666666]}}, {"type": "Feature", "properties": {"osm_id": "way/262569726", "kind": "school", "name": "Banasthali Public School", "lon": 77.0778115, "lat": 28.642235966666664}, "geometry": {"type": "Point", "coordinates": [77.0778115, 28.642235966666664]}}, {"type": "Feature", "properties": {"osm_id": "way/262572483", "kind": "school", "name": "School", "lon": 77.06761223333334, "lat": 28.63818363333333}, "geometry": {"type": "Point", "coordinates": [77.06761223333334, 28.63818363333333]}}, {"type": "Feature", "properties": {"osm_id": "way/262628288", "kind": "school", "name": "School", "lon": 77.08176585999999, "lat": 28.663951020000003}, "geometry": {"type": "Point", "coordinates": [77.08176585999999, 28.663951020000003]}}, {"type": "Feature", "properties": {"osm_id": "way/262628289", "kind": "school", "name": "Bosco Public School", "lon": 77.08675654, "lat": 28.667685340000002}, "geometry": {"type": "Point", "coordinates": [77.08675654, 28.667685340000002]}}, {"type": "Feature", "properties": {"osm_id": "way/262646817", "kind": "school", "name": "SS Mota Singh Model School", "lon": 77.08205683333334, "lat": 28.6730048}, "geometry": {"type": "Point", "coordinates": [77.08205683333334, 28.6730048]}}, {"type": "Feature", "properties": {"osm_id": "way/262647904", "kind": "industrial", "name": "Jwalapuri PVC Market", "lon": 77.0785485875, "lat": 28.6711182375, "area_km2": 0.0635}, "geometry": {"type": "Polygon", "coordinates": [[[77.0782705, 28.6700497], [77.0786508, 28.6700116], [77.0795843, 28.6699268], [77.08003, 28.6729913], [77.0776164, 28.6732227], [77.0777708, 28.6722585], [77.0781954, 28.6704356], [77.0782705, 28.6700497]]]}}, {"type": "Feature", "properties": {"osm_id": "way/262648108", "kind": "school", "name": "School", "lon": 77.07860996666666, "lat": 28.676494716666667}, "geometry": {"type": "Point", "coordinates": [77.07860996666666, 28.676494716666667]}}, {"type": "Feature", "properties": {"osm_id": "way/262648509", "kind": "school", "name": "School", "lon": 77.07872094, "lat": 28.67782028}, "geometry": {"type": "Point", "coordinates": [77.07872094, 28.67782028]}}, {"type": "Feature", "properties": {"osm_id": "way/262648510", "kind": "school", "name": "School", "lon": 77.07935364, "lat": 28.67619608}, "geometry": {"type": "Point", "coordinates": [77.07935364, 28.67619608]}}, {"type": "Feature", "properties": {"osm_id": "way/262649724", "kind": "school", "name": "School", "lon": 77.08333156, "lat": 28.67884238}, "geometry": {"type": "Point", "coordinates": [77.08333156, 28.67884238]}}, {"type": "Feature", "properties": {"osm_id": "way/262651674", "kind": "school", "name": "Richmond Global School", "lon": 77.08540647999999, "lat": 28.67900492}, "geometry": {"type": "Point", "coordinates": [77.08540647999999, 28.67900492]}}, {"type": "Feature", "properties": {"osm_id": "way/262656930", "kind": "school", "name": "School", "lon": 77.08637506666666, "lat": 28.665392916666665}, "geometry": {"type": "Point", "coordinates": [77.08637506666666, 28.665392916666665]}}, {"type": "Feature", "properties": {"osm_id": "way/262656936", "kind": "school", "name": "School", "lon": 77.08295423333333, "lat": 28.664328166666667}, "geometry": {"type": "Point", "coordinates": [77.08295423333333, 28.664328166666667]}}, {"type": "Feature", "properties": {"osm_id": "way/262657118", "kind": "school", "name": "School", "lon": 77.08686578000001, "lat": 28.659337479999998}, "geometry": {"type": "Point", "coordinates": [77.08686578000001, 28.659337479999998]}}, {"type": "Feature", "properties": {"osm_id": "way/262662778", "kind": "school", "name": "Jesus Mary Joseph Senior Secondary School", "lon": 77.09826673333333, "lat": 28.66197451111111}, "geometry": {"type": "Point", "coordinates": [77.09826673333333, 28.66197451111111]}}, {"type": "Feature", "properties": {"osm_id": "way/262662784", "kind": "school", "name": "Neo Convent Sr. Sec. School", "lon": 77.09698948333333, "lat": 28.661885583333333}, "geometry": {"type": "Point", "coordinates": [77.09698948333333, 28.661885583333333]}}, {"type": "Feature", "properties": {"osm_id": "way/262662785", "kind": "school", "name": "JL DAV School", "lon": 77.09673707777777, "lat": 28.66490898888889}, "geometry": {"type": "Point", "coordinates": [77.09673707777777, 28.66490898888889]}}, {"type": "Feature", "properties": {"osm_id": "way/262673255", "kind": "industrial", "name": "Industrial", "lon": 77.11388608, "lat": 28.670798339999997, "area_km2": 0.0026}, "geometry": {"type": "Polygon", "coordinates": [[[77.1136842, 28.6706043], [77.1140891, 28.6705378], [77.1142116, 28.6710991], [77.1137613, 28.6711462], [77.1136842, 28.6706043]]]}}, {"type": "Feature", "properties": {"osm_id": "way/262673261", "kind": "school", "name": "School", "lon": 77.11401703333333, "lat": 28.668524066666667}, "geometry": {"type": "Point", "coordinates": [77.11401703333333, 28.668524066666667]}}, {"type": "Feature", "properties": {"osm_id": "way/262717867", "kind": "industrial", "name": "Keshavpur Depot", "lon": 77.08877108749999, "lat": 28.652939825, "area_km2": 0.019}, "geometry": {"type": "Polygon", "coordinates": [[[77.0879092, 28.652601], [77.0886631, 28.6536484], [77.0889237, 28.6534672], [77.0890269, 28.6536099], [77.0899388, 28.6530653], [77.089319, 28.6522273], [77.0884788, 28.6522985], [77.0879092, 28.652601]]]}}, {"type": "Feature", "properties": {"osm_id": "way/262807180", "kind": "school", "name": "Father Agnel School", "lon": 77.21429471666666, "lat": 28.56066205}, "geometry": {"type": "Point", "coordinates": [77.21429471666666, 28.56066205]}}, {"type": "Feature", "properties": {"osm_id": "way/262838967", "kind": "school", "name": "Kautilya Government Sarvodaya Coeducational Vidyalaya", "lon": 77.24528748571429, "lat": 28.54776419285714}, "geometry": {"type": "Point", "coordinates": [77.24528748571429, 28.54776419285714]}}, {"type": "Feature", "properties": {"osm_id": "way/262838968", "kind": "school", "name": "Guru Harkrishan Public School", "lon": 77.24661268888889, "lat": 28.54789286666667}, "geometry": {"type": "Point", "coordinates": [77.24661268888889, 28.54789286666667]}}, {"type": "Feature", "properties": {"osm_id": "way/262856087", "kind": "school", "name": "School", "lon": 77.10832453636364, "lat": 28.667067354545452}, "geometry": {"type": "Point", "coordinates": [77.10832453636364, 28.667067354545452]}}, {"type": "Feature", "properties": {"osm_id": "way/262858167", "kind": "school", "name": "School", "lon": 77.1035311, "lat": 28.666002744444445}, "geometry": {"type": "Point", "coordinates": [77.1035311, 28.666002744444445]}}, {"type": "Feature", "properties": {"osm_id": "way/262858172", "kind": "school", "name": "School", "lon": 77.10344000769231, "lat": 28.66726509230769}, "geometry": {"type": "Point", "coordinates": [77.10344000769231, 28.66726509230769]}}, {"type": "Feature", "properties": {"osm_id": "way/262875939", "kind": "school", "name": "School", "lon": 77.10685078750001, "lat": 28.6754020625}, "geometry": {"type": "Point", "coordinates": [77.10685078750001, 28.6754020625]}}, {"type": "Feature", "properties": {"osm_id": "way/262875960", "kind": "school", "name": "School", "lon": 77.10253187999999, "lat": 28.67573888}, "geometry": {"type": "Point", "coordinates": [77.10253187999999, 28.67573888]}}, {"type": "Feature", "properties": {"osm_id": "way/262875962", "kind": "school", "name": "Shri Mahavir Vishwa Vidyapeeth", "lon": 77.104779, "lat": 28.675546366666666}, "geometry": {"type": "Point", "coordinates": [77.104779, 28.675546366666666]}}, {"type": "Feature", "properties": {"osm_id": "way/262879318", "kind": "school", "name": "School", "lon": 77.10033826666667, "lat": 28.677654283333336}, "geometry": {"type": "Point", "coordinates": [77.10033826666667, 28.677654283333336]}}, {"type": "Feature", "properties": {"osm_id": "way/262879320", "kind": "school", "name": "School", "lon": 77.10179931666666, "lat": 28.673932566666668}, "geometry": {"type": "Point", "coordinates": [77.10179931666666, 28.673932566666668]}}, {"type": "Feature", "properties": {"osm_id": "way/262879333", "kind": "school", "name": "St. Sophia School", "lon": 77.09766655, "lat": 28.672068733333333}, "geometry": {"type": "Point", "coordinates": [77.09766655, 28.672068733333333]}}, {"type": "Feature", "properties": {"osm_id": "way/262891105", "kind": "school", "name": "St. Froebel School", "lon": 77.10661593333333, "lat": 28.672182883333335}, "geometry": {"type": "Point", "coordinates": [77.10661593333333, 28.672182883333335]}}, {"type": "Feature", "properties": {"osm_id": "way/262895699", "kind": "school", "name": "School", "lon": 77.0800088, "lat": 28.67522312}, "geometry": {"type": "Point", "coordinates": [77.0800088, 28.67522312]}}, {"type": "Feature", "properties": {"osm_id": "way/263160022", "kind": "school", "name": "School", "lon": 77.05514517142856, "lat": 28.64581332857143}, "geometry": {"type": "Point", "coordinates": [77.05514517142856, 28.64581332857143]}}, {"type": "Feature", "properties": {"osm_id": "way/263160025", "kind": "school", "name": "School", "lon": 77.0571988875, "lat": 28.637069500000003}, "geometry": {"type": "Point", "coordinates": [77.0571988875, 28.637069500000003]}}, {"type": "Feature", "properties": {"osm_id": "way/263160029", "kind": "school", "name": "School", "lon": 77.05486396, "lat": 28.64539534}, "geometry": {"type": "Point", "coordinates": [77.05486396, 28.64539534]}}, {"type": "Feature", "properties": {"osm_id": "way/263160031", "kind": "school", "name": "School", "lon": 77.05550818571429, "lat": 28.6450685}, "geometry": {"type": "Point", "coordinates": [77.05550818571429, 28.6450685]}}, {"type": "Feature", "properties": {"osm_id": "way/263173625", "kind": "school", "name": "Kamal Public School", "lon": 77.04256678333333, "lat": 28.629274016666667}, "geometry": {"type": "Point", "coordinates": [77.04256678333333, 28.629274016666667]}}, {"type": "Feature", "properties": {"osm_id": "way/263185322", "kind": "school", "name": "Gagan Bharati School", "lon": 77.04004264, "lat": 28.632745820000004}, "geometry": {"type": "Point", "coordinates": [77.04004264, 28.632745820000004]}}, {"type": "Feature", "properties": {"osm_id": "way/263196207", "kind": "school", "name": "Raghubir Singh Modern School", "lon": 77.04636918571428, "lat": 28.632617314285714}, "geometry": {"type": "Point", "coordinates": [77.04636918571428, 28.632617314285714]}}, {"type": "Feature", "properties": {"osm_id": "way/263199199", "kind": "school", "name": "Sanjeevani School", "lon": 77.03366818, "lat": 28.638144399999998}, "geometry": {"type": "Point", "coordinates": [77.03366818, 28.638144399999998]}}, {"type": "Feature", "properties": {"osm_id": "way/263209284", "kind": "school", "name": "School", "lon": 77.03316108571428, "lat": 28.643025271428574}, "geometry": {"type": "Point", "coordinates": [77.03316108571428, 28.643025271428574]}}, {"type": "Feature", "properties": {"osm_id": "way/263229545", "kind": "school", "name": "R.P Memorial Senior Secondary Public School", "lon": 77.04125242857143, "lat": 28.633633542857144}, "geometry": {"type": "Point", "coordinates": [77.04125242857143, 28.633633542857144]}}, {"type": "Feature", "properties": {"osm_id": "way/263232426", "kind": "school", "name": "High Rise School", "lon": 77.03879286, "lat": 28.63275606}, "geometry": {"type": "Point", "coordinates": [77.03879286, 28.63275606]}}, {"type": "Feature", "properties": {"osm_id": "way/263274409", "kind": "school", "name": "School", "lon": 77.02956105, "lat": 28.6321331}, "geometry": {"type": "Point", "coordinates": [77.02956105, 28.6321331]}}, {"type": "Feature", "properties": {"osm_id": "way/263313597", "kind": "school", "name": "School", "lon": 77.0048726, "lat": 28.617487099999998}, "geometry": {"type": "Point", "coordinates": [77.0048726, 28.617487099999998]}}, {"type": "Feature", "properties": {"osm_id": "way/263313874", "kind": "school", "name": "School", "lon": 76.99936686000001, "lat": 28.620623180000003}, "geometry": {"type": "Point", "coordinates": [76.99936686000001, 28.620623180000003]}}, {"type": "Feature", "properties": {"osm_id": "way/263369123", "kind": "industrial", "name": "L-Band Radar and HF Transmitting Station", "lon": 77.05491964615385, "lat": 28.527463723076924, "area_km2": 0.3556}, "geometry": {"type": "Polygon", "coordinates": [[[77.0576735, 28.5243067], [77.056838, 28.5242978], [77.0505925, 28.5242313], [77.0517083, 28.5264183], [77.0526975, 28.5297325], [77.0529314, 28.5297551], [77.0536416, 28.5296948], [77.0541781, 28.5291481], [77.0544978, 28.5290387], [77.0560878, 28.5308636], [77.0577379, 28.529133], [77.0576975, 28.5261018], [77.0576735, 28.5243067]]]}}, {"type": "Feature", "properties": {"osm_id": "way/263377749", "kind": "school", "name": "Pradhan Mantri Shri Jawahar Navodaya Vidyalaya, Jaffarpur Kalan", "lon": 76.90735745, "lat": 28.59368185625}, "geometry": {"type": "Point", "coordinates": [76.90735745, 28.59368185625]}}, {"type": "Feature", "properties": {"osm_id": "way/263385573", "kind": "school", "name": "Good Samaritan School", "lon": 76.8772058, "lat": 28.58197584285714}, "geometry": {"type": "Point", "coordinates": [76.8772058, 28.58197584285714]}}, {"type": "Feature", "properties": {"osm_id": "way/263591233", "kind": "school", "name": "School", "lon": 77.07306291666667, "lat": 28.645352666666668}, "geometry": {"type": "Point", "coordinates": [77.07306291666667, 28.645352666666668]}}, {"type": "Feature", "properties": {"osm_id": "way/263591769", "kind": "school", "name": "Colonel Child Bloom School", "lon": 76.96525666, "lat": 28.62817556}, "geometry": {"type": "Point", "coordinates": [76.96525666, 28.62817556]}}, {"type": "Feature", "properties": {"osm_id": "way/263592614", "kind": "industrial", "name": "Industrial", "lon": 76.96391048333334, "lat": 28.667799316666663, "area_km2": 1.0438}, "geometry": {"type": "Polygon", "coordinates": [[[76.968778, 28.6642513], [76.9583221, 28.6643742], [76.95642, 28.6656791], [76.9622366, 28.6741798], [76.9689282, 28.6740602], [76.968778, 28.6642513]]]}}, {"type": "Feature", "properties": {"osm_id": "way/263667533", "kind": "industrial", "name": "Industrial", "lon": 76.98413749285714, "lat": 28.679771785714284, "area_km2": 0.6292}, "geometry": {"type": "Polygon", "coordinates": [[[76.9877406, 28.6778456], [76.9878324, 28.6855803], [76.980923, 28.6862015], [76.9809445, 28.6853168], [76.9780719, 28.6794029], [76.9811024, 28.6793685], [76.9813184, 28.6792688], [76.983577, 28.6792685], [76.9862331, 28.6792352], [76.9862373, 28.6771568], [76.9848945, 28.6771568], [76.9848354, 28.6766011], [76.9864738, 28.6765566], [76.9877406, 28.6778456]]]}}, {"type": "Feature", "properties": {"osm_id": "way/263667538", "kind": "industrial", "name": "Industrial", "lon": 77.006248075, "lat": 28.6870885, "area_km2": 1.5189}, "geometry": {"type": "Polygon", "coordinates": [[[76.994893, 28.6856932], [76.994378, 28.6892321], [76.9943351, 28.6915285], [77.0199926, 28.6894895], [77.0180896, 28.6860512], [77.017242, 28.6852276], [77.0161613, 28.6837927], [76.994893, 28.6856932]]]}}, {"type": "Feature", "properties": {"osm_id": "way/264247764", "kind": "hospital", "name": "Ramakrishna Mission T.B.Clinic and Medical Centre", "lon": 77.19607778181818, "lat": 28.645898345454544}, "geometry": {"type": "Point", "coordinates": [77.19607778181818, 28.645898345454544]}}, {"type": "Feature", "properties": {"osm_id": "way/264282209", "kind": "industrial", "name": "Delhi Jal Board", "lon": 77.05866078108107, "lat": 28.540179835135135, "area_km2": 0.4745}, "geometry": {"type": "Polygon", "coordinates": [[[77.0590706, 28.5454072], [77.0554814, 28.54119], [77.055191, 28.5409464], [77.0549651, 28.5406593], [77.0553989, 28.540562], [77.0579948, 28.5393336], [77.0566262, 28.5387159], [77.0565833, 28.5382281], [77.0557883, 28.5385085], [77.055438, 28.538657], [77.0550909, 28.5379901], [77.055277, 28.5379005], [77.055048, 28.5374717], [77.0554058, 28.5372432], [77.0557883, 28.5371513], [77.056078, 28.5371136], [77.0565648, 28.5365633], [77.057852, 28.5366211], [77.0578681, 28.5365386], [77.0592417, 28.5365328], [77.0592, 28.5373328], [77.0604257, 28.53733], [77.060353, 28.5378154], [77.0606802, 28.5380652], [77.0620857, 28.5382207], [77.0620777, 28.5415009], [77.0620749, 28.5426599], [77.0627348, 28.5426552], [77.0627348, 28.5431029], [77.0620803, 28.5431453], [77.0620857, 28.5437674], [77.0617906, 28.5437721], [77.0617936, 28.5443017], [77.0622549, 28.5442923], [77.06233, 28.5447211], [77.0599242, 28.5452296], [77.0590706, 28.5454072]]]}}, {"type": "Feature", "properties": {"osm_id": "way/264726375", "kind": "school", "name": "Pragati Public School", "lon": 77.03383260000001, "lat": 28.599038}, "geometry": {"type": "Point", "coordinates": [77.03383260000001, 28.599038]}}, {"type": "Feature", "properties": {"osm_id": "way/264746031", "kind": "industrial", "name": "Industrial", "lon": 77.13411684, "lat": 28.68811427, "area_km2": 0.0762}, "geometry": {"type": "Polygon", "coordinates": [[[77.1323973, 28.6881453], [77.1333629, 28.68767], [77.1338564, 28.68743], [77.1348273, 28.68719], [77.1350366, 28.6871664], [77.1351224, 28.68719], [77.1351854, 28.6872726], [77.1352994, 28.6902017], [77.1336834, 28.6907314], [77.1323973, 28.6881453]]]}}, {"type": "Feature", "properties": {"osm_id": "way/264996285", "kind": "school", "name": "School", "lon": 77.11270175, "lat": 28.638635675}, "geometry": {"type": "Point", "coordinates": [77.11270175, 28.638635675]}}, {"type": "Feature", "properties": {"osm_id": "way/264998538", "kind": "hospital", "name": "Deen Dayal Upadhyaya Hospital", "lon": 77.11226881428571, "lat": 28.628116985714286}, "geometry": {"type": "Point", "coordinates": [77.11226881428571, 28.628116985714286]}}, {"type": "Feature", "properties": {"osm_id": "way/264998539", "kind": "school", "name": "School", "lon": 77.10569175, "lat": 28.628582033333334}, "geometry": {"type": "Point", "coordinates": [77.10569175, 28.628582033333334]}}, {"type": "Feature", "properties": {"osm_id": "way/264998542", "kind": "school", "name": "School", "lon": 77.10767876, "lat": 28.628048999999997}, "geometry": {"type": "Point", "coordinates": [77.10767876, 28.628048999999997]}}, {"type": "Feature", "properties": {"osm_id": "way/264998545", "kind": "school", "name": "School", "lon": 77.1069504, "lat": 28.62853176666667}, "geometry": {"type": "Point", "coordinates": [77.1069504, 28.62853176666667]}}, {"type": "Feature", "properties": {"osm_id": "way/265007637", "kind": "school", "name": "Government Boys Senior Secondary School, Site 2", "lon": 77.11038201428572, "lat": 28.625457371428574}, "geometry": {"type": "Point", "coordinates": [77.11038201428572, 28.625457371428574]}}, {"type": "Feature", "properties": {"osm_id": "way/265007640", "kind": "school", "name": "School", "lon": 77.11605293333334, "lat": 28.62315051666667}, "geometry": {"type": "Point", "coordinates": [77.11605293333334, 28.62315051666667]}}, {"type": "Feature", "properties": {"osm_id": "way/265007641", "kind": "school", "name": "Tagore Senior Secondary School", "lon": 77.11873849999999, "lat": 28.625463266666667}, "geometry": {"type": "Point", "coordinates": [77.11873849999999, 28.625463266666667]}}, {"type": "Feature", "properties": {"osm_id": "way/265007642", "kind": "school", "name": "New Era Public School", "lon": 77.11791964545455, "lat": 28.624874027272725}, "geometry": {"type": "Point", "coordinates": [77.11791964545455, 28.624874027272725]}}, {"type": "Feature", "properties": {"osm_id": "way/265007645", "kind": "school", "name": "School", "lon": 77.11127581666666, "lat": 28.626267283333334}, "geometry": {"type": "Point", "coordinates": [77.11127581666666, 28.626267283333334]}}, {"type": "Feature", "properties": {"osm_id": "way/265007647", "kind": "school", "name": "School", "lon": 77.11849558333334, "lat": 28.6265473}, "geometry": {"type": "Point", "coordinates": [77.11849558333334, 28.6265473]}}, {"type": "Feature", "properties": {"osm_id": "way/265014347", "kind": "school", "name": "School", "lon": 77.1689869, "lat": 28.554245975}, "geometry": {"type": "Point", "coordinates": [77.1689869, 28.554245975]}}, {"type": "Feature", "properties": {"osm_id": "way/265014349", "kind": "school", "name": "Sarvodaya Co-ed. Senior Secondary School", "lon": 77.17011146666667, "lat": 28.55217203333333}, "geometry": {"type": "Point", "coordinates": [77.17011146666667, 28.55217203333333]}}, {"type": "Feature", "properties": {"osm_id": "way/265015896", "kind": "industrial", "name": "Bawa Potteries", "lon": 77.16557106249999, "lat": 28.52199285, "area_km2": 0.023}, "geometry": {"type": "Polygon", "coordinates": [[[77.1656112, 28.5211896], [77.165882, 28.5221213], [77.166177, 28.5220836], [77.1662843, 28.5224371], [77.1659703, 28.522628], [77.164677, 28.5228943], [77.1643555, 28.5213993], [77.1656112, 28.5211896]]]}}, {"type": "Feature", "properties": {"osm_id": "way/265028838", "kind": "school", "name": "School", "lon": 77.26534122000001, "lat": 28.575922860000002}, "geometry": {"type": "Point", "coordinates": [77.26534122000001, 28.575922860000002]}}, {"type": "Feature", "properties": {"osm_id": "way/265031889", "kind": "industrial", "name": "Delhi Jal Board", "lon": 77.27456077272727, "lat": 28.563627845454548, "area_km2": 0.1262}, "geometry": {"type": "Polygon", "coordinates": [[[77.2732835, 28.5653671], [77.2732897, 28.564944], [77.273324, 28.5625977], [77.2733264, 28.5624366], [77.2733874, 28.5624347], [77.2735508, 28.5624297], [77.2752682, 28.5624174], [77.2752915, 28.5632759], [77.2780641, 28.5632856], [77.2780994, 28.5653505], [77.2732835, 28.5653671]]]}}, {"type": "Feature", "properties": {"osm_id": "way/265031890", "kind": "school", "name": "Sarvodaya Kanya Vidyalaya", "lon": 77.27200384, "lat": 28.563579620000002}, "geometry": {"type": "Point", "coordinates": [77.27200384, 28.563579620000002]}}, {"type": "Feature", "properties": {"osm_id": "way/265149996", "kind": "school", "name": "School", "lon": 77.1440333, "lat": 28.66311866}, "geometry": {"type": "Point", "coordinates": [77.1440333, 28.66311866]}}, {"type": "Feature", "properties": {"osm_id": "way/265149998", "kind": "school", "name": "School", "lon": 77.14080464999999, "lat": 28.66611896666667}, "geometry": {"type": "Point", "coordinates": [77.14080464999999, 28.66611896666667]}}, {"type": "Feature", "properties": {"osm_id": "way/265150006", "kind": "school", "name": "School", "lon": 77.14133431666666, "lat": 28.66536665}, "geometry": {"type": "Point", "coordinates": [77.14133431666666, 28.66536665]}}, {"type": "Feature", "properties": {"osm_id": "way/265159594", "kind": "school", "name": "School", "lon": 77.12720788333333, "lat": 28.646617699999997}, "geometry": {"type": "Point", "coordinates": [77.12720788333333, 28.646617699999997]}}, {"type": "Feature", "properties": {"osm_id": "way/265165723", "kind": "school", "name": "School", "lon": 77.13549374, "lat": 28.650710179999997}, "geometry": {"type": "Point", "coordinates": [77.13549374, 28.650710179999997]}}, {"type": "Feature", "properties": {"osm_id": "way/265165726", "kind": "industrial", "name": "Industrial", "lon": 77.12041818333333, "lat": 28.652455683333333, "area_km2": 0.0084}, "geometry": {"type": "Polygon", "coordinates": [[[77.1202811, 28.6522815], [77.1195106, 28.6518921], [77.1193189, 28.6521705], [77.1214711, 28.6532014], [77.1216463, 28.6529071], [77.1202811, 28.6522815]]]}}, {"type": "Feature", "properties": {"osm_id": "way/265165728", "kind": "school", "name": "School", "lon": 77.12864995999999, "lat": 28.64983312}, "geometry": {"type": "Point", "coordinates": [77.12864995999999, 28.64983312]}}, {"type": "Feature", "properties": {"osm_id": "way/265165734", "kind": "school", "name": "School", "lon": 77.13105838333333, "lat": 28.649268250000002}, "geometry": {"type": "Point", "coordinates": [77.13105838333333, 28.649268250000002]}}, {"type": "Feature", "properties": {"osm_id": "way/265166886", "kind": "school", "name": "Kendriya Vidyalaya", "lon": 77.10908115, "lat": 28.646230016666667}, "geometry": {"type": "Point", "coordinates": [77.10908115, 28.646230016666667]}}, {"type": "Feature", "properties": {"osm_id": "way/265166887", "kind": "school", "name": "Cambridge Foundation School", "lon": 77.11422007142856, "lat": 28.63988062857143}, "geometry": {"type": "Point", "coordinates": [77.11422007142856, 28.63988062857143]}}, {"type": "Feature", "properties": {"osm_id": "way/265170520", "kind": "school", "name": "School", "lon": 77.13266191666666, "lat": 28.648257083333334}, "geometry": {"type": "Point", "coordinates": [77.13266191666666, 28.648257083333334]}}, {"type": "Feature", "properties": {"osm_id": "way/265180917", "kind": "school", "name": "School", "lon": 77.10158976, "lat": 28.657838299999998}, "geometry": {"type": "Point", "coordinates": [77.10158976, 28.657838299999998]}}, {"type": "Feature", "properties": {"osm_id": "way/265180919", "kind": "school", "name": "School", "lon": 77.10435324, "lat": 28.65665204}, "geometry": {"type": "Point", "coordinates": [77.10435324, 28.65665204]}}, {"type": "Feature", "properties": {"osm_id": "way/265203366", "kind": "hospital", "name": "Westend Hospital", "lon": 77.09603911904762, "lat": 28.63856913809524}, "geometry": {"type": "Point", "coordinates": [77.09603911904762, 28.63856913809524]}}, {"type": "Feature", "properties": {"osm_id": "way/265203367", "kind": "school", "name": "School", "lon": 77.09216932000001, "lat": 28.638934140000003}, "geometry": {"type": "Point", "coordinates": [77.09216932000001, 28.638934140000003]}}, {"type": "Feature", "properties": {"osm_id": "way/265203369", "kind": "school", "name": "Government Sarvodaya Bal Vidyalaya", "lon": 77.08970587499999, "lat": 28.6410910625}, "geometry": {"type": "Point", "coordinates": [77.08970587499999, 28.6410910625]}}, {"type": "Feature", "properties": {"osm_id": "way/265203370", "kind": "school", "name": "School", "lon": 77.09251947999999, "lat": 28.639665460000003}, "geometry": {"type": "Point", "coordinates": [77.09251947999999, 28.639665460000003]}}, {"type": "Feature", "properties": {"osm_id": "way/265203374", "kind": "school", "name": "Sarvodaya Bal Vidyalaya Number 2", "lon": 77.09086436666666, "lat": 28.641480583333333}, "geometry": {"type": "Point", "coordinates": [77.09086436666666, 28.641480583333333]}}, {"type": "Feature", "properties": {"osm_id": "way/265401583", "kind": "industrial", "name": "Industrial", "lon": 77.05394385, "lat": 28.656098407692305, "area_km2": 0.4183}, "geometry": {"type": "Polygon", "coordinates": [[[77.0483394, 28.6532619], [77.0469517, 28.6532468], [77.0469479, 28.6529743], [77.0543363, 28.6528001], [77.0543717, 28.6538776], [77.0550761, 28.6538635], [77.0550852, 28.6533273], [77.0557209, 28.6533288], [77.0557434, 28.6541417], [77.0563319, 28.654137], [77.0563421, 28.6554645], [77.0556994, 28.6554753], [77.0557391, 28.6560671], [77.0563201, 28.656068], [77.056363, 28.6570758], [77.0557633, 28.6570942], [77.0557847, 28.658167], [77.0545396, 28.6581858], [77.0545219, 28.6576417], [77.0535596, 28.6576746], [77.0547183, 28.6594445], [77.0552515, 28.660168], [77.0555304, 28.6610346], [77.0525725, 28.6615345], [77.0525907, 28.6592421], [77.0483394, 28.6532619]]]}}, {"type": "Feature", "properties": {"osm_id": "way/265426119", "kind": "industrial", "name": "Okhla Ph III", "lon": 77.26829853636364, "lat": 28.550929600000003, "area_km2": 0.4189}, "geometry": {"type": "Polygon", "coordinates": [[[77.2684363, 28.547008], [77.2686959, 28.5468563], [77.2691545, 28.546811], [77.2741326, 28.5495441], [77.2683047, 28.5559345], [77.2671031, 28.5553125], [77.2677522, 28.5544973], [77.2662877, 28.5536162], [77.2663049, 28.5534904], [77.2666757, 28.5501473], [77.2684363, 28.547008]]]}}, {"type": "Feature", "properties": {"osm_id": "way/265426120", "kind": "industrial", "name": "Industrial", "lon": 77.27956786, "lat": 28.55260064, "area_km2": 0.0668}, "geometry": {"type": "Polygon", "coordinates": [[[77.2789979, 28.5513914], [77.2813961, 28.5521473], [77.2803991, 28.5544436], [77.2780483, 28.5536295], [77.2789979, 28.5513914]]]}}, {"type": "Feature", "properties": {"osm_id": "way/265438780", "kind": "school", "name": "School", "lon": 77.24246938333333, "lat": 28.537404166666665}, "geometry": {"type": "Point", "coordinates": [77.24246938333333, 28.537404166666665]}}, {"type": "Feature", "properties": {"osm_id": "way/265438782", "kind": "hospital", "name": "Hospital", "lon": 77.23866626, "lat": 28.532581699999998}, "geometry": {"type": "Point", "coordinates": [77.23866626, 28.532581699999998]}}, {"type": "Feature", "properties": {"osm_id": "way/265438784", "kind": "school", "name": "School", "lon": 77.24079328, "lat": 28.535667280000002}, "geometry": {"type": "Point", "coordinates": [77.24079328, 28.535667280000002]}}, {"type": "Feature", "properties": {"osm_id": "way/265438787", "kind": "school", "name": "School", "lon": 77.245312475, "lat": 28.537298924999998}, "geometry": {"type": "Point", "coordinates": [77.245312475, 28.537298924999998]}}, {"type": "Feature", "properties": {"osm_id": "way/265438792", "kind": "school", "name": "School", "lon": 77.24601112, "lat": 28.53181608}, "geometry": {"type": "Point", "coordinates": [77.24601112, 28.53181608]}}, {"type": "Feature", "properties": {"osm_id": "way/265738770", "kind": "school", "name": "School", "lon": 77.26084528, "lat": 28.53820496}, "geometry": {"type": "Point", "coordinates": [77.26084528, 28.53820496]}}, {"type": "Feature", "properties": {"osm_id": "way/265740534", "kind": "school", "name": "Cambridge School", "lon": 77.251596825, "lat": 28.5649359875}, "geometry": {"type": "Point", "coordinates": [77.251596825, 28.5649359875]}}, {"type": "Feature", "properties": {"osm_id": "way/265804039", "kind": "school", "name": "School", "lon": 77.16456296, "lat": 28.653067099999998}, "geometry": {"type": "Point", "coordinates": [77.16456296, 28.653067099999998]}}, {"type": "Feature", "properties": {"osm_id": "way/265804042", "kind": "hospital", "name": "Sardar Vallabh Bhai Patel Hospital", "lon": 77.16906823333333, "lat": 28.64701405}, "geometry": {"type": "Point", "coordinates": [77.16906823333333, 28.64701405]}}, {"type": "Feature", "properties": {"osm_id": "way/265804043", "kind": "school", "name": "School", "lon": 77.16548438, "lat": 28.6542462}, "geometry": {"type": "Point", "coordinates": [77.16548438, 28.6542462]}}, {"type": "Feature", "properties": {"osm_id": "way/265804046", "kind": "school", "name": "School", "lon": 77.16607211666667, "lat": 28.65327465}, "geometry": {"type": "Point", "coordinates": [77.16607211666667, 28.65327465]}}, {"type": "Feature", "properties": {"osm_id": "way/265813745", "kind": "school", "name": "Anglo Arabic Public School", "lon": 77.2223912375, "lat": 28.645738875}, "geometry": {"type": "Point", "coordinates": [77.2223912375, 28.645738875]}}, {"type": "Feature", "properties": {"osm_id": "way/265815213", "kind": "school", "name": "Shafiq Memorial Sr Sec School", "lon": 77.20541108571429, "lat": 28.658655842857144}, "geometry": {"type": "Point", "coordinates": [77.20541108571429, 28.658655842857144]}}, {"type": "Feature", "properties": {"osm_id": "way/265815218", "kind": "school", "name": "School", "lon": 77.20613423333333, "lat": 28.656802799999998}, "geometry": {"type": "Point", "coordinates": [77.20613423333333, 28.656802799999998]}}, {"type": "Feature", "properties": {"osm_id": "way/265816722", "kind": "school", "name": "School", "lon": 77.2121676, "lat": 28.659797759999996}, "geometry": {"type": "Point", "coordinates": [77.2121676, 28.659797759999996]}}, {"type": "Feature", "properties": {"osm_id": "way/265816724", "kind": "school", "name": "Raghubir Saran Public School", "lon": 77.2063308, "lat": 28.658806783333333}, "geometry": {"type": "Point", "coordinates": [77.2063308, 28.658806783333333]}}, {"type": "Feature", "properties": {"osm_id": "way/265825061", "kind": "hospital", "name": "Hospital", "lon": 77.242262, "lat": 28.645980483333332}, "geometry": {"type": "Point", "coordinates": [77.242262, 28.645980483333332]}}, {"type": "Feature", "properties": {"osm_id": "way/265899484", "kind": "school", "name": "School", "lon": 77.13981056, "lat": 28.663127280000005}, "geometry": {"type": "Point", "coordinates": [77.13981056, 28.663127280000005]}}, {"type": "Feature", "properties": {"osm_id": "way/265899485", "kind": "hospital", "name": "Acharya Shree Bhikshu Hospital", "lon": 77.14050046, "lat": 28.66222328}, "geometry": {"type": "Point", "coordinates": [77.14050046, 28.66222328]}}, {"type": "Feature", "properties": {"osm_id": "way/265899486", "kind": "school", "name": "School", "lon": 77.13952242, "lat": 28.66192072}, "geometry": {"type": "Point", "coordinates": [77.13952242, 28.66192072]}}, {"type": "Feature", "properties": {"osm_id": "way/265899488", "kind": "school", "name": "School", "lon": 77.14088662, "lat": 28.66157574}, "geometry": {"type": "Point", "coordinates": [77.14088662, 28.66157574]}}, {"type": "Feature", "properties": {"osm_id": "way/265899489", "kind": "school", "name": "Kendriya Vidyala (Boys)", "lon": 77.13880688333333, "lat": 28.66141835}, "geometry": {"type": "Point", "coordinates": [77.13880688333333, 28.66141835]}}, {"type": "Feature", "properties": {"osm_id": "way/265899490", "kind": "school", "name": "Kendriya Vidyalaya (Girls)", "lon": 77.13777544, "lat": 28.66098138}, "geometry": {"type": "Point", "coordinates": [77.13777544, 28.66098138]}}, {"type": "Feature", "properties": {"osm_id": "way/265899494", "kind": "school", "name": "School", "lon": 77.13765122, "lat": 28.66244944}, "geometry": {"type": "Point", "coordinates": [77.13765122, 28.66244944]}}, {"type": "Feature", "properties": {"osm_id": "way/265903496", "kind": "school", "name": "School", "lon": 77.22621472, "lat": 28.57351926}, "geometry": {"type": "Point", "coordinates": [77.22621472, 28.57351926]}}, {"type": "Feature", "properties": {"osm_id": "way/265903501", "kind": "school", "name": "School", "lon": 77.22700599999999, "lat": 28.57421044}, "geometry": {"type": "Point", "coordinates": [77.22700599999999, 28.57421044]}}, {"type": "Feature", "properties": {"osm_id": "way/265903502", "kind": "school", "name": "School", "lon": 77.22722381999999, "lat": 28.574406420000003}, "geometry": {"type": "Point", "coordinates": [77.22722381999999, 28.574406420000003]}}, {"type": "Feature", "properties": {"osm_id": "way/265903504", "kind": "school", "name": "School", "lon": 77.22471412, "lat": 28.570488660000002}, "geometry": {"type": "Point", "coordinates": [77.22471412, 28.570488660000002]}}, {"type": "Feature", "properties": {"osm_id": "way/265903507", "kind": "school", "name": "School", "lon": 77.22670780000001, "lat": 28.574153799999998}, "geometry": {"type": "Point", "coordinates": [77.22670780000001, 28.574153799999998]}}, {"type": "Feature", "properties": {"osm_id": "way/265997177", "kind": "school", "name": "DAV Public School", "lon": 77.35077407142856, "lat": 28.685030085714285}, "geometry": {"type": "Point", "coordinates": [77.35077407142856, 28.685030085714285]}}, {"type": "Feature", "properties": {"osm_id": "way/266003977", "kind": "school", "name": "DLF Public School", "lon": 77.34988132, "lat": 28.6878056}, "geometry": {"type": "Point", "coordinates": [77.34988132, 28.6878056]}}, {"type": "Feature", "properties": {"osm_id": "way/266075028", "kind": "school", "name": "Good Samaritan School", "lon": 77.29548456250001, "lat": 28.546471775}, "geometry": {"type": "Point", "coordinates": [77.29548456250001, 28.546471775]}}, {"type": "Feature", "properties": {"osm_id": "way/266156911", "kind": "school", "name": "School", "lon": 77.0878133, "lat": 28.4784617625}, "geometry": {"type": "Point", "coordinates": [77.0878133, 28.4784617625]}}, {"type": "Feature", "properties": {"osm_id": "way/266156916", "kind": "school", "name": "School", "lon": 77.08718196666666, "lat": 28.4768464}, "geometry": {"type": "Point", "coordinates": [77.08718196666666, 28.4768464]}}, {"type": "Feature", "properties": {"osm_id": "way/266510300", "kind": "hospital", "name": "Hospital", "lon": 77.0843523, "lat": 28.468462879999997}, "geometry": {"type": "Point", "coordinates": [77.0843523, 28.468462879999997]}}, {"type": "Feature", "properties": {"osm_id": "way/266513196", "kind": "school", "name": "School", "lon": 77.09056312, "lat": 28.47078952}, "geometry": {"type": "Point", "coordinates": [77.09056312, 28.47078952]}}, {"type": "Feature", "properties": {"osm_id": "way/266521622", "kind": "school", "name": "Government Senior Secondary School", "lon": 77.09203793333334, "lat": 28.472247449999998}, "geometry": {"type": "Point", "coordinates": [77.09203793333334, 28.472247449999998]}}, {"type": "Feature", "properties": {"osm_id": "way/266522866", "kind": "school", "name": "School", "lon": 77.07949334999999, "lat": 28.467116425}, "geometry": {"type": "Point", "coordinates": [77.07949334999999, 28.467116425]}}, {"type": "Feature", "properties": {"osm_id": "way/266522868", "kind": "school", "name": "School", "lon": 77.079575175, "lat": 28.463787}, "geometry": {"type": "Point", "coordinates": [77.079575175, 28.463787]}}, {"type": "Feature", "properties": {"osm_id": "way/266522869", "kind": "school", "name": "School", "lon": 77.07938074, "lat": 28.46672598}, "geometry": {"type": "Point", "coordinates": [77.07938074, 28.46672598]}}, {"type": "Feature", "properties": {"osm_id": "way/266522870", "kind": "school", "name": "School", "lon": 77.07939068571429, "lat": 28.463088385714286}, "geometry": {"type": "Point", "coordinates": [77.07939068571429, 28.463088385714286]}}, {"type": "Feature", "properties": {"osm_id": "way/266577909", "kind": "school", "name": "School", "lon": 77.087901425, "lat": 28.48523555}, "geometry": {"type": "Point", "coordinates": [77.087901425, 28.48523555]}}, {"type": "Feature", "properties": {"osm_id": "way/266577914", "kind": "school", "name": "School", "lon": 77.08996536666668, "lat": 28.483847466666663}, "geometry": {"type": "Point", "coordinates": [77.08996536666668, 28.483847466666663]}}, {"type": "Feature", "properties": {"osm_id": "way/266577917", "kind": "school", "name": "Gurgaon Valley School", "lon": 77.08928709166666, "lat": 28.484899191666667}, "geometry": {"type": "Point", "coordinates": [77.08928709166666, 28.484899191666667]}}, {"type": "Feature", "properties": {"osm_id": "way/266579093", "kind": "school", "name": "School", "lon": 77.08671813, "lat": 28.488398110000002}, "geometry": {"type": "Point", "coordinates": [77.08671813, 28.488398110000002]}}, {"type": "Feature", "properties": {"osm_id": "way/266602155", "kind": "school", "name": "Sherwood Convent", "lon": 77.076200625, "lat": 28.4826981}, "geometry": {"type": "Point", "coordinates": [77.076200625, 28.4826981]}}, {"type": "Feature", "properties": {"osm_id": "way/266636533", "kind": "school", "name": "Shriram School", "lon": 77.085666385, "lat": 28.466340745000004}, "geometry": {"type": "Point", "coordinates": [77.085666385, 28.466340745000004]}}, {"type": "Feature", "properties": {"osm_id": "way/266639961", "kind": "school", "name": "Amity School", "lon": 77.07671263333333, "lat": 28.45476198888889}, "geometry": {"type": "Point", "coordinates": [77.07671263333333, 28.45476198888889]}}, {"type": "Feature", "properties": {"osm_id": "way/266639963", "kind": "hospital", "name": "Hospital", "lon": 77.08207053333334, "lat": 28.450089783333336}, "geometry": {"type": "Point", "coordinates": [77.08207053333334, 28.450089783333336]}}, {"type": "Feature", "properties": {"osm_id": "way/266644460", "kind": "school", "name": "School", "lon": 77.08018406923077, "lat": 28.45901083076923}, "geometry": {"type": "Point", "coordinates": [77.08018406923077, 28.45901083076923]}}, {"type": "Feature", "properties": {"osm_id": "way/266768714", "kind": "school", "name": "School", "lon": 77.24204596, "lat": 28.648443359999998}, "geometry": {"type": "Point", "coordinates": [77.24204596, 28.648443359999998]}}, {"type": "Feature", "properties": {"osm_id": "way/266768716", "kind": "school", "name": "School", "lon": 77.2426931, "lat": 28.64184954}, "geometry": {"type": "Point", "coordinates": [77.2426931, 28.64184954]}}, {"type": "Feature", "properties": {"osm_id": "way/266768717", "kind": "school", "name": "School", "lon": 77.24177046, "lat": 28.647714580000002}, "geometry": {"type": "Point", "coordinates": [77.24177046, 28.647714580000002]}}, {"type": "Feature", "properties": {"osm_id": "way/266768718", "kind": "school", "name": "School", "lon": 77.24341944, "lat": 28.6441894}, "geometry": {"type": "Point", "coordinates": [77.24341944, 28.6441894]}}, {"type": "Feature", "properties": {"osm_id": "way/266768719", "kind": "school", "name": "HMDAV Senior Secondary School", "lon": 77.24113148, "lat": 28.64545476}, "geometry": {"type": "Point", "coordinates": [77.24113148, 28.64545476]}}, {"type": "Feature", "properties": {"osm_id": "way/266768720", "kind": "school", "name": "Dr Shroff Charity Eye Hospital Training", "lon": 77.24108292000001, "lat": 28.6469646}, "geometry": {"type": "Point", "coordinates": [77.24108292000001, 28.6469646]}}, {"type": "Feature", "properties": {"osm_id": "way/266768721", "kind": "school", "name": "School", "lon": 77.2419963, "lat": 28.64699812}, "geometry": {"type": "Point", "coordinates": [77.2419963, 28.64699812]}}, {"type": "Feature", "properties": {"osm_id": "way/266768722", "kind": "school", "name": "Anglo Sanskrit Victoria Jubilee Senior Secondary School", "lon": 77.24116716, "lat": 28.6477505}, "geometry": {"type": "Point", "coordinates": [77.24116716, 28.6477505]}}, {"type": "Feature", "properties": {"osm_id": "way/266768723", "kind": "school", "name": "School", "lon": 77.24213971666667, "lat": 28.649453316666666}, "geometry": {"type": "Point", "coordinates": [77.24213971666667, 28.649453316666666]}}, {"type": "Feature", "properties": {"osm_id": "way/266768724", "kind": "school", "name": "\u092c\u091a\u094d\u091a\u094b\u0902 \u0915\u093e \u0918\u0930", "lon": 77.2410838, "lat": 28.64614882}, "geometry": {"type": "Point", "coordinates": [77.2410838, 28.64614882]}}, {"type": "Feature", "properties": {"osm_id": "way/266888510", "kind": "hospital", "name": "Tibetan Medical and Astro Institute", "lon": 77.25151576, "lat": 28.5878496}, "geometry": {"type": "Point", "coordinates": [77.25151576, 28.5878496]}}, {"type": "Feature", "properties": {"osm_id": "way/267276499", "kind": "school", "name": "Lancer's International", "lon": 77.09524034117646, "lat": 28.44533786470588}, "geometry": {"type": "Point", "coordinates": [77.09524034117646, 28.44533786470588]}}, {"type": "Feature", "properties": {"osm_id": "way/269403296", "kind": "school", "name": "School", "lon": 76.9152611, "lat": 28.69468816}, "geometry": {"type": "Point", "coordinates": [76.9152611, 28.69468816]}}, {"type": "Feature", "properties": {"osm_id": "way/269435883", "kind": "industrial", "name": "Modern Industrial Estate, Part-A", "lon": 76.95440739166666, "lat": 28.692550225, "area_km2": 1.006}, "geometry": {"type": "Polygon", "coordinates": [[[76.9600358, 28.6886183], [76.946946, 28.6898525], [76.9470614, 28.6921363], [76.9481975, 28.6930388], [76.9486047, 28.6952011], [76.9479617, 28.6964796], [76.9479831, 28.6971], [76.9592147, 28.6945618], [76.9635607, 28.6940359], [76.9632153, 28.6922835], [76.960072, 28.6886766], [76.9600358, 28.6886183]]]}}, {"type": "Feature", "properties": {"osm_id": "way/269435884", "kind": "industrial", "name": "Modern Industrial Estate, Part-B", "lon": 76.95109568333334, "lat": 28.685779241666665, "area_km2": 1.0348}, "geometry": {"type": "Polygon", "coordinates": [[[76.9469253, 28.6894437], [76.9516135, 28.6890161], [76.9520493, 28.6889771], [76.9598191, 28.6882696], [76.9572213, 28.6840886], [76.9559567, 28.6777515], [76.9499122, 28.6788986], [76.9477045, 28.6818697], [76.9492263, 28.6863826], [76.9489262, 28.6868903], [76.9468685, 28.6883194], [76.9469253, 28.6894437]]]}}, {"type": "Feature", "properties": {"osm_id": "way/269763434", "kind": "school", "name": "School", "lon": 77.07351174, "lat": 28.40369376}, "geometry": {"type": "Point", "coordinates": [77.07351174, 28.40369376]}}, {"type": "Feature", "properties": {"osm_id": "way/269763435", "kind": "school", "name": "School", "lon": 77.06745883333332, "lat": 28.404927133333334}, "geometry": {"type": "Point", "coordinates": [77.06745883333332, 28.404927133333334]}}, {"type": "Feature", "properties": {"osm_id": "way/269798034", "kind": "school", "name": "School", "lon": 77.056675625, "lat": 28.4401042}, "geometry": {"type": "Point", "coordinates": [77.056675625, 28.4401042]}}, {"type": "Feature", "properties": {"osm_id": "way/269803710", "kind": "hospital", "name": "Mayom Hospital", "lon": 77.06363335, "lat": 28.458077783333334}, "geometry": {"type": "Point", "coordinates": [77.06363335, 28.458077783333334]}}, {"type": "Feature", "properties": {"osm_id": "way/269803712", "kind": "school", "name": "School", "lon": 77.0641143125, "lat": 28.4541121125}, "geometry": {"type": "Point", "coordinates": [77.0641143125, 28.4541121125]}}, {"type": "Feature", "properties": {"osm_id": "way/269829619", "kind": "hospital", "name": "Hospital", "lon": 77.0542829125, "lat": 28.414505925}, "geometry": {"type": "Point", "coordinates": [77.0542829125, 28.414505925]}}, {"type": "Feature", "properties": {"osm_id": "way/269904109", "kind": "hospital", "name": "Shalby International Hospital", "lon": 77.1020709375, "lat": 28.439326875}, "geometry": {"type": "Point", "coordinates": [77.1020709375, 28.439326875]}}, {"type": "Feature", "properties": {"osm_id": "way/272749562", "kind": "school", "name": "School", "lon": 77.07715766, "lat": 28.418028200000002}, "geometry": {"type": "Point", "coordinates": [77.07715766, 28.418028200000002]}}, {"type": "Feature", "properties": {"osm_id": "way/272749563", "kind": "school", "name": "School", "lon": 77.08705235714285, "lat": 28.422117328571428}, "geometry": {"type": "Point", "coordinates": [77.08705235714285, 28.422117328571428]}}, {"type": "Feature", "properties": {"osm_id": "way/272749564", "kind": "school", "name": "School", "lon": 77.08068736, "lat": 28.41683158}, "geometry": {"type": "Point", "coordinates": [77.08068736, 28.41683158]}}, {"type": "Feature", "properties": {"osm_id": "way/272749565", "kind": "school", "name": "School", "lon": 77.08834327142857, "lat": 28.42215742857143}, "geometry": {"type": "Point", "coordinates": [77.08834327142857, 28.42215742857143]}}, {"type": "Feature", "properties": {"osm_id": "way/272749567", "kind": "school", "name": "School", "lon": 77.08882108333334, "lat": 28.423230966666665}, "geometry": {"type": "Point", "coordinates": [77.08882108333334, 28.423230966666665]}}, {"type": "Feature", "properties": {"osm_id": "way/272749568", "kind": "school", "name": "School", "lon": 77.08830395, "lat": 28.418650666666668}, "geometry": {"type": "Point", "coordinates": [77.08830395, 28.418650666666668]}}, {"type": "Feature", "properties": {"osm_id": "way/272749569", "kind": "school", "name": "School", "lon": 77.07781708571429, "lat": 28.42043412857143}, "geometry": {"type": "Point", "coordinates": [77.07781708571429, 28.42043412857143]}}, {"type": "Feature", "properties": {"osm_id": "way/272749572", "kind": "school", "name": "School", "lon": 77.07668290000001, "lat": 28.422465089999996}, "geometry": {"type": "Point", "coordinates": [77.07668290000001, 28.422465089999996]}}, {"type": "Feature", "properties": {"osm_id": "way/272751100", "kind": "school", "name": "School", "lon": 77.08527995, "lat": 28.424828816666665}, "geometry": {"type": "Point", "coordinates": [77.08527995, 28.424828816666665]}}, {"type": "Feature", "properties": {"osm_id": "way/272761788", "kind": "school", "name": "Scottish High International School", "lon": 77.08905053999999, "lat": 28.426217819999998}, "geometry": {"type": "Point", "coordinates": [77.08905053999999, 28.426217819999998]}}, {"type": "Feature", "properties": {"osm_id": "way/272761794", "kind": "school", "name": "Suraj School", "lon": 77.1013007, "lat": 28.42384512}, "geometry": {"type": "Point", "coordinates": [77.1013007, 28.42384512]}}, {"type": "Feature", "properties": {"osm_id": "way/272761795", "kind": "school", "name": "School", "lon": 77.10316648, "lat": 28.427781160000002}, "geometry": {"type": "Point", "coordinates": [77.10316648, 28.427781160000002]}}, {"type": "Feature", "properties": {"osm_id": "way/272761796", "kind": "school", "name": "School", "lon": 77.10081183999999, "lat": 28.42569052}, "geometry": {"type": "Point", "coordinates": [77.10081183999999, 28.42569052]}}, {"type": "Feature", "properties": {"osm_id": "way/272761797", "kind": "school", "name": "Shalom Presidency School", "lon": 77.09810125714286, "lat": 28.4196483}, "geometry": {"type": "Point", "coordinates": [77.09810125714286, 28.4196483]}}, {"type": "Feature", "properties": {"osm_id": "way/272761798", "kind": "school", "name": "School", "lon": 77.10005976, "lat": 28.42309892}, "geometry": {"type": "Point", "coordinates": [77.10005976, 28.42309892]}}, {"type": "Feature", "properties": {"osm_id": "way/272846918", "kind": "school", "name": "School", "lon": 77.11031166000001, "lat": 28.427577839999998}, "geometry": {"type": "Point", "coordinates": [77.11031166000001, 28.427577839999998]}}, {"type": "Feature", "properties": {"osm_id": "way/272846920", "kind": "hospital", "name": "Hospital", "lon": 77.11029296000001, "lat": 28.426733000000002}, "geometry": {"type": "Point", "coordinates": [77.11029296000001, 28.426733000000002]}}, {"type": "Feature", "properties": {"osm_id": "way/272869648", "kind": "school", "name": "Suncity School", "lon": 77.11260623333334, "lat": 28.434389093333333}, "geometry": {"type": "Point", "coordinates": [77.11260623333334, 28.434389093333333]}}, {"type": "Feature", "properties": {"osm_id": "way/272869651", "kind": "school", "name": "Govt Model Sanskiriti Primary School", "lon": 77.10767756666667, "lat": 28.438452166666668}, "geometry": {"type": "Point", "coordinates": [77.10767756666667, 28.438452166666668]}}, {"type": "Feature", "properties": {"osm_id": "way/273322488", "kind": "school", "name": "School", "lon": 76.91334402941177, "lat": 28.401270347058823}, "geometry": {"type": "Point", "coordinates": [76.91334402941177, 28.401270347058823]}}, {"type": "Feature", "properties": {"osm_id": "way/273327660", "kind": "school", "name": "School", "lon": 77.01476106, "lat": 28.411336619999997}, "geometry": {"type": "Point", "coordinates": [77.01476106, 28.411336619999997]}}, {"type": "Feature", "properties": {"osm_id": "way/273327663", "kind": "school", "name": "School", "lon": 77.01587792000001, "lat": 28.40785656}, "geometry": {"type": "Point", "coordinates": [77.01587792000001, 28.40785656]}}, {"type": "Feature", "properties": {"osm_id": "way/273327667", "kind": "school", "name": "School", "lon": 77.01498545, "lat": 28.4109730375}, "geometry": {"type": "Point", "coordinates": [77.01498545, 28.4109730375]}}, {"type": "Feature", "properties": {"osm_id": "way/273409272", "kind": "school", "name": "School", "lon": 77.03832014, "lat": 28.50879828}, "geometry": {"type": "Point", "coordinates": [77.03832014, 28.50879828]}}, {"type": "Feature", "properties": {"osm_id": "way/273409274", "kind": "school", "name": "School", "lon": 77.03623678, "lat": 28.506123380000002}, "geometry": {"type": "Point", "coordinates": [77.03623678, 28.506123380000002]}}, {"type": "Feature", "properties": {"osm_id": "way/273409279", "kind": "school", "name": "School", "lon": 77.02804016, "lat": 28.50753014}, "geometry": {"type": "Point", "coordinates": [77.02804016, 28.50753014]}}, {"type": "Feature", "properties": {"osm_id": "way/273409280", "kind": "school", "name": "School", "lon": 77.03056896, "lat": 28.51049292}, "geometry": {"type": "Point", "coordinates": [77.03056896, 28.51049292]}}, {"type": "Feature", "properties": {"osm_id": "way/273409281", "kind": "school", "name": "School", "lon": 77.02925488, "lat": 28.504633419999998}, "geometry": {"type": "Point", "coordinates": [77.02925488, 28.504633419999998]}}, {"type": "Feature", "properties": {"osm_id": "way/273409282", "kind": "school", "name": "School", "lon": 77.03280240000001, "lat": 28.504976820000003}, "geometry": {"type": "Point", "coordinates": [77.03280240000001, 28.504976820000003]}}, {"type": "Feature", "properties": {"osm_id": "way/273409287", "kind": "school", "name": "School", "lon": 77.02993983333333, "lat": 28.510324666666666}, "geometry": {"type": "Point", "coordinates": [77.02993983333333, 28.510324666666666]}}, {"type": "Feature", "properties": {"osm_id": "way/273409289", "kind": "school", "name": "School", "lon": 77.04052431666666, "lat": 28.509527116666664}, "geometry": {"type": "Point", "coordinates": [77.04052431666666, 28.509527116666664]}}, {"type": "Feature", "properties": {"osm_id": "way/273409290", "kind": "school", "name": "School", "lon": 77.02845144999999, "lat": 28.506706249999997}, "geometry": {"type": "Point", "coordinates": [77.02845144999999, 28.506706249999997]}}, {"type": "Feature", "properties": {"osm_id": "way/273409291", "kind": "school", "name": "School", "lon": 77.0449045, "lat": 28.514801642857144}, "geometry": {"type": "Point", "coordinates": [77.0449045, 28.514801642857144]}}, {"type": "Feature", "properties": {"osm_id": "way/273409294", "kind": "school", "name": "School", "lon": 77.04535218571428, "lat": 28.517893785714286}, "geometry": {"type": "Point", "coordinates": [77.04535218571428, 28.517893785714286]}}, {"type": "Feature", "properties": {"osm_id": "way/273409296", "kind": "school", "name": "School", "lon": 77.03530555, "lat": 28.503836425}, "geometry": {"type": "Point", "coordinates": [77.03530555, 28.503836425]}}, {"type": "Feature", "properties": {"osm_id": "way/273409297", "kind": "school", "name": "School", "lon": 77.043507125, "lat": 28.5176255875}, "geometry": {"type": "Point", "coordinates": [77.043507125, 28.5176255875]}}, {"type": "Feature", "properties": {"osm_id": "way/273417184", "kind": "school", "name": "School", "lon": 77.01672992857142, "lat": 28.492415642857143}, "geometry": {"type": "Point", "coordinates": [77.01672992857142, 28.492415642857143]}}, {"type": "Feature", "properties": {"osm_id": "way/273911358", "kind": "school", "name": "Heritage Xperiential Learning School", "lon": 77.08754842222223, "lat": 28.409286716666667}, "geometry": {"type": "Point", "coordinates": [77.08754842222223, 28.409286716666667]}}, {"type": "Feature", "properties": {"osm_id": "way/275868749", "kind": "school", "name": "School", "lon": 77.17003836, "lat": 28.577582919999998}, "geometry": {"type": "Point", "coordinates": [77.17003836, 28.577582919999998]}}, {"type": "Feature", "properties": {"osm_id": "way/275868751", "kind": "school", "name": "School", "lon": 77.169281, "lat": 28.578698839999998}, "geometry": {"type": "Point", "coordinates": [77.169281, 28.578698839999998]}}, {"type": "Feature", "properties": {"osm_id": "way/275872534", "kind": "school", "name": "Manava Bharti India International School", "lon": 77.21699297142857, "lat": 28.54057249285714}, "geometry": {"type": "Point", "coordinates": [77.21699297142857, 28.54057249285714]}}, {"type": "Feature", "properties": {"osm_id": "way/276471539", "kind": "hospital", "name": "Deep Chand Bandhu Government Hospital", "lon": 77.17831542857142, "lat": 28.6816164}, "geometry": {"type": "Point", "coordinates": [77.17831542857142, 28.6816164]}}, {"type": "Feature", "properties": {"osm_id": "way/276694706", "kind": "hospital", "name": "Hospital", "lon": 77.2898886875, "lat": 28.614157325}, "geometry": {"type": "Point", "coordinates": [77.2898886875, 28.614157325]}}, {"type": "Feature", "properties": {"osm_id": "way/276702359", "kind": "school", "name": "School", "lon": 77.263392225, "lat": 28.5792497125}, "geometry": {"type": "Point", "coordinates": [77.263392225, 28.5792497125]}}, {"type": "Feature", "properties": {"osm_id": "way/276704969", "kind": "school", "name": "School", "lon": 77.10873912000001, "lat": 28.64987754}, "geometry": {"type": "Point", "coordinates": [77.10873912000001, 28.64987754]}}, {"type": "Feature", "properties": {"osm_id": "way/277886180", "kind": "school", "name": "Bal Bharti Public School", "lon": 77.33464336666667, "lat": 28.669149266666665}, "geometry": {"type": "Point", "coordinates": [77.33464336666667, 28.669149266666665]}}, {"type": "Feature", "properties": {"osm_id": "way/277886184", "kind": "school", "name": "DAV Centenary School", "lon": 77.3264047125, "lat": 28.6628244125}, "geometry": {"type": "Point", "coordinates": [77.3264047125, 28.6628244125]}}, {"type": "Feature", "properties": {"osm_id": "way/277886186", "kind": "school", "name": "DAV Public School", "lon": 77.33821972727273, "lat": 28.670243518181817}, "geometry": {"type": "Point", "coordinates": [77.33821972727273, 28.670243518181817]}}, {"type": "Feature", "properties": {"osm_id": "way/277886188", "kind": "school", "name": "Deep Memorial Public School", "lon": 77.32160619999999, "lat": 28.65686058}, "geometry": {"type": "Point", "coordinates": [77.32160619999999, 28.65686058]}}, {"type": "Feature", "properties": {"osm_id": "way/277886191", "kind": "school", "name": "Deep Memorial Public School Junior", "lon": 77.32109846666667, "lat": 28.661110133333334}, "geometry": {"type": "Point", "coordinates": [77.32109846666667, 28.661110133333334]}}, {"type": "Feature", "properties": {"osm_id": "way/277886266", "kind": "school", "name": "Greenfield Public School", "lon": 77.32905373999999, "lat": 28.663506159999997}, "geometry": {"type": "Point", "coordinates": [77.32905373999999, 28.663506159999997]}}, {"type": "Feature", "properties": {"osm_id": "way/277887005", "kind": "school", "name": "Vidya Bharti Public School", "lon": 77.3260729, "lat": 28.666905300000003}, "geometry": {"type": "Point", "coordinates": [77.3260729, 28.666905300000003]}}, {"type": "Feature", "properties": {"osm_id": "way/277894737", "kind": "industrial", "name": "Industrial", "lon": 77.33026863333333, "lat": 28.675029941666665, "area_km2": 0.3629}, "geometry": {"type": "Polygon", "coordinates": [[[77.3240972, 28.6735791], [77.3239713, 28.6761486], [77.325348, 28.6761929], [77.326721, 28.676237], [77.3337868, 28.6764726], [77.3371771, 28.676556], [77.3371211, 28.6762959], [77.3362148, 28.6741068], [77.3362092, 28.6737975], [77.331205, 28.6737116], [77.3272749, 28.6736822], [77.3240972, 28.6735791]]]}}, {"type": "Feature", "properties": {"osm_id": "way/277905474", "kind": "school", "name": "Govt School", "lon": 77.32962198, "lat": 28.60891176}, "geometry": {"type": "Point", "coordinates": [77.32962198, 28.60891176]}}, {"type": "Feature", "properties": {"osm_id": "way/277905479", "kind": "school", "name": "Vidya Bal Bhavan Sr Secondary School", "lon": 77.3302382625, "lat": 28.60846955}, "geometry": {"type": "Point", "coordinates": [77.3302382625, 28.60846955]}}, {"type": "Feature", "properties": {"osm_id": "way/277955572", "kind": "industrial", "name": "British Era Textile Industry", "lon": 77.20263104, "lat": 28.677826553333333, "area_km2": 0.0352}, "geometry": {"type": "Polygon", "coordinates": [[[77.202623, 28.6765233], [77.2033237, 28.6769847], [77.2041448, 28.6774457], [77.2036772, 28.6777887], [77.2034297, 28.6778903], [77.2034479, 28.6781623], [77.2026696, 28.6782022], [77.2022956, 28.67865], [77.2022437, 28.6787067], [77.2019965, 28.678759], [77.2018431, 28.6787665], [77.2010652, 28.6785926], [77.2018644, 28.677424], [77.2022182, 28.676979], [77.202623, 28.6765233]]]}}, {"type": "Feature", "properties": {"osm_id": "way/278151801", "kind": "school", "name": "Old Middle School Building", "lon": 77.153798975, "lat": 28.6773912875}, "geometry": {"type": "Point", "coordinates": [77.153798975, 28.6773912875]}}, {"type": "Feature", "properties": {"osm_id": "way/278151817", "kind": "school", "name": "School", "lon": 77.15304706666667, "lat": 28.676910133333333}, "geometry": {"type": "Point", "coordinates": [77.15304706666667, 28.676910133333333]}}, {"type": "Feature", "properties": {"osm_id": "way/278151818", "kind": "school", "name": "School", "lon": 77.15382525, "lat": 28.676339860000002}, "geometry": {"type": "Point", "coordinates": [77.15382525, 28.676339860000002]}}, {"type": "Feature", "properties": {"osm_id": "way/278201043", "kind": "hospital", "name": "Max Healthcare", "lon": 77.15266271666667, "lat": 28.727786233333333}, "geometry": {"type": "Point", "coordinates": [77.15266271666667, 28.727786233333333]}}, {"type": "Feature", "properties": {"osm_id": "way/278577267", "kind": "school", "name": "Saint Columba's School", "lon": 77.20620825, "lat": 28.629233437499998}, "geometry": {"type": "Point", "coordinates": [77.20620825, 28.629233437499998]}}, {"type": "Feature", "properties": {"osm_id": "way/279569846", "kind": "school", "name": "Vishwa Bharati Public School", "lon": 77.06934194, "lat": 28.592638799999996}, "geometry": {"type": "Point", "coordinates": [77.06934194, 28.592638799999996]}}, {"type": "Feature", "properties": {"osm_id": "way/279569848", "kind": "school", "name": "Gov't. Co-Ed. Sr. Sec. School", "lon": 77.06264877142858, "lat": 28.59123955714286}, "geometry": {"type": "Point", "coordinates": [77.06264877142858, 28.59123955714286]}}, {"type": "Feature", "properties": {"osm_id": "way/279962764", "kind": "school", "name": "Mount Carmel Junior Wing", "lon": 77.05993086000001, "lat": 28.56166006}, "geometry": {"type": "Point", "coordinates": [77.05993086000001, 28.56166006]}}, {"type": "Feature", "properties": {"osm_id": "way/279962768", "kind": "school", "name": "School", "lon": 77.05724208333334, "lat": 28.563630833333335}, "geometry": {"type": "Point", "coordinates": [77.05724208333334, 28.563630833333335]}}, {"type": "Feature", "properties": {"osm_id": "way/279962769", "kind": "school", "name": "School", "lon": 77.0592362125, "lat": 28.561227275}, "geometry": {"type": "Point", "coordinates": [77.0592362125, 28.561227275]}}, {"type": "Feature", "properties": {"osm_id": "way/279962775", "kind": "school", "name": "School", "lon": 77.05538254444444, "lat": 28.556515044444446}, "geometry": {"type": "Point", "coordinates": [77.05538254444444, 28.556515044444446]}}, {"type": "Feature", "properties": {"osm_id": "way/281310755", "kind": "school", "name": "St. Michael's Senior Secondary School", "lon": 77.01629335, "lat": 28.4701440625}, "geometry": {"type": "Point", "coordinates": [77.01629335, 28.4701440625]}}, {"type": "Feature", "properties": {"osm_id": "way/283722678", "kind": "school", "name": "School", "lon": 77.33335678888889, "lat": 28.6036395}, "geometry": {"type": "Point", "coordinates": [77.33335678888889, 28.6036395]}}, {"type": "Feature", "properties": {"osm_id": "way/283749167", "kind": "school", "name": "Bharti Public School", "lon": 77.33260232222223, "lat": 28.60594957777778}, "geometry": {"type": "Point", "coordinates": [77.33260232222223, 28.60594957777778]}}, {"type": "Feature", "properties": {"osm_id": "way/283761048", "kind": "school", "name": "Govt School", "lon": 77.33205496000001, "lat": 28.6067321}, "geometry": {"type": "Point", "coordinates": [77.33205496000001, 28.6067321]}}, {"type": "Feature", "properties": {"osm_id": "way/283761049", "kind": "school", "name": "Salwan Public School", "lon": 77.33994265714286, "lat": 28.610182585714284}, "geometry": {"type": "Point", "coordinates": [77.33994265714286, 28.610182585714284]}}, {"type": "Feature", "properties": {"osm_id": "way/283761746", "kind": "school", "name": "Ryan International School", "lon": 77.3362727, "lat": 28.61415016}, "geometry": {"type": "Point", "coordinates": [77.3362727, 28.61415016]}}, {"type": "Feature", "properties": {"osm_id": "way/283761748", "kind": "school", "name": "Saint Mary's Senior Secondary School", "lon": 77.33791355, "lat": 28.610606516666667}, "geometry": {"type": "Point", "coordinates": [77.33791355, 28.610606516666667]}}, {"type": "Feature", "properties": {"osm_id": "way/283762593", "kind": "school", "name": "Kerela Education Society Senior Secondary School", "lon": 77.34072834444444, "lat": 28.615232244444446}, "geometry": {"type": "Point", "coordinates": [77.34072834444444, 28.615232244444446]}}, {"type": "Feature", "properties": {"osm_id": "way/283762596", "kind": "school", "name": "School", "lon": 77.33825981999999, "lat": 28.611806280000003}, "geometry": {"type": "Point", "coordinates": [77.33825981999999, 28.611806280000003]}}, {"type": "Feature", "properties": {"osm_id": "way/283762598", "kind": "school", "name": "School", "lon": 77.3403409375, "lat": 28.6146278875}, "geometry": {"type": "Point", "coordinates": [77.3403409375, 28.6146278875]}}, {"type": "Feature", "properties": {"osm_id": "way/283808810", "kind": "industrial", "name": "Cold Storage", "lon": 77.33236436666667, "lat": 28.629336755555553, "area_km2": 0.0262}, "geometry": {"type": "Polygon", "coordinates": [[[77.3332724, 28.6283933], [77.3328703, 28.6286344], [77.3327343, 28.6287159], [77.3312659, 28.6300527], [77.3305696, 28.6298085], [77.3312734, 28.6311391], [77.3322713, 28.6299401], [77.3337497, 28.6289535], [77.3332724, 28.6283933]]]}}, {"type": "Feature", "properties": {"osm_id": "way/283888132", "kind": "school", "name": "Angels Public School", "lon": 77.31685105, "lat": 28.5971544125}, "geometry": {"type": "Point", "coordinates": [77.31685105, 28.5971544125]}}, {"type": "Feature", "properties": {"osm_id": "way/283890525", "kind": "school", "name": "Government School", "lon": 77.31636668, "lat": 28.599285939999998}, "geometry": {"type": "Point", "coordinates": [77.31636668, 28.599285939999998]}}, {"type": "Feature", "properties": {"osm_id": "way/283918834", "kind": "school", "name": "Government Girls/Boys Secondary School", "lon": 77.31957006, "lat": 28.600382860000003}, "geometry": {"type": "Point", "coordinates": [77.31957006, 28.600382860000003]}}, {"type": "Feature", "properties": {"osm_id": "way/283919118", "kind": "hospital", "name": "Dharamshila Hospital", "lon": 77.3142502125, "lat": 28.60271675}, "geometry": {"type": "Point", "coordinates": [77.3142502125, 28.60271675]}}, {"type": "Feature", "properties": {"osm_id": "way/283919154", "kind": "school", "name": "Sommerville School", "lon": 77.31840822857143, "lat": 28.603301285714284}, "geometry": {"type": "Point", "coordinates": [77.31840822857143, 28.603301285714284]}}, {"type": "Feature", "properties": {"osm_id": "way/283923752", "kind": "school", "name": "Delhi Nagar Nigam Pre-Boys/Girls School", "lon": 77.31541835, "lat": 28.601742583333333}, "geometry": {"type": "Point", "coordinates": [77.31541835, 28.601742583333333]}}, {"type": "Feature", "properties": {"osm_id": "way/283923848", "kind": "school", "name": "School", "lon": 77.3208603, "lat": 28.608596340000002}, "geometry": {"type": "Point", "coordinates": [77.3208603, 28.608596340000002]}}, {"type": "Feature", "properties": {"osm_id": "way/284185489", "kind": "school", "name": "Convent of Jesus and Mary", "lon": 77.20741585, "lat": 28.629074175}, "geometry": {"type": "Point", "coordinates": [77.20741585, 28.629074175]}}, {"type": "Feature", "properties": {"osm_id": "way/284190150", "kind": "school", "name": "Khrist Raja School", "lon": 77.20897099999999, "lat": 28.62935336}, "geometry": {"type": "Point", "coordinates": [77.20897099999999, 28.62935336]}}, {"type": "Feature", "properties": {"osm_id": "way/284837724", "kind": "hospital", "name": "Saket City Hospital", "lon": 77.21391501666666, "lat": 28.527474966666663}, "geometry": {"type": "Point", "coordinates": [77.21391501666666, 28.527474966666663]}}, {"type": "Feature", "properties": {"osm_id": "way/286690725", "kind": "school", "name": "Mother Mary's School", "lon": 77.29925158181818, "lat": 28.598238654545455}, "geometry": {"type": "Point", "coordinates": [77.29925158181818, 28.598238654545455]}}, {"type": "Feature", "properties": {"osm_id": "way/286838807", "kind": "hospital", "name": "Lal Bahadur Shastri Hospital", "lon": 77.31354204, "lat": 28.61868372}, "geometry": {"type": "Point", "coordinates": [77.31354204, 28.61868372]}}, {"type": "Feature", "properties": {"osm_id": "way/286838808", "kind": "hospital", "name": "Lal Bahadur Shastri Hospital", "lon": 77.31086118333333, "lat": 28.61783315}, "geometry": {"type": "Point", "coordinates": [77.31086118333333, 28.61783315]}}, {"type": "Feature", "properties": {"osm_id": "way/287054776", "kind": "industrial", "name": "Inland Container Depot", "lon": 77.31574031666666, "lat": 28.636232366666665, "area_km2": 0.0507}, "geometry": {"type": "Polygon", "coordinates": [[[77.3151244, 28.6353168], [77.3189097, 28.6366396], [77.3184482, 28.6377009], [77.3167651, 28.637121], [77.3150685, 28.6365364], [77.3148558, 28.636734], [77.3148, 28.6364829], [77.3148393, 28.6362138], [77.314863, 28.6359754], [77.31502, 28.635466], [77.3150654, 28.6352848], [77.3151244, 28.6353168]]]}}, {"type": "Feature", "properties": {"osm_id": "way/287054778", "kind": "industrial", "name": "Industrial", "lon": 77.31529202, "lat": 28.637345590000002, "area_km2": 0.0208}, "geometry": {"type": "Polygon", "coordinates": [[[77.3167651, 28.637121], [77.3150992, 28.6383942], [77.3149884, 28.6381651], [77.3149125, 28.6378518], [77.3148436, 28.6375071], [77.3148214, 28.6372391], [77.3148006, 28.6367862], [77.3148558, 28.636734], [77.3150685, 28.6365364], [77.3167651, 28.637121]]]}}, {"type": "Feature", "properties": {"osm_id": "way/287054784", "kind": "industrial", "name": "Industrial", "lon": 77.31630052, "lat": 28.640062920000002, "area_km2": 0.0042}, "geometry": {"type": "Polygon", "coordinates": [[[77.3161998, 28.6397061], [77.3158416, 28.639977], [77.3164516, 28.6405982], [77.3168098, 28.6403272], [77.3161998, 28.6397061]]]}}, {"type": "Feature", "properties": {"osm_id": "way/287054787", "kind": "industrial", "name": "Industrial", "lon": 77.31567268571429, "lat": 28.6396992, "area_km2": 0.004}, "geometry": {"type": "Polygon", "coordinates": [[[77.3153997, 28.639521], [77.3157634, 28.6392647], [77.3161998, 28.6397061], [77.3158416, 28.639977], [77.3156246, 28.6401503], [77.31548, 28.6397543], [77.3153997, 28.639521]]]}}, {"type": "Feature", "properties": {"osm_id": "way/287054788", "kind": "industrial", "name": "Industrial", "lon": 77.315995, "lat": 28.640525942857142, "area_km2": 0.0044}, "geometry": {"type": "Polygon", "coordinates": [[[77.3164516, 28.6405982], [77.3158416, 28.639977], [77.3156246, 28.6401503], [77.3157198, 28.6404247], [77.3159061, 28.6409541], [77.3159697, 28.6409791], [77.3164516, 28.6405982]]]}}, {"type": "Feature", "properties": {"osm_id": "way/287080571", "kind": "school", "name": "School", "lon": 77.30190060000001, "lat": 28.649752255555555}, "geometry": {"type": "Point", "coordinates": [77.30190060000001, 28.649752255555555]}}, {"type": "Feature", "properties": {"osm_id": "way/287500319", "kind": "school", "name": "Babu Ram Sr Sec School", "lon": 77.29024702, "lat": 28.666949260000003}, "geometry": {"type": "Point", "coordinates": [77.29024702, 28.666949260000003]}}, {"type": "Feature", "properties": {"osm_id": "way/287500326", "kind": "school", "name": "School", "lon": 77.28868458, "lat": 28.666292079999998}, "geometry": {"type": "Point", "coordinates": [77.28868458, 28.666292079999998]}}, {"type": "Feature", "properties": {"osm_id": "way/287659126", "kind": "school", "name": "Air Force Bal Bharati School", "lon": 77.22703522857144, "lat": 28.58971754285714}, "geometry": {"type": "Point", "coordinates": [77.22703522857144, 28.58971754285714]}}, {"type": "Feature", "properties": {"osm_id": "way/287870801", "kind": "school", "name": "Blind School", "lon": 77.28248070000001, "lat": 28.50306456363636}, "geometry": {"type": "Point", "coordinates": [77.28248070000001, 28.50306456363636]}}, {"type": "Feature", "properties": {"osm_id": "way/287870803", "kind": "school", "name": "School", "lon": 77.2835921375, "lat": 28.5032623375}, "geometry": {"type": "Point", "coordinates": [77.2835921375, 28.5032623375]}}, {"type": "Feature", "properties": {"osm_id": "way/289405078", "kind": "hospital", "name": "Guru Nanak Eye Hospital", "lon": 77.2322716, "lat": 28.63834604285714}, "geometry": {"type": "Point", "coordinates": [77.2322716, 28.63834604285714]}}, {"type": "Feature", "properties": {"osm_id": "way/290136035", "kind": "hospital", "name": "Balak Ram Hospital", "lon": 77.22521707, "lat": 28.70540522}, "geometry": {"type": "Point", "coordinates": [77.22521707, 28.70540522]}}, {"type": "Feature", "properties": {"osm_id": "way/290150874", "kind": "industrial", "name": "Delhi Jal Board", "lon": 77.22963476153846, "lat": 28.711013992307695, "area_km2": 0.0189}, "geometry": {"type": "Polygon", "coordinates": [[[77.2288178, 28.7112568], [77.2292983, 28.7113775], [77.22972, 28.7115162], [77.2300212, 28.7117903], [77.2306688, 28.7113577], [77.2305596, 28.7110496], [77.2304617, 28.7107359], [77.2302998, 28.7104487], [77.229671, 28.7103529], [77.229046, 28.7104982], [77.228982, 28.7107756], [77.2288879, 28.7107657], [77.2288178, 28.7112568]]]}}, {"type": "Feature", "properties": {"osm_id": "way/290512003", "kind": "hospital", "name": "Hindu Rao Hospital", "lon": 77.21179671666667, "lat": 28.67543607777778}, "geometry": {"type": "Point", "coordinates": [77.21179671666667, 28.67543607777778]}}, {"type": "Feature", "properties": {"osm_id": "way/290515054", "kind": "school", "name": "Rosary Public School", "lon": 77.20213232142858, "lat": 28.714338064285716}, "geometry": {"type": "Point", "coordinates": [77.20213232142858, 28.714338064285716]}}, {"type": "Feature", "properties": {"osm_id": "way/290563521", "kind": "hospital", "name": "Maharishi Valmiki Disease Hospital", "lon": 77.20265724545455, "lat": 28.704423936363636}, "geometry": {"type": "Point", "coordinates": [77.20265724545455, 28.704423936363636]}}, {"type": "Feature", "properties": {"osm_id": "way/290563522", "kind": "hospital", "name": "Rajan Babu Tuberculosis Hospital", "lon": 77.2010413, "lat": 28.702494124}, "geometry": {"type": "Point", "coordinates": [77.2010413, 28.702494124]}}, {"type": "Feature", "properties": {"osm_id": "way/290620909", "kind": "industrial", "name": "MCD Workshop", "lon": 77.197407225, "lat": 28.7034320625, "area_km2": 0.0061}, "geometry": {"type": "Polygon", "coordinates": [[[77.196882, 28.7032989], [77.1973099, 28.7035334], [77.1973295, 28.7035473], [77.1973482, 28.7035719], [77.1974624, 28.7037783], [77.1981622, 28.7035186], [77.1978816, 28.7029092], [77.196882, 28.7032989]]]}}, {"type": "Feature", "properties": {"osm_id": "way/290643625", "kind": "school", "name": "Venus Public School", "lon": 77.20947848, "lat": 28.704937259999998}, "geometry": {"type": "Point", "coordinates": [77.20947848, 28.704937259999998]}}, {"type": "Feature", "properties": {"osm_id": "way/290664335", "kind": "industrial", "name": "All India Radio", "lon": 77.19939555714285, "lat": 28.712411962857143, "area_km2": 0.6499}, "geometry": {"type": "Polygon", "coordinates": [[[77.2043045, 28.7105774], [77.2036341, 28.7107206], [77.2035968, 28.7116322], [77.2028149, 28.7115762], [77.2027849, 28.7120284], [77.2009263, 28.7119232], [77.2009769, 28.7104075], [77.2003724, 28.7103863], [77.2002233, 28.7072339], [77.1985742, 28.7083612], [77.1976431, 28.7064738], [77.1958957, 28.7071032], [77.1955112, 28.7072616], [77.1955903, 28.7093226], [77.1955844, 28.7095206], [77.1955487, 28.7096928], [77.1941146, 28.712438], [77.1954599, 28.7127164], [77.1955928, 28.7128255], [77.1956605, 28.7129788], [77.195683, 28.7131123], [77.1958353, 28.7173014], [77.1958579, 28.7173706], [77.1959255, 28.7174003], [77.2006263, 28.717631], [77.2007591, 28.7176375], [77.200764, 28.7174012], [77.2007663, 28.7172914], [77.2008978, 28.715226], [77.2009502, 28.7151979], [77.2009316, 28.7136779], [77.2033617, 28.713644], [77.2032658, 28.7129466], [77.204106, 28.712823], [77.2043045, 28.7105774]]]}}, {"type": "Feature", "properties": {"osm_id": "way/290678079", "kind": "hospital", "name": "Central Armed Police Forces Institute of Medical Sciences", "lon": 77.21662487500001, "lat": 28.47358585}, "geometry": {"type": "Point", "coordinates": [77.21662487500001, 28.47358585]}}, {"type": "Feature", "properties": {"osm_id": "way/290698574", "kind": "hospital", "name": "Hospital", "lon": 77.03728570000001, "lat": 28.588639999999998}, "geometry": {"type": "Point", "coordinates": [77.03728570000001, 28.588639999999998]}}, {"type": "Feature", "properties": {"osm_id": "way/290698575", "kind": "hospital", "name": "Hospital", "lon": 77.0377732875, "lat": 28.588620925}, "geometry": {"type": "Point", "coordinates": [77.0377732875, 28.588620925]}}, {"type": "Feature", "properties": {"osm_id": "way/290784896", "kind": "school", "name": "School", "lon": 77.11581111666668, "lat": 28.63206105}, "geometry": {"type": "Point", "coordinates": [77.11581111666668, 28.63206105]}}, {"type": "Feature", "properties": {"osm_id": "way/291265303", "kind": "school", "name": "Modern School Barakhamba Road", "lon": 77.22923322, "lat": 28.62864656}, "geometry": {"type": "Point", "coordinates": [77.22923322, 28.62864656]}}, {"type": "Feature", "properties": {"osm_id": "way/291270754", "kind": "school", "name": "Kendriya Vidyalaya", "lon": 77.2330797375, "lat": 28.56060450625}, "geometry": {"type": "Point", "coordinates": [77.2330797375, 28.56060450625]}}, {"type": "Feature", "properties": {"osm_id": "way/291271674", "kind": "school", "name": "Frank Anthony Public School", "lon": 77.23568827, "lat": 28.560886449999998}, "geometry": {"type": "Point", "coordinates": [77.23568827, 28.560886449999998]}}, {"type": "Feature", "properties": {"osm_id": "way/291408829", "kind": "industrial", "name": "Industrial", "lon": 77.19215572, "lat": 28.67999348, "area_km2": 0.0252}, "geometry": {"type": "Polygon", "coordinates": [[[77.1932055, 28.6792935], [77.1919331, 28.6789737], [77.1909439, 28.6810406], [77.1914906, 28.6813661], [77.1932055, 28.6792935]]]}}, {"type": "Feature", "properties": {"osm_id": "way/291408830", "kind": "industrial", "name": "Industrial", "lon": 77.19320985, "lat": 28.6779374, "area_km2": 0.0225}, "geometry": {"type": "Polygon", "coordinates": [[[77.1933422, 28.677198], [77.1943217, 28.6778118], [77.1934561, 28.6789509], [77.1922032, 28.6786254], [77.1925937, 28.6778403], [77.1933422, 28.677198]]]}}, {"type": "Feature", "properties": {"osm_id": "way/291408838", "kind": "school", "name": "School", "lon": 77.19379618333333, "lat": 28.67616235}, "geometry": {"type": "Point", "coordinates": [77.19379618333333, 28.67616235]}}, {"type": "Feature", "properties": {"osm_id": "way/291654386", "kind": "industrial", "name": "Delhi Transport Corporation Mayapuri Depot", "lon": 77.12957266000001, "lat": 28.6352711, "area_km2": 0.019}, "geometry": {"type": "Polygon", "coordinates": [[[77.1289629, 28.6351854], [77.1307938, 28.6340974], [77.130004, 28.6364817], [77.1291397, 28.6354056], [77.1289629, 28.6351854]]]}}, {"type": "Feature", "properties": {"osm_id": "way/291715317", "kind": "school", "name": "School", "lon": 77.1548478125, "lat": 28.649498675}, "geometry": {"type": "Point", "coordinates": [77.1548478125, 28.649498675]}}, {"type": "Feature", "properties": {"osm_id": "way/291719141", "kind": "industrial", "name": "Delhi Milk Scheme", "lon": 77.155656375, "lat": 28.656359775, "area_km2": 0.1321}, "geometry": {"type": "Polygon", "coordinates": [[[77.1545979, 28.6541137], [77.1528849, 28.6551899], [77.1563405, 28.659182], [77.1567956, 28.6595829], [77.1584297, 28.6578748], [77.1562073, 28.6557919], [77.1553972, 28.6550293], [77.1545979, 28.6541137]]]}}, {"type": "Feature", "properties": {"osm_id": "way/291719142", "kind": "industrial", "name": "Shadipur DTC Depot", "lon": 77.15617558333334, "lat": 28.65359223333333, "area_km2": 0.016}, "geometry": {"type": "Polygon", "coordinates": [[[77.1564078, 28.653024], [77.1559611, 28.6532997], [77.1552492, 28.6537428], [77.1559351, 28.6545916], [77.1570925, 28.6538713], [77.1564078, 28.653024]]]}}, {"type": "Feature", "properties": {"osm_id": "way/292051898", "kind": "hospital", "name": "Guru Gobind Singh Hospital", "lon": 77.10698924, "lat": 28.65357646}, "geometry": {"type": "Point", "coordinates": [77.10698924, 28.65357646]}}, {"type": "Feature", "properties": {"osm_id": "way/292167792", "kind": "school", "name": "School", "lon": 77.22633252, "lat": 28.696334020000002}, "geometry": {"type": "Point", "coordinates": [77.22633252, 28.696334020000002]}}, {"type": "Feature", "properties": {"osm_id": "way/292171527", "kind": "school", "name": "School", "lon": 77.2268495, "lat": 28.695778552941174}, "geometry": {"type": "Point", "coordinates": [77.2268495, 28.695778552941174]}}, {"type": "Feature", "properties": {"osm_id": "way/292511170", "kind": "school", "name": "School", "lon": 77.20244685, "lat": 28.706550175}, "geometry": {"type": "Point", "coordinates": [77.20244685, 28.706550175]}}, {"type": "Feature", "properties": {"osm_id": "way/292824629", "kind": "school", "name": "Sarvodaya Kanya Vidyalaya - Hauz Khas 1", "lon": 77.22240652, "lat": 28.54319279}, "geometry": {"type": "Point", "coordinates": [77.22240652, 28.54319279]}}, {"type": "Feature", "properties": {"osm_id": "way/293181415", "kind": "school", "name": "School", "lon": 77.1806419, "lat": 28.681307179999997}, "geometry": {"type": "Point", "coordinates": [77.1806419, 28.681307179999997]}}, {"type": "Feature", "properties": {"osm_id": "way/293325118", "kind": "school", "name": "Amity International School, Mayur Vihar", "lon": 77.29863832222222, "lat": 28.597850761111108}, "geometry": {"type": "Point", "coordinates": [77.29863832222222, 28.597850761111108]}}, {"type": "Feature", "properties": {"osm_id": "way/293325159", "kind": "school", "name": "Sports Field", "lon": 77.29865247777778, "lat": 28.597397555555556}, "geometry": {"type": "Point", "coordinates": [77.29865247777778, 28.597397555555556]}}, {"type": "Feature", "properties": {"osm_id": "way/293337650", "kind": "school", "name": "ASN Senior Secondary School", "lon": 77.2960598, "lat": 28.598559321428574}, "geometry": {"type": "Point", "coordinates": [77.2960598, 28.598559321428574]}}, {"type": "Feature", "properties": {"osm_id": "way/293523176", "kind": "school", "name": "Chowgule Public School", "lon": 77.19988035714286, "lat": 28.647476028571425}, "geometry": {"type": "Point", "coordinates": [77.19988035714286, 28.647476028571425]}}, {"type": "Feature", "properties": {"osm_id": "way/293523179", "kind": "school", "name": "Dr. B.R. Ambedkar School of Specialised Excellence", "lon": 77.19858446666667, "lat": 28.645426816666667}, "geometry": {"type": "Point", "coordinates": [77.19858446666667, 28.645426816666667]}}, {"type": "Feature", "properties": {"osm_id": "way/293523183", "kind": "school", "name": "Science Centre Cum Central Workshop", "lon": 77.19912631666666, "lat": 28.6463998}, "geometry": {"type": "Point", "coordinates": [77.19912631666666, 28.6463998]}}, {"type": "Feature", "properties": {"osm_id": "way/293523187", "kind": "school", "name": "Sarvodaya Bal School", "lon": 77.19958095, "lat": 28.645743916666664}, "geometry": {"type": "Point", "coordinates": [77.19958095, 28.645743916666664]}}, {"type": "Feature", "properties": {"osm_id": "way/293523873", "kind": "school", "name": "Nutan Marathi HS School", "lon": 77.20802566666667, "lat": 28.645324133333332}, "geometry": {"type": "Point", "coordinates": [77.20802566666667, 28.645324133333332]}}, {"type": "Feature", "properties": {"osm_id": "way/293526549", "kind": "school", "name": "DAV School", "lon": 77.2081682, "lat": 28.64367542}, "geometry": {"type": "Point", "coordinates": [77.2081682, 28.64367542]}}, {"type": "Feature", "properties": {"osm_id": "way/293526550", "kind": "school", "name": "Ramjas School", "lon": 77.2084357, "lat": 28.64458612857143}, "geometry": {"type": "Point", "coordinates": [77.2084357, 28.64458612857143]}}, {"type": "Feature", "properties": {"osm_id": "way/293532873", "kind": "school", "name": "Guru Harkrishan Public School", "lon": 77.2854534, "lat": 28.69199907777778}, "geometry": {"type": "Point", "coordinates": [77.2854534, 28.69199907777778]}}, {"type": "Feature", "properties": {"osm_id": "way/293532874", "kind": "school", "name": "Texla Public School", "lon": 77.28457256, "lat": 28.691598600000003}, "geometry": {"type": "Point", "coordinates": [77.28457256, 28.691598600000003]}}, {"type": "Feature", "properties": {"osm_id": "way/293541303", "kind": "school", "name": "School", "lon": 77.1399458625, "lat": 28.65567565}, "geometry": {"type": "Point", "coordinates": [77.1399458625, 28.65567565]}}, {"type": "Feature", "properties": {"osm_id": "way/294042652", "kind": "school", "name": "School", "lon": 77.2611579, "lat": 28.57661453333333}, "geometry": {"type": "Point", "coordinates": [77.2611579, 28.57661453333333]}}, {"type": "Feature", "properties": {"osm_id": "way/294119237", "kind": "school", "name": "School", "lon": 77.25931347142857, "lat": 28.577525928571426}, "geometry": {"type": "Point", "coordinates": [77.25931347142857, 28.577525928571426]}}, {"type": "Feature", "properties": {"osm_id": "way/294125091", "kind": "hospital", "name": "Indiraj Hospital", "lon": 77.08524412727273, "lat": 28.852209854545457}, "geometry": {"type": "Point", "coordinates": [77.08524412727273, 28.852209854545457]}}, {"type": "Feature", "properties": {"osm_id": "way/294301235", "kind": "school", "name": "Delhi Public School, Mathura Road", "lon": 77.24262453, "lat": 28.59720418}, "geometry": {"type": "Point", "coordinates": [77.24262453, 28.59720418]}}, {"type": "Feature", "properties": {"osm_id": "way/294301236", "kind": "school", "name": "Government Co-ed High School", "lon": 77.14497586666666, "lat": 28.44748531666667}, "geometry": {"type": "Point", "coordinates": [77.14497586666666, 28.44748531666667]}}, {"type": "Feature", "properties": {"osm_id": "way/294303084", "kind": "school", "name": "St. John Institute", "lon": 77.09760001052632, "lat": 28.772640857894736}, "geometry": {"type": "Point", "coordinates": [77.09760001052632, 28.772640857894736]}}, {"type": "Feature", "properties": {"osm_id": "way/294317946", "kind": "school", "name": "School", "lon": 77.10155054285714, "lat": 28.642359699999997}, "geometry": {"type": "Point", "coordinates": [77.10155054285714, 28.642359699999997]}}, {"type": "Feature", "properties": {"osm_id": "way/294522137", "kind": "hospital", "name": "Mrs. Girdhar Lal Maternity Hospital", "lon": 77.22439535, "lat": 28.643498983333334}, "geometry": {"type": "Point", "coordinates": [77.22439535, 28.643498983333334]}}, {"type": "Feature", "properties": {"osm_id": "way/294524899", "kind": "school", "name": "Delhi Public School", "lon": 77.17627055555555, "lat": 28.572079733333332}, "geometry": {"type": "Point", "coordinates": [77.17627055555555, 28.572079733333332]}}, {"type": "Feature", "properties": {"osm_id": "way/294524903", "kind": "school", "name": "School", "lon": 77.17783691428572, "lat": 28.571411571428573}, "geometry": {"type": "Point", "coordinates": [77.17783691428572, 28.571411571428573]}}, {"type": "Feature", "properties": {"osm_id": "way/294547167", "kind": "school", "name": "School", "lon": 77.216176725, "lat": 28.645165499999997}, "geometry": {"type": "Point", "coordinates": [77.216176725, 28.645165499999997]}}, {"type": "Feature", "properties": {"osm_id": "way/295816372", "kind": "school", "name": "Kendriya Vidyalaya, RK Puram, Sector-2", "lon": 77.18605359090908, "lat": 28.562569900000003}, "geometry": {"type": "Point", "coordinates": [77.18605359090908, 28.562569900000003]}}, {"type": "Feature", "properties": {"osm_id": "way/296571981", "kind": "industrial", "name": "B-2", "lon": 77.26887959285715, "lat": 28.78245085, "area_km2": 0.1504}, "geometry": {"type": "Polygon", "coordinates": [[[77.2671608, 28.7800915], [77.2666894, 28.7823967], [77.2665142, 28.7832532], [77.2670757, 28.7838216], [77.2676391, 28.7845507], [77.2685372, 28.7842093], [77.2689285, 28.7839989], [77.2695052, 28.7835167], [77.2700837, 28.7829964], [77.2706414, 28.7823319], [77.2712445, 28.781394], [77.2715508, 28.7808654], [77.271583, 28.7807941], [77.2671608, 28.7800915]]]}}, {"type": "Feature", "properties": {"osm_id": "way/296571983", "kind": "industrial", "name": "A-3/4", "lon": 77.26193651666667, "lat": 28.783883923333335, "area_km2": 0.4201}, "geometry": {"type": "Polygon", "coordinates": [[[77.2550116, 28.7850063], [77.2585659, 28.7835047], [77.2590785, 28.7832906], [77.2594909, 28.7831181], [77.2607281, 28.7825739], [77.2610142, 28.7825106], [77.2612864, 28.7824707], [77.2616157, 28.7824087], [77.2618394, 28.7823681], [77.2623029, 28.7823489], [77.2624094, 28.7823508], [77.262688, 28.7823559], [77.2629672, 28.7823635], [77.2631559, 28.7823981], [77.2635116, 28.7824818], [77.2639232, 28.7825786], [77.2644687, 28.782752], [77.2650435, 28.7830168], [77.2654562, 28.7833083], [77.2656638, 28.783455], [77.2661334, 28.7838623], [77.2661959, 28.7839166], [77.2666772, 28.78454], [77.2626222, 28.7862586], [77.261575, 28.7867007], [77.2612596, 28.7868338], [77.2609247, 28.7869792], [77.2605395, 28.7871404], [77.2569353, 28.7886184], [77.2550116, 28.7850063]]]}}, {"type": "Feature", "properties": {"osm_id": "way/296571986", "kind": "industrial", "name": "A-5/6", "lon": 77.25435878421052, "lat": 28.787633842105265, "area_km2": 0.2206}, "geometry": {"type": "Polygon", "coordinates": [[[77.2540447, 28.7840518], [77.2553459, 28.7864288], [77.2568325, 28.789208], [77.2573111, 28.7890392], [77.2573699, 28.7891541], [77.2580163, 28.7903321], [77.2539471, 28.7919004], [77.2533719, 28.7908905], [77.2525828, 28.789428], [77.253157, 28.7892031], [77.252764, 28.7884645], [77.253006, 28.7879906], [77.2535467, 28.7877388], [77.2529492, 28.7866187], [77.2536526, 28.7862939], [77.2530816, 28.7852301], [77.2540647, 28.7848192], [77.2537282, 28.7841994], [77.2540447, 28.7840518]]]}}, {"type": "Feature", "properties": {"osm_id": "way/296571990", "kind": "industrial", "name": "B-3", "lon": 77.26234181578947, "lat": 28.780947515789475, "area_km2": 0.1467}, "geometry": {"type": "Polygon", "coordinates": [[[77.2598582, 28.7822996], [77.2604594, 28.7820444], [77.2611363, 28.7818721], [77.2618075, 28.7817677], [77.2627528, 28.7817677], [77.2634277, 28.7818406], [77.2640989, 28.7819864], [77.2646415, 28.7821538], [77.2651921, 28.7823696], [77.2656814, 28.7798457], [77.2639756, 28.7795996], [77.2632056, 28.7794708], [77.2628152, 28.7794426], [77.2623954, 28.7794684], [77.2619008, 28.7795387], [77.2614008, 28.779677], [77.2609061, 28.7798715], [77.258981, 28.780687], [77.2598582, 28.7822996]]]}}, {"type": "Feature", "properties": {"osm_id": "way/296571991", "kind": "industrial", "name": "A-2", "lon": 77.26396868333333, "lat": 28.787858420833334, "area_km2": 0.286}, "geometry": {"type": "Polygon", "coordinates": [[[77.2679132, 28.7854154], [77.2674964, 28.786148], [77.2670512, 28.7863516], [77.2676973, 28.787615], [77.2670116, 28.7879803], [77.2673473, 28.7885116], [77.267208, 28.7886551], [77.2654573, 28.7896028], [77.2646481, 28.7902159], [77.2634115, 28.7887014], [77.2594035, 28.7910013], [77.2591842, 28.790418], [77.2590577, 28.7901433], [77.2582262, 28.7904713], [77.2575243, 28.7891361], [77.2597032, 28.7882165], [77.2600757, 28.7880609], [77.2605465, 28.7878622], [77.261936, 28.7872756], [77.2648397, 28.7860359], [77.2670134, 28.7851244], [77.2671738, 28.7850986], [77.2674091, 28.7851455], [77.2679132, 28.7854154]]]}}, {"type": "Feature", "properties": {"osm_id": "way/296659103", "kind": "industrial", "name": "Inland Container Depot", "lon": 77.31159084545455, "lat": 28.747202995454543, "area_km2": 0.1131}, "geometry": {"type": "Polygon", "coordinates": [[[77.3118122, 28.7514177], [77.3123385, 28.7512332], [77.3126047, 28.7517489], [77.3131496, 28.7515263], [77.3126605, 28.7506089], [77.3128648, 28.7504895], [77.3126729, 28.7496317], [77.3125738, 28.7496643], [77.3122738, 28.7481043], [77.3117688, 28.7454788], [77.3120227, 28.7454136], [77.3112178, 28.7436167], [77.3110196, 28.7436981], [77.31071, 28.7429869], [77.3105305, 28.7430792], [77.3101218, 28.7420097], [77.3100042, 28.742064], [77.3100785, 28.7425635], [77.3097689, 28.7426449], [77.3113664, 28.749002], [77.3116264, 28.750066], [77.3118122, 28.7514177]]]}}, {"type": "Feature", "properties": {"osm_id": "way/296659105", "kind": "industrial", "name": "Inland Container Depot", "lon": 77.31330851034483, "lat": 28.751451437931035, "area_km2": 0.1167}, "geometry": {"type": "Polygon", "coordinates": [[[77.3118122, 28.7514177], [77.3119131, 28.7533013], [77.3132134, 28.7530136], [77.3137582, 28.7541047], [77.3126932, 28.7546095], [77.3144517, 28.7581053], [77.3156406, 28.7576493], [77.3134982, 28.7532959], [77.3136839, 28.7531981], [77.3130276, 28.7520473], [77.3139316, 28.7516565], [77.3137335, 28.7511896], [77.3154424, 28.7505816], [77.3152691, 28.7503102], [77.3135725, 28.7509616], [77.3129905, 28.7496262], [77.3132877, 28.7494851], [77.3127676, 28.7481279], [77.3142164, 28.747585], [77.3140926, 28.7474005], [77.3122738, 28.7481043], [77.3125738, 28.7496643], [77.3126729, 28.7496317], [77.3128648, 28.7504895], [77.3126605, 28.7506089], [77.3131496, 28.7515263], [77.3126047, 28.7517489], [77.3123385, 28.7512332], [77.3118122, 28.7514177]]]}}, {"type": "Feature", "properties": {"osm_id": "way/296659108", "kind": "industrial", "name": "Industrial", "lon": 77.28757683636364, "lat": 28.717133227272726, "area_km2": 0.1427}, "geometry": {"type": "Polygon", "coordinates": [[[77.2862797, 28.7159243], [77.2875006, 28.7160796], [77.2875379, 28.7153358], [77.2888799, 28.7162676], [77.2890197, 28.7170196], [77.289495, 28.7172321], [77.2893645, 28.7207956], [77.2869041, 28.7208201], [77.2867457, 28.7171258], [77.2853384, 28.7159407], [77.2862797, 28.7159243]]]}}, {"type": "Feature", "properties": {"osm_id": "way/296733621", "kind": "industrial", "name": "A-1", "lon": 77.2702080352941, "lat": 28.787873070588233, "area_km2": 0.2998}, "geometry": {"type": "Polygon", "coordinates": [[[77.2675952, 28.7889593], [77.2681628, 28.7879], [77.2680228, 28.7878411], [77.2676784, 28.7871909], [77.2674264, 28.7867295], [77.2680807, 28.7855373], [77.2685693, 28.7859211], [77.2696091, 28.7863983], [77.2704675, 28.7866004], [77.2728421, 28.7871406], [77.2739462, 28.7872732], [77.2768426, 28.7875317], [77.2763775, 28.7904015], [77.2719421, 28.7899442], [77.269783, 28.7897685], [77.2685957, 28.7897453], [77.2675952, 28.7889593]]]}}, {"type": "Feature", "properties": {"osm_id": "way/296733622", "kind": "industrial", "name": "A-7", "lon": 77.24179196363637, "lat": 28.787239827272728, "area_km2": 0.2928}, "geometry": {"type": "Polygon", "coordinates": [[[77.2418181, 28.7829132], [77.2427465, 28.7847418], [77.2459618, 28.7913808], [77.2444967, 28.7918042], [77.2423784, 28.7886533], [77.2417844, 28.7889621], [77.2409093, 28.7884555], [77.2403708, 28.7880356], [77.2394245, 28.7868904], [77.238003, 28.784888], [77.2418181, 28.7829132]]]}}, {"type": "Feature", "properties": {"osm_id": "way/296733623", "kind": "industrial", "name": "B-1", "lon": 77.2736726909091, "lat": 28.78582920909091, "area_km2": 0.0934}, "geometry": {"type": "Polygon", "coordinates": [[[77.2719841, 28.7855053], [77.2723761, 28.7855544], [77.2723117, 28.7863789], [77.2732217, 28.7865678], [77.2738544, 28.786639], [77.274756, 28.7867249], [77.2765759, 28.7868966], [77.2768867, 28.7850415], [77.2744704, 28.7848403], [77.2719785, 28.7844673], [77.2719841, 28.7855053]]]}}, {"type": "Feature", "properties": {"osm_id": "way/296733635", "kind": "school", "name": "Salwan Public School", "lon": 77.25621263333333, "lat": 28.77759391111111}, "geometry": {"type": "Point", "coordinates": [77.25621263333333, 28.77759391111111]}}, {"type": "Feature", "properties": {"osm_id": "way/297028433", "kind": "school", "name": "HPR Public School", "lon": 77.13323298666667, "lat": 28.75447138}, "geometry": {"type": "Point", "coordinates": [77.13323298666667, 28.75447138]}}, {"type": "Feature", "properties": {"osm_id": "way/297550330", "kind": "school", "name": "Bharat National Vidya Mandir", "lon": 77.30788836, "lat": 28.65728148}, "geometry": {"type": "Point", "coordinates": [77.30788836, 28.65728148]}}, {"type": "Feature", "properties": {"osm_id": "way/300047927", "kind": "school", "name": "HPR School Ground", "lon": 77.13363264, "lat": 28.755196899999998}, "geometry": {"type": "Point", "coordinates": [77.13363264, 28.755196899999998]}}, {"type": "Feature", "properties": {"osm_id": "way/300260591", "kind": "hospital", "name": "Doctor Baba Saheb Ambedkar Hospital", "lon": 77.11332488333333, "lat": 28.7144693}, "geometry": {"type": "Point", "coordinates": [77.11332488333333, 28.7144693]}}, {"type": "Feature", "properties": {"osm_id": "way/300260618", "kind": "industrial", "name": "Rohini - 1 DTC Depot", "lon": 77.11229781666667, "lat": 28.71602315, "area_km2": 0.0205}, "geometry": {"type": "Polygon", "coordinates": [[[77.112364, 28.7167494], [77.1110742, 28.7153371], [77.1118883, 28.7147653], [77.1131781, 28.7161776], [77.1129183, 28.7163601], [77.112364, 28.7167494]]]}}, {"type": "Feature", "properties": {"osm_id": "way/300260758", "kind": "hospital", "name": "Rajiv Gandhi Cancer Institute and Research Center", "lon": 77.11093546, "lat": 28.7166404}, "geometry": {"type": "Point", "coordinates": [77.11093546, 28.7166404]}}, {"type": "Feature", "properties": {"osm_id": "way/302531395", "kind": "school", "name": "School", "lon": 77.27786571111112, "lat": 28.624787222222224}, "geometry": {"type": "Point", "coordinates": [77.27786571111112, 28.624787222222224]}}, {"type": "Feature", "properties": {"osm_id": "way/302531609", "kind": "school", "name": "Primary School", "lon": 77.27952846666666, "lat": 28.626356466666664}, "geometry": {"type": "Point", "coordinates": [77.27952846666666, 28.626356466666664]}}, {"type": "Feature", "properties": {"osm_id": "way/302531610", "kind": "school", "name": "Central Public School", "lon": 77.27888682, "lat": 28.62594082}, "geometry": {"type": "Point", "coordinates": [77.27888682, 28.62594082]}}, {"type": "Feature", "properties": {"osm_id": "way/302531813", "kind": "school", "name": "GBSSS, No. 1", "lon": 77.28439383333334, "lat": 28.63398128333333}, "geometry": {"type": "Point", "coordinates": [77.28439383333334, 28.63398128333333]}}, {"type": "Feature", "properties": {"osm_id": "way/302532267", "kind": "school", "name": "RSBV No. 2", "lon": 77.28536045, "lat": 28.634035764285716}, "geometry": {"type": "Point", "coordinates": [77.28536045, 28.634035764285716]}}, {"type": "Feature", "properties": {"osm_id": "way/302534553", "kind": "school", "name": "Universal Public School", "lon": 77.289387, "lat": 28.63303924}, "geometry": {"type": "Point", "coordinates": [77.289387, 28.63303924]}}, {"type": "Feature", "properties": {"osm_id": "way/302534579", "kind": "school", "name": "Mother's Global School", "lon": 77.29196391666666, "lat": 28.636620899999997}, "geometry": {"type": "Point", "coordinates": [77.29196391666666, 28.636620899999997]}}, {"type": "Feature", "properties": {"osm_id": "way/302534790", "kind": "school", "name": "GBSSS, Geeta Colony, 13-Block", "lon": 77.27654885555555, "lat": 28.647507377777774}, "geometry": {"type": "Point", "coordinates": [77.27654885555555, 28.647507377777774]}}, {"type": "Feature", "properties": {"osm_id": "way/308510856", "kind": "hospital", "name": "Max Hospital", "lon": 77.07465940833333, "lat": 28.461384933333335}, "geometry": {"type": "Point", "coordinates": [77.07465940833333, 28.461384933333335]}}, {"type": "Feature", "properties": {"osm_id": "way/324466682", "kind": "school", "name": "Lyc\u00e9e Fran\u00e7ais de Delhi", "lon": 77.22150016666667, "lat": 28.603147233333335}, "geometry": {"type": "Point", "coordinates": [77.22150016666667, 28.603147233333335]}}, {"type": "Feature", "properties": {"osm_id": "way/331593130", "kind": "school", "name": "New Green Fields School", "lon": 77.25495149999999, "lat": 28.524976350000003}, "geometry": {"type": "Point", "coordinates": [77.25495149999999, 28.524976350000003]}}, {"type": "Feature", "properties": {"osm_id": "way/333072988", "kind": "hospital", "name": "Sparsh Hospital, Faridabad", "lon": 77.31859358, "lat": 28.444985680000002}, "geometry": {"type": "Point", "coordinates": [77.31859358, 28.444985680000002]}}, {"type": "Feature", "properties": {"osm_id": "way/341481077", "kind": "school", "name": "Sardar Patel Vidyalaya", "lon": 77.22669502857143, "lat": 28.5970594}, "geometry": {"type": "Point", "coordinates": [77.22669502857143, 28.5970594]}}, {"type": "Feature", "properties": {"osm_id": "way/341481083", "kind": "school", "name": "Junior School Ground", "lon": 77.22658428, "lat": 28.59804016}, "geometry": {"type": "Point", "coordinates": [77.22658428, 28.59804016]}}, {"type": "Feature", "properties": {"osm_id": "way/342554680", "kind": "school", "name": "Mota Singh School", "lon": 77.07907150000001, "lat": 28.62489782}, "geometry": {"type": "Point", "coordinates": [77.07907150000001, 28.62489782]}}, {"type": "Feature", "properties": {"osm_id": "way/343528163", "kind": "hospital", "name": "Artemis Health Institute", "lon": 77.0717404764706, "lat": 28.430964247058824}, "geometry": {"type": "Point", "coordinates": [77.0717404764706, 28.430964247058824]}}, {"type": "Feature", "properties": {"osm_id": "way/345666867", "kind": "industrial", "name": "Delhi Jal Board, Booster Pump station", "lon": 77.33699686, "lat": 28.611215700000002, "area_km2": 0.0021}, "geometry": {"type": "Polygon", "coordinates": [[[77.3368602, 28.6114209], [77.3373852, 28.6112049], [77.3371955, 28.6109052], [77.3366832, 28.6111266], [77.3368602, 28.6114209]]]}}, {"type": "Feature", "properties": {"osm_id": "way/345715171", "kind": "hospital", "name": "Government Dispensary", "lon": 77.3377127, "lat": 28.609871379999998}, "geometry": {"type": "Point", "coordinates": [77.3377127, 28.609871379999998]}}, {"type": "Feature", "properties": {"osm_id": "way/348138963", "kind": "school", "name": "Municipal Corporation of Delhi Primary Coeducational School", "lon": 77.1727304125, "lat": 28.5831012875}, "geometry": {"type": "Point", "coordinates": [77.1727304125, 28.5831012875]}}, {"type": "Feature", "properties": {"osm_id": "way/348257032", "kind": "school", "name": "Sarvodaya Vidyalaya Jor Bagh", "lon": 77.2187942125, "lat": 28.58804875}, "geometry": {"type": "Point", "coordinates": [77.2187942125, 28.58804875]}}, {"type": "Feature", "properties": {"osm_id": "way/348818897", "kind": "school", "name": "Apeejay School", "lon": 77.31283032857144, "lat": 28.571162585714287}, "geometry": {"type": "Point", "coordinates": [77.31283032857144, 28.571162585714287]}}, {"type": "Feature", "properties": {"osm_id": "way/349698644", "kind": "school", "name": "East Point School", "lon": 77.32310919999999, "lat": 28.602174736363636}, "geometry": {"type": "Point", "coordinates": [77.32310919999999, 28.602174736363636]}}, {"type": "Feature", "properties": {"osm_id": "way/349820534", "kind": "school", "name": "Delhi Public School Vasant Vihar", "lon": 77.16055821666667, "lat": 28.563950733333332}, "geometry": {"type": "Point", "coordinates": [77.16055821666667, 28.563950733333332]}}, {"type": "Feature", "properties": {"osm_id": "way/349824203", "kind": "school", "name": "VSPK International School", "lon": 77.1295537, "lat": 28.7183218}, "geometry": {"type": "Point", "coordinates": [77.1295537, 28.7183218]}}, {"type": "Feature", "properties": {"osm_id": "way/349824471", "kind": "school", "name": "Venkateshwara Global School", "lon": 77.13029734, "lat": 28.71791768}, "geometry": {"type": "Point", "coordinates": [77.13029734, 28.71791768]}}, {"type": "Feature", "properties": {"osm_id": "way/349978194", "kind": "hospital", "name": "Cloudnine Fertility Hospital", "lon": 77.05738628571429, "lat": 28.42744404285714}, "geometry": {"type": "Point", "coordinates": [77.05738628571429, 28.42744404285714]}}, {"type": "Feature", "properties": {"osm_id": "way/350511222", "kind": "hospital", "name": "Hospital", "lon": 77.15252154, "lat": 28.534192840000003}, "geometry": {"type": "Point", "coordinates": [77.15252154, 28.534192840000003]}}, {"type": "Feature", "properties": {"osm_id": "way/350555007", "kind": "school", "name": "Army Public School", "lon": 77.14226866, "lat": 28.56157278}, "geometry": {"type": "Point", "coordinates": [77.14226866, 28.56157278]}}, {"type": "Feature", "properties": {"osm_id": "way/350587517", "kind": "school", "name": "Amar Bharti School", "lon": 77.05121044, "lat": 28.613018340000004}, "geometry": {"type": "Point", "coordinates": [77.05121044, 28.613018340000004]}}, {"type": "Feature", "properties": {"osm_id": "way/350587861", "kind": "school", "name": "Ring Midways Public School", "lon": 77.05158334000001, "lat": 28.610844859999997}, "geometry": {"type": "Point", "coordinates": [77.05158334000001, 28.610844859999997]}}, {"type": "Feature", "properties": {"osm_id": "way/350752112", "kind": "hospital", "name": "Eye Mantra Hospital", "lon": 77.09850706, "lat": 28.678705079999997}, "geometry": {"type": "Point", "coordinates": [77.09850706, 28.678705079999997]}}, {"type": "Feature", "properties": {"osm_id": "way/350752331", "kind": "hospital", "name": "Gupta Ultrasound & Heart Care Centre", "lon": 77.112371, "lat": 28.671262179999996}, "geometry": {"type": "Point", "coordinates": [77.112371, 28.671262179999996]}}, {"type": "Feature", "properties": {"osm_id": "way/350752665", "kind": "hospital", "name": "Mantra Care", "lon": 77.0986079, "lat": 28.678701839999995}, "geometry": {"type": "Point", "coordinates": [77.0986079, 28.678701839999995]}}, {"type": "Feature", "properties": {"osm_id": "way/350812190", "kind": "hospital", "name": "Hospital", "lon": 77.0450402125, "lat": 28.5095693125}, "geometry": {"type": "Point", "coordinates": [77.0450402125, 28.5095693125]}}, {"type": "Feature", "properties": {"osm_id": "way/350842393", "kind": "school", "name": "PP International School", "lon": 77.14448662857141, "lat": 28.697971442857146}, "geometry": {"type": "Point", "coordinates": [77.14448662857141, 28.697971442857146]}}, {"type": "Feature", "properties": {"osm_id": "way/351067625", "kind": "school", "name": "Master Mind Public School", "lon": 77.20234511999999, "lat": 28.508873440000002}, "geometry": {"type": "Point", "coordinates": [77.20234511999999, 28.508873440000002]}}, {"type": "Feature", "properties": {"osm_id": "way/351075557", "kind": "hospital", "name": "Dhanvantari Ayurvedic Hospital", "lon": 77.12548260000001, "lat": 28.670676020000002}, "geometry": {"type": "Point", "coordinates": [77.12548260000001, 28.670676020000002]}}, {"type": "Feature", "properties": {"osm_id": "way/351085362", "kind": "school", "name": "New Green Field School", "lon": 77.206001325, "lat": 28.515767375}, "geometry": {"type": "Point", "coordinates": [77.206001325, 28.515767375]}}, {"type": "Feature", "properties": {"osm_id": "way/351110834", "kind": "industrial", "name": "Industrial", "lon": 77.09365458333333, "lat": 28.5260064, "area_km2": 0.0027}, "geometry": {"type": "Polygon", "coordinates": [[[77.0934649, 28.5261638], [77.0935259, 28.5261592], [77.0940087, 28.5261557], [77.0940068, 28.5256995], [77.0934563, 28.5256964], [77.0934649, 28.5261638]]]}}, {"type": "Feature", "properties": {"osm_id": "way/351121261", "kind": "hospital", "name": "C.G.H.S. Maternity & Gynae Hospital", "lon": 77.1768606888889, "lat": 28.565480522222224}, "geometry": {"type": "Point", "coordinates": [77.1768606888889, 28.565480522222224]}}, {"type": "Feature", "properties": {"osm_id": "way/351311841", "kind": "school", "name": "School", "lon": 77.22593894285714, "lat": 28.714981442857145}, "geometry": {"type": "Point", "coordinates": [77.22593894285714, 28.714981442857145]}}, {"type": "Feature", "properties": {"osm_id": "way/351311860", "kind": "school", "name": "Dawn Bonito Nursery", "lon": 77.30344218, "lat": 28.63326748}, "geometry": {"type": "Point", "coordinates": [77.30344218, 28.63326748]}}, {"type": "Feature", "properties": {"osm_id": "way/351318328", "kind": "school", "name": "GD Goenka Public School Junior Wing", "lon": 77.15471662, "lat": 28.530451140000004}, "geometry": {"type": "Point", "coordinates": [77.15471662, 28.530451140000004]}}, {"type": "Feature", "properties": {"osm_id": "way/351409706", "kind": "school", "name": "Vanasthali Public School", "lon": 77.29927185000001, "lat": 28.64029615}, "geometry": {"type": "Point", "coordinates": [77.29927185000001, 28.64029615]}}, {"type": "Feature", "properties": {"osm_id": "way/351554562", "kind": "hospital", "name": "Asian Institute of Medical Science", "lon": 77.29994171538462, "lat": 28.426035203846155}, "geometry": {"type": "Point", "coordinates": [77.29994171538462, 28.426035203846155]}}, {"type": "Feature", "properties": {"osm_id": "way/351567938", "kind": "hospital", "name": "Hospital", "lon": 77.08163568, "lat": 28.621514260000005}, "geometry": {"type": "Point", "coordinates": [77.08163568, 28.621514260000005]}}, {"type": "Feature", "properties": {"osm_id": "way/351583520", "kind": "hospital", "name": "Fortis Hospital", "lon": 77.17026155833334, "lat": 28.709233827083334}, "geometry": {"type": "Point", "coordinates": [77.17026155833334, 28.709233827083334]}}, {"type": "Feature", "properties": {"osm_id": "way/351859760", "kind": "school", "name": "Kendriya Vidyalaya", "lon": 77.19797916190475, "lat": 28.542647942857144}, "geometry": {"type": "Point", "coordinates": [77.19797916190475, 28.542647942857144]}}, {"type": "Feature", "properties": {"osm_id": "way/352199817", "kind": "school", "name": "School", "lon": 77.32014914736841, "lat": 28.66994152631579}, "geometry": {"type": "Point", "coordinates": [77.32014914736841, 28.66994152631579]}}, {"type": "Feature", "properties": {"osm_id": "way/352213720", "kind": "hospital", "name": "The Leprosy Mission Community Hospital", "lon": 77.3176984, "lat": 28.6914577}, "geometry": {"type": "Point", "coordinates": [77.3176984, 28.6914577]}}, {"type": "Feature", "properties": {"osm_id": "way/352249872", "kind": "school", "name": "New Light Public School", "lon": 77.01901838571429, "lat": 28.486840342857143}, "geometry": {"type": "Point", "coordinates": [77.01901838571429, 28.486840342857143]}}, {"type": "Feature", "properties": {"osm_id": "way/352266630", "kind": "school", "name": "ASN International School", "lon": 77.29386830000001, "lat": 28.604168019999996}, "geometry": {"type": "Point", "coordinates": [77.29386830000001, 28.604168019999996]}}, {"type": "Feature", "properties": {"osm_id": "way/352280534", "kind": "hospital", "name": "Hospital", "lon": 77.31155943076922, "lat": 28.666952}, "geometry": {"type": "Point", "coordinates": [77.31155943076922, 28.666952]}}, {"type": "Feature", "properties": {"osm_id": "way/352464765", "kind": "hospital", "name": "Pushpanjali Medical Centre", "lon": 77.30899466000001, "lat": 28.654026499999997}, "geometry": {"type": "Point", "coordinates": [77.30899466000001, 28.654026499999997]}}, {"type": "Feature", "properties": {"osm_id": "way/352548697", "kind": "hospital", "name": "Shanti Mukund Hospital", "lon": 77.3016523, "lat": 28.64575074}, "geometry": {"type": "Point", "coordinates": [77.3016523, 28.64575074]}}, {"type": "Feature", "properties": {"osm_id": "way/352781774", "kind": "hospital", "name": "Holistic Skin Care", "lon": 77.21437341999999, "lat": 28.51929474}, "geometry": {"type": "Point", "coordinates": [77.21437341999999, 28.51929474]}}, {"type": "Feature", "properties": {"osm_id": "way/352789067", "kind": "hospital", "name": "Sawan Neelu Angel's Multispeciality Hospital", "lon": 77.21509366000001, "lat": 28.522124220000002}, "geometry": {"type": "Point", "coordinates": [77.21509366000001, 28.522124220000002]}}, {"type": "Feature", "properties": {"osm_id": "way/352922509", "kind": "hospital", "name": "Hospital", "lon": 77.07806635333333, "lat": 28.61870586}, "geometry": {"type": "Point", "coordinates": [77.07806635333333, 28.61870586]}}, {"type": "Feature", "properties": {"osm_id": "way/352937312", "kind": "hospital", "name": "Shankar Hospital", "lon": 77.07254842, "lat": 28.628112379999997}, "geometry": {"type": "Point", "coordinates": [77.07254842, 28.628112379999997]}}, {"type": "Feature", "properties": {"osm_id": "way/356629900", "kind": "school", "name": "Modern Vidya Niketan", "lon": 77.32709881999999, "lat": 28.407225099999998}, "geometry": {"type": "Point", "coordinates": [77.32709881999999, 28.407225099999998]}}, {"type": "Feature", "properties": {"osm_id": "way/379021083", "kind": "school", "name": "Mahavir Senior Model School", "lon": 77.1921702, "lat": 28.689521900000003}, "geometry": {"type": "Point", "coordinates": [77.1921702, 28.689521900000003]}}, {"type": "Feature", "properties": {"osm_id": "way/386327383", "kind": "hospital", "name": "Government Maternity Hospital, Laxmi Nagar", "lon": 77.27809054, "lat": 28.635107060000003}, "geometry": {"type": "Point", "coordinates": [77.27809054, 28.635107060000003]}}, {"type": "Feature", "properties": {"osm_id": "way/388242027", "kind": "school", "name": "Kendriya Vidyalaya", "lon": 77.10286646, "lat": 28.70411456}, "geometry": {"type": "Point", "coordinates": [77.10286646, 28.70411456]}}, {"type": "Feature", "properties": {"osm_id": "way/401959556", "kind": "school", "name": "SOS Children's Village - Greenfields", "lon": 77.28929259, "lat": 28.46310853}, "geometry": {"type": "Point", "coordinates": [77.28929259, 28.46310853]}}, {"type": "Feature", "properties": {"osm_id": "way/402325763", "kind": "school", "name": "School", "lon": 77.3414716, "lat": 28.5672373}, "geometry": {"type": "Point", "coordinates": [77.3414716, 28.5672373]}}, {"type": "Feature", "properties": {"osm_id": "way/402325786", "kind": "school", "name": "School", "lon": 77.33385116, "lat": 28.5706111}, "geometry": {"type": "Point", "coordinates": [77.33385116, 28.5706111]}}, {"type": "Feature", "properties": {"osm_id": "way/402859112", "kind": "school", "name": "NCS Ground", "lon": 77.19356654, "lat": 28.583282180000005}, "geometry": {"type": "Point", "coordinates": [77.19356654, 28.583282180000005]}}, {"type": "Feature", "properties": {"osm_id": "way/403447939", "kind": "industrial", "name": "Industrial", "lon": 77.27663684000001, "lat": 28.50489448, "area_km2": 0.0178}, "geometry": {"type": "Polygon", "coordinates": [[[77.2761208, 28.505529], [77.2756648, 28.5047983], [77.2774136, 28.5039592], [77.2778642, 28.5046569], [77.2761208, 28.505529]]]}}, {"type": "Feature", "properties": {"osm_id": "way/408034524", "kind": "hospital", "name": "Delhi Cantonment General Hospital", "lon": 77.12491646000001, "lat": 28.59868652}, "geometry": {"type": "Point", "coordinates": [77.12491646000001, 28.59868652]}}, {"type": "Feature", "properties": {"osm_id": "way/408822673", "kind": "school", "name": "Government Co-Ed Secondary School", "lon": 77.06428451666666, "lat": 28.594329616666666}, "geometry": {"type": "Point", "coordinates": [77.06428451666666, 28.594329616666666]}}, {"type": "Feature", "properties": {"osm_id": "way/414109910", "kind": "school", "name": "Modern School", "lon": 77.09953852222222, "lat": 28.491370433333334}, "geometry": {"type": "Point", "coordinates": [77.09953852222222, 28.491370433333334]}}, {"type": "Feature", "properties": {"osm_id": "way/414777305", "kind": "school", "name": "Manav Sthali School", "lon": 77.18366325714285, "lat": 28.63302857142857}, "geometry": {"type": "Point", "coordinates": [77.18366325714285, 28.63302857142857]}}, {"type": "Feature", "properties": {"osm_id": "way/415208190", "kind": "school", "name": "EURO Global School", "lon": 77.06084023636363, "lat": 28.42445609090909}, "geometry": {"type": "Point", "coordinates": [77.06084023636363, 28.42445609090909]}}, {"type": "Feature", "properties": {"osm_id": "way/415212104", "kind": "hospital", "name": "AB Hospitals", "lon": 77.05182785555556, "lat": 28.468529000000004}, "geometry": {"type": "Point", "coordinates": [77.05182785555556, 28.468529000000004]}}, {"type": "Feature", "properties": {"osm_id": "way/418558610", "kind": "school", "name": "Educare School", "lon": 77.06550824000001, "lat": 28.425450480000002}, "geometry": {"type": "Point", "coordinates": [77.06550824000001, 28.425450480000002]}}, {"type": "Feature", "properties": {"osm_id": "way/419164558", "kind": "industrial", "name": "Sector 54 Gurgaon Metro Rail Depot", "lon": 77.1026031625, "lat": 28.4322465625, "area_km2": 0.0403}, "geometry": {"type": "Polygon", "coordinates": [[[77.1043216, 28.4316828], [77.1027614, 28.4325841], [77.100857, 28.4338059], [77.0996774, 28.4327302], [77.1011911, 28.432274], [77.1034258, 28.4316056], [77.1042694, 28.4316071], [77.1043216, 28.4316828]]]}}, {"type": "Feature", "properties": {"osm_id": "way/419513432", "kind": "school", "name": "Ryan International School", "lon": 77.05532622000001, "lat": 28.45237752}, "geometry": {"type": "Point", "coordinates": [77.05532622000001, 28.45237752]}}, {"type": "Feature", "properties": {"osm_id": "way/419656566", "kind": "industrial", "name": "Maruti Suzuki India Limited", "lon": 77.07010323333333, "lat": 28.49543014358974, "area_km2": 1.0866}, "geometry": {"type": "Polygon", "coordinates": [[[77.0745815, 28.4989724], [77.0741564, 28.4989608], [77.0737553, 28.4989498], [77.0735997, 28.4989456], [77.0729539, 28.498928], [77.0717494, 28.498895], [77.0689307, 28.498818], [77.0666404, 28.4987731], [77.0651028, 28.4987438], [77.0644883, 28.4986332], [77.0602844, 28.493847], [77.0602784, 28.4938277], [77.0602863, 28.4935601], [77.0603823, 28.493274], [77.0606055, 28.4930457], [77.0608005, 28.4928983], [77.0610854, 28.4927153], [77.0617076, 28.4922645], [77.0619273, 28.4921559], [77.062457, 28.4921406], [77.0645023, 28.4921754], [77.067236, 28.4922539], [77.0680085, 28.4922721], [77.0717546, 28.4923754], [77.0730899, 28.492408], [77.0739526, 28.492429], [77.0754916, 28.4924666], [77.0786673, 28.4925229], [77.0786572, 28.4929194], [77.078464, 28.4929155], [77.0773423, 28.492886], [77.0772493, 28.4956159], [77.0772351, 28.496075], [77.0770922, 28.4990484], [77.0770463, 28.4990471], [77.0766397, 28.4990356], [77.0762563, 28.4990248], [77.0749863, 28.4989834], [77.0745815, 28.4989724]]]}}, {"type": "Feature", "properties": {"osm_id": "way/426529419", "kind": "hospital", "name": "Chaudhary Eye Centre", "lon": 77.24366742, "lat": 28.6420528}, "geometry": {"type": "Point", "coordinates": [77.24366742, 28.6420528]}}, {"type": "Feature", "properties": {"osm_id": "way/427406071", "kind": "industrial", "name": "Industrial", "lon": 77.02348923571428, "lat": 28.68706335, "area_km2": 0.1941}, "geometry": {"type": "Polygon", "coordinates": [[[77.0218299, 28.6893028], [77.023154, 28.6891761], [77.0248755, 28.6890113], [77.0249151, 28.688588], [77.0252652, 28.6877382], [77.02554, 28.6869641], [77.0259118, 28.6862423], [77.025366, 28.6847641], [77.0247727, 28.6847988], [77.0247648, 28.6854165], [77.0206907, 28.6854651], [77.0199629, 28.6858745], [77.0199708, 28.6862423], [77.0218299, 28.6893028]]]}}, {"type": "Feature", "properties": {"osm_id": "way/427406073", "kind": "industrial", "name": "Industrial", "lon": 77.05207765714286, "lat": 28.671208119047623, "area_km2": 0.6225}, "geometry": {"type": "Polygon", "coordinates": [[[77.0511665, 28.668662], [77.0511798, 28.6681072], [77.0516485, 28.6681072], [77.0516352, 28.6664737], [77.0532184, 28.6664426], [77.0532184, 28.666885], [77.0542752, 28.6668656], [77.0565172, 28.6696165], [77.056703, 28.6701053], [77.0566941, 28.6704856], [77.0566587, 28.6755759], [77.0535544, 28.6755449], [77.0536252, 28.6751802], [77.0506447, 28.6752151], [77.0502688, 28.6752034], [77.0503882, 28.6754052], [77.0466515, 28.6755643], [77.0466471, 28.6725186], [77.046625, 28.6723945], [77.0511444, 28.6723557], [77.0511665, 28.668662]]]}}, {"type": "Feature", "properties": {"osm_id": "way/427406076", "kind": "industrial", "name": "Industrial", "lon": 77.042210975, "lat": 28.674876064285712, "area_km2": 0.7569}, "geometry": {"type": "Polygon", "coordinates": [[[77.0419391, 28.6820228], [77.0419312, 28.6780391], [77.0431668, 28.6780418], [77.0431586, 28.67748], [77.0423458, 28.6774872], [77.0423417, 28.6769109], [77.0414262, 28.6769001], [77.0413851, 28.6762554], [77.0374072, 28.6767777], [77.035683, 28.6769722], [77.0354942, 28.6767993], [77.035486, 28.673212], [77.0382282, 28.6731903], [77.0416602, 28.6730967], [77.041652, 28.6719945], [77.0423252, 28.6719801], [77.0423334, 28.6708996], [77.043056, 28.6708996], [77.0430724, 28.6714255], [77.0444517, 28.6714615], [77.0451004, 28.6714687], [77.0451004, 28.6709284], [77.0457326, 28.6712165], [77.0462334, 28.6715695], [77.0463416, 28.672041], [77.0464153, 28.6734831], [77.0465005, 28.6819535], [77.0419391, 28.6820228]]]}}, {"type": "Feature", "properties": {"osm_id": "way/427406079", "kind": "industrial", "name": "Mundka Industrial Area", "lon": 77.03698753428571, "lat": 28.68437733142857, "area_km2": 1.0656}, "geometry": {"type": "Polygon", "coordinates": [[[77.0474728, 28.6870855], [77.0473422, 28.6844206], [77.0476626, 28.6844102], [77.0476666, 28.6837474], [77.047184, 28.6837509], [77.0471721, 28.6835843], [77.0472473, 28.6835358], [77.0472552, 28.6833657], [77.0476547, 28.683338], [77.0476784, 28.6830534], [77.0482282, 28.6828036], [77.049229, 28.6827932], [77.0492171, 28.6824566], [77.0445022, 28.6824982], [77.0315285, 28.6825572], [77.0292265, 28.6826058], [77.0290208, 28.6826474], [77.0296932, 28.6842575], [77.0287835, 28.6844171], [77.0282693, 28.6843963], [77.0281506, 28.6841187], [77.0281822, 28.6835982], [77.028467, 28.6834039], [77.0285303, 28.682696], [77.0280319, 28.6827446], [77.0279845, 28.6831194], [77.0269482, 28.6854234], [77.0262836, 28.6863117], [77.0293689, 28.6856177], [77.0294084, 28.686631], [77.0309115, 28.686631], [77.0309209, 28.687347], [77.0309335, 28.6883116], [77.0309352, 28.6884422], [77.0474728, 28.6870855]]]}}, {"type": "Feature", "properties": {"osm_id": "way/427406083", "kind": "industrial", "name": "Industrial", "lon": 77.02636199999999, "lat": 28.691960257142856, "area_km2": 0.114}, "geometry": {"type": "Polygon", "coordinates": [[[77.0248965, 28.6940131], [77.0249039, 28.6897504], [77.0271143, 28.690399], [77.0273964, 28.690633], [77.0275259, 28.6909272], [77.0278005, 28.693986], [77.0248965, 28.6940131]]]}}, {"type": "Feature", "properties": {"osm_id": "way/427406085", "kind": "industrial", "name": "Industrial", "lon": 77.04988494444444, "lat": 28.680918166666668, "area_km2": 0.1007}, "geometry": {"type": "Polygon", "coordinates": [[[77.0467391, 28.6819423], [77.0467051, 28.680193], [77.0499991, 28.6802043], [77.0500035, 28.6806582], [77.0519581, 28.6799483], [77.0520465, 28.6803517], [77.0521836, 28.6811276], [77.0525904, 28.6818958], [77.0467391, 28.6819423]]]}}, {"type": "Feature", "properties": {"osm_id": "way/436894956", "kind": "school", "name": "School", "lon": 77.13071705, "lat": 28.69078205}, "geometry": {"type": "Point", "coordinates": [77.13071705, 28.69078205]}}, {"type": "Feature", "properties": {"osm_id": "way/438994150", "kind": "hospital", "name": "Pt. Madan Mohan Malviya Hospital", "lon": 77.21384928333333, "lat": 28.535567583333332}, "geometry": {"type": "Point", "coordinates": [77.21384928333333, 28.535567583333332]}}, {"type": "Feature", "properties": {"osm_id": "way/447017217", "kind": "school", "name": "Government Model Girls School", "lon": 77.29694036000001, "lat": 28.6217652}, "geometry": {"type": "Point", "coordinates": [77.29694036000001, 28.6217652]}}, {"type": "Feature", "properties": {"osm_id": "way/447185310", "kind": "school", "name": "School of planning and architecure", "lon": 77.24586081999999, "lat": 28.63274348}, "geometry": {"type": "Point", "coordinates": [77.24586081999999, 28.63274348]}}, {"type": "Feature", "properties": {"osm_id": "way/453862915", "kind": "school", "name": "School", "lon": 77.09822882, "lat": 28.4924361}, "geometry": {"type": "Point", "coordinates": [77.09822882, 28.4924361]}}, {"type": "Feature", "properties": {"osm_id": "way/453862916", "kind": "hospital", "name": "RBS Hospital", "lon": 77.0973834, "lat": 28.492884179999997}, "geometry": {"type": "Point", "coordinates": [77.0973834, 28.492884179999997]}}, {"type": "Feature", "properties": {"osm_id": "way/454523330", "kind": "hospital", "name": "Safdarjung Hospital", "lon": 77.20483236818183, "lat": 28.567194695454546}, "geometry": {"type": "Point", "coordinates": [77.20483236818183, 28.567194695454546]}}, {"type": "Feature", "properties": {"osm_id": "way/454523333", "kind": "hospital", "name": "Hospital", "lon": 77.20073258235294, "lat": 28.56760271764706}, "geometry": {"type": "Point", "coordinates": [77.20073258235294, 28.56760271764706]}}, {"type": "Feature", "properties": {"osm_id": "way/457504304", "kind": "school", "name": "School", "lon": 77.20791771666667, "lat": 28.538498533333335}, "geometry": {"type": "Point", "coordinates": [77.20791771666667, 28.538498533333335]}}, {"type": "Feature", "properties": {"osm_id": "way/461566508", "kind": "school", "name": "skv Tughlakabad village", "lon": 77.2655813, "lat": 28.510232633333334}, "geometry": {"type": "Point", "coordinates": [77.2655813, 28.510232633333334]}}, {"type": "Feature", "properties": {"osm_id": "way/461569370", "kind": "school", "name": "govt secondary school", "lon": 77.26604961428572, "lat": 28.512720385714285}, "geometry": {"type": "Point", "coordinates": [77.26604961428572, 28.512720385714285]}}, {"type": "Feature", "properties": {"osm_id": "way/464265895", "kind": "hospital", "name": "Saint Stephen's Hospital", "lon": 77.21416498947369, "lat": 28.66638906842105}, "geometry": {"type": "Point", "coordinates": [77.21416498947369, 28.66638906842105]}}, {"type": "Feature", "properties": {"osm_id": "way/464283160", "kind": "industrial", "name": "Rajghat Thermal Power Station", "lon": 77.25498876666667, "lat": 28.63812728, "area_km2": 0.149}, "geometry": {"type": "Polygon", "coordinates": [[[77.2571219, 28.6389901], [77.2570903, 28.6388373], [77.2558607, 28.6352914], [77.2555296, 28.6350843], [77.2541974, 28.6356178], [77.2529477, 28.6364608], [77.252832, 28.6371616], [77.2530403, 28.6386849], [77.2536354, 28.6386238], [77.2538514, 28.6400228], [77.254006, 28.6400069], [77.255449, 28.6394231], [77.2560498, 28.6392818], [77.2560981, 28.6394325], [77.2571219, 28.6389901]]]}}, {"type": "Feature", "properties": {"osm_id": "way/464283162", "kind": "industrial", "name": "Rajghat Bus Depot", "lon": 77.25293980526315, "lat": 28.64282300526316, "area_km2": 0.0329}, "geometry": {"type": "Polygon", "coordinates": [[[77.2529063, 28.6444583], [77.252548, 28.6444865], [77.2524892, 28.6440263], [77.2525723, 28.6439722], [77.2525669, 28.6438902], [77.2525589, 28.6437698], [77.2524597, 28.643725], [77.2524463, 28.6432943], [77.2524946, 28.6428917], [77.252634, 28.6423432], [77.2529709, 28.6413152], [77.2531061, 28.6410533], [77.2535272, 28.640573], [77.2535876, 28.6404965], [77.2538692, 28.6404188], [77.2540489, 28.6415229], [77.2532657, 28.6430012], [77.2528982, 28.6439404], [77.2529063, 28.6444583]]]}}, {"type": "Feature", "properties": {"osm_id": "way/469618276", "kind": "school", "name": "Kendriya Vidyalaya", "lon": 77.17040615, "lat": 28.70486505}, "geometry": {"type": "Point", "coordinates": [77.17040615, 28.70486505]}}, {"type": "Feature", "properties": {"osm_id": "way/479651145", "kind": "school", "name": "viaan international school ground", "lon": 77.29410021999999, "lat": 28.635858860000003}, "geometry": {"type": "Point", "coordinates": [77.29410021999999, 28.635858860000003]}}, {"type": "Feature", "properties": {"osm_id": "way/479651146", "kind": "school", "name": "Viaan International School", "lon": 77.29337704999999, "lat": 28.636637133333334}, "geometry": {"type": "Point", "coordinates": [77.29337704999999, 28.636637133333334]}}, {"type": "Feature", "properties": {"osm_id": "way/479830727", "kind": "school", "name": "Kendriya Vidhyalaya JNU", "lon": 77.17637847727272, "lat": 28.546782663636364}, "geometry": {"type": "Point", "coordinates": [77.17637847727272, 28.546782663636364]}}, {"type": "Feature", "properties": {"osm_id": "way/479830732", "kind": "school", "name": "Kendriya Vidhyalaya Jr. School", "lon": 77.1636203, "lat": 28.544508933333333}, "geometry": {"type": "Point", "coordinates": [77.1636203, 28.544508933333333]}}, {"type": "Feature", "properties": {"osm_id": "way/482828008", "kind": "school", "name": "RK Convent", "lon": 77.09442748000001, "lat": 28.49130146}, "geometry": {"type": "Point", "coordinates": [77.09442748000001, 28.49130146]}}, {"type": "Feature", "properties": {"osm_id": "way/487653616", "kind": "school", "name": "Local School", "lon": 77.33580578, "lat": 28.72632698}, "geometry": {"type": "Point", "coordinates": [77.33580578, 28.72632698]}}, {"type": "Feature", "properties": {"osm_id": "way/487653618", "kind": "school", "name": "School", "lon": 77.33566978, "lat": 28.72605932}, "geometry": {"type": "Point", "coordinates": [77.33566978, 28.72605932]}}, {"type": "Feature", "properties": {"osm_id": "way/501786872", "kind": "industrial", "name": "Industrial", "lon": 77.144184, "lat": 28.676815525, "area_km2": 0.1238}, "geometry": {"type": "Polygon", "coordinates": [[[77.1418655, 28.6787331], [77.1430993, 28.6783848], [77.1441936, 28.6779706], [77.145583, 28.6775612], [77.1476296, 28.6766434], [77.1472415, 28.6748965], [77.1462382, 28.6750399], [77.1461863, 28.6747607], [77.1451002, 28.6749962], [77.1441293, 28.6753821], [77.1435445, 28.6761351], [77.143228, 28.6769964], [77.1428633, 28.6772176], [77.142477, 28.6777071], [77.1416992, 28.6778906], [77.1418655, 28.6787331]]]}}, {"type": "Feature", "properties": {"osm_id": "way/501786879", "kind": "school", "name": "Jagriti School", "lon": 77.16517542857143, "lat": 28.6712262}, "geometry": {"type": "Point", "coordinates": [77.16517542857143, 28.6712262]}}, {"type": "Feature", "properties": {"osm_id": "way/508942093", "kind": "school", "name": "Govt Girls Sr. Sec. School", "lon": 76.8920266, "lat": 28.7374874}, "geometry": {"type": "Point", "coordinates": [76.8920266, 28.7374874]}}, {"type": "Feature", "properties": {"osm_id": "way/508942094", "kind": "school", "name": "Govt. Boys School", "lon": 76.89144693333333, "lat": 28.737789916666667}, "geometry": {"type": "Point", "coordinates": [76.89144693333333, 28.737789916666667]}}, {"type": "Feature", "properties": {"osm_id": "way/508942097", "kind": "school", "name": "Radient Public School", "lon": 76.888942375, "lat": 28.7367727125}, "geometry": {"type": "Point", "coordinates": [76.888942375, 28.7367727125]}}, {"type": "Feature", "properties": {"osm_id": "way/508950019", "kind": "industrial", "name": "Industrial", "lon": 76.85944315333333, "lat": 28.734337773333333, "area_km2": 0.3246}, "geometry": {"type": "Polygon", "coordinates": [[[76.8637455, 28.732729], [76.863885, 28.7329466], [76.8646106, 28.7326338], [76.8652918, 28.7322739], [76.8656472, 28.7331042], [76.8654568, 28.7331712], [76.865485, 28.73325], [76.8642766, 28.7338909], [76.8640915, 28.7335969], [76.8611277, 28.7351845], [76.8586976, 28.7364733], [76.8563346, 28.7377221], [76.8560691, 28.7376245], [76.8554414, 28.7371283], [76.8545724, 28.7363416], [76.8544879, 28.7361887], [76.8544141, 28.7361922], [76.8538455, 28.7356478], [76.85358, 28.7353491], [76.8532702, 28.7349881], [76.8542401, 28.7345959], [76.8544597, 28.7345071], [76.855534, 28.7339756], [76.8565693, 28.7333829], [76.8575617, 28.7328749], [76.8598255, 28.7317647], [76.8612712, 28.7338509], [76.8627518, 28.7330642], [76.8630053, 28.7329513], [76.8637455, 28.732729]]]}}, {"type": "Feature", "properties": {"osm_id": "way/508950020", "kind": "industrial", "name": "Hindustan petroleum corporation limited", "lon": 76.85844100487806, "lat": 28.73160033170732, "area_km2": 0.3762}, "geometry": {"type": "Polygon", "coordinates": [[[76.8586512, 28.7287573], [76.8600481, 28.728733], [76.8600508, 28.7292857], [76.8614563, 28.7292716], [76.8614643, 28.7298091], [76.8621496, 28.7297973], [76.8621443, 28.7300019], [76.8622757, 28.7300031], [76.8623615, 28.7302595], [76.8625493, 28.7305852], [76.8629985, 28.731192], [76.8633378, 28.731546], [76.8635229, 28.7317365], [76.8640245, 28.7321599], [76.8642149, 28.7325033], [76.8637455, 28.732729], [76.8630053, 28.7329513], [76.8627518, 28.7330642], [76.8612712, 28.7338509], [76.8598255, 28.7317647], [76.8575617, 28.7328749], [76.8565693, 28.7333829], [76.855534, 28.7339756], [76.8544597, 28.7345071], [76.8542401, 28.7345959], [76.8532138, 28.7338662], [76.8525889, 28.7341861], [76.8524685, 28.7340378], [76.8523713, 28.7339182], [76.8522603, 28.7337815], [76.8517279, 28.733043], [76.8528772, 28.7323704], [76.8545053, 28.7315095], [76.8547682, 28.7314366], [76.8556962, 28.7309027], [76.8555697, 28.7306977], [76.85693, 28.7299878], [76.8575309, 28.7297173], [76.8573579, 28.7292904], [76.8573501, 28.7287732], [76.8586512, 28.7287573]]]}}, {"type": "Feature", "properties": {"osm_id": "way/509131739", "kind": "school", "name": "School", "lon": 77.20559777999999, "lat": 28.669722319999998}, "geometry": {"type": "Point", "coordinates": [77.20559777999999, 28.669722319999998]}}, {"type": "Feature", "properties": {"osm_id": "way/510336782", "kind": "school", "name": "Government Boys Senior Secondary School", "lon": 77.30224194444445, "lat": 28.589447133333334}, "geometry": {"type": "Point", "coordinates": [77.30224194444445, 28.589447133333334]}}, {"type": "Feature", "properties": {"osm_id": "way/531891636", "kind": "hospital", "name": "Hospital", "lon": 77.1505415, "lat": 28.583279649999998}, "geometry": {"type": "Point", "coordinates": [77.1505415, 28.583279649999998]}}, {"type": "Feature", "properties": {"osm_id": "way/531893759", "kind": "school", "name": "The Air Force School", "lon": 77.15390791666667, "lat": 28.585276025}, "geometry": {"type": "Point", "coordinates": [77.15390791666667, 28.585276025]}}, {"type": "Feature", "properties": {"osm_id": "way/531909670", "kind": "hospital", "name": "Army Research and Referral Hospital", "lon": 77.15704310833333, "lat": 28.583228266666666}, "geometry": {"type": "Point", "coordinates": [77.15704310833333, 28.583228266666666]}}, {"type": "Feature", "properties": {"osm_id": "way/531947612", "kind": "school", "name": "Army Public School", "lon": 77.12439434375, "lat": 28.60198644375}, "geometry": {"type": "Point", "coordinates": [77.12439434375, 28.60198644375]}}, {"type": "Feature", "properties": {"osm_id": "way/532774412", "kind": "hospital", "name": "Station Medicare Centre", "lon": 77.12264275999999, "lat": 28.57943624}, "geometry": {"type": "Point", "coordinates": [77.12264275999999, 28.57943624]}}, {"type": "Feature", "properties": {"osm_id": "way/532890550", "kind": "hospital", "name": "Station Medicare Center", "lon": 77.0922978, "lat": 28.5769252}, "geometry": {"type": "Point", "coordinates": [77.0922978, 28.5769252]}}, {"type": "Feature", "properties": {"osm_id": "way/533150331", "kind": "school", "name": "Deep Parmarth Vidyalaya", "lon": 77.08241819999999, "lat": 28.585923380000004}, "geometry": {"type": "Point", "coordinates": [77.08241819999999, 28.585923380000004]}}, {"type": "Feature", "properties": {"osm_id": "way/533150332", "kind": "school", "name": "Sarvodaya Vidyalaya", "lon": 77.08330389166666, "lat": 28.585191241666667}, "geometry": {"type": "Point", "coordinates": [77.08330389166666, 28.585191241666667]}}, {"type": "Feature", "properties": {"osm_id": "way/533150333", "kind": "school", "name": "Goverment Boys Senior Secondary School", "lon": 77.08446928000001, "lat": 28.584382800000004}, "geometry": {"type": "Point", "coordinates": [77.08446928000001, 28.584382800000004]}}, {"type": "Feature", "properties": {"osm_id": "way/542389602", "kind": "hospital", "name": "Hospital", "lon": 77.00686618, "lat": 28.43374118}, "geometry": {"type": "Point", "coordinates": [77.00686618, 28.43374118]}}, {"type": "Feature", "properties": {"osm_id": "way/542389839", "kind": "hospital", "name": "Hospital", "lon": 77.0067545, "lat": 28.43411878}, "geometry": {"type": "Point", "coordinates": [77.0067545, 28.43411878]}}, {"type": "Feature", "properties": {"osm_id": "way/549601177", "kind": "hospital", "name": "Hospital", "lon": 77.32097361999999, "lat": 28.529947119999996}, "geometry": {"type": "Point", "coordinates": [77.32097361999999, 28.529947119999996]}}, {"type": "Feature", "properties": {"osm_id": "way/549632096", "kind": "school", "name": "Government Co-Education Senior Secondary School", "lon": 77.32160838461537, "lat": 28.694452969230767}, "geometry": {"type": "Point", "coordinates": [77.32160838461537, 28.694452969230767]}}, {"type": "Feature", "properties": {"osm_id": "way/554625250", "kind": "school", "name": "MCD Primary School", "lon": 77.28281638000001, "lat": 28.61938758}, "geometry": {"type": "Point", "coordinates": [77.28281638000001, 28.61938758]}}, {"type": "Feature", "properties": {"osm_id": "way/558065101", "kind": "school", "name": "Tagore International School", "lon": 77.16159974285713, "lat": 28.569117900000002}, "geometry": {"type": "Point", "coordinates": [77.16159974285713, 28.569117900000002]}}, {"type": "Feature", "properties": {"osm_id": "way/562195659", "kind": "school", "name": "Mater Dei School", "lon": 77.23683802000001, "lat": 28.616347080000004}, "geometry": {"type": "Point", "coordinates": [77.23683802000001, 28.616347080000004]}}, {"type": "Feature", "properties": {"osm_id": "way/562195661", "kind": "school", "name": "Guru Harkrishan Public School", "lon": 77.23602123333333, "lat": 28.6159952}, "geometry": {"type": "Point", "coordinates": [77.23602123333333, 28.6159952]}}, {"type": "Feature", "properties": {"osm_id": "way/583556645", "kind": "school", "name": "Vidya Niketan Senior Secondary School", "lon": 77.2032159, "lat": 28.52092594}, "geometry": {"type": "Point", "coordinates": [77.2032159, 28.52092594]}}, {"type": "Feature", "properties": {"osm_id": "way/583665557", "kind": "hospital", "name": "Triton Hospital", "lon": 77.25466536, "lat": 28.54729944}, "geometry": {"type": "Point", "coordinates": [77.25466536, 28.54729944]}}, {"type": "Feature", "properties": {"osm_id": "way/584849988", "kind": "hospital", "name": "Madhukar Rainbow Children's Hospital", "lon": 77.20466463333334, "lat": 28.529294633333333}, "geometry": {"type": "Point", "coordinates": [77.20466463333334, 28.529294633333333]}}, {"type": "Feature", "properties": {"osm_id": "way/586013159", "kind": "school", "name": "Mata Gujri Public School", "lon": 77.23779588, "lat": 28.55143862}, "geometry": {"type": "Point", "coordinates": [77.23779588, 28.55143862]}}, {"type": "Feature", "properties": {"osm_id": "way/605886399", "kind": "industrial", "name": "Nand Nagri Bus Depot", "lon": 77.30582961666667, "lat": 28.698098849999997, "area_km2": 0.0182}, "geometry": {"type": "Polygon", "coordinates": [[[77.3061237, 28.6986812], [77.3062716, 28.6970041], [77.3052784, 28.6969367], [77.3051306, 28.6986138], [77.3060497, 28.6986761], [77.3061237, 28.6986812]]]}}, {"type": "Feature", "properties": {"osm_id": "way/608825323", "kind": "hospital", "name": "MCD Dispensary", "lon": 77.19774485, "lat": 28.736674700000002}, "geometry": {"type": "Point", "coordinates": [77.19774485, 28.736674700000002]}}, {"type": "Feature", "properties": {"osm_id": "way/615454699", "kind": "school", "name": "Kendriya Vidyalaya", "lon": 77.12399579090909, "lat": 28.70362139090909}, "geometry": {"type": "Point", "coordinates": [77.12399579090909, 28.70362139090909]}}, {"type": "Feature", "properties": {"osm_id": "way/632734097", "kind": "hospital", "name": "Hospital", "lon": 77.09757834285713, "lat": 28.418429157142857}, "geometry": {"type": "Point", "coordinates": [77.09757834285713, 28.418429157142857]}}, {"type": "Feature", "properties": {"osm_id": "way/632843081", "kind": "school", "name": "South Delhi Muncipal Corporation Nigam Pratibha Vidyalaya", "lon": 77.19880045000001, "lat": 28.515420183333333}, "geometry": {"type": "Point", "coordinates": [77.19880045000001, 28.515420183333333]}}, {"type": "Feature", "properties": {"osm_id": "way/637912141", "kind": "school", "name": "Doctor Bhim Rao Ambedkar School of Specialised Excellence", "lon": 77.22107208888889, "lat": 28.680819977777773}, "geometry": {"type": "Point", "coordinates": [77.22107208888889, 28.680819977777773]}}, {"type": "Feature", "properties": {"osm_id": "way/661784209", "kind": "industrial", "name": "Industrial", "lon": 77.32545681724137, "lat": 28.649581882758618, "area_km2": 0.3841}, "geometry": {"type": "Polygon", "coordinates": [[[77.3223096, 28.646742], [77.3223125, 28.6474121], [77.322298, 28.6478242], [77.3223937, 28.6486346], [77.3225457, 28.6491534], [77.3229884, 28.6497343], [77.3231594, 28.6499587], [77.323942, 28.6509321], [77.3254284, 28.6523995], [77.3271231, 28.654318], [77.3271996, 28.6544046], [77.3282627, 28.6534946], [77.3261668, 28.6515599], [77.3264176, 28.6514869], [77.3262003, 28.6509961], [77.3264605, 28.6509114], [77.3260635, 28.6500476], [77.3266456, 28.6499852], [77.3268344, 28.6499872], [77.327159, 28.6499563], [77.3272719, 28.6499625], [77.3279609, 28.6499625], [77.3288313, 28.6499117], [77.3309073, 28.6463991], [77.3273314, 28.6461739], [77.3242066, 28.645996], [77.3237859, 28.6459757], [77.323732, 28.6468125], [77.3223096, 28.646742]]]}}, {"type": "Feature", "properties": {"osm_id": "way/662185763", "kind": "school", "name": "Sarvodaya Bal Vidyalaya No. 2", "lon": 77.0884891, "lat": 28.58694885}, "geometry": {"type": "Point", "coordinates": [77.0884891, 28.58694885]}}, {"type": "Feature", "properties": {"osm_id": "way/662185786", "kind": "school", "name": "School", "lon": 77.08177061250001, "lat": 28.588951299999998}, "geometry": {"type": "Point", "coordinates": [77.08177061250001, 28.588951299999998]}}, {"type": "Feature", "properties": {"osm_id": "way/662185788", "kind": "hospital", "name": "Primary Health Centre", "lon": 77.08184753, "lat": 28.59147158}, "geometry": {"type": "Point", "coordinates": [77.08184753, 28.59147158]}}, {"type": "Feature", "properties": {"osm_id": "way/662198577", "kind": "industrial", "name": "Industrial", "lon": 77.33037084210525, "lat": 28.722526484210526, "area_km2": 0.2927}, "geometry": {"type": "Polygon", "coordinates": [[[77.3336059, 28.7257059], [77.3333913, 28.725433], [77.3337346, 28.7252307], [77.3340833, 28.7250426], [77.3331606, 28.723095], [77.3322111, 28.7208886], [77.3323345, 28.7208134], [77.3314601, 28.718781], [77.3311275, 28.7189033], [77.3298669, 28.7204041], [77.3291695, 28.7209075], [77.3282576, 28.7212979], [77.3271149, 28.7224975], [77.3260635, 28.7217495], [77.3256826, 28.7219565], [77.3251408, 28.7216837], [77.3240572, 28.7222953], [77.3329782, 28.7256118], [77.3336059, 28.7257059]]]}}, {"type": "Feature", "properties": {"osm_id": "way/662198578", "kind": "industrial", "name": "Industrial", "lon": 77.33093271875, "lat": 28.72702596875, "area_km2": 0.155}, "geometry": {"type": "Polygon", "coordinates": [[[77.3327315, 28.7258141], [77.3337936, 28.725974], [77.3341209, 28.7260022], [77.3341638, 28.726054], [77.3328012, 28.7271124], [77.3314547, 28.7281473], [77.3306179, 28.7287212], [77.3304248, 28.7285095], [77.3300117, 28.7287871], [77.3293948, 28.7280297], [77.3289281, 28.7283543], [77.328102, 28.7273335], [77.3279303, 28.7269619], [77.3278123, 28.7260352], [77.3299044, 28.724765], [77.3327315, 28.7258141]]]}}, {"type": "Feature", "properties": {"osm_id": "way/662209741", "kind": "industrial", "name": "Industrial", "lon": 77.31875558, "lat": 28.737837860000003, "area_km2": 0.0118}, "geometry": {"type": "Polygon", "coordinates": [[[77.3192856, 28.738169], [77.3184085, 28.7384371], [77.3179793, 28.7374023], [77.3188189, 28.7370119], [77.3192856, 28.738169]]]}}, {"type": "Feature", "properties": {"osm_id": "way/662209742", "kind": "industrial", "name": "Industrial", "lon": 77.31393004210527, "lat": 28.73443850526316, "area_km2": 0.4072}, "geometry": {"type": "Polygon", "coordinates": [[[77.3074973, 28.7331571], [77.3110753, 28.7315154], [77.3115796, 28.7318165], [77.3124057, 28.731332], [77.3136395, 28.7323245], [77.3142457, 28.733143], [77.3147607, 28.7332935], [77.3152327, 28.733731], [77.316311, 28.733698], [77.3169011, 28.7334958], [77.3185533, 28.7359323], [77.3190415, 28.7365297], [77.3177326, 28.7372118], [77.3162788, 28.7376539], [77.3161125, 28.7374093], [77.3154688, 28.737668], [77.3121428, 28.7348176], [77.3081946, 28.7364451], [77.3074973, 28.7331571]]]}}, {"type": "Feature", "properties": {"osm_id": "way/664639541", "kind": "school", "name": "Vega School", "lon": 77.03814925, "lat": 28.410619566666668}, "geometry": {"type": "Point", "coordinates": [77.03814925, 28.410619566666668]}}, {"type": "Feature", "properties": {"osm_id": "way/668072487", "kind": "school", "name": "Lotus Valley International School", "lon": 77.34561638571428, "lat": 28.53760252857143}, "geometry": {"type": "Point", "coordinates": [77.34561638571428, 28.53760252857143]}}, {"type": "Feature", "properties": {"osm_id": "way/669585614", "kind": "school", "name": "Happy Model School", "lon": 77.09215195555556, "lat": 28.630824033333333}, "geometry": {"type": "Point", "coordinates": [77.09215195555556, 28.630824033333333]}}, {"type": "Feature", "properties": {"osm_id": "way/675366990", "kind": "school", "name": "The Indian School", "lon": 77.22845542222223, "lat": 28.556579544444446}, "geometry": {"type": "Point", "coordinates": [77.22845542222223, 28.556579544444446]}}, {"type": "Feature", "properties": {"osm_id": "way/677593770", "kind": "school", "name": "Radha Krishna Vidya Niketan", "lon": 77.22673514, "lat": 28.520765}, "geometry": {"type": "Point", "coordinates": [77.22673514, 28.520765]}}, {"type": "Feature", "properties": {"osm_id": "way/677799830", "kind": "school", "name": "Ramjas School", "lon": 77.19253164285715, "lat": 28.64406442857143}, "geometry": {"type": "Point", "coordinates": [77.19253164285715, 28.64406442857143]}}, {"type": "Feature", "properties": {"osm_id": "way/677801449", "kind": "school", "name": "Baba Nebraj Senior Secondary School", "lon": 77.24408495, "lat": 28.575159266666663}, "geometry": {"type": "Point", "coordinates": [77.24408495, 28.575159266666663]}}, {"type": "Feature", "properties": {"osm_id": "way/678662133", "kind": "school", "name": "Saint John's Model School", "lon": 77.29888001428571, "lat": 28.603793857142858}, "geometry": {"type": "Point", "coordinates": [77.29888001428571, 28.603793857142858]}}, {"type": "Feature", "properties": {"osm_id": "way/680690749", "kind": "school", "name": "School", "lon": 77.28843855454546, "lat": 28.682717839393938}, "geometry": {"type": "Point", "coordinates": [77.28843855454546, 28.682717839393938]}}, {"type": "Feature", "properties": {"osm_id": "way/683660426", "kind": "school", "name": "EDMC Primary School Jyoti Colony", "lon": 77.29140521428572, "lat": 28.689680914285713}, "geometry": {"type": "Point", "coordinates": [77.29140521428572, 28.689680914285713]}}, {"type": "Feature", "properties": {"osm_id": "way/691049140", "kind": "school", "name": "Kendriya Vidyalaya", "lon": 77.28596422307693, "lat": 28.674991499999997}, "geometry": {"type": "Point", "coordinates": [77.28596422307693, 28.674991499999997]}}, {"type": "Feature", "properties": {"osm_id": "way/698863790", "kind": "school", "name": "Kendriya Vidyalaya", "lon": 77.301228275, "lat": 28.509013191666668}, "geometry": {"type": "Point", "coordinates": [77.301228275, 28.509013191666668]}}, {"type": "Feature", "properties": {"osm_id": "way/704353283", "kind": "industrial", "name": "Flatted Factory Complex", "lon": 77.2659058, "lat": 28.5570413, "area_km2": 0.0592}, "geometry": {"type": "Polygon", "coordinates": [[[77.265687, 28.555364], [77.2673842, 28.5562698], [77.2665828, 28.5573124], [77.2668216, 28.5574938], [77.2660357, 28.5583701], [77.265864, 28.5582783], [77.2656468, 28.5585115], [77.2640374, 28.5574702], [77.2653115, 28.5559789], [77.265687, 28.555364]]]}}, {"type": "Feature", "properties": {"osm_id": "way/706693029", "kind": "school", "name": "South Delhi Municipal Corporation Primary Coeducational Model School", "lon": 77.23795361666667, "lat": 28.568537199999998}, "geometry": {"type": "Point", "coordinates": [77.23795361666667, 28.568537199999998]}}, {"type": "Feature", "properties": {"osm_id": "way/707631341", "kind": "school", "name": "Kendriya Vidyalaya Keshav Puram", "lon": 77.1583954125, "lat": 28.6822910625}, "geometry": {"type": "Point", "coordinates": [77.1583954125, 28.6822910625]}}, {"type": "Feature", "properties": {"osm_id": "way/712524970", "kind": "hospital", "name": "Jeevan Anmol Hospital", "lon": 77.2954814, "lat": 28.6058062}, "geometry": {"type": "Point", "coordinates": [77.2954814, 28.6058062]}}, {"type": "Feature", "properties": {"osm_id": "way/719547319", "kind": "school", "name": "Tagore International School", "lon": 77.24203806, "lat": 28.55888299}, "geometry": {"type": "Point", "coordinates": [77.24203806, 28.55888299]}}, {"type": "Feature", "properties": {"osm_id": "way/720714619", "kind": "school", "name": "Ganga International School", "lon": 76.9821886, "lat": 28.707322807692307}, "geometry": {"type": "Point", "coordinates": [76.9821886, 28.707322807692307]}}, {"type": "Feature", "properties": {"osm_id": "way/720714953", "kind": "hospital", "name": "Madhav Nursing Home", "lon": 76.99291382222222, "lat": 28.6992286}, "geometry": {"type": "Point", "coordinates": [76.99291382222222, 28.6992286]}}, {"type": "Feature", "properties": {"osm_id": "way/722727047", "kind": "school", "name": "Sarvodaya Kanya Vidyalaya", "lon": 77.21317798333334, "lat": 28.5340472}, "geometry": {"type": "Point", "coordinates": [77.21317798333334, 28.5340472]}}, {"type": "Feature", "properties": {"osm_id": "way/729487050", "kind": "school", "name": "Prince Public School", "lon": 77.17460510000001, "lat": 28.52341164}, "geometry": {"type": "Point", "coordinates": [77.17460510000001, 28.52341164]}}, {"type": "Feature", "properties": {"osm_id": "way/732907417", "kind": "school", "name": "Bala Pritam Guru Harkishan International Public School", "lon": 77.16400436250001, "lat": 28.5659549625}, "geometry": {"type": "Point", "coordinates": [77.16400436250001, 28.5659549625]}}, {"type": "Feature", "properties": {"osm_id": "way/738185935", "kind": "school", "name": "Shiv Nadar School", "lon": 77.10438274545454, "lat": 28.464537363636364}, "geometry": {"type": "Point", "coordinates": [77.10438274545454, 28.464537363636364]}}, {"type": "Feature", "properties": {"osm_id": "way/738481371", "kind": "school", "name": "Sidheshwar Public School", "lon": 76.99659460000001, "lat": 28.46754846}, "geometry": {"type": "Point", "coordinates": [76.99659460000001, 28.46754846]}}, {"type": "Feature", "properties": {"osm_id": "way/740039353", "kind": "industrial", "name": "Ramky Enviro Engineers Ltd (WtE)", "lon": 77.06920848333333, "lat": 28.799582483333335, "area_km2": 0.0708}, "geometry": {"type": "Polygon", "coordinates": [[[77.0693753, 28.801229], [77.06733, 28.7994224], [77.068817, 28.7981346], [77.0691539, 28.7978365], [77.0711994, 28.7996434], [77.0693753, 28.801229]]]}}, {"type": "Feature", "properties": {"osm_id": "way/740039354", "kind": "industrial", "name": "Industrial", "lon": 77.06680106, "lat": 28.79763774, "area_km2": 0.0514}, "geometry": {"type": "Polygon", "coordinates": [[[77.0654624, 28.7974219], [77.0674715, 28.7991501], [77.0688397, 28.7979674], [77.0667693, 28.7962274], [77.0654624, 28.7974219]]]}}, {"type": "Feature", "properties": {"osm_id": "way/740040078", "kind": "industrial", "name": "Industrial", "lon": 77.1099975875, "lat": 28.772500675, "area_km2": 0.1217}, "geometry": {"type": "Polygon", "coordinates": [[[77.1083572, 28.7737822], [77.1114046, 28.7734248], [77.1127781, 28.7729545], [77.1127352, 28.7706783], [77.1092585, 28.7706501], [77.1092585, 28.7723243], [77.1078314, 28.772409], [77.1083572, 28.7737822]]]}}, {"type": "Feature", "properties": {"osm_id": "way/740063769", "kind": "industrial", "name": "Industrial", "lon": 77.1280287, "lat": 28.78446598, "area_km2": 0.2036}, "geometry": {"type": "Polygon", "coordinates": [[[77.126804, 28.7852555], [77.1253101, 28.7845967], [77.1252763, 28.7819266], [77.1305704, 28.7818416], [77.1305919, 28.784174], [77.1300457, 28.7842547], [77.1300533, 28.785349], [77.1274264, 28.7866661], [77.1274049, 28.7853401], [77.126804, 28.7852555]]]}}, {"type": "Feature", "properties": {"osm_id": "way/740063770", "kind": "industrial", "name": "Industrial", "lon": 77.13073948571427, "lat": 28.77859117857143, "area_km2": 0.1497}, "geometry": {"type": "Polygon", "coordinates": [[[77.1285487, 28.7808299], [77.1307879, 28.7808088], [77.1307736, 28.7796523], [77.131445, 28.7796459], [77.1314389, 28.7791613], [77.1327451, 28.7791487], [77.132731, 28.7780287], [77.131874, 28.7780371], [77.1322174, 28.7770589], [77.1317453, 28.7763817], [77.1294922, 28.7764032], [77.1295014, 28.7771403], [77.1285036, 28.7771498], [77.1285487, 28.7808299]]]}}, {"type": "Feature", "properties": {"osm_id": "way/740082251", "kind": "industrial", "name": "Industrial", "lon": 77.13220384102564, "lat": 28.763587505128207, "area_km2": 0.4861}, "geometry": {"type": "Polygon", "coordinates": [[[77.1407002, 28.7666218], [77.1406867, 28.7654692], [77.1399088, 28.7654762], [77.1399006, 28.7647735], [77.1382174, 28.7647885], [77.1382123, 28.764348], [77.1360346, 28.7643674], [77.131482, 28.759765], [77.1310669, 28.7600805], [77.1305763, 28.7598289], [77.1304774, 28.7599772], [77.1303391, 28.7599736], [77.1298596, 28.7596374], [77.1294488, 28.7600877], [77.1290301, 28.7600877], [77.128503, 28.7607121], [77.1287307, 28.7607094], [77.1287494, 28.7618865], [77.1291719, 28.7618814], [77.1291787, 28.7623133], [77.129001, 28.7623154], [77.1290172, 28.7633505], [77.1267936, 28.7633772], [77.1268043, 28.7640628], [77.1298232, 28.7640267], [77.1298137, 28.7634167], [77.1310484, 28.7634019], [77.1310597, 28.7641314], [77.1311482, 28.764271], [77.1311604, 28.7650019], [77.1298151, 28.7650192], [77.1298264, 28.765699], [77.1318836, 28.7656726], [77.1319145, 28.7675227], [77.1339773, 28.7682357], [77.1339674, 28.7673912], [77.133962, 28.7669273], [77.1339591, 28.7666824], [77.1407002, 28.7666218]]]}}, {"type": "Feature", "properties": {"osm_id": "way/740082532", "kind": "industrial", "name": "Industrial", "lon": 77.13272895555555, "lat": 28.769982566666663, "area_km2": 0.0557}, "geometry": {"type": "Polygon", "coordinates": [[[77.1319693, 28.7707522], [77.1334108, 28.7708827], [77.1334124, 28.7705542], [77.133993, 28.7705562], [77.1340037, 28.7682379], [77.1319083, 28.7682598], [77.1319457, 28.7698045], [77.1319481, 28.7700434], [77.1319693, 28.7707522]]]}}, {"type": "Feature", "properties": {"osm_id": "way/740082695", "kind": "industrial", "name": "Industrial", "lon": 77.13109601666666, "lat": 28.769018183333333, "area_km2": 0.0447}, "geometry": {"type": "Polygon", "coordinates": [[[77.1306007, 28.7706278], [77.131861, 28.770724], [77.1317675, 28.7675452], [77.1312471, 28.7675131], [77.1304991, 28.7670712], [77.1306007, 28.7706278]]]}}, {"type": "Feature", "properties": {"osm_id": "way/740098655", "kind": "industrial", "name": "Industrial", "lon": 77.278123, "lat": 28.78984151111111, "area_km2": 0.0548}, "geometry": {"type": "Polygon", "coordinates": [[[77.2771449, 28.7916984], [77.2784266, 28.7918712], [77.2792339, 28.7886904], [77.2787471, 28.7886363], [77.2787717, 28.7883933], [77.2786854, 28.7882529], [77.2777275, 28.7881366], [77.277225, 28.7911961], [77.2771449, 28.7916984]]]}}, {"type": "Feature", "properties": {"osm_id": "way/741157316", "kind": "industrial", "name": "Industrial", "lon": 77.12935867142856, "lat": 28.768398885714284, "area_km2": 0.0756}, "geometry": {"type": "Polygon", "coordinates": [[[77.1285576, 28.7705409], [77.1303964, 28.770625], [77.1304051, 28.7669363], [77.1295612, 28.7665652], [77.129441, 28.7667988], [77.1285918, 28.7667851], [77.1285576, 28.7705409]]]}}, {"type": "Feature", "properties": {"osm_id": "way/741157319", "kind": "industrial", "name": "Industrial", "lon": 77.1260459090909, "lat": 28.769485654545452, "area_km2": 0.0274}, "geometry": {"type": "Polygon", "coordinates": [[[77.1249528, 28.7699685], [77.1255799, 28.7700024], [77.1273612, 28.7703293], [77.1275101, 28.7694658], [77.1267628, 28.7694338], [77.126721, 28.7689276], [77.1263709, 28.7686413], [77.1259842, 28.7689505], [77.1255348, 28.769049], [77.1247745, 28.7696055], [77.1249528, 28.7699685]]]}}, {"type": "Feature", "properties": {"osm_id": "way/741157320", "kind": "school", "name": "Vedic Public School", "lon": 77.12396204, "lat": 28.7680139}, "geometry": {"type": "Point", "coordinates": [77.12396204, 28.7680139]}}, {"type": "Feature", "properties": {"osm_id": "way/741157321", "kind": "industrial", "name": "Industrial", "lon": 77.12784158, "lat": 28.771790099999997, "area_km2": 0.027}, "geometry": {"type": "Polygon", "coordinates": [[[77.127335, 28.7725718], [77.1285922, 28.7725772], [77.1286169, 28.7707261], [77.1273288, 28.7705036], [77.127335, 28.7725718]]]}}, {"type": "Feature", "properties": {"osm_id": "way/741157322", "kind": "industrial", "name": "Industrial", "lon": 77.1353814375, "lat": 28.7736401375, "area_km2": 0.0426}, "geometry": {"type": "Polygon", "coordinates": [[[77.1347869, 28.7747502], [77.1347234, 28.7737063], [77.1343899, 28.7735114], [77.1356762, 28.7717923], [77.1360971, 28.7725161], [77.1367164, 28.7733235], [77.1358747, 28.7747711], [77.1347869, 28.7747502]]]}}, {"type": "Feature", "properties": {"osm_id": "way/741157323", "kind": "industrial", "name": "Industrial", "lon": 77.13276216, "lat": 28.77398326, "area_km2": 0.0133}, "geometry": {"type": "Polygon", "coordinates": [[[77.1320396, 28.77427], [77.1335959, 28.7742352], [77.1340882, 28.7735949], [77.1320475, 28.7735462], [77.1320396, 28.77427]]]}}, {"type": "Feature", "properties": {"osm_id": "way/741157324", "kind": "industrial", "name": "Industrial", "lon": 77.13598764166666, "lat": 28.78076324583333, "area_km2": 0.1941}, "geometry": {"type": "Polygon", "coordinates": [[[77.1323875, 28.781429], [77.1330046, 28.7815519], [77.1334043, 28.782105], [77.1339373, 28.7821112], [77.1339583, 28.7818407], [77.1356149, 28.7817986], [77.1356337, 28.7807453], [77.1351478, 28.7807255], [77.1351892, 28.779943], [77.1379772, 28.7800076], [77.1381463, 28.7806511], [77.1386148, 28.78074], [77.1386728, 28.7824461], [77.1409768, 28.7823445], [77.1415805, 28.7794064], [77.1410541, 28.7792625], [77.1402812, 28.7792879], [77.1402909, 28.7791101], [77.1334462, 28.7792384], [77.133451, 28.7803773], [77.1330984, 28.7803942], [77.1331032, 28.7806736], [77.1323449, 28.780699], [77.1323875, 28.781429]]]}}, {"type": "Feature", "properties": {"osm_id": "way/742055079", "kind": "industrial", "name": "Industrial", "lon": 77.12278936666667, "lat": 28.839088683333333, "area_km2": 0.2359}, "geometry": {"type": "Polygon", "coordinates": [[[77.1199766, 28.840789], [77.1199766, 28.8403191], [77.1206418, 28.8403285], [77.1207598, 28.8399337], [77.1211461, 28.8399149], [77.1211461, 28.8386744], [77.1213714, 28.8382797], [77.1273581, 28.8356575], [77.1273366, 28.8368417], [77.126886, 28.8368887], [77.1268967, 28.840648], [77.1199766, 28.840789]]]}}, {"type": "Feature", "properties": {"osm_id": "way/742055797", "kind": "industrial", "name": "Industrial", "lon": 77.08470270370371, "lat": 28.749515562962962, "area_km2": 0.2424}, "geometry": {"type": "Polygon", "coordinates": [[[77.0856901, 28.7520603], [77.0871385, 28.7520509], [77.0871063, 28.7495959], [77.0877393, 28.74953], [77.0877501, 28.7478839], [77.08613, 28.7452595], [77.0848318, 28.7453347], [77.0847138, 28.7469715], [77.0843276, 28.7470091], [77.0842525, 28.7462001], [77.0836462, 28.7461941], [77.0836038, 28.748242], [77.0827756, 28.748391], [77.0828605, 28.7492288], [77.0833135, 28.7492164], [77.0835047, 28.7507368], [77.0828747, 28.7507864], [77.0828747, 28.7513822], [77.0837312, 28.7513884], [77.0838373, 28.7509726], [77.0838161, 28.7505941], [77.0845523, 28.7505754], [77.0845523, 28.7510409], [77.0850124, 28.7510099], [77.0850548, 28.7515994], [77.0855928, 28.7516056], [77.0856901, 28.7520603]]]}}, {"type": "Feature", "properties": {"osm_id": "way/742055798", "kind": "industrial", "name": "Industrial", "lon": 77.08147325555555, "lat": 28.752961755555557, "area_km2": 0.0298}, "geometry": {"type": "Polygon", "coordinates": [[[77.0801276, 28.7538119], [77.0816494, 28.7537561], [77.0815928, 28.7526825], [77.0832208, 28.7526018], [77.0832704, 28.7522605], [77.0823573, 28.7515593], [77.0807646, 28.7528749], [77.0801488, 28.7532969], [77.0801276, 28.7538119]]]}}, {"type": "Feature", "properties": {"osm_id": "way/742055799", "kind": "industrial", "name": "Industrial", "lon": 77.07564422222222, "lat": 28.74842967777778, "area_km2": 0.0882}, "geometry": {"type": "Polygon", "coordinates": [[[77.0737669, 28.7495205], [77.0737315, 28.7473423], [77.076216, 28.7471871], [77.0762372, 28.7474292], [77.0777095, 28.7474292], [77.0778086, 28.7484655], [77.0766478, 28.7494647], [77.0749136, 28.7495081], [77.0737669, 28.7495205]]]}}, {"type": "Feature", "properties": {"osm_id": "way/742055803", "kind": "industrial", "name": "Industrial", "lon": 77.11164325384615, "lat": 28.74789966153846, "area_km2": 0.0974}, "geometry": {"type": "Polygon", "coordinates": [[[77.1106951, 28.7493447], [77.1096055, 28.7455665], [77.1115895, 28.7453526], [77.1118334, 28.7459229], [77.1112968, 28.7463507], [77.1116708, 28.7472489], [77.1123863, 28.7477265], [77.1131181, 28.7478477], [77.1134713, 28.74886], [77.1120245, 28.749407], [77.1121774, 28.7498981], [77.1107985, 28.7498253], [77.1106951, 28.7493447]]]}}, {"type": "Feature", "properties": {"osm_id": "way/751261162", "kind": "industrial", "name": "ISRO Earth Station", "lon": 77.18066016, "lat": 28.60882588, "area_km2": 0.0062}, "geometry": {"type": "Polygon", "coordinates": [[[77.1802653, 28.6090468], [77.1803077, 28.6084434], [77.1812524, 28.6084945], [77.1812101, 28.6090979], [77.1802653, 28.6090468]]]}}, {"type": "Feature", "properties": {"osm_id": "way/764098975", "kind": "hospital", "name": "Walia Nursing Home", "lon": 77.28071454285714, "lat": 28.633057442857144}, "geometry": {"type": "Point", "coordinates": [77.28071454285714, 28.633057442857144]}}, {"type": "Feature", "properties": {"osm_id": "way/764108581", "kind": "hospital", "name": "Garg Hospital", "lon": 77.29491906000001, "lat": 28.653173879999997}, "geometry": {"type": "Point", "coordinates": [77.29491906000001, 28.653173879999997]}}, {"type": "Feature", "properties": {"osm_id": "way/764108591", "kind": "hospital", "name": "Parivar Seva Clinic", "lon": 77.29460642000001, "lat": 28.65214486}, "geometry": {"type": "Point", "coordinates": [77.29460642000001, 28.65214486]}}, {"type": "Feature", "properties": {"osm_id": "way/764108592", "kind": "hospital", "name": "Surya hospital", "lon": 77.28577157999999, "lat": 28.663031339999996}, "geometry": {"type": "Point", "coordinates": [77.28577157999999, 28.663031339999996]}}, {"type": "Feature", "properties": {"osm_id": "way/764108599", "kind": "hospital", "name": "Shri Ram Singh Hospital", "lon": 77.28756352, "lat": 28.66054878}, "geometry": {"type": "Point", "coordinates": [77.28756352, 28.66054878]}}, {"type": "Feature", "properties": {"osm_id": "way/764108613", "kind": "hospital", "name": "MCW Defence Colony", "lon": 77.2340066, "lat": 28.56769006}, "geometry": {"type": "Point", "coordinates": [77.2340066, 28.56769006]}}, {"type": "Feature", "properties": {"osm_id": "way/767656280", "kind": "hospital", "name": "Max Superspeciality Hospital", "lon": 77.30937826428571, "lat": 28.633248664285713}, "geometry": {"type": "Point", "coordinates": [77.30937826428571, 28.633248664285713]}}, {"type": "Feature", "properties": {"osm_id": "way/770265124", "kind": "industrial", "name": "Industrial", "lon": 77.12721546666667, "lat": 28.833885433333332, "area_km2": 0.0293}, "geometry": {"type": "Polygon", "coordinates": [[[77.1262958, 28.8342426], [77.1262797, 28.8331993], [77.1290209, 28.8331523], [77.1286612, 28.8342298], [77.1267394, 28.834246], [77.1262958, 28.8342426]]]}}, {"type": "Feature", "properties": {"osm_id": "way/773679120", "kind": "industrial", "name": "Industrial", "lon": 76.8729603111111, "lat": 28.70523316666667, "area_km2": 0.0655}, "geometry": {"type": "Polygon", "coordinates": [[[76.8711635, 28.7040854], [76.8754953, 28.7040313], [76.8746504, 28.7056945], [76.8734327, 28.7057251], [76.8734434, 28.7060427], [76.8726817, 28.7060568], [76.8726736, 28.7056945], [76.8719387, 28.7056828], [76.8711635, 28.7040854]]]}}, {"type": "Feature", "properties": {"osm_id": "way/773753780", "kind": "school", "name": "Government Coeducational Senior Secondary School", "lon": 77.29247806666666, "lat": 28.622600422222224}, "geometry": {"type": "Point", "coordinates": [77.29247806666666, 28.622600422222224]}}, {"type": "Feature", "properties": {"osm_id": "way/773753781", "kind": "school", "name": "Mayur Public School", "lon": 77.29150597142858, "lat": 28.622718128571428}, "geometry": {"type": "Point", "coordinates": [77.29150597142858, 28.622718128571428]}}, {"type": "Feature", "properties": {"osm_id": "way/777910838", "kind": "school", "name": "Georgi Stoikov Rakovski Sarvodaya Kanya Vidyalaya", "lon": 77.22793970833334, "lat": 28.569416441666664}, "geometry": {"type": "Point", "coordinates": [77.22793970833334, 28.569416441666664]}}, {"type": "Feature", "properties": {"osm_id": "way/782308603", "kind": "school", "name": "Icon International School", "lon": 77.06802576, "lat": 28.595797700000002}, "geometry": {"type": "Point", "coordinates": [77.06802576, 28.595797700000002]}}, {"type": "Feature", "properties": {"osm_id": "way/782378314", "kind": "hospital", "name": "Maharaja Agrasen Hospital", "lon": 77.07841593999999, "lat": 28.59368132}, "geometry": {"type": "Point", "coordinates": [77.07841593999999, 28.59368132]}}, {"type": "Feature", "properties": {"osm_id": "way/782378315", "kind": "school", "name": "Government Co-Ed Secondary School", "lon": 77.08149176666666, "lat": 28.592874416666664}, "geometry": {"type": "Point", "coordinates": [77.08149176666666, 28.592874416666664]}}, {"type": "Feature", "properties": {"osm_id": "way/782383623", "kind": "school", "name": "Government Co-Ed Senior Secondary School", "lon": 77.06902299999999, "lat": 28.59933712}, "geometry": {"type": "Point", "coordinates": [77.06902299999999, 28.59933712]}}, {"type": "Feature", "properties": {"osm_id": "way/782397140", "kind": "school", "name": "MDH International School", "lon": 77.06079236, "lat": 28.592296779999998}, "geometry": {"type": "Point", "coordinates": [77.06079236, 28.592296779999998]}}, {"type": "Feature", "properties": {"osm_id": "way/782404747", "kind": "school", "name": "B.G.S. International Public School", "lon": 77.05685748571429, "lat": 28.599147471428573}, "geometry": {"type": "Point", "coordinates": [77.05685748571429, 28.599147471428573]}}, {"type": "Feature", "properties": {"osm_id": "way/782404748", "kind": "school", "name": "Great Mission Public School", "lon": 77.05761401999999, "lat": 28.599686079999998}, "geometry": {"type": "Point", "coordinates": [77.05761401999999, 28.599686079999998]}}, {"type": "Feature", "properties": {"osm_id": "way/782588780", "kind": "school", "name": "Kendriya Vidyalaya", "lon": 77.05357444, "lat": 28.596287639999996}, "geometry": {"type": "Point", "coordinates": [77.05357444, 28.596287639999996]}}, {"type": "Feature", "properties": {"osm_id": "way/783070191", "kind": "school", "name": "Delhi Public School International", "lon": 77.22458341000001, "lat": 28.5282625}, "geometry": {"type": "Point", "coordinates": [77.22458341000001, 28.5282625]}}, {"type": "Feature", "properties": {"osm_id": "way/785020114", "kind": "school", "name": "Delhi Municipal Corporation Model Boys/Girls School", "lon": 77.29282091111111, "lat": 28.62329511111111}, "geometry": {"type": "Point", "coordinates": [77.29282091111111, 28.62329511111111]}}, {"type": "Feature", "properties": {"osm_id": "way/786587593", "kind": "school", "name": "SAM International School", "lon": 77.03922462, "lat": 28.5904135}, "geometry": {"type": "Point", "coordinates": [77.03922462, 28.5904135]}}, {"type": "Feature", "properties": {"osm_id": "way/789655296", "kind": "school", "name": "School", "lon": 77.08985973333334, "lat": 28.590063333333333}, "geometry": {"type": "Point", "coordinates": [77.08985973333334, 28.590063333333333]}}, {"type": "Feature", "properties": {"osm_id": "way/798088011", "kind": "industrial", "name": "Industrial", "lon": 77.09109674, "lat": 28.52472006, "area_km2": 0.0028}, "geometry": {"type": "Polygon", "coordinates": [[[77.0912698, 28.5249539], [77.0912704, 28.5243696], [77.0908371, 28.5243693], [77.0908366, 28.5249536], [77.0912698, 28.5249539]]]}}, {"type": "Feature", "properties": {"osm_id": "way/798088017", "kind": "industrial", "name": "Industrial", "lon": 77.09290291818182, "lat": 28.52489858181818, "area_km2": 0.0137}, "geometry": {"type": "Polygon", "coordinates": [[[77.0926167, 28.5258788], [77.093475, 28.5251978], [77.0931692, 28.5248113], [77.0931906, 28.5247429], [77.0932738, 28.5246946], [77.0932845, 28.5238557], [77.0925469, 28.5238545], [77.0925737, 28.5242799], [77.0925791, 28.524935], [77.0926059, 28.5257551], [77.0926167, 28.5258788]]]}}, {"type": "Feature", "properties": {"osm_id": "way/798088018", "kind": "industrial", "name": "Industrial", "lon": 77.09201843333332, "lat": 28.525582711111113, "area_km2": 0.011}, "geometry": {"type": "Polygon", "coordinates": [[[77.091961, 28.5263973], [77.0924745, 28.5260202], [77.0924477, 28.5254664], [77.0924155, 28.5250187], [77.0924129, 28.5249434], [77.0912698, 28.5249539], [77.0912676, 28.5255243], [77.0919559, 28.5255229], [77.091961, 28.5263973]]]}}, {"type": "Feature", "properties": {"osm_id": "way/798088019", "kind": "industrial", "name": "Industrial", "lon": 77.09139927142857, "lat": 28.52444127142857, "area_km2": 0.0193}, "geometry": {"type": "Polygon", "coordinates": [[[77.0912698, 28.5249539], [77.0912704, 28.5243696], [77.0905996, 28.5243685], [77.0905784, 28.5237641], [77.092394, 28.5237355], [77.0924129, 28.5249434], [77.0912698, 28.5249539]]]}}, {"type": "Feature", "properties": {"osm_id": "way/798088025", "kind": "industrial", "name": "Industrial", "lon": 77.09316669166667, "lat": 28.525993099999997, "area_km2": 0.0032}, "geometry": {"type": "Polygon", "coordinates": [[[77.0927087, 28.5260109], [77.0932307, 28.5255965], [77.0933462, 28.5256243], [77.0933435, 28.5256785], [77.0933784, 28.5257068], [77.0933918, 28.5261639], [77.0933167, 28.5261757], [77.0933175, 28.5262127], [77.0933194, 28.5262936], [77.0929734, 28.5262959], [77.0929653, 28.5261475], [77.0927087, 28.5260109]]]}}, {"type": "Feature", "properties": {"osm_id": "way/802289924", "kind": "industrial", "name": "Industrial", "lon": 77.31005399, "lat": 28.437363490000003, "area_km2": 0.0308}, "geometry": {"type": "Polygon", "coordinates": [[[77.3095508, 28.4361865], [77.3104407, 28.4360471], [77.3106023, 28.436693], [77.3106297, 28.4370601], [77.3106114, 28.4388985], [77.310072, 28.4388985], [77.3100324, 28.4386413], [77.3094624, 28.4385662], [77.3095874, 28.4364572], [77.3095508, 28.4361865]]]}}, {"type": "Feature", "properties": {"osm_id": "way/802304535", "kind": "industrial", "name": "Industrial", "lon": 77.34179275714287, "lat": 28.65407744285714, "area_km2": 0.029}, "geometry": {"type": "Polygon", "coordinates": [[[77.3419375, 28.6551665], [77.3428822, 28.6540226], [77.3423032, 28.6536543], [77.3417342, 28.6532925], [77.3413497, 28.6530479], [77.340405, 28.6541918], [77.3419375, 28.6551665]]]}}, {"type": "Feature", "properties": {"osm_id": "way/802304536", "kind": "industrial", "name": "Industrial", "lon": 77.33278032222222, "lat": 28.650647277777775, "area_km2": 0.1538}, "geometry": {"type": "Polygon", "coordinates": [[[77.3325322, 28.6534688], [77.3328941, 28.6527009], [77.3357712, 28.64902], [77.3337472, 28.6478213], [77.333006, 28.6487877], [77.3326989, 28.6486033], [77.3317255, 28.6499599], [77.3301156, 28.6519948], [77.3325322, 28.6534688]]]}}, {"type": "Feature", "properties": {"osm_id": "way/802304540", "kind": "industrial", "name": "Industrial", "lon": 77.331115, "lat": 28.647961016666667, "area_km2": 0.0798}, "geometry": {"type": "Polygon", "coordinates": [[[77.3326598, 28.6471773], [77.3314246, 28.6464457], [77.3309073, 28.6463991], [77.3288313, 28.6499117], [77.3302072, 28.650655], [77.3326598, 28.6471773]]]}}, {"type": "Feature", "properties": {"osm_id": "way/802305208", "kind": "industrial", "name": "Industrial", "lon": 77.34903507142857, "lat": 28.661995785714286, "area_km2": 0.0235}, "geometry": {"type": "Polygon", "coordinates": [[[77.3499531, 28.6623974], [77.349266, 28.6632657], [77.3477029, 28.6623135], [77.3487825, 28.6609492], [77.3489902, 28.6610757], [77.3485977, 28.6615716], [77.3499531, 28.6623974]]]}}, {"type": "Feature", "properties": {"osm_id": "way/802305209", "kind": "industrial", "name": "Industrial", "lon": 77.34202531666666, "lat": 28.66644095, "area_km2": 0.0243}, "geometry": {"type": "Polygon", "coordinates": [[[77.342307, 28.6670936], [77.3412889, 28.6667549], [77.3409689, 28.6666838], [77.3420585, 28.6651845], [77.3432216, 28.6658353], [77.342307, 28.6670936]]]}}, {"type": "Feature", "properties": {"osm_id": "way/802305210", "kind": "industrial", "name": "Industrial", "lon": 77.34558758, "lat": 28.665428679999998, "area_km2": 0.0434}, "geometry": {"type": "Polygon", "coordinates": [[[77.3443747, 28.6659695], [77.3460261, 28.6638672], [77.3473043, 28.6646646], [77.3458581, 28.6666726], [77.3443747, 28.6659695]]]}}, {"type": "Feature", "properties": {"osm_id": "way/802305211", "kind": "industrial", "name": "Industrial", "lon": 77.34323822857142, "lat": 28.663240271428574, "area_km2": 0.0134}, "geometry": {"type": "Polygon", "coordinates": [[[77.3423604, 28.6629838], [77.3428351, 28.6623768], [77.3442289, 28.6632158], [77.3437857, 28.6637827], [77.3435643, 28.6636494], [77.3435328, 28.6636896], [77.3423604, 28.6629838]]]}}, {"type": "Feature", "properties": {"osm_id": "way/802305212", "kind": "industrial", "name": "Industrial", "lon": 77.34046854, "lat": 28.65524412, "area_km2": 0.0423}, "geometry": {"type": "Polygon", "coordinates": [[[77.340405, 28.6541918], [77.3390378, 28.6558211], [77.3405574, 28.6568494], [77.3419375, 28.6551665], [77.340405, 28.6541918]]]}}, {"type": "Feature", "properties": {"osm_id": "way/806702816", "kind": "hospital", "name": "Anandam Psychiatry Center", "lon": 77.1416461, "lat": 28.66380056}, "geometry": {"type": "Point", "coordinates": [77.1416461, 28.66380056]}}, {"type": "Feature", "properties": {"osm_id": "way/806826371", "kind": "hospital", "name": "Galaxy Hospital", "lon": 77.29496148, "lat": 28.6529885}, "geometry": {"type": "Point", "coordinates": [77.29496148, 28.6529885]}}, {"type": "Feature", "properties": {"osm_id": "way/806826401", "kind": "hospital", "name": "Gopal Nursing Home", "lon": 77.29147656, "lat": 28.690887800000002}, "geometry": {"type": "Point", "coordinates": [77.29147656, 28.690887800000002]}}, {"type": "Feature", "properties": {"osm_id": "way/806826410", "kind": "hospital", "name": "Makkar Multispeciality Hospital", "lon": 77.2823832, "lat": 28.641069199999997}, "geometry": {"type": "Point", "coordinates": [77.2823832, 28.641069199999997]}}, {"type": "Feature", "properties": {"osm_id": "way/806854615", "kind": "hospital", "name": "Hospital", "lon": 77.14274977142857, "lat": 28.727186585714286}, "geometry": {"type": "Point", "coordinates": [77.14274977142857, 28.727186585714286]}}, {"type": "Feature", "properties": {"osm_id": "way/816782228", "kind": "hospital", "name": "Rajiv Gandhi Super Speciality Hospital", "lon": 77.31606484, "lat": 28.689674150000002}, "geometry": {"type": "Point", "coordinates": [77.31606484, 28.689674150000002]}}, {"type": "Feature", "properties": {"osm_id": "way/816798914", "kind": "hospital", "name": "Delhi State Cancer Institute", "lon": 77.308845575, "lat": 28.6865748}, "geometry": {"type": "Point", "coordinates": [77.308845575, 28.6865748]}}, {"type": "Feature", "properties": {"osm_id": "way/816967277", "kind": "industrial", "name": "Indian Oil Tikri Bottling Plant", "lon": 76.989241725, "lat": 28.68797, "area_km2": 0.2829}, "geometry": {"type": "Polygon", "coordinates": [[[76.9875251, 28.6863406], [76.9942092, 28.6857288], [76.9935547, 28.6907453], [76.9880079, 28.6897571], [76.988083, 28.6886747], [76.9875144, 28.6886653], [76.9875144, 28.6875076], [76.9875251, 28.6863406]]]}}, {"type": "Feature", "properties": {"osm_id": "way/816968754", "kind": "industrial", "name": "Indian Oil Madanpur Khadar Bottling Plant", "lon": 77.30926225454544, "lat": 28.53643670909091, "area_km2": 0.1922}, "geometry": {"type": "Polygon", "coordinates": [[[77.3107867, 28.5387768], [77.3119347, 28.5352611], [77.3102825, 28.5341112], [77.3098426, 28.5341489], [77.3091345, 28.53413], [77.3087804, 28.5340358], [77.3072033, 28.5370331], [77.306345, 28.537297], [77.3063235, 28.537806], [77.3104649, 28.5394271], [77.3107867, 28.5387768]]]}}, {"type": "Feature", "properties": {"osm_id": "way/818074718", "kind": "school", "name": "SDMC Pratibha Vidyalaya (Kanya)", "lon": 77.21374762, "lat": 28.536821959999997}, "geometry": {"type": "Point", "coordinates": [77.21374762, 28.536821959999997]}}, {"type": "Feature", "properties": {"osm_id": "way/818723424", "kind": "school", "name": "SDMC Primary School", "lon": 77.23083539090909, "lat": 28.52428899090909}, "geometry": {"type": "Point", "coordinates": [77.23083539090909, 28.52428899090909]}}, {"type": "Feature", "properties": {"osm_id": "way/819046416", "kind": "school", "name": "Saint Mary's School", "lon": 77.19083041666667, "lat": 28.564149016666665}, "geometry": {"type": "Point", "coordinates": [77.19083041666667, 28.564149016666665]}}, {"type": "Feature", "properties": {"osm_id": "way/819419206", "kind": "school", "name": "The Study School", "lon": 77.24359766, "lat": 28.5572679}, "geometry": {"type": "Point", "coordinates": [77.24359766, 28.5572679]}}, {"type": "Feature", "properties": {"osm_id": "way/819425226", "kind": "school", "name": "Birla Vidya Niketan", "lon": 77.22997727272728, "lat": 28.526604972727274}, "geometry": {"type": "Point", "coordinates": [77.22997727272728, 28.526604972727274]}}, {"type": "Feature", "properties": {"osm_id": "way/821862034", "kind": "school", "name": "Siddharth International Public School", "lon": 77.29387312857143, "lat": 28.7000006}, "geometry": {"type": "Point", "coordinates": [77.29387312857143, 28.7000006]}}, {"type": "Feature", "properties": {"osm_id": "way/825370789", "kind": "school", "name": "Guru Harkrishan Public School", "lon": 77.29940104285716, "lat": 28.648729257142858}, "geometry": {"type": "Point", "coordinates": [77.29940104285716, 28.648729257142858]}}, {"type": "Feature", "properties": {"osm_id": "way/825393427", "kind": "school", "name": "Saint Joseph's Academy", "lon": 77.31724391428573, "lat": 28.661347328571427}, "geometry": {"type": "Point", "coordinates": [77.31724391428573, 28.661347328571427]}}, {"type": "Feature", "properties": {"osm_id": "way/831988816", "kind": "school", "name": "Delhi International School", "lon": 77.10926274285714, "lat": 28.699593}, "geometry": {"type": "Point", "coordinates": [77.10926274285714, 28.699593]}}, {"type": "Feature", "properties": {"osm_id": "way/842726921", "kind": "school", "name": "GLT Saraswati Bal Mandir Senior Secondary School", "lon": 77.2529165, "lat": 28.56867662857143}, "geometry": {"type": "Point", "coordinates": [77.2529165, 28.56867662857143]}}, {"type": "Feature", "properties": {"osm_id": "way/844463490", "kind": "industrial", "name": "Industrial", "lon": 76.91983322580646, "lat": 28.43122066451613, "area_km2": 0.3142}, "geometry": {"type": "Polygon", "coordinates": [[[76.9253522, 28.4346382], [76.9229865, 28.4327984], [76.9167316, 28.4272696], [76.915721, 28.4264908], [76.9148906, 28.4262325], [76.9147521, 28.4267742], [76.9140708, 28.426727], [76.9140201, 28.4259563], [76.913486, 28.4258123], [76.9134647, 28.4278357], [76.9151169, 28.4278309], [76.9151276, 28.4289113], [76.9147414, 28.4290434], [76.9147468, 28.4286141], [76.9134325, 28.4286376], [76.913411, 28.4290764], [76.9140601, 28.4293311], [76.9154173, 28.4301331], [76.9178474, 28.4314304], [76.9218385, 28.4334164], [76.9227666, 28.4338032], [76.9248587, 28.4349118], [76.9260925, 28.4355156], [76.9271198, 28.4359731], [76.9314516, 28.4381383], [76.9315776, 28.4379237], [76.9273692, 28.435742], [76.9257331, 28.434716], [76.9256732, 28.4347464], [76.9256204, 28.4347726], [76.9253522, 28.4346382]]]}}, {"type": "Feature", "properties": {"osm_id": "way/851802581", "kind": "school", "name": "Rukmani Devi Public School", "lon": 77.13837452, "lat": 28.704232280000003}, "geometry": {"type": "Point", "coordinates": [77.13837452, 28.704232280000003]}}, {"type": "Feature", "properties": {"osm_id": "way/851802582", "kind": "school", "name": "Aadhar Shila Public School", "lon": 77.13714512, "lat": 28.7035634}, "geometry": {"type": "Point", "coordinates": [77.13714512, 28.7035634]}}, {"type": "Feature", "properties": {"osm_id": "way/851803154", "kind": "school", "name": "Bal Bharti Public School", "lon": 77.13062249999999, "lat": 28.707573000000004}, "geometry": {"type": "Point", "coordinates": [77.13062249999999, 28.707573000000004]}}, {"type": "Feature", "properties": {"osm_id": "way/852278359", "kind": "school", "name": "Rishabh Public School", "lon": 77.29128754285715, "lat": 28.60433162857143}, "geometry": {"type": "Point", "coordinates": [77.29128754285715, 28.60433162857143]}}, {"type": "Feature", "properties": {"osm_id": "way/859811753", "kind": "industrial", "name": "indus", "lon": 77.07081613333334, "lat": 28.4628889, "area_km2": 0.0403}, "geometry": {"type": "Polygon", "coordinates": [[[77.0692809, 28.4623136], [77.0717413, 28.4642375], [77.0719236, 28.4640635], [77.0721549, 28.4629757], [77.0705152, 28.4614295], [77.0692809, 28.4623136]]]}}, {"type": "Feature", "properties": {"osm_id": "way/876138067", "kind": "school", "name": "Sat Saheb Public School", "lon": 77.0496718625, "lat": 28.6114603125}, "geometry": {"type": "Point", "coordinates": [77.0496718625, 28.6114603125]}}, {"type": "Feature", "properties": {"osm_id": "way/877433333", "kind": "school", "name": "Vagishwari School", "lon": 77.04953162857143, "lat": 28.614925457142856}, "geometry": {"type": "Point", "coordinates": [77.04953162857143, 28.614925457142856]}}, {"type": "Feature", "properties": {"osm_id": "way/906721185", "kind": "industrial", "name": "Sector 6", "lon": 77.31946474615384, "lat": 28.593369284615385, "area_km2": 0.1899}, "geometry": {"type": "Polygon", "coordinates": [[[77.3190627, 28.5909355], [77.3234474, 28.5936016], [77.322741, 28.5943947], [77.3225963, 28.5945116], [77.3209288, 28.5965805], [77.3166455, 28.5939913], [77.3169976, 28.5935279], [77.3175985, 28.5939], [77.318033, 28.5933254], [77.3184514, 28.593575], [77.3192346, 28.5925623], [77.3182422, 28.5919594], [77.3190627, 28.5909355]]]}}, {"type": "Feature", "properties": {"osm_id": "way/906721186", "kind": "industrial", "name": "Sector 6", "lon": 77.31674617777777, "lat": 28.59205027777778, "area_km2": 0.1139}, "geometry": {"type": "Polygon", "coordinates": [[[77.3164997, 28.5939031], [77.3139342, 28.5923523], [77.3161278, 28.5891508], [77.3188965, 28.5908344], [77.3180759, 28.5918323], [77.3171318, 28.5912435], [77.3162895, 28.5923221], [77.3172605, 28.5929109], [77.3164997, 28.5939031]]]}}, {"type": "Feature", "properties": {"osm_id": "way/913754164", "kind": "school", "name": "St. Paul's School", "lon": 77.19970358, "lat": 28.548728779999998}, "geometry": {"type": "Point", "coordinates": [77.19970358, 28.548728779999998]}}, {"type": "Feature", "properties": {"osm_id": "way/915216118", "kind": "industrial", "name": "Industrial", "lon": 77.28823415714285, "lat": 28.457631499999998, "area_km2": 0.0189}, "geometry": {"type": "Polygon", "coordinates": [[[77.2889749, 28.4570606], [77.2889198, 28.4583194], [77.2880928, 28.4582914], [77.2881118, 28.4578566], [77.2872644, 28.4578279], [77.2873005, 28.457004], [77.2889749, 28.4570606]]]}}, {"type": "Feature", "properties": {"osm_id": "way/915216728", "kind": "industrial", "name": "Gurukul Industrial Area", "lon": 77.29776570697675, "lat": 28.478144979069764, "area_km2": 0.2881}, "geometry": {"type": "Polygon", "coordinates": [[[77.3008309, 28.4808237], [77.3008913, 28.4803007], [77.3011048, 28.4784521], [77.3013371, 28.4753267], [77.3012861, 28.4753017], [77.3004295, 28.4748825], [77.2985384, 28.4748852], [77.2984154, 28.4748866], [77.2970455, 28.4749017], [77.2964771, 28.4749392], [77.2965162, 28.4752605], [77.2964868, 28.4757788], [77.2962132, 28.4758448], [77.2961998, 28.4759462], [77.296012, 28.4760405], [77.2961998, 28.476703], [77.2963312, 28.4766677], [77.2964305, 28.4768657], [77.2957827, 28.4771463], [77.295786, 28.4777336], [77.2957867, 28.4778607], [77.296012, 28.4777876], [77.2960053, 28.4779077], [77.2959436, 28.4790053], [77.2963741, 28.4791338], [77.296578, 28.479135], [77.2966222, 28.4792599], [77.2972083, 28.479287], [77.2972472, 28.4794544], [77.296924, 28.4794992], [77.296975, 28.4796831], [77.2968355, 28.4797279], [77.296975, 28.4800273], [77.2973563, 28.479983], [77.297361, 28.480089], [77.2980117, 28.4800683], [77.2986513, 28.4800061], [77.2987694, 28.4804376], [77.2993943, 28.4802796], [77.2994801, 28.4802796], [77.2994533, 28.4808289], [77.3008159, 28.4809822], [77.3008309, 28.4808237]]]}}, {"type": "Feature", "properties": {"osm_id": "way/919770588", "kind": "industrial", "name": "Industrial", "lon": 76.84445716428571, "lat": 28.734980492857144, "area_km2": 0.145}, "geometry": {"type": "Polygon", "coordinates": [[[76.8432176, 28.7367367], [76.8407392, 28.7331242], [76.8431908, 28.7323386], [76.8434268, 28.7328278], [76.8450093, 28.7340791], [76.8459105, 28.7334017], [76.8466133, 28.7341731], [76.8453312, 28.7354102], [76.8462163, 28.7359982], [76.8452829, 28.7364356], [76.8450898, 28.7361111], [76.8446714, 28.7363063], [76.8444836, 28.7360476], [76.8432176, 28.7367367]]]}}, {"type": "Feature", "properties": {"osm_id": "way/919770591", "kind": "industrial", "name": "Industrial", "lon": 76.85608032857144, "lat": 28.844077942857144, "area_km2": 0.0165}, "geometry": {"type": "Polygon", "coordinates": [[[76.8558401, 28.8452634], [76.8565884, 28.8453104], [76.8565589, 28.8434285], [76.8559688, 28.8431794], [76.8559581, 28.8430526], [76.8558079, 28.8430479], [76.8558401, 28.8452634]]]}}, {"type": "Feature", "properties": {"osm_id": "way/919770592", "kind": "industrial", "name": "Industrial", "lon": 76.85772905, "lat": 28.8475963625, "area_km2": 0.0741}, "geometry": {"type": "Polygon", "coordinates": [[[76.8557945, 28.8485643], [76.855765, 28.8463559], [76.8594933, 28.8463089], [76.8592358, 28.8471218], [76.8586403, 28.8471312], [76.8586618, 28.8482307], [76.8584472, 28.8484938], [76.8557945, 28.8485643]]]}}, {"type": "Feature", "properties": {"osm_id": "way/919770593", "kind": "industrial", "name": "Industrial", "lon": 76.8540338, "lat": 28.8407534, "area_km2": 0.0882}, "geometry": {"type": "Polygon", "coordinates": [[[76.8515432, 28.8409145], [76.8530291, 28.8414831], [76.8570363, 28.8414361], [76.8570524, 28.8408065], [76.8564731, 28.839829], [76.8515593, 28.8398901], [76.8515432, 28.8409145]]]}}, {"type": "Feature", "properties": {"osm_id": "way/919824626", "kind": "industrial", "name": "Industrial", "lon": 76.89354054, "lat": 28.7262309, "area_km2": 0.0111}, "geometry": {"type": "Polygon", "coordinates": [[[76.8931919, 28.7267516], [76.8943951, 28.7262194], [76.893975, 28.725489], [76.8929488, 28.7259429], [76.8931919, 28.7267516]]]}}, {"type": "Feature", "properties": {"osm_id": "way/919824627", "kind": "industrial", "name": "Hindustan petroleum corporation limited", "lon": 76.8578363125, "lat": 28.7282877, "area_km2": 0.0117}, "geometry": {"type": "Polygon", "coordinates": [[[76.8573501, 28.7287732], [76.8573417, 28.7282177], [76.8573337, 28.7276887], [76.858015, 28.7276699], [76.858023, 28.7282155], [76.8586257, 28.7282061], [76.8586512, 28.7287573], [76.8573501, 28.7287732]]]}}, {"type": "Feature", "properties": {"osm_id": "way/919824629", "kind": "industrial", "name": "Industrial", "lon": 76.83940734666666, "lat": 28.74268782, "area_km2": 0.0937}, "geometry": {"type": "Polygon", "coordinates": [[[76.8383306, 28.743155], [76.838336, 28.7440931], [76.8416941, 28.7442106], [76.8415868, 28.7438344], [76.8412355, 28.7432958], [76.8408197, 28.7427479], [76.8405783, 28.7423716], [76.8404415, 28.74208], [76.8395376, 28.7404385], [76.8383073, 28.7404478], [76.8383156, 28.7415292], [76.8383261, 28.7428976], [76.8376343, 28.7429017], [76.8376362, 28.7431591], [76.8383306, 28.743155]]]}}, {"type": "Feature", "properties": {"osm_id": "way/919824633", "kind": "industrial", "name": "Industrial", "lon": 76.84092289333333, "lat": 28.739258913333334, "area_km2": 0.0373}, "geometry": {"type": "Polygon", "coordinates": [[[76.8390414, 28.7387939], [76.8390307, 28.7382673], [76.8417034, 28.7382257], [76.8417142, 28.7387599], [76.8423762, 28.7387496], [76.842396, 28.7397309], [76.8416948, 28.7397418], [76.8417069, 28.7403417], [76.8412217, 28.7403493], [76.8412118, 28.7398597], [76.8410278, 28.7398626], [76.8410166, 28.7393114], [76.8403358, 28.739322], [76.8403247, 28.738774], [76.8390414, 28.7387939]]]}}, {"type": "Feature", "properties": {"osm_id": "way/928774739", "kind": "school", "name": "Mayur School", "lon": 77.33679772307693, "lat": 28.543177530769228}, "geometry": {"type": "Point", "coordinates": [77.33679772307693, 28.543177530769228]}}, {"type": "Feature", "properties": {"osm_id": "way/946030918", "kind": "school", "name": "Gyanshree School", "lon": 77.3495325, "lat": 28.53570208}, "geometry": {"type": "Point", "coordinates": [77.3495325, 28.53570208]}}, {"type": "Feature", "properties": {"osm_id": "way/948264867", "kind": "school", "name": "School", "lon": 77.30842307142858, "lat": 28.657769185714283}, "geometry": {"type": "Point", "coordinates": [77.30842307142858, 28.657769185714283]}}, {"type": "Feature", "properties": {"osm_id": "way/949757088", "kind": "school", "name": "Sai Bhavan School", "lon": 77.26778008000001, "lat": 28.652172940000003}, "geometry": {"type": "Point", "coordinates": [77.26778008000001, 28.652172940000003]}}, {"type": "Feature", "properties": {"osm_id": "way/952454481", "kind": "school", "name": "School", "lon": 77.04264434285714, "lat": 28.608056585714287}, "geometry": {"type": "Point", "coordinates": [77.04264434285714, 28.608056585714287]}}, {"type": "Feature", "properties": {"osm_id": "way/952454487", "kind": "school", "name": "MRV School", "lon": 77.0375341, "lat": 28.602319050000002}, "geometry": {"type": "Point", "coordinates": [77.0375341, 28.602319050000002]}}, {"type": "Feature", "properties": {"osm_id": "way/956222947", "kind": "school", "name": "Cambridge School Ground", "lon": 77.11305281, "lat": 28.639383249999998}, "geometry": {"type": "Point", "coordinates": [77.11305281, 28.639383249999998]}}, {"type": "Feature", "properties": {"osm_id": "way/956235451", "kind": "school", "name": "laal kila school ground", "lon": 77.113994025, "lat": 28.6348112}, "geometry": {"type": "Point", "coordinates": [77.113994025, 28.6348112]}}, {"type": "Feature", "properties": {"osm_id": "way/962448479", "kind": "industrial", "name": "Industrial", "lon": 76.92621733636364, "lat": 28.433479863636364, "area_km2": 0.1204}, "geometry": {"type": "Polygon", "coordinates": [[[76.9248319, 28.4317748], [76.9264036, 28.4318031], [76.9263983, 28.4323361], [76.9269025, 28.432355], [76.9269133, 28.4334824], [76.9280451, 28.4327041], [76.9281256, 28.4344259], [76.9287693, 28.4344165], [76.9287854, 28.4355439], [76.9283831, 28.4355722], [76.9283616, 28.4361288], [76.9275409, 28.4357279], [76.9269079, 28.4353363], [76.9254434, 28.4344353], [76.924687, 28.43394], [76.9227934, 28.4323125], [76.923598, 28.4320295], [76.924231, 28.4330107], [76.9250464, 28.4327513], [76.9249392, 28.4323503], [76.9248426, 28.4323456], [76.9248319, 28.4317748]]]}}, {"type": "Feature", "properties": {"osm_id": "way/963984931", "kind": "school", "name": "School", "lon": 77.18374048000001, "lat": 28.641667860000002}, "geometry": {"type": "Point", "coordinates": [77.18374048000001, 28.641667860000002]}}, {"type": "Feature", "properties": {"osm_id": "way/970800871", "kind": "industrial", "name": "Transformer", "lon": 77.1846185, "lat": 28.68809842, "area_km2": 0.0002}, "geometry": {"type": "Polygon", "coordinates": [[[77.184596, 28.688173], [77.1847223, 28.6881325], [77.1846484, 28.6879838], [77.1845298, 28.6880298], [77.184596, 28.688173]]]}}, {"type": "Feature", "properties": {"osm_id": "way/970832647", "kind": "school", "name": "Kulachi Hansraj Model School (Primary Wing)", "lon": 77.16826482, "lat": 28.69031752}, "geometry": {"type": "Point", "coordinates": [77.16826482, 28.69031752]}}, {"type": "Feature", "properties": {"osm_id": "way/970834702", "kind": "school", "name": "Maharaja Agarsen Public School", "lon": 77.17124229999999, "lat": 28.68239626}, "geometry": {"type": "Point", "coordinates": [77.17124229999999, 28.68239626]}}, {"type": "Feature", "properties": {"osm_id": "way/971113905", "kind": "school", "name": "Nigam Pratibha Coed School", "lon": 77.19883558000001, "lat": 28.68211506}, "geometry": {"type": "Point", "coordinates": [77.19883558000001, 28.68211506]}}, {"type": "Feature", "properties": {"osm_id": "way/971421003", "kind": "industrial", "name": "Industrial", "lon": 77.26466290571429, "lat": 28.83388530857143, "area_km2": 0.0691}, "geometry": {"type": "Polygon", "coordinates": [[[77.2630726, 28.8339079], [77.2629181, 28.8337439], [77.2628506, 28.83366], [77.2627809, 28.8335437], [77.2629486, 28.8334674], [77.2630705, 28.8334331], [77.2631445, 28.8334178], [77.2632947, 28.8334025], [77.2633273, 28.8334025], [77.2636713, 28.8334464], [77.2637344, 28.8334579], [77.264566, 28.8336428], [77.2657328, 28.8338202], [77.2653801, 28.8327351], [77.2666275, 28.8327961], [77.266634, 28.8326226], [77.266068, 28.8326016], [77.2660789, 28.8323937], [77.2668495, 28.8322641], [77.2668735, 28.832163], [77.2670346, 28.8321725], [77.2666928, 28.8333263], [77.2659483, 28.8357081], [77.265809, 28.8356795], [77.2656762, 28.8356299], [77.2655739, 28.8356128], [77.2656, 28.8354964], [77.2649012, 28.8352924], [77.2644047, 28.835009], [77.2642028, 28.8352935], [77.2640289, 28.8351042], [77.2637714, 28.8348538], [77.2635102, 28.8345792], [77.2633513, 28.834398], [77.2630726, 28.8339079]]]}}, {"type": "Feature", "properties": {"osm_id": "way/971502566", "kind": "industrial", "name": "Birla Mill Textiles", "lon": 77.19945117142856, "lat": 28.678679285714285, "area_km2": 0.0413}, "geometry": {"type": "Polygon", "coordinates": [[[77.1997973, 28.6797085], [77.1985289, 28.6789239], [77.1986508, 28.6787955], [77.1984151, 28.6786029], [77.1997567, 28.6770905], [77.2012121, 28.6779252], [77.1997973, 28.6797085]]]}}, {"type": "Feature", "properties": {"osm_id": "way/979783602", "kind": "school", "name": "D.A.V PUBLIC SCHOOL", "lon": 77.28999982, "lat": 28.644274180000004}, "geometry": {"type": "Point", "coordinates": [77.28999982, 28.644274180000004]}}, {"type": "Feature", "properties": {"osm_id": "way/983528878", "kind": "school", "name": "Bal Mandir Sr. Sec. School", "lon": 77.29252222, "lat": 28.641802039999998}, "geometry": {"type": "Point", "coordinates": [77.29252222, 28.641802039999998]}}, {"type": "Feature", "properties": {"osm_id": "way/983528880", "kind": "school", "name": "SNEH International School", "lon": 77.29503580000001, "lat": 28.643635879999998}, "geometry": {"type": "Point", "coordinates": [77.29503580000001, 28.643635879999998]}}, {"type": "Feature", "properties": {"osm_id": "way/989819115", "kind": "industrial", "name": "Industrial", "lon": 77.25658663333333, "lat": 28.867014357142857, "area_km2": 0.0221}, "geometry": {"type": "Polygon", "coordinates": [[[77.256377, 28.8677214], [77.257002, 28.8672727], [77.2571468, 28.867369], [77.257399, 28.8676603], [77.2580829, 28.8672046], [77.2578818, 28.866965], [77.257745, 28.8670449], [77.2574016, 28.8665258], [77.2571817, 28.8665775], [77.256715, 28.8668358], [77.2565889, 28.8666056], [77.2562295, 28.8662298], [77.2558621, 28.8663614], [77.2557923, 28.8664483], [77.2555295, 28.8665822], [77.2555107, 28.8669674], [77.2557011, 28.8672375], [77.2557548, 28.8672845], [77.2558996, 28.8671929], [77.256141, 28.8674935], [77.256377, 28.8677214]]]}}, {"type": "Feature", "properties": {"osm_id": "way/989819116", "kind": "industrial", "name": "Industrial", "lon": 77.25594318333334, "lat": 28.859536483333333, "area_km2": 0.0118}, "geometry": {"type": "Polygon", "coordinates": [[[77.2568986, 28.8594939], [77.2549206, 28.8600968], [77.254737, 28.8596349], [77.2551057, 28.8594482], [77.2570986, 28.8590512], [77.2568986, 28.8594939]]]}}, {"type": "Feature", "properties": {"osm_id": "way/989819120", "kind": "industrial", "name": "Industrial", "lon": 77.26406411111111, "lat": 28.844743400000002, "area_km2": 0.0041}, "geometry": {"type": "Polygon", "coordinates": [[[77.2635882, 28.8450367], [77.2641474, 28.84479], [77.2642238, 28.8448969], [77.2648555, 28.8445868], [77.2646718, 28.8443224], [77.264075, 28.8446608], [77.2639865, 28.8445421], [77.2634406, 28.8448182], [77.2635882, 28.8450367]]]}}, {"type": "Feature", "properties": {"osm_id": "way/989819121", "kind": "industrial", "name": "Industrial", "lon": 77.267473025, "lat": 28.8366309875, "area_km2": 0.0229}, "geometry": {"type": "Polygon", "coordinates": [[[77.267299, 28.8374231], [77.2688413, 28.8369555], [77.2681788, 28.835581], [77.2669128, 28.8360909], [77.266953, 28.8362154], [77.2671783, 28.8366689], [77.267122, 28.83669], [77.267299, 28.8374231]]]}}, {"type": "Feature", "properties": {"osm_id": "way/989819140", "kind": "industrial", "name": "Industrial", "lon": 77.2407069, "lat": 28.6906035375, "area_km2": 0.0578}, "geometry": {"type": "Polygon", "coordinates": [[[77.2398519, 28.6917782], [77.2394282, 28.6911006], [77.2386932, 28.6904653], [77.2415203, 28.6889783], [77.2420943, 28.6894818], [77.2424108, 28.6904418], [77.2418046, 28.6908041], [77.2398519, 28.6917782]]]}}, {"type": "Feature", "properties": {"osm_id": "way/989825519", "kind": "industrial", "name": "Industrial", "lon": 77.2876147125, "lat": 28.7862643, "area_km2": 0.0275}, "geometry": {"type": "Polygon", "coordinates": [[[77.2877079, 28.7854536], [77.2879654, 28.7857075], [77.2882283, 28.7859214], [77.2876677, 28.7863539], [77.2887164, 28.7874], [77.2868496, 28.7872895], [77.2860745, 28.7865349], [77.2877079, 28.7854536]]]}}, {"type": "Feature", "properties": {"osm_id": "way/989825520", "kind": "industrial", "name": "Industrial", "lon": 77.29149282307692, "lat": 28.785760176923077, "area_km2": 0.2892}, "geometry": {"type": "Polygon", "coordinates": [[[77.2917125, 28.7824704], [77.2942833, 28.7850485], [77.2956526, 28.7865467], [77.2943571, 28.7875598], [77.2925869, 28.7888598], [77.2922221, 28.788479], [77.2896981, 28.7883685], [77.2893548, 28.7873694], [77.2886923, 28.7856698], [77.2881263, 28.7851973], [77.2905886, 28.7835189], [77.2904196, 28.7833238], [77.2917125, 28.7824704]]]}}, {"type": "Feature", "properties": {"osm_id": "way/992790900", "kind": "industrial", "name": "Industrial", "lon": 77.00088114545454, "lat": 28.623867854545452, "area_km2": 0.2881}, "geometry": {"type": "Polygon", "coordinates": [[[76.9983888, 28.6210787], [77.0051265, 28.621034], [77.0051841, 28.6240924], [77.0031577, 28.6251095], [77.0011246, 28.6251848], [77.0010978, 28.6263196], [76.999923, 28.6262961], [76.9996118, 28.6255333], [76.9991076, 28.6242996], [76.9985819, 28.6225197], [76.9983888, 28.6210787]]]}}, {"type": "Feature", "properties": {"osm_id": "way/992790901", "kind": "industrial", "name": "Industrial", "lon": 76.99438093333333, "lat": 28.621669999999998, "area_km2": 0.1874}, "geometry": {"type": "Polygon", "coordinates": [[[76.991415, 28.6215732], [76.9917744, 28.6220629], [76.9921634, 28.6220464], [76.9926542, 28.6230753], [76.9938529, 28.6242258], [76.9980472, 28.6240859], [76.997273, 28.6214037], [76.9962269, 28.6214178], [76.9962162, 28.620217], [76.9957066, 28.6202358], [76.9957012, 28.621187], [76.9948965, 28.6212012], [76.9948965, 28.6203441], [76.993475, 28.6204007], [76.991415, 28.6215732]]]}}, {"type": "Feature", "properties": {"osm_id": "way/998316508", "kind": "school", "name": "Gargi Sarvodaya Kanya Vidyalaya", "lon": 77.20142091111111, "lat": 28.56034278888889}, "geometry": {"type": "Point", "coordinates": [77.20142091111111, 28.56034278888889]}}, {"type": "Feature", "properties": {"osm_id": "way/999345675", "kind": "school", "name": "East Delhi Municipal Corporation Primary School", "lon": 77.31398180000001, "lat": 28.619855266666665}, "geometry": {"type": "Point", "coordinates": [77.31398180000001, 28.619855266666665]}}, {"type": "Feature", "properties": {"osm_id": "way/1000909099", "kind": "school", "name": "School", "lon": 77.313069, "lat": 28.6206493}, "geometry": {"type": "Point", "coordinates": [77.313069, 28.6206493]}}, {"type": "Feature", "properties": {"osm_id": "way/1003041200", "kind": "industrial", "name": "Industrial", "lon": 77.2504959, "lat": 28.623306609999997, "area_km2": 0.0546}, "geometry": {"type": "Polygon", "coordinates": [[[77.2495347, 28.6255568], [77.2498941, 28.6242572], [77.2504306, 28.6230941], [77.2501945, 28.6228257], [77.249819, 28.6226421], [77.2494784, 28.621891], [77.2494275, 28.6215426], [77.2500497, 28.6215261], [77.2505727, 28.6215167], [77.2516256, 28.6215661], [77.2515115, 28.6219723], [77.2513519, 28.6222736], [77.250967, 28.6225903], [77.2512245, 28.6231], [77.2510556, 28.6241583], [77.2509187, 28.6243655], [77.2508814, 28.6248706], [77.2507954, 28.6252366], [77.2506505, 28.6255898], [77.2495347, 28.6255568]]]}}, {"type": "Feature", "properties": {"osm_id": "way/1003651272", "kind": "industrial", "name": "Cluster Bus Depot (Bawana Sector - 1, Delhi)", "lon": 77.0406871375, "lat": 28.795566587499998, "area_km2": 0.0144}, "geometry": {"type": "Polygon", "coordinates": [[[77.0399249, 28.7958081], [77.040309, 28.7960648], [77.0407287, 28.7963527], [77.0415023, 28.7956618], [77.0411665, 28.7951518], [77.0410923, 28.7950304], [77.0408485, 28.794655], [77.0399249, 28.7958081]]]}}, {"type": "Feature", "properties": {"osm_id": "way/1007606947", "kind": "industrial", "name": "TajSATS Catering", "lon": 77.1087766, "lat": 28.54772645, "area_km2": 0.0143}, "geometry": {"type": "Polygon", "coordinates": [[[77.1092965, 28.5482103], [77.108307, 28.5484294], [77.107935, 28.5471332], [77.1087464, 28.5469536], [77.1090782, 28.5474219], [77.1092965, 28.5482103]]]}}, {"type": "Feature", "properties": {"osm_id": "way/1007606949", "kind": "industrial", "name": "Industrial", "lon": 77.126482275, "lat": 28.5551864875, "area_km2": 0.0154}, "geometry": {"type": "Polygon", "coordinates": [[[77.1275408, 28.5555614], [77.1273327, 28.5548045], [77.1270694, 28.5548674], [77.1270151, 28.554692], [77.1250746, 28.5551555], [77.1251398, 28.5553818], [77.125145, 28.5554679], [77.1275408, 28.5555614]]]}}, {"type": "Feature", "properties": {"osm_id": "way/1015229029", "kind": "school", "name": "Ahlcon Public School", "lon": 77.29112094444444, "lat": 28.608057499999997}, "geometry": {"type": "Point", "coordinates": [77.29112094444444, 28.608057499999997]}}, {"type": "Feature", "properties": {"osm_id": "way/1028285649", "kind": "school", "name": "GD Goenka Public School", "lon": 77.06025208333334, "lat": 28.720219816666667}, "geometry": {"type": "Point", "coordinates": [77.06025208333334, 28.720219816666667]}}, {"type": "Feature", "properties": {"osm_id": "way/1075740885", "kind": "school", "name": "N. K. Bagrodia Public School", "lon": 77.12469584, "lat": 28.71278134}, "geometry": {"type": "Point", "coordinates": [77.12469584, 28.71278134]}}, {"type": "Feature", "properties": {"osm_id": "way/1076533928", "kind": "school", "name": "Primary School", "lon": 76.87728434, "lat": 28.61779034}, "geometry": {"type": "Point", "coordinates": [76.87728434, 28.61779034]}}, {"type": "Feature", "properties": {"osm_id": "way/1076539969", "kind": "school", "name": "Govt. Sr. Sec. School Luksar", "lon": 76.8672953777778, "lat": 28.624678044444448}, "geometry": {"type": "Point", "coordinates": [76.8672953777778, 28.624678044444448]}}, {"type": "Feature", "properties": {"osm_id": "way/1076561233", "kind": "school", "name": "KMS Primary", "lon": 76.98544142, "lat": 28.60614922}, "geometry": {"type": "Point", "coordinates": [76.98544142, 28.60614922]}}, {"type": "Feature", "properties": {"osm_id": "way/1076561234", "kind": "school", "name": "KMS Nursery", "lon": 76.98517178, "lat": 28.60650374}, "geometry": {"type": "Point", "coordinates": [76.98517178, 28.60650374]}}, {"type": "Feature", "properties": {"osm_id": "way/1076561235", "kind": "school", "name": "KMS Secondary", "lon": 76.98513928, "lat": 28.606138859999998}, "geometry": {"type": "Point", "coordinates": [76.98513928, 28.606138859999998]}}, {"type": "Feature", "properties": {"osm_id": "way/1076800987", "kind": "school", "name": "MCD primary Khaira", "lon": 76.96783028, "lat": 28.5992113}, "geometry": {"type": "Point", "coordinates": [76.96783028, 28.5992113]}}, {"type": "Feature", "properties": {"osm_id": "way/1076800989", "kind": "school", "name": "Shri Krishna", "lon": 76.98088642857144, "lat": 28.598625057142858}, "geometry": {"type": "Point", "coordinates": [76.98088642857144, 28.598625057142858]}}, {"type": "Feature", "properties": {"osm_id": "way/1076800990", "kind": "school", "name": "Rao Mohar", "lon": 76.98167996, "lat": 28.59842156}, "geometry": {"type": "Point", "coordinates": [76.98167996, 28.59842156]}}, {"type": "Feature", "properties": {"osm_id": "way/1076800991", "kind": "school", "name": "Rao Maan", "lon": 76.98161032, "lat": 28.59798558}, "geometry": {"type": "Point", "coordinates": [76.98161032, 28.59798558]}}, {"type": "Feature", "properties": {"osm_id": "way/1076800994", "kind": "school", "name": "Nav Uday", "lon": 76.976168075, "lat": 28.600826225}, "geometry": {"type": "Point", "coordinates": [76.976168075, 28.600826225]}}, {"type": "Feature", "properties": {"osm_id": "way/1076800995", "kind": "school", "name": "Govt. Boys Khaira", "lon": 76.97554313636364, "lat": 28.600527554545454}, "geometry": {"type": "Point", "coordinates": [76.97554313636364, 28.600527554545454]}}, {"type": "Feature", "properties": {"osm_id": "way/1076871973", "kind": "school", "name": "Springdales School", "lon": 77.1655328125, "lat": 28.5859574875}, "geometry": {"type": "Point", "coordinates": [77.1655328125, 28.5859574875]}}, {"type": "Feature", "properties": {"osm_id": "way/1083840655", "kind": "school", "name": "The Baptist Convent Senior Secondary School", "lon": 77.30419543333333, "lat": 28.630259}, "geometry": {"type": "Point", "coordinates": [77.30419543333333, 28.630259]}}, {"type": "Feature", "properties": {"osm_id": "way/1085815543", "kind": "school", "name": "School", "lon": 77.29475251428572, "lat": 28.60320795714286}, "geometry": {"type": "Point", "coordinates": [77.29475251428572, 28.60320795714286]}}, {"type": "Feature", "properties": {"osm_id": "way/1085815544", "kind": "school", "name": "Shaheed Captain Hanifuddin Sarvodaya Kanya/Bal Vidyalaya", "lon": 77.294406825, "lat": 28.6029877125}, "geometry": {"type": "Point", "coordinates": [77.294406825, 28.6029877125]}}, {"type": "Feature", "properties": {"osm_id": "way/1090260743", "kind": "industrial", "name": "Industrial", "lon": 77.14173431176471, "lat": 28.486328982352944, "area_km2": 0.7199}, "geometry": {"type": "Polygon", "coordinates": [[[77.1365518, 28.4847883], [77.1350688, 28.485676], [77.1350902, 28.4868878], [77.1347845, 28.4872084], [77.1422088, 28.4908482], [77.1454436, 28.4920411], [77.1454436, 28.4917818], [77.1454005, 28.4878667], [77.145119, 28.4869373], [77.145119, 28.48652], [77.1450922, 28.4862536], [77.1448703, 28.485775], [77.144594, 28.4838821], [77.1440372, 28.4825072], [77.1438741, 28.4812209], [77.1402339, 28.48261], [77.1365518, 28.4847883]]]}}, {"type": "Feature", "properties": {"osm_id": "way/1094967419", "kind": "school", "name": "GGSSS School Playground", "lon": 77.2711311, "lat": 28.63652062}, "geometry": {"type": "Point", "coordinates": [77.2711311, 28.63652062]}}, {"type": "Feature", "properties": {"osm_id": "way/1096874054", "kind": "school", "name": "School Of Specialized Excellence, Delhi Government School", "lon": 77.0808039, "lat": 28.722786980000002}, "geometry": {"type": "Point", "coordinates": [77.0808039, 28.722786980000002]}}, {"type": "Feature", "properties": {"osm_id": "way/1097656462", "kind": "hospital", "name": "HOD Green Park - House Of Diagnostics", "lon": 77.20746292, "lat": 28.560494440000003}, "geometry": {"type": "Point", "coordinates": [77.20746292, 28.560494440000003]}}, {"type": "Feature", "properties": {"osm_id": "way/1111954280", "kind": "hospital", "name": "Sanjeevni Hospital", "lon": 77.2952052, "lat": 28.544245160000003}, "geometry": {"type": "Point", "coordinates": [77.2952052, 28.544245160000003]}}, {"type": "Feature", "properties": {"osm_id": "way/1128182482", "kind": "hospital", "name": "SITE BOUNDARY", "lon": 77.06727826, "lat": 28.57682472}, "geometry": {"type": "Point", "coordinates": [77.06727826, 28.57682472]}}, {"type": "Feature", "properties": {"osm_id": "way/1133443453", "kind": "school", "name": "School", "lon": 77.17230198888889, "lat": 28.72456917777778}, "geometry": {"type": "Point", "coordinates": [77.17230198888889, 28.72456917777778]}}, {"type": "Feature", "properties": {"osm_id": "way/1133780556", "kind": "school", "name": "Navjeevan Model School", "lon": 77.16903391666666, "lat": 28.723141666666667}, "geometry": {"type": "Point", "coordinates": [77.16903391666666, 28.723141666666667]}}, {"type": "Feature", "properties": {"osm_id": "way/1136686168", "kind": "school", "name": "School", "lon": 77.17550065, "lat": 28.731838666666665}, "geometry": {"type": "Point", "coordinates": [77.17550065, 28.731838666666665]}}, {"type": "Feature", "properties": {"osm_id": "way/1136686171", "kind": "school", "name": "School", "lon": 77.17630905, "lat": 28.7322288875}, "geometry": {"type": "Point", "coordinates": [77.17630905, 28.7322288875]}}, {"type": "Feature", "properties": {"osm_id": "way/1137301504", "kind": "school", "name": "Supaksha early learning habitat", "lon": 77.14902408571429, "lat": 28.5295731}, "geometry": {"type": "Point", "coordinates": [77.14902408571429, 28.5295731]}}, {"type": "Feature", "properties": {"osm_id": "way/1137796415", "kind": "school", "name": "School", "lon": 77.1708416, "lat": 28.729114166666665}, "geometry": {"type": "Point", "coordinates": [77.1708416, 28.729114166666665]}}, {"type": "Feature", "properties": {"osm_id": "way/1138670570", "kind": "industrial", "name": "Industrial", "lon": 77.17182571666667, "lat": 28.72927, "area_km2": 0.0038}, "geometry": {"type": "Polygon", "coordinates": [[[77.1722191, 28.7291721], [77.171768, 28.728915], [77.1715773, 28.7291723], [77.1713598, 28.7294657], [77.171811, 28.7297228], [77.1722191, 28.7291721]]]}}, {"type": "Feature", "properties": {"osm_id": "way/1143855202", "kind": "school", "name": "School", "lon": 77.1666439, "lat": 28.726557239999998}, "geometry": {"type": "Point", "coordinates": [77.1666439, 28.726557239999998]}}, {"type": "Feature", "properties": {"osm_id": "way/1143855214", "kind": "school", "name": "School", "lon": 77.16786997692307, "lat": 28.7264149}, "geometry": {"type": "Point", "coordinates": [77.16786997692307, 28.7264149]}}, {"type": "Feature", "properties": {"osm_id": "way/1143855218", "kind": "school", "name": "School", "lon": 77.1685933, "lat": 28.725616459999998}, "geometry": {"type": "Point", "coordinates": [77.1685933, 28.725616459999998]}}, {"type": "Feature", "properties": {"osm_id": "way/1144702727", "kind": "industrial", "name": "Industrial", "lon": 76.85429662222222, "lat": 28.72530836666667, "area_km2": 0.0288}, "geometry": {"type": "Polygon", "coordinates": [[[76.854338, 28.7264774], [76.8539223, 28.7254636], [76.8536755, 28.7253413], [76.8532652, 28.7246921], [76.8541101, 28.7242334], [76.8542549, 28.7246145], [76.8552232, 28.7247039], [76.8555424, 28.7257717], [76.854338, 28.7264774]]]}}, {"type": "Feature", "properties": {"osm_id": "way/1148195515", "kind": "hospital", "name": "Munshi Shiv Charan Sadar Lions Hospital", "lon": 77.16713018, "lat": 28.72862172}, "geometry": {"type": "Point", "coordinates": [77.16713018, 28.72862172]}}, {"type": "Feature", "properties": {"osm_id": "way/1149207609", "kind": "industrial", "name": "Industrial", "lon": 77.14337722413792, "lat": 28.809184251724137, "area_km2": 0.5798}, "geometry": {"type": "Polygon", "coordinates": [[[77.1426653, 28.815951], [77.1471975, 28.8158891], [77.1471128, 28.8111324], [77.1464281, 28.8111324], [77.1463963, 28.8090323], [77.1456833, 28.8090323], [77.1457009, 28.806193], [77.1464528, 28.8061868], [77.1464598, 28.8046898], [77.1442784, 28.8038052], [77.144289, 28.8045785], [77.1435442, 28.8045908], [77.1435548, 28.805129], [77.1429724, 28.8051569], [77.1429724, 28.8057074], [77.1420758, 28.8057012], [77.140498, 28.8073529], [77.1408722, 28.80739], [77.1408934, 28.8089241], [77.1392414, 28.8089488], [77.1392908, 28.8099633], [77.141677, 28.8099509], [77.1417123, 28.8112932], [77.1423547, 28.8112932], [77.1423829, 28.8120293], [77.1425982, 28.8120262], [77.1426053, 28.8136654], [77.1433642, 28.8136469], [77.1426653, 28.815951]]]}}, {"type": "Feature", "properties": {"osm_id": "way/1149207620", "kind": "hospital", "name": "Sant Nirankari Health City (SNHC)", "lon": 77.20220649285714, "lat": 28.72371592142857}, "geometry": {"type": "Point", "coordinates": [77.20220649285714, 28.72371592142857]}}, {"type": "Feature", "properties": {"osm_id": "way/1149873753", "kind": "school", "name": "School", "lon": 77.16712737142858, "lat": 28.730323771428573}, "geometry": {"type": "Point", "coordinates": [77.16712737142858, 28.730323771428573]}}, {"type": "Feature", "properties": {"osm_id": "way/1151947494", "kind": "school", "name": "St. Mary's Senior Secondary School", "lon": 77.07936122, "lat": 28.666082319999997}, "geometry": {"type": "Point", "coordinates": [77.07936122, 28.666082319999997]}}, {"type": "Feature", "properties": {"osm_id": "way/1153422950", "kind": "hospital", "name": "DGD Surajmal Vihar", "lon": 77.30598482, "lat": 28.65891466}, "geometry": {"type": "Point", "coordinates": [77.30598482, 28.65891466]}}, {"type": "Feature", "properties": {"osm_id": "way/1153427002", "kind": "hospital", "name": "Hospital", "lon": 77.01608966, "lat": 28.655840339999997}, "geometry": {"type": "Point", "coordinates": [77.01608966, 28.655840339999997]}}, {"type": "Feature", "properties": {"osm_id": "way/1153427186", "kind": "hospital", "name": "Nazar Kanwar Surana Hospital", "lon": 77.19098812857143, "lat": 28.675337485714287}, "geometry": {"type": "Point", "coordinates": [77.19098812857143, 28.675337485714287]}}, {"type": "Feature", "properties": {"osm_id": "way/1153427328", "kind": "hospital", "name": "Hospital", "lon": 77.3407876, "lat": 28.572472679999997}, "geometry": {"type": "Point", "coordinates": [77.3407876, 28.572472679999997]}}, {"type": "Feature", "properties": {"osm_id": "way/1153427860", "kind": "hospital", "name": "Metro Hospital & Heart Institute", "lon": 77.03916621538461, "lat": 28.518245330769233}, "geometry": {"type": "Point", "coordinates": [77.03916621538461, 28.518245330769233]}}, {"type": "Feature", "properties": {"osm_id": "way/1153428133", "kind": "hospital", "name": "Hospital", "lon": 77.07491585, "lat": 28.4796494}, "geometry": {"type": "Point", "coordinates": [77.07491585, 28.4796494]}}, {"type": "Feature", "properties": {"osm_id": "way/1153428592", "kind": "hospital", "name": "Hospital", "lon": 77.33304046666666, "lat": 28.634760866666667}, "geometry": {"type": "Point", "coordinates": [77.33304046666666, 28.634760866666667]}}, {"type": "Feature", "properties": {"osm_id": "way/1153433167", "kind": "school", "name": "School", "lon": 77.17516254444445, "lat": 28.727936544444447}, "geometry": {"type": "Point", "coordinates": [77.17516254444445, 28.727936544444447]}}, {"type": "Feature", "properties": {"osm_id": "way/1154997958", "kind": "hospital", "name": "Hospital", "lon": 77.1291291, "lat": 28.705996319999997}, "geometry": {"type": "Point", "coordinates": [77.1291291, 28.705996319999997]}}, {"type": "Feature", "properties": {"osm_id": "way/1157344789", "kind": "industrial", "name": "Industrial", "lon": 77.16724454, "lat": 28.7331592, "area_km2": 0.0017}, "geometry": {"type": "Polygon", "coordinates": [[[77.1670152, 28.7332159], [77.1673518, 28.7334005], [77.1675879, 28.7330736], [77.1672526, 28.7328901], [77.1670152, 28.7332159]]]}}, {"type": "Feature", "properties": {"osm_id": "way/1157635596", "kind": "school", "name": "School", "lon": 77.1664078, "lat": 28.730818699999997}, "geometry": {"type": "Point", "coordinates": [77.1664078, 28.730818699999997]}}, {"type": "Feature", "properties": {"osm_id": "way/1158946096", "kind": "school", "name": "MCD Primary School", "lon": 77.1670593, "lat": 28.742282083333333}, "geometry": {"type": "Point", "coordinates": [77.1670593, 28.742282083333333]}}, {"type": "Feature", "properties": {"osm_id": "way/1159082618", "kind": "industrial", "name": "Electric Bus Depot", "lon": 77.18018341818181, "lat": 28.72439076363636, "area_km2": 0.0087}, "geometry": {"type": "Polygon", "coordinates": [[[77.1795709, 28.7245264], [77.1795651, 28.7242761], [77.1804107, 28.7238126], [77.181294, 28.72409], [77.1810025, 28.724247], [77.1807456, 28.7243854], [77.180234, 28.724661], [77.1799798, 28.7246115], [77.1798702, 28.7245905], [77.1797739, 28.7245715], [77.1795709, 28.7245264]]]}}, {"type": "Feature", "properties": {"osm_id": "way/1162390793", "kind": "school", "name": "School", "lon": 77.17181744285715, "lat": 28.718946971428572}, "geometry": {"type": "Point", "coordinates": [77.17181744285715, 28.718946971428572]}}, {"type": "Feature", "properties": {"osm_id": "way/1162426987", "kind": "school", "name": "School", "lon": 77.30717396, "lat": 28.6932184}, "geometry": {"type": "Point", "coordinates": [77.30717396, 28.6932184]}}, {"type": "Feature", "properties": {"osm_id": "way/1162457525", "kind": "industrial", "name": "Sam India Casting Yard", "lon": 77.18043042916666, "lat": 28.721601629166667, "area_km2": 0.1218}, "geometry": {"type": "Polygon", "coordinates": [[[77.181331, 28.7189528], [77.1811485, 28.7191855], [77.180376, 28.7190386], [77.1800627, 28.7188273], [77.1800313, 28.7188062], [77.1798892, 28.7190161], [77.1787995, 28.720116], [77.1785973, 28.720326], [77.1785294, 28.7203615], [77.1792394, 28.7212838], [77.1796739, 28.723175], [77.179867, 28.7234431], [77.1798134, 28.7236125], [77.1804107, 28.7238126], [77.181294, 28.72409], [77.180234, 28.724661], [77.1810574, 28.7248392], [77.1811277, 28.7248544], [77.1814421, 28.7248822], [77.1812986, 28.7231091], [77.1817722, 28.7230945], [77.1815729, 28.7209921], [77.1814311, 28.7190068], [77.181331, 28.7189528]]]}}, {"type": "Feature", "properties": {"osm_id": "way/1162466560", "kind": "industrial", "name": "Industrial", "lon": 77.35218663333333, "lat": 28.67549765, "area_km2": 0.8156}, "geometry": {"type": "Polygon", "coordinates": [[[77.3623312, 28.6776345], [77.3513741, 28.6770891], [77.344416, 28.6768354], [77.3374382, 28.6765813], [77.336481, 28.6742118], [77.3385954, 28.6738141], [77.3543501, 28.6741443], [77.3552138, 28.6742055], [77.3606908, 28.6742949], [77.3607069, 28.6747467], [77.3623109, 28.6747797], [77.3623312, 28.6776345]]]}}, {"type": "Feature", "properties": {"osm_id": "way/1162466564", "kind": "industrial", "name": "Industrial", "lon": 77.34620770555556, "lat": 28.66445028333333, "area_km2": 0.7287}, "geometry": {"type": "Polygon", "coordinates": [[[77.3527032, 28.6656581], [77.3519457, 28.66649], [77.3512766, 28.667096], [77.3507243, 28.6686516], [77.34905, 28.6679668], [77.3481274, 28.6676514], [77.3463464, 28.666896], [77.3458581, 28.6666726], [77.3443747, 28.6659695], [77.3435891, 28.6655875], [77.3413253, 28.6643731], [77.3369852, 28.661983], [77.3403073, 28.6580089], [77.3413323, 28.6586832], [77.3419252, 28.6590555], [77.3460624, 28.6615281], [77.3471023, 28.6621757], [77.3527032, 28.6656581]]]}}, {"type": "Feature", "properties": {"osm_id": "way/1162466565", "kind": "industrial", "name": "Industrial", "lon": 77.34938405277778, "lat": 28.660155844444446, "area_km2": 0.9981}, "geometry": {"type": "Polygon", "coordinates": [[[77.3582573, 28.6623581], [77.3599281, 28.6632681], [77.3577028, 28.6665241], [77.357102, 28.6673902], [77.3568284, 28.6679738], [77.3537378, 28.6660206], [77.353138, 28.6656599], [77.349266, 28.6632657], [77.3477029, 28.6623135], [77.3451964, 28.660786], [77.3447191, 28.6604955], [77.3428091, 28.659351], [77.342333, 28.6590529], [77.3418574, 28.6587636], [77.3409325, 28.6581988], [77.3404145, 28.6578806], [77.3418234, 28.6561149], [77.3431655, 28.6545324], [77.3440664, 28.6551235], [77.3444043, 28.6547093], [77.3440824, 28.6544739], [77.3443453, 28.6541818], [77.3443507, 28.6541065], [77.3445175, 28.6539093], [77.3467522, 28.6552816], [77.3465502, 28.6554883], [77.3474731, 28.6560409], [77.3481515, 28.6564462], [77.3563027, 28.6612476], [77.3558468, 28.6618783], [77.3552459, 28.6615206], [77.3540229, 28.6632057], [77.3558682, 28.6642883], [77.3549724, 28.6654886], [77.3557019, 28.6659122], [77.3582573, 28.6623581]]]}}, {"type": "Feature", "properties": {"osm_id": "way/1162466568", "kind": "industrial", "name": "Industrial", "lon": 77.35153230256411, "lat": 28.670226956410254, "area_km2": 0.955}, "geometry": {"type": "Polygon", "coordinates": [[[77.3544735, 28.6729394], [77.3521507, 28.6724688], [77.3479932, 28.6718804], [77.3469177, 28.6716827], [77.3468292, 28.6718969], [77.3451042, 28.6715553], [77.3452453, 28.6714188], [77.3461172, 28.6702241], [77.3456176, 28.6697685], [77.3441873, 28.6676971], [77.340937, 28.6667254], [77.339232, 28.6686201], [77.3379511, 28.6676632], [77.3347431, 28.6651921], [77.3366998, 28.6623243], [77.3416096, 28.6649708], [77.3437339, 28.6661523], [77.3436856, 28.6664676], [77.3450321, 28.6679315], [77.3457938, 28.6686516], [77.3459387, 28.6684869], [77.3464215, 28.6674278], [77.3504984, 28.6689858], [77.3548168, 28.6702754], [77.357102, 28.670892], [77.3611361, 28.6714568], [77.3634267, 28.6716074], [77.3646069, 28.6716733], [77.3651004, 28.6716639], [77.3661625, 28.6714757], [77.3669783, 28.6712723], [77.3675065, 28.6736214], [77.3665273, 28.6736313], [77.3636949, 28.6736783], [77.3611468, 28.6736642], [77.3579979, 28.6734995], [77.35655, 28.6732806], [77.3556207, 28.6730884], [77.3544735, 28.6729394]]]}}, {"type": "Feature", "properties": {"osm_id": "way/1162572218", "kind": "industrial", "name": "Industrial", "lon": 77.09317452068964, "lat": 28.533747165517244, "area_km2": 0.0633}, "geometry": {"type": "Polygon", "coordinates": [[[77.092073, 28.5336589], [77.0921695, 28.5342433], [77.0920247, 28.5342716], [77.0922822, 28.5346628], [77.092883, 28.5346109], [77.0932102, 28.5344318], [77.0935589, 28.5349549], [77.0932692, 28.5351058], [77.0931351, 28.5351717], [77.0937842, 28.5351764], [77.0937842, 28.5349974], [77.0944279, 28.5349738], [77.0945567, 28.534413], [77.094546, 28.5339558], [77.0945406, 28.5335694], [77.0941275, 28.5335694], [77.0941329, 28.533051], [77.0943904, 28.5330415], [77.0944333, 28.5324854], [77.0944816, 28.5321744], [77.0927757, 28.5321697], [77.0927757, 28.5325184], [77.0922071, 28.5325326], [77.0920891, 28.5325938], [77.0922285, 28.53282], [77.0921159, 28.5329756], [77.0920408, 28.5334139], [77.0919442, 28.5334657], [77.092073, 28.5336589]]]}}, {"type": "Feature", "properties": {"osm_id": "way/1162572219", "kind": "industrial", "name": "Industrial", "lon": 77.09378636, "lat": 28.535483699999997, "area_km2": 0.0057}, "geometry": {"type": "Polygon", "coordinates": [[[77.0941919, 28.5352707], [77.0931244, 28.5352848], [77.0932263, 28.5358032], [77.0941973, 28.5357891], [77.0941919, 28.5352707]]]}}, {"type": "Feature", "properties": {"osm_id": "way/1162572220", "kind": "industrial", "name": "Industrial", "lon": 77.09476895714286, "lat": 28.5361466, "area_km2": 0.0189}, "geometry": {"type": "Polygon", "coordinates": [[[77.0952594, 28.5352754], [77.0952433, 28.5372548], [77.0944655, 28.5373914], [77.0941865, 28.5363688], [77.0946372, 28.5361803], [77.0943314, 28.5352801], [77.0952594, 28.5352754]]]}}, {"type": "Feature", "properties": {"osm_id": "way/1162572222", "kind": "industrial", "name": "Industrial", "lon": 77.10066794, "lat": 28.5358002, "area_km2": 0.0333}, "geometry": {"type": "Polygon", "coordinates": [[[77.1017933, 28.5360342], [77.099036, 28.5365573], [77.0989823, 28.5352236], [77.1017348, 28.5351517], [77.1017933, 28.5360342]]]}}, {"type": "Feature", "properties": {"osm_id": "way/1162580674", "kind": "industrial", "name": "Industrial", "lon": 77.08738311249999, "lat": 28.8373113875, "area_km2": 0.2182}, "geometry": {"type": "Polygon", "coordinates": [[[77.0877814, 28.8339597], [77.0850778, 28.8414314], [77.0853996, 28.8416476], [77.0866656, 28.8420423], [77.0872557, 28.8411589], [77.0904744, 28.8324089], [77.088629, 28.8318826], [77.0877814, 28.8339597]]]}}, {"type": "Feature", "properties": {"osm_id": "way/1162581301", "kind": "industrial", "name": "Industrial", "lon": 77.08928108181819, "lat": 28.840290127272727, "area_km2": 0.1687}, "geometry": {"type": "Polygon", "coordinates": [[[77.0871162, 28.8421833], [77.0880711, 28.8423806], [77.0881569, 28.8420094], [77.0886451, 28.8420705], [77.0887256, 28.8415489], [77.0901203, 28.8417463], [77.0911074, 28.8390443], [77.091735, 28.8372821], [77.0918959, 28.8366524], [77.0894022, 28.8360903], [77.0871162, 28.8421833]]]}}, {"type": "Feature", "properties": {"osm_id": "way/1162586307", "kind": "industrial", "name": "Industrial", "lon": 77.11238366250001, "lat": 28.81256750625, "area_km2": 0.8613}, "geometry": {"type": "Polygon", "coordinates": [[[77.1139958, 28.8062175], [77.118929, 28.8073188], [77.1162734, 28.8183036], [77.1149576, 28.8180747], [77.1114707, 28.8180371], [77.1113741, 28.8186388], [77.1092284, 28.8173791], [77.1094537, 28.8170125], [77.1090674, 28.8126037], [77.1091103, 28.8123311], [77.1104729, 28.8116449], [77.1111381, 28.811156], [77.1126079, 28.8093511], [77.1129513, 28.8087682], [77.1131122, 28.8080255], [77.1139958, 28.8062175]]]}}, {"type": "Feature", "properties": {"osm_id": "way/1162586309", "kind": "industrial", "name": "Industrial", "lon": 77.13982568181818, "lat": 28.804996736363638, "area_km2": 0.1291}, "geometry": {"type": "Polygon", "coordinates": [[[77.1410094, 28.8057522], [77.137362, 28.8088222], [77.1371233, 28.8088528], [77.138561, 28.8031933], [77.139709, 28.8030053], [77.1405887, 28.8026668], [77.1411359, 28.8026198], [77.1411466, 28.8042557], [77.1402454, 28.8042933], [77.1401918, 28.8057505], [77.1410094, 28.8057522]]]}}, {"type": "Feature", "properties": {"osm_id": "way/1162586310", "kind": "industrial", "name": "Industrial", "lon": 77.1360275, "lat": 28.806585933333334, "area_km2": 0.1313}, "geometry": {"type": "Polygon", "coordinates": [[[77.1362597, 28.8090468], [77.1326905, 28.809111], [77.1350105, 28.8060134], [77.1378986, 28.8031231], [77.138046, 28.8031745], [77.1362597, 28.8090468]]]}}, {"type": "Feature", "properties": {"osm_id": "way/1162586311", "kind": "industrial", "name": "Industrial", "lon": 77.14090836923077, "lat": 28.8000757, "area_km2": 0.063}, "geometry": {"type": "Polygon", "coordinates": [[[77.1429929, 28.7988867], [77.1429288, 28.799633], [77.1423375, 28.7995643], [77.1409106, 28.7994797], [77.140857, 28.7997899], [77.1408141, 28.8010403], [77.1402669, 28.8012566], [77.1401811, 28.8015104], [77.1387434, 28.8026198], [77.1393871, 28.8008429], [77.1396446, 28.7988309], [77.1397519, 28.7986429], [77.1429929, 28.7988867]]]}}, {"type": "Feature", "properties": {"osm_id": "way/1162586313", "kind": "industrial", "name": "Industrial", "lon": 77.14178575555555, "lat": 28.79099334444444, "area_km2": 0.1049}, "geometry": {"type": "Polygon", "coordinates": [[[77.1406692, 28.7882298], [77.1408478, 28.7882821], [77.141313, 28.7896919], [77.1424878, 28.7912716], [77.1431047, 28.7924704], [77.1434538, 28.7935251], [77.1434418, 28.7936642], [77.1400845, 28.7935752], [77.1406692, 28.7882298]]]}}, {"type": "Feature", "properties": {"osm_id": "way/1162586314", "kind": "industrial", "name": "Industrial", "lon": 77.13419403235294, "lat": 28.789450394117647, "area_km2": 0.9008}, "geometry": {"type": "Polygon", "coordinates": [[[77.1400407, 28.7888253], [77.1396446, 28.792146], [77.1394944, 28.7932555], [77.1371555, 28.7932931], [77.1370911, 28.7927666], [77.1362114, 28.7929264], [77.1351707, 28.7929264], [77.1339476, 28.7929922], [77.1333361, 28.7946564], [77.1331966, 28.7948398], [77.1330623, 28.7949745], [77.1324046, 28.7949627], [77.1323801, 28.7927148], [77.1323061, 28.790068], [77.1293783, 28.7900878], [77.1293664, 28.7891748], [77.1275639, 28.7890713], [77.1275961, 28.7885166], [77.1293986, 28.7885072], [77.1308577, 28.7884884], [77.1309006, 28.7868429], [77.1322095, 28.7867959], [77.1321773, 28.7857333], [77.1334755, 28.7856957], [77.1335184, 28.7851879], [77.131319, 28.7851503], [77.1319735, 28.7846802], [77.1344108, 28.7831655], [77.1406995, 28.7827555], [77.1402879, 28.7867528], [77.1401596, 28.787802], [77.1358788, 28.7878866], [77.1359432, 28.7888457], [77.1400407, 28.7888253]]]}}, {"type": "Feature", "properties": {"osm_id": "way/1162599123", "kind": "industrial", "name": "Industrial", "lon": 77.05430119, "lat": 28.796580575, "area_km2": 0.1422}, "geometry": {"type": "Polygon", "coordinates": [[[77.0544595, 28.799012], [77.0530307, 28.7976463], [77.0532882, 28.7974488], [77.0525586, 28.7967061], [77.0526767, 28.7966215], [77.0510566, 28.7949667], [77.0512497, 28.7947975], [77.051357, 28.7949291], [77.0518398, 28.7945624], [77.0537388, 28.7950231], [77.0546025, 28.7958364], [77.0552248, 28.7953663], [77.0582074, 28.7961467], [77.0572096, 28.7968518], [77.0567375, 28.7963864], [77.0558792, 28.7970634], [77.0564049, 28.7975758], [77.0560563, 28.7978578], [77.0559865, 28.7978014], [77.0544595, 28.799012]]]}}, {"type": "Feature", "properties": {"osm_id": "way/1162599124", "kind": "industrial", "name": "Industrial", "lon": 77.04839452352941, "lat": 28.798173523529414, "area_km2": 0.5659}, "geometry": {"type": "Polygon", "coordinates": [[[77.0452024, 28.7974333], [77.0467135, 28.7954531], [77.0480092, 28.7937477], [77.04831, 28.7939418], [77.0486319, 28.7937162], [77.0520008, 28.7970446], [77.0517325, 28.7973078], [77.0524192, 28.7980036], [77.052741, 28.7978155], [77.054286, 28.7993856], [77.0476985, 28.8044061], [77.0464218, 28.8023472], [77.0462942, 28.8020211], [77.045515, 28.8004809], [77.0451067, 28.799741], [77.0464218, 28.7986711], [77.0452024, 28.7974333]]]}}, {"type": "Feature", "properties": {"osm_id": "way/1162625780", "kind": "industrial", "name": "Industrial", "lon": 77.14851966190476, "lat": 28.74010650952381, "area_km2": 0.528}, "geometry": {"type": "Polygon", "coordinates": [[[77.1441936, 28.7397188], [77.1492737, 28.7340226], [77.1541607, 28.7373811], [77.1541232, 28.7378609], [77.1535277, 28.7398928], [77.1532273, 28.7405655], [77.1529055, 28.7407912], [77.1523422, 28.7405466], [77.1520579, 28.7403632], [77.1496654, 28.7429313], [77.1476483, 28.7415062], [77.1475142, 28.7416237], [77.1471602, 28.7419577], [77.1458673, 28.7419154], [77.1458566, 28.7412287], [77.1453524, 28.7408336], [77.1458191, 28.740208], [77.14495, 28.7395401], [77.1446872, 28.7397894], [77.1443868, 28.7398411], [77.1441936, 28.7397188]]]}}, {"type": "Feature", "properties": {"osm_id": "way/1162639285", "kind": "industrial", "name": "Industrial", "lon": 77.13928576571429, "lat": 28.867479777142858, "area_km2": 1.8076}, "geometry": {"type": "Polygon", "coordinates": [[[77.141282, 28.8615849], [77.1429475, 28.8611654], [77.1429895, 28.8630599], [77.1480718, 28.8628943], [77.1480508, 28.8674923], [77.1455306, 28.8675291], [77.1454466, 28.8664992], [77.13896, 28.8667123], [77.13896, 28.868741], [77.1405935, 28.868689], [77.1408311, 28.8719141], [77.1448703, 28.8718361], [77.1458207, 28.8745669], [77.1459317, 28.8747514], [77.1464789, 28.8749393], [77.1464896, 28.875907], [77.1333039, 28.8760479], [77.1332824, 28.8741971], [77.1312117, 28.8742253], [77.1310937, 28.8712658], [77.1313512, 28.8712564], [77.1313405, 28.8700256], [77.1311045, 28.8699787], [77.1310294, 28.8641158], [77.1336579, 28.8640688], [77.1335935, 28.863054], [77.134645, 28.8628755], [77.1377885, 28.8628755], [77.13781, 28.8634111], [77.1390545, 28.8634392], [77.1392798, 28.863458], [77.1398163, 28.8629412], [77.139827, 28.8623681], [77.1412754, 28.8623211], [77.141282, 28.8615849]]]}}, {"type": "Feature", "properties": {"osm_id": "way/1162639286", "kind": "industrial", "name": "Industrial", "lon": 77.1279990625, "lat": 28.8611914125, "area_km2": 0.273}, "geometry": {"type": "Polygon", "coordinates": [[[77.123864, 28.8637126], [77.1249621, 28.857527], [77.1270856, 28.857514], [77.1270916, 28.8605033], [77.1308298, 28.8620299], [77.1330769, 28.8618276], [77.1332185, 28.8627043], [77.123864, 28.8637126]]]}}, {"type": "Feature", "properties": {"osm_id": "way/1162639287", "kind": "industrial", "name": "Industrial", "lon": 77.12788016875, "lat": 28.87131289375, "area_km2": 1.0043}, "geometry": {"type": "Polygon", "coordinates": [[[77.1210916, 28.8762414], [77.1221406, 28.8734192], [77.1238046, 28.8640471], [77.1282828, 28.8636741], [77.1282077, 28.8645292], [77.1306753, 28.8645574], [77.1307933, 28.8700679], [77.1302837, 28.870082], [77.1304017, 28.8723157], [77.1302891, 28.8723181], [77.1303642, 28.8735677], [77.1292269, 28.8736146], [77.1292055, 28.875146], [77.1301174, 28.8751366], [77.1301067, 28.8760479], [77.1210916, 28.8762414]]]}}, {"type": "Feature", "properties": {"osm_id": "way/1162639288", "kind": "industrial", "name": "Industrial", "lon": 77.1418201125, "lat": 28.88132050625, "area_km2": 1.2468}, "geometry": {"type": "Polygon", "coordinates": [[[77.1495415, 28.8780109], [77.1497412, 28.8850215], [77.1445436, 28.8830971], [77.142821, 28.8831491], [77.1340892, 28.887466], [77.1326339, 28.887414], [77.1312532, 28.8867401], [77.1311922, 28.8820779], [77.1379375, 28.8820721], [77.1382499, 28.8820699], [77.1381318, 28.8765271], [77.1465862, 28.8764049], [77.1465754, 28.8775041], [77.1481526, 28.8775135], [77.1481311, 28.878049], [77.1495415, 28.8780109]]]}}, {"type": "Feature", "properties": {"osm_id": "way/1162639289", "kind": "industrial", "name": "Singhu", "lon": 77.12562962666667, "lat": 28.880412306666667, "area_km2": 0.8839}, "geometry": {"type": "Polygon", "coordinates": [[[77.1308222, 28.8865298], [77.1264562, 28.8835652], [77.1205162, 28.8835912], [77.1185182, 28.8831594], [77.1188581, 28.8822437], [77.1190675, 28.8816867], [77.1209377, 28.8766553], [77.1238893, 28.8765928], [77.1238893, 28.8767103], [77.1301818, 28.8766304], [77.1301871, 28.8777061], [77.1297687, 28.8777014], [77.1297634, 28.8784389], [77.1307665, 28.8784436], [77.1308222, 28.8865298]]]}}, {"type": "Feature", "properties": {"osm_id": "way/1162639291", "kind": "industrial", "name": "Industrial", "lon": 77.1525044625, "lat": 28.80257165, "area_km2": 0.0779}, "geometry": {"type": "Polygon", "coordinates": [[[77.1519613, 28.8017361], [77.1545255, 28.8017267], [77.1545684, 28.8043309], [77.1518326, 28.8043779], [77.1517897, 28.8023284], [77.1515643, 28.8023284], [77.1518326, 28.8020087], [77.1519613, 28.8017361]]]}}, {"type": "Feature", "properties": {"osm_id": "way/1162639292", "kind": "industrial", "name": "Industrial", "lon": 77.14719824, "lat": 28.808037739999996, "area_km2": 0.0312}, "geometry": {"type": "Polygon", "coordinates": [[[77.1477207, 28.8089092], [77.1477342, 28.8067282], [77.1464038, 28.8067282], [77.1464118, 28.8089139], [77.1477207, 28.8089092]]]}}, {"type": "Feature", "properties": {"osm_id": "way/1162639293", "kind": "industrial", "name": "Industrial", "lon": 77.15095369583334, "lat": 28.8113514625, "area_km2": 0.3627}, "geometry": {"type": "Polygon", "coordinates": [[[77.1476161, 28.8111184], [77.1476376, 28.8115885], [77.1483672, 28.8115979], [77.1484423, 28.8132336], [77.1492576, 28.8132336], [77.1492684, 28.8127165], [77.1506524, 28.8126789], [77.1506739, 28.8115979], [77.1512425, 28.8115227], [77.1512747, 28.813243], [77.1520257, 28.8132242], [77.1519935, 28.813713], [77.1540642, 28.8136754], [77.1541071, 28.8131866], [77.1555984, 28.8131584], [77.1564674, 28.8113722], [77.153635, 28.8085802], [77.1528411, 28.8081666], [77.1518004, 28.8077247], [77.1506631, 28.8071418], [77.1506846, 28.8088716], [77.1484796, 28.8088996], [77.1484798, 28.8110714], [77.1476161, 28.8111184]]]}}, {"type": "Feature", "properties": {"osm_id": "way/1162639296", "kind": "industrial", "name": "Industrial", "lon": 77.1698738857143, "lat": 28.756988971428573, "area_km2": 0.0156}, "geometry": {"type": "Polygon", "coordinates": [[[77.1696907, 28.7563964], [77.1705866, 28.7564811], [77.1704256, 28.7579813], [77.1695191, 28.757953], [77.1695352, 28.7568573], [77.1696693, 28.7568573], [77.1696907, 28.7563964]]]}}, {"type": "Feature", "properties": {"osm_id": "way/1162639299", "kind": "industrial", "name": "Industrial", "lon": 77.17925011333334, "lat": 28.77171116, "area_km2": 0.0326}, "geometry": {"type": "Polygon", "coordinates": [[[77.1796417, 28.7692579], [77.180264, 28.7692767], [77.1796417, 28.7701372], [77.1794486, 28.7705604], [77.1793359, 28.7713363], [77.1792716, 28.7728033], [77.1792072, 28.7736497], [77.1792716, 28.775065], [77.1788692, 28.7750603], [77.1788263, 28.7736779], [77.1787566, 28.7732735], [77.1787244, 28.7712422], [77.1787727, 28.7709507], [77.1790785, 28.7701184], [77.1796417, 28.7692579]]]}}, {"type": "Feature", "properties": {"osm_id": "way/1162639300", "kind": "industrial", "name": "Industrial", "lon": 77.18263184, "lat": 28.76535966, "area_km2": 0.012}, "geometry": {"type": "Polygon", "coordinates": [[[77.1828711, 28.7646073], [77.1834236, 28.7646637], [77.1822971, 28.7664835], [77.1816963, 28.7664365], [77.1828711, 28.7646073]]]}}, {"type": "Feature", "properties": {"osm_id": "way/1162639301", "kind": "industrial", "name": "Industrial", "lon": 77.19066557142857, "lat": 28.75764134285714, "area_km2": 0.0116}, "geometry": {"type": "Polygon", "coordinates": [[[77.1901184, 28.7571959], [77.1901452, 28.7583246], [77.1910196, 28.7583481], [77.1909928, 28.7576333], [77.1911377, 28.7576286], [77.1911269, 28.757163], [77.1901184, 28.7571959]]]}}, {"type": "Feature", "properties": {"osm_id": "way/1162639302", "kind": "industrial", "name": "Industrial", "lon": 77.1958568, "lat": 28.758462271428574, "area_km2": 0.0164}, "geometry": {"type": "Polygon", "coordinates": [[[77.1949249, 28.7582775], [77.195633, 28.7592933], [77.1966684, 28.7586961], [77.1969581, 28.7586114], [77.1965235, 28.7579436], [77.1953648, 28.7581365], [77.1949249, 28.7582775]]]}}, {"type": "Feature", "properties": {"osm_id": "way/1162639303", "kind": "industrial", "name": "Industrial", "lon": 77.1920348625, "lat": 28.7590722875, "area_km2": 0.0388}, "geometry": {"type": "Polygon", "coordinates": [[[77.1936858, 28.7584139], [77.1936804, 28.7587243], [77.1916687, 28.7596601], [77.1907461, 28.7600363], [77.1901935, 28.7602856], [77.1901506, 28.7585268], [77.192468, 28.7585174], [77.1936858, 28.7584139]]]}}, {"type": "Feature", "properties": {"osm_id": "way/1162639304", "kind": "industrial", "name": "Industrial", "lon": 77.19322288571428, "lat": 28.75787312857143, "area_km2": 0.0194}, "geometry": {"type": "Polygon", "coordinates": [[[77.1918619, 28.7576427], [77.1937072, 28.7576333], [77.1944153, 28.7574687], [77.1946889, 28.7581459], [77.1941256, 28.7582446], [77.1918994, 28.758334], [77.1918619, 28.7576427]]]}}, {"type": "Feature", "properties": {"osm_id": "way/1162639306", "kind": "hospital", "name": "Burari Hospital", "lon": 77.18985504, "lat": 28.761464059999998}, "geometry": {"type": "Point", "coordinates": [77.18985504, 28.761464059999998]}}, {"type": "Feature", "properties": {"osm_id": "way/1162736474", "kind": "school", "name": "School", "lon": 77.17425574285714, "lat": 28.719092671428573}, "geometry": {"type": "Point", "coordinates": [77.17425574285714, 28.719092671428573]}}, {"type": "Feature", "properties": {"osm_id": "way/1163433896", "kind": "industrial", "name": "Industrial", "lon": 77.03104188, "lat": 28.540843849999998, "area_km2": 0.0803}, "geometry": {"type": "Polygon", "coordinates": [[[77.0299047, 28.5393613], [77.0313209, 28.539121], [77.0324796, 28.53889], [77.032603, 28.542005], [77.0319102, 28.5420144], [77.0312136, 28.5420239], [77.0305592, 28.5420286], [77.0305431, 28.5418118], [77.0299798, 28.5418212], [77.0299047, 28.5393613]]]}}, {"type": "Feature", "properties": {"osm_id": "way/1163433897", "kind": "industrial", "name": "Industrial", "lon": 77.03168703749999, "lat": 28.54466721875, "area_km2": 0.3968}, "geometry": {"type": "Polygon", "coordinates": [[[77.0346951, 28.5426176], [77.0360202, 28.5425894], [77.0361006, 28.5479944], [77.031337, 28.5479991], [77.0272976, 28.5480792], [77.0272332, 28.548018], [77.0271313, 28.5426883], [77.0295721, 28.5426742], [77.0298243, 28.5427402], [77.0298296, 28.5433811], [77.0298833, 28.5458786], [77.033397, 28.5458126], [77.0333379, 28.545332], [77.0333272, 28.543645], [77.0333111, 28.5426082], [77.0346951, 28.5426176]]]}}, {"type": "Feature", "properties": {"osm_id": "way/1163433898", "kind": "industrial", "name": "Industrial", "lon": 77.05335734444445, "lat": 28.55413526666667, "area_km2": 0.0423}, "geometry": {"type": "Polygon", "coordinates": [[[77.0520329, 28.554351], [77.0538676, 28.5550672], [77.054522, 28.5554441], [77.055273, 28.5535122], [77.0540929, 28.5534463], [77.0533526, 28.553173], [77.0527732, 28.553729], [77.052269, 28.5541436], [77.0520329, 28.554351]]]}}, {"type": "Feature", "properties": {"osm_id": "way/1163528986", "kind": "school", "name": "School", "lon": 77.1723568375, "lat": 28.719406375}, "geometry": {"type": "Point", "coordinates": [77.1723568375, 28.719406375]}}, {"type": "Feature", "properties": {"osm_id": "way/1163528997", "kind": "school", "name": "Jyoti Model Senior Secondary School", "lon": 77.17300684, "lat": 28.720158400000003}, "geometry": {"type": "Point", "coordinates": [77.17300684, 28.720158400000003]}}, {"type": "Feature", "properties": {"osm_id": "way/1163845331", "kind": "school", "name": "Diwan Chand Arya Senior Secondary School", "lon": 77.22452530000001, "lat": 28.588952440000003}, "geometry": {"type": "Point", "coordinates": [77.22452530000001, 28.588952440000003]}}, {"type": "Feature", "properties": {"osm_id": "way/1163845332", "kind": "hospital", "name": "Palika Maternity Hospital", "lon": 77.22175718571428, "lat": 28.5838545}, "geometry": {"type": "Point", "coordinates": [77.22175718571428, 28.5838545]}}, {"type": "Feature", "properties": {"osm_id": "way/1163975934", "kind": "industrial", "name": "Industrial", "lon": 76.9148524952381, "lat": 28.536428466666663, "area_km2": 0.1495}, "geometry": {"type": "Polygon", "coordinates": [[[76.9119465, 28.5350304], [76.9153368, 28.5342198], [76.9151866, 28.5347759], [76.9160235, 28.5347476], [76.9160128, 28.534248], [76.9166779, 28.5342198], [76.9166779, 28.5358127], [76.915369, 28.5358692], [76.9153905, 28.5364065], [76.9151974, 28.5364065], [76.9151866, 28.5369343], [76.9160342, 28.5369343], [76.9160771, 28.5380088], [76.9154119, 28.5380276], [76.9154012, 28.5385366], [76.9146931, 28.5385837], [76.9147038, 28.5391398], [76.912601, 28.5391398], [76.9140065, 28.5364725], [76.9120216, 28.5364536], [76.9119465, 28.5350304]]]}}, {"type": "Feature", "properties": {"osm_id": "way/1164818074", "kind": "industrial", "name": "Pali Stone Crusher Zone I", "lon": 77.228954075, "lat": 28.39790555, "area_km2": 0.472}, "geometry": {"type": "Polygon", "coordinates": [[[77.2261938, 28.395284], [77.226001, 28.3955343], [77.2261941, 28.3962705], [77.2261512, 28.3970444], [77.2257864, 28.3996398], [77.226119, 28.3997153], [77.2261512, 28.4004986], [77.2271597, 28.4005175], [77.2271597, 28.4012819], [77.2337687, 28.4012253], [77.2336614, 28.398007], [77.2328889, 28.3979599], [77.2329748, 28.3964687], [77.2334361, 28.3964687], [77.2334254, 28.3952889], [77.2261938, 28.395284]]]}}, {"type": "Feature", "properties": {"osm_id": "way/1164886887", "kind": "industrial", "name": "Industrial", "lon": 77.1920157212766, "lat": 28.45926279574468, "area_km2": 0.1503}, "geometry": {"type": "Polygon", "coordinates": [[[77.1948981, 28.4611836], [77.1947104, 28.4608817], [77.1944261, 28.4609525], [77.1936965, 28.4593537], [77.1933371, 28.4594811], [77.1938842, 28.4609336], [77.1932566, 28.4611411], [77.1926933, 28.4596556], [77.1930581, 28.4595141], [77.1926075, 28.4584529], [77.193262, 28.4582218], [77.1930152, 28.4576748], [77.1933263, 28.4575286], [77.1932352, 28.4573493], [77.1935999, 28.4570805], [77.1935087, 28.4569154], [77.1939433, 28.4567409], [77.1938038, 28.4564297], [77.1931922, 28.4566466], [77.1925968, 28.4569862], [77.1918565, 28.4572173], [77.1912181, 28.4574484], [77.1907783, 28.4576653], [77.1905637, 28.4578162], [77.1901882, 28.4579106], [77.1897429, 28.4579672], [77.1894801, 28.4580379], [77.1895283, 28.4582879], [77.1889651, 28.458335], [77.1889919, 28.4586887], [77.1894962, 28.4598348], [77.1896893, 28.4602026], [77.1898556, 28.4601413], [77.1900755, 28.460528], [77.1904349, 28.4604149], [77.1906924, 28.4608912], [77.1907836, 28.4608629], [77.1908963, 28.4611034], [77.1911162, 28.4610185], [77.1914703, 28.4617212], [77.1919209, 28.4616033], [77.1909875, 28.4595282], [77.1914756, 28.4593726], [77.1924037, 28.4615514], [77.1931654, 28.4615231], [77.194013, 28.4613722], [77.1948981, 28.4611836]]]}}, {"type": "Feature", "properties": {"osm_id": "way/1164886888", "kind": "industrial", "name": "Industrial", "lon": 77.20168375333333, "lat": 28.455438293333334, "area_km2": 0.0382}, "geometry": {"type": "Polygon", "coordinates": [[[77.1999621, 28.4545148], [77.2008258, 28.4563825], [77.2012871, 28.456175], [77.2012818, 28.4560712], [77.2018665, 28.4557788], [77.201947, 28.4558543], [77.2023761, 28.4557034], [77.2026068, 28.4560807], [77.2028965, 28.455958], [77.2031432, 28.4558071], [77.2025961, 28.4547648], [77.2021133, 28.4548073], [77.201432, 28.4550619], [77.2009599, 28.4540998], [77.1999621, 28.4545148]]]}}, {"type": "Feature", "properties": {"osm_id": "way/1164904271", "kind": "industrial", "name": "Industrial", "lon": 77.20728574210526, "lat": 28.464163836842108, "area_km2": 0.0151}, "geometry": {"type": "Polygon", "coordinates": [[[77.2060912, 28.4634004], [77.206195, 28.4633931], [77.2063592, 28.4639837], [77.2070096, 28.463979], [77.2070633, 28.4638328], [77.2075796, 28.4639566], [77.2088268, 28.4639212], [77.2088413, 28.4641832], [77.2085908, 28.4641971], [77.2085398, 28.4644588], [77.2078747, 28.4645461], [77.2078478, 28.4644683], [77.2073624, 28.4644683], [77.2073409, 28.4650012], [77.2068527, 28.4649941], [77.2068474, 28.4648267], [77.206834, 28.4640486], [77.2062814, 28.4640533], [77.2060912, 28.4634004]]]}}, {"type": "Feature", "properties": {"osm_id": "way/1165055515", "kind": "industrial", "name": "Industrial", "lon": 77.25255422000001, "lat": 28.49465644, "area_km2": 0.0073}, "geometry": {"type": "Polygon", "coordinates": [[[77.2525635, 28.4942118], [77.2531212, 28.4949601], [77.2526354, 28.4953248], [77.2518875, 28.4945737], [77.2525635, 28.4942118]]]}}, {"type": "Feature", "properties": {"osm_id": "way/1165055520", "kind": "school", "name": "School", "lon": 77.25168815714287, "lat": 28.505816514285716}, "geometry": {"type": "Point", "coordinates": [77.25168815714287, 28.505816514285716]}}, {"type": "Feature", "properties": {"osm_id": "way/1165055521", "kind": "school", "name": "Hamdarad Public School", "lon": 77.2503662142857, "lat": 28.50452687142857}, "geometry": {"type": "Point", "coordinates": [77.2503662142857, 28.50452687142857]}}, {"type": "Feature", "properties": {"osm_id": "way/1165055525", "kind": "school", "name": "Kendriya Vidyalaya", "lon": 77.25036834, "lat": 28.5113837}, "geometry": {"type": "Point", "coordinates": [77.25036834, 28.5113837]}}, {"type": "Feature", "properties": {"osm_id": "way/1165065392", "kind": "school", "name": "Apeejay School", "lon": 77.21909541333333, "lat": 28.536332833333333}, "geometry": {"type": "Point", "coordinates": [77.21909541333333, 28.536332833333333]}}, {"type": "Feature", "properties": {"osm_id": "way/1165662007", "kind": "industrial", "name": "City Bus Depot Sector 52/53", "lon": 77.10137825, "lat": 28.431879116666668, "area_km2": 0.0186}, "geometry": {"type": "Polygon", "coordinates": [[[77.0996774, 28.4327302], [77.0993759, 28.4324456], [77.1008358, 28.4316486], [77.1009142, 28.4316441], [77.100988, 28.4316399], [77.1019728, 28.4316261], [77.1020076, 28.4316256], [77.1021387, 28.4316237], [77.1027057, 28.4316157], [77.1028197, 28.4316141], [77.1034258, 28.4316056], [77.0996774, 28.4327302]]]}}, {"type": "Feature", "properties": {"osm_id": "way/1165663843", "kind": "school", "name": "Chalk Tree Global School", "lon": 77.071940925, "lat": 28.425241975000002}, "geometry": {"type": "Point", "coordinates": [77.071940925, 28.425241975000002]}}, {"type": "Feature", "properties": {"osm_id": "way/1166297008", "kind": "school", "name": "Presidium", "lon": 77.06838643500001, "lat": 28.422129769999998}, "geometry": {"type": "Point", "coordinates": [77.06838643500001, 28.422129769999998]}}, {"type": "Feature", "properties": {"osm_id": "way/1166772791", "kind": "school", "name": "Euro International School", "lon": 77.06706826153847, "lat": 28.42446109230769}, "geometry": {"type": "Point", "coordinates": [77.06706826153847, 28.42446109230769]}}, {"type": "Feature", "properties": {"osm_id": "way/1167290897", "kind": "school", "name": "Municipal Primary Coeducational School", "lon": 77.17207925, "lat": 28.715251887500003}, "geometry": {"type": "Point", "coordinates": [77.17207925, 28.715251887500003]}}, {"type": "Feature", "properties": {"osm_id": "way/1167759067", "kind": "hospital", "name": "Hospital", "lon": 77.16213306, "lat": 28.741752839999997}, "geometry": {"type": "Point", "coordinates": [77.16213306, 28.741752839999997]}}, {"type": "Feature", "properties": {"osm_id": "way/1168448453", "kind": "school", "name": "Madarasa Faiz-ul-Quran", "lon": 77.16011506666666, "lat": 28.739130616666667}, "geometry": {"type": "Point", "coordinates": [77.16011506666666, 28.739130616666667]}}, {"type": "Feature", "properties": {"osm_id": "way/1172006523", "kind": "school", "name": "MCD Primary School", "lon": 77.2766841, "lat": 28.63050062857143}, "geometry": {"type": "Point", "coordinates": [77.2766841, 28.63050062857143]}}, {"type": "Feature", "properties": {"osm_id": "way/1172313508", "kind": "school", "name": "School", "lon": 77.0585289, "lat": 28.560645119999997}, "geometry": {"type": "Point", "coordinates": [77.0585289, 28.560645119999997]}}, {"type": "Feature", "properties": {"osm_id": "way/1172653722", "kind": "school", "name": "Lotus Valley International School", "lon": 77.0684559142857, "lat": 28.416084157142855}, "geometry": {"type": "Point", "coordinates": [77.0684559142857, 28.416084157142855]}}, {"type": "Feature", "properties": {"osm_id": "way/1172654041", "kind": "school", "name": "Tagore Public School", "lon": 77.07209275, "lat": 28.4150711}, "geometry": {"type": "Point", "coordinates": [77.07209275, 28.4150711]}}, {"type": "Feature", "properties": {"osm_id": "way/1172655042", "kind": "school", "name": "DPS International", "lon": 77.062323225, "lat": 28.409110225000003}, "geometry": {"type": "Point", "coordinates": [77.062323225, 28.409110225000003]}}, {"type": "Feature", "properties": {"osm_id": "way/1172656368", "kind": "school", "name": "St. Xavier's High School", "lon": 77.05778246666667, "lat": 28.407332075}, "geometry": {"type": "Point", "coordinates": [77.05778246666667, 28.407332075]}}, {"type": "Feature", "properties": {"osm_id": "way/1173264768", "kind": "school", "name": "School", "lon": 77.13350034, "lat": 28.74258998}, "geometry": {"type": "Point", "coordinates": [77.13350034, 28.74258998]}}, {"type": "Feature", "properties": {"osm_id": "way/1173994498", "kind": "school", "name": "Victor Public School", "lon": 77.27811964285715, "lat": 28.690188900000003}, "geometry": {"type": "Point", "coordinates": [77.27811964285715, 28.690188900000003]}}, {"type": "Feature", "properties": {"osm_id": "way/1174697495", "kind": "industrial", "name": "Rohini Sector 37 Bus Depot 1", "lon": 77.05352296, "lat": 28.74647816, "area_km2": 0.0241}, "geometry": {"type": "Polygon", "coordinates": [[[77.0533438, 28.7472645], [77.0546044, 28.7467378], [77.0537622, 28.7452751], [77.0525606, 28.7458489], [77.0533438, 28.7472645]]]}}, {"type": "Feature", "properties": {"osm_id": "way/1174709235", "kind": "school", "name": "School", "lon": 77.09479914, "lat": 28.82931904}, "geometry": {"type": "Point", "coordinates": [77.09479914, 28.82931904]}}, {"type": "Feature", "properties": {"osm_id": "way/1175896957", "kind": "school", "name": "Municipal Primary Coeducational School", "lon": 77.16248011428571, "lat": 28.7530993}, "geometry": {"type": "Point", "coordinates": [77.16248011428571, 28.7530993]}}, {"type": "Feature", "properties": {"osm_id": "way/1176576163", "kind": "industrial", "name": "Parvati Private Limited", "lon": 77.16142576, "lat": 28.7223892, "area_km2": 0.0017}, "geometry": {"type": "Polygon", "coordinates": [[[77.1614124, 28.7226147], [77.1617057, 28.7222147], [77.1614544, 28.7220492], [77.1611439, 28.7224527], [77.1614124, 28.7226147]]]}}, {"type": "Feature", "properties": {"osm_id": "way/1177222902", "kind": "school", "name": "Arya Model School", "lon": 77.17788526666666, "lat": 28.720028016666664}, "geometry": {"type": "Point", "coordinates": [77.17788526666666, 28.720028016666664]}}, {"type": "Feature", "properties": {"osm_id": "way/1178553640", "kind": "school", "name": "Shiv Shakti Public School", "lon": 77.16310156, "lat": 28.742588239999996}, "geometry": {"type": "Point", "coordinates": [77.16310156, 28.742588239999996]}}, {"type": "Feature", "properties": {"osm_id": "way/1179943438", "kind": "school", "name": "Nav Jyoti Public School", "lon": 77.15964626, "lat": 28.743846480000002}, "geometry": {"type": "Point", "coordinates": [77.15964626, 28.743846480000002]}}, {"type": "Feature", "properties": {"osm_id": "way/1180109246", "kind": "school", "name": "Gyan Sarovar School", "lon": 77.15415136, "lat": 28.74358274}, "geometry": {"type": "Point", "coordinates": [77.15415136, 28.74358274]}}, {"type": "Feature", "properties": {"osm_id": "way/1182049037", "kind": "school", "name": "School", "lon": 77.17987716249999, "lat": 28.7179332125}, "geometry": {"type": "Point", "coordinates": [77.17987716249999, 28.7179332125]}}, {"type": "Feature", "properties": {"osm_id": "way/1182654815", "kind": "school", "name": "Devraji Narayan Public School", "lon": 77.15598433333334, "lat": 28.74741786666667}, "geometry": {"type": "Point", "coordinates": [77.15598433333334, 28.74741786666667]}}, {"type": "Feature", "properties": {"osm_id": "way/1189514218", "kind": "school", "name": "School", "lon": 77.16129372857144, "lat": 28.735484942857145}, "geometry": {"type": "Point", "coordinates": [77.16129372857144, 28.735484942857145]}}, {"type": "Feature", "properties": {"osm_id": "way/1189852220", "kind": "school", "name": "School", "lon": 77.1818326375, "lat": 28.749668737500002}, "geometry": {"type": "Point", "coordinates": [77.1818326375, 28.749668737500002]}}, {"type": "Feature", "properties": {"osm_id": "way/1189852224", "kind": "school", "name": "School", "lon": 77.1811058, "lat": 28.750245914285717}, "geometry": {"type": "Point", "coordinates": [77.1811058, 28.750245914285717]}}, {"type": "Feature", "properties": {"osm_id": "way/1191217053", "kind": "school", "name": "Rav Mehar Chand Saraswati Vidya Mandir", "lon": 77.17190638333334, "lat": 28.7540494}, "geometry": {"type": "Point", "coordinates": [77.17190638333334, 28.7540494]}}, {"type": "Feature", "properties": {"osm_id": "way/1191246332", "kind": "industrial", "name": "Industrial", "lon": 77.3461315, "lat": 28.754396559999996, "area_km2": 0.0104}, "geometry": {"type": "Polygon", "coordinates": [[[77.3459175, 28.7548827], [77.3468329, 28.7545939], [77.3464525, 28.7536673], [77.3455371, 28.7539562], [77.3459175, 28.7548827]]]}}, {"type": "Feature", "properties": {"osm_id": "way/1191246333", "kind": "industrial", "name": "Industrial", "lon": 77.3451543, "lat": 28.75549752, "area_km2": 0.01}, "geometry": {"type": "Polygon", "coordinates": [[[77.3445252, 28.7554394], [77.3448132, 28.7560503], [77.346098, 28.7555847], [77.3458099, 28.7549738], [77.3445252, 28.7554394]]]}}, {"type": "Feature", "properties": {"osm_id": "way/1191246334", "kind": "industrial", "name": "Industrial", "lon": 77.34060298, "lat": 28.75934578, "area_km2": 0.0184}, "geometry": {"type": "Polygon", "coordinates": [[[77.3400895, 28.7588325], [77.340258, 28.7603085], [77.3415287, 28.7601057], [77.3410492, 28.7586497], [77.3400895, 28.7588325]]]}}, {"type": "Feature", "properties": {"osm_id": "way/1191246335", "kind": "industrial", "name": "Industrial", "lon": 77.34510128, "lat": 28.75882532, "area_km2": 0.0081}, "geometry": {"type": "Polygon", "coordinates": [[[77.345469, 28.7584414], [77.3442995, 28.7588476], [77.3445497, 28.7594012], [77.3457192, 28.758995], [77.345469, 28.7584414]]]}}, {"type": "Feature", "properties": {"osm_id": "way/1191246336", "kind": "industrial", "name": "Industrial", "lon": 77.34885548, "lat": 28.7641655, "area_km2": 0.0081}, "geometry": {"type": "Polygon", "coordinates": [[[77.3488542, 28.763695], [77.3482169, 28.7641036], [77.3488574, 28.7648712], [77.3494947, 28.7644627], [77.3488542, 28.763695]]]}}, {"type": "Feature", "properties": {"osm_id": "way/1191246339", "kind": "industrial", "name": "Industrial", "lon": 77.34648408000001, "lat": 28.76364976, "area_km2": 0.0093}, "geometry": {"type": "Polygon", "coordinates": [[[77.3459145, 28.763655], [77.3464506, 28.7642532], [77.3473384, 28.7636419], [77.3468024, 28.7630437], [77.3459145, 28.763655]]]}}, {"type": "Feature", "properties": {"osm_id": "way/1191246340", "kind": "industrial", "name": "Industrial", "lon": 77.34547288, "lat": 28.76137424, "area_km2": 0.0111}, "geometry": {"type": "Polygon", "coordinates": [[[77.3448235, 28.7614022], [77.345982, 28.7607229], [77.346447, 28.7613323], [77.3452884, 28.7620116], [77.3448235, 28.7614022]]]}}, {"type": "Feature", "properties": {"osm_id": "way/1192637679", "kind": "school", "name": "School", "lon": 77.16782751999999, "lat": 28.75070348}, "geometry": {"type": "Point", "coordinates": [77.16782751999999, 28.75070348]}}, {"type": "Feature", "properties": {"osm_id": "way/1193556052", "kind": "hospital", "name": "Kailash Deepak Hospital", "lon": 77.3012463, "lat": 28.645111280000002}, "geometry": {"type": "Point", "coordinates": [77.3012463, 28.645111280000002]}}, {"type": "Feature", "properties": {"osm_id": "way/1193571517", "kind": "school", "name": "Holy Trinity School", "lon": 77.30579917142857, "lat": 28.635334914285714}, "geometry": {"type": "Point", "coordinates": [77.30579917142857, 28.635334914285714]}}, {"type": "Feature", "properties": {"osm_id": "way/1195003750", "kind": "school", "name": "Ambience Public School", "lon": 77.09416647142858, "lat": 28.452948142857142}, "geometry": {"type": "Point", "coordinates": [77.09416647142858, 28.452948142857142]}}, {"type": "Feature", "properties": {"osm_id": "way/1195536863", "kind": "school", "name": "Government Coeducational Senior Secondary School", "lon": 77.2942786, "lat": 28.636591116666665}, "geometry": {"type": "Point", "coordinates": [77.2942786, 28.636591116666665]}}, {"type": "Feature", "properties": {"osm_id": "way/1195536864", "kind": "hospital", "name": "Metro Hospital and Cancer Institute", "lon": 77.29494396666666, "lat": 28.638440333333335}, "geometry": {"type": "Point", "coordinates": [77.29494396666666, 28.638440333333335]}}, {"type": "Feature", "properties": {"osm_id": "way/1197498942", "kind": "hospital", "name": "SGT Medical College Hospital & Research Institute", "lon": 76.903265265, "lat": 28.477544275000003}, "geometry": {"type": "Point", "coordinates": [76.903265265, 28.477544275000003]}}, {"type": "Feature", "properties": {"osm_id": "way/1198008802", "kind": "school", "name": "MCD Primary Coeducational School", "lon": 77.17718053333333, "lat": 28.71221291666667}, "geometry": {"type": "Point", "coordinates": [77.17718053333333, 28.71221291666667]}}, {"type": "Feature", "properties": {"osm_id": "way/1198073376", "kind": "industrial", "name": "Industrial", "lon": 77.29931368, "lat": 28.656743999999996, "area_km2": 0.0156}, "geometry": {"type": "Polygon", "coordinates": [[[77.2984698, 28.6568945], [77.3003865, 28.6572294], [77.3005838, 28.6565408], [77.2986585, 28.6561608], [77.2984698, 28.6568945]]]}}, {"type": "Feature", "properties": {"osm_id": "way/1198073377", "kind": "industrial", "name": "Industrial", "lon": 77.30079325714284, "lat": 28.656971357142858, "area_km2": 0.0027}, "geometry": {"type": "Polygon", "coordinates": [[[77.3005452, 28.6572783], [77.3009611, 28.6573498], [77.3010426, 28.6568794], [77.3008496, 28.656838], [77.3009053, 28.6566048], [77.3007038, 28.6565709], [77.3005452, 28.6572783]]]}}, {"type": "Feature", "properties": {"osm_id": "way/1200970627", "kind": "school", "name": "School", "lon": 77.25557771111112, "lat": 28.59144185555556}, "geometry": {"type": "Point", "coordinates": [77.25557771111112, 28.59144185555556]}}, {"type": "Feature", "properties": {"osm_id": "way/1202955813", "kind": "school", "name": "Sarvodaya Vidyalaya", "lon": 77.21988926666667, "lat": 28.580029544444447}, "geometry": {"type": "Point", "coordinates": [77.21988926666667, 28.580029544444447]}}, {"type": "Feature", "properties": {"osm_id": "way/1203630504", "kind": "hospital", "name": "Sant Parmanand Hospital", "lon": 77.23784754, "lat": 28.663114880000002}, "geometry": {"type": "Point", "coordinates": [77.23784754, 28.663114880000002]}}, {"type": "Feature", "properties": {"osm_id": "way/1211751325", "kind": "school", "name": "Silver Oak Public School", "lon": 77.15160284285714, "lat": 28.752378}, "geometry": {"type": "Point", "coordinates": [77.15160284285714, 28.752378]}}, {"type": "Feature", "properties": {"osm_id": "way/1215808818", "kind": "school", "name": "School", "lon": 77.1942007, "lat": 28.56236842222222}, "geometry": {"type": "Point", "coordinates": [77.1942007, 28.56236842222222]}}, {"type": "Feature", "properties": {"osm_id": "way/1218692058", "kind": "school", "name": "Manav Rachna International School, Sector 46", "lon": 77.05964046, "lat": 28.43823378}, "geometry": {"type": "Point", "coordinates": [77.05964046, 28.43823378]}}, {"type": "Feature", "properties": {"osm_id": "way/1228387143", "kind": "hospital", "name": "Sant Soham Hospital", "lon": 77.11294566000001, "lat": 28.73560276}, "geometry": {"type": "Point", "coordinates": [77.11294566000001, 28.73560276]}}, {"type": "Feature", "properties": {"osm_id": "way/1228658291", "kind": "school", "name": "Windsor International School", "lon": 77.06924511428572, "lat": 28.431982514285714}, "geometry": {"type": "Point", "coordinates": [77.06924511428572, 28.431982514285714]}}, {"type": "Feature", "properties": {"osm_id": "way/1230503927", "kind": "school", "name": "GD Goenka School", "lon": 77.30637423333333, "lat": 28.647343983333332}, "geometry": {"type": "Point", "coordinates": [77.30637423333333, 28.647343983333332]}}, {"type": "Feature", "properties": {"osm_id": "way/1231060699", "kind": "school", "name": "VSPK International School (Juniors)", "lon": 77.10932054, "lat": 28.73471058}, "geometry": {"type": "Point", "coordinates": [77.10932054, 28.73471058]}}, {"type": "Feature", "properties": {"osm_id": "way/1233494009", "kind": "school", "name": "Delhi International Junior School", "lon": 77.11099198333334, "lat": 28.7354218}, "geometry": {"type": "Point", "coordinates": [77.11099198333334, 28.7354218]}}, {"type": "Feature", "properties": {"osm_id": "way/1236258245", "kind": "school", "name": "Garima Public School", "lon": 77.06770918, "lat": 28.42642704}, "geometry": {"type": "Point", "coordinates": [77.06770918, 28.42642704]}}, {"type": "Feature", "properties": {"osm_id": "way/1238227755", "kind": "school", "name": "RPS International School", "lon": 77.05302421428571, "lat": 28.419923814285713}, "geometry": {"type": "Point", "coordinates": [77.05302421428571, 28.419923814285713]}}, {"type": "Feature", "properties": {"osm_id": "way/1239058520", "kind": "school", "name": "Delhi International Public School", "lon": 77.12333092857143, "lat": 28.711382571428572}, "geometry": {"type": "Point", "coordinates": [77.12333092857143, 28.711382571428572]}}, {"type": "Feature", "properties": {"osm_id": "way/1239819924", "kind": "school", "name": "Arwachin International School", "lon": 77.31587687999999, "lat": 28.67890086}, "geometry": {"type": "Point", "coordinates": [77.31587687999999, 28.67890086]}}, {"type": "Feature", "properties": {"osm_id": "way/1242250069", "kind": "school", "name": "Raghubir Singh Junior Modern School", "lon": 77.22804246875, "lat": 28.60382404375}, "geometry": {"type": "Point", "coordinates": [77.22804246875, 28.60382404375]}}, {"type": "Feature", "properties": {"osm_id": "way/1247152360", "kind": "hospital", "name": "SCI International Hospital", "lon": 77.23400043333332, "lat": 28.54985825}, "geometry": {"type": "Point", "coordinates": [77.23400043333332, 28.54985825]}}, {"type": "Feature", "properties": {"osm_id": "way/1251507782", "kind": "school", "name": "Vivek Summit School", "lon": 77.17414106, "lat": 28.64249342}, "geometry": {"type": "Point", "coordinates": [77.17414106, 28.64249342]}}, {"type": "Feature", "properties": {"osm_id": "way/1251555213", "kind": "school", "name": "DAV Public School", "lon": 77.04855795, "lat": 28.408510160000002}, "geometry": {"type": "Point", "coordinates": [77.04855795, 28.408510160000002]}}, {"type": "Feature", "properties": {"osm_id": "way/1254836891", "kind": "school", "name": "School", "lon": 77.0929304, "lat": 28.590122259999998}, "geometry": {"type": "Point", "coordinates": [77.0929304, 28.590122259999998]}}, {"type": "Feature", "properties": {"osm_id": "way/1255202259", "kind": "school", "name": "School", "lon": 77.16106214, "lat": 28.53626386}, "geometry": {"type": "Point", "coordinates": [77.16106214, 28.53626386]}}, {"type": "Feature", "properties": {"osm_id": "way/1256644347", "kind": "school", "name": "Hillwoods Academy", "lon": 77.29970606666667, "lat": 28.642186944444443}, "geometry": {"type": "Point", "coordinates": [77.29970606666667, 28.642186944444443]}}, {"type": "Feature", "properties": {"osm_id": "way/1257176959", "kind": "school", "name": "Cricket Ground", "lon": 77.330297, "lat": 28.507466228571428}, "geometry": {"type": "Point", "coordinates": [77.330297, 28.507466228571428]}}, {"type": "Feature", "properties": {"osm_id": "way/1257188607", "kind": "school", "name": "Sarvodya Kanya Vidyalaya Rajokari", "lon": 77.10886484444444, "lat": 28.518248066666665}, "geometry": {"type": "Point", "coordinates": [77.10886484444444, 28.518248066666665]}}, {"type": "Feature", "properties": {"osm_id": "way/1257188608", "kind": "school", "name": "Government Boys Senior Secondary School Rajokari", "lon": 77.10935406666667, "lat": 28.518071675}, "geometry": {"type": "Point", "coordinates": [77.10935406666667, 28.518071675]}}, {"type": "Feature", "properties": {"osm_id": "way/1257188609", "kind": "school", "name": "Rajkiya Pratibha Baal Vidyalaya", "lon": 77.1091886, "lat": 28.51746622}, "geometry": {"type": "Point", "coordinates": [77.1091886, 28.51746622]}}, {"type": "Feature", "properties": {"osm_id": "way/1258160793", "kind": "school", "name": "School", "lon": 77.34027026, "lat": 28.582223039999995}, "geometry": {"type": "Point", "coordinates": [77.34027026, 28.582223039999995]}}, {"type": "Feature", "properties": {"osm_id": "way/1258165107", "kind": "school", "name": "Bal Bharti Public School Grounds", "lon": 77.33714594, "lat": 28.58530774}, "geometry": {"type": "Point", "coordinates": [77.33714594, 28.58530774]}}, {"type": "Feature", "properties": {"osm_id": "way/1258318727", "kind": "school", "name": "k block school", "lon": 77.16672574, "lat": 28.7303941}, "geometry": {"type": "Point", "coordinates": [77.16672574, 28.7303941]}}, {"type": "Feature", "properties": {"osm_id": "way/1258323655", "kind": "school", "name": "skv school ground", "lon": 77.16765352, "lat": 28.726882999999997}, "geometry": {"type": "Point", "coordinates": [77.16765352, 28.726882999999997]}}, {"type": "Feature", "properties": {"osm_id": "way/1260639571", "kind": "industrial", "name": "Industrial", "lon": 77.24797442, "lat": 28.709449590000002, "area_km2": 0.0263}, "geometry": {"type": "Polygon", "coordinates": [[[77.2478221, 28.7100784], [77.2481641, 28.7099344], [77.2486013, 28.7106654], [77.2493309, 28.7103866], [77.2480488, 28.7080518], [77.247338, 28.7083411], [77.2474795, 28.7086119], [77.247735, 28.709101], [77.2474024, 28.7092469], [77.2478221, 28.7100784]]]}}, {"type": "Feature", "properties": {"osm_id": "way/1263294317", "kind": "school", "name": "Kamala Nehru Sarvodaya Kanya Vidyalaya", "lon": 77.24210983333333, "lat": 28.582949850000002}, "geometry": {"type": "Point", "coordinates": [77.24210983333333, 28.582949850000002]}}, {"type": "Feature", "properties": {"osm_id": "way/1263441837", "kind": "school", "name": "Government Boy Senior Secondary School", "lon": 77.24208766, "lat": 28.58344548666667}, "geometry": {"type": "Point", "coordinates": [77.24208766, 28.58344548666667]}}, {"type": "Feature", "properties": {"osm_id": "way/1265520907", "kind": "school", "name": "School", "lon": 77.28574048, "lat": 28.62849146}, "geometry": {"type": "Point", "coordinates": [77.28574048, 28.62849146]}}, {"type": "Feature", "properties": {"osm_id": "way/1266549543", "kind": "school", "name": "Shaheed Hemu Kalani Rajkiya Sarvoday Bal Vidyalay", "lon": 77.24514806666667, "lat": 28.566228133333336}, "geometry": {"type": "Point", "coordinates": [77.24514806666667, 28.566228133333336]}}, {"type": "Feature", "properties": {"osm_id": "way/1266549560", "kind": "hospital", "name": "Lajpat Nagar Colony Hospital", "lon": 77.245058875, "lat": 28.5689504}, "geometry": {"type": "Point", "coordinates": [77.245058875, 28.5689504]}}, {"type": "Feature", "properties": {"osm_id": "way/1267054047", "kind": "hospital", "name": "Shri Dada Dev Matri Avum Shishu Chikitsalaya", "lon": 77.0822935857143, "lat": 28.609903857142857}, "geometry": {"type": "Point", "coordinates": [77.0822935857143, 28.609903857142857]}}, {"type": "Feature", "properties": {"osm_id": "way/1268148608", "kind": "school", "name": "Taurus Army Pre-Primary School", "lon": 77.12605976, "lat": 28.592228499999997}, "geometry": {"type": "Point", "coordinates": [77.12605976, 28.592228499999997]}}, {"type": "Feature", "properties": {"osm_id": "way/1268148609", "kind": "school", "name": "Sarvodaya Bal Vidyalaya", "lon": 77.12534783999999, "lat": 28.592270660000004}, "geometry": {"type": "Point", "coordinates": [77.12534783999999, 28.592270660000004]}}, {"type": "Feature", "properties": {"osm_id": "way/1268148610", "kind": "school", "name": "Sarvodaya Kanya Vidyalaya", "lon": 77.1248772, "lat": 28.59245368}, "geometry": {"type": "Point", "coordinates": [77.1248772, 28.59245368]}}, {"type": "Feature", "properties": {"osm_id": "way/1270565221", "kind": "school", "name": "Dharav High School", "lon": 77.06737214736842, "lat": 28.428151805263155}, "geometry": {"type": "Point", "coordinates": [77.06737214736842, 28.428151805263155]}}, {"type": "Feature", "properties": {"osm_id": "way/1270574322", "kind": "school", "name": "Alpine Convent School, Sector 10", "lon": 76.9938498625, "lat": 28.455624275}, "geometry": {"type": "Point", "coordinates": [76.9938498625, 28.455624275]}}, {"type": "Feature", "properties": {"osm_id": "way/1270574330", "kind": "school", "name": "Shalom Hills International School", "lon": 77.08433688333334, "lat": 28.44851015}, "geometry": {"type": "Point", "coordinates": [77.08433688333334, 28.44851015]}}, {"type": "Feature", "properties": {"osm_id": "way/1270655648", "kind": "school", "name": "MCD Primary School", "lon": 77.23958972727273, "lat": 28.571598490909093}, "geometry": {"type": "Point", "coordinates": [77.23958972727273, 28.571598490909093]}}, {"type": "Feature", "properties": {"osm_id": "way/1270694617", "kind": "school", "name": "GAV International School", "lon": 77.07217988, "lat": 28.4334931}, "geometry": {"type": "Point", "coordinates": [77.07217988, 28.4334931]}}, {"type": "Feature", "properties": {"osm_id": "way/1271204409", "kind": "school", "name": "Sarvodaya Kanya Vidyalaya", "lon": 77.20723197999999, "lat": 28.67757598}, "geometry": {"type": "Point", "coordinates": [77.20723197999999, 28.67757598]}}, {"type": "Feature", "properties": {"osm_id": "way/1273976158", "kind": "school", "name": "Kendriya Vidyalaya 1", "lon": 77.11859209375, "lat": 28.59158195625}, "geometry": {"type": "Point", "coordinates": [77.11859209375, 28.59158195625]}}, {"type": "Feature", "properties": {"osm_id": "way/1278167327", "kind": "hospital", "name": "Central Government Health Scheme Wellness Centre", "lon": 77.11990793999999, "lat": 28.590883580000003}, "geometry": {"type": "Point", "coordinates": [77.11990793999999, 28.590883580000003]}}, {"type": "Feature", "properties": {"osm_id": "way/1283259032", "kind": "school", "name": "Kripa Centre For Differently Abled Children", "lon": 77.12318341666666, "lat": 28.59734055}, "geometry": {"type": "Point", "coordinates": [77.12318341666666, 28.59734055]}}, {"type": "Feature", "properties": {"osm_id": "way/1283259033", "kind": "school", "name": "Sardar Vallabhbhai Patel Senior Secondary School", "lon": 77.12261705, "lat": 28.597526391666666}, "geometry": {"type": "Point", "coordinates": [77.12261705, 28.597526391666666]}}, {"type": "Feature", "properties": {"osm_id": "way/1283617038", "kind": "school", "name": "Geeta Shiksha Kendra", "lon": 77.1203515875, "lat": 28.5931542375}, "geometry": {"type": "Point", "coordinates": [77.1203515875, 28.5931542375]}}, {"type": "Feature", "properties": {"osm_id": "way/1284841792", "kind": "hospital", "name": "Birla Fertility & IVF", "lon": 77.13192698, "lat": 28.6676892}, "geometry": {"type": "Point", "coordinates": [77.13192698, 28.6676892]}}, {"type": "Feature", "properties": {"osm_id": "way/1286481105", "kind": "school", "name": "Silver Oak", "lon": 77.12398603333334, "lat": 28.59695818333333}, "geometry": {"type": "Point", "coordinates": [77.12398603333334, 28.59695818333333]}}, {"type": "Feature", "properties": {"osm_id": "way/1286500696", "kind": "school", "name": "Rose Merry Convent School", "lon": 77.2763918625, "lat": 28.6632610625}, "geometry": {"type": "Point", "coordinates": [77.2763918625, 28.6632610625]}}, {"type": "Feature", "properties": {"osm_id": "way/1286500704", "kind": "school", "name": "Geeta Bal Bharti Senior Secondary School", "lon": 77.27483426111111, "lat": 28.663905472222226}, "geometry": {"type": "Point", "coordinates": [77.27483426111111, 28.663905472222226]}}, {"type": "Feature", "properties": {"osm_id": "way/1286855146", "kind": "industrial", "name": "Industrial", "lon": 77.28055648, "lat": 28.507881759999997, "area_km2": 0.0578}, "geometry": {"type": "Polygon", "coordinates": [[[77.2792777, 28.5071765], [77.2806939, 28.5096891], [77.2824079, 28.5088476], [77.2811252, 28.5065191], [77.2792777, 28.5071765]]]}}, {"type": "Feature", "properties": {"osm_id": "way/1287282319", "kind": "school", "name": "AVB Public School", "lon": 77.30544778571428, "lat": 28.627053571428572}, "geometry": {"type": "Point", "coordinates": [77.30544778571428, 28.627053571428572]}}, {"type": "Feature", "properties": {"osm_id": "way/1287923418", "kind": "school", "name": "Rajkiya Sarvodaya Kanya/Bal Vidyalaya", "lon": 77.30554792666666, "lat": 28.62087005333333}, "geometry": {"type": "Point", "coordinates": [77.30554792666666, 28.62087005333333]}}, {"type": "Feature", "properties": {"osm_id": "way/1288662714", "kind": "school", "name": "MCD Pratibha Vikas Vidyalaya Palam New", "lon": 77.07379352800001, "lat": 28.585770976}, "geometry": {"type": "Point", "coordinates": [77.07379352800001, 28.585770976]}}, {"type": "Feature", "properties": {"osm_id": "way/1288672260", "kind": "school", "name": "Shri Guru Nanak Khalsa Girls Senior Secondary School", "lon": 77.12026116923077, "lat": 28.59234022307692}, "geometry": {"type": "Point", "coordinates": [77.12026116923077, 28.59234022307692]}}, {"type": "Feature", "properties": {"osm_id": "way/1289149664", "kind": "school", "name": "Delhi Area Primary School 2", "lon": 77.11738768000001, "lat": 28.59022134}, "geometry": {"type": "Point", "coordinates": [77.11738768000001, 28.59022134]}}, {"type": "Feature", "properties": {"osm_id": "way/1290597493", "kind": "hospital", "name": "Minimal Access Smart Surgery Hospital", "lon": 77.24959118000001, "lat": 28.54677288}, "geometry": {"type": "Point", "coordinates": [77.24959118000001, 28.54677288]}}, {"type": "Feature", "properties": {"osm_id": "way/1291713625", "kind": "school", "name": "Shri Santan Dharam Coeducational Secondary School", "lon": 77.12061654166666, "lat": 28.592776933333337}, "geometry": {"type": "Point", "coordinates": [77.12061654166666, 28.592776933333337]}}, {"type": "Feature", "properties": {"osm_id": "way/1291724982", "kind": "school", "name": "Rahman Public School", "lon": 77.30315332, "lat": 28.547642180000004}, "geometry": {"type": "Point", "coordinates": [77.30315332, 28.547642180000004]}}, {"type": "Feature", "properties": {"osm_id": "way/1291730896", "kind": "school", "name": "Sarvodaya Kanya Vidayalya Noor Nagar", "lon": 77.287809625, "lat": 28.556722075}, "geometry": {"type": "Point", "coordinates": [77.287809625, 28.556722075]}}, {"type": "Feature", "properties": {"osm_id": "way/1291731980", "kind": "school", "name": "Smart Kids Public School", "lon": 77.29559878, "lat": 28.55594044}, "geometry": {"type": "Point", "coordinates": [77.29559878, 28.55594044]}}, {"type": "Feature", "properties": {"osm_id": "way/1291787161", "kind": "school", "name": "Govt. Girls Senior Secondary School", "lon": 77.305111125, "lat": 28.66905465}, "geometry": {"type": "Point", "coordinates": [77.305111125, 28.66905465]}}, {"type": "Feature", "properties": {"osm_id": "way/1291813328", "kind": "school", "name": "PM Shri Central School", "lon": 77.30796325238096, "lat": 28.665586690476193}, "geometry": {"type": "Point", "coordinates": [77.30796325238096, 28.665586690476193]}}, {"type": "Feature", "properties": {"osm_id": "way/1292111941", "kind": "school", "name": "Jhori Mal International School", "lon": 77.06851774285714, "lat": 28.595387285714285}, "geometry": {"type": "Point", "coordinates": [77.06851774285714, 28.595387285714285]}}, {"type": "Feature", "properties": {"osm_id": "way/1292561972", "kind": "school", "name": "Happy English School", "lon": 77.28325823333334, "lat": 28.65984505}, "geometry": {"type": "Point", "coordinates": [77.28325823333334, 28.65984505]}}, {"type": "Feature", "properties": {"osm_id": "way/1294939122", "kind": "school", "name": "Veer Savarkar Sarvodaya Kanya Vidyalaya Number 1", "lon": 77.25005644444444, "lat": 28.545228111111115}, "geometry": {"type": "Point", "coordinates": [77.25005644444444, 28.545228111111115]}}, {"type": "Feature", "properties": {"osm_id": "way/1296209246", "kind": "school", "name": "Kalka Public School", "lon": 77.28580167999999, "lat": 28.46078508}, "geometry": {"type": "Point", "coordinates": [77.28580167999999, 28.46078508]}}, {"type": "Feature", "properties": {"osm_id": "way/1296268637", "kind": "hospital", "name": "New Outpatient Department\nComplex", "lon": 77.12917100384615, "lat": 28.6105537}, "geometry": {"type": "Point", "coordinates": [77.12917100384615, 28.6105537]}}, {"type": "Feature", "properties": {"osm_id": "way/1297323011", "kind": "hospital", "name": "Hospital", "lon": 77.22837799999999, "lat": 28.571644600000003}, "geometry": {"type": "Point", "coordinates": [77.22837799999999, 28.571644600000003]}}, {"type": "Feature", "properties": {"osm_id": "way/1297687815", "kind": "school", "name": "Adriel High", "lon": 77.08882152, "lat": 28.72523296}, "geometry": {"type": "Point", "coordinates": [77.08882152, 28.72523296]}}, {"type": "Feature", "properties": {"osm_id": "way/1297701239", "kind": "school", "name": "De Indian Public School", "lon": 77.08785162000001, "lat": 28.729349120000002}, "geometry": {"type": "Point", "coordinates": [77.08785162000001, 28.729349120000002]}}, {"type": "Feature", "properties": {"osm_id": "way/1298506145", "kind": "school", "name": "Government Sarvodaya Kanya Vidyalaya Number 1", "lon": 77.19655305, "lat": 28.574807800000002}, "geometry": {"type": "Point", "coordinates": [77.19655305, 28.574807800000002]}}, {"type": "Feature", "properties": {"osm_id": "way/1298522497", "kind": "school", "name": "GD Goenka", "lon": 77.12346308333333, "lat": 28.719036149999997}, "geometry": {"type": "Point", "coordinates": [77.12346308333333, 28.719036149999997]}}, {"type": "Feature", "properties": {"osm_id": "way/1298724609", "kind": "school", "name": "Bharat Sevak Samaj Public School", "lon": 77.19493164000001, "lat": 28.576668719999997}, "geometry": {"type": "Point", "coordinates": [77.19493164000001, 28.576668719999997]}}, {"type": "Feature", "properties": {"osm_id": "way/1298770077", "kind": "school", "name": "New Delhi Municipal Corporation School", "lon": 77.19477496, "lat": 28.577174839999998}, "geometry": {"type": "Point", "coordinates": [77.19477496, 28.577174839999998]}}, {"type": "Feature", "properties": {"osm_id": "way/1301129446", "kind": "school", "name": "MCD PRIMARY SCHOOL NO. 2", "lon": 77.2352985, "lat": 28.5251751}, "geometry": {"type": "Point", "coordinates": [77.2352985, 28.5251751]}}, {"type": "Feature", "properties": {"osm_id": "way/1301241681", "kind": "school", "name": "Ramjas Primary School", "lon": 77.21149666, "lat": 28.637803280000004}, "geometry": {"type": "Point", "coordinates": [77.21149666, 28.637803280000004]}}, {"type": "Feature", "properties": {"osm_id": "way/1302884211", "kind": "school", "name": "Lovely Vista School", "lon": 77.28619775555555, "lat": 28.634018577777777}, "geometry": {"type": "Point", "coordinates": [77.28619775555555, 28.634018577777777]}}, {"type": "Feature", "properties": {"osm_id": "way/1303267775", "kind": "school", "name": "The Sovereign School", "lon": 77.09286454000001, "lat": 28.724461459999997}, "geometry": {"type": "Point", "coordinates": [77.09286454000001, 28.724461459999997]}}, {"type": "Feature", "properties": {"osm_id": "way/1304219725", "kind": "school", "name": "Gittaratan Jindal School", "lon": 77.11866832000001, "lat": 28.71142084}, "geometry": {"type": "Point", "coordinates": [77.11866832000001, 28.71142084]}}, {"type": "Feature", "properties": {"osm_id": "way/1311579525", "kind": "school", "name": "Rajkiya Sarvodaya Kanya/Bal Vidyalaya", "lon": 77.2909082, "lat": 28.6140051}, "geometry": {"type": "Point", "coordinates": [77.2909082, 28.6140051]}}, {"type": "Feature", "properties": {"osm_id": "way/1316349829", "kind": "school", "name": "Assembly Ground", "lon": 77.12396944, "lat": 28.601504499999997}, "geometry": {"type": "Point", "coordinates": [77.12396944, 28.601504499999997]}}, {"type": "Feature", "properties": {"osm_id": "way/1316624674", "kind": "school", "name": "Shankar Public School", "lon": 77.29476751428571, "lat": 28.62707522857143}, "geometry": {"type": "Point", "coordinates": [77.29476751428571, 28.62707522857143]}}, {"type": "Feature", "properties": {"osm_id": "way/1316624679", "kind": "school", "name": "MCD Model School", "lon": 77.29525994285714, "lat": 28.627751414285715}, "geometry": {"type": "Point", "coordinates": [77.29525994285714, 28.627751414285715]}}, {"type": "Feature", "properties": {"osm_id": "way/1317321243", "kind": "school", "name": "Saint Martin\u2019s Diocesan School", "lon": 77.14570991428572, "lat": 28.596083757142857}, "geometry": {"type": "Point", "coordinates": [77.14570991428572, 28.596083757142857]}}, {"type": "Feature", "properties": {"osm_id": "way/1317873577", "kind": "school", "name": "MCD School", "lon": 77.04714414, "lat": 28.612621660000002}, "geometry": {"type": "Point", "coordinates": [77.04714414, 28.612621660000002]}}, {"type": "Feature", "properties": {"osm_id": "way/1317876455", "kind": "school", "name": "Army Public School, Noida", "lon": 77.339276575, "lat": 28.56679576666667}, "geometry": {"type": "Point", "coordinates": [77.339276575, 28.56679576666667]}}, {"type": "Feature", "properties": {"osm_id": "way/1318605608", "kind": "industrial", "name": "Burari Bus Depot 1", "lon": 77.19233334285715, "lat": 28.733130457142856, "area_km2": 0.0184}, "geometry": {"type": "Polygon", "coordinates": [[[77.1924386, 28.7337691], [77.1928008, 28.7336942], [77.1929031, 28.7336006], [77.1922865, 28.731674], [77.1914805, 28.7318573], [77.1919853, 28.7335489], [77.1924386, 28.7337691]]]}}, {"type": "Feature", "properties": {"osm_id": "way/1321574340", "kind": "school", "name": "Kendriya Vidyalaya, Sector 25, Rohini", "lon": 77.09264197142856, "lat": 28.735640614285717}, "geometry": {"type": "Point", "coordinates": [77.09264197142856, 28.735640614285717]}}, {"type": "Feature", "properties": {"osm_id": "way/1321800535", "kind": "school", "name": "Government Boys Middle School", "lon": 77.20368064, "lat": 28.65790794}, "geometry": {"type": "Point", "coordinates": [77.20368064, 28.65790794]}}, {"type": "Feature", "properties": {"osm_id": "way/1326426659", "kind": "school", "name": "Doctor Avul Pakir Jainulabdeen Abdul Kalam Senior Secondary School", "lon": 77.13151835000001, "lat": 28.59492726666667}, "geometry": {"type": "Point", "coordinates": [77.13151835000001, 28.59492726666667]}}, {"type": "Feature", "properties": {"osm_id": "way/1346666215", "kind": "school", "name": "Sachdeva Public School", "lon": 77.12780634, "lat": 28.72441202}, "geometry": {"type": "Point", "coordinates": [77.12780634, 28.72441202]}}, {"type": "Feature", "properties": {"osm_id": "way/1349987784", "kind": "school", "name": "MBD Arya Model School", "lon": 77.03072332222222, "lat": 28.611954933333337}, "geometry": {"type": "Point", "coordinates": [77.03072332222222, 28.611954933333337]}}, {"type": "Feature", "properties": {"osm_id": "way/1353096687", "kind": "industrial", "name": "Area Depot", "lon": 77.12613544117646, "lat": 28.6047665, "area_km2": 0.0105}, "geometry": {"type": "Polygon", "coordinates": [[[77.126245, 28.6042316], [77.1263764, 28.6045019], [77.1264811, 28.6047187], [77.1265858, 28.6046798], [77.1266986, 28.6046364], [77.1268327, 28.604905], [77.1267206, 28.6049481], [77.1266192, 28.604988], [77.1261619, 28.6051683], [77.1260964, 28.6051939], [77.1256286, 28.6053769], [77.1254938, 28.6051114], [77.1253822, 28.604887], [77.1252463, 28.604609], [77.125713, 28.6044332], [77.1257759, 28.6044097], [77.126245, 28.6042316]]]}}, {"type": "Feature", "properties": {"osm_id": "way/1354255639", "kind": "hospital", "name": "MCW Hauz Khas", "lon": 77.2031559125, "lat": 28.5432315125}, "geometry": {"type": "Point", "coordinates": [77.2031559125, 28.5432315125]}}, {"type": "Feature", "properties": {"osm_id": "way/1358118834", "kind": "school", "name": "Green Fields School", "lon": 77.1942057625, "lat": 28.566668387500002}, "geometry": {"type": "Point", "coordinates": [77.1942057625, 28.566668387500002]}}, {"type": "Feature", "properties": {"osm_id": "way/1359301112", "kind": "school", "name": "Manav Rachna International School", "lon": 77.28789818571428, "lat": 28.49508068571429}, "geometry": {"type": "Point", "coordinates": [77.28789818571428, 28.49508068571429]}}, {"type": "Feature", "properties": {"osm_id": "way/1359564000", "kind": "school", "name": "St. Columbus School", "lon": 77.29670339285714, "lat": 28.492369571428572}, "geometry": {"type": "Point", "coordinates": [77.29670339285714, 28.492369571428572]}}, {"type": "Feature", "properties": {"osm_id": "way/1359635009", "kind": "school", "name": "Ideal Public School", "lon": 77.29808434583333, "lat": 28.481760587500002}, "geometry": {"type": "Point", "coordinates": [77.29808434583333, 28.481760587500002]}}, {"type": "Feature", "properties": {"osm_id": "way/1359649703", "kind": "school", "name": "Surajkund International", "lon": 77.29621128333334, "lat": 28.493708683333335}, "geometry": {"type": "Point", "coordinates": [77.29621128333334, 28.493708683333335]}}, {"type": "Feature", "properties": {"osm_id": "way/1360318985", "kind": "school", "name": "Fatehpur Muslim Senior Secondary School", "lon": 77.22257361428571, "lat": 28.656625542857142}, "geometry": {"type": "Point", "coordinates": [77.22257361428571, 28.656625542857142]}}, {"type": "Feature", "properties": {"osm_id": "way/1360711040", "kind": "school", "name": "Bharti Public School", "lon": 77.28788841428572, "lat": 28.639679142857144}, "geometry": {"type": "Point", "coordinates": [77.28788841428572, 28.639679142857144]}}, {"type": "Feature", "properties": {"osm_id": "way/1360902088", "kind": "industrial", "name": "Rohini Sector 37 Bus Depot 2", "lon": 77.05416036, "lat": 28.7475964, "area_km2": 0.0235}, "geometry": {"type": "Polygon", "coordinates": [[[77.0533438, 28.7472645], [77.0541265, 28.7486885], [77.0553833, 28.7480267], [77.0546044, 28.7467378], [77.0533438, 28.7472645]]]}}, {"type": "Feature", "properties": {"osm_id": "way/1360904231", "kind": "industrial", "name": "Burari Bus Depot 2", "lon": 77.19313474, "lat": 28.73411206, "area_km2": 0.0094}, "geometry": {"type": "Polygon", "coordinates": [[[77.193302, 28.7337407], [77.1939003, 28.7344692], [77.192881, 28.7346752], [77.1922884, 28.7339345], [77.193302, 28.7337407]]]}}, {"type": "Feature", "properties": {"osm_id": "way/1360907369", "kind": "industrial", "name": "Delhi Airport Bus Depot", "lon": 77.08869214, "lat": 28.56038828, "area_km2": 0.0013}, "geometry": {"type": "Polygon", "coordinates": [[[77.0885635, 28.5605754], [77.0884176, 28.5604031], [77.0888919, 28.5601026], [77.0890242, 28.5602849], [77.0885635, 28.5605754]]]}}, {"type": "Feature", "properties": {"osm_id": "way/1360907370", "kind": "industrial", "name": "Delhi Airport Bus Depot", "lon": 77.08526085999999, "lat": 28.5611283, "area_km2": 0.0015}, "geometry": {"type": "Polygon", "coordinates": [[[77.0850471, 28.5612602], [77.0852806, 28.5613765], [77.0855806, 28.5609302], [77.0853489, 28.5608144], [77.0850471, 28.5612602]]]}}, {"type": "Feature", "properties": {"osm_id": "way/1360907371", "kind": "industrial", "name": "Delhi Airport Bus Depot", "lon": 77.08641176, "lat": 28.56401274, "area_km2": 0.001}, "geometry": {"type": "Polygon", "coordinates": [[[77.0865687, 28.5638941], [77.086121, 28.5639958], [77.0861754, 28.564193], [77.086625, 28.5640867], [77.0865687, 28.5638941]]]}}, {"type": "Feature", "properties": {"osm_id": "way/1363969233", "kind": "school", "name": "School", "lon": 77.04307281999999, "lat": 28.595085779999998}, "geometry": {"type": "Point", "coordinates": [77.04307281999999, 28.595085779999998]}}, {"type": "Feature", "properties": {"osm_id": "way/1363969237", "kind": "hospital", "name": "Medeor Hospital", "lon": 77.04543713999999, "lat": 28.596389040000002}, "geometry": {"type": "Point", "coordinates": [77.04543713999999, 28.596389040000002]}}, {"type": "Feature", "properties": {"osm_id": "way/1364436963", "kind": "industrial", "name": "IMT Kharkhoda", "lon": 76.93891852499999, "lat": 28.8311710875, "area_km2": 9.6159}, "geometry": {"type": "Polygon", "coordinates": [[[76.9136638, 28.8269144], [76.9324546, 28.8096679], [76.9529948, 28.8241588], [76.953284, 28.8247258], [76.94216, 28.8353961], [76.9569137, 28.847451], [76.9462135, 28.8541403], [76.9136638, 28.8269144]]]}}, {"type": "Feature", "properties": {"osm_id": "way/1365512492", "kind": "industrial", "name": "Industrial", "lon": 77.06795942, "lat": 28.49701348, "area_km2": 0.0008}, "geometry": {"type": "Polygon", "coordinates": [[[77.0678665, 28.4971432], [77.0678776, 28.4968172], [77.0680994, 28.4968216], [77.0680871, 28.4971422], [77.0678665, 28.4971432]]]}}, {"type": "Feature", "properties": {"osm_id": "way/1368050784", "kind": "school", "name": "School", "lon": 77.10244335, "lat": 28.7429849}, "geometry": {"type": "Point", "coordinates": [77.10244335, 28.7429849]}}, {"type": "Feature", "properties": {"osm_id": "way/1376144459", "kind": "school", "name": "Sarvodaya Kanya Vidyalaya", "lon": 77.23501576, "lat": 28.65760118}, "geometry": {"type": "Point", "coordinates": [77.23501576, 28.65760118]}}, {"type": "Feature", "properties": {"osm_id": "way/1376919080", "kind": "school", "name": "Kendriya Vidyalaya Number 3 Delhi Cantt", "lon": 77.13763480769231, "lat": 28.616458853846154}, "geometry": {"type": "Point", "coordinates": [77.13763480769231, 28.616458853846154]}}, {"type": "Feature", "properties": {"osm_id": "way/1376972764", "kind": "school", "name": "carmel community church", "lon": 77.24684096666667, "lat": 28.50626063333333}, "geometry": {"type": "Point", "coordinates": [77.24684096666667, 28.50626063333333]}}, {"type": "Feature", "properties": {"osm_id": "way/1381140006", "kind": "school", "name": "Saint Xavier's Senior Secondary School", "lon": 77.22295491724137, "lat": 28.67152128965517}, "geometry": {"type": "Point", "coordinates": [77.22295491724137, 28.67152128965517]}}, {"type": "Feature", "properties": {"osm_id": "way/1382098181", "kind": "school", "name": "School", "lon": 77.29493281111111, "lat": 28.630994411111107}, "geometry": {"type": "Point", "coordinates": [77.29493281111111, 28.630994411111107]}}, {"type": "Feature", "properties": {"osm_id": "way/1382699650", "kind": "school", "name": "Oxford Kids", "lon": 77.24324064, "lat": 28.55639324}, "geometry": {"type": "Point", "coordinates": [77.24324064, 28.55639324]}}, {"type": "Feature", "properties": {"osm_id": "way/1382699654", "kind": "school", "name": "Daisy Dales School", "lon": 77.2445665375, "lat": 28.557613475}, "geometry": {"type": "Point", "coordinates": [77.2445665375, 28.557613475]}}, {"type": "Feature", "properties": {"osm_id": "way/1383012733", "kind": "school", "name": "Dayanand Anglo-Vedic Secondary School", "lon": 77.12199633333333, "lat": 28.596783983333335}, "geometry": {"type": "Point", "coordinates": [77.12199633333333, 28.596783983333335]}}, {"type": "Feature", "properties": {"osm_id": "way/1383300911", "kind": "school", "name": "Glorious Public School", "lon": 77.11953914, "lat": 28.714783160000003}, "geometry": {"type": "Point", "coordinates": [77.11953914, 28.714783160000003]}}, {"type": "Feature", "properties": {"osm_id": "way/1383556738", "kind": "school", "name": "Air Force Senior Secondary School", "lon": 77.1213557, "lat": 28.577000990909088}, "geometry": {"type": "Point", "coordinates": [77.1213557, 28.577000990909088]}}, {"type": "Feature", "properties": {"osm_id": "way/1384289139", "kind": "school", "name": "Hari Vidya Bhawan", "lon": 77.23654906666667, "lat": 28.496138033333335}, "geometry": {"type": "Point", "coordinates": [77.23654906666667, 28.496138033333335]}}, {"type": "Feature", "properties": {"osm_id": "way/1384672567", "kind": "school", "name": "Sarvodaya Coeducational Vidyalaya Nizampur", "lon": 76.96226408333332, "lat": 28.7213714}, "geometry": {"type": "Point", "coordinates": [76.96226408333332, 28.7213714]}}, {"type": "Feature", "properties": {"osm_id": "way/1384702826", "kind": "school", "name": "Global Pratibha International School", "lon": 77.07381071666667, "lat": 28.5731243}, "geometry": {"type": "Point", "coordinates": [77.07381071666667, 28.5731243]}}, {"type": "Feature", "properties": {"osm_id": "way/1384923957", "kind": "hospital", "name": "Indira Gandhi Hospital", "lon": 77.06227411666667, "lat": 28.5802049}, "geometry": {"type": "Point", "coordinates": [77.06227411666667, 28.5802049]}}, {"type": "Feature", "properties": {"osm_id": "way/1386136251", "kind": "school", "name": "Atal Adarsh Prathmik Vidyalaya", "lon": 77.20543172857143, "lat": 28.6385263}, "geometry": {"type": "Point", "coordinates": [77.20543172857143, 28.6385263]}}, {"type": "Feature", "properties": {"osm_id": "way/1386140844", "kind": "school", "name": "Navyug School", "lon": 77.2037955, "lat": 28.636064142857144}, "geometry": {"type": "Point", "coordinates": [77.2037955, 28.636064142857144]}}, {"type": "Feature", "properties": {"osm_id": "way/1386957469", "kind": "school", "name": "Saint Thomas Girls Senior Secondary School", "lon": 77.20338289411765, "lat": 28.639880847058826}, "geometry": {"type": "Point", "coordinates": [77.20338289411765, 28.639880847058826]}}, {"type": "Feature", "properties": {"osm_id": "way/1387035990", "kind": "school", "name": "Raisina Bengali School", "lon": 77.20156094000001, "lat": 28.637107073333333}, "geometry": {"type": "Point", "coordinates": [77.20156094000001, 28.637107073333333]}}, {"type": "Feature", "properties": {"osm_id": "way/1387043119", "kind": "school", "name": "Atal Adarsh Bal Vidyalaya", "lon": 77.20058539032257, "lat": 28.63621498064516}, "geometry": {"type": "Point", "coordinates": [77.20058539032257, 28.63621498064516]}}, {"type": "Feature", "properties": {"osm_id": "way/1387125259", "kind": "school", "name": "Atal Adarsh Vidyalaya", "lon": 77.20282463636364, "lat": 28.642072900000002}, "geometry": {"type": "Point", "coordinates": [77.20282463636364, 28.642072900000002]}}, {"type": "Feature", "properties": {"osm_id": "way/1387719421", "kind": "school", "name": "Manav Rachna International School", "lon": 77.06054234285715, "lat": 28.42212645714286}, "geometry": {"type": "Point", "coordinates": [77.06054234285715, 28.42212645714286]}}, {"type": "Feature", "properties": {"osm_id": "way/1389233572", "kind": "school", "name": "Asha School", "lon": 77.13816962000001, "lat": 28.61027266}, "geometry": {"type": "Point", "coordinates": [77.13816962000001, 28.61027266]}}, {"type": "Feature", "properties": {"osm_id": "way/1389870753", "kind": "hospital", "name": "Swami Dayanand Hospital", "lon": 77.30360054583333, "lat": 28.678886675}, "geometry": {"type": "Point", "coordinates": [77.30360054583333, 28.678886675]}}, {"type": "Feature", "properties": {"osm_id": "way/1390005706", "kind": "school", "name": "Auxilium Higher Secondary School", "lon": 77.17408491666667, "lat": 28.576146516666668}, "geometry": {"type": "Point", "coordinates": [77.17408491666667, 28.576146516666668]}}, {"type": "Feature", "properties": {"osm_id": "way/1393440756", "kind": "school", "name": "School", "lon": 77.20795288, "lat": 28.557167299999996}, "geometry": {"type": "Point", "coordinates": [77.20795288, 28.557167299999996]}}, {"type": "Feature", "properties": {"osm_id": "way/1394088636", "kind": "school", "name": "Shyama Prasad Vidyalaya", "lon": 77.22550997, "lat": 28.59695107}, "geometry": {"type": "Point", "coordinates": [77.22550997, 28.59695107]}}, {"type": "Feature", "properties": {"osm_id": "way/1394088638", "kind": "school", "name": "DTEA Senior Secondary School", "lon": 77.2257654142857, "lat": 28.59517585714286}, "geometry": {"type": "Point", "coordinates": [77.2257654142857, 28.59517585714286]}}, {"type": "Feature", "properties": {"osm_id": "way/1394088639", "kind": "school", "name": "Vidya Bhawan Mahavidyalaya Senior Secondary School", "lon": 77.2264771, "lat": 28.5950431875}, "geometry": {"type": "Point", "coordinates": [77.2264771, 28.5950431875]}}, {"type": "Feature", "properties": {"osm_id": "way/1394158702", "kind": "school", "name": "Sanjeevan Public School", "lon": 77.08542808, "lat": 28.604324}, "geometry": {"type": "Point", "coordinates": [77.08542808, 28.604324]}}, {"type": "Feature", "properties": {"osm_id": "way/1394162114", "kind": "school", "name": "Jindal Public School", "lon": 77.08217766428571, "lat": 28.606248957142856}, "geometry": {"type": "Point", "coordinates": [77.08217766428571, 28.606248957142856]}}, {"type": "Feature", "properties": {"osm_id": "way/1394899907", "kind": "school", "name": "Govt. Co-Edu Sr. Sec. School (Harewali, Delhi)", "lon": 77.01672291818183, "lat": 28.835511590909093}, "geometry": {"type": "Point", "coordinates": [77.01672291818183, 28.835511590909093]}}, {"type": "Feature", "properties": {"osm_id": "way/1394902980", "kind": "school", "name": "Municipal Primary Co-Edu School (Harewali, Delhi)", "lon": 77.00697043181819, "lat": 28.83195981818182}, "geometry": {"type": "Point", "coordinates": [77.00697043181819, 28.83195981818182]}}, {"type": "Feature", "properties": {"osm_id": "way/1395889660", "kind": "school", "name": "Lady Irwin School - Primary Division", "lon": 77.23580042, "lat": 28.57261858}, "geometry": {"type": "Point", "coordinates": [77.23580042, 28.57261858]}}, {"type": "Feature", "properties": {"osm_id": "way/1395889661", "kind": "school", "name": "South Delhi Public School", "lon": 77.23685811428571, "lat": 28.578285171428572}, "geometry": {"type": "Point", "coordinates": [77.23685811428571, 28.578285171428572]}}, {"type": "Feature", "properties": {"osm_id": "way/1396155483", "kind": "school", "name": "Navyug Senior Secondary School", "lon": 77.2235326, "lat": 28.58162548888889}, "geometry": {"type": "Point", "coordinates": [77.2235326, 28.58162548888889]}}, {"type": "Feature", "properties": {"osm_id": "way/1396155484", "kind": "school", "name": "NP Co-ed Senior Secondary School", "lon": 77.22400577777779, "lat": 28.581674533333334}, "geometry": {"type": "Point", "coordinates": [77.22400577777779, 28.581674533333334]}}, {"type": "Feature", "properties": {"osm_id": "way/1396191122", "kind": "school", "name": "SS Khalsa Senior Secondary School", "lon": 77.24125839999999, "lat": 28.56215222}, "geometry": {"type": "Point", "coordinates": [77.24125839999999, 28.56215222]}}, {"type": "Feature", "properties": {"osm_id": "way/1396776283", "kind": "school", "name": "Delhi University Social Centre School", "lon": 77.20463477777778, "lat": 28.687244877777776}, "geometry": {"type": "Point", "coordinates": [77.20463477777778, 28.687244877777776]}}, {"type": "Feature", "properties": {"osm_id": "way/1408622786", "kind": "school", "name": "School", "lon": 77.349863775, "lat": 28.6877723}, "geometry": {"type": "Point", "coordinates": [77.349863775, 28.6877723]}}, {"type": "Feature", "properties": {"osm_id": "way/1408636944", "kind": "school", "name": "School", "lon": 77.34856052222221, "lat": 28.692362433333333}, "geometry": {"type": "Point", "coordinates": [77.34856052222221, 28.692362433333333]}}, {"type": "Feature", "properties": {"osm_id": "way/1409151442", "kind": "school", "name": "School", "lon": 77.2835396, "lat": 28.638388720000002}, "geometry": {"type": "Point", "coordinates": [77.2835396, 28.638388720000002]}}, {"type": "Feature", "properties": {"osm_id": "way/1409465696", "kind": "school", "name": "Holy Angels School", "lon": 77.34499348333334, "lat": 28.686935633333334}, "geometry": {"type": "Point", "coordinates": [77.34499348333334, 28.686935633333334]}}, {"type": "Feature", "properties": {"osm_id": "way/1409467383", "kind": "school", "name": "Everest Public School", "lon": 77.34194214545454, "lat": 28.684993872727272}, "geometry": {"type": "Point", "coordinates": [77.34194214545454, 28.684993872727272]}}, {"type": "Feature", "properties": {"osm_id": "way/1409481664", "kind": "school", "name": "Konark Public School", "lon": 77.3364766, "lat": 28.68744338}, "geometry": {"type": "Point", "coordinates": [77.3364766, 28.68744338]}}, {"type": "Feature", "properties": {"osm_id": "way/1409678627", "kind": "school", "name": "Sharda International School", "lon": 77.00992251666666, "lat": 28.450560816666666}, "geometry": {"type": "Point", "coordinates": [77.00992251666666, 28.450560816666666]}}, {"type": "Feature", "properties": {"osm_id": "way/1409692387", "kind": "school", "name": "Ambience Public School", "lon": 77.19782103333334, "lat": 28.5662002}, "geometry": {"type": "Point", "coordinates": [77.19782103333334, 28.5662002]}}, {"type": "Feature", "properties": {"osm_id": "way/1409695443", "kind": "industrial", "name": "Rico Auto Industries Ltd", "lon": 77.00443322156863, "lat": 28.425538133333333, "area_km2": 0.1194}, "geometry": {"type": "Polygon", "coordinates": [[[77.0011859, 28.4248535], [77.0018211, 28.424528], [77.0021077, 28.4243972], [77.0022941, 28.424314], [77.0027267, 28.4241166], [77.0029727, 28.4239918], [77.0032209, 28.423877], [77.003553, 28.4237206], [77.0037964, 28.4235934], [77.0041397, 28.4234317], [77.0042911, 28.4233675], [77.004575, 28.4237753], [77.004598, 28.4238133], [77.0050968, 28.4235446], [77.0054726, 28.4241153], [77.0057935, 28.4245986], [77.0061965, 28.4252045], [77.00699, 28.4266319], [77.0070971, 28.4267982], [77.0073904, 28.4272952], [77.0065598, 28.4279651], [77.0062183, 28.4276174], [77.0060373, 28.4274441], [77.0059519, 28.4273621], [77.0057064, 28.4271137], [77.0055651, 28.4269694], [77.0053534, 28.4267716], [77.0052499, 28.4266764], [77.0052121, 28.4266417], [77.0051168, 28.4265456], [77.0049809, 28.426426], [77.004934, 28.426334], [77.0049559, 28.4262731], [77.0051564, 28.4261442], [77.0052503, 28.4260838], [77.0053372, 28.4260184], [77.0049837, 28.4255548], [77.0046112, 28.4250776], [77.0043322, 28.4252302], [77.0042546, 28.4252761], [77.0041538, 28.4253357], [77.0039393, 28.425462], [77.0037398, 28.4255778], [77.0035809, 28.4256805], [77.0034699, 28.4257829], [77.003461, 28.4258035], [77.0031138, 28.4260132], [77.0030652, 28.4259863], [77.0028496, 28.4261168], [77.0024485, 28.4263391], [77.0011859, 28.4248535]]]}}, {"type": "Feature", "properties": {"osm_id": "way/1409790920", "kind": "hospital", "name": "Viswanathan Chest Hospital", "lon": 77.20975844666667, "lat": 28.690667519999998}, "geometry": {"type": "Point", "coordinates": [77.20975844666667, 28.690667519999998]}}, {"type": "Feature", "properties": {"osm_id": "way/1413004773", "kind": "school", "name": "Aryan Public School", "lon": 77.34176521111111, "lat": 28.64533613333333}, "geometry": {"type": "Point", "coordinates": [77.34176521111111, 28.64533613333333]}}, {"type": "Feature", "properties": {"osm_id": "way/1413022854", "kind": "hospital", "name": "ESIC Hospital", "lon": 77.34649826, "lat": 28.685607440000002}, "geometry": {"type": "Point", "coordinates": [77.34649826, 28.685607440000002]}}, {"type": "Feature", "properties": {"osm_id": "way/1414940443", "kind": "school", "name": "Navyug School", "lon": 77.2007887, "lat": 28.63348688}, "geometry": {"type": "Point", "coordinates": [77.2007887, 28.63348688]}}, {"type": "Feature", "properties": {"osm_id": "way/1415192212", "kind": "hospital", "name": "Sant Parmanand Hospital", "lon": 77.22422638333333, "lat": 28.67771452777778}, "geometry": {"type": "Point", "coordinates": [77.22422638333333, 28.67771452777778]}}, {"type": "Feature", "properties": {"osm_id": "way/1415872511", "kind": "school", "name": "Vaid Pandit Khusi Ram Sarvodaya Boys Sr. Sec. School (Nangal Thakran, Delhi)", "lon": 77.00322690833333, "lat": 28.810074541666665}, "geometry": {"type": "Point", "coordinates": [77.00322690833333, 28.810074541666665]}}, {"type": "Feature", "properties": {"osm_id": "way/1416718974", "kind": "school", "name": "Sarvodaya Kanya Vidyalaya No 2", "lon": 77.24600671111111, "lat": 28.556209066666668}, "geometry": {"type": "Point", "coordinates": [77.24600671111111, 28.556209066666668]}}, {"type": "Feature", "properties": {"osm_id": "way/1417674631", "kind": "hospital", "name": "Vacant Plot for Hospital C-Block", "lon": 77.14259018, "lat": 28.624837300000003}, "geometry": {"type": "Point", "coordinates": [77.14259018, 28.624837300000003]}}, {"type": "Feature", "properties": {"osm_id": "way/1418291174", "kind": "school", "name": "Dr. Radhakrishnan International School", "lon": 77.23227082000001, "lat": 28.571777400000002}, "geometry": {"type": "Point", "coordinates": [77.23227082000001, 28.571777400000002]}}, {"type": "Feature", "properties": {"osm_id": "way/1418574187", "kind": "school", "name": "Bal Bharti Public School", "lon": 77.19049484444446, "lat": 28.63988407777778}, "geometry": {"type": "Point", "coordinates": [77.19049484444446, 28.63988407777778]}}, {"type": "Feature", "properties": {"osm_id": "way/1420299077", "kind": "industrial", "name": "Food Corporation of India Mayapuri Depot", "lon": 77.12946474285715, "lat": 28.63047685714286, "area_km2": 0.1177}, "geometry": {"type": "Polygon", "coordinates": [[[77.1310337, 28.6336606], [77.1276179, 28.6296226], [77.128431, 28.6290969], [77.1276453, 28.6281702], [77.1285333, 28.6275739], [77.1319583, 28.6315532], [77.1310337, 28.6336606]]]}}, {"type": "Feature", "properties": {"osm_id": "way/1421151480", "kind": "school", "name": "S.T. Giri School", "lon": 77.29103443333334, "lat": 28.53360118333333}, "geometry": {"type": "Point", "coordinates": [77.29103443333334, 28.53360118333333]}}, {"type": "Feature", "properties": {"osm_id": "way/1422443922", "kind": "school", "name": "School", "lon": 77.28763732, "lat": 28.612089880000003}, "geometry": {"type": "Point", "coordinates": [77.28763732, 28.612089880000003]}}, {"type": "Feature", "properties": {"osm_id": "way/1422444719", "kind": "hospital", "name": "Hospital", "lon": 77.3378656, "lat": 28.576521860000003}, "geometry": {"type": "Point", "coordinates": [77.3378656, 28.576521860000003]}}, {"type": "Feature", "properties": {"osm_id": "way/1424598797", "kind": "industrial", "name": "Industrial", "lon": 77.27822483333334, "lat": 28.541081416666668, "area_km2": 0.0009}, "geometry": {"type": "Polygon", "coordinates": [[[77.2781478, 28.5409439], [77.2785272, 28.5411322], [77.2784218, 28.5412942], [77.2780426, 28.5411015], [77.2780618, 28.5410728], [77.2781478, 28.5409439]]]}}, {"type": "Feature", "properties": {"osm_id": "way/1424598799", "kind": "industrial", "name": "Industrial", "lon": 77.27803761999999, "lat": 28.54142356, "area_km2": 0.0009}, "geometry": {"type": "Polygon", "coordinates": [[[77.2779271, 28.5412769], [77.2783063, 28.5414696], [77.2782033, 28.541645], [77.2778243, 28.5414494], [77.2779271, 28.5412769]]]}}, {"type": "Feature", "properties": {"osm_id": "way/1424598804", "kind": "industrial", "name": "Industrial", "lon": 77.27814808000001, "lat": 28.541248739999997, "area_km2": 0.001}, "geometry": {"type": "Polygon", "coordinates": [[[77.2780426, 28.5411015], [77.2784218, 28.5412942], [77.2783063, 28.5414696], [77.2779271, 28.5412769], [77.2780426, 28.5411015]]]}}, {"type": "Feature", "properties": {"osm_id": "way/1424598806", "kind": "industrial", "name": "Industrial", "lon": 77.27777993333333, "lat": 28.541766983333332, "area_km2": 0.0011}, "geometry": {"type": "Polygon", "coordinates": [[[77.277713, 28.5416083], [77.278098, 28.5418026], [77.2779711, 28.5419967], [77.2775861, 28.5418024], [77.2775984, 28.5417836], [77.277713, 28.5416083]]]}}, {"type": "Feature", "properties": {"osm_id": "way/1424598808", "kind": "industrial", "name": "Industrial", "lon": 77.27793258, "lat": 28.541590940000003, "area_km2": 0.0009}, "geometry": {"type": "Polygon", "coordinates": [[[77.2778243, 28.5414494], [77.2782033, 28.541645], [77.278098, 28.5418026], [77.277713, 28.5416083], [77.2778243, 28.5414494]]]}}, {"type": "Feature", "properties": {"osm_id": "way/1424605645", "kind": "industrial", "name": "Iki Chic Private Limited", "lon": 77.27743419999999, "lat": 28.54120778, "area_km2": 0.0005}, "geometry": {"type": "Polygon", "coordinates": [[[77.2773225, 28.5410954], [77.2776677, 28.5412676], [77.2776024, 28.541372], [77.2772559, 28.5412085], [77.2773225, 28.5410954]]]}}, {"type": "Feature", "properties": {"osm_id": "way/1424605646", "kind": "industrial", "name": "Industrial", "lon": 77.2773224857143, "lat": 28.54140945714286, "area_km2": 0.0005}, "geometry": {"type": "Polygon", "coordinates": [[[77.2771922, 28.5413126], [77.277216, 28.541324], [77.2775075, 28.5414619], [77.2775376, 28.5414764], [77.2774769, 28.5415718], [77.277135, 28.5414069], [77.2771922, 28.5413126]]]}}, {"type": "Feature", "properties": {"osm_id": "way/1424605647", "kind": "industrial", "name": "Delhivery", "lon": 77.27804794, "lat": 28.54034724, "area_km2": 0.0028}, "geometry": {"type": "Polygon", "coordinates": [[[77.2783318, 28.5402477], [77.2780574, 28.5407033], [77.2776078, 28.5404944], [77.2779109, 28.5400431], [77.2783318, 28.5402477]]]}}, {"type": "Feature", "properties": {"osm_id": "way/1424605648", "kind": "industrial", "name": "Industrial", "lon": 77.27736678571429, "lat": 28.541337700000003, "area_km2": 0.0005}, "geometry": {"type": "Polygon", "coordinates": [[[77.2772559, 28.5412085], [77.2776024, 28.541372], [77.2775376, 28.5414764], [77.2775075, 28.5414619], [77.277216, 28.541324], [77.2771922, 28.5413126], [77.2772559, 28.5412085]]]}}, {"type": "Feature", "properties": {"osm_id": "way/1424605649", "kind": "industrial", "name": "Industrial", "lon": 77.27768234, "lat": 28.540819759999998, "area_km2": 0.0011}, "geometry": {"type": "Polygon", "coordinates": [[[77.2775998, 28.540663], [77.2779466, 28.5408348], [77.2778053, 28.5410551], [77.2774602, 28.5408829], [77.2775998, 28.540663]]]}}, {"type": "Feature", "properties": {"osm_id": "way/1424605653", "kind": "industrial", "name": "Industrial", "lon": 77.27757072, "lat": 28.54099428, "area_km2": 0.0005}, "geometry": {"type": "Polygon", "coordinates": [[[77.2774602, 28.5408829], [77.2778053, 28.5410551], [77.2777373, 28.5411603], [77.2773906, 28.5409902], [77.2774602, 28.5408829]]]}}, {"type": "Feature", "properties": {"osm_id": "way/1424605656", "kind": "industrial", "name": "Industrial", "lon": 77.27724492, "lat": 28.541515779999997, "area_km2": 0.0005}, "geometry": {"type": "Polygon", "coordinates": [[[77.277135, 28.5414069], [77.2774769, 28.5415718], [77.2774098, 28.5416791], [77.2770679, 28.5415142], [77.277135, 28.5414069]]]}}, {"type": "Feature", "properties": {"osm_id": "way/1424605658", "kind": "industrial", "name": "Industrial", "lon": 77.27750174, "lat": 28.54110074, "area_km2": 0.0005}, "geometry": {"type": "Polygon", "coordinates": [[[77.2773906, 28.5409902], [77.2777373, 28.5411603], [77.2776677, 28.5412676], [77.2773225, 28.5410954], [77.2773906, 28.5409902]]]}}, {"type": "Feature", "properties": {"osm_id": "way/1424773290", "kind": "school", "name": "Government Boys Girls Senior Secondary School", "lon": 77.27690144666667, "lat": 28.544320066666668}, "geometry": {"type": "Point", "coordinates": [77.27690144666667, 28.544320066666668]}}, {"type": "Feature", "properties": {"osm_id": "way/1425219684", "kind": "school", "name": "School", "lon": 77.17918566666667, "lat": 28.522321399999996}, "geometry": {"type": "Point", "coordinates": [77.17918566666667, 28.522321399999996]}}, {"type": "Feature", "properties": {"osm_id": "way/1425899457", "kind": "school", "name": "Modern Delhi International School ground", "lon": 77.33754203999999, "lat": 28.412972079999996}, "geometry": {"type": "Point", "coordinates": [77.33754203999999, 28.412972079999996]}}, {"type": "Feature", "properties": {"osm_id": "way/1426171259", "kind": "school", "name": "Birla Senior Secondary School", "lon": 77.2021298875, "lat": 28.679383837499998}, "geometry": {"type": "Point", "coordinates": [77.2021298875, 28.679383837499998]}}, {"type": "Feature", "properties": {"osm_id": "way/1426199483", "kind": "hospital", "name": "Hospital", "lon": 77.32416148, "lat": 28.60309234}, "geometry": {"type": "Point", "coordinates": [77.32416148, 28.60309234]}}, {"type": "Feature", "properties": {"osm_id": "way/1426586696", "kind": "school", "name": "MCD Primary Co-Educational School", "lon": 77.21398168333333, "lat": 28.546806833333335}, "geometry": {"type": "Point", "coordinates": [77.21398168333333, 28.546806833333335]}}, {"type": "Feature", "properties": {"osm_id": "way/1427912943", "kind": "school", "name": "Balvantray Mehta Vidya Bhawan", "lon": 77.23584538, "lat": 28.535097639999996}, "geometry": {"type": "Point", "coordinates": [77.23584538, 28.535097639999996]}}, {"type": "Feature", "properties": {"osm_id": "way/1427912946", "kind": "industrial", "name": "Industrial", "lon": 77.2336160875, "lat": 28.52922885, "area_km2": 0.0447}, "geometry": {"type": "Polygon", "coordinates": [[[77.2344847, 28.528082], [77.2320907, 28.5288487], [77.2321585, 28.530671], [77.2324616, 28.5306521], [77.2344084, 28.5297289], [77.2343304, 28.5290319], [77.2345097, 28.5287342], [77.2344847, 28.528082]]]}}, {"type": "Feature", "properties": {"osm_id": "way/1428441364", "kind": "school", "name": "Government Girls Senior Secondary School", "lon": 77.21444252857144, "lat": 28.54979081428571}, "geometry": {"type": "Point", "coordinates": [77.21444252857144, 28.54979081428571]}}, {"type": "Feature", "properties": {"osm_id": "way/1429808117", "kind": "hospital", "name": "ESIC Dispensary-cum-Diagnostic Center", "lon": 77.29559958, "lat": 28.60535392}, "geometry": {"type": "Point", "coordinates": [77.29559958, 28.60535392]}}, {"type": "Feature", "properties": {"osm_id": "way/1430223040", "kind": "school", "name": "MCD Primary School", "lon": 77.29388205000001, "lat": 28.602555849999998}, "geometry": {"type": "Point", "coordinates": [77.29388205000001, 28.602555849999998]}}, {"type": "Feature", "properties": {"osm_id": "way/1432526157", "kind": "school", "name": "Bharti Vidya Bhawan", "lon": 77.22853073333333, "lat": 28.620783433333333}, "geometry": {"type": "Point", "coordinates": [77.22853073333333, 28.620783433333333]}}, {"type": "Feature", "properties": {"osm_id": "way/1434663372", "kind": "school", "name": "Summer Fields School", "lon": 77.09780454, "lat": 28.473121479999996}, "geometry": {"type": "Point", "coordinates": [77.09780454, 28.473121479999996]}}, {"type": "Feature", "properties": {"osm_id": "way/1435010717", "kind": "school", "name": "St John's School", "lon": 77.23540872, "lat": 28.537042760000002}, "geometry": {"type": "Point", "coordinates": [77.23540872, 28.537042760000002]}}, {"type": "Feature", "properties": {"osm_id": "way/1443208778", "kind": "school", "name": "Shaheed Rajpal DAV Public School", "lon": 77.30460006000001, "lat": 28.64706222}, "geometry": {"type": "Point", "coordinates": [77.30460006000001, 28.64706222]}}, {"type": "Feature", "properties": {"osm_id": "way/1446844467", "kind": "school", "name": "Lady Irwin Senior Secondary School", "lon": 77.223912225, "lat": 28.6200860125}, "geometry": {"type": "Point", "coordinates": [77.223912225, 28.6200860125]}}, {"type": "Feature", "properties": {"osm_id": "way/1446846568", "kind": "school", "name": "MCD Primary Co-Ed School", "lon": 77.20685334545455, "lat": 28.662668909090907}, "geometry": {"type": "Point", "coordinates": [77.20685334545455, 28.662668909090907]}}, {"type": "Feature", "properties": {"osm_id": "way/1460722714", "kind": "school", "name": "School", "lon": 77.2085989, "lat": 28.647660360000003}, "geometry": {"type": "Point", "coordinates": [77.2085989, 28.647660360000003]}}, {"type": "Feature", "properties": {"osm_id": "way/1462771383", "kind": "industrial", "name": "Industrial", "lon": 76.91950532, "lat": 28.42887748, "area_km2": 0.0252}, "geometry": {"type": "Polygon", "coordinates": [[[76.9181218, 28.4282811], [76.9197067, 28.4296435], [76.9207687, 28.4297006], [76.9208076, 28.4284811], [76.9181218, 28.4282811]]]}}, {"type": "Feature", "properties": {"osm_id": "way/1472153415", "kind": "school", "name": "CM Shri School (Dariyapur Gaon, Delhi)", "lon": 77.01618545555556, "lat": 28.80813927777778}, "geometry": {"type": "Point", "coordinates": [77.01618545555556, 28.80813927777778]}}, {"type": "Feature", "properties": {"osm_id": "way/1472370970", "kind": "school", "name": "Sukho Khalsa Senior Secondary School", "lon": 77.0966817111111, "lat": 28.634046766666668}, "geometry": {"type": "Point", "coordinates": [77.0966817111111, 28.634046766666668]}}, {"type": "Feature", "properties": {"osm_id": "way/1472570675", "kind": "school", "name": "Government Boys' Senior Secondary School", "lon": 77.17764944000001, "lat": 28.707016199999998}, "geometry": {"type": "Point", "coordinates": [77.17764944000001, 28.707016199999998]}}, {"type": "Feature", "properties": {"osm_id": "way/1473982444", "kind": "school", "name": "Kerala School", "lon": 77.22985634285715, "lat": 28.620210142857143}, "geometry": {"type": "Point", "coordinates": [77.22985634285715, 28.620210142857143]}}, {"type": "Feature", "properties": {"osm_id": "way/1474745559", "kind": "school", "name": "Saint Francis School", "lon": 77.34714782, "lat": 28.640656139999997}, "geometry": {"type": "Point", "coordinates": [77.34714782, 28.640656139999997]}}, {"type": "Feature", "properties": {"osm_id": "way/1476563559", "kind": "industrial", "name": "Peeragarhi Depot", "lon": 77.0950095, "lat": 28.675279, "area_km2": 0.0191}, "geometry": {"type": "Polygon", "coordinates": [[[77.0942995, 28.6756721], [77.0941633, 28.6747535], [77.0960556, 28.6745376], [77.0961914, 28.6754541], [77.0950477, 28.6755846], [77.0942995, 28.6756721]]]}}, {"type": "Feature", "properties": {"osm_id": "way/1476720765", "kind": "school", "name": "School", "lon": 77.1912325, "lat": 28.707226860000002}, "geometry": {"type": "Point", "coordinates": [77.1912325, 28.707226860000002]}}, {"type": "Feature", "properties": {"osm_id": "way/1482443295", "kind": "school", "name": "Nigam Pratibha Vidyalaya", "lon": 77.21962933333333, "lat": 28.69426605}, "geometry": {"type": "Point", "coordinates": [77.21962933333333, 28.69426605]}}, {"type": "Feature", "properties": {"osm_id": "way/1482443302", "kind": "school", "name": "Nigam Utkrisht Co-ed School", "lon": 77.22064192, "lat": 28.70555748}, "geometry": {"type": "Point", "coordinates": [77.22064192, 28.70555748]}}, {"type": "Feature", "properties": {"osm_id": "way/1482511569", "kind": "school", "name": "School", "lon": 77.12427290526315, "lat": 28.4181983}, "geometry": {"type": "Point", "coordinates": [77.12427290526315, 28.4181983]}}, {"type": "Feature", "properties": {"osm_id": "way/1485122542", "kind": "hospital", "name": "Dharmarth Hospital", "lon": 77.1756171625, "lat": 28.7220236375}, "geometry": {"type": "Point", "coordinates": [77.1756171625, 28.7220236375]}}, {"type": "Feature", "properties": {"osm_id": "way/1486445666", "kind": "school", "name": "M.C.P.S. Acharya Niketan", "lon": 77.2943604, "lat": 28.60825972}, "geometry": {"type": "Point", "coordinates": [77.2943604, 28.60825972]}}, {"type": "Feature", "properties": {"osm_id": "way/1486486122", "kind": "school", "name": "Prathmik Sah Shiksha Pratibha Vidyalaya", "lon": 77.29409922857143, "lat": 28.609858742857142}, "geometry": {"type": "Point", "coordinates": [77.29409922857143, 28.609858742857142]}}, {"type": "Feature", "properties": {"osm_id": "way/1486846861", "kind": "school", "name": "Veer Savarkar School", "lon": 77.27294032857142, "lat": 28.72653272857143}, "geometry": {"type": "Point", "coordinates": [77.27294032857142, 28.72653272857143]}}, {"type": "Feature", "properties": {"osm_id": "way/1490066650", "kind": "school", "name": "S.D. Public School", "lon": 77.14161888571428, "lat": 28.648347871428573}, "geometry": {"type": "Point", "coordinates": [77.14161888571428, 28.648347871428573]}}, {"type": "Feature", "properties": {"osm_id": "way/1490066651", "kind": "school", "name": "The Adarsh School", "lon": 77.1402789, "lat": 28.646709199999997}, "geometry": {"type": "Point", "coordinates": [77.1402789, 28.646709199999997]}}, {"type": "Feature", "properties": {"osm_id": "way/1490915285", "kind": "school", "name": "Viaan International School", "lon": 77.2938172, "lat": 28.63611216}, "geometry": {"type": "Point", "coordinates": [77.2938172, 28.63611216]}}, {"type": "Feature", "properties": {"osm_id": "way/1492508425", "kind": "school", "name": "Lovely Public Sr. Sec. School", "lon": 77.27834566666667, "lat": 28.641073091666666}, "geometry": {"type": "Point", "coordinates": [77.27834566666667, 28.641073091666666]}}, {"type": "Feature", "properties": {"osm_id": "way/1492564763", "kind": "industrial", "name": "Industrial", "lon": 77.12330652, "lat": 28.60240066, "area_km2": 0.0012}, "geometry": {"type": "Polygon", "coordinates": [[[77.1235043, 28.6027337], [77.1233936, 28.6027674], [77.1230152, 28.6019099], [77.1231152, 28.6018586], [77.1235043, 28.6027337]]]}}, {"type": "Feature", "properties": {"osm_id": "way/1492564764", "kind": "industrial", "name": "Industrial", "lon": 77.12319646, "lat": 28.60244972, "area_km2": 0.0008}, "geometry": {"type": "Polygon", "coordinates": [[[77.123377, 28.6027746], [77.1232991, 28.6028107], [77.1229276, 28.6019628], [77.1230016, 28.6019259], [77.123377, 28.6027746]]]}}, {"type": "Feature", "properties": {"osm_id": "way/1498062680", "kind": "industrial", "name": "Industrial", "lon": 77.1768042125, "lat": 28.721356862500002, "area_km2": 0.0}, "geometry": {"type": "Polygon", "coordinates": [[[77.1767312, 28.7213178], [77.1768217, 28.7213774], [77.1768168, 28.7213831], [77.1768628, 28.7214134], [77.1768842, 28.7213885], [77.1768381, 28.7213582], [77.1767477, 28.7212987], [77.1767312, 28.7213178]]]}}, {"type": "Feature", "properties": {"osm_id": "way/1498132158", "kind": "school", "name": "Govt. Lady Noyce Senior Secondary School", "lon": 77.24480082, "lat": 28.63847168}, "geometry": {"type": "Point", "coordinates": [77.24480082, 28.63847168]}}, {"type": "Feature", "properties": {"osm_id": "way/1498754706", "kind": "industrial", "name": "Industrial", "lon": 77.3232205, "lat": 28.6462275, "area_km2": 0.013}, "geometry": {"type": "Polygon", "coordinates": [[[77.3237859, 28.6459757], [77.3233461, 28.6459539], [77.3223635, 28.6459052], [77.3223096, 28.646742], [77.323732, 28.6468125], [77.3237859, 28.6459757]]]}}, {"type": "Feature", "properties": {"osm_id": "way/1499990480", "kind": "school", "name": "MCD School", "lon": 77.28134262, "lat": 28.618978219999995}, "geometry": {"type": "Point", "coordinates": [77.28134262, 28.618978219999995]}}, {"type": "Feature", "properties": {"osm_id": "way/1511463019", "kind": "school", "name": "Guru Harkrishan Public School", "lon": 77.19733026, "lat": 28.56251684}, "geometry": {"type": "Point", "coordinates": [77.19733026, 28.56251684]}}, {"type": "Feature", "properties": {"osm_id": "way/1513992932", "kind": "school", "name": "Municipal Corporation of Delhi Primary School", "lon": 77.2043005, "lat": 28.67986325}, "geometry": {"type": "Point", "coordinates": [77.2043005, 28.67986325]}}, {"type": "Feature", "properties": {"osm_id": "way/1513993802", "kind": "school", "name": "School", "lon": 77.13751255714286, "lat": 28.696819485714286}, "geometry": {"type": "Point", "coordinates": [77.13751255714286, 28.696819485714286]}}, {"type": "Feature", "properties": {"osm_id": "way/1524881652", "kind": "school", "name": "Amity International School", "lon": 77.22767250000001, "lat": 28.528384720000002}, "geometry": {"type": "Point", "coordinates": [77.22767250000001, 28.528384720000002]}}, {"type": "Feature", "properties": {"osm_id": "way/1524881659", "kind": "school", "name": "M.C.D. Pratibha Coeducational Primary School", "lon": 77.22922023999999, "lat": 28.52798896}, "geometry": {"type": "Point", "coordinates": [77.22922023999999, 28.52798896]}}, {"type": "Feature", "properties": {"osm_id": "way/1526304692", "kind": "school", "name": "Sarvodaya Kanya Vidyalaya", "lon": 77.22787886, "lat": 28.56505026}, "geometry": {"type": "Point", "coordinates": [77.22787886, 28.56505026]}}, {"type": "Feature", "properties": {"osm_id": "way/1529562449", "kind": "industrial", "name": "Bawana DTC Bus Depot", "lon": 77.02667615263158, "lat": 28.80354880526316, "area_km2": 0.0206}, "geometry": {"type": "Polygon", "coordinates": [[[77.0272211, 28.8038561], [77.0272471, 28.8040021], [77.0265241, 28.8040021], [77.0256886, 28.8040002], [77.025457, 28.8040002], [77.025444, 28.8035014], [77.0254375, 28.8031069], [77.0254332, 28.8030215], [77.0260046, 28.803012], [77.0267774, 28.8029855], [77.0273575, 28.8029665], [77.0274203, 28.8029722], [77.027364, 28.8034843], [77.0273813, 28.803674], [77.0272168, 28.8036759], [77.0272168, 28.8037448], [77.0272168, 28.8037745], [77.0272177, 28.803791], [77.0272211, 28.8038561]]]}}, {"type": "Feature", "properties": {"osm_id": "way/1531893998", "kind": "school", "name": "Sarvodaya Bal Vidyala Radhaya Shyam Park", "lon": 77.28354470000001, "lat": 28.645702699999998}, "geometry": {"type": "Point", "coordinates": [77.28354470000001, 28.645702699999998]}}, {"type": "Feature", "properties": {"osm_id": "way/1532968476", "kind": "industrial", "name": "Industrial", "lon": 77.28248604000001, "lat": 28.62125206, "area_km2": 0.0005}, "geometry": {"type": "Polygon", "coordinates": [[[77.2824715, 28.6211403], [77.2826343, 28.6212195], [77.2825078, 28.6214197], [77.2823451, 28.6213405], [77.2824715, 28.6211403]]]}}, {"type": "Feature", "properties": {"osm_id": "way/1533470901", "kind": "school", "name": "RPS International School", "lon": 77.05707521111111, "lat": 28.411199655555556}, "geometry": {"type": "Point", "coordinates": [77.05707521111111, 28.411199655555556]}}, {"type": "Feature", "properties": {"osm_id": "way/1533470917", "kind": "school", "name": "Narayana eTechno School", "lon": 77.0554611857143, "lat": 28.41810927142857}, "geometry": {"type": "Point", "coordinates": [77.0554611857143, 28.41810927142857]}}, {"type": "Feature", "properties": {"osm_id": "way/1533933372", "kind": "hospital", "name": "CK Birla Hospital Gurgaon", "lon": 77.06182019444445, "lat": 28.423786661111112}, "geometry": {"type": "Point", "coordinates": [77.06182019444445, 28.423786661111112]}}, {"type": "Feature", "properties": {"osm_id": "way/1537255637", "kind": "school", "name": "Dr. Bhimrao Ambedkar Parishadiya Purva Madhyamik Vidyalaya", "lon": 77.34160146, "lat": 28.720531619999996}, "geometry": {"type": "Point", "coordinates": [77.34160146, 28.720531619999996]}}]}