{"type": "FeatureCollection", "features": [{"type": "Feature", "properties": {"highway": "secondary", "name": "Lohia Path"}, "geometry": {"type": "LineString", "coordinates": [[80.9961477, 26.8721247], [80.9961459, 26.8719095], [80.9961266, 26.8709566], [80.9961116, 26.8698317], [80.9960732, 26.8686142]]}}, {"type": "Feature", "properties": {"highway": "secondary", "name": "Lohia Path Flyover"}, "geometry": {"type": "LineString", "coordinates": [[80.9959189, 26.8650821], [80.9958911, 26.864961], [80.9958135, 26.8646377], [80.9956275, 26.8641173], [80.9954642, 26.8637657], [80.9952066, 26.8633298], [80.994835, 26.8628423], [80.9944502, 26.8624251], [80.994085, 26.8620885], [80.9936584, 26.8617713], [80.9932068, 26.8614902], [80.9921555, 26.8609373]]}}, {"type": "Feature", "properties": {"highway": "secondary", "name": "Lohia Path Flyover"}, "geometry": {"type": "LineString", "coordinates": [[80.9921098, 26.8610064], [80.9931504, 26.8615438], [80.9936819, 26.8618854], [80.9940289, 26.862148], [80.9943534, 26.8624565], [80.9947383, 26.8628451], [80.995139, 26.8633856], [80.995411, 26.8638612], [80.9955564, 26.8641733], [80.9957363, 26.8646829], [80.9958184, 26.8649944], [80.9958501, 26.8651745], [80.9959144, 26.8656867]]}}, {"type": "Feature", "properties": {"highway": "secondary", "name": "Lohia Path Flyover"}, "geometry": {"type": "LineString", "coordinates": [[80.9959144, 26.8656867], [80.9959539, 26.8669198], [80.9959716, 26.8684873], [80.9959652, 26.8688143], [80.9959626, 26.8689494], [80.9959603, 26.8690672]]}}, {"type": "Feature", "properties": {"highway": "secondary", "name": "Lohia Path Flyover"}, "geometry": {"type": "LineString", "coordinates": [[80.9921555, 26.8609373], [80.991625, 26.8606653], [80.9911783, 26.8604097], [80.9906909, 26.8601853], [80.990501, 26.8601217]]}}, {"type": "Feature", "properties": {"highway": "secondary", "name": "Lohia Path"}, "geometry": {"type": "LineString", "coordinates": [[80.9733511, 26.8565403], [80.973557, 26.8565919], [80.9738016, 26.8566532], [80.9752894, 26.8570263], [80.9758589, 26.8570917], [80.9759018, 26.8570966], [80.9759769, 26.8571054], [80.9784021, 26.8573899], [80.9793894, 26.8575115], [80.9800452, 26.8576482], [80.9830771, 26.8583294], [80.9843974, 26.8586656], [80.9845775, 26.8587374]]}}, {"type": "Feature", "properties": {"highway": "secondary", "name": "Lohia Path"}, "geometry": {"type": "LineString", "coordinates": [[80.9717706, 26.8548353], [80.9714734, 26.8547], [80.9713424, 26.854611], [80.971177, 26.8544986]]}}, {"type": "Feature", "properties": {"highway": "secondary", "name": "Lohia Path"}, "geometry": {"type": "LineString", "coordinates": [[80.9657918, 26.8509744], [80.9660505, 26.8510262], [80.9662346, 26.8511197], [80.9664652, 26.8512654], [80.9686847, 26.8528928]]}}, {"type": "Feature", "properties": {"highway": "primary", "name": "Gol Market Flyover"}, "geometry": {"type": "LineString", "coordinates": [[80.9606077, 26.8705955], [80.9604687, 26.8705953], [80.9600544, 26.8705913], [80.9592914, 26.8705668], [80.9588816, 26.8705668]]}}, {"type": "Feature", "properties": {"highway": "secondary", "name": "Lohia Path"}, "geometry": {"type": "LineString", "coordinates": [[80.9507776, 26.8392716], [80.9507483, 26.839711], [80.950717, 26.8399618], [80.9507603, 26.8402226], [80.950831, 26.8404035], [80.9511548, 26.8408379], [80.9512168, 26.8409336], [80.9514745, 26.841331], [80.9516217, 26.8415686]]}}, {"type": "Feature", "properties": {"highway": "secondary", "name": "Samta Moolak Chowk"}, "geometry": {"type": "LineString", "coordinates": [[80.9717491, 26.8561444], [80.971818, 26.856149], [80.9718738, 26.8561449], [80.9719222, 26.8561345], [80.9719918, 26.8561004], [80.9720557, 26.8560545], [80.9721188, 26.8559912], [80.9721566, 26.8559101], [80.9721763, 26.855407], [80.9721762, 26.8551545], [80.972162, 26.8550568], [80.9721236, 26.8549815], [80.9720899, 26.8549483], [80.9720543, 26.8549231], [80.9719625, 26.8548715], [80.9718787, 26.8548451], [80.9717706, 26.8548353], [80.9716668, 26.8548621], [80.9715805, 26.8549166], [80.9715223, 26.8549661], [80.9714839, 26.855027], [80.9714596, 26.8551003], [80.9714566, 26.8551759], [80.9714696, 26.8555388], [80.9714857, 26.8558468], [80.9715021, 26.8559143], [80.9715282, 26.8559736], [80.9715631, 26.8560286], [80.9715854, 26.8560499], [80.9716147, 26.856078], [80.9716938, 26.8561246], [80.9717491, 26.8561444]]}}, {"type": "Feature", "properties": {"highway": "secondary", "name": null}, "geometry": {"type": "LineString", "coordinates": [[80.9654819, 26.8509745], [80.9655563, 26.8509949], [80.9656461, 26.851002], [80.9657355, 26.8509911], [80.9657918, 26.8509744], [80.9658817, 26.8509279], [80.9659553, 26.8508623], [80.9660075, 26.8507822], [80.966035, 26.8506928], [80.9660387, 26.8506512], [80.9660353, 26.8505964], [80.9660133, 26.8505177], [80.965972, 26.8504454], [80.9659136, 26.8503833], [80.9658125, 26.8503208], [80.965695, 26.8502885], [80.9655694, 26.8502898], [80.9654627, 26.8503201], [80.9653695, 26.8503754], [80.965297, 26.8504516], [80.9652509, 26.8505426], [80.9652347, 26.8506414], [80.9652556, 26.8507574], [80.9653173, 26.8508612], [80.9654133, 26.8509416], [80.9654819, 26.8509745]]}}, {"type": "Feature", "properties": {"highway": "primary", "name": "Ashok Marg"}, "geometry": {"type": "LineString", "coordinates": [[80.9373079, 26.8406388], [80.9377441, 26.8408016], [80.9382649, 26.8409959], [80.9387086, 26.8411709], [80.9390884, 26.8413212], [80.9391602, 26.8413545], [80.9397422, 26.8416225], [80.9404918, 26.8420381], [80.9409539, 26.8422913], [80.9411941, 26.8424277], [80.9419612, 26.8429696], [80.9420498, 26.8430322], [80.9421756, 26.8431371], [80.9435071, 26.8442361], [80.9444143, 26.8450802], [80.9446799, 26.8453139], [80.9448614, 26.8454172], [80.9456697, 26.8461385], [80.9459389, 26.8464242], [80.9460075, 26.846516], [80.9461186, 26.8466449]]}}, {"type": "Feature", "properties": {"highway": "primary", "name": "Sitapur Road"}, "geometry": {"type": "LineString", "coordinates": [[80.9379605, 26.9150434], [80.9380035, 26.9155399], [80.938022, 26.9157994], [80.9380462, 26.9162494], [80.9380369, 26.9165344], [80.9380303, 26.9168136], [80.9379678, 26.9169124]]}}, {"type": "Feature", "properties": {"highway": "trunk", "name": "Sultanpur Road"}, "geometry": {"type": "LineString", "coordinates": [[81.0040062, 26.8016467], [81.0044105, 26.8015815], [81.0046882, 26.801544], [81.005556, 26.8013767], [81.0058462, 26.8013131], [81.0062361, 26.8011936], [81.006573, 26.8010596], [81.0069498, 26.8008892], [81.0071558, 26.8007412], [81.007371, 26.8005739], [81.0077267, 26.8002973], [81.008357, 26.7997243], [81.0087211, 26.7993813], [81.0092187, 26.7989298], [81.0093346, 26.7988247], [81.0097454, 26.798452], [81.0103198, 26.7979308], [81.0113517, 26.7970117], [81.0118804, 26.7966162], [81.0129396, 26.7958766], [81.0131715, 26.7957149], [81.0145775, 26.7947342], [81.0147987, 26.7945799], [81.0152023, 26.7943002], [81.0154641, 26.7941188], [81.0156194, 26.7940195], [81.0162354, 26.7936256], [81.0166782, 26.7932768], [81.0170266, 26.7930606], [81.017835, 26.7925587], [81.0186866, 26.7920474], [81.0199804, 26.7913971], [81.0207406, 26.7910041], [81.0209645, 26.7908884], [81.0210708, 26.7908334], [81.021312, 26.7907087], [81.0221409, 26.7902803], [81.0241707, 26.7892645], [81.0249873, 26.7888449], [81.0256981, 26.7884796], [81.0265698, 26.7879526], [81.0277802, 26.7872154], [81.0283303, 26.7868728], [81.028667, 26.7867094], [81.0290698, 26.7865599], [81.0300993, 26.7863553], [81.0301641, 26.7863424], [81.0303166, 26.7863121], [81.0303826, 26.786299], [81.0321137, 26.7859549], [81.0333136, 26.7857453], [81.0353866, 26.7853507], [81.0360109, 26.7852318], [81.0387052, 26.7847482], [81.0388646, 26.7847192], [81.0408942, 26.7843499], [81.0418893, 26.7841201], [81.042007, 26.7840846], [81.0422336, 26.7839826], [81.0425268, 26.7837974], [81.0425658, 26.7837674], [81.0426766, 26.7836821], [81.0444949, 26.7823045], [81.0445516, 26.7822616], [81.0453047, 26.781731], [81.045495, 26.7816325], [81.0460679, 26.781336], [81.0461415, 26.7812979], [81.0461997, 26.7812678], [81.0464081, 26.7811865], [81.0467223, 26.7810639], [81.047196, 26.780911], [81.047614, 26.7808005], [81.0478984, 26.7807417], [81.0482016, 26.7806995], [81.0495138, 26.7805457], [81.050151, 26.780471], [81.0512083, 26.7803569], [81.0517733, 26.7803048], [81.0518208, 26.7802988], [81.0526777, 26.7801898], [81.0540284, 26.7800069], [81.0542564, 26.779976], [81.0550628, 26.7798669]]}}, {"type": "Feature", "properties": {"highway": "trunk", "name": "Ring Road"}, "geometry": {"type": "LineString", "coordinates": [[80.9743049, 26.8920245], [80.9738107, 26.8924721], [80.9722269, 26.8939695], [80.9707692, 26.8954371], [80.9703641, 26.8958234], [80.969306, 26.8967818], [80.967888, 26.8980322], [80.9676977, 26.8982015], [80.9670081, 26.8988151], [80.9659525, 26.8997544], [80.9653903, 26.9003106]]}}, {"type": "Feature", "properties": {"highway": "primary", "name": "Faizabad Road"}, "geometry": {"type": "LineString", "coordinates": [[80.9994091, 26.873022], [80.9986019, 26.8729962], [80.9973271, 26.8729338], [80.9970669, 26.8729196], [80.996724, 26.8728943], [80.9964562, 26.8728882], [80.9964438, 26.872888], [80.9964156, 26.8728875], [80.9963221, 26.8729032], [80.9961917, 26.8729271]]}}, {"type": "Feature", "properties": {"highway": "trunk", "name": "Polytechnic Flyover"}, "geometry": {"type": "LineString", "coordinates": [[80.999623, 26.873126], [80.9994673, 26.8731195], [80.9970451, 26.8730159], [80.9967042, 26.8729999], [80.9964752, 26.8730082]]}}, {"type": "Feature", "properties": {"highway": "trunk", "name": "Ring Road"}, "geometry": {"type": "LineString", "coordinates": [[80.9378372, 26.9193063], [80.9378872, 26.91896], [80.937902, 26.9188575], [80.9380301, 26.9176776], [80.9381201, 26.9166926], [80.9381275, 26.9165737], [80.9381239, 26.9162102], [80.9381008, 26.9157706], [80.9380907, 26.9153752], [80.9380714, 26.9151328]]}}, {"type": "Feature", "properties": {"highway": "trunk", "name": "Ring Road Flyover"}, "geometry": {"type": "LineString", "coordinates": [[80.9379235, 26.9156364], [80.9379635, 26.9164051], [80.9379607, 26.9166737]]}}, {"type": "Feature", "properties": {"highway": "trunk", "name": "Ring Road Flyover"}, "geometry": {"type": "LineString", "coordinates": [[80.9379847, 26.9133886], [80.9378427, 26.9136356], [80.937786, 26.913826], [80.9378022, 26.914238], [80.9378765, 26.9150946], [80.9379235, 26.9156364]]}}, {"type": "Feature", "properties": {"highway": "trunk", "name": "\u092b\u093c\u0948\u091c\u093c\u093e\u092c\u093e\u0926 \u0930\u094b\u0921"}, "geometry": {"type": "LineString", "coordinates": [[81.0789123, 26.8943337], [81.0787611, 26.8943027], [81.078208, 26.8941668], [81.0750746, 26.8934206], [81.0744289, 26.8932864], [81.0738534, 26.8931562], [81.0729215, 26.8929454], [81.070258, 26.8923604], [81.0691301, 26.8920892], [81.0690363, 26.8920666], [81.0680605, 26.8918422], [81.0649735, 26.8910897], [81.0649253, 26.8910781], [81.0611563, 26.890216], [81.0604739, 26.890024], [81.0596535, 26.8897088], [81.0580233, 26.8890821]]}}, {"type": "Feature", "properties": {"highway": "trunk", "name": "Faizabad Road Flyover"}, "geometry": {"type": "LineString", "coordinates": [[81.0203038, 26.8740721], [81.0199292, 26.874044], [81.0190951, 26.8740006], [81.0163456, 26.8738605], [81.0156151, 26.8738255], [81.0143968, 26.8737671], [81.0108474, 26.873597]]}}, {"type": "Feature", "properties": {"highway": "trunk", "name": "Faizabad Road Flyover"}, "geometry": {"type": "LineString", "coordinates": [[81.0315276, 26.8768583], [81.030285, 26.8761398], [81.0298311, 26.8759091], [81.0269752, 26.8748441], [81.0266643, 26.8747263], [81.0262461, 26.8746232], [81.0254978, 26.8745275], [81.0220307, 26.8742302], [81.0211755, 26.8741569], [81.0208524, 26.8741205]]}}, {"type": "Feature", "properties": {"highway": "trunk", "name": "Faizabad Road"}, "geometry": {"type": "LineString", "coordinates": [[81.0078756, 26.8734628], [81.0069049, 26.8734031], [81.0063618, 26.8733763], [81.0058243, 26.8733497], [81.0057653, 26.8733475], [81.0056662, 26.8733439], [81.0025433, 26.8732286], [81.0024199, 26.8732244]]}}, {"type": "Feature", "properties": {"highway": "secondary", "name": "Lohia Path"}, "geometry": {"type": "LineString", "coordinates": [[80.9846129, 26.8586012], [80.984435, 26.8585394], [80.9830771, 26.8582113], [80.9816017, 26.8578784], [80.9800895, 26.8575076], [80.9794109, 26.8573754], [80.9784367, 26.8572694], [80.9757941, 26.8569581], [80.9753127, 26.8568914], [80.973843, 26.8565425], [80.9736028, 26.8564743], [80.9735723, 26.8564657], [80.9734563, 26.8564385], [80.9733932, 26.8564163], [80.9727676, 26.8562483], [80.9723138, 26.8560812], [80.9722489, 26.856031], [80.9721566, 26.8559101]]}}, {"type": "Feature", "properties": {"highway": "secondary", "name": "Lohia Path"}, "geometry": {"type": "LineString", "coordinates": [[80.9848684, 26.8587992], [80.9851716, 26.8588366], [80.9869367, 26.8592658]]}}, {"type": "Feature", "properties": {"highway": "trunk", "name": "Ring Road"}, "geometry": {"type": "LineString", "coordinates": [[80.9958044, 26.8769945], [80.9957896, 26.8776824], [80.9958661, 26.881949], [80.9958613, 26.8824721], [80.9958581, 26.8828159], [80.9958109, 26.8844292], [80.9958007, 26.8846619], [80.9957801, 26.8848136], [80.9957447, 26.8849238], [80.995629, 26.8850428], [80.9955525, 26.8851191], [80.9954888, 26.8851573], [80.9953589, 26.8851966], [80.9952248, 26.8852168], [80.9942369, 26.8852813], [80.9909609, 26.8854886], [80.9906655, 26.8855109]]}}, {"type": "Feature", "properties": {"highway": "trunk", "name": "Polytechnic Flyover"}, "geometry": {"type": "LineString", "coordinates": [[80.9959051, 26.8764836], [80.9959034, 26.8761262], [80.9958833, 26.8756858], [80.9958658, 26.8754871], [80.9958104, 26.8752216], [80.9955842, 26.8744523], [80.9955483, 26.8742122], [80.995534, 26.8740197], [80.995538, 26.8738362], [80.9955945, 26.8736618], [80.9956948, 26.8734851], [80.9958098, 26.8733562], [80.9959491, 26.8732585], [80.9961557, 26.8731574], [80.996322, 26.8731072], [80.9964857, 26.873099], [80.9966874, 26.873089], [80.9986544, 26.8731892], [80.9996117, 26.8732338]]}}, {"type": "Feature", "properties": {"highway": "trunk", "name": "Polytechnic Flyover"}, "geometry": {"type": "LineString", "coordinates": [[80.9964752, 26.8730082], [80.9963273, 26.8730218], [80.9960678, 26.8731017], [80.9958958, 26.8731808], [80.9957361, 26.8732838], [80.9955895, 26.8734499], [80.9954902, 26.8736359], [80.995441, 26.8738298], [80.9954107, 26.8739991], [80.9954107, 26.8742406], [80.9954794, 26.8745089], [80.9957287, 26.8753216], [80.9957735, 26.8755103], [80.9957904, 26.8756843], [80.9958062, 26.8760962]]}}, {"type": "Feature", "properties": {"highway": "secondary", "name": "Lohia Path"}, "geometry": {"type": "LineString", "coordinates": [[80.9686847, 26.8528928], [80.9711144, 26.8546022]]}}, {"type": "Feature", "properties": {"highway": "secondary", "name": "Lohia Path"}, "geometry": {"type": "LineString", "coordinates": [[80.971177, 26.8544986], [80.9687676, 26.8528086]]}}, {"type": "Feature", "properties": {"highway": "secondary", "name": null}, "geometry": {"type": "LineString", "coordinates": [[80.984894, 26.8587645], [80.9849081, 26.8587249], [80.9849095, 26.8586833], [80.9849026, 26.8586538], [80.9848892, 26.8586261], [80.9848609, 26.8585927], [80.9848234, 26.8585676], [80.9847797, 26.8585525], [80.9847329, 26.8585488], [80.984688, 26.8585562], [80.984647, 26.8585742], [80.9846129, 26.8586012], [80.9845847, 26.8586424], [80.9845724, 26.8586894], [80.9845775, 26.8587374], [80.9845906, 26.8587683], [80.984611, 26.8587959], [80.9846321, 26.8588149], [80.9846566, 26.8588302], [80.9847109, 26.858848], [80.9847687, 26.8588485], [80.9848233, 26.8588316], [80.9848684, 26.8587992], [80.984894, 26.8587645]]}}, {"type": "Feature", "properties": {"highway": "secondary", "name": "Lohia Path"}, "geometry": {"type": "LineString", "coordinates": [[80.9711144, 26.8546022], [80.9713405, 26.8548122], [80.9714839, 26.855027]]}}, {"type": "Feature", "properties": {"highway": "secondary", "name": "Lohia Path"}, "geometry": {"type": "LineString", "coordinates": [[80.9687676, 26.8528086], [80.9665352, 26.8512091], [80.9663185, 26.8510033], [80.966174, 26.8508432], [80.966035, 26.8506928]]}}, {"type": "Feature", "properties": {"highway": "secondary", "name": "Lohia Path Flyover"}, "geometry": {"type": "LineString", "coordinates": [[80.9871888, 26.8594085], [80.9883864, 26.8597069], [80.9891192, 26.8598854], [80.9897558, 26.8600552], [80.9901844, 26.8601764], [80.9904569, 26.860275], [80.9905861, 26.8603259], [80.9909119, 26.8604663], [80.9920588, 26.8610726], [80.9924357, 26.8612656], [80.9928583, 26.8614664], [80.9934681, 26.8618544], [80.9938659, 26.8621484], [80.9942717, 26.8624945], [80.9946253, 26.8628623], [80.9950327, 26.8633824], [80.9952513, 26.8637655], [80.9954277, 26.8641593], [80.9956031, 26.8645843], [80.9957356, 26.8650519], [80.9958051, 26.8654905], [80.9958227, 26.8656895]]}}, {"type": "Feature", "properties": {"highway": "secondary", "name": "Kursi Road"}, "geometry": {"type": "LineString", "coordinates": [[80.9416657, 26.8737138], [80.9414324, 26.8728344], [80.9409394, 26.871254]]}}, {"type": "Feature", "properties": {"highway": "secondary", "name": "University Road"}, "geometry": {"type": "LineString", "coordinates": [[80.9367416, 26.8596699], [80.9367416, 26.8597179], [80.9367644, 26.8598079], [80.9368214, 26.8599096], [80.936849, 26.859959], [80.9368566, 26.8599701], [80.9372529, 26.8605517], [80.9375085, 26.8609265], [80.9376062, 26.8610834], [80.9379335, 26.8616659], [80.9382465, 26.8622538], [80.9383276, 26.8624378], [80.9383521, 26.8624933], [80.9386858, 26.8633016], [80.9389762, 26.8640187], [80.9391345, 26.8644421], [80.9394951, 26.8654471], [80.9397687, 26.8661284], [80.939798, 26.8662199], [80.9399072, 26.8666205], [80.9399817, 26.8670367], [80.9400847, 26.8676119], [80.9402089, 26.8682295], [80.9402231, 26.8682915], [80.9403639, 26.8689076], [80.9403845, 26.8689978], [80.94066, 26.8702031], [80.9408577, 26.8711294]]}}, {"type": "Feature", "properties": {"highway": "secondary", "name": "Kursi Road"}, "geometry": {"type": "LineString", "coordinates": [[80.9493857, 26.8836303], [80.9494036, 26.8836438], [80.9495479, 26.8837529], [80.9501907, 26.884323], [80.950494, 26.8845855], [80.9506954, 26.8847874], [80.9509026, 26.8849926]]}}, {"type": "Feature", "properties": {"highway": "secondary", "name": "Kursi Road"}, "geometry": {"type": "LineString", "coordinates": [[80.9368549, 26.8596823], [80.9369051, 26.8594664], [80.9373042, 26.8577501]]}}, {"type": "Feature", "properties": {"highway": "secondary", "name": "Kursi Road"}, "geometry": {"type": "LineString", "coordinates": [[80.9369527, 26.8567359], [80.9367341, 26.8565187]]}}, {"type": "Feature", "properties": {"highway": "secondary", "name": "Kursi Road"}, "geometry": {"type": "LineString", "coordinates": [[80.9367006, 26.8565677], [80.9368977, 26.8567783]]}}, {"type": "Feature", "properties": {"highway": "secondary", "name": "Kursi Road"}, "geometry": {"type": "LineString", "coordinates": [[80.9372116, 26.8577315], [80.9367416, 26.8596699]]}}, {"type": "Feature", "properties": {"highway": "secondary", "name": "Kursi Road"}, "geometry": {"type": "LineString", "coordinates": [[80.9551349, 26.8977776], [80.95513, 26.8978424], [80.9551334, 26.8980378], [80.9551831, 26.898736], [80.9551877, 26.8988733], [80.9552119, 26.8995931], [80.9552268, 26.9000347], [80.9552509, 26.9007513], [80.9552644, 26.9011111], [80.955274, 26.9013651], [80.9552762, 26.9014223], [80.9552836, 26.9016201], [80.9553048, 26.9021847], [80.955309, 26.9022957], [80.9553187, 26.902552], [80.9553531, 26.9030173], [80.9553625, 26.9031451], [80.9554224, 26.90354], [80.9554859, 26.9039586], [80.9555134, 26.9041401], [80.9555681, 26.9045398], [80.9557427, 26.9058171], [80.9557536, 26.9058967], [80.9557716, 26.9060285], [80.9558175, 26.9062724], [80.9558666, 26.9064518], [80.9559094, 26.9066079], [80.9560799, 26.9070627], [80.9563336, 26.9077394]]}}, {"type": "Feature", "properties": {"highway": "secondary", "name": "Chandganj Flyover"}, "geometry": {"type": "LineString", "coordinates": [[80.9417342, 26.8741718], [80.9418755, 26.874667], [80.9421632, 26.8755306]]}}, {"type": "Feature", "properties": {"highway": "secondary", "name": "Kursi Road"}, "geometry": {"type": "LineString", "coordinates": [[80.9784532, 26.9331452], [80.9783068, 26.9329152], [80.9782269, 26.9328028], [80.9778102, 26.932217], [80.9775633, 26.9318887], [80.9774142, 26.9316904], [80.9770609, 26.9312716], [80.9767296, 26.9308788], [80.9766343, 26.9307659], [80.9764714, 26.9305728], [80.9757516, 26.9298238], [80.9748654, 26.9291123], [80.9748254, 26.9290805], [80.9746866, 26.92897], [80.9745233, 26.9288305], [80.9736157, 26.9280557], [80.9734814, 26.927941], [80.973132, 26.9276427], [80.9725344, 26.9271325], [80.9710316, 26.9258551], [80.9704974, 26.9253431], [80.9703737, 26.9252229], [80.9703192, 26.9251699], [80.9699264, 26.9247879], [80.9697121, 26.9245795], [80.9692674, 26.924147], [80.9691202, 26.9240068], [80.9690607, 26.9239458], [80.9689208, 26.9238024], [80.9684112, 26.9232799], [80.9678213, 26.9226751], [80.9674846, 26.9222972], [80.9672779, 26.9220652], [80.9672604, 26.9220456], [80.9672351, 26.9220178], [80.9669081, 26.921659], [80.9665631, 26.9212803], [80.9658175, 26.9204191], [80.9655211, 26.9200767], [80.965113, 26.9195604], [80.9650731, 26.9195147], [80.9650384, 26.9194705], [80.9646974, 26.9190352], [80.9643635, 26.918609], [80.9640513, 26.918164], [80.9639343, 26.9180173], [80.9631053, 26.9169775], [80.9630151, 26.9168655], [80.9627659, 26.9165507], [80.962739, 26.9165168], [80.9627129, 26.9164862], [80.9626286, 26.9163774], [80.9622396, 26.9158863], [80.9620602, 26.9156599], [80.9619852, 26.9155653], [80.9619311, 26.9154943], [80.9616634, 26.9151431], [80.9612138, 26.9145531], [80.9611022, 26.9144197], [80.9606199, 26.913809], [80.9601645, 26.9132323], [80.9601253, 26.9131826], [80.9600884, 26.9131319], [80.9598029, 26.912739], [80.9597012, 26.9125994], [80.9595978, 26.9124576], [80.9594133, 26.9122045], [80.9592063, 26.9119184], [80.9589231, 26.9115416], [80.9586903, 26.9112318], [80.9582751, 26.9106714], [80.9578843, 26.9101777], [80.9575309, 26.9097311]]}}, {"type": "Feature", "properties": {"highway": "secondary", "name": "Kursi Road"}, "geometry": {"type": "LineString", "coordinates": [[80.9585825, 26.9112908], [80.9589416, 26.9117594], [80.9596126, 26.9126481], [80.9600061, 26.9131693], [80.9600846, 26.9132741], [80.9602156, 26.9134335], [80.9611322, 26.9146059], [80.9615021, 26.9150809], [80.9619925, 26.9156982], [80.9624419, 26.9162577], [80.9626516, 26.9165235], [80.9627038, 26.9165897], [80.9629444, 26.9168948], [80.9639284, 26.9181911], [80.9643753, 26.9187392], [80.9644479, 26.9188318], [80.9646392, 26.9190855], [80.9647511, 26.9192339], [80.9649705, 26.9195116], [80.9650382, 26.9196005], [80.9654687, 26.920116], [80.9664676, 26.9212693], [80.9671723, 26.9220559], [80.9672142, 26.9221024], [80.9680567, 26.9230269], [80.9683826, 26.9233617], [80.9690105, 26.9240068]]}}, {"type": "Feature", "properties": {"highway": "secondary", "name": "Kursi Road"}, "geometry": {"type": "LineString", "coordinates": [[80.9359187, 26.8555136], [80.9359616, 26.855662], [80.9361782, 26.8559599], [80.9364907, 26.8563374], [80.9367006, 26.8565677]]}}, {"type": "Feature", "properties": {"highway": "secondary", "name": "Kursi Road"}, "geometry": {"type": "LineString", "coordinates": [[80.9482586, 26.8819268], [80.9481332, 26.881689], [80.9478947, 26.8813583], [80.9475474, 26.8808719], [80.9474573, 26.8807904]]}}, {"type": "Feature", "properties": {"highway": "secondary", "name": "Kursi Road"}, "geometry": {"type": "LineString", "coordinates": [[80.9486832, 26.8825604], [80.9486558, 26.8825024], [80.9485428, 26.8822745], [80.9485033, 26.8821976], [80.9483996, 26.8820773]]}}, {"type": "Feature", "properties": {"highway": "secondary", "name": "Kursi Road"}, "geometry": {"type": "LineString", "coordinates": [[80.948274, 26.8821647], [80.9483529, 26.8822671], [80.9484086, 26.8823282], [80.9485758, 26.8825981], [80.9487961, 26.8829247], [80.9493222, 26.8836053], [80.9493857, 26.8836303]]}}, {"type": "Feature", "properties": {"highway": "secondary", "name": "Kursi Road"}, "geometry": {"type": "LineString", "coordinates": [[80.9474573, 26.8807904], [80.9474669, 26.8808541], [80.9474793, 26.8809037], [80.9476119, 26.8810849], [80.947839, 26.8813953], [80.9480927, 26.8817661], [80.9481694, 26.8819677]]}}, {"type": "Feature", "properties": {"highway": "secondary", "name": "Kursi Road"}, "geometry": {"type": "LineString", "coordinates": [[80.9368977, 26.8567783], [80.9370311, 26.8569123], [80.9372117, 26.8571313], [80.9372586, 26.8572868], [80.9372666, 26.8574579], [80.9372116, 26.8577315]]}}, {"type": "Feature", "properties": {"highway": "secondary", "name": "Kursi Road"}, "geometry": {"type": "LineString", "coordinates": [[80.946427, 26.8797047], [80.9465231, 26.8797548], [80.9466347, 26.8798131], [80.9469162, 26.8799599], [80.9470617, 26.8800855], [80.9471349, 26.8801779], [80.9472365, 26.8803062], [80.9473162, 26.8804746], [80.9474573, 26.8807904]]}}, {"type": "Feature", "properties": {"highway": "secondary", "name": "Kursi Road"}, "geometry": {"type": "LineString", "coordinates": [[80.9373042, 26.8577501], [80.9373511, 26.8574412], [80.9373458, 26.8572713], [80.9372961, 26.8571169], [80.9371297, 26.8569117], [80.9369527, 26.8567359]]}}, {"type": "Feature", "properties": {"highway": "secondary", "name": "Kursi Road"}, "geometry": {"type": "LineString", "coordinates": [[80.9367341, 26.8565187], [80.9364967, 26.8562585], [80.936264, 26.8559611], [80.9361856, 26.8558588], [80.936144, 26.8557685], [80.9361179, 26.8556142], [80.9361907, 26.8553559]]}}, {"type": "Feature", "properties": {"highway": "secondary", "name": "Chandganj Flyover"}, "geometry": {"type": "LineString", "coordinates": [[80.9421632, 26.8755306], [80.9425307, 26.8766563], [80.9427117, 26.8770026], [80.9429174, 26.8773048], [80.9432454, 26.8776552], [80.9433877, 26.8777698], [80.9442988, 26.878479], [80.9447056, 26.8787798], [80.9450086, 26.8789539], [80.9451018, 26.8790075], [80.9452146, 26.8790723], [80.9462911, 26.8796338]]}}, {"type": "Feature", "properties": {"highway": "secondary", "name": "Kapoorthala Chauraha"}, "geometry": {"type": "LineString", "coordinates": [[80.9481378, 26.8820329], [80.9481398, 26.8820696], [80.9481542, 26.882104], [80.9481797, 26.8821329], [80.9482077, 26.8821506], [80.9482398, 26.8821616], [80.948274, 26.8821647], [80.9483289, 26.8821529], [80.9483734, 26.8821219], [80.9483996, 26.8820773], [80.9484044, 26.8820495], [80.9484017, 26.8820214], [80.9483893, 26.8819905], [80.948368, 26.8819636]]}}, {"type": "Feature", "properties": {"highway": "trunk", "name": "\u091f\u0947\u0922\u093c\u0940 \u092a\u0941\u0932\u093f\u092f\u093e \u091a\u094c\u0930\u093e\u0939\u093e"}, "geometry": {"type": "LineString", "coordinates": [[80.9568831, 26.9087709], [80.9568538, 26.9087631], [80.9568233, 26.9087617], [80.9567903, 26.9087676], [80.9567602, 26.908781], [80.956735, 26.9088009], [80.9567213, 26.9088178], [80.9567113, 26.9088366]]}}, {"type": "Feature", "properties": {"highway": "trunk", "name": "Ring Road"}, "geometry": {"type": "LineString", "coordinates": [[80.9654653, 26.9003555], [80.9660079, 26.8998219], [80.9664109, 26.899462], [80.9667195, 26.8991863], [80.9669918, 26.8989431], [80.9679506, 26.8980868], [80.9693795, 26.8968268], [80.9700792, 26.8962118], [80.9708545, 26.8954837], [80.9723061, 26.8940209], [80.9738491, 26.892552], [80.9743671, 26.8920932]]}}, {"type": "Feature", "properties": {"highway": "primary", "name": "Mahatma Gandhi Marg"}, "geometry": {"type": "LineString", "coordinates": [[80.9495777, 26.8216373], [80.9497073, 26.8218926], [80.9497731, 26.822076], [80.9498209, 26.8223817], [80.9498416, 26.8235723], [80.9498427, 26.8236687], [80.9498515, 26.8244045], [80.9499174, 26.8255574], [80.9499549, 26.8259499], [80.9499751, 26.8261617], [80.9500639, 26.8266254], [80.9500989, 26.8269535]]}}, {"type": "Feature", "properties": {"highway": "primary", "name": "Mahatma Gandhi Marg"}, "geometry": {"type": "LineString", "coordinates": [[80.9501938, 26.826949], [80.9501053, 26.8264499], [80.9500229, 26.8258838], [80.9499669, 26.8250501], [80.9499584, 26.8245331], [80.949929, 26.8236238], [80.9499264, 26.8234185], [80.9499209, 26.8230114], [80.9499158, 26.8225886], [80.949901, 26.8223077], [80.9498758, 26.8222001], [80.9498318, 26.8220122], [80.9498096, 26.8219298], [80.9497831, 26.8218727], [80.9496658, 26.8215972]]}}, {"type": "Feature", "properties": {"highway": "primary", "name": "Mahatma Gandhi Marg"}, "geometry": {"type": "LineString", "coordinates": [[80.939591, 26.7913286], [80.9395667, 26.7914537], [80.9393023, 26.7925184], [80.9391938, 26.7929555], [80.9387604, 26.794684], [80.9383899, 26.7961712], [80.9381624, 26.7970487], [80.9379728, 26.7977832], [80.9379232, 26.7979757], [80.9375417, 26.7994576], [80.9370827, 26.8011985], [80.9368909, 26.8018901], [80.9366824, 26.8026419], [80.9366337, 26.8028175], [80.936608, 26.8030276], [80.9366133, 26.8030893], [80.9366244, 26.8032189], [80.9367269, 26.8034311], [80.9369762, 26.8037784], [80.9372454, 26.8041529], [80.9375877, 26.8046291], [80.9379098, 26.8050772], [80.9382987, 26.8056183], [80.9385025, 26.8059019], [80.9385627, 26.8059871], [80.9394626, 26.8072621], [80.9405392, 26.8087721], [80.9410122, 26.8094272], [80.941152, 26.8096039]]}}, {"type": "Feature", "properties": {"highway": "primary", "name": "Lucknow Railway Flyover"}, "geometry": {"type": "LineString", "coordinates": [[80.9504569, 26.8286882], [80.9506199, 26.8294487], [80.9508217, 26.8303943], [80.9508345, 26.8305068], [80.9508893, 26.8308804], [80.9509483, 26.8311963], [80.9509977, 26.8314603], [80.9510212, 26.8316209], [80.951064, 26.8321692], [80.9510643, 26.8322042], [80.9510679, 26.832636], [80.9510646, 26.8329646], [80.9510601, 26.83341], [80.9509881, 26.8343882]]}}, {"type": "Feature", "properties": {"highway": "primary", "name": "Mahatma Gandhi Marg"}, "geometry": {"type": "LineString", "coordinates": [[80.9465319, 26.8172659], [80.9471702, 26.8181202], [80.947955, 26.8192347], [80.9480529, 26.8193737], [80.9485613, 26.8200958], [80.9494795, 26.8213934], [80.9495334, 26.8214695]]}}, {"type": "Feature", "properties": {"highway": "primary", "name": "Lucknow Railway Flyover"}, "geometry": {"type": "LineString", "coordinates": [[80.9510717, 26.8343939], [80.9511511, 26.8334436], [80.9511626, 26.8329651], [80.9511578, 26.8326823], [80.951156, 26.8326093], [80.9511495, 26.8322018], [80.9511523, 26.8321504], [80.9511334, 26.8318724], [80.9511113, 26.8316381], [80.9510742, 26.8314328], [80.9510502, 26.8312944], [80.9509993, 26.8309186], [80.9509257, 26.8305164], [80.9509066, 26.8304103], [80.9508176, 26.8300162], [80.9506147, 26.8290494], [80.9505366, 26.8286593]]}}, {"type": "Feature", "properties": {"highway": "primary", "name": "Raebarelli Road"}, "geometry": {"type": "LineString", "coordinates": [[80.9454951, 26.7684151], [80.9454042, 26.7685546], [80.9453693, 26.7686863], [80.9453062, 26.7689078], [80.9451907, 26.7693171], [80.9450716, 26.7697807], [80.9449579, 26.7702196], [80.9448383, 26.770657], [80.9445741, 26.7716188], [80.9445573, 26.7716796], [80.9444573, 26.7720524], [80.944393, 26.7722807], [80.9443515, 26.7724397], [80.9442481, 26.7728533], [80.9440865, 26.7735002], [80.9440823, 26.7735169], [80.9438611, 26.7743975], [80.9437995, 26.7746429], [80.9437838, 26.7746991], [80.9434555, 26.7758461], [80.9433974, 26.7760446], [80.9432898, 26.7764028]]}}, {"type": "Feature", "properties": {"highway": "primary", "name": null}, "geometry": {"type": "LineString", "coordinates": [[80.943076, 26.7778213], [80.9430702, 26.7777851], [80.9430507, 26.7777557], [80.943019, 26.7777342], [80.9429807, 26.7777252], [80.9429375, 26.7777313], [80.9429072, 26.7777479], [80.9428818, 26.7777787], [80.9428731, 26.7778103], [80.9428785, 26.7778457], [80.9428984, 26.777876], [80.9429211, 26.777893], [80.9430064, 26.777902], [80.9430419, 26.7778838], [80.943067, 26.7778536], [80.943076, 26.7778213]]}}, {"type": "Feature", "properties": {"highway": "primary", "name": null}, "geometry": {"type": "LineString", "coordinates": [[80.9502508, 26.8270361], [80.950245, 26.8269999], [80.9502255, 26.8269705], [80.9501938, 26.826949], [80.9501555, 26.8269401], [80.9501123, 26.8269461], [80.9500989, 26.8269535], [80.950082, 26.8269627], [80.9500566, 26.8269935], [80.9500479, 26.8270251], [80.9500533, 26.8270604], [80.9500732, 26.8270908], [80.9500959, 26.8271078], [80.9501432, 26.8271212], [80.9501812, 26.8271168], [80.9502168, 26.8270985], [80.9502418, 26.8270684], [80.9502508, 26.8270361]]}}, {"type": "Feature", "properties": {"highway": "primary", "name": null}, "geometry": {"type": "LineString", "coordinates": [[80.9466016, 26.8171852], [80.9465957, 26.817149], [80.9465762, 26.8171196], [80.9465446, 26.8170981], [80.9465063, 26.8170891], [80.946463, 26.8170952], [80.9464497, 26.8171025], [80.9464327, 26.8171118], [80.9464074, 26.8171425], [80.9463986, 26.8171742], [80.9464041, 26.8172095], [80.946424, 26.8172398], [80.9464466, 26.8172569], [80.9464939, 26.8172703], [80.9465319, 26.8172659], [80.9465675, 26.8172476], [80.9465925, 26.8172175], [80.9466016, 26.8171852]]}}, {"type": "Feature", "properties": {"highway": "primary", "name": null}, "geometry": {"type": "LineString", "coordinates": [[80.9496853, 26.8215522], [80.9496795, 26.821516], [80.94966, 26.8214866], [80.9496283, 26.8214651], [80.94959, 26.8214561], [80.9495468, 26.8214622], [80.9495334, 26.8214695], [80.9495165, 26.8214788], [80.9494911, 26.8215096], [80.9494824, 26.8215412], [80.9494879, 26.8215765], [80.9495078, 26.8216068], [80.9495304, 26.8216239], [80.9495777, 26.8216373], [80.9496157, 26.8216329], [80.9496513, 26.8216146], [80.9496658, 26.8215972], [80.9496763, 26.8215845], [80.9496853, 26.8215522]]}}, {"type": "Feature", "properties": {"highway": "primary", "name": null}, "geometry": {"type": "LineString", "coordinates": [[80.9431231, 26.7774613], [80.9431779, 26.777245]]}}, {"type": "Feature", "properties": {"highway": "primary", "name": null}, "geometry": {"type": "LineString", "coordinates": [[80.9430172, 26.7773606], [80.9429939, 26.7775169]]}}, {"type": "Feature", "properties": {"highway": "primary", "name": null}, "geometry": {"type": "LineString", "coordinates": [[80.9431779, 26.777245], [80.94323, 26.7770394], [80.9433549, 26.7765465], [80.9433917, 26.7764315]]}}, {"type": "Feature", "properties": {"highway": "primary", "name": null}, "geometry": {"type": "LineString", "coordinates": [[80.9430507, 26.7777557], [80.9430675, 26.7776807], [80.9430896, 26.7775934], [80.9431062, 26.7775278], [80.9431231, 26.7774613]]}}, {"type": "Feature", "properties": {"highway": "primary", "name": null}, "geometry": {"type": "LineString", "coordinates": [[80.9429939, 26.7775169], [80.9429603, 26.7776522], [80.9429375, 26.7777313]]}}, {"type": "Feature", "properties": {"highway": "primary", "name": null}, "geometry": {"type": "LineString", "coordinates": [[80.9432898, 26.7764028], [80.9432316, 26.7765591], [80.9430813, 26.7771139], [80.9430469, 26.7772412], [80.9430172, 26.7773606]]}}, {"type": "Feature", "properties": {"highway": "primary", "name": null}, "geometry": {"type": "LineString", "coordinates": [[80.9616487, 26.8288812], [80.9610031, 26.8292107], [80.9602067, 26.8295033], [80.9598236, 26.8296322], [80.9585881, 26.8299699], [80.9575761, 26.8302347], [80.9567555, 26.830398], [80.9563274, 26.830467], [80.9552638, 26.8306383], [80.9548577, 26.8306834], [80.9545295, 26.8306871], [80.9542572, 26.8306751]]}}, {"type": "Feature", "properties": {"highway": "primary", "name": null}, "geometry": {"type": "LineString", "coordinates": [[80.9619286, 26.8287908], [80.9619519, 26.8287701], [80.9619655, 26.8287481], [80.9619723, 26.8287237], [80.961972, 26.8286987], [80.9619612, 26.8286683], [80.9619401, 26.8286427], [80.9619108, 26.8286246], [80.9618766, 26.8286158], [80.9618446, 26.8286168], [80.9618142, 26.828626], [80.9617882, 26.8286427], [80.9617685, 26.8286659], [80.9617573, 26.8286933], [80.9617552, 26.8287121], [80.9617571, 26.8287308], [80.9617671, 26.8287566], [80.9617846, 26.8287789], [80.9618084, 26.828796], [80.9618366, 26.8288065], [80.9618669, 26.8288096], [80.9618993, 26.8288044], [80.9619286, 26.8287908]]}}, {"type": "Feature", "properties": {"highway": "primary", "name": null}, "geometry": {"type": "LineString", "coordinates": [[80.9620162, 26.8284868], [80.9618766, 26.8286158]]}}, {"type": "Feature", "properties": {"highway": "primary", "name": null}, "geometry": {"type": "LineString", "coordinates": [[80.961972, 26.8286987], [80.9620162, 26.8284868]]}}, {"type": "Feature", "properties": {"highway": "primary", "name": null}, "geometry": {"type": "LineString", "coordinates": [[80.9617571, 26.8287308], [80.9616487, 26.8288812]]}}, {"type": "Feature", "properties": {"highway": "trunk", "name": "Sultanpur Road"}, "geometry": {"type": "LineString", "coordinates": [[81.0550628, 26.7798669], [81.0556127, 26.7797952]]}}, {"type": "Feature", "properties": {"highway": "trunk", "name": "Sultanpur Road"}, "geometry": {"type": "LineString", "coordinates": [[81.0556127, 26.7797952], [81.055688, 26.7797858], [81.0561163, 26.7797348], [81.0568678, 26.7796435], [81.0569859, 26.779634], [81.0587846, 26.7795398], [81.0590342, 26.7795175], [81.0597719, 26.7794837], [81.0608623, 26.7794338], [81.0616954, 26.779345], [81.0621183, 26.7792719], [81.0629305, 26.7790743], [81.0642398, 26.7787142], [81.0649673, 26.7785141], [81.067008, 26.7779529], [81.067167, 26.7779027], [81.0675647, 26.7777771], [81.0680898, 26.777566], [81.068594, 26.7773394], [81.0693734, 26.776934], [81.0703619, 26.7763841], [81.0710434, 26.7760584], [81.071718, 26.7757532], [81.0728869, 26.7753076], [81.0740792, 26.7749099], [81.0756935, 26.7743659], [81.077288, 26.7738272], [81.0792088, 26.7731452], [81.0810997, 26.7724969], [81.081889, 26.7722769], [81.0827439, 26.7720612], [81.0832717, 26.7719528], [81.0833243, 26.7719419], [81.0847637, 26.7716462], [81.0867824, 26.7712521], [81.0879904, 26.7710283], [81.0890814, 26.7708049], [81.0896755, 26.7707019], [81.0897686, 26.7706826], [81.090688, 26.7705045], [81.0927708, 26.7701095], [81.0928561, 26.7700934], [81.0956144, 26.7695732], [81.0970341, 26.7693054], [81.0986125, 26.7690236]]}}, {"type": "Feature", "properties": {"highway": "primary", "name": null}, "geometry": {"type": "LineString", "coordinates": [[80.8522744, 26.8405983], [80.8522722, 26.8405462], [80.8522543, 26.8405112], [80.8522181, 26.8404793], [80.8521714, 26.8404623], [80.8521329, 26.8404607], [80.852074, 26.8404797], [80.8520442, 26.8405042], [80.8520297, 26.8405246], [80.8520186, 26.8405536], [80.8520173, 26.8405924], [80.8520214, 26.8406093], [80.852038, 26.8406411], [80.8520905, 26.8406815], [80.8521214, 26.8406906], [80.8521738, 26.8406901], [80.8522195, 26.8406727], [80.8522524, 26.8406441], [80.8522744, 26.8405983]]}}, {"type": "Feature", "properties": {"highway": "primary", "name": null}, "geometry": {"type": "LineString", "coordinates": [[80.8520297, 26.8405246], [80.8519479, 26.8405089], [80.85161, 26.8404441], [80.8515006, 26.840419], [80.8509643, 26.8402958], [80.8508041, 26.8402521], [80.8505819, 26.8401721], [80.8503665, 26.8400915], [80.8499334, 26.8399273], [80.8493542, 26.8397027], [80.8482934, 26.8392913], [80.8479824, 26.8391707], [80.8471211, 26.8388311], [80.8461217, 26.8384372], [80.8452665, 26.8381], [80.8448294, 26.8379283], [80.8442239, 26.8376997], [80.8442163, 26.8376969], [80.8440379, 26.8376484], [80.8433193, 26.8374529], [80.8422349, 26.8371579], [80.8417757, 26.8370532], [80.840047, 26.8366591], [80.8397186, 26.8365842], [80.8388398, 26.8363785], [80.8364762, 26.8358251], [80.8363919, 26.8358054], [80.8357977, 26.8356668], [80.8347156, 26.8354143], [80.833972, 26.8352665], [80.8333079, 26.8351187], [80.8326946, 26.8350232], [80.8315983, 26.8349702], [80.8314603, 26.834965], [80.8310224, 26.8350114], [80.8306499, 26.8350754], [80.8296926, 26.8353805], [80.8287749, 26.8356889], [80.8285653, 26.835765], [80.8282046, 26.8358287], [80.8276221, 26.835876], [80.8272051, 26.8358599], [80.8270172, 26.8358446], [80.8267506, 26.8358166], [80.8263723, 26.8357585], [80.8261088, 26.8357079], [80.8258304, 26.8355804], [80.825618, 26.8354257], [80.8254276, 26.8351906], [80.8251591, 26.8348017], [80.8251221, 26.8346878], [80.8250025, 26.8344357], [80.824963, 26.8343608], [80.8249547, 26.8343451], [80.8249288, 26.8342994], [80.8249025, 26.8342531]]}}, {"type": "Feature", "properties": {"highway": "primary", "name": null}, "geometry": {"type": "LineString", "coordinates": [[80.8247051, 26.8343198], [80.8247274, 26.8343597], [80.8247482, 26.8343968], [80.8250066, 26.8347222], [80.8255105, 26.8354346], [80.8257696, 26.8356547], [80.8260162, 26.8357783], [80.8262702, 26.8358467], [80.8264444, 26.8358698], [80.8268628, 26.8359291], [80.8270041, 26.8359355], [80.8276318, 26.8359749], [80.8280103, 26.8359468], [80.8284257, 26.8358751], [80.8288182, 26.8357736], [80.8289665, 26.8357353], [80.8297331, 26.8354632], [80.8307057, 26.8351578], [80.8310327, 26.835096], [80.8314848, 26.8350592], [80.8316577, 26.8350504], [80.8321417, 26.8350745], [80.8326698, 26.8351066], [80.8335062, 26.8352543], [80.8346833, 26.8355373], [80.835764, 26.8357722], [80.8360182, 26.8358354], [80.8388064, 26.8364777], [80.8396679, 26.8366761], [80.8400202, 26.8367556], [80.8407605, 26.8369228], [80.842187, 26.8372449], [80.8431895, 26.8375254], [80.8432923, 26.8375494], [80.8441795, 26.8377938], [80.8447892, 26.8380065], [80.8460659, 26.8385153], [80.846452, 26.8386692], [80.8474714, 26.839059], [80.8477213, 26.8391546], [80.8479457, 26.8392404], [80.8483365, 26.8393919], [80.8493272, 26.839776], [80.8498717, 26.8399871], [80.8503355, 26.8401578], [80.8505368, 26.8402319], [80.8507541, 26.840304], [80.8509469, 26.8403679], [80.8514982, 26.8405015], [80.8515898, 26.8405237], [80.8519073, 26.8405849], [80.8520214, 26.8406093]]}}, {"type": "Feature", "properties": {"highway": "trunk", "name": "Shaheed Path"}, "geometry": {"type": "LineString", "coordinates": [[81.0101323, 26.8083739], [81.0111761, 26.8092114], [81.0117355, 26.8097664], [81.0122265, 26.8103693], [81.0133149, 26.8117842]]}}, {"type": "Feature", "properties": {"highway": "trunk", "name": "Shaheed Path Flyover"}, "geometry": {"type": "LineString", "coordinates": [[81.0086413, 26.846017], [81.0086115, 26.846118], [81.0084285, 26.8466639], [81.0081232, 26.8474176], [81.0076804, 26.8484188], [81.0075708, 26.8488273], [81.007545, 26.849278], [81.007588, 26.8497249], [81.0077642, 26.8503942], [81.008147, 26.8515915], [81.008551, 26.8528549], [81.009471, 26.8555647], [81.0101095, 26.8574652], [81.0105394, 26.8587386], [81.0112746, 26.8609574], [81.0115299, 26.8617202]]}}, {"type": "Feature", "properties": {"highway": "trunk", "name": "Shaheed Path"}, "geometry": {"type": "LineString", "coordinates": [[81.0134266, 26.8117249], [81.013343, 26.8116121], [81.0123016, 26.8102034], [81.0116998, 26.8095217], [81.0112709, 26.80911], [81.0104258, 26.8084036], [81.0102536, 26.8082699]]}}, {"type": "Feature", "properties": {"highway": "trunk", "name": "Shaheed Path"}, "geometry": {"type": "LineString", "coordinates": [[80.9156758, 26.7654959], [80.9160515, 26.7653501], [80.9182108, 26.7645099], [80.9207219, 26.7635068], [80.9215237, 26.7631917], [80.9231094, 26.7625593], [80.9234623, 26.7624629], [80.9237731, 26.7623932], [80.9242245, 26.7623268], [80.9247118, 26.7623086], [80.9252531, 26.7623546], [80.9258161, 26.7624736], [80.9264559, 26.7626558], [80.9273885, 26.7629602], [80.9289753, 26.7634735], [80.9307926, 26.7640651]]}}, {"type": "Feature", "properties": {"highway": "trunk", "name": "Shaheed Path"}, "geometry": {"type": "LineString", "coordinates": [[80.8984049, 26.7722651], [80.8976604, 26.7725497], [80.8957887, 26.773314], [80.89402, 26.7741311], [80.8917526, 26.7750573], [80.8911998, 26.775243], [80.8904668, 26.7754094], [80.8896219, 26.7755231], [80.887022, 26.7758572], [80.8864725, 26.7759535], [80.8854227, 26.7761892], [80.882733, 26.776838], [80.8826366, 26.7768624], [80.8826013, 26.7768726], [80.882242, 26.7769768], [80.8821654, 26.776999]]}}, {"type": "Feature", "properties": {"highway": "trunk", "name": "Shaheed Path"}, "geometry": {"type": "LineString", "coordinates": [[81.0136163, 26.8321322], [81.0139541, 26.8326309], [81.0142546, 26.8332655], [81.0144212, 26.8337965], [81.0145045, 26.8343329], [81.0145015, 26.8348718], [81.0143766, 26.8355462], [81.0141147, 26.8362365], [81.0139273, 26.8365525], [81.0135524, 26.8370623], [81.0123285, 26.8382092]]}}, {"type": "Feature", "properties": {"highway": "trunk", "name": "Shaheed Path"}, "geometry": {"type": "LineString", "coordinates": [[80.9308244, 26.7639679], [80.9299031, 26.7636757], [80.9291854, 26.7634499], [80.928231, 26.763147], [80.9274442, 26.7628858], [80.9260637, 26.7624578], [80.925584, 26.7623181], [80.925149, 26.7622482], [80.924714, 26.7622065], [80.924154, 26.7622282], [80.9237474, 26.7622809], [80.9234893, 26.7623444], [80.9229032, 26.7625207], [80.9210998, 26.7632183], [80.9209456, 26.7632898], [80.9192532, 26.763967], [80.91691, 26.7648945], [80.9156318, 26.7653703]]}}, {"type": "Feature", "properties": {"highway": "trunk", "name": "Shaheed Path"}, "geometry": {"type": "LineString", "coordinates": [[81.0124364, 26.8383269], [81.0134985, 26.8373204], [81.0139003, 26.8368435], [81.0142244, 26.8363104], [81.0144285, 26.835856], [81.0145673, 26.8353566], [81.0146473, 26.8348873], [81.0146536, 26.8343616], [81.0145631, 26.8337702], [81.0144427, 26.8333222], [81.0142865, 26.8329372], [81.01407, 26.832571], [81.0137201, 26.8320647]]}}, {"type": "Feature", "properties": {"highway": "trunk", "name": "Shaheed Path"}, "geometry": {"type": "LineString", "coordinates": [[80.8820638, 26.777076], [80.8822272, 26.7770917], [80.8826073, 26.7769871], [80.8826933, 26.7769635], [80.8831329, 26.776863], [80.8850703, 26.7764015], [80.8860157, 26.7761845], [80.8867381, 26.7760268], [80.8875356, 26.7759045], [80.889537, 26.7756469], [80.8900719, 26.775581], [80.890502, 26.7755239], [80.8910963, 26.7753822], [80.8915839, 26.775239], [80.8923723, 26.7749366], [80.8948585, 26.7739264], [80.8970928, 26.773005], [80.8977667, 26.772719], [80.8981151, 26.7725711], [80.8984799, 26.7724164]]}}, {"type": "Feature", "properties": {"highway": "trunk", "name": "Shaheed Path"}, "geometry": {"type": "LineString", "coordinates": [[81.0120844, 26.830014], [81.0122013, 26.8302314]]}}, {"type": "Feature", "properties": {"highway": "trunk", "name": "Shaheed Path"}, "geometry": {"type": "LineString", "coordinates": [[80.945386, 26.7682084], [80.9457233, 26.7683262]]}}, {"type": "Feature", "properties": {"highway": "trunk", "name": "Shaheed Path"}, "geometry": {"type": "LineString", "coordinates": [[81.0119329, 26.8270935], [81.0119021, 26.8272319]]}}, {"type": "Feature", "properties": {"highway": "trunk", "name": "Shaheed Path"}, "geometry": {"type": "LineString", "coordinates": [[80.9617542, 26.7710236], [80.9614208, 26.7710041]]}}, {"type": "Feature", "properties": {"highway": "trunk", "name": "Shaheed Path"}, "geometry": {"type": "LineString", "coordinates": [[81.0142411, 26.8159009], [81.0136213, 26.8177296]]}}, {"type": "Feature", "properties": {"highway": "trunk", "name": "Shaheed Path Flyover"}, "geometry": {"type": "LineString", "coordinates": [[80.9750842, 26.7723502], [80.9748627, 26.7722594], [80.9743547, 26.7721294], [80.97382, 26.772039], [80.9726032, 26.7719248], [80.9715657, 26.7718345]]}}, {"type": "Feature", "properties": {"highway": "trunk", "name": "Shaheed Path"}, "geometry": {"type": "LineString", "coordinates": [[81.0134956, 26.8319704], [81.0136163, 26.8321322]]}}, {"type": "Feature", "properties": {"highway": "trunk", "name": "Shaheed Path"}, "geometry": {"type": "LineString", "coordinates": [[80.931145, 26.7640721], [80.9308244, 26.7639679]]}}, {"type": "Feature", "properties": {"highway": "trunk", "name": "Ahimamau Flyover"}, "geometry": {"type": "LineString", "coordinates": [[81.0027058, 26.7997613], [81.0040633, 26.8014658], [81.0042356, 26.8016846], [81.0062713, 26.8040994], [81.0063632, 26.8042098]]}}, {"type": "Feature", "properties": {"highway": "trunk", "name": "Shaheed Path"}, "geometry": {"type": "LineString", "coordinates": [[81.0137474, 26.8177537], [81.0143574, 26.8159448]]}}, {"type": "Feature", "properties": {"highway": "trunk", "name": "Shaheed Path"}, "geometry": {"type": "LineString", "coordinates": [[80.9784557, 26.7749638], [80.9783115, 26.774831]]}}, {"type": "Feature", "properties": {"highway": "trunk", "name": "Shaheed Path"}, "geometry": {"type": "LineString", "coordinates": [[81.0123338, 26.830191], [81.0122105, 26.8299592]]}}, {"type": "Feature", "properties": {"highway": "trunk", "name": "Shaheed Path"}, "geometry": {"type": "LineString", "coordinates": [[80.9154954, 26.7655678], [80.9156758, 26.7654959]]}}, {"type": "Feature", "properties": {"highway": "trunk", "name": "Shaheed Path"}, "geometry": {"type": "LineString", "coordinates": [[80.9834908, 26.7789782], [80.9833611, 26.7789002]]}}, {"type": "Feature", "properties": {"highway": "trunk", "name": "Shaheed Path"}, "geometry": {"type": "LineString", "coordinates": [[81.0098544, 26.8081509], [81.0101323, 26.8083739]]}}, {"type": "Feature", "properties": {"highway": "trunk", "name": "Shaheed Path"}, "geometry": {"type": "LineString", "coordinates": [[80.8997477, 26.7717524], [80.8995032, 26.7718533]]}}, {"type": "Feature", "properties": {"highway": "trunk", "name": "Shaheed Path Flyover"}, "geometry": {"type": "LineString", "coordinates": [[81.0107851, 26.8399832], [81.0105783, 26.8402746], [81.0101766, 26.8410047], [81.0098199, 26.841813], [81.0098017, 26.8418543], [81.0096219, 26.842401], [81.0096076, 26.8424445], [81.0095543, 26.842647], [81.0091699, 26.8440239], [81.008933, 26.8448714], [81.0086413, 26.846017]]}}, {"type": "Feature", "properties": {"highway": "trunk", "name": "Shaheed Path"}, "geometry": {"type": "LineString", "coordinates": [[81.0120459, 26.8272481], [81.0120794, 26.8271096]]}}, {"type": "Feature", "properties": {"highway": "trunk", "name": "Shaheed Path"}, "geometry": {"type": "LineString", "coordinates": [[81.0134079, 26.8677593], [81.0135375, 26.8681832]]}}, {"type": "Feature", "properties": {"highway": "trunk", "name": "Shaheed Path Flyover"}, "geometry": {"type": "LineString", "coordinates": [[81.0088894, 26.8455378], [81.0090667, 26.8448994], [81.0093, 26.8440795], [81.0096735, 26.8425926], [81.0097449, 26.8423709], [81.0099028, 26.8418808], [81.0102718, 26.8410419], [81.0106884, 26.8403303], [81.0109077, 26.8400368]]}}, {"type": "Feature", "properties": {"highway": "trunk", "name": "Shaheed Path"}, "geometry": {"type": "LineString", "coordinates": [[80.9515869, 26.7705689], [80.9523831, 26.7707978]]}}, {"type": "Feature", "properties": {"highway": "trunk", "name": "Shaheed Path"}, "geometry": {"type": "LineString", "coordinates": [[80.9614074, 26.7711142], [80.9617502, 26.771134]]}}, {"type": "Feature", "properties": {"highway": "trunk", "name": "Shaheed Path"}, "geometry": {"type": "LineString", "coordinates": [[81.0137201, 26.8320647], [81.0135982, 26.8319031]]}}, {"type": "Feature", "properties": {"highway": "trunk", "name": "Shaheed Path"}, "geometry": {"type": "LineString", "coordinates": [[80.9782205, 26.7749169], [80.9783569, 26.7750406]]}}, {"type": "Feature", "properties": {"highway": "trunk", "name": "Shaheed Path"}, "geometry": {"type": "LineString", "coordinates": [[80.9832774, 26.7789947], [80.9834221, 26.7790756]]}}, {"type": "Feature", "properties": {"highway": "trunk", "name": "Shaheed Path"}, "geometry": {"type": "LineString", "coordinates": [[80.9307926, 26.7640651], [80.9311035, 26.7641798]]}}, {"type": "Feature", "properties": {"highway": "trunk", "name": "Shaheed Path"}, "geometry": {"type": "LineString", "coordinates": [[81.0136544, 26.8681499], [81.0135237, 26.8677314]]}}, {"type": "Feature", "properties": {"highway": "trunk", "name": "Shaheed Path Flyover"}, "geometry": {"type": "LineString", "coordinates": [[80.9715663, 26.7719499], [80.9725836, 26.7720342], [80.9737969, 26.7721452], [80.9744559, 26.7722578], [80.9751185, 26.7724719]]}}, {"type": "Feature", "properties": {"highway": "trunk", "name": "Shaheed Path"}, "geometry": {"type": "LineString", "coordinates": [[80.8995351, 26.771968], [80.8997998, 26.7718585]]}}, {"type": "Feature", "properties": {"highway": "trunk", "name": "Shaheed Path"}, "geometry": {"type": "LineString", "coordinates": [[80.9156318, 26.7653703], [80.9154472, 26.7654435]]}}, {"type": "Feature", "properties": {"highway": "trunk", "name": "Shaheed Path"}, "geometry": {"type": "LineString", "coordinates": [[81.0102536, 26.8082699], [81.0099484, 26.8080329]]}}, {"type": "Feature", "properties": {"highway": "trunk", "name": "Shaheed Path"}, "geometry": {"type": "LineString", "coordinates": [[80.9524309, 26.7707268], [80.9516298, 26.7704889]]}}, {"type": "Feature", "properties": {"highway": "trunk", "name": "Ahimamau Flyover"}, "geometry": {"type": "LineString", "coordinates": [[81.0064626, 26.8041667], [81.0057226, 26.8032849], [81.004385, 26.8016565], [81.004202, 26.8014266], [81.0027971, 26.7996852]]}}, {"type": "Feature", "properties": {"highway": "trunk", "name": "Shaheed Path"}, "geometry": {"type": "LineString", "coordinates": [[80.9457533, 26.7682212], [80.9454052, 26.7681055]]}}, {"type": "Feature", "properties": {"highway": "trunk", "name": "Shaheed Path"}, "geometry": {"type": "LineString", "coordinates": [[80.9834221, 26.7790756], [80.9836847, 26.7792224], [80.9853788, 26.7801707], [80.9872344, 26.7812094], [80.9878876, 26.7816266], [80.9882418, 26.7818934], [80.9885533, 26.7822007], [80.98889, 26.7826335], [80.990244, 26.7847169], [80.9909336, 26.785782], [80.9913795, 26.7864707], [80.99199, 26.7873542], [80.9923869, 26.7878566], [80.9927955, 26.7883183], [80.9928695, 26.7884049], [80.9930552, 26.7886117], [80.9933038, 26.7888926], [80.9937033, 26.7892896], [80.9943514, 26.7898883], [80.995399, 26.7907584], [80.9958336, 26.7911822], [80.9962104, 26.7916061], [80.9978509, 26.7937387], [80.9979326, 26.7938455], [80.9982002, 26.7941953], [80.9983891, 26.7944421], [80.9994289, 26.7957486], [81.0006919, 26.7972423], [81.0019926, 26.7988677], [81.0022902, 26.7992395], [81.0024925, 26.7994935]]}}, {"type": "Feature", "properties": {"highway": "trunk", "name": "Shaheed Path"}, "geometry": {"type": "LineString", "coordinates": [[81.0025876, 26.7994138], [81.002383, 26.799172], [81.001269, 26.7977446], [81.000818, 26.797182], [80.9999351, 26.7961514], [80.9993489, 26.7954585], [80.9984945, 26.7943771], [80.9971607, 26.7926463], [80.9963276, 26.7915569], [80.9959972, 26.7911827], [80.9956775, 26.7908624], [80.9944874, 26.7898464], [80.9939049, 26.7893201], [80.9933436, 26.7887636], [80.9933075, 26.7887227], [80.9931102, 26.7884991], [80.9930334, 26.788412], [80.9925993, 26.7879199], [80.9922689, 26.7875172], [80.9916454, 26.7866577], [80.9902063, 26.7844344], [80.9890733, 26.7826896], [80.9888322, 26.7823532], [80.9885885, 26.7820728], [80.9882468, 26.7817432], [80.9880336, 26.7815808], [80.9880009, 26.7815559], [80.9879005, 26.7814795], [80.9878374, 26.7814314], [80.9870109, 26.7809605], [80.9837551, 26.7791371], [80.9834908, 26.7789782]]}}, {"type": "Feature", "properties": {"highway": "trunk", "name": "Shaheed Path"}, "geometry": {"type": "LineString", "coordinates": [[81.0122013, 26.8302314], [81.0123349, 26.8304245], [81.0134956, 26.8319704]]}}, {"type": "Feature", "properties": {"highway": "trunk", "name": "Shaheed Path"}, "geometry": {"type": "LineString", "coordinates": [[81.0135982, 26.8319031], [81.0124538, 26.8303778], [81.0123338, 26.830191]]}}, {"type": "Feature", "properties": {"highway": "trunk", "name": "Shaheed Path"}, "geometry": {"type": "LineString", "coordinates": [[81.0135237, 26.8677314], [81.013321, 26.8670821], [81.0127525, 26.8653305], [81.012624, 26.86491], [81.0125375, 26.864627], [81.0125137, 26.864551], [81.0117342, 26.8619993]]}}, {"type": "Feature", "properties": {"highway": "trunk", "name": "Shaheed Path"}, "geometry": {"type": "LineString", "coordinates": [[80.9712996, 26.7718114], [80.9694963, 26.7716663], [80.9662624, 26.7713944], [80.9648844, 26.7712786], [80.9622039, 26.7710498], [80.9617542, 26.7710236]]}}, {"type": "Feature", "properties": {"highway": "trunk", "name": "Shaheed Path Flyover"}, "geometry": {"type": "LineString", "coordinates": [[81.0116411, 26.8616946], [81.0108587, 26.8593896], [81.0094786, 26.8552721], [81.0084941, 26.8523436], [81.0078341, 26.8502282], [81.0076922, 26.8497027], [81.0076385, 26.8492846], [81.0076708, 26.848855], [81.007789, 26.8484388], [81.0082125, 26.8474491], [81.0084761, 26.8468212], [81.0087186, 26.8461525], [81.0087808, 26.8459285], [81.0088894, 26.8455378]]}}, {"type": "Feature", "properties": {"highway": "trunk", "name": "Shaheed Path"}, "geometry": {"type": "LineString", "coordinates": [[80.9617502, 26.771134], [80.9621587, 26.7711574], [80.962945, 26.771227], [80.9667334, 26.7715455], [80.9694857, 26.7717773], [80.9714185, 26.7719376]]}}, {"type": "Feature", "properties": {"highway": "trunk", "name": "Shaheed Path"}, "geometry": {"type": "LineString", "coordinates": [[80.9154472, 26.7654435], [80.9149629, 26.7656573], [80.914279, 26.7659339], [80.9110389, 26.7672247], [80.9102698, 26.7675366], [80.9086611, 26.7681695], [80.9051603, 26.7695562], [80.9045285, 26.7697909], [80.9008035, 26.7713165], [80.8997477, 26.7717524]]}}, {"type": "Feature", "properties": {"highway": "trunk", "name": "Shaheed Path"}, "geometry": {"type": "LineString", "coordinates": [[80.9511092, 26.7703386], [80.9505266, 26.7701495], [80.9497148, 26.7698561], [80.9488995, 26.7695341], [80.946165, 26.7683933], [80.9457533, 26.7682212]]}}, {"type": "Feature", "properties": {"highway": "trunk", "name": "Shaheed Path"}, "geometry": {"type": "LineString", "coordinates": [[81.0116314, 26.8620237], [81.0121323, 26.8636268], [81.0125268, 26.864936], [81.0126568, 26.8653431], [81.0132114, 26.8671169], [81.0134079, 26.8677593]]}}, {"type": "Feature", "properties": {"highway": "trunk", "name": "Shaheed Path"}, "geometry": {"type": "LineString", "coordinates": [[80.9457233, 26.7683262], [80.9480681, 26.7693058], [80.9494946, 26.7698942], [80.9503472, 26.7701987], [80.9511928, 26.7704556]]}}, {"type": "Feature", "properties": {"highway": "trunk", "name": "Shaheed Path"}, "geometry": {"type": "LineString", "coordinates": [[81.0065685, 26.8044566], [81.007764, 26.8058935], [81.0080086, 26.8061875], [81.0085007, 26.8067931], [81.0090367, 26.8074002], [81.0097032, 26.8080296], [81.0098544, 26.8081509]]}}, {"type": "Feature", "properties": {"highway": "trunk", "name": "Shaheed Path"}, "geometry": {"type": "LineString", "coordinates": [[80.9833611, 26.7789002], [80.9830467, 26.7787111], [80.9821298, 26.7781258], [80.9812932, 26.7774888], [80.980522, 26.7768474], [80.979991, 26.7763644], [80.9787987, 26.7752797], [80.9784557, 26.7749638]]}}, {"type": "Feature", "properties": {"highway": "trunk", "name": "Shaheed Path"}, "geometry": {"type": "LineString", "coordinates": [[81.0136213, 26.8177296], [81.013381, 26.8184618], [81.0130135, 26.8195751], [81.0129429, 26.8199021], [81.012912, 26.8200449], [81.0128104, 26.8205149], [81.0127123, 26.8212568], [81.0123799, 26.8246366], [81.0122521, 26.8256796], [81.0119329, 26.8270935]]}}, {"type": "Feature", "properties": {"highway": "trunk", "name": "Shaheed Path"}, "geometry": {"type": "LineString", "coordinates": [[81.0120794, 26.8271096], [81.0124009, 26.8256918], [81.0125272, 26.8246628], [81.0128386, 26.8212906], [81.0129297, 26.820547], [81.0129422, 26.8204843], [81.0129912, 26.8202383], [81.0130227, 26.8200806], [81.0131463, 26.8196155], [81.0137474, 26.8177537]]}}, {"type": "Feature", "properties": {"highway": "trunk", "name": "Shaheed Path"}, "geometry": {"type": "LineString", "coordinates": [[81.0122105, 26.8299592], [81.0121321, 26.8297808], [81.0120014, 26.8294089], [81.0119278, 26.8291301], [81.0118804, 26.8288496], [81.0118583, 26.8286246], [81.0118609, 26.8283825], [81.0118929, 26.8280225], [81.0119355, 26.827763], [81.0120459, 26.8272481]]}}, {"type": "Feature", "properties": {"highway": "trunk", "name": "Shaheed Path"}, "geometry": {"type": "LineString", "coordinates": [[81.0119021, 26.8272319], [81.0117906, 26.8277427], [81.0117421, 26.828014], [81.0117246, 26.8281783], [81.0117129, 26.8283988], [81.0117144, 26.8286262], [81.0117416, 26.8288634], [81.0117436, 26.8288704], [81.0117857, 26.8291568], [81.011862, 26.8294414], [81.0119971, 26.8298076], [81.0120844, 26.830014]]}}, {"type": "Feature", "properties": {"highway": "trunk", "name": "Shaheed Path"}, "geometry": {"type": "LineString", "coordinates": [[81.0099484, 26.8080329], [81.0096939, 26.8078353], [81.0091315, 26.8072829], [81.0086357, 26.806744], [81.0084464, 26.8065087], [81.0081385, 26.8061261], [81.0066892, 26.8044303]]}}, {"type": "Feature", "properties": {"highway": "trunk", "name": "Shaheed Path"}, "geometry": {"type": "LineString", "coordinates": [[80.8997998, 26.7718585], [80.9015851, 26.7711278], [80.9036815, 26.7702639], [80.9064118, 26.7691772], [80.909027, 26.7681469], [80.9108829, 26.76741], [80.9115677, 26.7671378], [80.9139579, 26.7661911], [80.9154954, 26.7655678]]}}, {"type": "Feature", "properties": {"highway": "trunk", "name": "Shaheed Path"}, "geometry": {"type": "LineString", "coordinates": [[80.9754193, 26.7726163], [80.9756603, 26.772732], [80.9761897, 26.773073], [80.9765538, 26.7733807], [80.9779536, 26.7746748], [80.9782205, 26.7749169]]}}, {"type": "Feature", "properties": {"highway": "trunk", "name": "Shaheed Path"}, "geometry": {"type": "LineString", "coordinates": [[80.9783569, 26.7750406], [80.9790603, 26.7756787], [80.9801421, 26.7766651], [80.9804938, 26.7769839], [80.9811795, 26.7775484], [80.9816875, 26.7779401], [80.9824372, 26.7784603], [80.9832774, 26.7789947]]}}, {"type": "Feature", "properties": {"highway": "trunk", "name": "Shaheed Path"}, "geometry": {"type": "LineString", "coordinates": [[80.9311035, 26.7641798], [80.932263, 26.7645496], [80.9345724, 26.7652901], [80.9354211, 26.7655645], [80.9373685, 26.766188], [80.938818, 26.7666263], [80.9394302, 26.7667854], [80.9416341, 26.7672963], [80.942816, 26.7675652]]}}, {"type": "Feature", "properties": {"highway": "trunk", "name": "Shaheed Path"}, "geometry": {"type": "LineString", "coordinates": [[81.0135375, 26.8681832], [81.0136865, 26.8686702], [81.0144861, 26.8711262], [81.0146516, 26.8716612], [81.0147354, 26.8721502], [81.0147354, 26.8727101], [81.0147202, 26.872989], [81.0146931, 26.8734875], [81.0146908, 26.8735306], [81.0146831, 26.8736714], [81.0146715, 26.8738844]]}}, {"type": "Feature", "properties": {"highway": "trunk", "name": "Shaheed Path"}, "geometry": {"type": "LineString", "coordinates": [[80.9428438, 26.7674754], [80.9416844, 26.7672113], [80.9394385, 26.7666885], [80.9386936, 26.7664927], [80.9360468, 26.765679], [80.9353674, 26.765455], [80.9334376, 26.7648199], [80.9328066, 26.7646217], [80.9324472, 26.7645163], [80.931145, 26.7640721]]}}, {"type": "Feature", "properties": {"highway": "trunk", "name": "Shaheed Path"}, "geometry": {"type": "LineString", "coordinates": [[80.9783115, 26.774831], [80.9769723, 26.7735975], [80.9762092, 26.7729461], [80.9759197, 26.7727479], [80.9755395, 26.7725369], [80.9752198, 26.7724058]]}}, {"type": "Feature", "properties": {"highway": "trunk", "name": "Shaheed Path"}, "geometry": {"type": "LineString", "coordinates": [[81.0147967, 26.8736769], [81.014804, 26.8735381], [81.0148068, 26.8734855], [81.0148472, 26.8727177], [81.0148257, 26.8721444], [81.0147376, 26.8716305], [81.0145463, 26.870969], [81.0138089, 26.8686449], [81.0136544, 26.8681499]]}}, {"type": "Feature", "properties": {"highway": "trunk", "name": "Shaheed Path"}, "geometry": {"type": "LineString", "coordinates": [[80.9523831, 26.7707978], [80.952859, 26.7709346], [80.9533582, 26.7710202], [80.9538325, 26.7710392], [80.9548503, 26.7710234], [80.9565503, 26.7709726], [80.9576569, 26.7709735], [80.9587982, 26.7710029], [80.9600133, 26.7710341], [80.9614074, 26.7711142]]}}, {"type": "Feature", "properties": {"highway": "trunk", "name": "Shaheed Path"}, "geometry": {"type": "LineString", "coordinates": [[80.9614208, 26.7710041], [80.9600485, 26.7709242], [80.9588276, 26.7708883], [80.957682, 26.7708546], [80.9559073, 26.7708791], [80.953733, 26.7709393], [80.9532747, 26.7709076], [80.9528501, 26.7708426], [80.9524309, 26.7707268]]}}, {"type": "Feature", "properties": {"highway": "trunk", "name": null}, "geometry": {"type": "LineString", "coordinates": [[80.8645974, 26.8745617], [80.8645813, 26.8744839], [80.8645604, 26.8742283], [80.8645405, 26.8739834], [80.864525, 26.8738524], [80.8644936, 26.8733983], [80.8644273, 26.8729682], [80.8640955, 26.8707392], [80.863835, 26.8689273], [80.8638259, 26.8688678], [80.863667, 26.8682142], [80.8630725, 26.8660129], [80.8630328, 26.8658615], [80.8626197, 26.8640705], [80.8625506, 26.8634662], [80.8625299, 26.8617673], [80.8625257, 26.8616557], [80.8624849, 26.8605741], [80.8624033, 26.8600827]]}}, {"type": "Feature", "properties": {"highway": "primary", "name": "Mohan Road"}, "geometry": {"type": "LineString", "coordinates": [[80.8683866, 26.8454726], [80.8684842, 26.8455285], [80.8685365, 26.8455556], [80.8686792, 26.8456474], [80.8687772, 26.8457213], [80.8690547, 26.8459305], [80.8690945, 26.8459632], [80.8692182, 26.8460648], [80.8693679, 26.8461877], [80.8696704, 26.8464139], [80.8699747, 26.8466414], [80.8700358, 26.8466871], [80.870412, 26.8469452], [80.8707101, 26.8471498], [80.8707674, 26.8471891], [80.8712537, 26.8475258], [80.8715671, 26.8477428], [80.8716458, 26.8477973], [80.8716685, 26.8478119], [80.8718028, 26.8478984], [80.8720969, 26.8480879], [80.8725229, 26.8483623], [80.8725595, 26.8483886], [80.8730383, 26.8487322], [80.8734513, 26.8490286], [80.8736664, 26.8491806], [80.8741843, 26.8495466], [80.8742692, 26.8495759], [80.8745002, 26.8496554], [80.8748049, 26.849722], [80.8749076, 26.8497444], [80.875662, 26.8498887], [80.875793, 26.8499138], [80.8763874, 26.8501128], [80.8767951, 26.8502767], [80.8771901, 26.8504354], [80.8774211, 26.8505282], [80.877976, 26.8506814], [80.8782832, 26.8507663], [80.8784873, 26.8508174], [80.8789607, 26.8509359], [80.8790756, 26.8509646], [80.879449, 26.8510581], [80.8795264, 26.8510775], [80.8796655, 26.8511123], [80.879743, 26.8511317], [80.8804994, 26.8512646], [80.8806803, 26.8513263], [80.8807139, 26.8513378], [80.880858, 26.8513869], [80.8816556, 26.8516614], [80.882405, 26.8519289], [80.882508, 26.8519656], [80.8825975, 26.8518236], [80.882672, 26.8517055], [80.8829435, 26.8515578], [80.8830628, 26.8514929], [80.8834031, 26.8513185], [80.8834661, 26.8512862], [80.8837738, 26.8511285], [80.8839745, 26.8510256], [80.8843034, 26.8508014], [80.8847257, 26.8505136], [80.8847748, 26.8504801], [80.884813, 26.850454], [80.8852077, 26.850185], [80.885946, 26.8497002], [80.8865162, 26.8493259], [80.8866876, 26.8492133], [80.8867258, 26.8491847], [80.8874447, 26.848648], [80.8875317, 26.848583], [80.8877406, 26.848427], [80.8883057, 26.8480935], [80.888633, 26.8479004], [80.8887103, 26.8478622], [80.8889606, 26.8477386], [80.889359, 26.8475419], [80.8895162, 26.8474748], [80.8900602, 26.8472427], [80.8901398, 26.847233], [80.890365, 26.8472056], [80.8906653, 26.8472318], [80.8910146, 26.8472807], [80.8918906, 26.8470145], [80.8920519, 26.8469655], [80.8927543, 26.846752], [80.8932886, 26.8465896], [80.893369, 26.8465652], [80.8940983, 26.846284], [80.8943967, 26.846169], [80.8946133, 26.8460855], [80.8947741, 26.8459322], [80.894805, 26.845893], [80.894932, 26.8457319], [80.8951426, 26.8455144], [80.895201, 26.8454928], [80.8954308, 26.845408], [80.8957911, 26.845324], [80.8961611, 26.8453032], [80.8967442, 26.8452698], [80.8968698, 26.8452285]]}}, {"type": "Feature", "properties": {"highway": "trunk", "name": null}, "geometry": {"type": "LineString", "coordinates": [[80.8520169, 26.8436644], [80.8525182, 26.8444668], [80.8529923, 26.8452135], [80.8535614, 26.8461618], [80.853984, 26.8468283], [80.8542017, 26.8471809]]}}, {"type": "Feature", "properties": {"highway": "trunk", "name": null}, "geometry": {"type": "LineString", "coordinates": [[81.0206339, 26.8739817], [81.0205342, 26.873971], [81.020459, 26.8739623], [81.018675, 26.8738653], [81.0182791, 26.8738438], [81.0164977, 26.8737584], [81.0163187, 26.8737498], [81.0154101, 26.8737063], [81.0149376, 26.8736837], [81.0147967, 26.8736769]]}}, {"type": "Feature", "properties": {"highway": "secondary", "name": null}, "geometry": {"type": "LineString", "coordinates": [[80.9395515, 26.8185874], [80.9413295, 26.818425], [80.9414187, 26.8184169], [80.9415451, 26.8184028], [80.9432729, 26.8182101], [80.9434787, 26.8181871], [80.9443799, 26.8180531], [80.9450616, 26.8178668], [80.9451111, 26.8178533], [80.9454099, 26.8177467], [80.9459248, 26.8174977], [80.946424, 26.8172398]]}}, {"type": "Feature", "properties": {"highway": "secondary", "name": null}, "geometry": {"type": "LineString", "coordinates": [[80.9393075, 26.8186027], [80.9393025, 26.8185729], [80.9392903, 26.8185545], [80.939283, 26.8185435], [80.9392514, 26.818522], [80.9392131, 26.818513], [80.9391698, 26.8185191], [80.9391565, 26.8185264], [80.9391395, 26.8185357], [80.9391344, 26.8185419], [80.9391226, 26.8185562], [80.9391142, 26.8185664], [80.9391083, 26.8185878], [80.9391054, 26.8185981], [80.939107, 26.8186083], [80.9391109, 26.8186334], [80.9391308, 26.8186637], [80.9391534, 26.8186808], [80.9391801, 26.8186884], [80.9392007, 26.8186942], [80.9392387, 26.8186898], [80.9392571, 26.8186803], [80.9392743, 26.8186715], [80.9392915, 26.8186508], [80.9392993, 26.8186414], [80.9393075, 26.8186027]]}}, {"type": "Feature", "properties": {"highway": "secondary", "name": null}, "geometry": {"type": "LineString", "coordinates": [[80.9293131, 26.8202171], [80.929312, 26.8201994], [80.9293071, 26.8201822], [80.9292985, 26.8201663], [80.9292819, 26.8201479], [80.9292606, 26.8201339], [80.929236, 26.8201254], [80.9292088, 26.8201228], [80.9291818, 26.8201269], [80.929157, 26.8201372], [80.9291362, 26.8201532], [80.9291209, 26.8201734], [80.9291141, 26.8201898], [80.9291109, 26.820207], [80.9291127, 26.8202316], [80.929122, 26.8202548], [80.9291379, 26.820275], [80.9291545, 26.8202877], [80.9291737, 26.8202969], [80.9292009, 26.820303], [80.929229, 26.8203023], [80.9292557, 26.8202947], [80.9292791, 26.8202808], [80.9292987, 26.8202598], [80.9293103, 26.8202346], [80.9293131, 26.8202171]]}}, {"type": "Feature", "properties": {"highway": "secondary", "name": null}, "geometry": {"type": "LineString", "coordinates": [[80.9295616, 26.8201592], [80.9296283, 26.8201427], [80.9316275, 26.8197827], [80.9323597, 26.8196044], [80.9339135, 26.819308], [80.9343928, 26.8192166], [80.9346275, 26.8191663], [80.9351935, 26.8190646], [80.9359078, 26.818991], [80.9372701, 26.8188505], [80.9388396, 26.8186887]]}}, {"type": "Feature", "properties": {"highway": "secondary", "name": null}, "geometry": {"type": "LineString", "coordinates": [[80.9269107, 26.8181767], [80.9276565, 26.81879], [80.9286449, 26.8196104], [80.9288594, 26.8198043], [80.9289882, 26.8199671], [80.929078, 26.8201191], [80.9291209, 26.8201734]]}}, {"type": "Feature", "properties": {"highway": "secondary", "name": null}, "geometry": {"type": "LineString", "coordinates": [[80.929236, 26.8201254], [80.9291733, 26.8200832], [80.9290834, 26.8199563], [80.9289399, 26.8197804], [80.9287092, 26.8195542], [80.9269628, 26.8181128], [80.9266746, 26.8178759], [80.9261405, 26.8174588], [80.9258621, 26.8172496], [80.9257302, 26.8171348]]}}, {"type": "Feature", "properties": {"highway": "secondary", "name": null}, "geometry": {"type": "LineString", "coordinates": [[80.9231983, 26.8015735], [80.9231501, 26.8015312], [80.9230875, 26.8015088], [80.92302, 26.8015094], [80.9229579, 26.8015331], [80.9229063, 26.8015826], [80.9228848, 26.8016366], [80.922887, 26.801694], [80.9229124, 26.8017467], [80.9229566, 26.8017867], [80.9230211, 26.8018114], [80.9230913, 26.8018111], [80.9231556, 26.801786], [80.9232034, 26.8017401], [80.9232252, 26.8016892], [80.9232247, 26.8016289], [80.9231983, 26.8015735]]}}, {"type": "Feature", "properties": {"highway": "secondary", "name": null}, "geometry": {"type": "LineString", "coordinates": [[80.9234327, 26.8012065], [80.9233892, 26.8011673], [80.923354, 26.8011541], [80.9233217, 26.801142], [80.9232553, 26.8011426], [80.9231925, 26.8011664], [80.923141, 26.8012159], [80.9231204, 26.8012649], [80.9231209, 26.8013247], [80.923147, 26.80138], [80.9231912, 26.80142], [80.9232571, 26.801445], [80.9233276, 26.8014442], [80.9233868, 26.8014214], [80.923438, 26.8013734], [80.9234599, 26.8013225], [80.9234577, 26.801256], [80.9234327, 26.8012065]]}}, {"type": "Feature", "properties": {"highway": "secondary", "name": null}, "geometry": {"type": "LineString", "coordinates": [[80.9230133, 26.8157792], [80.9229931, 26.8157271], [80.9229745, 26.8156794], [80.9229194, 26.8156241], [80.922807, 26.8155769], [80.9227302, 26.8155737], [80.9226327, 26.8156009], [80.9225565, 26.8156575], [80.9225102, 26.8157346], [80.9225, 26.8158264], [80.922535, 26.8159206], [80.9225939, 26.8159814], [80.9226744, 26.816021], [80.9227046, 26.816024], [80.9227831, 26.8160318], [80.9228231, 26.8160208], [80.9228801, 26.816005], [80.9229569, 26.815948], [80.9229999, 26.8158795], [80.9230133, 26.8157792]]}}, {"type": "Feature", "properties": {"highway": "secondary", "name": null}, "geometry": {"type": "LineString", "coordinates": [[80.9232252, 26.8016892], [80.9233868, 26.8014214]]}}, {"type": "Feature", "properties": {"highway": "secondary", "name": null}, "geometry": {"type": "LineString", "coordinates": [[80.9231204, 26.8012649], [80.9229579, 26.8015331]]}}, {"type": "Feature", "properties": {"highway": "secondary", "name": "VIP Road"}, "geometry": {"type": "LineString", "coordinates": [[80.9229063, 26.8015826], [80.9221832, 26.8018238], [80.9216401, 26.8019787], [80.9210407, 26.8020949], [80.9205313, 26.8021696], [80.9199962, 26.8022086], [80.9189812, 26.8022427], [80.9182826, 26.8022119], [80.9175585, 26.8021177], [80.9169399, 26.8019764], [80.9163304, 26.8017539], [80.916203, 26.8017116], [80.9160793, 26.8016679], [80.9160321, 26.8016541], [80.9153334, 26.8014503], [80.9132593, 26.8008602], [80.9103722, 26.7999794], [80.9079257, 26.7992727], [80.9071643, 26.7990985], [80.9065678, 26.7989906], [80.9060125, 26.7989243], [80.9052676, 26.79889], [80.9045749, 26.7989121], [80.903786, 26.7990102], [80.9028844, 26.7991991], [80.9020735, 26.7994322], [80.9013808, 26.7996923], [80.8979805, 26.8011325], [80.8963422, 26.8018195], [80.8961068, 26.801896]]}}, {"type": "Feature", "properties": {"highway": "secondary", "name": "Ring Road"}, "geometry": {"type": "LineString", "coordinates": [[80.9319268, 26.7962212], [80.9319761, 26.7961588], [80.9322961, 26.7955588], [80.9327212, 26.7946112], [80.9328766, 26.7940609], [80.9329478, 26.7938183], [80.9331142, 26.7929581], [80.9331332, 26.7928484], [80.9331731, 26.7926012], [80.9332152, 26.7922761], [80.9333309, 26.7916403], [80.933391, 26.7912665], [80.9334475, 26.7909676], [80.9335081, 26.7906467], [80.9336543, 26.7898241], [80.9338778, 26.7885621], [80.9342348, 26.7866002], [80.9343384, 26.786084], [80.934387, 26.7858874], [80.9346344, 26.7852166], [80.9348046, 26.7848232], [80.9350182, 26.7844021], [80.9353333, 26.7839011], [80.9358312, 26.783244], [80.9359177, 26.7831491], [80.9360641, 26.782995], [80.9361398, 26.782926], [80.9362195, 26.7828362], [80.9363505, 26.7826885], [80.9369114, 26.7821924], [80.9375012, 26.7817727], [80.9386104, 26.780963], [80.9395873, 26.7802469], [80.9417845, 26.7786314], [80.9420323, 26.7784473]]}}, {"type": "Feature", "properties": {"highway": "secondary", "name": "VIP Road"}, "geometry": {"type": "LineString", "coordinates": [[80.8961124, 26.8020363], [80.8963838, 26.8019331], [80.8988044, 26.8009145], [80.899369, 26.8006769], [80.9020161, 26.7995679], [80.9027198, 26.799352], [80.9034235, 26.79919], [80.9041795, 26.7990526], [80.9048474, 26.7990109], [80.9056721, 26.7990109], [80.9065022, 26.7990796], [80.9073571, 26.7992342], [80.9077804, 26.7993618], [80.9106035, 26.8001665], [80.9123206, 26.8007227], [80.9130306, 26.8009312], [80.9132083, 26.8009834], [80.9139234, 26.8011904], [80.9156764, 26.801662], [80.915763, 26.8016828], [80.9160036, 26.801761], [80.9161713, 26.8018173], [80.9168726, 26.8020819], [80.9174438, 26.8022135], [80.918006, 26.8023012], [80.9185609, 26.802358], [80.9192887, 26.8023564], [80.9202111, 26.8023142], [80.9207169, 26.8022703], [80.9210789, 26.8022119], [80.9220382, 26.8019978], [80.9223527, 26.8019528], [80.9225111, 26.8019078], [80.9229124, 26.8017467]]}}, {"type": "Feature", "properties": {"highway": "secondary", "name": null}, "geometry": {"type": "LineString", "coordinates": [[80.923438, 26.8013734], [80.923635, 26.801304], [80.9242095, 26.8010169], [80.9244037, 26.8009421]]}}, {"type": "Feature", "properties": {"highway": "secondary", "name": null}, "geometry": {"type": "LineString", "coordinates": [[80.9420323, 26.7784473], [80.9421609, 26.7783626], [80.942674, 26.7779791], [80.9429211, 26.777893]]}}, {"type": "Feature", "properties": {"highway": "secondary", "name": null}, "geometry": {"type": "LineString", "coordinates": [[80.9428818, 26.7777787], [80.9427927, 26.7777949], [80.9426196, 26.7779152], [80.9421006, 26.778314], [80.9411952, 26.7789802], [80.9402819, 26.7796295], [80.939535, 26.7801846], [80.9390719, 26.7805288]]}}, {"type": "Feature", "properties": {"highway": "secondary", "name": null}, "geometry": {"type": "LineString", "coordinates": [[80.9390719, 26.7805288], [80.9385524, 26.7808981], [80.937433, 26.7816939], [80.9373919, 26.7817231], [80.9368627, 26.7821124], [80.9364153, 26.7824935], [80.9360765, 26.7828712], [80.9359963, 26.7829364], [80.9356431, 26.7833187], [80.9351367, 26.7840162], [80.9347869, 26.7846366], [80.9345734, 26.7850887], [80.9343463, 26.7856929], [80.9342436, 26.7860544], [80.9341692, 26.7863843], [80.9339557, 26.7875298], [80.933833, 26.7882556], [80.9333743, 26.7908425], [80.9333555, 26.7909529], [80.9332406, 26.7916264], [80.9330313, 26.7928536], [80.9327588, 26.7941612], [80.9326271, 26.7945424], [80.9325362, 26.7947938], [80.9321864, 26.7955357], [80.9319827, 26.7959247], [80.9318685, 26.7961036], [80.9318229, 26.796181], [80.9313111, 26.7968041], [80.9310935, 26.7970602], [80.9309627, 26.7972141], [80.9303006, 26.7978305], [80.9295372, 26.7983931], [80.9288087, 26.7988342], [80.9285141, 26.7989784], [80.9282512, 26.7991169], [80.9260845, 26.8000839], [80.9245082, 26.8007778], [80.9241587, 26.8009311], [80.9236391, 26.8011764], [80.9235622, 26.8011924], [80.9234327, 26.8012065]]}}, {"type": "Feature", "properties": {"highway": "secondary", "name": null}, "geometry": {"type": "LineString", "coordinates": [[80.9229194, 26.8156241], [80.922883, 26.8154853], [80.9228684, 26.8152994], [80.9231236, 26.8054711], [80.9231334, 26.8051848], [80.9231761, 26.8039383], [80.9231985, 26.8032863], [80.9231902, 26.8021295], [80.923204, 26.8019038], [80.9232034, 26.8017401]]}}, {"type": "Feature", "properties": {"highway": "secondary", "name": null}, "geometry": {"type": "LineString", "coordinates": [[80.9229566, 26.8017867], [80.9230211, 26.8020206], [80.9230363, 26.8020719], [80.9230844, 26.8023871], [80.9230858, 26.8032912], [80.9229909, 26.8054617], [80.9229523, 26.8064332], [80.9228351, 26.8110239], [80.9227257, 26.815308], [80.9226327, 26.8156009]]}}, {"type": "Feature", "properties": {"highway": "trunk", "name": "Kanpur-Lucknow Road"}, "geometry": {"type": "LineString", "coordinates": [[80.8955538, 26.8012187], [80.8951599, 26.8005166], [80.8949824, 26.8001664], [80.8943206, 26.7988941], [80.8940148, 26.7983242]]}}, {"type": "Feature", "properties": {"highway": "primary", "name": "Kanpur-Lucknow Road"}, "geometry": {"type": "LineString", "coordinates": [[80.8959177, 26.802188], [80.8966877, 26.8037413], [80.8970054, 26.804349], [80.897292, 26.8048973], [80.8978622, 26.8060496], [80.8983841, 26.807103], [80.8986668, 26.8076554], [80.8992362, 26.8088059], [80.8998278, 26.8099435], [80.8999242, 26.8101382], [80.9004118, 26.8111235], [80.9004621, 26.8112252], [80.9005634, 26.8114256], [80.9008536, 26.8119999], [80.9011249, 26.8124384], [80.9012095, 26.8125609], [80.9013238, 26.812755]]}}, {"type": "Feature", "properties": {"highway": "primary", "name": "Kanpur-Lucknow Road"}, "geometry": {"type": "LineString", "coordinates": [[80.9099832, 26.826318], [80.9099607, 26.8260592], [80.9099389, 26.8259408], [80.9098992, 26.8257133], [80.9091872, 26.8222446], [80.9088294, 26.8204557], [80.9086873, 26.8201038]]}}, {"type": "Feature", "properties": {"highway": "trunk", "name": "Awadh Chowraha (Crossroads)"}, "geometry": {"type": "LineString", "coordinates": [[80.8961016, 26.8020622], [80.8961124, 26.8020363], [80.896122, 26.8019915], [80.8961068, 26.801896], [80.8960409, 26.8018109], [80.8959789, 26.8017752], [80.8958944, 26.8017566], [80.8957928, 26.8017704], [80.8957075, 26.8018195], [80.895684, 26.8018438], [80.8956572, 26.8018845], [80.8956366, 26.801957], [80.8956518, 26.8020508], [80.8957038, 26.802124], [80.8957594, 26.8021625], [80.8957799, 26.8021718], [80.8958764, 26.8021907], [80.8959177, 26.802188], [80.8959662, 26.8021765], [80.8960372, 26.8021336], [80.8961016, 26.8020622]]}}, {"type": "Feature", "properties": {"highway": "trunk", "name": "Kanpur-Lucknow Road"}, "geometry": {"type": "LineString", "coordinates": [[80.8820638, 26.777076], [80.8822267, 26.7773401], [80.882902, 26.7784344], [80.8829732, 26.7785613], [80.8833674, 26.7792618], [80.8836075, 26.7796885], [80.8836707, 26.7798008]]}}, {"type": "Feature", "properties": {"highway": "trunk", "name": "Kanpur-Lucknow Road"}, "geometry": {"type": "LineString", "coordinates": [[80.8658577, 26.7510048], [80.8649128, 26.7495779], [80.8644641, 26.7489102], [80.8633872, 26.7473074], [80.8632107, 26.7470448], [80.8622004, 26.7455231], [80.8605435, 26.7430305], [80.8590982, 26.7408736], [80.8588713, 26.7405177], [80.8575046, 26.7383734], [80.8570705, 26.7377154], [80.8566943, 26.7371453], [80.8554734, 26.735295], [80.8553558, 26.7351167], [80.8542459, 26.7334219], [80.8535285, 26.7323265], [80.8532388, 26.7318833], [80.8519568, 26.7299215], [80.8511402, 26.7287037], [80.8509553, 26.728428], [80.8503522, 26.7275287], [80.8503074, 26.7274629], [80.8492279, 26.7258782], [80.849217, 26.7258622], [80.8490207, 26.725574], [80.8488794, 26.7253666], [80.8488468, 26.7253185], [80.848803, 26.7252537], [80.8487302, 26.7251531], [80.847695, 26.7236161], [80.8476359, 26.7235287], [80.8471578, 26.7228182], [80.846876, 26.7223941], [80.8465327, 26.7218769], [80.8462223, 26.7214094], [80.8458152, 26.7207964], [80.84504, 26.7194181], [80.8440746, 26.7178441], [80.8434681, 26.7168764], [80.8425378, 26.7154202], [80.8419802, 26.714541], [80.841561, 26.7138882], [80.8412833, 26.7134342], [80.8405242, 26.7122815], [80.840068, 26.7115392], [80.8397901, 26.7110931], [80.8390615, 26.7099025], [80.8381955, 26.7084801], [80.8373153, 26.7070048], [80.8371396, 26.7067075], [80.8369744, 26.7064282], [80.8363711, 26.705408], [80.8344422, 26.702165], [80.8332552, 26.7001619], [80.8328974, 26.699565], [80.8328451, 26.6994777], [80.8319194, 26.6979192], [80.8316668, 26.6974818], [80.8312028, 26.6966781], [80.8310334, 26.6963847], [80.8307187, 26.6958275], [80.8305147, 26.695463], [80.8303815, 26.6951889], [80.8302524, 26.6949232], [80.8300387, 26.6944354], [80.8294344, 26.6927933], [80.8293397, 26.6925321], [80.8289385, 26.6914261], [80.8288438, 26.691165], [80.8288264, 26.6911174], [80.8286168, 26.6905434], [80.8283133, 26.6897121], [80.8277615, 26.6881948], [80.8272991, 26.6869779], [80.8271969, 26.6867622], [80.827099, 26.6866099], [80.8267259, 26.6861933], [80.8261145, 26.6855683], [80.8260654, 26.685518], [80.8256884, 26.6852055], [80.8252199, 26.6848595], [80.82468, 26.6844608], [80.8239863, 26.6839587], [80.8239326, 26.6839198], [80.8223449, 26.6827705], [80.8216033, 26.6822208], [80.821216, 26.6818968], [80.8208617, 26.6815238], [80.8198014, 26.6802869], [80.8179035, 26.6780559], [80.8161758, 26.6760802], [80.8144536, 26.6740995], [80.81375, 26.6732569], [80.8126627, 26.6720648], [80.8110834, 26.6702608], [80.8107345, 26.6698165], [80.8105011, 26.6694778], [80.8102182, 26.6690016], [80.8090206, 26.6666944], [80.8085921, 26.6658964], [80.808073, 26.6649295], [80.8069237, 26.6627956], [80.8065117, 26.6620126], [80.8061409, 26.6614431], [80.8058003, 26.6610503], [80.8038352, 26.6590402], [80.8035974, 26.6587969], [80.8023495, 26.6574743], [80.8007683, 26.6559371], [80.7998949, 26.6550297], [80.7997835, 26.6548612], [80.7995892, 26.6545227], [80.7995296, 26.6543614], [80.7994629, 26.6541807], [80.7992517, 26.6531111], [80.7991033, 26.6521094], [80.7989989, 26.6516649], [80.7987764, 26.6511837], [80.7985319, 26.6508228], [80.7981748, 26.6504594], [80.7976916, 26.6501464], [80.797476, 26.6500249]]}}, {"type": "Feature", "properties": {"highway": "primary", "name": null}, "geometry": {"type": "LineString", "coordinates": [[80.8843555, 26.7716777], [80.884341, 26.7716112], [80.8843135, 26.7715557], [80.8842242, 26.7714672], [80.8841107, 26.7714206], [80.8839641, 26.7714201], [80.8839169, 26.7714373], [80.8838705, 26.7714541], [80.8838346, 26.7714833], [80.8837793, 26.7715282], [80.8837247, 26.7716333], [80.8837172, 26.7717199], [80.8837515, 26.7718288], [80.8838105, 26.771901], [80.8839178, 26.7719639], [80.8840248, 26.771984], [80.8841469, 26.7719666], [80.88426, 26.7719028], [80.8843301, 26.7718118], [80.8843555, 26.7716777]]}}, {"type": "Feature", "properties": {"highway": "primary", "name": null}, "geometry": {"type": "LineString", "coordinates": [[80.8837515, 26.7718288], [80.8832995, 26.7720448], [80.8828916, 26.772244], [80.8823178, 26.7725242], [80.8819807, 26.7726888], [80.881852, 26.7727517], [80.8804146, 26.7734354]]}}, {"type": "Feature", "properties": {"highway": "primary", "name": "Ashok Marg"}, "geometry": {"type": "LineString", "coordinates": [[80.9461633, 26.8466266], [80.9460063, 26.8463655], [80.9457279, 26.8460444], [80.9449041, 26.8452907], [80.9444944, 26.844973], [80.9435678, 26.8441772], [80.9421736, 26.8429582]]}}, {"type": "Feature", "properties": {"highway": "trunk", "name": null}, "geometry": {"type": "LineString", "coordinates": [[80.8922798, 26.8039273], [80.8924392, 26.8038035], [80.8928163, 26.8035666], [80.8932007, 26.803325], [80.8936379, 26.8030845], [80.8937453, 26.803038], [80.8939205, 26.8029621], [80.8946488, 26.8026391], [80.8948168, 26.8025646], [80.8951475, 26.8024177]]}}, {"type": "Feature", "properties": {"highway": "trunk", "name": "Flyover"}, "geometry": {"type": "LineString", "coordinates": [[80.8896099, 26.8066058], [80.8867701, 26.8103035]]}}, {"type": "Feature", "properties": {"highway": "trunk", "name": "Flyover"}, "geometry": {"type": "LineString", "coordinates": [[80.8868793, 26.810393], [80.8883273, 26.8085019], [80.8897117, 26.8066939]]}}, {"type": "Feature", "properties": {"highway": "trunk", "name": null}, "geometry": {"type": "LineString", "coordinates": [[80.876404, 26.8225395], [80.8758523, 26.822881], [80.8754357, 26.8231416], [80.8744954, 26.8236428], [80.8744045, 26.823679], [80.8742898, 26.8237136], [80.8741239, 26.8237478], [80.8740087, 26.823768], [80.8738231, 26.8238103], [80.8727485, 26.8242934], [80.8727947, 26.8243761], [80.8718205, 26.8247223], [80.8705696, 26.8250829], [80.8700318, 26.8252023], [80.869175, 26.8253145], [80.8685235, 26.8253881], [80.8682742, 26.8254301]]}}, {"type": "Feature", "properties": {"highway": "trunk", "name": "Flyover"}, "geometry": {"type": "LineString", "coordinates": [[80.8810863, 26.8177842], [80.8796307, 26.8197126], [80.8788719, 26.8205443], [80.8785063, 26.8209417], [80.8778823, 26.8215158]]}}, {"type": "Feature", "properties": {"highway": "trunk", "name": null}, "geometry": {"type": "LineString", "coordinates": [[80.8857753, 26.8115518], [80.8852873, 26.8121811], [80.8850244, 26.8125141], [80.8834987, 26.8145137], [80.8823423, 26.8159956]]}}, {"type": "Feature", "properties": {"highway": "trunk", "name": "Flyover"}, "geometry": {"type": "LineString", "coordinates": [[80.8779757, 26.8215827], [80.8785958, 26.8210103], [80.8789885, 26.82058], [80.8801587, 26.8192009], [80.8811929, 26.8178408]]}}, {"type": "Feature", "properties": {"highway": "trunk", "name": "Flyover"}, "geometry": {"type": "LineString", "coordinates": [[80.8811929, 26.8178408], [80.8822873, 26.8162447], [80.8843036, 26.8136767], [80.8854082, 26.8122699]]}}, {"type": "Feature", "properties": {"highway": "trunk", "name": null}, "geometry": {"type": "LineString", "coordinates": [[80.8956518, 26.8020508], [80.8954728, 26.8021423], [80.8950915, 26.8023192], [80.8949987, 26.8023609], [80.8946704, 26.8025083], [80.8934749, 26.8030505], [80.8934587, 26.8030578], [80.8934221, 26.8030785], [80.8930262, 26.8033031], [80.892645, 26.8035338], [80.8921995, 26.8038449], [80.8918424, 26.804099], [80.8912743, 26.8045936], [80.8906262, 26.8053568]]}}, {"type": "Feature", "properties": {"highway": "secondary", "name": null}, "geometry": {"type": "LineString", "coordinates": [[80.9088758, 26.8200755], [80.9092244, 26.8204014], [80.9092537, 26.8204327], [80.9101939, 26.8213908], [80.9111464, 26.8223581], [80.9121498, 26.8234006], [80.9122529, 26.8235025], [80.9141927, 26.8254199], [80.9143715, 26.8255969], [80.9146417, 26.8258645], [80.9147701, 26.8259916], [80.9151272, 26.8262685]]}}, {"type": "Feature", "properties": {"highway": "secondary", "name": null}, "geometry": {"type": "LineString", "coordinates": [[80.9292922, 26.8205351], [80.9297763, 26.8219249], [80.9298832, 26.8221782], [80.9301285, 26.8228751], [80.9302225, 26.8231421], [80.9304237, 26.8237137], [80.9305779, 26.8241713], [80.9308236, 26.8249004], [80.9309195, 26.825185], [80.9313919, 26.8266562], [80.9314379, 26.8268001], [80.9318585, 26.828117], [80.9319791, 26.8284623]]}}, {"type": "Feature", "properties": {"highway": "secondary", "name": null}, "geometry": {"type": "LineString", "coordinates": [[80.9321002, 26.8334672], [80.9321499, 26.8333817], [80.9321032, 26.8330542], [80.9320662, 26.8328554], [80.9320455, 26.8327438], [80.9320235, 26.8324053], [80.9320468, 26.8320593], [80.9320615, 26.8315275]]}}, {"type": "Feature", "properties": {"highway": "secondary", "name": null}, "geometry": {"type": "LineString", "coordinates": [[80.9220733, 26.8238361], [80.9219378, 26.8239534], [80.9217313, 26.8240024], [80.9210353, 26.8241065], [80.9202816, 26.8242059], [80.9191783, 26.8244117], [80.9190457, 26.8244472], [80.9189353, 26.8244905], [80.9184618, 26.8248498], [80.9183615, 26.8249318], [80.9180504, 26.8251105], [80.9176242, 26.8252879], [80.9175332, 26.8253257], [80.9160556, 26.825901], [80.9153188, 26.8261879], [80.9151272, 26.8262685]]}}, {"type": "Feature", "properties": {"highway": "secondary", "name": null}, "geometry": {"type": "LineString", "coordinates": [[80.928834, 26.8202876], [80.9280005, 26.8204734], [80.9279094, 26.8204937], [80.9275964, 26.820577], [80.9261765, 26.8212392], [80.9258816, 26.8213768], [80.9258229, 26.8214042], [80.9251944, 26.8217025], [80.9251663, 26.8217154], [80.9242533, 26.8221368], [80.9239413, 26.8222825], [80.9236846, 26.8224248], [80.9231741, 26.822834], [80.9231491, 26.822854], [80.9231306, 26.8228689], [80.9226348, 26.8233039], [80.9223073, 26.8236143], [80.9220733, 26.8238361]]}}, {"type": "Feature", "properties": {"highway": "secondary", "name": null}, "geometry": {"type": "LineString", "coordinates": [[80.928834, 26.8202876], [80.9291379, 26.820275]]}}, {"type": "Feature", "properties": {"highway": "secondary", "name": null}, "geometry": {"type": "LineString", "coordinates": [[80.9292922, 26.8205351], [80.9292791, 26.8202808]]}}, {"type": "Feature", "properties": {"highway": "secondary", "name": null}, "geometry": {"type": "LineString", "coordinates": [[80.9322238, 26.830224], [80.9322443, 26.8297356]]}}, {"type": "Feature", "properties": {"highway": "secondary", "name": null}, "geometry": {"type": "LineString", "coordinates": [[80.9321045, 26.8286566], [80.9319791, 26.8284623]]}}, {"type": "Feature", "properties": {"highway": "secondary", "name": null}, "geometry": {"type": "LineString", "coordinates": [[80.9319791, 26.8284623], [80.9319685, 26.8287014]]}}, {"type": "Feature", "properties": {"highway": "secondary", "name": null}, "geometry": {"type": "LineString", "coordinates": [[80.9291737, 26.8202969], [80.9292364, 26.8204407], [80.9292922, 26.8205351]]}}, {"type": "Feature", "properties": {"highway": "secondary", "name": null}, "geometry": {"type": "LineString", "coordinates": [[80.9319957, 26.8288092], [80.932079, 26.8290941]]}}, {"type": "Feature", "properties": {"highway": "secondary", "name": null}, "geometry": {"type": "LineString", "coordinates": [[80.9321867, 26.8290352], [80.9321608, 26.8287609]]}}, {"type": "Feature", "properties": {"highway": "secondary", "name": null}, "geometry": {"type": "LineString", "coordinates": [[80.9321636, 26.8287443], [80.9321608, 26.8287178], [80.9321497, 26.8286932], [80.932131, 26.8286724], [80.9321045, 26.8286566], [80.9320789, 26.8286495], [80.9320522, 26.8286485], [80.9320261, 26.8286538], [80.9320024, 26.8286649], [80.9319828, 26.8286812], [80.9319685, 26.8287014], [80.9319598, 26.8287297], [80.9319617, 26.8287591], [80.9319739, 26.8287864], [80.9319957, 26.8288092], [80.9320255, 26.8288247], [80.9320593, 26.8288306], [80.9320933, 26.828826], [80.9321238, 26.8288117], [80.9321472, 26.8287891], [80.9321608, 26.8287609], [80.9321636, 26.8287443]]}}, {"type": "Feature", "properties": {"highway": "secondary", "name": null}, "geometry": {"type": "LineString", "coordinates": [[80.9291109, 26.820207], [80.9290317, 26.8202234], [80.928834, 26.8202876]]}}, {"type": "Feature", "properties": {"highway": "secondary", "name": null}, "geometry": {"type": "LineString", "coordinates": [[80.9322443, 26.8297356], [80.9322396, 26.8295448], [80.9322209, 26.8293132], [80.9321867, 26.8290352]]}}, {"type": "Feature", "properties": {"highway": "secondary", "name": null}, "geometry": {"type": "LineString", "coordinates": [[80.9321696, 26.8302276], [80.9321684, 26.8302783], [80.9320814, 26.8309906], [80.9320497, 26.8312945], [80.9320129, 26.831488], [80.9319959, 26.8315492], [80.9318915, 26.831825], [80.931743, 26.8320422], [80.9315863, 26.8322078], [80.9313587, 26.832376], [80.9312976, 26.8324212], [80.9309869, 26.8325721], [80.9307092, 26.8326433], [80.9305532, 26.8327086]]}}, {"type": "Feature", "properties": {"highway": "primary", "name": "Kanpur-Lucknow Road"}, "geometry": {"type": "LineString", "coordinates": [[80.9014418, 26.8129379], [80.9016236, 26.8131919], [80.9021721, 26.8137404], [80.902631, 26.8141491], [80.9032406, 26.8146886], [80.9034185, 26.814846], [80.9036056, 26.8150116], [80.9040031, 26.8153607], [80.9042958, 26.8156177], [80.9045231, 26.8158166], [80.9046309, 26.8159159], [80.9051122, 26.8163593], [80.9052802, 26.8165141], [80.905318, 26.8165489], [80.9055053, 26.8167356], [80.9057985, 26.8170278], [80.9060254, 26.8172581], [80.906566, 26.817807], [80.9068119, 26.8180566]]}}, {"type": "Feature", "properties": {"highway": "primary", "name": "Kanpur-Lucknow Road"}, "geometry": {"type": "LineString", "coordinates": [[80.9068961, 26.8179907], [80.9063799, 26.8174687], [80.9058796, 26.8169627], [80.9053901, 26.8164722], [80.9043709, 26.8155489], [80.9040713, 26.8152964], [80.9038133, 26.815079], [80.9036705, 26.8149525], [80.9026804, 26.814075]]}}, {"type": "Feature", "properties": {"highway": "primary", "name": "Kanpur-Lucknow Road"}, "geometry": {"type": "LineString", "coordinates": [[80.9098124, 26.8284924], [80.9098051, 26.8286082]]}}, {"type": "Feature", "properties": {"highway": "primary", "name": "Mavaiyya Over bridge"}, "geometry": {"type": "LineString", "coordinates": [[80.9098051, 26.8286082], [80.9097564, 26.829381]]}}, {"type": "Feature", "properties": {"highway": "primary", "name": "Kanpur-Lucknow Road"}, "geometry": {"type": "LineString", "coordinates": [[80.9325612, 26.8341614], [80.9324212, 26.8339506]]}}, {"type": "Feature", "properties": {"highway": "primary", "name": "Kanpur-Lucknow Road"}, "geometry": {"type": "LineString", "coordinates": [[80.9343002, 26.8380843], [80.9342714, 26.8379831], [80.9341132, 26.8374271], [80.933935, 26.836801], [80.9337818, 26.8362627], [80.9336637, 26.8358876], [80.9336534, 26.8358549], [80.9335251, 26.8356155], [80.9333237, 26.8353114], [80.9328975, 26.8346678], [80.9326349, 26.8342724], [80.9325612, 26.8341614]]}}, {"type": "Feature", "properties": {"highway": "primary", "name": "Kanpur-Lucknow Road"}, "geometry": {"type": "LineString", "coordinates": [[80.9322988, 26.8340054], [80.9324446, 26.8342203]]}}, {"type": "Feature", "properties": {"highway": "primary", "name": "Kanpur-Lucknow Road"}, "geometry": {"type": "LineString", "coordinates": [[80.9097564, 26.829381], [80.9097398, 26.8296442]]}}, {"type": "Feature", "properties": {"highway": "primary", "name": "Kanpur-Lucknow Road"}, "geometry": {"type": "LineString", "coordinates": [[80.9324446, 26.8342203], [80.9325108, 26.8343386], [80.932787, 26.8347407], [80.9328767, 26.8348704], [80.9332178, 26.8353639], [80.9334342, 26.835677], [80.9334762, 26.8357597], [80.9335734, 26.835949], [80.9336109, 26.8360377], [80.9338375, 26.8368201], [80.934066, 26.8376087], [80.9341522, 26.83793], [80.9341746, 26.83801], [80.934203, 26.8381113]]}}, {"type": "Feature", "properties": {"highway": "primary", "name": "Kanpur-Lucknow Road"}, "geometry": {"type": "LineString", "coordinates": [[80.9104375, 26.8312197], [80.9105327, 26.8312556], [80.9106803, 26.8312903], [80.9115628, 26.8314955], [80.9124078, 26.8316818], [80.9127349, 26.8317539], [80.9132633, 26.8318593], [80.9137944, 26.8319167], [80.914253, 26.8319526], [80.9149557, 26.8320005], [80.9158784, 26.8320579], [80.9169781, 26.8321177], [80.9174717, 26.8321417], [80.9187485, 26.8322057], [80.9188678, 26.8322136], [80.9192941, 26.8322333], [80.919573, 26.8322465], [80.9203468, 26.8322833], [80.9205246, 26.8322846], [80.9214369, 26.8323299], [80.9215297, 26.8323358], [80.9216866, 26.8323453], [80.9225083, 26.832395], [80.9227159, 26.8324048], [80.922822, 26.8324048], [80.9229302, 26.8324107], [80.9240321, 26.8324802], [80.9242424, 26.8324935]]}}, {"type": "Feature", "properties": {"highway": "secondary", "name": null}, "geometry": {"type": "LineString", "coordinates": [[80.9085605, 26.8201184], [80.9086873, 26.8201038], [80.9088758, 26.8200755]]}}, {"type": "Feature", "properties": {"highway": "secondary", "name": null}, "geometry": {"type": "LineString", "coordinates": [[80.9088758, 26.8200755], [80.9085578, 26.8197698], [80.908501, 26.8197182]]}}, {"type": "Feature", "properties": {"highway": "primary", "name": "Kanpur-Lucknow Road"}, "geometry": {"type": "LineString", "coordinates": [[80.9324212, 26.8339506], [80.932349, 26.8338419], [80.9321002, 26.8334672], [80.9320419, 26.8333716], [80.9318765, 26.8331934], [80.9317112, 26.8330645], [80.9316502, 26.833017], [80.9314449, 26.8328999], [80.9312015, 26.8328083], [80.9308973, 26.8327268], [80.9305532, 26.8327086]]}}, {"type": "Feature", "properties": {"highway": "primary", "name": "Kanpur-Lucknow Road"}, "geometry": {"type": "LineString", "coordinates": [[80.9098124, 26.8284924], [80.9098555, 26.8283821], [80.9099595, 26.8266272], [80.9099796, 26.826513]]}}, {"type": "Feature", "properties": {"highway": "primary", "name": "Kanpur-Lucknow Road"}, "geometry": {"type": "LineString", "coordinates": [[80.9098874, 26.8265205], [80.9098864, 26.8266258], [80.9098599, 26.8273928], [80.909795, 26.8283893], [80.9098124, 26.8284924]]}}, {"type": "Feature", "properties": {"highway": "primary", "name": "Kanpur-Lucknow Road"}, "geometry": {"type": "LineString", "coordinates": [[80.9085605, 26.8201184], [80.9087127, 26.8204978], [80.9090904, 26.8222481], [80.9093013, 26.8231627], [80.9095456, 26.8243171], [80.9096473, 26.8247844], [80.9096877, 26.824974], [80.9097387, 26.8252128], [80.9098117, 26.8257111], [80.9098433, 26.8259509], [80.909842, 26.8261443], [80.9098168, 26.8263445]]}}, {"type": "Feature", "properties": {"highway": "primary", "name": "Kanpur-Lucknow Road"}, "geometry": {"type": "LineString", "coordinates": [[80.9014832, 26.8127187], [80.9012925, 26.8125204], [80.9011916, 26.8123987], [80.9009406, 26.8119628], [80.9004939, 26.8110888], [80.9001651, 26.8104443], [80.8998946, 26.8099141], [80.8997124, 26.8095483], [80.8993257, 26.808772], [80.8990777, 26.8082741], [80.8987439, 26.8076042], [80.898537, 26.8071966], [80.8984671, 26.8070589], [80.8983715, 26.8068505], [80.8979274, 26.8060019], [80.8974134, 26.8049888], [80.8973513, 26.8048663], [80.8970691, 26.80431], [80.8967947, 26.8037692], [80.896751, 26.803683], [80.8963616, 26.8028742], [80.8960807, 26.8022907], [80.8960372, 26.8021336]]}}, {"type": "Feature", "properties": {"highway": "primary", "name": "Alambagh Chowraha"}, "geometry": {"type": "LineString", "coordinates": [[80.9015574, 26.8128201], [80.9015535, 26.8127949], [80.9015436, 26.8127711], [80.901528, 26.8127497], [80.9015075, 26.812732], [80.9014832, 26.8127187], [80.9014492, 26.8127093], [80.9014137, 26.8127085], [80.9013793, 26.8127163], [80.9013486, 26.8127322], [80.9013238, 26.812755], [80.9013072, 26.8127823], [80.9012994, 26.8128127], [80.9013033, 26.8128531], [80.9013226, 26.8128898], [80.901355, 26.8129183], [80.9013964, 26.812935], [80.9014418, 26.8129379], [80.901479, 26.8129293], [80.9015117, 26.8129113], [80.901537, 26.8128855], [80.9015527, 26.8128542], [80.9015574, 26.8128201]]}}, {"type": "Feature", "properties": {"highway": "primary", "name": "Kanpur-Lucknow Road"}, "geometry": {"type": "LineString", "coordinates": [[80.9100455, 26.8263982], [80.9100354, 26.8263681], [80.9100162, 26.8263418], [80.9099832, 26.826318], [80.9099553, 26.8263079], [80.9099255, 26.8263041], [80.9098955, 26.8263068], [80.9098672, 26.8263159], [80.9098421, 26.8263309], [80.9098168, 26.8263445], [80.9098079, 26.8263737], [80.9098004, 26.8263988], [80.9097996, 26.8264248], [80.9098057, 26.8264502], [80.9098172, 26.8264722], [80.9098338, 26.8264914], [80.9098547, 26.8265069], [80.9098705, 26.8265148], [80.9098874, 26.8265205], [80.9099185, 26.8265251], [80.90995, 26.8265225], [80.9099796, 26.826513], [80.91, 26.8265013], [80.9100173, 26.8264863], [80.9100361, 26.8264597], [80.9100457, 26.8264295], [80.9100455, 26.8263982]]}}, {"type": "Feature", "properties": {"highway": "secondary", "name": null}, "geometry": {"type": "LineString", "coordinates": [[80.8980976, 26.819848], [80.8975993, 26.8210329], [80.8967723, 26.8229937], [80.8966351, 26.8232022], [80.8965274, 26.8233281], [80.8963001, 26.8235558], [80.8958945, 26.8239295], [80.8958329, 26.8240074], [80.8957811, 26.824104], [80.8957526, 26.8242178], [80.8957511, 26.8243505], [80.8957653, 26.8244595], [80.8958725, 26.8247468], [80.8958919, 26.8248272], [80.8959016, 26.8249047], [80.8959027, 26.8249959], [80.8958821, 26.8251021], [80.8958649, 26.8251601], [80.8955944, 26.8257637], [80.8951416, 26.8268395]]}}, {"type": "Feature", "properties": {"highway": "secondary", "name": null}, "geometry": {"type": "LineString", "coordinates": [[80.8924893, 26.8330974], [80.8920954, 26.8340115], [80.8918567, 26.8345653], [80.8916942, 26.8349535], [80.8916407, 26.8350813], [80.8913261, 26.8358328], [80.891026, 26.8365889], [80.8909977, 26.8366601], [80.8910179, 26.8368176], [80.8911672, 26.8371875], [80.8911815, 26.8372228]]}}, {"type": "Feature", "properties": {"highway": "secondary", "name": "Flyover"}, "geometry": {"type": "LineString", "coordinates": [[80.8948852, 26.8274401], [80.8945287, 26.8282696], [80.8941048, 26.8292587], [80.8939434, 26.8296041], [80.8937357, 26.8301183], [80.8934261, 26.8308848], [80.8932141, 26.8313915], [80.8925432, 26.8329723], [80.8925241, 26.8330165]]}}, {"type": "Feature", "properties": {"highway": "secondary", "name": null}, "geometry": {"type": "LineString", "coordinates": [[80.9011162, 26.8130214], [80.9010136, 26.8132321], [80.9008641, 26.8135308], [80.9008367, 26.8135855], [80.9007968, 26.8136652], [80.9007579, 26.8137481], [80.9005045, 26.814288], [80.9000886, 26.8151741], [80.899881, 26.8156165], [80.8996688, 26.8161104], [80.899536, 26.8164168], [80.8992622, 26.8170574], [80.8991763, 26.8172574], [80.8989872, 26.8176978], [80.8988077, 26.8181326], [80.8987478, 26.8182273], [80.8986456, 26.818525], [80.8984446, 26.8190119], [80.8982544, 26.8194725], [80.8981681, 26.8196794], [80.8981279, 26.8197756]]}}, {"type": "Feature", "properties": {"highway": "primary", "name": "Husainganj Chauraha"}, "geometry": {"type": "LineString", "coordinates": [[80.9347235, 26.8393098], [80.9346785, 26.8393078], [80.9346346, 26.8393166], [80.934595, 26.8393358], [80.9345627, 26.8393637], [80.9345378, 26.8394036], [80.9345278, 26.8394484], [80.9345338, 26.8394941], [80.9345553, 26.8395359], [80.9345903, 26.8395697], [80.9346258, 26.8395888], [80.9346656, 26.8395995], [80.9347195, 26.8395995], [80.9347705, 26.839584], [80.9348132, 26.8395546], [80.934843, 26.8395145], [80.9348567, 26.839468], [80.9348529, 26.8394201]]}}, {"type": "Feature", "properties": {"highway": "primary", "name": "Ashok Marg"}, "geometry": {"type": "LineString", "coordinates": [[80.9469475, 26.8478654], [80.9470145, 26.848024], [80.9472361, 26.8485494], [80.9478861, 26.8501201], [80.9480872, 26.8506272], [80.9484629, 26.851469], [80.9486993, 26.8520264], [80.9487751, 26.8521928], [80.9488771, 26.8524112], [80.9490316, 26.8526869], [80.9491366, 26.8528091], [80.9492648, 26.85296], [80.9496088, 26.8533292], [80.9498215, 26.8535685], [80.9504191, 26.854229], [80.9512784, 26.8551441], [80.951425, 26.8553548]]}}, {"type": "Feature", "properties": {"highway": "primary", "name": "Mahatma Gandhi Marg"}, "geometry": {"type": "LineString", "coordinates": [[80.9505255, 26.8386727], [80.9502853, 26.838879], [80.9501863, 26.8389732], [80.9500413, 26.839111], [80.9498985, 26.8392203], [80.9495057, 26.8395221], [80.9494565, 26.8395572], [80.9492461, 26.8397186], [80.9489874, 26.8399407]]}}, {"type": "Feature", "properties": {"highway": "primary", "name": "Mahatma Gandhi Marg"}, "geometry": {"type": "LineString", "coordinates": [[80.9468286, 26.8438573], [80.9469424, 26.8432095], [80.9471419, 26.8424848]]}}, {"type": "Feature", "properties": {"highway": "primary", "name": "Mahatma Gandhi Marg"}, "geometry": {"type": "LineString", "coordinates": [[80.9468392, 26.8432192], [80.9466838, 26.8438652]]}}, {"type": "Feature", "properties": {"highway": "primary", "name": "Mahatma Gandhi Marg"}, "geometry": {"type": "LineString", "coordinates": [[80.9462169, 26.8466326], [80.9462413, 26.8465314], [80.9462701, 26.8464104], [80.9462829, 26.8463415], [80.9464196, 26.8458051], [80.9464355, 26.8457355], [80.9467998, 26.8441381]]}}, {"type": "Feature", "properties": {"highway": "primary", "name": "Mahatma Gandhi Marg"}, "geometry": {"type": "LineString", "coordinates": [[80.9507498, 26.8385693], [80.9507343, 26.8384306], [80.9507704, 26.8380698], [80.9508602, 26.8368795], [80.9508729, 26.8362634], [80.9508679, 26.8359272]]}}, {"type": "Feature", "properties": {"highway": "primary", "name": "Mahatma Gandhi Marg"}, "geometry": {"type": "LineString", "coordinates": [[80.9466435, 26.8440937], [80.9465146, 26.8448024], [80.9463443, 26.8455287], [80.9462425, 26.8459318], [80.9461812, 26.8462679], [80.9461669, 26.8464046]]}}, {"type": "Feature", "properties": {"highway": "primary", "name": "Mahatma Gandhi Marg"}, "geometry": {"type": "LineString", "coordinates": [[80.9508337, 26.835932], [80.9508304, 26.8360892], [80.9508229, 26.8364439], [80.9506989, 26.8380094], [80.9506945, 26.8380646], [80.9506526, 26.8384254], [80.9506061, 26.8385745]]}}, {"type": "Feature", "properties": {"highway": "primary", "name": "Kanpur-Lucknow Road"}, "geometry": {"type": "LineString", "coordinates": [[80.9261932, 26.8325034], [80.9261112, 26.8324994], [80.9259787, 26.8324876], [80.9250424, 26.8324084], [80.9247801, 26.8323862], [80.9243879, 26.832353], [80.9243239, 26.8323476], [80.9242569, 26.8323449], [80.9238496, 26.8323284], [80.9229421, 26.8322916], [80.9228383, 26.8322863], [80.9215413, 26.8321996], [80.9214969, 26.8321966], [80.9214475, 26.8321942], [80.920351, 26.8321356], [80.9195758, 26.8321009], [80.9184198, 26.8320491], [80.917454, 26.8320046]]}}, {"type": "Feature", "properties": {"highway": "primary", "name": "Kanpur-Lucknow Road"}, "geometry": {"type": "LineString", "coordinates": [[80.9306003, 26.832807], [80.9309004, 26.8328641], [80.931276, 26.8329706], [80.9314748, 26.8330869], [80.931572, 26.8331499], [80.9318084, 26.833349], [80.9320116, 26.8335816], [80.9322988, 26.8340054]]}}, {"type": "Feature", "properties": {"highway": "primary", "name": "Hazratganj Chauraha"}, "geometry": {"type": "LineString", "coordinates": [[80.9461633, 26.8466266], [80.9461477, 26.8466295], [80.9461267, 26.8466387], [80.9461186, 26.8466449], [80.946109, 26.8466522], [80.9460916, 26.8466768], [80.9460847, 26.8467051], [80.9460892, 26.846734], [80.9461046, 26.8467596], [80.9461209, 26.8467741], [80.9461408, 26.8467846], [80.946163, 26.8467904], [80.9462012, 26.8467888], [80.9462356, 26.8467736], [80.9462602, 26.8467474]]}}, {"type": "Feature", "properties": {"highway": "primary", "name": null}, "geometry": {"type": "LineString", "coordinates": [[80.9508494, 26.8386722], [80.9508341, 26.8386324], [80.9507873, 26.8385883], [80.9507775, 26.8385791], [80.9507498, 26.8385693], [80.950717, 26.8385577], [80.9507008, 26.838558], [80.9506529, 26.8385586], [80.9506061, 26.8385745], [80.9505682, 26.8386063], [80.9505486, 26.8386228], [80.9505255, 26.8386727], [80.9505256, 26.838734], [80.9505476, 26.838782], [80.9505685, 26.8388008], [80.9505975, 26.8388271], [80.9506393, 26.8388419], [80.9506577, 26.8388484], [80.9506913, 26.8388479], [80.9507221, 26.8388475], [80.9507566, 26.8388345], [80.9507793, 26.838826], [80.9507993, 26.8388079], [80.9508265, 26.8387834], [80.9508496, 26.8387329], [80.9508495, 26.8386969], [80.9508494, 26.8386722]]}}, {"type": "Feature", "properties": {"highway": "primary", "name": null}, "geometry": {"type": "LineString", "coordinates": [[80.9509128, 26.8358807], [80.9509146, 26.8358595], [80.950909, 26.835839], [80.9508965, 26.835821], [80.9508836, 26.8358105], [80.9508688, 26.835803], [80.9508525, 26.8357987], [80.9508283, 26.8357985], [80.9508052, 26.8358051], [80.9507857, 26.835818], [80.9507718, 26.8358356], [80.9507656, 26.8358523], [80.9507644, 26.8358698], [80.9507684, 26.835887], [80.9507784, 26.8359042], [80.9507935, 26.8359181], [80.9508125, 26.8359277], [80.9508337, 26.835932], [80.9508511, 26.8359314], [80.9508679, 26.8359272], [80.9508882, 26.8359163], [80.9509037, 26.8359002], [80.9509128, 26.8358807]]}}, {"type": "Feature", "properties": {"highway": "primary", "name": null}, "geometry": {"type": "LineString", "coordinates": [[80.9469115, 26.8439246], [80.9468766, 26.8438845], [80.9468286, 26.8438573], [80.9467802, 26.8438467], [80.9467304, 26.8438494], [80.9466838, 26.8438652], [80.9466512, 26.8438867], [80.9466255, 26.8439147], [80.9466081, 26.8439474], [80.9466002, 26.8439829], [80.946603, 26.8440229], [80.9466178, 26.8440608], [80.9466435, 26.8440937], [80.9466763, 26.8441182], [80.946715, 26.8441344], [80.9467571, 26.8441412], [80.9467998, 26.8441381], [80.9468445, 26.8441233], [80.9468826, 26.8440978], [80.946911, 26.8440636], [80.9469273, 26.8440236], [80.946929, 26.8439729], [80.9469115, 26.8439246]]}}, {"type": "Feature", "properties": {"highway": "secondary", "name": "Vikramaditya Marg"}, "geometry": {"type": "LineString", "coordinates": [[80.9605128, 26.8317515], [80.9607752, 26.8315567], [80.9608393, 26.8315091], [80.9610664, 26.8313512]]}}, {"type": "Feature", "properties": {"highway": "secondary", "name": "Vikramaditya Marg"}, "geometry": {"type": "LineString", "coordinates": [[80.9610664, 26.8313512], [80.9631858, 26.8297216], [80.962996, 26.8295453], [80.9620515, 26.8288897]]}}, {"type": "Feature", "properties": {"highway": "secondary", "name": "Vikramaditya Marg"}, "geometry": {"type": "LineString", "coordinates": [[80.9511761, 26.8383569], [80.9516726, 26.8380427], [80.9528609, 26.837207], [80.9540943, 26.8363396], [80.9541961, 26.836268], [80.9542831, 26.8362063], [80.9547313, 26.8358847], [80.9552386, 26.8355282], [80.9555721, 26.8352915], [80.9557423, 26.8351697], [80.9559004, 26.8350472], [80.9560407, 26.8349481], [80.9563157, 26.8347561], [80.9566726, 26.8345084], [80.9575907, 26.8338521], [80.957827, 26.8336774], [80.9590845, 26.8327801], [80.9595227, 26.8324675], [80.9596748, 26.832359], [80.9599366, 26.8321692], [80.9601108, 26.8320429], [80.9605128, 26.8317515]]}}, {"type": "Feature", "properties": {"highway": "primary", "name": "Faizabad Road"}, "geometry": {"type": "LineString", "coordinates": [[80.9955959, 26.8730365], [80.9955489, 26.8729628], [80.9954906, 26.8729133], [80.9954297, 26.8728936], [80.9953211, 26.8728731], [80.9947549, 26.8728562], [80.9933331, 26.872793], [80.9917181, 26.8727143], [80.9913335, 26.8726956], [80.9897383, 26.8726179], [80.9883425, 26.8725516], [80.988125, 26.8725413], [80.9880168, 26.8725341], [80.9879667, 26.8725341], [80.9868772, 26.8724701], [80.9860745, 26.8724181], [80.985701, 26.8723947], [80.984226, 26.8722984], [80.9836259, 26.8722595], [80.9820927, 26.8721629], [80.98045, 26.8720592], [80.9804026, 26.8720562], [80.9788107, 26.8719566], [80.9774195, 26.8718835], [80.9772034, 26.8718751]]}}, {"type": "Feature", "properties": {"highway": "secondary", "name": "Lohia Path"}, "geometry": {"type": "LineString", "coordinates": [[80.9521315, 26.8420976], [80.9523901, 26.8421235], [80.9527445, 26.8421854], [80.9533046, 26.8423336], [80.9560879, 26.8432269], [80.9566901, 26.8434282], [80.9572081, 26.8436781], [80.9583828, 26.8443945], [80.9588537, 26.8447881], [80.9591065, 26.8450314], [80.9598865, 26.846039], [80.9600442, 26.8462427], [80.9602337, 26.8464875], [80.9603903, 26.8466898], [80.9611735, 26.8476805], [80.961461, 26.8479436], [80.963243, 26.849361], [80.963751, 26.8497104], [80.9642839, 26.8500177], [80.9647548, 26.8502455], [80.9649227, 26.8503465], [80.9650894, 26.8504467], [80.9651802, 26.8505704], [80.9652347, 26.8506414]]}}, {"type": "Feature", "properties": {"highway": "secondary", "name": "Lohia Path"}, "geometry": {"type": "LineString", "coordinates": [[80.9655694, 26.8502898], [80.9651761, 26.8502308], [80.9649815, 26.8502048], [80.9649005, 26.8501798], [80.9647095, 26.8500909], [80.9637882, 26.8496426], [80.9631934, 26.8492004], [80.9620161, 26.8482488], [80.9617012, 26.8479942], [80.9615081, 26.8478382], [80.9612379, 26.8475839], [80.960772, 26.8470024], [80.9606518, 26.846851], [80.9605762, 26.8467558], [80.9599467, 26.8459631], [80.9593692, 26.845209], [80.9590421, 26.8447999], [80.9586356, 26.8444484], [80.9582044, 26.8441697], [80.9578351, 26.8439442], [80.9572477, 26.843597], [80.9567397, 26.8433405], [80.9561969, 26.8431592], [80.9538251, 26.842425], [80.9531163, 26.8421773], [80.9526657, 26.842062], [80.9525843, 26.8420412], [80.9523727, 26.8419871], [80.9521584, 26.8419182]]}}, {"type": "Feature", "properties": {"highway": "secondary", "name": "Lohia Path"}, "geometry": {"type": "LineString", "coordinates": [[80.9516217, 26.8415686], [80.9516588, 26.8417112], [80.9517419, 26.8418649], [80.9517934, 26.8420331]]}}, {"type": "Feature", "properties": {"highway": "secondary", "name": "Lohia Path"}, "geometry": {"type": "LineString", "coordinates": [[80.951973, 26.8418213], [80.9518137, 26.8417433], [80.9517059, 26.8416272], [80.9516217, 26.8415686]]}}, {"type": "Feature", "properties": {"highway": "secondary", "name": null}, "geometry": {"type": "LineString", "coordinates": [[80.9521707, 26.8419551], [80.9521584, 26.8419182], [80.9521295, 26.8418804], [80.952091, 26.8418497], [80.9520446, 26.8418295], [80.9520093, 26.8418223], [80.951973, 26.8418213], [80.951919, 26.8418316], [80.9518706, 26.8418554], [80.9518319, 26.8418907], [80.9518063, 26.8419344], [80.9517959, 26.8419828], [80.9517934, 26.8420331], [80.9518179, 26.8420694], [80.9518436, 26.8421024], [80.9518773, 26.8421291], [80.9519171, 26.8421479], [80.9519608, 26.8421577], [80.9520059, 26.8421581], [80.9520497, 26.8421491], [80.9520803, 26.8421363], [80.9521078, 26.842119], [80.9521315, 26.8420976], [80.9521546, 26.8420659], [80.9521693, 26.8420304], [80.9521747, 26.8419928], [80.9521707, 26.8419551]]}}, {"type": "Feature", "properties": {"highway": "primary", "name": "Mahatma Gandhi Marg"}, "geometry": {"type": "LineString", "coordinates": [[80.9412135, 26.8096885], [80.9418021, 26.8105523], [80.9424729, 26.8114926], [80.9430721, 26.8123326], [80.943333, 26.8126974], [80.9438301, 26.8133924], [80.9442982, 26.8140469], [80.9443631, 26.8141377], [80.945153, 26.8152535], [80.9456587, 26.8159678], [80.9463624, 26.8169681], [80.9464497, 26.8171025]]}}, {"type": "Feature", "properties": {"highway": "primary", "name": null}, "geometry": {"type": "LineString", "coordinates": [[80.9412424, 26.8096426], [80.9412371, 26.8096228], [80.9412243, 26.809607], [80.9412074, 26.8095972], [80.9411833, 26.8095932], [80.9411612, 26.8095979], [80.941152, 26.8096039], [80.9411434, 26.8096094], [80.9411327, 26.809624], [80.9411279, 26.809646], [80.9411339, 26.8096671], [80.9411461, 26.8096817], [80.9411594, 26.80969], [80.9411871, 26.8096954], [80.9412135, 26.8096885], [80.941227, 26.8096793], [80.9412398, 26.8096597], [80.9412424, 26.8096426]]}}, {"type": "Feature", "properties": {"highway": "primary", "name": "Somnath dwar"}, "geometry": {"type": "LineString", "coordinates": [[80.9542539, 26.83064], [80.9542476, 26.830623], [80.9542374, 26.8306059], [80.954226, 26.8305924], [80.9541933, 26.8305688], [80.9541732, 26.8305607], [80.9541393, 26.8305546], [80.9541042, 26.830557], [80.9540869, 26.8305616], [80.9540656, 26.830571], [80.9540269, 26.8306041], [80.9540098, 26.8306324], [80.9540054, 26.8306639], [80.9540096, 26.8306957], [80.9540198, 26.8307191], [80.954049, 26.8307519], [80.9540965, 26.8307749], [80.9541222, 26.8307773], [80.9541416, 26.830779], [80.9541734, 26.830773], [80.9541907, 26.8307662], [80.9542346, 26.8307316], [80.9542526, 26.8306982], [80.9542572, 26.8306751], [80.9542539, 26.83064]]}}, {"type": "Feature", "properties": {"highway": "primary", "name": null}, "geometry": {"type": "LineString", "coordinates": [[80.951042, 26.8356476], [80.9511159, 26.8356184], [80.9512412, 26.8354987], [80.9512956, 26.8354511], [80.951601, 26.8351852], [80.952059, 26.834801], [80.9523306, 26.8345901], [80.9524447, 26.8345015], [80.9526405, 26.8343495], [80.9531257, 26.8339853], [80.9531605, 26.8339167]]}}, {"type": "Feature", "properties": {"highway": "primary", "name": null}, "geometry": {"type": "LineString", "coordinates": [[80.9541222, 26.8307773], [80.9541026, 26.8310608]]}}, {"type": "Feature", "properties": {"highway": "primary", "name": null}, "geometry": {"type": "LineString", "coordinates": [[80.9541026, 26.8310608], [80.9540852, 26.831312]]}}, {"type": "Feature", "properties": {"highway": "primary", "name": null}, "geometry": {"type": "LineString", "coordinates": [[80.9540852, 26.831312], [80.9540692, 26.8315443], [80.9540566, 26.8317087], [80.9539876, 26.8326145], [80.9539515, 26.8329598], [80.9539417, 26.8330541], [80.9538493, 26.8332917]]}}, {"type": "Feature", "properties": {"highway": "primary", "name": "Ashok Marg"}, "geometry": {"type": "LineString", "coordinates": [[80.9555404, 26.8612877], [80.955358, 26.8633]]}}, {"type": "Feature", "properties": {"highway": "primary", "name": "Ashok Marg"}, "geometry": {"type": "LineString", "coordinates": [[80.9556003, 26.863326], [80.9557659, 26.861286]]}}, {"type": "Feature", "properties": {"highway": "primary", "name": "Ashok Marg"}, "geometry": {"type": "LineString", "coordinates": [[80.9515108, 26.855296], [80.9513673, 26.8550779], [80.9504307, 26.8540886], [80.9500926, 26.8537167], [80.9493756, 26.8528949], [80.9493016, 26.8527845], [80.9491756, 26.8526152], [80.9490733, 26.8524778], [80.9488974, 26.8521417], [80.948758, 26.8518228], [80.9486163, 26.8514985], [80.9485284, 26.8512975], [80.948217, 26.850585], [80.9481082, 26.8503361], [80.9478632, 26.8497468], [80.9476149, 26.8491497], [80.9475012, 26.8488763], [80.9472136, 26.8481846], [80.9471238, 26.8479687], [80.9470489, 26.8478045], [80.9469918, 26.8476792], [80.9467658, 26.8473883], [80.9466888, 26.8472892], [80.9466409, 26.8472227]]}}, {"type": "Feature", "properties": {"highway": "primary", "name": "Gol Market Flyover"}, "geometry": {"type": "LineString", "coordinates": [[80.9573744, 26.8724119], [80.9575272, 26.8728374]]}}, {"type": "Feature", "properties": {"highway": "primary", "name": null}, "geometry": {"type": "LineString", "coordinates": [[80.9553076, 26.8636229], [80.9553544, 26.8636744], [80.9554211, 26.8637039], [80.9554946, 26.8637059], [80.9555625, 26.8636807], [80.9556126, 26.8636329], [80.9556361, 26.8635708], [80.9556316, 26.8635139], [80.9556044, 26.8634623], [80.9555771, 26.8634357], [80.9555346, 26.8634115], [80.955486, 26.8633992], [80.9554356, 26.8633998], [80.9553874, 26.8634133], [80.9553456, 26.8634385], [80.9553025, 26.8634933], [80.9552892, 26.8635586], [80.9553076, 26.8636229]]}}, {"type": "Feature", "properties": {"highway": "primary", "name": "Gol Market Flyover"}, "geometry": {"type": "LineString", "coordinates": [[80.9568763, 26.8699595], [80.9569623, 26.8703533], [80.9569861, 26.8706133], [80.9569851, 26.8708275], [80.9569801, 26.8710013], [80.9569758, 26.8711762], [80.9570146, 26.8714395], [80.9570595, 26.8716116], [80.9571056, 26.8717316], [80.9571539, 26.8718353], [80.95722, 26.8719923], [80.9573185, 26.8722484], [80.9573744, 26.8724119]]}}, {"type": "Feature", "properties": {"highway": "primary", "name": "Gol Market Flyover"}, "geometry": {"type": "LineString", "coordinates": [[80.9588816, 26.8705668], [80.957724, 26.8706207], [80.9575102, 26.8706145], [80.95737, 26.8705888], [80.9572142, 26.8704937], [80.9571262, 26.8704048], [80.9570189, 26.8701815], [80.9569608, 26.8699147], [80.9568799, 26.8695616], [80.9567186, 26.8688565], [80.9565184, 26.8679902], [80.9564471, 26.8676655]]}}, {"type": "Feature", "properties": {"highway": "primary", "name": "Ashok Marg"}, "geometry": {"type": "LineString", "coordinates": [[80.9554211, 26.8637039], [80.9554672, 26.8638517], [80.9556428, 26.8644809], [80.9556857, 26.8646676], [80.955769, 26.86507], [80.9558723, 26.8655528], [80.9560482, 26.8662236], [80.9560724, 26.8663232], [80.956205, 26.8669463], [80.9562933, 26.8673364], [80.9563204, 26.8674644]]}}, {"type": "Feature", "properties": {"highway": "primary", "name": "Faizabad Road"}, "geometry": {"type": "LineString", "coordinates": [[80.9609289, 26.8707815], [80.9619025, 26.8708829], [80.9629605, 26.8709479], [80.9631996, 26.8709401], [80.9633978, 26.8709167], [80.964039, 26.8708725], [80.9649426, 26.8707919], [80.9656189, 26.8707477], [80.9657763, 26.8707373], [80.965794, 26.870735], [80.9661927, 26.8706827], [80.9665167, 26.8706333], [80.966744, 26.8705891], [80.9678114, 26.8703811], [80.9678911, 26.8703608]]}}, {"type": "Feature", "properties": {"highway": "primary", "name": "Faizabad Road"}, "geometry": {"type": "LineString", "coordinates": [[80.9426133, 26.8710409], [80.9418319, 26.8710747], [80.9412416, 26.8710999], [80.9409714, 26.8711497]]}}, {"type": "Feature", "properties": {"highway": "primary", "name": "Faizabad Road"}, "geometry": {"type": "LineString", "coordinates": [[80.9409615, 26.8712397], [80.9412346, 26.8711981], [80.942266, 26.8712003], [80.9428686, 26.8711715], [80.943074, 26.8711593]]}}, {"type": "Feature", "properties": {"highway": "primary", "name": "Faizabad Road"}, "geometry": {"type": "LineString", "coordinates": [[80.9568875, 26.8706685], [80.9566095, 26.8706585]]}}, {"type": "Feature", "properties": {"highway": "secondary", "name": null}, "geometry": {"type": "LineString", "coordinates": [[80.9654133, 26.8509416], [80.9653252, 26.8511275], [80.964965, 26.8518193], [80.9648962, 26.8521652], [80.9649045, 26.8525283], [80.9650282, 26.8530214], [80.9650903, 26.8531471], [80.9651712, 26.8533109], [80.9654481, 26.8536724], [80.9654767, 26.8537883], [80.9654832, 26.8538685]]}}, {"type": "Feature", "properties": {"highway": "secondary", "name": null}, "geometry": {"type": "LineString", "coordinates": [[80.9656522, 26.8537756], [80.9656012, 26.8536524], [80.965297, 26.8532528], [80.9651513, 26.8530099], [80.9650853, 26.8527572], [80.9650303, 26.8523843], [80.9650523, 26.8520286], [80.9651155, 26.8517857], [80.9654537, 26.8511086], [80.9655563, 26.8509949]]}}, {"type": "Feature", "properties": {"highway": "secondary", "name": null}, "geometry": {"type": "LineString", "coordinates": [[80.9675238, 26.8568143], [80.9675159, 26.8568554], [80.9674434, 26.8571302], [80.9673676, 26.8572758], [80.967249, 26.8574338], [80.9666346, 26.8581866], [80.9656819, 26.859243], [80.9651783, 26.8596107], [80.9646591, 26.8599385], [80.9644786, 26.8600203], [80.9642994, 26.8601016], [80.9637822, 26.8602299], [80.9633, 26.8603409], [80.9629889, 26.8604606], [80.9626234, 26.8606272], [80.9623065, 26.8606757], [80.9606516, 26.8609058], [80.9602045, 26.8609612], [80.9600645, 26.8609473]]}}, {"type": "Feature", "properties": {"highway": "secondary", "name": null}, "geometry": {"type": "LineString", "coordinates": [[80.9711567, 26.8559184], [80.9713872, 26.8559809]]}}, {"type": "Feature", "properties": {"highway": "secondary", "name": null}, "geometry": {"type": "LineString", "coordinates": [[80.9560203, 26.861125], [80.9558799, 26.861142], [80.9557616, 26.8611609]]}}, {"type": "Feature", "properties": {"highway": "secondary", "name": "University Road"}, "geometry": {"type": "LineString", "coordinates": [[80.9409543, 26.871133], [80.9407155, 26.8699818], [80.9406205, 26.869576], [80.940497, 26.8689829], [80.940476, 26.868895], [80.9403287, 26.8682794], [80.9402568, 26.8679789], [80.9401871, 26.8675803], [80.9399592, 26.8664727], [80.9398888, 26.8662006], [80.9398589, 26.8660848], [80.9392488, 26.8644558], [80.9392321, 26.8644119]]}}, {"type": "Feature", "properties": {"highway": "secondary", "name": "Kursi Road"}, "geometry": {"type": "LineString", "coordinates": [[80.9408601, 26.8712504], [80.9410457, 26.8716792], [80.9411643, 26.8721724], [80.9412265, 26.8724307], [80.94133, 26.8728611], [80.9415258, 26.8737065]]}}, {"type": "Feature", "properties": {"highway": "primary", "name": "Faizabad Road"}, "geometry": {"type": "LineString", "coordinates": [[80.9344334, 26.8713856], [80.9342467, 26.8713914], [80.9332271, 26.8714108], [80.9331524, 26.8714123], [80.9330815, 26.8714137], [80.9328929, 26.8714191], [80.9327497, 26.8714448], [80.9327146, 26.8714539], [80.9321063, 26.8716112], [80.9319389, 26.8716545], [80.9318004, 26.8716896], [80.9315965, 26.8717413], [80.9314244, 26.8717743], [80.9313714, 26.8717844], [80.9312451, 26.8717967], [80.931009, 26.8717986], [80.930511, 26.8717708], [80.930011, 26.8717014], [80.9298881, 26.8716874], [80.9297685, 26.8716737], [80.9296044, 26.8716198], [80.9292328, 26.8715122], [80.929162, 26.8714786], [80.9290804, 26.8714398], [80.9290498, 26.8714252], [80.9288928, 26.8713507], [80.9288457, 26.8713283], [80.9286876, 26.8712558], [80.9283007, 26.8710785], [80.9280135, 26.8709468], [80.927513, 26.8707174], [80.9271833, 26.8705621], [80.9271298, 26.8705369], [80.9268477, 26.8703356], [80.9262235, 26.8698157], [80.9261864, 26.8697463], [80.9260492, 26.8695792], [80.92598, 26.8694992]]}}, {"type": "Feature", "properties": {"highway": "primary", "name": null}, "geometry": {"type": "LineString", "coordinates": [[80.9241967, 26.8676012], [80.9254533, 26.869005]]}}, {"type": "Feature", "properties": {"highway": "primary", "name": null}, "geometry": {"type": "LineString", "coordinates": [[80.9254533, 26.869005], [80.9255489, 26.8691448]]}}, {"type": "Feature", "properties": {"highway": "primary", "name": null}, "geometry": {"type": "LineString", "coordinates": [[80.9256251, 26.8690627], [80.9255042, 26.8689486]]}}, {"type": "Feature", "properties": {"highway": "primary", "name": null}, "geometry": {"type": "LineString", "coordinates": [[80.9255042, 26.8689486], [80.9242636, 26.8675531]]}}, {"type": "Feature", "properties": {"highway": "primary", "name": null}, "geometry": {"type": "LineString", "coordinates": [[80.9257215, 26.8692151], [80.9257361, 26.8691989], [80.9257418, 26.8691884], [80.9257463, 26.8691802], [80.9257513, 26.8691598], [80.9257505, 26.8691359], [80.9257427, 26.8691129], [80.9257285, 26.8690926], [80.9257087, 26.8690763], [80.9256848, 26.8690652], [80.9256586, 26.8690601], [80.9256251, 26.8690627]]}}, {"type": "Feature", "properties": {"highway": "primary", "name": "Faizabad Road"}, "geometry": {"type": "LineString", "coordinates": [[80.9408391, 26.8711454], [80.9397457, 26.8712031], [80.9392493, 26.8712148], [80.9384438, 26.8712309], [80.9380015, 26.8712464], [80.9368225, 26.8712883], [80.9354578, 26.8713277], [80.9348633, 26.8713456], [80.9345429, 26.8713504], [80.9344334, 26.8713856]]}}, {"type": "Feature", "properties": {"highway": "primary", "name": null}, "geometry": {"type": "LineString", "coordinates": [[80.92598, 26.8694992], [80.9259352, 26.8694073], [80.9259246, 26.8693856], [80.9257215, 26.8692151]]}}, {"type": "Feature", "properties": {"highway": "primary", "name": "Faizabad Road"}, "geometry": {"type": "LineString", "coordinates": [[80.9344334, 26.8713856], [80.9345461, 26.8714282], [80.9354638, 26.8714009], [80.9366459, 26.8713634], [80.9368242, 26.8713633], [80.9379972, 26.871332], [80.9392691, 26.8712955], [80.9397752, 26.8712875], [80.9399979, 26.8712768], [80.9406754, 26.8712431]]}}, {"type": "Feature", "properties": {"highway": "primary", "name": null}, "geometry": {"type": "LineString", "coordinates": [[80.9256025, 26.8692304], [80.9258545, 26.8694396], [80.92598, 26.8694992]]}}, {"type": "Feature", "properties": {"highway": "primary", "name": null}, "geometry": {"type": "LineString", "coordinates": [[80.9237007, 26.8671561], [80.9238181, 26.8673309], [80.9238811, 26.8673898], [80.9240375, 26.8674542]]}}, {"type": "Feature", "properties": {"highway": "primary", "name": null}, "geometry": {"type": "LineString", "coordinates": [[80.9241689, 26.86746], [80.9240871, 26.8673856]]}}, {"type": "Feature", "properties": {"highway": "secondary", "name": "Butler Flyover"}, "geometry": {"type": "LineString", "coordinates": [[80.9594414, 26.8609273], [80.9572466, 26.8611863], [80.9568661, 26.8612134], [80.9566238, 26.861269], [80.9564492, 26.8613678], [80.956195, 26.8614858], [80.9559377, 26.8615341], [80.9553746, 26.8615131], [80.9548972, 26.8614378], [80.9544411, 26.8613209], [80.9524806, 26.8608078]]}}, {"type": "Feature", "properties": {"highway": "secondary", "name": "Butler Flyover"}, "geometry": {"type": "LineString", "coordinates": [[80.9524806, 26.8608078], [80.9517313, 26.8606359], [80.9514472, 26.8605587]]}}, {"type": "Feature", "properties": {"highway": "secondary", "name": null}, "geometry": {"type": "LineString", "coordinates": [[80.9600645, 26.8609473], [80.9596516, 26.8609285]]}}, {"type": "Feature", "properties": {"highway": "secondary", "name": null}, "geometry": {"type": "LineString", "coordinates": [[80.9511632, 26.8604815], [80.9485253, 26.8598905], [80.9471778, 26.8596511], [80.9464953, 26.8595522], [80.9445295, 26.8593094], [80.9439019, 26.8592388], [80.9427717, 26.8591116], [80.9423848, 26.8590665], [80.942358, 26.8590491], [80.9422992, 26.859011], [80.9422662, 26.8589017], [80.9422647, 26.8588553], [80.942243, 26.8581888], [80.9422079, 26.8571133], [80.9421998, 26.8569483]]}}, {"type": "Feature", "properties": {"highway": "primary", "name": "Mahatma Gandhi Marg"}, "geometry": {"type": "LineString", "coordinates": [[80.9489874, 26.8399407], [80.9488355, 26.8400614]]}}, {"type": "Feature", "properties": {"highway": "primary", "name": "Mahatma Gandhi Marg"}, "geometry": {"type": "LineString", "coordinates": [[80.9488355, 26.8400614], [80.9486092, 26.8402596], [80.9485247, 26.840326], [80.9482418, 26.840541], [80.94803, 26.84073], [80.9478196, 26.8409167], [80.9476939, 26.8410219], [80.947548, 26.8411652], [80.9474486, 26.8413148], [80.9472283, 26.8418379], [80.947119, 26.8422195], [80.9470432, 26.8424696], [80.9469542, 26.8427477], [80.9468392, 26.8432192]]}}, {"type": "Feature", "properties": {"highway": "secondary", "name": "Rana Pratap Marg"}, "geometry": {"type": "LineString", "coordinates": [[80.9342905, 26.8570208], [80.9343612, 26.8571107], [80.9344412, 26.8571585], [80.9345293, 26.8571705], [80.9348267, 26.8571783], [80.9351823, 26.8571679], [80.9355933, 26.8571185], [80.936083, 26.8570171], [80.9364872, 26.8568951], [80.9370536, 26.8566218], [80.9374763, 26.8565256], [80.9377065, 26.8564892], [80.9379922, 26.8564762], [80.9383565, 26.85651], [80.9385285, 26.856536], [80.9388462, 26.856562], [80.9389424, 26.8565828], [80.9404474, 26.8567643], [80.9413937, 26.8568761], [80.9415615, 26.8568895], [80.9421998, 26.8569483]]}}, {"type": "Feature", "properties": {"highway": "secondary", "name": "Rana Pratap Marg"}, "geometry": {"type": "LineString", "coordinates": [[80.9421998, 26.8569483], [80.9433993, 26.8570208], [80.9435415, 26.857032], [80.9441442, 26.8570797], [80.9443329, 26.8570915], [80.9444107, 26.8570963], [80.944819, 26.8570654], [80.9449437, 26.8570559], [80.9458336, 26.8568379], [80.9459371, 26.8568125], [80.9473206, 26.8564735], [80.9480213, 26.856295], [80.9492236, 26.8559888], [80.9495071, 26.8559166], [80.9506436, 26.8556271], [80.9508414, 26.855572], [80.9512805, 26.8554393], [80.9514262, 26.8554055]]}}, {"type": "Feature", "properties": {"highway": "secondary", "name": "Shahnajaf Road"}, "geometry": {"type": "LineString", "coordinates": [[80.9459371, 26.8568125], [80.9455085, 26.8557951], [80.9453874, 26.8555076], [80.9452408, 26.8551454], [80.9448343, 26.8541414], [80.9443847, 26.8531272], [80.9443492, 26.8530478], [80.9442415, 26.8528067], [80.9440809, 26.8524473], [80.9439175, 26.8521269], [80.9437451, 26.8517889], [80.9435295, 26.8513663], [80.9434706, 26.8512225], [80.9434365, 26.8511071], [80.9434202, 26.8510099], [80.9432393, 26.8500766], [80.9426498, 26.8492999], [80.9425888, 26.8492211]]}}, {"type": "Feature", "properties": {"highway": "primary", "name": null}, "geometry": {"type": "LineString", "coordinates": [[80.9361337, 26.8549888], [80.9361675, 26.8547056], [80.9361509, 26.8544748]]}}, {"type": "Feature", "properties": {"highway": "primary", "name": null}, "geometry": {"type": "LineString", "coordinates": [[80.9242777, 26.8668222], [80.9243073, 26.8667815], [80.924317, 26.8667349], [80.9243083, 26.866693], [80.9242757, 26.8666484], [80.9242479, 26.8666333], [80.9242223, 26.8666194], [80.9241779, 26.8666132], [80.9241248, 26.8666232], [80.9240809, 26.8666501], [80.9240699, 26.8666652], [80.9240511, 26.8666909], [80.9240415, 26.8667374], [80.9240539, 26.8667871], [80.9240828, 26.8668239], [80.9241346, 26.8668524], [80.9241806, 26.8668591], [80.9242319, 26.8668497], [80.9242777, 26.8668222]]}}, {"type": "Feature", "properties": {"highway": "secondary", "name": "Naka Hindola Chauraha"}, "geometry": {"type": "LineString", "coordinates": [[80.9208303, 26.8371195], [80.9208431, 26.8370813], [80.9208423, 26.8370474], [80.9208307, 26.837015], [80.9208093, 26.8369869], [80.9207837, 26.8369676], [80.9207535, 26.8369546], [80.9207206, 26.8369489], [80.920687, 26.8369506], [80.920655, 26.8369599], [80.9206267, 26.8369761], [80.920603, 26.8369991], [80.9205869, 26.8370269], [80.9205795, 26.8370575], [80.9205812, 26.8370883], [80.9205919, 26.8371176], [80.9206106, 26.8371435], [80.9206333, 26.8371623], [80.9206603, 26.8371759], [80.9206956, 26.8371843], [80.9207322, 26.8371837], [80.9207672, 26.8371742], [80.920804, 26.8371516], [80.9208303, 26.8371195]]}}, {"type": "Feature", "properties": {"highway": "primary", "name": "Netaji Subash Chowk"}, "geometry": {"type": "LineString", "coordinates": [[80.9357472, 26.8549244], [80.9356661, 26.8549696], [80.935602, 26.8550329], [80.9355576, 26.8551156], [80.9355423, 26.8552063], [80.9355576, 26.855297], [80.935611, 26.8553908], [80.9356967, 26.8554631], [80.9358046, 26.8555056], [80.9359187, 26.8555136], [80.9360273, 26.8554888], [80.9361212, 26.8554343], [80.9361907, 26.8553559], [80.9362266, 26.8552703], [80.9362328, 26.8551791], [80.9362088, 26.8550902], [80.9361769, 26.8550362], [80.9361337, 26.8549888], [80.9360423, 26.8549299], [80.9359346, 26.8549004], [80.935839, 26.8549007], [80.9357472, 26.8549244]]}}, {"type": "Feature", "properties": {"highway": "secondary", "name": null}, "geometry": {"type": "LineString", "coordinates": [[80.9208431, 26.8370813], [80.9210159, 26.8370586], [80.9210796, 26.8370502], [80.9213257, 26.8370396], [80.9217625, 26.837061], [80.9225012, 26.8370972], [80.922526, 26.8370984], [80.9226892, 26.8371139], [80.9234807, 26.8371888], [80.923556, 26.8371959], [80.923894, 26.8372279], [80.9241154, 26.8372576], [80.9241948, 26.8372683], [80.9243269, 26.837286], [80.9256359, 26.8374801], [80.9260856, 26.8375439], [80.9264134, 26.8375988], [80.9264794, 26.8376108], [80.9268182, 26.837662], [80.92724, 26.8377406], [80.9273661, 26.8377663], [80.9276006, 26.8378125], [80.9282159, 26.8379252], [80.9288862, 26.838047], [80.9292654, 26.8381168], [80.9298823, 26.8382518], [80.9306268, 26.8384256], [80.9317358, 26.838731], [80.9320877, 26.8388279], [80.9325051, 26.8389428], [80.9330549, 26.839107]]}}, {"type": "Feature", "properties": {"highway": "secondary", "name": null}, "geometry": {"type": "LineString", "coordinates": [[80.9330785, 26.8390295], [80.9325616, 26.8388789], [80.9319135, 26.8386961], [80.9317723, 26.8386563], [80.9315161, 26.838584], [80.9308895, 26.8384073], [80.9306774, 26.8383475], [80.9298972, 26.8381274], [80.9293112, 26.838003], [80.9289546, 26.8379335], [80.9276623, 26.837699], [80.9271424, 26.8375961], [80.9268394, 26.8375529], [80.9264585, 26.8374986], [80.9263134, 26.8374784], [80.9256448, 26.8373905], [80.925228, 26.8373242], [80.9242059, 26.8371794], [80.9241265, 26.8371682], [80.9238973, 26.8371576], [80.9235635, 26.8371346], [80.9231744, 26.8370973], [80.9227016, 26.8370447]]}}, {"type": "Feature", "properties": {"highway": "primary", "name": "Mahatma Gandhi Road"}, "geometry": {"type": "LineString", "coordinates": [[80.9461046, 26.8467596], [80.945982, 26.846866], [80.9458741, 26.8469389], [80.9457049, 26.8470787], [80.9452131, 26.8474157], [80.9444581, 26.8479224], [80.9441372, 26.8481392], [80.9436684, 26.8484559], [80.9429516, 26.8489639], [80.94278, 26.8490856], [80.9426273, 26.8491938], [80.9425977, 26.8492148], [80.9425888, 26.8492211], [80.9425767, 26.84923], [80.9425, 26.8492859], [80.9417903, 26.8498132], [80.9408032, 26.850568], [80.940121, 26.8510429], [80.9391056, 26.85164], [80.9390613, 26.8516689], [80.9390101, 26.8517009], [80.9387706, 26.8518498], [80.9384784, 26.8520388], [80.9382342, 26.8522375], [80.9381653, 26.8523], [80.9379349, 26.8525049], [80.9378691, 26.8525811], [80.9372685, 26.8533597], [80.9371775, 26.8534471], [80.9369892, 26.8536759], [80.9363637, 26.8544357], [80.936313, 26.8545054], [80.9361675, 26.8547056], [80.9360609, 26.854777], [80.9359346, 26.8549004]]}}, {"type": "Feature", "properties": {"highway": "primary", "name": "Mahatma Gandhi Road"}, "geometry": {"type": "LineString", "coordinates": [[80.9362088, 26.8550902], [80.9362367, 26.8549481], [80.936294, 26.8547865], [80.9364786, 26.8545432], [80.9369801, 26.8539272], [80.9371862, 26.8536572], [80.9373742, 26.8534594], [80.9374621, 26.8533838], [80.9378367, 26.8529451], [80.9383024, 26.8523611], [80.9385401, 26.8521751], [80.9388495, 26.8519717], [80.939101, 26.8518144], [80.9391947, 26.8517596], [80.9396427, 26.8514566], [80.9401826, 26.8511022], [80.9408451, 26.8506658], [80.9416383, 26.8500999], [80.9418865, 26.8499306], [80.9425736, 26.8493629], [80.9426498, 26.8492999], [80.9430146, 26.8490208], [80.9437334, 26.8485339], [80.9445358, 26.8480122], [80.9447775, 26.847841], [80.9452044, 26.8475512], [80.945251, 26.8475196], [80.9453598, 26.8474458], [80.9455193, 26.8473285], [80.9457811, 26.8471407], [80.9459493, 26.84702], [80.9460573, 26.846947], [80.946097, 26.846914], [80.9461852, 26.8469017], [80.9462131, 26.8469111], [80.9462202, 26.8469175], [80.9462693, 26.8469617]]}}, {"type": "Feature", "properties": {"highway": "primary", "name": "Mahatma Gandhi Road"}, "geometry": {"type": "LineString", "coordinates": [[80.924317, 26.8667349], [80.9243818, 26.8666735], [80.9245164, 26.8665154], [80.9246766, 26.8662276], [80.9247355, 26.8660858], [80.9249083, 26.8656696], [80.9250591, 26.865399], [80.9251552, 26.8652561], [80.9254012, 26.8650543], [80.9267333, 26.8638114], [80.9275816, 26.8630859], [80.9283308, 26.8624438], [80.9289511, 26.8619236], [80.9297209, 26.8612779], [80.93012, 26.8609374], [80.9303448, 26.8607456], [80.9304964, 26.8605714], [80.9305652, 26.8604406], [80.9306732, 26.8601874], [80.93082, 26.8598979], [80.9309482, 26.859682], [80.9310677, 26.8595182], [80.9311382, 26.8593423], [80.9311462, 26.8592945], [80.9311756, 26.8591178], [80.9312314, 26.8588376], [80.9312551, 26.8587582], [80.9312907, 26.8586594], [80.931354, 26.8585483], [80.9314647, 26.8584513], [80.9316486, 26.8583066], [80.9318374, 26.8581649], [80.9322101, 26.8578851], [80.9324845, 26.8577058], [80.932653, 26.8576364], [80.9328388, 26.8575535], [80.9333311, 26.8574106], [80.9340251, 26.8572218], [80.9342228, 26.8571689], [80.9343612, 26.8571107], [80.9344621, 26.8570437], [80.9345827, 26.8569273], [80.9346776, 26.8568197], [80.9349313, 26.8565105], [80.9354417, 26.8558885], [80.9356253, 26.8556596], [80.9357244, 26.8555816], [80.9358046, 26.8555056]]}}, {"type": "Feature", "properties": {"highway": "primary", "name": "Mahatma Gandhi Road"}, "geometry": {"type": "LineString", "coordinates": [[80.9355576, 26.855297], [80.9355142, 26.8555249], [80.9353672, 26.8557586], [80.9349887, 26.8562399], [80.9345024, 26.8568508], [80.9343678, 26.8569673], [80.9342905, 26.8570208], [80.9341613, 26.8570696], [80.9338775, 26.8571516], [80.9329768, 26.8573929], [80.932779, 26.8574561], [80.9326747, 26.8575111], [80.9324889, 26.8576046], [80.9322338, 26.8577669], [80.9319669, 26.8579662], [80.931791, 26.858103], [80.9313659, 26.8584336], [80.9312868, 26.8585059], [80.9312074, 26.8586243], [80.9311867, 26.8587151], [80.9311115, 26.8590439], [80.9310609, 26.8592804], [80.9310521, 26.8593031], [80.9310116, 26.8594076], [80.9308117, 26.8596929], [80.9307011, 26.8599045], [80.9305053, 26.8604025], [80.9304093, 26.8605428], [80.9302494, 26.8606973], [80.9300447, 26.86087], [80.9295926, 26.8612512], [80.9284387, 26.8622175], [80.9276934, 26.862867], [80.9275349, 26.8629889], [80.9274969, 26.8630182], [80.9274753, 26.8630348], [80.9273414, 26.8631403], [80.9271766, 26.863284], [80.9266721, 26.8637542], [80.9256811, 26.8646747], [80.9251208, 26.8651754], [80.9249964, 26.865342], [80.9248278, 26.8657058], [80.9245857, 26.8662445], [80.924484, 26.8664084], [80.9243361, 26.8665613], [80.9242479, 26.8666333]]}}, {"type": "Feature", "properties": {"highway": "primary", "name": "Mahatma Gandhi Road"}, "geometry": {"type": "LineString", "coordinates": [[80.9240539, 26.8667871], [80.9238698, 26.8669093], [80.9237234, 26.8669776]]}}, {"type": "Feature", "properties": {"highway": "secondary", "name": null}, "geometry": {"type": "LineString", "coordinates": [[80.9447478, 26.8541726], [80.9448343, 26.8541414], [80.9457639, 26.8538062], [80.946354, 26.8535934], [80.9466002, 26.8535046], [80.9469889, 26.8533695], [80.947725, 26.8531156], [80.9480293, 26.8530106], [80.9485413, 26.852834], [80.9490316, 26.8526869], [80.9491756, 26.8526152]]}}, {"type": "Feature", "properties": {"highway": "primary", "name": "Mahatma Gandhi Road"}, "geometry": {"type": "LineString", "coordinates": [[80.9222095, 26.8679226], [80.9224749, 26.8677661], [80.922693, 26.8676376], [80.9232894, 26.8673343], [80.923503, 26.8672496], [80.9237007, 26.8671561]]}}, {"type": "Feature", "properties": {"highway": "secondary", "name": "Subhash Marg"}, "geometry": {"type": "LineString", "coordinates": [[80.9169957, 26.8518353], [80.9169846, 26.8517951], [80.9168866, 26.8515494], [80.9169036, 26.8513561], [80.9170807, 26.8505861], [80.9171142, 26.8504643], [80.9173095, 26.8497531], [80.9173878, 26.8494682], [80.917464, 26.8491647], [80.9177295, 26.848108], [80.9177666, 26.8479602], [80.917859, 26.8476351], [80.9178672, 26.8476062], [80.9179774, 26.8472183], [80.9179983, 26.8471447], [80.9180021, 26.8471314], [80.9180129, 26.8470916], [80.9182207, 26.8463261], [80.9182458, 26.8462285], [80.9183843, 26.8456907], [80.9184231, 26.8455398], [80.9185732, 26.8449567], [80.9186603, 26.8446412], [80.9187794, 26.8442098], [80.9188565, 26.8437532]]}}, {"type": "Feature", "properties": {"highway": "primary", "name": "Arch Flyover"}, "geometry": {"type": "LineString", "coordinates": [[80.9564005, 26.8706652], [80.9514473, 26.8708311], [80.9501987, 26.8708369]]}}, {"type": "Feature", "properties": {"highway": "primary", "name": "Faizabad Road"}, "geometry": {"type": "LineString", "coordinates": [[80.943074, 26.8711593], [80.9437803, 26.871138], [80.9446826, 26.8710897], [80.9450368, 26.8710805], [80.9457104, 26.8710629], [80.9457449, 26.8710612], [80.9458851, 26.8710542], [80.9460765, 26.8710527], [80.9465776, 26.8710357], [80.9465871, 26.8710354], [80.9466043, 26.8710348], [80.9466376, 26.8710336], [80.9469999, 26.8710207], [80.9475098, 26.8710051], [80.9475343, 26.8710044], [80.9476608, 26.871001], [80.9477545, 26.8709984], [80.9481504, 26.8709869], [80.9486127, 26.8709775], [80.9486768, 26.8709762], [80.9493512, 26.8709372], [80.9494621, 26.8709308], [80.9496583, 26.87086]]}}, {"type": "Feature", "properties": {"highway": "primary", "name": "Parivartan Chowk"}, "geometry": {"type": "LineString", "coordinates": [[80.9359602, 26.8541023], [80.9358674, 26.8540427], [80.93575, 26.8539982], [80.9355884, 26.8539961], [80.9354963, 26.8540379], [80.9354394, 26.8540901], [80.9354102, 26.854117], [80.9353612, 26.8541974], [80.9353358, 26.8542861], [80.9353336, 26.8543586], [80.9353473, 26.8544301], [80.9354025, 26.8545382], [80.9354856, 26.8546651], [80.9355663, 26.8547467]]}}, {"type": "Feature", "properties": {"highway": "trunk", "name": "Ring Road Flyover"}, "geometry": {"type": "LineString", "coordinates": [[80.940479, 26.9125439], [80.9402002, 26.9127022], [80.9398111, 26.9128661], [80.9394653, 26.91296], [80.9391306, 26.913017], [80.9390546, 26.9130299], [80.9386871, 26.9130395], [80.9384817, 26.9130733], [80.938298, 26.9131431], [80.9381359, 26.9132395], [80.9379847, 26.9133886]]}}, {"type": "Feature", "properties": {"highway": "primary", "name": null}, "geometry": {"type": "LineString", "coordinates": [[80.9355663, 26.8547467], [80.9356173, 26.8548849], [80.935602, 26.8550329]]}}, {"type": "Feature", "properties": {"highway": "trunk", "name": "Ring Road Flyover"}, "geometry": {"type": "LineString", "coordinates": [[80.939135, 26.9131147], [80.9394898, 26.9130744], [80.9398767, 26.9129513], [80.940248, 26.9127816], [80.9405247, 26.9126383]]}}, {"type": "Feature", "properties": {"highway": "secondary", "name": "Lohia Path"}, "geometry": {"type": "LineString", "coordinates": [[80.9959603, 26.8690672], [80.9959803, 26.8722019], [80.9959788, 26.8724242], [80.9959453, 26.8725145], [80.995903, 26.8725878], [80.9958796, 26.8726272], [80.9958258, 26.8727298], [80.9958187, 26.8727438], [80.9957718, 26.8728214], [80.9957254, 26.8729064], [80.9956741, 26.8729854]]}}, {"type": "Feature", "properties": {"highway": "secondary", "name": "Lohia Path"}, "geometry": {"type": "LineString", "coordinates": [[80.9869367, 26.8592658], [80.9873542, 26.8593668], [80.9893831, 26.8598622], [80.9897449, 26.8599493], [80.9898784, 26.8599802], [80.9905632, 26.8602071], [80.9907469, 26.8602789]]}}, {"type": "Feature", "properties": {"highway": "secondary", "name": "Gomti Barrage Bridge"}, "geometry": {"type": "LineString", "coordinates": [[80.970492, 26.8557489], [80.9685373, 26.8552275]]}}, {"type": "Feature", "properties": {"highway": "secondary", "name": null}, "geometry": {"type": "LineString", "coordinates": [[80.9685373, 26.8552275], [80.9682997, 26.855161], [80.9681594, 26.8551218]]}}, {"type": "Feature", "properties": {"highway": "secondary", "name": null}, "geometry": {"type": "LineString", "coordinates": [[80.9676366, 26.8553378], [80.9676784, 26.8552722], [80.9677068, 26.8552118], [80.9677148, 26.8551467], [80.9677018, 26.8550823], [80.9676688, 26.8550238], [80.9676185, 26.8549761], [80.9675551, 26.854943], [80.9674482, 26.8549265], [80.9673717, 26.85494], [80.9673033, 26.8549735], [80.9672493, 26.8550237], [80.9672149, 26.8550862], [80.9672031, 26.855155], [80.9672118, 26.8552136], [80.967237, 26.8552682], [80.967277, 26.8553152], [80.9673337, 26.8553537], [80.9674, 26.8553768], [80.9674708, 26.8553827], [80.9675408, 26.855371], [80.9676366, 26.8553378]]}}, {"type": "Feature", "properties": {"highway": "secondary", "name": null}, "geometry": {"type": "LineString", "coordinates": [[80.9658732, 26.8541962], [80.9659369, 26.8541377], [80.965942, 26.8540396], [80.9658941, 26.8539576], [80.9658519, 26.853878], [80.9658278, 26.8538457], [80.9657926, 26.8538153], [80.9657423, 26.8537896], [80.9656899, 26.853782], [80.9656522, 26.8537756], [80.9656067, 26.8537817], [80.9655401, 26.8538086], [80.9654832, 26.8538685], [80.9654742, 26.8538718], [80.9654485, 26.8539356], [80.9654454, 26.8539683], [80.9654525, 26.8540171], [80.9654744, 26.8540642], [80.9655078, 26.8541033], [80.9655422, 26.8541284], [80.9655925, 26.8541503], [80.9657235, 26.854204], [80.9657939, 26.8542029], [80.9658732, 26.8541962]]}}, {"type": "Feature", "properties": {"highway": "secondary", "name": null}, "geometry": {"type": "LineString", "coordinates": [[80.967277, 26.8553152], [80.9674004, 26.8556669], [80.9675107, 26.8560864], [80.9675286, 26.8562769], [80.9674937, 26.8567429], [80.9675238, 26.8568143]]}}, {"type": "Feature", "properties": {"highway": "secondary", "name": null}, "geometry": {"type": "LineString", "coordinates": [[80.9711567, 26.8559184], [80.9707685, 26.8558322], [80.970492, 26.8557489]]}}, {"type": "Feature", "properties": {"highway": "secondary", "name": null}, "geometry": {"type": "LineString", "coordinates": [[80.9675238, 26.8568143], [80.9675849, 26.8567468], [80.9675989, 26.8565608], [80.9676164, 26.856268], [80.9676106, 26.8560992], [80.9676039, 26.8556039], [80.967619, 26.8554401], [80.9676366, 26.8553378]]}}, {"type": "Feature", "properties": {"highway": "secondary", "name": null}, "geometry": {"type": "LineString", "coordinates": [[80.9676784, 26.8552722], [80.9678332, 26.8551703], [80.9679829, 26.8551338], [80.9681594, 26.8551218]]}}, {"type": "Feature", "properties": {"highway": "secondary", "name": null}, "geometry": {"type": "LineString", "coordinates": [[80.9674482, 26.8549265], [80.9671958, 26.8548396], [80.9668301, 26.8546053], [80.9662725, 26.8542629], [80.965942, 26.8540396]]}}, {"type": "Feature", "properties": {"highway": "secondary", "name": null}, "geometry": {"type": "LineString", "coordinates": [[80.9658732, 26.8541962], [80.9660304, 26.8542981], [80.9661192, 26.8543557], [80.9663906, 26.8545047], [80.966901, 26.854865], [80.9670794, 26.8550116], [80.9672031, 26.855155]]}}, {"type": "Feature", "properties": {"highway": "primary", "name": "Gol Market Flyover"}, "geometry": {"type": "LineString", "coordinates": [[80.9563204, 26.8674644], [80.9563597, 26.8676832]]}}, {"type": "Feature", "properties": {"highway": "primary", "name": "Ashok Marg"}, "geometry": {"type": "LineString", "coordinates": [[80.9559102, 26.8653934], [80.9556121, 26.8640776], [80.9555745, 26.8639039], [80.9555675, 26.8638011], [80.9555625, 26.8636807]]}}, {"type": "Feature", "properties": {"highway": "trunk", "name": "Faizabad Road"}, "geometry": {"type": "LineString", "coordinates": [[81.0147854, 26.8738903], [81.0149169, 26.8738971], [81.0153992, 26.8739222], [81.0163168, 26.8739699], [81.0170503, 26.8739989], [81.0180132, 26.874037], [81.0188914, 26.8740718], [81.0193811, 26.8740912], [81.019736, 26.8741052], [81.020561, 26.8741675], [81.0206488, 26.8741763], [81.0217527, 26.8742868], [81.0242729, 26.8745121], [81.0250492, 26.8745815], [81.0255137, 26.874623], [81.0261465, 26.8747212], [81.026518, 26.8748048], [81.0265631, 26.874815], [81.0267672, 26.8748772], [81.0270517, 26.8749813], [81.027424, 26.8751188], [81.0276075, 26.8751866], [81.0293093, 26.8758154], [81.0297617, 26.8759826], [81.030257, 26.8762314], [81.0303725, 26.8762894], [81.0309124, 26.8766052], [81.0316305, 26.8770161], [81.0328046, 26.8777054], [81.0334236, 26.8780293], [81.0343921, 26.8784931], [81.0351939, 26.8788604], [81.0359561, 26.8792437]]}}, {"type": "Feature", "properties": {"highway": "secondary", "name": "Lohia Path Flyover"}, "geometry": {"type": "LineString", "coordinates": [[80.9961569, 26.8681953], [80.9961541, 26.867583], [80.9961288, 26.8667171], [80.9961259, 26.8666179], [80.9961172, 26.866318], [80.9960788, 26.8656747], [80.996051, 26.8653103], [80.9959959, 26.8649845], [80.995802, 26.8643316], [80.9956401, 26.8639111], [80.9953747, 26.8634257], [80.9951508, 26.8630942], [80.9949566, 26.8628328], [80.9946972, 26.8625103], [80.9944335, 26.8622453], [80.9941738, 26.862012], [80.9935995, 26.8616239], [80.9934005, 26.8615025], [80.9931553, 26.8613675], [80.9929027, 26.8612298], [80.9921437, 26.8608402], [80.9914095, 26.8604411], [80.9908191, 26.8601694], [80.9906388, 26.8600944], [80.9905769, 26.8600686], [80.9905172, 26.8600438], [80.9897833, 26.859805], [80.9891923, 26.8596529]]}}, {"type": "Feature", "properties": {"highway": "secondary", "name": "Lohia Path Flyover"}, "geometry": {"type": "LineString", "coordinates": [[80.9891923, 26.8596529], [80.988787, 26.8595467], [80.9880606, 26.8593778], [80.9867941, 26.8590895], [80.9854339, 26.8587413]]}}, {"type": "Feature", "properties": {"highway": "primary", "name": "Faizabad Road"}, "geometry": {"type": "LineString", "coordinates": [[80.9678911, 26.8703608], [80.9685977, 26.8702308]]}}, {"type": "Feature", "properties": {"highway": "primary", "name": "Faizabad Road"}, "geometry": {"type": "LineString", "coordinates": [[80.9685548, 26.8700905], [80.9678399, 26.8702256]]}}, {"type": "Feature", "properties": {"highway": "primary", "name": "Faizabad Road"}, "geometry": {"type": "LineString", "coordinates": [[80.9772145, 26.8720207], [80.9772821, 26.8720284], [80.9774028, 26.8720314], [80.9790252, 26.872126], [80.9804297, 26.8722078], [80.9820762, 26.8723128], [80.9842245, 26.8724288], [80.9843788, 26.8724394], [80.9853384, 26.8725139], [80.9856955, 26.8725416], [80.9863361, 26.8726016], [80.9868434, 26.8726167], [80.9870965, 26.8726484], [80.9879552, 26.8726923], [80.9879941, 26.8726943], [80.9883302, 26.8727225], [80.9891211, 26.8727683], [80.9901611, 26.8728001], [80.9916402, 26.8728547], [80.9917365, 26.8728574], [80.9930691, 26.8729157], [80.9934061, 26.8729233], [80.993798, 26.8729379], [80.994407, 26.87295], [80.994621, 26.872958], [80.9950214, 26.8729895], [80.9952418, 26.8730893], [80.9952593, 26.8731007], [80.9954578, 26.8732305]]}}, {"type": "Feature", "properties": {"highway": "primary", "name": "Faizabad Road"}, "geometry": {"type": "LineString", "coordinates": [[80.9678399, 26.8702256], [80.9668896, 26.8704099], [80.9664574, 26.8704937], [80.9657625, 26.8705913], [80.963181, 26.8707838], [80.9629927, 26.8707979], [80.9619386, 26.8707186], [80.9609238, 26.8706093], [80.9606077, 26.8705955]]}}, {"type": "Feature", "properties": {"highway": "trunk", "name": "Ring Road"}, "geometry": {"type": "LineString", "coordinates": [[80.9906742, 26.8856284], [80.9914814, 26.8855671], [80.9924115, 26.8854973], [80.9926774, 26.8854774], [80.9942427, 26.88536], [80.9952383, 26.8852994], [80.9954518, 26.8852693], [80.9955694, 26.8852326], [80.9956684, 26.8851519], [80.9957606, 26.8850643], [80.9958458, 26.884954], [80.9958826, 26.8847973], [80.9959011, 26.8844509], [80.9959143, 26.8842205], [80.9959386, 26.8830771], [80.9959409, 26.8824889], [80.9959367, 26.8810694], [80.9959336, 26.8805399], [80.9958863, 26.8777591], [80.9959051, 26.8764836]]}}, {"type": "Feature", "properties": {"highway": "trunk", "name": "Ring Road"}, "geometry": {"type": "LineString", "coordinates": [[80.9746748, 26.8918025], [80.9748087, 26.8916783], [80.9756375, 26.8909322], [80.9764021, 26.8902416], [80.97662, 26.8900143], [80.9768404, 26.8897226]]}}, {"type": "Feature", "properties": {"highway": "trunk", "name": "Ring Road"}, "geometry": {"type": "LineString", "coordinates": [[80.9906655, 26.8855109], [80.9860706, 26.8858573], [80.9849795, 26.8859422], [80.9849103, 26.885948]]}}, {"type": "Feature", "properties": {"highway": "trunk", "name": "Munshipulia"}, "geometry": {"type": "LineString", "coordinates": [[80.9959105, 26.885006], [80.9958003, 26.8849905], [80.9957646, 26.8849936], [80.9957409, 26.8850003], [80.9956984, 26.8850201], [80.9956336, 26.8850809], [80.9956266, 26.8850922], [80.995603, 26.8851787], [80.9956097, 26.8852275], [80.9956313, 26.885275], [80.9956646, 26.8853143], [80.995699, 26.8853398], [80.9957225, 26.8853518]]}}, {"type": "Feature", "properties": {"highway": "trunk", "name": "Kukrail Bridge"}, "geometry": {"type": "LineString", "coordinates": [[80.9773997, 26.8888449], [80.9769122, 26.8894641], [80.9767482, 26.8896833]]}}, {"type": "Feature", "properties": {"highway": "trunk", "name": "Kukrail Bridge"}, "geometry": {"type": "LineString", "coordinates": [[80.9768404, 26.8897226], [80.9774866, 26.8888855]]}}, {"type": "Feature", "properties": {"highway": "trunk", "name": "Ring Road"}, "geometry": {"type": "LineString", "coordinates": [[80.9849922, 26.8860516], [80.9860827, 26.8859683], [80.9868097, 26.8859155], [80.9906742, 26.8856284]]}}, {"type": "Feature", "properties": {"highway": "trunk", "name": "Ring Road"}, "geometry": {"type": "LineString", "coordinates": [[80.9767482, 26.8896833], [80.9765555, 26.8899313], [80.9763201, 26.8901812], [80.9757169, 26.890733], [80.9747367, 26.8916159], [80.9745842, 26.8917563]]}}, {"type": "Feature", "properties": {"highway": "secondary", "name": null}, "geometry": {"type": "LineString", "coordinates": [[80.9484017, 26.8820214], [80.9486734, 26.8818261], [80.949019, 26.8815602], [80.9490782, 26.8815147], [80.9494929, 26.8811956], [80.9495935, 26.8811182], [80.9502772, 26.8805588], [80.9504269, 26.8804023], [80.950533, 26.8802913], [80.9508631, 26.8798251], [80.9511786, 26.8793601], [80.9513583, 26.8790951], [80.9515078, 26.8788569], [80.9518782, 26.878267], [80.9522551, 26.8776744], [80.9524146, 26.8774903], [80.9524598, 26.877437]]}}, {"type": "Feature", "properties": {"highway": "secondary", "name": "Mandir Marg"}, "geometry": {"type": "LineString", "coordinates": [[80.9523213, 26.8773534], [80.9522358, 26.8775836], [80.9520804, 26.8778437], [80.9514336, 26.8788247], [80.9513734, 26.878916], [80.9511011, 26.8793242], [80.9507751, 26.8798128], [80.9504436, 26.8802692], [80.9503566, 26.8803562], [80.95024, 26.8804729], [80.9500076, 26.8807047], [80.9494494, 26.8811402], [80.9494257, 26.8811587], [80.9490736, 26.8814335], [80.9490333, 26.8814631], [80.9489791, 26.8815027], [80.9485344, 26.8818285], [80.948368, 26.8819636]]}}, {"type": "Feature", "properties": {"highway": "secondary", "name": "Daliganj Railway Crossing Flyover"}, "geometry": {"type": "LineString", "coordinates": [[80.9317537, 26.8819885], [80.9314976, 26.881146], [80.9314198, 26.8809444], [80.9313413, 26.8808117], [80.9311134, 26.8805216], [80.9310678, 26.8804474], [80.9310316, 26.8803685], [80.9310155, 26.8802943], [80.9310061, 26.8802297], [80.9310047, 26.8801831], [80.9310181, 26.8801292], [80.9310611, 26.8800479], [80.9311321, 26.8799618], [80.9312247, 26.8798768], [80.931336, 26.8797823], [80.9314445, 26.8796885], [80.9324872, 26.8788787]]}}, {"type": "Feature", "properties": {"highway": "secondary", "name": null}, "geometry": {"type": "LineString", "coordinates": [[80.9414324, 26.8728344], [80.94133, 26.8728611], [80.940473, 26.8730847], [80.9403526, 26.8731292], [80.9399614, 26.8732739], [80.9398042, 26.8733471], [80.9395179, 26.8734803], [80.9392883, 26.8736296], [80.9391593, 26.8737454], [80.938981, 26.8739054], [80.9386478, 26.8743028], [80.9383488, 26.874714], [80.9381213, 26.8750992], [80.937985, 26.87533], [80.937655, 26.8759374], [80.9374637, 26.8762895], [80.9373873, 26.8764333], [80.9373129, 26.8765733], [80.9369614, 26.8772345], [80.9368393, 26.8774642], [80.9366966, 26.8776887]]}}, {"type": "Feature", "properties": {"highway": "secondary", "name": null}, "geometry": {"type": "LineString", "coordinates": [[80.9573554, 26.8733864], [80.956889, 26.8736193], [80.956798, 26.8736764], [80.956773, 26.8736902], [80.955878, 26.8741849], [80.9557814, 26.8742504], [80.9553209, 26.8745628], [80.9552078, 26.8746474], [80.9545492, 26.87514], [80.954098, 26.8754775], [80.9540348, 26.8755247], [80.9538816, 26.8756573], [80.9537504, 26.8757707], [80.9534475, 26.8760327], [80.9529881, 26.8765271], [80.9528804, 26.8766559], [80.9527295, 26.8768584], [80.9525654, 26.8770328], [80.9525493, 26.8770498], [80.95247, 26.8771345]]}}, {"type": "Feature", "properties": {"highway": "secondary", "name": "Gol Market Chauraha"}, "geometry": {"type": "LineString", "coordinates": [[80.9578464, 26.87322], [80.9578294, 26.8731893], [80.9578033, 26.8731643], [80.9577737, 26.8731484], [80.9577403, 26.8731399], [80.9577057, 26.8731396], [80.9576736, 26.8731443], [80.9576458, 26.8731575], [80.9576275, 26.8731701], [80.9576131, 26.8731893], [80.9575962, 26.8732199], [80.9575899, 26.8732536], [80.9575944, 26.8732867], [80.9576094, 26.8733175], [80.9576335, 26.8733432], [80.9576617, 26.8733605], [80.957694, 26.8733706], [80.9577316, 26.8733724], [80.9577701, 26.8733649], [80.9578068, 26.873345], [80.957832, 26.8733191], [80.9578478, 26.8732877], [80.9578527, 26.8732536], [80.9578464, 26.87322]]}}, {"type": "Feature", "properties": {"highway": "secondary", "name": "Nirala Nagar Railway Crossing Flyover"}, "geometry": {"type": "LineString", "coordinates": [[80.9367718, 26.8838626], [80.9372331, 26.8846421]]}}, {"type": "Feature", "properties": {"highway": "secondary", "name": "Mandir Marg"}, "geometry": {"type": "LineString", "coordinates": [[80.9526306, 26.8772285], [80.9526841, 26.8771148], [80.9527804, 26.8769001], [80.9529363, 26.8767019], [80.9530913, 26.8765197], [80.9533223, 26.8762486], [80.9536277, 26.8759504], [80.953795, 26.8758062], [80.9539269, 26.8756925], [80.9539578, 26.8756658], [80.9541428, 26.8755182], [80.9544392, 26.8752818], [80.9545802, 26.8751796], [80.9547914, 26.8750266], [80.9552628, 26.8747008], [80.955933, 26.8742377], [80.9563952, 26.8739653], [80.9568321, 26.8737257], [80.9571228, 26.8735764], [80.957521, 26.8734286], [80.9576335, 26.8733432]]}}, {"type": "Feature", "properties": {"highway": "secondary", "name": "Nirala Nagar Railway Crossing Flyover"}, "geometry": {"type": "LineString", "coordinates": [[80.9353613, 26.8791541], [80.9346846, 26.8796621], [80.9346282, 26.8797593], [80.9345951, 26.8798634], [80.9346223, 26.8799675], [80.9352798, 26.881234], [80.9359762, 26.8825162], [80.9367718, 26.8838626]]}}, {"type": "Feature", "properties": {"highway": "secondary", "name": null}, "geometry": {"type": "LineString", "coordinates": [[80.9366966, 26.8776887], [80.9364955, 26.8780703], [80.9363828, 26.8782584], [80.9361416, 26.8784892], [80.9359636, 26.8786435], [80.9355381, 26.8790121], [80.9354581, 26.8790814]]}}, {"type": "Feature", "properties": {"highway": "secondary", "name": "Kursi Road"}, "geometry": {"type": "LineString", "coordinates": [[80.951307, 26.88534], [80.9514311, 26.8854677]]}}, {"type": "Feature", "properties": {"highway": "secondary", "name": null}, "geometry": {"type": "LineString", "coordinates": [[80.9512069, 26.8850806], [80.9511925, 26.8850611], [80.9511719, 26.8850466], [80.9511473, 26.8850386], [80.951125, 26.8850375], [80.9511032, 26.8850417], [80.9510834, 26.885051], [80.951067, 26.8850648], [80.9510553, 26.8850821], [80.9510493, 26.8851016], [80.9510495, 26.8851218], [80.9510581, 26.8851455], [80.9510752, 26.8851654], [80.9510986, 26.885179], [80.9511232, 26.8851847], [80.9511505, 26.8851831], [80.9511757, 26.8851737], [80.9511961, 26.8851575], [80.9512095, 26.8851362], [80.9512138, 26.8851199], [80.9512139, 26.8851031], [80.9512069, 26.8850806]]}}, {"type": "Feature", "properties": {"highway": "secondary", "name": null}, "geometry": {"type": "LineString", "coordinates": [[80.9425007, 26.8938899], [80.9425176, 26.8939133], [80.942545, 26.8939302], [80.9425696, 26.8939358], [80.9426084, 26.8939308], [80.9426315, 26.8939182], [80.9426536, 26.8938913], [80.9426602, 26.8938617], [80.9426542, 26.8938348], [80.9426353, 26.8938095], [80.9426099, 26.8937944], [80.9425767, 26.8937885], [80.9425466, 26.8937938], [80.9425161, 26.8938127], [80.9424982, 26.8938442]]}}, {"type": "Feature", "properties": {"highway": "primary", "name": "Mahatma Gandhi Road"}, "geometry": {"type": "LineString", "coordinates": [[80.9209273, 26.8682503], [80.9196472, 26.868738], [80.9187449, 26.8691446], [80.9183252, 26.8693337], [80.918085, 26.8694811], [80.917906, 26.8696755], [80.9177932, 26.8699029], [80.9176628, 26.8702101], [80.9175285, 26.870401], [80.9173962, 26.8705086], [80.9168981, 26.8707725], [80.9166841, 26.8708592], [80.9164661, 26.8708679], [80.9162398, 26.8708548]]}}, {"type": "Feature", "properties": {"highway": "trunk", "name": "Ring Road"}, "geometry": {"type": "LineString", "coordinates": [[80.9500909, 26.9105046], [80.9501881, 26.9104829], [80.9514816, 26.9101711], [80.9537316, 26.9096426], [80.953894, 26.9096113], [80.9541115, 26.9095646], [80.9549773, 26.9093459], [80.9558161, 26.9092267], [80.9562728, 26.9091314], [80.9568123, 26.9089474], [80.9571862, 26.9087635]]}}, {"type": "Feature", "properties": {"highway": "trunk", "name": "Ring Road Flyover"}, "geometry": {"type": "LineString", "coordinates": [[80.9405247, 26.9126383], [80.9407021, 26.9125353], [80.9410058, 26.9123897], [80.9412651, 26.9122956], [80.9415995, 26.912183], [80.9419494, 26.9121084], [80.9427329, 26.9120053]]}}, {"type": "Feature", "properties": {"highway": "trunk", "name": "Ring Road Flyover"}, "geometry": {"type": "LineString", "coordinates": [[80.9432544, 26.9118194], [80.9422326, 26.911998], [80.9417572, 26.9120729], [80.9413996, 26.9121671], [80.9409434, 26.9123277], [80.9406794, 26.912454], [80.940479, 26.9125439]]}}, {"type": "Feature", "properties": {"highway": "trunk", "name": "Ring Road"}, "geometry": {"type": "LineString", "coordinates": [[80.9571257, 26.9086854], [80.9567967, 26.9088395], [80.9564948, 26.908959], [80.9561927, 26.9090505], [80.9558027, 26.9091361], [80.9549683, 26.9092442], [80.9546848, 26.9093131], [80.9535585, 26.9095836], [80.9523003, 26.9098636], [80.95101, 26.9101783], [80.950065, 26.910398]]}}, {"type": "Feature", "properties": {"highway": "primary", "name": "Mahatma Gandhi Road"}, "geometry": {"type": "LineString", "coordinates": [[80.9162708, 26.8711352], [80.9164053, 26.8710863], [80.9164602, 26.8710626], [80.9170654, 26.8708053], [80.9175697, 26.8705211], [80.917713, 26.8704217], [80.9178068, 26.8703317], [80.9178493, 26.8702954], [80.9181714, 26.8699592], [80.918681, 26.8694099], [80.9188088, 26.8692551], [80.9188987, 26.8692094], [80.9190314, 26.869121], [80.9196844, 26.8688463], [80.9200789, 26.8686883]]}}, {"type": "Feature", "properties": {"highway": "primary", "name": null}, "geometry": {"type": "LineString", "coordinates": [[80.9156955, 26.8711267], [80.9157789, 26.8712173], [80.9158461, 26.8712473], [80.9158957, 26.8712678], [80.9159948, 26.8712567], [80.9162708, 26.8711352], [80.916292, 26.8710659]]}}, {"type": "Feature", "properties": {"highway": "primary", "name": "Sitapur Road"}, "geometry": {"type": "LineString", "coordinates": [[80.9156955, 26.8711267], [80.915717, 26.871211], [80.9157828, 26.8714539], [80.9158196, 26.8715898]]}}, {"type": "Feature", "properties": {"highway": "primary", "name": "Sitapur Road"}, "geometry": {"type": "LineString", "coordinates": [[80.9158196, 26.8715898], [80.915825, 26.8716142], [80.9158868, 26.8718945]]}}, {"type": "Feature", "properties": {"highway": "primary", "name": "Pucca Bridge"}, "geometry": {"type": "LineString", "coordinates": [[80.9158868, 26.8718945], [80.9163221, 26.8733719]]}}, {"type": "Feature", "properties": {"highway": "primary", "name": "Sitapur Road"}, "geometry": {"type": "LineString", "coordinates": [[80.9377921, 26.912361], [80.9378198, 26.9128924], [80.9378317, 26.9130437], [80.9378677, 26.9134517], [80.9378977, 26.9134941]]}}, {"type": "Feature", "properties": {"highway": "primary", "name": "Sitapur Road"}, "geometry": {"type": "LineString", "coordinates": [[80.9163221, 26.8733719], [80.916514, 26.8740187]]}}, {"type": "Feature", "properties": {"highway": "primary", "name": "Sitapur Road"}, "geometry": {"type": "LineString", "coordinates": [[80.9158196, 26.8715898], [80.9158614, 26.8714218], [80.9159137, 26.8713028], [80.9159948, 26.8712567]]}}, {"type": "Feature", "properties": {"highway": "primary", "name": "Sitapur Road"}, "geometry": {"type": "LineString", "coordinates": [[80.9378977, 26.9134941], [80.9379262, 26.9134319], [80.9378952, 26.9130405], [80.9378905, 26.9129479], [80.9378653, 26.9123964], [80.9378586, 26.9123031], [80.9378448, 26.9110313], [80.9378157, 26.9099052], [80.9378473, 26.9096064], [80.9378944, 26.9093318], [80.937975, 26.9090128], [80.9381424, 26.9085426], [80.9383739, 26.9080689], [80.9386716, 26.9075293], [80.9388273, 26.9072031], [80.9389518, 26.9068595], [80.9390491, 26.9064136], [80.9390809, 26.9061652], [80.9391037, 26.9059332], [80.9391055, 26.9057143], [80.9390937, 26.9054891], [80.9390199, 26.9040937], [80.9390022, 26.9037545], [80.9389288, 26.902343], [80.9388793, 26.9017336], [80.9388145, 26.9012407], [80.938723, 26.9008313], [80.9386745, 26.9006662], [80.9386172, 26.9004896], [80.9384586, 26.9000766], [80.9384318, 26.8999952], [80.9384264, 26.899939]]}}, {"type": "Feature", "properties": {"highway": "primary", "name": "Sitapur Road"}, "geometry": {"type": "LineString", "coordinates": [[80.9341516, 26.8888543], [80.9341363, 26.888899], [80.9341221, 26.8889732], [80.9342191, 26.8892635], [80.9342609, 26.8893771], [80.9345148, 26.890027], [80.9346229, 26.8903038], [80.9348483, 26.8908779], [80.9349486, 26.8911334], [80.9350276, 26.8913346], [80.9352819, 26.8919582], [80.9353623, 26.8921554], [80.9356577, 26.8928293], [80.9358631, 26.893298], [80.9359244, 26.893438], [80.9363426, 26.8944111], [80.9364449, 26.8946549], [80.936666, 26.8951817], [80.9368328, 26.8956018], [80.9369876, 26.8960855]]}}, {"type": "Feature", "properties": {"highway": "secondary", "name": "Purania Flyover"}, "geometry": {"type": "LineString", "coordinates": [[80.9380174, 26.8988674], [80.9376318, 26.8977502], [80.9375258, 26.8974346], [80.9374957, 26.8973413], [80.9374932, 26.8972898], [80.9374902, 26.8972205], [80.9375165, 26.8970867], [80.9375381, 26.8970307], [80.9376124, 26.8969263], [80.9377961, 26.8967804], [80.9381765, 26.8965493], [80.9384544, 26.8963821], [80.9384991, 26.8963553], [80.938602, 26.896293], [80.9388379, 26.8961503], [80.9391355, 26.8959716], [80.9393915, 26.895817], [80.9395466, 26.8957245], [80.9402208, 26.8953279]]}}, {"type": "Feature", "properties": {"highway": "secondary", "name": null}, "geometry": {"type": "LineString", "coordinates": [[80.9425767, 26.8937885], [80.9425181, 26.8937394], [80.9424302, 26.8936276], [80.9423572, 26.8935145], [80.9417496, 26.8925182], [80.9413842, 26.8918616], [80.9413259, 26.8917573], [80.9412812, 26.8916775], [80.9409875, 26.8911366], [80.9409436, 26.8910578], [80.9403683, 26.8899884], [80.939855, 26.8891221], [80.93937, 26.8882316], [80.9392195, 26.8879714], [80.9391789, 26.8879013], [80.9388375, 26.8873119], [80.9386306, 26.8869544], [80.9381522, 26.8861283], [80.9379498, 26.8857813], [80.9373146, 26.8846924]]}}, {"type": "Feature", "properties": {"highway": "secondary", "name": null}, "geometry": {"type": "LineString", "coordinates": [[80.9447518, 26.8837643], [80.944848, 26.8837415], [80.9452259, 26.8834539], [80.9454511, 26.8832825], [80.9454906, 26.8832641], [80.9455945, 26.8832159], [80.9459152, 26.8831887], [80.9462133, 26.8831633], [80.9464392, 26.8831195], [80.9464656, 26.8831055], [80.9466382, 26.8830191], [80.9476212, 26.8824656], [80.9480343, 26.8821979], [80.9481797, 26.8821329]]}}, {"type": "Feature", "properties": {"highway": "secondary", "name": null}, "geometry": {"type": "LineString", "coordinates": [[80.9372424, 26.8847333], [80.9375078, 26.8851796], [80.9378841, 26.8858125], [80.9380925, 26.886163], [80.9383413, 26.886592], [80.938568, 26.8869827], [80.9387298, 26.8872618], [80.9388956, 26.8875476], [80.9390596, 26.8878303], [80.9391243, 26.8879393]]}}, {"type": "Feature", "properties": {"highway": "secondary", "name": "Purania Flyover"}, "geometry": {"type": "LineString", "coordinates": [[80.9401764, 26.8952462], [80.9399639, 26.8953751], [80.9395071, 26.8956551], [80.9393507, 26.89575], [80.9388656, 26.8960405], [80.9385986, 26.8962011], [80.9384751, 26.8962747], [80.9384371, 26.8962974], [80.9381657, 26.8964625], [80.9379082, 26.8966214], [80.9376354, 26.8967923], [80.9375863, 26.8968384], [80.9375222, 26.8968997], [80.937493, 26.8969281], [80.9374733, 26.8969628], [80.93744, 26.8970225], [80.9374152, 26.8971033], [80.9374018, 26.8971978], [80.9374018, 26.8972827], [80.9374118, 26.897359], [80.9374179, 26.8974023], [80.9376114, 26.8979527], [80.9379476, 26.8988949]]}}, {"type": "Feature", "properties": {"highway": "secondary", "name": null}, "geometry": {"type": "LineString", "coordinates": [[80.9481378, 26.8820329], [80.9479955, 26.8821065], [80.9479602, 26.8821342], [80.9475852, 26.8824163], [80.9474856, 26.8824752], [80.9468778, 26.8828467], [80.9468602, 26.8828435], [80.9465481, 26.8830052], [80.9464317, 26.8830576], [80.9463729, 26.8830801], [80.9461952, 26.8831229], [80.9456791, 26.8831604], [80.9455266, 26.8831904], [80.9453696, 26.883243], [80.9451934, 26.8833787], [80.9451332, 26.8834251], [80.944793, 26.8836872], [80.9447518, 26.8837643]]}}, {"type": "Feature", "properties": {"highway": "secondary", "name": null}, "geometry": {"type": "LineString", "coordinates": [[80.9373146, 26.8846924], [80.9372809, 26.8846163], [80.9372221, 26.8844837], [80.9368044, 26.883768], [80.9359178, 26.8822746]]}}, {"type": "Feature", "properties": {"highway": "secondary", "name": null}, "geometry": {"type": "LineString", "coordinates": [[80.9357903, 26.8823335], [80.936673, 26.8838274], [80.9370888, 26.8845307], [80.9371876, 26.8846611], [80.9372424, 26.8847333]]}}, {"type": "Feature", "properties": {"highway": "secondary", "name": null}, "geometry": {"type": "LineString", "coordinates": [[80.9447518, 26.8837643], [80.9446787, 26.8838193], [80.9441358, 26.8842274], [80.9436867, 26.884565], [80.9432767, 26.8848733], [80.9422297, 26.8856605], [80.9419783, 26.8858545], [80.9419386, 26.8858851], [80.9414884, 26.8862325], [80.9411766, 26.8864731], [80.9406916, 26.8868473], [80.9400982, 26.8872754], [80.939727, 26.8875373]]}}, {"type": "Feature", "properties": {"highway": "trunk", "name": "Sitapur Road"}, "geometry": {"type": "LineString", "coordinates": [[80.9379678, 26.9169124], [80.9379728, 26.9171845], [80.9379123, 26.9179013], [80.9378752, 26.9183223], [80.9378588, 26.9184944], [80.9378397, 26.9186939], [80.9378382, 26.9187101], [80.937797, 26.9189556], [80.9377434, 26.9192752]]}}, {"type": "Feature", "properties": {"highway": "secondary", "name": null}, "geometry": {"type": "LineString", "coordinates": [[80.9363202, 26.89638], [80.9362563, 26.8963831], [80.9360305, 26.8964786], [80.9357239, 26.8965854], [80.9353774, 26.8966635], [80.935141, 26.8966904], [80.9348062, 26.8966817], [80.9345638, 26.8966635], [80.9343854, 26.8966176], [80.9340848, 26.8965402], [80.9328097, 26.8962077], [80.9325471, 26.8961392], [80.9324436, 26.8961195]]}}, {"type": "Feature", "properties": {"highway": "secondary", "name": null}, "geometry": {"type": "LineString", "coordinates": [[80.9324436, 26.8961195], [80.9325131, 26.8961843], [80.9340653, 26.8966027], [80.9343426, 26.8966652], [80.9344711, 26.8966942], [80.9346969, 26.8967254], [80.9350881, 26.8967445], [80.9352507, 26.8967402], [80.9354297, 26.8967063], [80.9357091, 26.8966412], [80.9360146, 26.8965327], [80.9362524, 26.8964437], [80.9362833, 26.8964321], [80.9363202, 26.89638]]}}, {"type": "Feature", "properties": {"highway": "trunk", "name": null}, "geometry": {"type": "LineString", "coordinates": [[80.8708056, 26.897251], [80.8708306, 26.8971965], [80.8708303, 26.8971328], [80.8708014, 26.8970741], [80.870754, 26.8970336], [80.8707365, 26.8970247], [80.8706975, 26.8970123], [80.8706033, 26.8970155], [80.8705536, 26.8970389], [80.8705103, 26.8970798], [80.8704849, 26.8971364], [80.8704858, 26.897198], [80.8705099, 26.8972503], [80.8705621, 26.897297], [80.870636, 26.8973211], [80.8706945, 26.897319], [80.8707672, 26.8972885], [80.8708056, 26.897251]]}}, {"type": "Feature", "properties": {"highway": "trunk", "name": null}, "geometry": {"type": "LineString", "coordinates": [[80.890268, 26.9217036], [80.890293, 26.921649], [80.8902926, 26.9215853], [80.8902637, 26.9215267], [80.8902372, 26.921504], [80.8902163, 26.9214862], [80.8901598, 26.9214648], [80.8900837, 26.9214642], [80.8900805, 26.9214655], [80.8900158, 26.9214914], [80.8899725, 26.9215323], [80.889947, 26.9215889], [80.8899478, 26.9216505], [80.889972, 26.921703], [80.8900241, 26.9217497], [80.8900983, 26.9217738], [80.8901567, 26.9217716], [80.8902295, 26.9217412], [80.890268, 26.9217036]]}}, {"type": "Feature", "properties": {"highway": "trunk", "name": null}, "geometry": {"type": "LineString", "coordinates": [[80.8739683, 26.9015916], [80.8752322, 26.9032049]]}}, {"type": "Feature", "properties": {"highway": "trunk", "name": null}, "geometry": {"type": "LineString", "coordinates": [[80.8753472, 26.9031331], [80.874091, 26.901536]]}}, {"type": "Feature", "properties": {"highway": "trunk", "name": null}, "geometry": {"type": "LineString", "coordinates": [[80.854722, 26.8765702], [80.8546538, 26.8766581], [80.8547003, 26.8767519], [80.8548708, 26.8770348], [80.8548858, 26.8770664], [80.855023, 26.8773553], [80.8558437, 26.8790233], [80.8565956, 26.880367], [80.8571602, 26.8813201], [80.8574796, 26.8817499], [80.857923, 26.882256], [80.8586088, 26.8829511], [80.8587729, 26.8830963], [80.8589448, 26.8832484], [80.8591532, 26.8834494]]}}, {"type": "Feature", "properties": {"highway": "trunk", "name": null}, "geometry": {"type": "LineString", "coordinates": [[80.8752322, 26.9032049], [80.8763014, 26.9044874], [80.8771717, 26.9056662], [80.8775517, 26.9062753], [80.8779538, 26.9070317], [80.8782678, 26.9077464], [80.8784991, 26.9084709], [80.878926, 26.9096546], [80.8793749, 26.9107278], [80.8800772, 26.9127292], [80.8803443, 26.913434], [80.880606, 26.9139989], [80.8809309, 26.9145661], [80.881501, 26.9153814], [80.8818728, 26.9158357], [80.8824484, 26.9164226], [80.8838557, 26.9177978], [80.8843239, 26.918176], [80.8849759, 26.918613], [80.885474, 26.918942], [80.885598, 26.9190437], [80.8859653, 26.9192761], [80.8867392, 26.919696], [80.8875241, 26.9201061], [80.8880942, 26.9204278], [80.88981, 26.9215156], [80.889947, 26.9215889]]}}, {"type": "Feature", "properties": {"highway": "trunk", "name": null}, "geometry": {"type": "LineString", "coordinates": [[80.8706033, 26.8970155], [80.8705405, 26.8969153], [80.8704013, 26.8966703], [80.8694184, 26.8949157], [80.8684551, 26.8932081], [80.8683782, 26.8930624], [80.8677196, 26.8918795], [80.8675239, 26.8915848], [80.8672521, 26.8912529], [80.8665288, 26.8904465], [80.8656015, 26.8893502], [80.8654064, 26.8891196], [80.865209, 26.8888504], [80.8650917, 26.8886862]]}}, {"type": "Feature", "properties": {"highway": "trunk", "name": null}, "geometry": {"type": "LineString", "coordinates": [[80.8900158, 26.9214914], [80.8898953, 26.9214297], [80.8877004, 26.9200816], [80.8861388, 26.9192442], [80.885566, 26.9188783], [80.8850701, 26.9185398], [80.8846737, 26.9182693], [80.8841394, 26.9178838], [80.8837125, 26.9175154], [80.8820243, 26.9158308], [80.881669, 26.9154207], [80.8810989, 26.9146054], [80.880763, 26.9140652], [80.8805151, 26.9135102], [80.8802259, 26.9127734], [80.8795209, 26.9107351], [80.8792124, 26.9099689], [80.878915, 26.9092813], [80.8785822, 26.9082995], [80.8784413, 26.9078839], [80.8782733, 26.9074148], [80.8780668, 26.9069654], [80.8776647, 26.9062139], [80.8773342, 26.9056982], [80.877067, 26.905315], [80.8766457, 26.9047207], [80.8764171, 26.9044383], [80.8755321, 26.9033682], [80.8753472, 26.9031331]]}}, {"type": "Feature", "properties": {"highway": "secondary", "name": null}, "geometry": {"type": "LineString", "coordinates": [[80.9363202, 26.89638], [80.9369876, 26.8960855]]}}, {"type": "Feature", "properties": {"highway": "trunk", "name": null}, "geometry": {"type": "LineString", "coordinates": [[80.8902295, 26.9217412], [80.890938, 26.9221351], [80.8922438, 26.9228611], [80.8950758, 26.9244043], [80.897469, 26.9256689], [80.8990841, 26.9264873], [80.8992812, 26.9265872], [80.9005508, 26.9272183], [80.9006139, 26.9272525], [80.9013797, 26.9276676], [80.902429, 26.9283846], [80.9040016, 26.9293201], [80.9053053, 26.9300058], [80.9053648, 26.9300371], [80.9086779, 26.9317828], [80.909405, 26.9321364], [80.9096877, 26.9322617], [80.9097762, 26.9323009]]}}, {"type": "Feature", "properties": {"highway": "trunk", "name": null}, "geometry": {"type": "LineString", "coordinates": [[80.9350429, 26.9310284], [80.9349594, 26.9310171], [80.9348617, 26.9310038], [80.9347705, 26.930997], [80.9345584, 26.9309813], [80.9344004, 26.9309777], [80.9343267, 26.930976], [80.9339646, 26.9309678], [80.9324189, 26.9309329], [80.9317535, 26.9309266], [80.9307696, 26.9309266], [80.9296811, 26.9308968], [80.9289919, 26.9308347], [80.9288977, 26.9308192], [80.9281983, 26.9307044], [80.9276414, 26.9306237], [80.9272794, 26.9305803], [80.9270433, 26.9305762], [80.9269174, 26.930574], [80.9265206, 26.9305989], [80.9259684, 26.9306792], [80.9256304, 26.930767], [80.9254271, 26.9308198], [80.9249694, 26.9309952], [80.924317, 26.931299], [80.923671, 26.9316921], [80.9236335, 26.9317139], [80.9215459, 26.9334675], [80.9209967, 26.9338251], [80.9206209, 26.93403], [80.9203268, 26.9341238], [80.9200561, 26.9341515], [80.9198478, 26.9341272], [80.9191897, 26.9339917], [80.9190139, 26.9339555], [80.9184651, 26.9338425], [80.9177134, 26.9336915], [80.9175194, 26.9336707], [80.9172597, 26.9336428], [80.9167261, 26.9336481], [80.9162256, 26.9336602], [80.9158965, 26.9336567], [80.9156198, 26.9336083], [80.9154798, 26.9335838], [80.9145209, 26.9333766], [80.9136239, 26.9331828], [80.912741, 26.9329493], [80.9113785, 26.932589], [80.9104806, 26.9323588], [80.9102451, 26.9322984]]}}, {"type": "Feature", "properties": {"highway": "secondary", "name": null}, "geometry": {"type": "LineString", "coordinates": [[80.9165653, 26.8740542], [80.9165008, 26.8740712], [80.9164276, 26.8740905], [80.915713, 26.874315], [80.9152368, 26.8744463], [80.9147456, 26.8746887], [80.9144605, 26.8748946], [80.9143044, 26.8750421], [80.9141809, 26.8751892], [80.9140663, 26.8753675], [80.9138581, 26.8757443], [80.9136313, 26.8762432], [80.9131203, 26.8773673], [80.9125147, 26.8787496], [80.912418, 26.8790705], [80.9123635, 26.8794073], [80.9123599, 26.8795684], [80.9123498, 26.8800253], [80.9123673, 26.8803847], [80.9124296, 26.8806288], [80.9124655, 26.8807694], [80.9124802, 26.8808274], [80.9127177, 26.8813813], [80.9127949, 26.8815118], [80.9129013, 26.8816916], [80.9136242, 26.8825972], [80.9137577, 26.8827645], [80.9149937, 26.8842333], [80.9159183, 26.885355], [80.9160312, 26.8854919], [80.9166891, 26.8862905], [80.9170079, 26.8867048], [80.9178005, 26.8877349], [80.9187309, 26.8889188], [80.9188937, 26.8891257], [80.9197353, 26.8901948], [80.9203192, 26.8908631], [80.9208253, 26.8913284], [80.920984, 26.8914558], [80.9213623, 26.8917596], [80.9214306, 26.8918144], [80.9218705, 26.8920783], [80.9227383, 26.8924612], [80.9227873, 26.8924828], [80.92378, 26.8928786], [80.9252106, 26.8934068], [80.9259421, 26.8936641], [80.9259989, 26.8936841], [80.9272455, 26.8940987], [80.9274081, 26.8941528], [80.9286227, 26.8946281], [80.9288368, 26.89471], [80.9300997, 26.8951933], [80.9306656, 26.895423], [80.9307325, 26.8954487], [80.9309351, 26.8955276], [80.9313509, 26.8956907], [80.9319011, 26.8959066], [80.9324436, 26.8961195]]}}, {"type": "Feature", "properties": {"highway": "trunk", "name": null}, "geometry": {"type": "LineString", "coordinates": [[80.8706945, 26.897319], [80.8712634, 26.8980835], [80.8719956, 26.89903], [80.8725297, 26.8997264], [80.8731543, 26.9005409], [80.8734985, 26.9009852], [80.8736205, 26.9011427], [80.8739683, 26.9015916]]}}, {"type": "Feature", "properties": {"highway": "trunk", "name": null}, "geometry": {"type": "LineString", "coordinates": [[80.874091, 26.901536], [80.8732594, 26.900469], [80.8730938, 26.9002566], [80.872985, 26.900117], [80.8728349, 26.8999244], [80.8723189, 26.8992297], [80.8714737, 26.898179], [80.8711056, 26.8976771], [80.8708056, 26.897251]]}}, {"type": "Feature", "properties": {"highway": "trunk", "name": "Hardoi Road"}, "geometry": {"type": "LineString", "coordinates": [[80.8544887, 26.87672], [80.8547003, 26.8767519], [80.8548698, 26.8767057], [80.8551049, 26.8766417], [80.8584689, 26.8758416], [80.8592761, 26.8756727], [80.8604575, 26.8754254], [80.8604898, 26.8754186], [80.8611993, 26.8752676], [80.8615893, 26.8751864], [80.8628912, 26.8749154], [80.8630022, 26.8748923], [80.8644958, 26.8745812]]}}, {"type": "Feature", "properties": {"highway": "primary", "name": "Lalji Tandon Marg"}, "geometry": {"type": "LineString", "coordinates": [[80.9066519, 26.8693245], [80.9065487, 26.8693489], [80.9064758, 26.8693673], [80.9057758, 26.869575], [80.9057383, 26.8695851], [80.9048074, 26.8698414], [80.9039737, 26.87008], [80.9035863, 26.8701934], [80.9034787, 26.8702238], [80.9029798, 26.870365], [80.9023551, 26.8705437], [80.9022127, 26.870582], [80.9020204, 26.8706362], [80.9012261, 26.8708611], [80.9005447, 26.8710538], [80.9003583, 26.8711065], [80.9002905, 26.8711265], [80.8996766, 26.8712997], [80.8991998, 26.8714343], [80.8983455, 26.8716916], [80.8976228, 26.8719093], [80.8971904, 26.8720396], [80.8968571, 26.87214], [80.8963148, 26.8723033], [80.895981, 26.8724038], [80.8955369, 26.8725376], [80.894803, 26.8727586], [80.8945247, 26.8728375], [80.8944778, 26.872845], [80.8942049, 26.8728885], [80.8935505, 26.8729177], [80.8934769, 26.872921], [80.8927357, 26.872914], [80.8919672, 26.8729067], [80.8918437, 26.8729055], [80.8913842, 26.8729012], [80.8909128, 26.8728967], [80.8905413, 26.8728932], [80.8902078, 26.8729019], [80.8896499, 26.8728833], [80.8892361, 26.8728723], [80.8891695, 26.8728712], [80.8877492, 26.8728486], [80.8871926, 26.8728397], [80.8871441, 26.8728395], [80.885496, 26.8728344], [80.8851175, 26.8728332], [80.8847139, 26.8728314], [80.8835075, 26.8728273], [80.8832635, 26.8728265], [80.8822841, 26.8728292], [80.88205, 26.8728298], [80.8819258, 26.8728061]]}}, {"type": "Feature", "properties": {"highway": "primary", "name": "Hardoi Road"}, "geometry": {"type": "LineString", "coordinates": [[80.8815798, 26.872802], [80.8814373, 26.8728254], [80.8810521, 26.8728292], [80.8797962, 26.8728404], [80.8796, 26.8728413], [80.8781034, 26.8728483], [80.8775364, 26.8728527], [80.8755701, 26.8728679], [80.8752403, 26.8728705], [80.8751106, 26.8728715], [80.8749323, 26.8728742], [80.8745728, 26.8728797], [80.8743457, 26.8728831], [80.8741927, 26.8728854], [80.8728406, 26.8729799], [80.8725676, 26.872999], [80.8717791, 26.8730845]]}}, {"type": "Feature", "properties": {"highway": "primary", "name": "Lalji Tandon Marg"}, "geometry": {"type": "LineString", "coordinates": [[80.8818995, 26.8729164], [80.8820422, 26.8728844], [80.8832557, 26.8728664], [80.8834994, 26.8728676], [80.8838871, 26.8728696], [80.8846954, 26.8728766], [80.885159, 26.8728806], [80.8865763, 26.8728831], [80.8871346, 26.8728859], [80.8871737, 26.8728861], [80.8877377, 26.8728953], [80.889226, 26.8729196], [80.8901977, 26.8729354], [80.8905454, 26.8729411], [80.8918287, 26.8729473], [80.8934446, 26.872955], [80.893543, 26.8729515], [80.893973, 26.8729364], [80.8941674, 26.8729295], [80.894456, 26.87289], [80.8946537, 26.8728413], [80.8946982, 26.8728278], [80.8955507, 26.87257], [80.8956072, 26.8725531], [80.8963314, 26.8723359], [80.8968742, 26.8721731], [80.8972103, 26.8720723], [80.8976362, 26.8719446], [80.8983664, 26.8717256], [80.8985107, 26.8716823], [80.8989075, 26.8715633], [80.8990692, 26.8715163], [80.8996899, 26.8713411], [80.9000221, 26.871256], [80.9003092, 26.8711826], [80.9012419, 26.8709201], [80.9020434, 26.8706946], [80.9023817, 26.8706014], [80.9029054, 26.8704422], [80.9029989, 26.8704182], [80.9032951, 26.8703263], [80.9035849, 26.8702458], [80.9039221, 26.8701462], [80.9039966, 26.8701242], [80.904551, 26.8699604], [80.9048293, 26.8698963], [80.9055434, 26.8696979], [80.9055792, 26.8696883], [80.9057817, 26.869634], [80.9064897, 26.8694207], [80.9066636, 26.8693893], [80.9068602, 26.8694011], [80.9069758, 26.8694356]]}}, {"type": "Feature", "properties": {"highway": "secondary", "name": null}, "geometry": {"type": "LineString", "coordinates": [[80.9044032, 26.8556742], [80.9045206, 26.8558078], [80.9045406, 26.8558345], [80.9047603, 26.8561181], [80.9049443, 26.8563558], [80.9057263, 26.8573659], [80.905833, 26.8574966], [80.9060517, 26.8577868], [80.9062924, 26.8581064], [80.9065272, 26.858418], [80.9066548, 26.8585874], [80.9072101, 26.8593392], [80.9072374, 26.8593761], [80.9072526, 26.8593967], [80.9074168, 26.859619], [80.9077065, 26.8600111], [80.9082374, 26.8607249], [80.9085181, 26.8611083], [80.9087232, 26.8613856], [80.908785, 26.8614666], [80.909337, 26.8621905], [80.9095622, 26.8624859], [80.9097051, 26.8626732], [80.9098553, 26.8628638], [80.909939, 26.86297], [80.910191, 26.8632899], [80.9104438, 26.8636107], [80.9105215, 26.8637093], [80.9106317, 26.8638492], [80.9109866, 26.8643675], [80.9111923, 26.8647065], [80.9112532, 26.864807], [80.9113366, 26.8649835], [80.9114168, 26.8651531], [80.9114225, 26.8652477]]}}, {"type": "Feature", "properties": {"highway": "secondary", "name": null}, "geometry": {"type": "LineString", "coordinates": [[80.911533, 26.8651799], [80.9114297, 26.865017], [80.9112597, 26.8646861], [80.911209, 26.8645873], [80.9111891, 26.8645556], [80.9109866, 26.864233], [80.9108989, 26.8641066], [80.9105913, 26.8636786], [80.9105165, 26.8635829], [80.9100065, 26.8629305], [80.909922, 26.8628224], [80.9096483, 26.8624563], [80.9090029, 26.8615933], [80.9089715, 26.8615513], [80.9086249, 26.8610993], [80.9083047, 26.8606817], [80.9082939, 26.8606677]]}}, {"type": "Feature", "properties": {"highway": "secondary", "name": null}, "geometry": {"type": "LineString", "coordinates": [[80.8988435, 26.8480163], [80.8986604, 26.8477689], [80.898465, 26.8474888], [80.8974931, 26.8461725], [80.8969229, 26.8453825], [80.8968381, 26.845265], [80.8961556, 26.8443465], [80.8960086, 26.8441486], [80.8954453, 26.8433906], [80.8948576, 26.8425733], [80.8945765, 26.8421824], [80.8942502, 26.8417288], [80.8940268, 26.8414354], [80.8940009, 26.8413946]]}}, {"type": "Feature", "properties": {"highway": "primary", "name": null}, "geometry": {"type": "LineString", "coordinates": [[80.9147324, 26.8646461], [80.9147487, 26.864618], [80.9147574, 26.8645916], [80.914757, 26.864528], [80.9147472, 26.8645002], [80.9147234, 26.8644653], [80.9146806, 26.8644292], [80.9146243, 26.864408], [80.9145485, 26.8644075], [80.9143542, 26.8644953], [80.9143111, 26.864536], [80.9142858, 26.8645924], [80.9142865, 26.8646536], [80.9143105, 26.8647059], [80.9143623, 26.8647525], [80.9144361, 26.8647768], [80.9144945, 26.8647747], [80.9146754, 26.8646951], [80.914694, 26.8646837], [80.9147324, 26.8646461]]}}, {"type": "Feature", "properties": {"highway": "primary", "name": null}, "geometry": {"type": "LineString", "coordinates": [[80.9117169, 26.8654185], [80.9117332, 26.8653904], [80.9117419, 26.865364], [80.9117415, 26.8653004], [80.9117316, 26.8652893], [80.9117125, 26.8652418], [80.9116651, 26.8652016], [80.9116088, 26.8651804], [80.911533, 26.8651799], [80.9114655, 26.865207], [80.9114225, 26.8652477], [80.9113972, 26.8653041], [80.9113979, 26.8653654], [80.9114219, 26.8654176], [80.9114737, 26.8654642], [80.9115475, 26.8654885], [80.9116058, 26.8654864], [80.9116599, 26.8654675], [80.9116785, 26.8654561], [80.9117169, 26.8654185]]}}, {"type": "Feature", "properties": {"highway": "secondary", "name": null}, "geometry": {"type": "LineString", "coordinates": [[80.8911815, 26.8372228], [80.8912495, 26.8373984]]}}, {"type": "Feature", "properties": {"highway": "primary", "name": null}, "geometry": {"type": "LineString", "coordinates": [[80.9117332, 26.8653904], [80.9120533, 26.865345], [80.9126059, 26.8652065], [80.9131594, 26.8650675], [80.9134625, 26.8649917], [80.914125, 26.8647861], [80.9142578, 26.8647455], [80.9143623, 26.8647525]]}}, {"type": "Feature", "properties": {"highway": "primary", "name": null}, "geometry": {"type": "LineString", "coordinates": [[80.9143111, 26.864536], [80.913885, 26.8647646], [80.913436, 26.8649146], [80.9131395, 26.8649841], [80.9125055, 26.8651326], [80.9118636, 26.8652829], [80.9117316, 26.8652893]]}}, {"type": "Feature", "properties": {"highway": "primary", "name": "Khun Khun Ji Road"}, "geometry": {"type": "LineString", "coordinates": [[80.9074609, 26.8693103], [80.9079124, 26.8681602], [80.9081075, 26.8676105], [80.9081517, 26.8674458], [80.9081439, 26.8672185], [80.9080815, 26.8667152], [80.9081049, 26.8665552], [80.9082297, 26.8664067], [80.9089343, 26.8658036], [80.9089957, 26.865798]]}}, {"type": "Feature", "properties": {"highway": "primary", "name": "Khun Khun Ji Road"}, "geometry": {"type": "LineString", "coordinates": [[80.9089964, 26.8656286], [80.9088771, 26.8657062], [80.908627, 26.8659153], [80.9080919, 26.8663626], [80.9079853, 26.8665157], [80.9079803, 26.8665446], [80.9079619, 26.8666503], [80.9080321, 26.8673299], [80.9080176, 26.8674382], [80.9080113, 26.8674853], [80.9079098, 26.8678146], [80.9077926, 26.8681198], [80.9074574, 26.8689929], [80.9073378, 26.8690903], [80.9072619, 26.869124]]}}, {"type": "Feature", "properties": {"highway": "primary", "name": null}, "geometry": {"type": "LineString", "coordinates": [[80.9073545, 26.8695328], [80.9074151, 26.8694801], [80.9074471, 26.8694278], [80.9074627, 26.8693698], [80.9074609, 26.8693103], [80.9074376, 26.8692454], [80.9073938, 26.8691895], [80.9073334, 26.8691478], [80.9072619, 26.869124], [80.9071937, 26.8691196], [80.9071267, 26.8691316], [80.9070656, 26.869159], [80.907015, 26.8692], [80.9069853, 26.8692391], [80.9069653, 26.8692829], [80.9069557, 26.8693601], [80.9069758, 26.8694356], [80.9070029, 26.8694785], [80.9070398, 26.8695152], [80.9071113, 26.8695555], [80.9071937, 26.8695727], [80.9072779, 26.8695648], [80.9073545, 26.8695328]]}}, {"type": "Feature", "properties": {"highway": "primary", "name": null}, "geometry": {"type": "LineString", "coordinates": [[80.9092908, 26.8657993], [80.9093071, 26.8657711], [80.9093158, 26.8657447], [80.9093153, 26.8656809], [80.9093055, 26.8656531], [80.9092861, 26.8656223], [80.9092385, 26.865582], [80.9091822, 26.865561], [80.9091319, 26.8655552], [80.9090866, 26.8655641], [80.9090392, 26.865588], [80.9089964, 26.8656286], [80.9089712, 26.8656847], [80.9089719, 26.8657458], [80.9089957, 26.865798], [80.9090472, 26.8658446], [80.9091209, 26.8658691], [80.9091793, 26.8658671], [80.9092177, 26.8658571], [80.9092522, 26.8658369], [80.9092908, 26.8657993]]}}, {"type": "Feature", "properties": {"highway": "primary", "name": null}, "geometry": {"type": "LineString", "coordinates": [[80.8818995, 26.8729164], [80.8819158, 26.8728883], [80.8819245, 26.8728619], [80.8819268, 26.8728378], [80.8819258, 26.8728061], [80.8818951, 26.8727397], [80.8818477, 26.8726995], [80.8817913, 26.8726783], [80.8817156, 26.8726778], [80.8816744, 26.8726944], [80.8816481, 26.8727049], [80.8816051, 26.8727456], [80.8815798, 26.872802], [80.8815805, 26.8728633], [80.8816045, 26.8729155], [80.8816562, 26.8729621], [80.8817301, 26.8729864], [80.8817884, 26.8729843], [80.8818425, 26.8729654], [80.8818611, 26.872954], [80.8818797, 26.8729386], [80.8818995, 26.8729164]]}}, {"type": "Feature", "properties": {"highway": "trunk", "name": null}, "geometry": {"type": "LineString", "coordinates": [[80.8544887, 26.87672], [80.8542967, 26.8767299], [80.8542196, 26.8767408], [80.8535737, 26.876894], [80.8532142, 26.8769793], [80.8528252, 26.8770961], [80.8523233, 26.8772468], [80.8520526, 26.8773285], [80.8516446, 26.8774516], [80.8505612, 26.8777784], [80.8478086, 26.8786088], [80.8476854, 26.8786412], [80.8467775, 26.8788795], [80.8460405, 26.8790393], [80.8445772, 26.8793345], [80.8435561, 26.8795202], [80.8433852, 26.8795526], [80.8431999, 26.8795877], [80.8421165, 26.879815], [80.8420427, 26.8798339], [80.8418308, 26.8798718], [80.8410831, 26.8800261], [80.8401955, 26.8801714], [80.8396393, 26.8802573], [80.8391565, 26.8803318], [80.8388681, 26.8803763], [80.8384612, 26.8804361], [80.8379906, 26.8804708], [80.8375836, 26.8804861], [80.8371766, 26.8805014], [80.836174, 26.8805217], [80.8357342, 26.8805306], [80.8355981, 26.8805333], [80.8353694, 26.8805368], [80.8352246, 26.880539], [80.8343932, 26.8805518], [80.8336529, 26.8805631], [80.8321865, 26.8805856], [80.8305248, 26.8805902], [80.8299884, 26.8805917], [80.8291996, 26.8805939], [80.8289209, 26.8805983], [80.828479, 26.8806054], [80.8270383, 26.8806285], [80.8267464, 26.8806332], [80.8261693, 26.8806512], [80.8252038, 26.8806813], [80.8247969, 26.880694], [80.8240704, 26.8807166], [80.8236056, 26.8807019], [80.8234032, 26.8806871], [80.8233618, 26.880681], [80.8228218, 26.8805645], [80.8218988, 26.8803856], [80.8209736, 26.8802063], [80.8196734, 26.8799338], [80.8192271, 26.8798402], [80.8179895, 26.8795808], [80.8147772, 26.8789307], [80.8125975, 26.8784573], [80.8121342, 26.8783567], [80.8111319, 26.8781732]]}}, {"type": "Feature", "properties": {"highway": "primary", "name": "Kamla Nehru Marg"}, "geometry": {"type": "LineString", "coordinates": [[80.9113979, 26.8653654], [80.9113121, 26.8654189], [80.9112064, 26.8654523], [80.9111246, 26.8654781], [80.9108635, 26.8655322], [80.9106334, 26.8655334], [80.9095276, 26.8655098], [80.9094349, 26.8655126], [80.9091822, 26.865561]]}}, {"type": "Feature", "properties": {"highway": "primary", "name": null}, "geometry": {"type": "LineString", "coordinates": [[80.9092908, 26.8657993], [80.9094515, 26.8658094], [80.9104518, 26.8658278], [80.9112355, 26.8658313], [80.9113849, 26.8657668], [80.9115357, 26.8656346], [80.9115573, 26.8656055], [80.9116599, 26.8654675]]}}, {"type": "Feature", "properties": {"highway": "primary", "name": "Shah Mina Road"}, "geometry": {"type": "LineString", "coordinates": [[80.9144361, 26.8647768], [80.9146951, 26.8649053], [80.9151104, 26.8650702], [80.915646, 26.8652801], [80.9160995, 26.8654578], [80.9168214, 26.8657063], [80.9172698, 26.8658606], [80.917319, 26.8658775], [80.9174559, 26.8659263], [80.9183855, 26.8662575], [80.918437, 26.8662737], [80.9188598, 26.8664067], [80.9196512, 26.8666875], [80.9203026, 26.8669502], [80.9205102, 26.86706], [80.920546, 26.867088], [80.9207661, 26.8673259], [80.9211383, 26.8677924], [80.9211579, 26.8678596], [80.9211421, 26.8679375], [80.9211213, 26.8680068], [80.9210763, 26.8680852], [80.9209273, 26.8682503]]}}, {"type": "Feature", "properties": {"highway": "primary", "name": "Shah Mina Road"}, "geometry": {"type": "LineString", "coordinates": [[80.9212762, 26.8677861], [80.9210882, 26.8675625], [80.9208011, 26.8672284], [80.9205781, 26.866997], [80.9203638, 26.86688], [80.9199077, 26.8667005], [80.9196978, 26.8666225], [80.9188859, 26.8663038], [80.9184837, 26.8661679], [80.917505, 26.8658168], [80.9168836, 26.8655876], [80.9166884, 26.8655085], [80.9161786, 26.8653248], [80.9157109, 26.8651562], [80.9151642, 26.8649591], [80.9149326, 26.8648689], [80.9148351, 26.864782], [80.9147574, 26.8645916]]}}, {"type": "Feature", "properties": {"highway": "trunk", "name": null}, "geometry": {"type": "LineString", "coordinates": [[80.8648976, 26.8883672], [80.8647499, 26.8882104], [80.8644914, 26.8878737], [80.8643481, 26.8876939], [80.8639351, 26.8871761], [80.8634889, 26.8866504], [80.8630263, 26.8861837], [80.8626214, 26.8858251], [80.8619357, 26.885297], [80.8599761, 26.8839139], [80.8596388, 26.8836758], [80.8594876, 26.8835349]]}}, {"type": "Feature", "properties": {"highway": "trunk", "name": null}, "geometry": {"type": "LineString", "coordinates": [[80.8594152, 26.8836103], [80.8595597, 26.8837346], [80.8598674, 26.8839779], [80.8598931, 26.883996], [80.8618365, 26.8853682], [80.8624727, 26.8858251], [80.8629657, 26.8862894], [80.8634586, 26.8867855], [80.863902, 26.8873087], [80.8642948, 26.887812], [80.864657, 26.888276], [80.8647866, 26.8884352]]}}, {"type": "Feature", "properties": {"highway": "trunk", "name": null}, "geometry": {"type": "LineString", "coordinates": [[80.859222, 26.8833518], [80.8589961, 26.8831584], [80.8588759, 26.8830617], [80.8588439, 26.8830295], [80.8582287, 26.8824107], [80.8576834, 26.8818064], [80.8573584, 26.8814208], [80.8571216, 26.8810449], [80.8566011, 26.8801385], [80.8560062, 26.8790601], [80.8554444, 26.8779399], [80.8550726, 26.877203], [80.8549899, 26.8770065], [80.8548698, 26.8767057], [80.8548203, 26.8766108], [80.854722, 26.8765702]]}}, {"type": "Feature", "properties": {"highway": "secondary", "name": null}, "geometry": {"type": "LineString", "coordinates": [[80.9157828, 26.8714539], [80.9155411, 26.8717359], [80.915372, 26.8719036], [80.9151309, 26.87212], [80.9149856, 26.8721971], [80.9146878, 26.8722562], [80.9144598, 26.8722693], [80.9142148, 26.8722536], [80.913849, 26.8722001], [80.9138163, 26.8721956], [80.9137703, 26.8721894], [80.9133617, 26.8721669], [80.9129405, 26.8721998], [80.9128844, 26.8722063], [80.9127531, 26.8722371], [80.9126349, 26.8722721], [80.9124395, 26.8723348], [80.91218, 26.8724425], [80.911734, 26.8726032], [80.9114279, 26.8727038], [80.9111387, 26.8727587]]}}, {"type": "Feature", "properties": {"highway": "trunk", "name": null}, "geometry": {"type": "LineString", "coordinates": [[80.8650815, 26.8886062], [80.8651065, 26.8885517], [80.8651062, 26.8884882], [80.8650773, 26.8884295], [80.86503, 26.8883891], [80.8650127, 26.8883803], [80.8649735, 26.8883678], [80.8648976, 26.8883672], [80.8648298, 26.8883943], [80.8647866, 26.8884352], [80.8647612, 26.8884918], [80.864762, 26.8885532], [80.8647862, 26.8886055], [80.8648113, 26.8886329], [80.8648382, 26.8886522], [80.8649122, 26.8886763], [80.8649418, 26.8886788], [80.8650432, 26.8886437], [80.8650555, 26.8886317], [80.8650815, 26.8886062]]}}, {"type": "Feature", "properties": {"highway": "trunk", "name": null}, "geometry": {"type": "LineString", "coordinates": [[80.8594742, 26.8835641], [80.8594876, 26.8835349], [80.8594992, 26.8835095], [80.8594988, 26.8834458], [80.8594881, 26.8834241], [80.8594699, 26.8833871], [80.8594225, 26.8833466], [80.859366, 26.8833252], [80.8592899, 26.8833246], [80.859222, 26.8833518], [80.8591787, 26.8833927], [80.8591532, 26.8834494], [80.859154, 26.883511], [80.8591668, 26.8835386], [80.8591782, 26.8835634], [80.8592304, 26.8836102], [80.8593045, 26.8836344], [80.859363, 26.8836322], [80.8594152, 26.8836103], [80.8594358, 26.8836017], [80.8594742, 26.8835641]]}}, {"type": "Feature", "properties": {"highway": "secondary", "name": null}, "geometry": {"type": "LineString", "coordinates": [[80.9041676, 26.883977], [80.9042349, 26.883964], [80.9048414, 26.8838737], [80.9056355, 26.8837554], [80.9059628, 26.8836911], [80.9063055, 26.8835934], [80.9068268, 26.8833931], [80.9070279, 26.8832632], [80.9076135, 26.8827125], [80.9079606, 26.8822362], [80.9082688, 26.8817588], [80.9083452, 26.8815799], [80.9084215, 26.8813688], [80.9084423, 26.8811545], [80.9084266, 26.8797868], [80.9084085, 26.8793072], [80.908415, 26.8787935], [80.9084684, 26.8783561], [80.9085046, 26.878215], [80.9090974, 26.8769061], [80.9094406, 26.8761162], [80.9100865, 26.8746262], [80.9106361, 26.8732758], [80.9107305, 26.8730989], [80.9108688, 26.8729943], [80.9110129, 26.8728992]]}}, {"type": "Feature", "properties": {"highway": "trunk", "name": null}, "geometry": {"type": "LineString", "coordinates": [[80.8649418, 26.8886788], [80.8649842, 26.8887454], [80.8651175, 26.8889396], [80.8659207, 26.8898952], [80.867485, 26.891649], [80.8676411, 26.8919147], [80.8677659, 26.892123], [80.8681795, 26.892874], [80.8687684, 26.8939431], [80.869216, 26.8947546], [80.8699279, 26.8960455], [80.8703189, 26.8967259], [80.8704558, 26.8969791], [80.8705103, 26.8970798]]}}, {"type": "Feature", "properties": {"highway": "secondary", "name": "Subhash Marg"}, "geometry": {"type": "LineString", "coordinates": [[80.9164953, 26.8520389], [80.9165155, 26.8523702], [80.9164519, 26.8526347], [80.9163206, 26.8531805], [80.9161636, 26.8536887], [80.9161331, 26.8537875], [80.9159058, 26.8546162], [80.9157652, 26.8551286], [80.9156025, 26.8557217], [80.9154123, 26.8564152], [80.9152936, 26.8568657], [80.9152448, 26.8570507], [80.9149928, 26.8580061], [80.9149412, 26.8582017], [80.9148975, 26.8583672], [80.9148756, 26.8584521], [80.9147945, 26.8587663], [80.9146773, 26.8592205], [80.9144158, 26.8602338], [80.9143449, 26.8605041], [80.9143145, 26.8606199], [80.9141568, 26.861221], [80.9141432, 26.8612729], [80.913928, 26.8620929], [80.9138495, 26.8623923], [80.9138457, 26.8625118], [80.9138422, 26.8626186], [80.9140253, 26.8630831], [80.9144097, 26.8638772]]}}, {"type": "Feature", "properties": {"highway": "secondary", "name": "Subhash Marg"}, "geometry": {"type": "LineString", "coordinates": [[80.9147234, 26.8644653], [80.9146693, 26.8643603], [80.9144097, 26.8638772]]}}, {"type": "Feature", "properties": {"highway": "secondary", "name": "Subhash Marg"}, "geometry": {"type": "LineString", "coordinates": [[80.9144097, 26.8638772], [80.914428, 26.863992], [80.9145696, 26.8643086], [80.9145485, 26.8644075]]}}, {"type": "Feature", "properties": {"highway": "secondary", "name": null}, "geometry": {"type": "LineString", "coordinates": [[80.9159357, 26.8397407], [80.9160375, 26.8397321], [80.9164831, 26.8394093], [80.9167389, 26.8392458], [80.9168409, 26.8391806], [80.9169716, 26.839097], [80.9172684, 26.8389074], [80.9174776, 26.8387744], [80.9175146, 26.8387509], [80.9181261, 26.8383633], [80.9183978, 26.8381893], [80.9184278, 26.8381702]]}}, {"type": "Feature", "properties": {"highway": "secondary", "name": "Napier Road"}, "geometry": {"type": "LineString", "coordinates": [[80.9062776, 26.8454439], [80.9061183, 26.8454799], [80.9056853, 26.8456655], [80.9055881, 26.8456843], [80.905283, 26.8457692], [80.9049224, 26.8458181], [80.9047938, 26.8458336], [80.9045731, 26.8458601], [80.9042999, 26.8459521], [80.9042248, 26.8459728], [80.9041062, 26.8460148], [80.9031084, 26.8463684], [80.9029256, 26.8464378], [80.9028406, 26.8464956], [80.9027214, 26.8465767], [80.9022409, 26.8470296], [80.9020776, 26.8471607], [80.901852, 26.8473419], [80.90164, 26.8474756], [80.9005853, 26.8480062], [80.9004456, 26.848117]]}}, {"type": "Feature", "properties": {"highway": "secondary", "name": "Aishbagh Road Flyover"}, "geometry": {"type": "LineString", "coordinates": [[80.9142026, 26.8409154], [80.9137405, 26.8412007], [80.9134576, 26.8413627], [80.9129415, 26.8416584], [80.912031, 26.8421787], [80.9110569, 26.8427925]]}}, {"type": "Feature", "properties": {"highway": "secondary", "name": null}, "geometry": {"type": "LineString", "coordinates": [[80.9159357, 26.8397407], [80.9152793, 26.8401876], [80.9151227, 26.8403049], [80.9147225, 26.8405945], [80.9146349, 26.8406486], [80.9144754, 26.840747], [80.9143627, 26.8408166]]}}, {"type": "Feature", "properties": {"highway": "secondary", "name": null}, "geometry": {"type": "LineString", "coordinates": [[80.918357, 26.8380922], [80.9182435, 26.8381552], [80.9180848, 26.8382579], [80.9172079, 26.8388252], [80.9169788, 26.8389791], [80.9167859, 26.8391087], [80.9166749, 26.8391833], [80.9164061, 26.8393639], [80.9159715, 26.8396793], [80.9159357, 26.8397407]]}}, {"type": "Feature", "properties": {"highway": "trunk", "name": "Lalabagh Railway Crossing Flyover"}, "geometry": {"type": "LineString", "coordinates": [[80.854325, 26.8473805], [80.8554482, 26.8491429], [80.855939, 26.8500926], [80.8560565, 26.8502838], [80.8563838, 26.8506726], [80.8565853, 26.850919], [80.8569162, 26.8513695], [80.8579487, 26.853108]]}}, {"type": "Feature", "properties": {"highway": "trunk", "name": "Lalabagh Railway Crossing Flyover"}, "geometry": {"type": "LineString", "coordinates": [[80.8580534, 26.8530405], [80.8573944, 26.8519609], [80.8570127, 26.8513369], [80.856644, 26.8507472], [80.8565184, 26.8505764], [80.8561939, 26.8501948], [80.8555691, 26.8491283], [80.8544319, 26.8473225]]}}, {"type": "Feature", "properties": {"highway": "trunk", "name": null}, "geometry": {"type": "LineString", "coordinates": [[80.8622405, 26.8601188], [80.8622766, 26.860271], [80.8623216, 26.860792], [80.8623486, 26.8617853], [80.8623907, 26.8633296], [80.8624218, 26.863789], [80.8624447, 26.8639127], [80.8625324, 26.8643871], [80.8632824, 26.867424], [80.8636522, 26.868833], [80.8637354, 26.8693233], [80.8637835, 26.8696068], [80.8641603, 26.8720362], [80.8643746, 26.8734297], [80.8643876, 26.873615], [80.8643823, 26.8739276], [80.8643942, 26.8740077], [80.864421, 26.8741883], [80.864479, 26.874505], [80.8644958, 26.8745812]]}}, {"type": "Feature", "properties": {"highway": "trunk", "name": null}, "geometry": {"type": "LineString", "coordinates": [[80.8543098, 26.8471268], [80.8542228, 26.8469873], [80.8529568, 26.844958], [80.852115, 26.8436086]]}}, {"type": "Feature", "properties": {"highway": "secondary", "name": null}, "geometry": {"type": "LineString", "coordinates": [[80.9040059, 26.8840082], [80.9041676, 26.883977]]}}, {"type": "Feature", "properties": {"highway": "secondary", "name": null}, "geometry": {"type": "LineString", "coordinates": [[80.8962157, 26.8853079], [80.8969111, 26.8851278], [80.8975722, 26.8849388], [80.8982769, 26.8847374], [80.8986992, 26.8846402], [80.8987589, 26.8846318], [80.8991798, 26.8845725], [80.9001195, 26.884477], [80.9007311, 26.8844285], [80.9018079, 26.884326], [80.903494, 26.8840883], [80.9038538, 26.8840376], [80.9040059, 26.8840082]]}}, {"type": "Feature", "properties": {"highway": "secondary", "name": "Deva Road"}, "geometry": {"type": "LineString", "coordinates": [[81.0396841, 26.8808028], [81.0397605, 26.8811601], [81.0400951, 26.8817647], [81.0404925, 26.8823828], [81.0408366, 26.8829408], [81.0408831, 26.8830148], [81.0413716, 26.8837919], [81.0413949, 26.8838265], [81.0417192, 26.8843067], [81.0420896, 26.884817], [81.0425681, 26.8854264], [81.0427556, 26.8856951], [81.0428672, 26.8859544], [81.0429683, 26.8863207], [81.0431787, 26.8872457], [81.0431954, 26.8873334], [81.0436543, 26.8894129], [81.0437179, 26.8896954], [81.0438, 26.890197], [81.0441538, 26.8918365], [81.0441615, 26.8918743], [81.0443595, 26.8928061], [81.0445898, 26.8938522], [81.0445988, 26.893893], [81.0448524, 26.8950454], [81.0448788, 26.8951366], [81.0449556, 26.8954024], [81.0449671, 26.8954395], [81.0450525, 26.8957142], [81.0451025, 26.8958284], [81.0451873, 26.8960223], [81.0454232, 26.8964544], [81.0458415, 26.8971545], [81.0460035, 26.8974257], [81.0462059, 26.8977643], [81.0463964, 26.8980831], [81.0472495, 26.8995671], [81.0476969, 26.9003661], [81.0481974, 26.9012596], [81.0485281, 26.9017894], [81.048941, 26.9023529], [81.0493096, 26.9028488], [81.0493959, 26.9029568], [81.0498741, 26.9035551], [81.0504146, 26.9042256], [81.050943, 26.9048811], [81.0516204, 26.9057257], [81.0518792, 26.9060484], [81.0521226, 26.9063519], [81.0532032, 26.9076988], [81.0534812, 26.9080782], [81.0535355, 26.9081622], [81.0537592, 26.9085083], [81.0542269, 26.9093431], [81.0543038, 26.9094805], [81.0546389, 26.9100787], [81.0547487, 26.9102748], [81.0548651, 26.9104825], [81.0559668, 26.9122838], [81.0571085, 26.9141057], [81.0582502, 26.9159164], [81.0590948, 26.9172067], [81.0595098, 26.9178415], [81.0598338, 26.9183143], [81.0598681, 26.9183644], [81.059956, 26.9184925], [81.0602976, 26.918991], [81.0610285, 26.9200672], [81.0611868, 26.9202915], [81.06123, 26.9203526], [81.0613501, 26.9205228], [81.0614075, 26.9206042], [81.0615576, 26.9208168], [81.0620125, 26.9214613], [81.0620523, 26.9215132], [81.0622627, 26.9217871], [81.0626082, 26.9222369], [81.0632722, 26.9230195], [81.0634745, 26.9232565], [81.0639522, 26.9238162], [81.0645739, 26.9245446], [81.0646603, 26.9246028]]}}, {"type": "Feature", "properties": {"highway": "secondary", "name": "Deva Road"}, "geometry": {"type": "LineString", "coordinates": [[81.0646603, 26.9246028], [81.0646587, 26.9244948], [81.064034, 26.923776], [81.0635442, 26.9232124], [81.0633317, 26.9229679], [81.0626766, 26.9221603], [81.062357, 26.9217355], [81.0621184, 26.9214185], [81.0616803, 26.9208269], [81.0616422, 26.9207722], [81.061494, 26.9205592], [81.0614376, 26.9204782], [81.061317, 26.920305], [81.0612752, 26.9202448], [81.0611221, 26.9200249], [81.0603701, 26.9189506], [81.0600337, 26.9184504], [81.0599489, 26.9183243], [81.0599294, 26.9182953], [81.0599155, 26.9182747], [81.0595907, 26.9177917], [81.0591968, 26.9171757], [81.0583437, 26.9158797], [81.0571957, 26.9140559], [81.0560519, 26.9122396], [81.0549418, 26.9104533], [81.0548253, 26.9102417], [81.0547127, 26.9100372], [81.0543846, 26.9094414], [81.0543074, 26.9093012], [81.0538486, 26.9084679], [81.0537727, 26.908327], [81.0536235, 26.9081122], [81.0534399, 26.907848], [81.0531871, 26.9075362], [81.0522013, 26.9062927], [81.05171, 26.9056872], [81.0510172, 26.9048333], [81.0503872, 26.9040469], [81.0494112, 26.9028287], [81.0490279, 26.9022953], [81.0489915, 26.902247], [81.0486024, 26.9017298], [81.0483011, 26.901217], [81.0477848, 26.9003198], [81.047486, 26.8998006], [81.0470616, 26.8990604], [81.0464791, 26.8980442], [81.0455143, 26.8964136], [81.0453374, 26.8961112], [81.0452005, 26.895805], [81.0450888, 26.8954668], [81.0449561, 26.8950253], [81.0447134, 26.8939874], [81.0447013, 26.8939358], [81.0446891, 26.8938795], [81.0444309, 26.8926826], [81.0442505, 26.8918467], [81.0437663, 26.8894796], [81.0437455, 26.889368], [81.0434545, 26.887986], [81.0432927, 26.8873158], [81.0430585, 26.8863459], [81.0430016, 26.8860697], [81.0429279, 26.8858481], [81.0428163, 26.8856001], [81.0426436, 26.8853539], [81.0420793, 26.8846227], [81.041881, 26.8843657], [81.0415356, 26.8838603], [81.0408531, 26.8827988], [81.040158, 26.881679], [81.0399779, 26.8813829], [81.0399117, 26.8812796], [81.0398836, 26.8812184], [81.0397961, 26.8808554]]}}, {"type": "Feature", "properties": {"highway": "primary", "name": "Hardoi Road"}, "geometry": {"type": "LineString", "coordinates": [[80.8645974, 26.8745617], [80.8652884, 26.8744176], [80.8661362, 26.8742409], [80.8673246, 26.8739932], [80.8693222, 26.8735768], [80.8695069, 26.8735413], [80.8699907, 26.8734484], [80.871042, 26.8732531], [80.8712858, 26.8732078], [80.87147, 26.8731876], [80.8718092, 26.8731505], [80.8723785, 26.8730881], [80.872578, 26.8730663], [80.8742057, 26.8729549], [80.8743963, 26.8729531], [80.8749254, 26.872948], [80.8755806, 26.8729418], [80.8772245, 26.8729262], [80.877536, 26.8729232], [80.8781034, 26.8729178], [80.8782342, 26.872917], [80.878994, 26.8729123], [80.8797975, 26.8729073], [80.8802951, 26.8729042], [80.8810468, 26.8729009], [80.8810897, 26.8728993], [80.8814704, 26.8729008], [80.8816045, 26.8729155]]}}, {"type": "Feature", "properties": {"highway": "secondary", "name": null}, "geometry": {"type": "LineString", "coordinates": [[81.0700594, 26.9308895], [81.0694509, 26.9302885]]}}, {"type": "Feature", "properties": {"highway": "secondary", "name": null}, "geometry": {"type": "LineString", "coordinates": [[81.0694509, 26.9302885], [81.0693961, 26.9302328], [81.0687345, 26.9295373], [81.068422, 26.9291657], [81.0677931, 26.9284181], [81.0667062, 26.9271523], [81.0666917, 26.9271345], [81.0666714, 26.9271096], [81.066422, 26.9268034], [81.0660965, 26.9264037], [81.0660754, 26.9263778], [81.0659689, 26.9262471], [81.0654457, 26.9255646], [81.0651727, 26.9252085], [81.0647082, 26.9246594], [81.0646603, 26.9246028]]}}, {"type": "Feature", "properties": {"highway": "trunk", "name": null}, "geometry": {"type": "LineString", "coordinates": [[80.9098442, 26.9321418], [80.909782, 26.9321228], [80.9094487, 26.9320213], [80.9087735, 26.9316724], [80.9085548, 26.9315594], [80.9064383, 26.9304521], [80.9053839, 26.9298923], [80.9036265, 26.9289592], [80.9023624, 26.9281808], [80.9021704, 26.9280507], [80.9017192, 26.927745], [80.9014563, 26.9275669], [80.9009192, 26.9272576], [80.8999719, 26.9267812], [80.8974795, 26.925524], [80.8970052, 26.9252716], [80.8946098, 26.9239967], [80.8941934, 26.9237693], [80.8919659, 26.9225528], [80.890293, 26.921649]]}}, {"type": "Feature", "properties": {"highway": "trunk", "name": null}, "geometry": {"type": "LineString", "coordinates": [[80.9102231, 26.932413], [80.9102481, 26.9323584], [80.9102451, 26.9322984], [80.9102188, 26.9322361], [80.9101923, 26.9322134], [80.9101714, 26.9321956], [80.9101149, 26.9321742], [80.9100127, 26.9321328], [80.9099121, 26.9321146], [80.9098442, 26.9321418], [80.9098009, 26.9321827], [80.9097754, 26.9322393], [80.9097762, 26.9323009], [80.9098004, 26.9323534], [80.909862, 26.9324102], [80.9100534, 26.9324832], [80.9101118, 26.932481], [80.9101898, 26.9324465], [80.9102231, 26.932413]]}}, {"type": "Feature", "properties": {"highway": "trunk", "name": null}, "geometry": {"type": "LineString", "coordinates": [[80.9101898, 26.9324465], [80.9103942, 26.9324979], [80.9108457, 26.9326113], [80.9110181, 26.9326546], [80.9127181, 26.9330817], [80.9145697, 26.9334716], [80.915855, 26.9337422], [80.9162598, 26.9337545], [80.9169869, 26.9337275], [80.9174771, 26.9337643], [80.918262, 26.9338895], [80.9192645, 26.9341228], [80.9199309, 26.9342603], [80.9200474, 26.9342537], [80.920322, 26.9342382], [80.9206387, 26.9341301], [80.9208784, 26.9340254], [80.9210601, 26.933946], [80.9216687, 26.9335409], [80.9226629, 26.9326717], [80.9237133, 26.9318049], [80.9242382, 26.9314514], [80.9246596, 26.9312451], [80.9249168, 26.9311434], [80.9253426, 26.930975], [80.9260118, 26.9307884], [80.9260583, 26.9307829], [80.9264718, 26.9307344], [80.9268648, 26.9307107], [80.927175, 26.930692], [80.9279039, 26.9307712], [80.9286648, 26.9309216], [80.9291063, 26.9309771], [80.929715, 26.9310339], [80.930432, 26.93103], [80.9308829, 26.9310276], [80.9323976, 26.9310528], [80.9341857, 26.9310721], [80.9343269, 26.93107], [80.9344085, 26.9310688], [80.9345464, 26.9310694], [80.9347518, 26.9310703], [80.9348771, 26.9310973], [80.9349741, 26.9311188], [80.9350156, 26.9311355]]}}, {"type": "Feature", "properties": {"highway": "trunk", "name": null}, "geometry": {"type": "LineString", "coordinates": [[80.8683402, 26.8255901], [80.8686821, 26.8255081], [80.8701553, 26.8252941], [80.8706851, 26.825174], [80.8720465, 26.8247777], [80.872978, 26.8244181], [80.8731862, 26.8243112], [80.8732204, 26.8242698], [80.8732325, 26.8242056], [80.8738748, 26.8239267], [80.8739949, 26.8238827], [80.8740602, 26.8238664], [80.8742274, 26.8238335], [80.8743177, 26.8238223], [80.8743842, 26.8238062], [80.8756391, 26.8231353], [80.875914, 26.8229643]]}}, {"type": "Feature", "properties": {"highway": "trunk", "name": null}, "geometry": {"type": "LineString", "coordinates": [[80.8657881, 26.8267044], [80.8654775, 26.8269803], [80.8625166, 26.8292299], [80.8609848, 26.8304147], [80.8605508, 26.8307503], [80.8593947, 26.8316445], [80.8581583, 26.8326402], [80.8567972, 26.8338633], [80.856506, 26.834125], [80.8557489, 26.8348237], [80.8554973, 26.835056]]}}, {"type": "Feature", "properties": {"highway": "primary", "name": "NH-28"}, "geometry": {"type": "LineString", "coordinates": [[80.8676077, 26.8255877], [80.867266, 26.825667], [80.8672149, 26.8256789], [80.8668596, 26.8257614], [80.8664853, 26.8258491], [80.8658966, 26.8259871], [80.8627158, 26.8266312], [80.854848, 26.8282151], [80.8492706, 26.8293355], [80.8483283, 26.8295282], [80.8430747, 26.8305925], [80.8392102, 26.8313789], [80.8377582, 26.8316744], [80.8374344, 26.8317422], [80.8369337, 26.8318422], [80.8323858, 26.8327653], [80.8282038, 26.8336295], [80.8250703, 26.8342708], [80.8249638, 26.83429], [80.8249288, 26.8342994], [80.8247274, 26.8343597], [80.8246619, 26.8343994], [80.8247482, 26.8343968], [80.824963, 26.8343608], [80.8250043, 26.8343532]]}}, {"type": "Feature", "properties": {"highway": "trunk", "name": null}, "geometry": {"type": "LineString", "coordinates": [[80.8683402, 26.8255901], [80.8683669, 26.8255364], [80.8683633, 26.8254935], [80.8683397, 26.8254625], [80.8682742, 26.8254301], [80.8678555, 26.8254838], [80.8676077, 26.8255877], [80.8673056, 26.8257144], [80.866723, 26.8260226], [80.8663874, 26.8262002], [80.8660992, 26.8263981], [80.8657881, 26.8267044]]}}, {"type": "Feature", "properties": {"highway": "primary", "name": "NH-28"}, "geometry": {"type": "LineString", "coordinates": [[80.837456, 26.8318193], [80.8377848, 26.8317517], [80.8392356, 26.8314561], [80.8397477, 26.8313517], [80.843682, 26.8305464], [80.8475119, 26.8297804], [80.8483422, 26.8296143], [80.8489251, 26.8294933], [80.8492255, 26.8294327], [80.8503925, 26.8291971], [80.8513775, 26.8289923], [80.8515, 26.8289677], [80.8528748, 26.8286916], [80.8549954, 26.8282656], [80.8574216, 26.827779], [80.8578408, 26.8276949], [80.8589491, 26.8274726], [80.8609844, 26.8271019], [80.8617509, 26.826942], [80.8621322, 26.8268634], [80.8627378, 26.8267424], [80.8640958, 26.8264544], [80.8659064, 26.8260705], [80.8660211, 26.8260913], [80.8660557, 26.8261376], [80.8660951, 26.8261903], [80.8661126, 26.8263031], [80.8660992, 26.8263981]]}}, {"type": "Feature", "properties": {"highway": "trunk", "name": null}, "geometry": {"type": "LineString", "coordinates": [[80.8547063, 26.8361077], [80.8547487, 26.8360434], [80.8551492, 26.8355751], [80.8564244, 26.8343713], [80.8582866, 26.8327234], [80.8610587, 26.8305378], [80.8655374, 26.8271136], [80.8659267, 26.8268355]]}}, {"type": "Feature", "properties": {"highway": "trunk", "name": "Flyover"}, "geometry": {"type": "LineString", "coordinates": [[80.8526176, 26.8395655], [80.8522477, 26.8402487], [80.8518708, 26.8409997], [80.8515401, 26.8416993]]}}, {"type": "Feature", "properties": {"highway": "trunk", "name": "Flyover"}, "geometry": {"type": "LineString", "coordinates": [[80.8516762, 26.8417548], [80.8519953, 26.8410362], [80.8523705, 26.8402982], [80.8527467, 26.8396091]]}}, {"type": "Feature", "properties": {"highway": "primary", "name": "Mahatma Gandhi Road"}, "geometry": {"type": "LineString", "coordinates": [[80.9236147, 26.8670284], [80.9230334, 26.8672881], [80.9224718, 26.8675345], [80.9220969, 26.8677028], [80.9220849, 26.8677083], [80.9220674, 26.8677161], [80.9219208, 26.8677819], [80.9216202, 26.8679032], [80.9214408, 26.8679931], [80.9209273, 26.8682503]]}}, {"type": "Feature", "properties": {"highway": "primary", "name": null}, "geometry": {"type": "LineString", "coordinates": [[80.9240448, 26.8673588], [80.9239102, 26.8672562], [80.9238441, 26.8671486], [80.9238173, 26.8671032]]}}, {"type": "Feature", "properties": {"highway": "primary", "name": "Kanpur-Lucknow Road"}, "geometry": {"type": "LineString", "coordinates": [[80.917454, 26.8320046], [80.9145693, 26.831844], [80.9142648, 26.8318035], [80.9133625, 26.8317404], [80.9127885, 26.8316183], [80.9124621, 26.8315433], [80.9115896, 26.8313598], [80.9107361, 26.8311829], [80.910471, 26.8310964], [80.9104005, 26.8310572], [80.9102801, 26.8309917], [80.9100685, 26.8308818], [80.9099249, 26.8306523], [80.9098044, 26.830406], [80.9097573, 26.830244], [80.9097506, 26.8301145], [80.9097681, 26.8297414], [80.9097398, 26.8296442]]}}, {"type": "Feature", "properties": {"highway": "secondary", "name": "Lohia Path Flyover"}, "geometry": {"type": "LineString", "coordinates": [[80.9958227, 26.8656895], [80.9958262, 26.8662748], [80.995852, 26.8668661], [80.9958655, 26.8674098], [80.9958655, 26.8678809], [80.9958769, 26.868204], [80.9958791, 26.8682675], [80.9958804, 26.8686704], [80.9959065, 26.8687603], [80.9959652, 26.8688143]]}}, {"type": "Feature", "properties": {"highway": "primary", "name": "Sultanpur Road"}, "geometry": {"type": "LineString", "coordinates": [[80.9620162, 26.8284868], [80.9625577, 26.8274442], [80.9626065, 26.8273502], [80.9628578, 26.8269198], [80.963301, 26.8264961], [80.9635938, 26.826227], [80.9639693, 26.8258819], [80.9648886, 26.824992], [80.9653485, 26.824557], [80.9663494, 26.8236048], [80.9668506, 26.8231281], [80.9674761, 26.8225385], [80.9679132, 26.8220296], [80.9682925, 26.8215184], [80.9690261, 26.8201957], [80.9700511, 26.81816], [80.9710459, 26.816066], [80.9713423, 26.8154943], [80.9715935, 26.8151513], [80.9718498, 26.8149226], [80.973137, 26.8140283]]}}, {"type": "Feature", "properties": {"highway": "trunk", "name": "Kanpur-Lucknow Road"}, "geometry": {"type": "LineString", "coordinates": [[80.8821654, 26.776999], [80.8820359, 26.7767607], [80.8818441, 26.7764077], [80.8811, 26.7752173], [80.8801096, 26.7736293]]}}, {"type": "Feature", "properties": {"highway": "trunk", "name": "Kanpur-Lucknow Road"}, "geometry": {"type": "LineString", "coordinates": [[80.8800066, 26.7736795], [80.8803679, 26.7742438], [80.8808754, 26.7750545], [80.881499, 26.7761147], [80.8818596, 26.7767284], [80.8820012, 26.7769694], [80.8820638, 26.777076]]}}, {"type": "Feature", "properties": {"highway": "primary", "name": "Faizabad Road"}, "geometry": {"type": "LineString", "coordinates": [[80.9963036, 26.8732187], [80.9963761, 26.8732127], [80.9963939, 26.8732096], [80.9964751, 26.8732044], [80.996505, 26.8732019], [80.997088, 26.873221], [80.9985999, 26.8732704], [80.9994908, 26.8732937], [80.9999645, 26.87326], [81.0000223, 26.8732529]]}}, {"type": "Feature", "properties": {"highway": "trunk", "name": "Faizabad Road"}, "geometry": {"type": "LineString", "coordinates": [[81.010573, 26.8735838], [81.010262, 26.8735689], [81.0080415, 26.8734729], [81.0078756, 26.8734628]]}}, {"type": "Feature", "properties": {"highway": "trunk", "name": "Hardoi Road"}, "geometry": {"type": "LineString", "coordinates": [[80.8645813, 26.8744839], [80.864479, 26.874505], [80.8642639, 26.8745494], [80.8638045, 26.8746441], [80.8629593, 26.8748078], [80.8624781, 26.874901], [80.86217, 26.8749607], [80.861479, 26.8751165], [80.8604895, 26.8753395], [80.8592789, 26.8755962], [80.8584707, 26.8757676], [80.8577978, 26.875914], [80.8573568, 26.8760099], [80.8558625, 26.876335], [80.8550103, 26.8765811], [80.8548203, 26.8766108], [80.8546538, 26.8766581], [80.8544887, 26.87672]]}}, {"type": "Feature", "properties": {"highway": "secondary", "name": null}, "geometry": {"type": "LineString", "coordinates": [[81.0058462, 26.8013131], [81.006124, 26.8018632], [81.0065532, 26.8025551], [81.0066149, 26.8027778], [81.0066015, 26.8032207], [81.0065773, 26.8036396]]}}, {"type": "Feature", "properties": {"highway": "secondary", "name": null}, "geometry": {"type": "LineString", "coordinates": [[81.0065773, 26.8036396], [81.0064244, 26.8036181], [81.0046882, 26.801544], [81.0046168, 26.8014589]]}}, {"type": "Feature", "properties": {"highway": "secondary", "name": null}, "geometry": {"type": "LineString", "coordinates": [[81.0150777, 26.8147996], [81.015065, 26.8149472], [81.015061, 26.8150023], [81.0150758, 26.8150363], [81.0151059, 26.8150539], [81.0151378, 26.8150572], [81.0152151, 26.8150452], [81.015235, 26.8150274], [81.0152486, 26.8150016], [81.0152582, 26.8149594], [81.0152754, 26.8148025], [81.015276, 26.814737], [81.0152807, 26.8142452], [81.0152087, 26.8137204], [81.0151067, 26.8133326], [81.0149595, 26.8129639], [81.0148595, 26.8127799], [81.0144952, 26.8121788], [81.014129, 26.8117151], [81.0135201, 26.8109564], [81.0133934, 26.810815], [81.0128966, 26.810156], [81.012604, 26.8097809], [81.0124969, 26.8096437], [81.012159, 26.8092894], [81.0117567, 26.8088824], [81.0116663, 26.8088093], [81.0105421, 26.8078996], [81.010468, 26.8078397]]}}, {"type": "Feature", "properties": {"highway": "secondary", "name": null}, "geometry": {"type": "LineString", "coordinates": [[81.010366, 26.8079422], [81.0112604, 26.8086789], [81.011762, 26.8091434], [81.0122153, 26.809603], [81.0129046, 26.8104887], [81.0132509, 26.8109195], [81.013377, 26.8110763]]}}, {"type": "Feature", "properties": {"highway": "trunk", "name": "Shaheed Path"}, "geometry": {"type": "LineString", "coordinates": [[81.0123285, 26.8382092], [81.0122226, 26.8383085]]}}, {"type": "Feature", "properties": {"highway": "trunk", "name": "Shaheed Path"}, "geometry": {"type": "LineString", "coordinates": [[81.0123361, 26.8384219], [81.0124364, 26.8383269]]}}, {"type": "Feature", "properties": {"highway": "primary", "name": "Arjungunj-Cantonment Flyover"}, "geometry": {"type": "LineString", "coordinates": [[80.9820055, 26.8098492], [80.9813967, 26.8101009], [80.9790605, 26.8111303], [80.9775478, 26.8117886], [80.9756434, 26.8125929], [80.975123, 26.8128084], [80.9743077, 26.8132321], [80.9734628, 26.8137683]]}}, {"type": "Feature", "properties": {"highway": "primary", "name": "Arjungunj-Cantonment Flyover"}, "geometry": {"type": "LineString", "coordinates": [[80.9735256, 26.8138264], [80.9743519, 26.8133068], [80.9748816, 26.813031], [80.9752598, 26.8128467], [80.9756543, 26.812689], [80.9770408, 26.8120854], [80.9781075, 26.8116302], [80.9790981, 26.8111997], [80.9820413, 26.8099369]]}}, {"type": "Feature", "properties": {"highway": "primary", "name": "Sultanpur Road"}, "geometry": {"type": "LineString", "coordinates": [[80.9856208, 26.8087117], [80.9859064, 26.8086603], [80.9862129, 26.808658], [80.9869062, 26.8087298], [80.9871926, 26.8087387], [80.9874966, 26.8087006], [80.988085, 26.8085138], [80.9886899, 26.8083217], [80.9889696, 26.8081912], [80.9890265, 26.8081647], [80.9898803, 26.8076312], [80.9905012, 26.8072432], [80.9905357, 26.807223], [80.9915604, 26.8066237], [80.9920537, 26.8063351], [80.9927022, 26.8059178], [80.9930473, 26.8056958], [80.9931644, 26.8056205], [80.9941506, 26.8049861], [80.9945457, 26.8047319], [80.9950515, 26.8044912], [80.995111, 26.8044629], [80.995269, 26.8044005], [80.9965834, 26.8038814], [80.9973181, 26.803583], [80.9980682, 26.8032783], [80.9983592, 26.8031601], [80.9989263, 26.8029406], [80.9992519, 26.8028145], [81.0000097, 26.8025211], [81.0003037, 26.8024145], [81.0005854, 26.8023123], [81.0006403, 26.8022924], [81.0016158, 26.8020771]]}}, {"type": "Feature", "properties": {"highway": "primary", "name": "Mahatma Gandhi Road Underpass"}, "geometry": {"type": "LineString", "coordinates": [[80.9216693, 26.8681905], [80.9219214, 26.8680924]]}}, {"type": "Feature", "properties": {"highway": "primary", "name": "Mahatma Gandhi Road"}, "geometry": {"type": "LineString", "coordinates": [[80.9200789, 26.8686883], [80.9211758, 26.8683484], [80.9213997, 26.8682768]]}}, {"type": "Feature", "properties": {"highway": "trunk", "name": null}, "geometry": {"type": "LineString", "coordinates": [[80.94569, 26.7679214], [80.9456526, 26.7680611], [80.945642, 26.7681004], [80.9455246, 26.7683473]]}}, {"type": "Feature", "properties": {"highway": "trunk", "name": "Faizabad Road"}, "geometry": {"type": "LineString", "coordinates": [[81.0090603, 26.8735909], [81.0092084, 26.8736012], [81.0102092, 26.8736529], [81.0112261, 26.8737228], [81.0119608, 26.8737434], [81.0123901, 26.8737658], [81.0144692, 26.8738739], [81.0146715, 26.8738844]]}}, {"type": "Feature", "properties": {"highway": "trunk", "name": "Sitapur Road"}, "geometry": {"type": "LineString", "coordinates": [[80.9361686, 26.9261186], [80.9368681, 26.923302], [80.9377607, 26.919708], [80.9378297, 26.9193459], [80.9378372, 26.9193063]]}}, {"type": "Feature", "properties": {"highway": "trunk", "name": null}, "geometry": {"type": "LineString", "coordinates": [[80.8659267, 26.8268355], [80.8666221, 26.8263815], [80.8677185, 26.8258056], [80.8683402, 26.8255901]]}}, {"type": "Feature", "properties": {"highway": "trunk", "name": null}, "geometry": {"type": "LineString", "coordinates": [[81.0146831, 26.8736714], [81.0144897, 26.8736621], [81.0126384, 26.8735734], [81.0109488, 26.8735178], [81.010573, 26.8735838]]}}, {"type": "Feature", "properties": {"highway": "trunk", "name": null}, "geometry": {"type": "LineString", "coordinates": [[81.0147967, 26.8736769], [81.0146831, 26.8736714]]}}, {"type": "Feature", "properties": {"highway": "trunk", "name": "Faizabad Road"}, "geometry": {"type": "LineString", "coordinates": [[81.0146715, 26.8738844], [81.0147854, 26.8738903]]}}, {"type": "Feature", "properties": {"highway": "secondary", "name": null}, "geometry": {"type": "LineString", "coordinates": [[81.0183992, 26.7269707], [81.018329, 26.7270389], [81.0176722, 26.7277127], [81.0172883, 26.7281059], [81.0171248, 26.7282734], [81.0164166, 26.7290587], [81.0153458, 26.7302396], [81.0142288, 26.7314787], [81.0131785, 26.7326413], [81.0126243, 26.733263], [81.0119708, 26.73403], [81.0119281, 26.7340812], [81.011692, 26.7343645], [81.0114098, 26.7347678], [81.0112275, 26.7350704], [81.0111686, 26.7351681], [81.0110266, 26.7354935], [81.010806, 26.7359594], [81.0106588, 26.7361855], [81.0104467, 26.7364147], [81.009795, 26.7370578], [81.0090646, 26.7377911], [81.0088012, 26.738031], [81.008495, 26.7382464], [81.007419, 26.7389445], [81.0067656, 26.7393814], [81.0065278, 26.7395708], [81.0060882, 26.739939], [81.0060238, 26.7400004], [81.0056508, 26.740356], [81.0055562, 26.7404462], [81.0049533, 26.7410633]]}}, {"type": "Feature", "properties": {"highway": "trunk", "name": "Sultanpur Road"}, "geometry": {"type": "LineString", "coordinates": [[81.0556081, 26.7797016], [81.0550395, 26.7797783]]}}, {"type": "Feature", "properties": {"highway": "trunk", "name": "Sultanpur Road"}, "geometry": {"type": "LineString", "coordinates": [[81.0985355, 26.7689365], [81.0983196, 26.7689676], [81.0978207, 26.7690598], [81.0956669, 26.7694717], [81.0956043, 26.7694834], [81.0933407, 26.769905], [81.0927486, 26.7700153], [81.0917368, 26.7702044], [81.0915254, 26.7702439], [81.0900316, 26.770523], [81.0870892, 26.7710978], [81.0858645, 26.7713401], [81.0844633, 26.7716174], [81.0832802, 26.7718515], [81.0832545, 26.7718566], [81.0829505, 26.7719168], [81.0826956, 26.7719794], [81.0818776, 26.7721802], [81.0813734, 26.7723191], [81.0808396, 26.7724891], [81.0798179, 26.7728414], [81.0796999, 26.7728845], [81.0790104, 26.7731237], [81.0756415, 26.7742875], [81.0740483, 26.7748215], [81.0728788, 26.7751974], [81.0721493, 26.7754656], [81.0712454, 26.7758512], [81.0702395, 26.7763468], [81.0694778, 26.7767587], [81.0689038, 26.777082], [81.0682755, 26.7774032], [81.0681233, 26.7774699], [81.0677692, 26.7776064], [81.0674661, 26.7777189], [81.0671524, 26.7778117], [81.0671387, 26.7778157], [81.0670853, 26.7778315], [81.0647008, 26.7784708], [81.0633087, 26.7788683], [81.0624504, 26.7790934], [81.0620534, 26.7791868], [81.0616967, 26.7792395], [81.0608464, 26.7793233], [81.059036, 26.7794239], [81.0573073, 26.7795173], [81.0568969, 26.7795532], [81.0559644, 26.7796576], [81.0556628, 26.7796944], [81.0556081, 26.7797016]]}}, {"type": "Feature", "properties": {"highway": "trunk", "name": "Sultanpur Road"}, "geometry": {"type": "LineString", "coordinates": [[81.0550395, 26.7797783], [81.0530359, 26.7800369], [81.0515928, 26.7802332], [81.0494549, 26.780457], [81.0493702, 26.7804659], [81.048688, 26.7805373], [81.0478836, 26.7806582], [81.0475722, 26.7807121], [81.0470813, 26.780839], [81.0467807, 26.7809401], [81.0465047, 26.781033], [81.0460326, 26.7812557], [81.0455927, 26.781476], [81.0451958, 26.7817011], [81.0444635, 26.7821943], [81.0429345, 26.7833533], [81.0426155, 26.7835951], [81.0420629, 26.7839566], [81.0418307, 26.7840527], [81.041379, 26.7841673], [81.0408613, 26.7842679], [81.038843, 26.7846246], [81.0387075, 26.7846486], [81.0365215, 26.7850389], [81.0352801, 26.7852803], [81.0347379, 26.7853858], [81.034416, 26.7854484], [81.031333, 26.7860075], [81.029466, 26.7863681], [81.0292098, 26.7864205], [81.0289335, 26.7865043], [81.0287216, 26.7865857], [81.0284695, 26.7866958], [81.0282514, 26.786802], [81.0280752, 26.7868946], [81.0277131, 26.7871125], [81.0269436, 26.7876202], [81.0267878, 26.787723], [81.0258383, 26.7882977], [81.0249263, 26.7887837], [81.0247342, 26.7888789], [81.0246509, 26.7889251], [81.0229904, 26.789765], [81.0214536, 26.7905399], [81.0210145, 26.7907613], [81.0209047, 26.7908167], [81.0199267, 26.7913097], [81.0186526, 26.7919634], [81.0179579, 26.7923632], [81.0173276, 26.7927415], [81.016987, 26.7929669], [81.0166222, 26.7932084], [81.0161806, 26.7935554], [81.014746, 26.794506], [81.0129648, 26.7957345], [81.0128939, 26.7957834], [81.0126735, 26.795936], [81.0119655, 26.7964263], [81.0118565, 26.7965018], [81.011817, 26.7965291], [81.0113598, 26.7968916], [81.0112886, 26.7969481], [81.0102613, 26.7978567], [81.0096967, 26.7983755], [81.0093015, 26.7987386], [81.009167, 26.7988622], [81.0089527, 26.7990543], [81.0087661, 26.7992215], [81.0081754, 26.7997524], [81.0075818, 26.8003011], [81.0075603, 26.8003173], [81.0073659, 26.8004639], [81.0070749, 26.8006703], [81.0070527, 26.8006861], [81.0070199, 26.8007093], [81.0066685, 26.8009056], [81.0061643, 26.8011139], [81.0060704, 26.8011424], [81.0058719, 26.8012025], [81.005432, 26.801303], [81.004681, 26.8014491], [81.0046168, 26.8014589], [81.004348, 26.8014999], [81.0040406, 26.8015537], [81.0039394, 26.8015689]]}}, {"type": "Feature", "properties": {"highway": "motorway", "name": "Lucknow Outer Ring Road"}, "geometry": {"type": "LineString", "coordinates": [[80.8484895, 26.7256883], [80.8479706, 26.7257369], [80.8469066, 26.72583], [80.8459915, 26.7259364], [80.8452705, 26.72604], [80.8443704, 26.7262061], [80.84417, 26.7262428], [80.8437289, 26.7263573], [80.8434638, 26.7264359], [80.8431529, 26.7265435], [80.8428731, 26.7266597], [80.842789, 26.7266947], [80.8422321, 26.7269741], [80.8418035, 26.7272264], [80.8412942, 26.7275035], [80.8404518, 26.7279838], [80.8398062, 26.7283897], [80.8390978, 26.7288825], [80.8385797, 26.7292724], [80.8382242, 26.7295694], [80.8377553, 26.7299888], [80.8372811, 26.7304384], [80.8368478, 26.7308774], [80.8364408, 26.7313355], [80.8354203, 26.7325648], [80.8351004, 26.7329698], [80.8348729, 26.7332975], [80.8347064, 26.7335893], [80.8345498, 26.7339023], [80.8344395, 26.7341526], [80.834328, 26.7344684], [80.8342484, 26.734752], [80.8341509, 26.7351695], [80.8338881, 26.7363994], [80.8338069, 26.7369505], [80.833721, 26.7376096], [80.8336669, 26.7382688], [80.8336577, 26.7387122], [80.8336675, 26.7389625], [80.8336913, 26.7396186], [80.8337414, 26.7402939], [80.8337858, 26.7406898], [80.8338599, 26.741203], [80.8341166, 26.7423362], [80.8343061, 26.7430015]]}}, {"type": "Feature", "properties": {"highway": "trunk", "name": "Outer Ring Road"}, "geometry": {"type": "LineString", "coordinates": [[81.0769827, 26.9001309], [81.0766098, 26.9013838], [81.0747566, 26.9075525], [81.0740805, 26.9098031], [81.073359, 26.9122284], [81.0721332, 26.916299], [81.0701625, 26.9228058], [81.070092, 26.9230385], [81.069674, 26.9244977]]}}, {"type": "Feature", "properties": {"highway": "motorway", "name": "Lucknow Outer Ring Road"}, "geometry": {"type": "LineString", "coordinates": [[81.0680455, 26.8303586], [81.0680491, 26.8303949], [81.0681082, 26.8309909], [81.0683432, 26.8333623], [81.0685045, 26.8349324], [81.0686251, 26.8365024], [81.0686721, 26.8369463], [81.0687402, 26.8380126], [81.0688341, 26.8386373], [81.0689843, 26.8393098], [81.0689994, 26.8393688], [81.0692149, 26.840212], [81.0694939, 26.8410544], [81.0698613, 26.8420117], [81.0702369, 26.842847], [81.0708591, 26.8439718], [81.0717952, 26.8453813], [81.0737561, 26.8482506], [81.0749712, 26.8500595], [81.0755023, 26.8508506], [81.0761147, 26.851805], [81.0765667, 26.8526549], [81.0770895, 26.8538909], [81.0775965, 26.8550896], [81.0788816, 26.8582796], [81.0797723, 26.8603509], [81.0803139, 26.8616105], [81.0813412, 26.8640296], [81.0821752, 26.8659644], [81.0825307, 26.8668229], [81.0828567, 26.8674942], [81.0829613, 26.8678148], [81.0829758, 26.8679074], [81.0829928, 26.8680158]]}}, {"type": "Feature", "properties": {"highway": "trunk", "name": "Shaheed Path"}, "geometry": {"type": "LineString", "coordinates": [[81.0147854, 26.8738903], [81.0147901, 26.8737861], [81.0147967, 26.8736769]]}}, {"type": "Feature", "properties": {"highway": "trunk", "name": "Shaheed Path"}, "geometry": {"type": "LineString", "coordinates": [[80.8821654, 26.776999], [80.8820638, 26.777076]]}}, {"type": "Feature", "properties": {"highway": "trunk", "name": "Kanpur-Lucknow Road"}, "geometry": {"type": "LineString", "coordinates": [[80.8822272, 26.7770917], [80.8821654, 26.776999]]}}, {"type": "Feature", "properties": {"highway": "secondary", "name": null}, "geometry": {"type": "LineString", "coordinates": [[80.9681594, 26.8551218], [80.9675551, 26.854943]]}}, {"type": "Feature", "properties": {"highway": "trunk", "name": "Faizabad Road"}, "geometry": {"type": "LineString", "coordinates": [[81.0357171, 26.8790367], [81.0341147, 26.878256], [81.0337957, 26.878108], [81.0328837, 26.877632], [81.0327282, 26.8775509], [81.0316826, 26.8769439]]}}, {"type": "Feature", "properties": {"highway": "trunk", "name": "Matiyari Flyover"}, "geometry": {"type": "LineString", "coordinates": [[81.0439383, 26.8829102], [81.039779, 26.8809789], [81.0377198, 26.8800095], [81.0361144, 26.879237]]}}, {"type": "Feature", "properties": {"highway": "trunk", "name": "\u092b\u093c\u0948\u091c\u093c\u093e\u092c\u093e\u0926 \u0930\u094b\u0921"}, "geometry": {"type": "LineString", "coordinates": [[81.057972, 26.8891672], [81.0584695, 26.8893562], [81.0599352, 26.8899297], [81.0603688, 26.8900897], [81.0610121, 26.8902766], [81.0614168, 26.8903705], [81.0614804, 26.8903853], [81.0641184, 26.8909978], [81.0649179, 26.8911834], [81.0662883, 26.8915123], [81.0663354, 26.8915237], [81.0667165, 26.8916151], [81.0687131, 26.8920944], [81.0701993, 26.8924512], [81.0719117, 26.8928269], [81.072899, 26.8930435]]}}, {"type": "Feature", "properties": {"highway": "trunk", "name": "Matiyari Flyover"}, "geometry": {"type": "LineString", "coordinates": [[81.0360817, 26.8793046], [81.0376697, 26.8800696], [81.0396169, 26.8810019], [81.04388, 26.8829792]]}}, {"type": "Feature", "properties": {"highway": "primary", "name": "Faizabad Road"}, "geometry": {"type": "LineString", "coordinates": [[80.9732988, 26.870634], [80.9732024, 26.8706], [80.9703935, 26.870121], [80.9702709, 26.8701001], [80.9694027, 26.8699974], [80.9689736, 26.8700056], [80.9687182, 26.8700552], [80.9685548, 26.8700905]]}}, {"type": "Feature", "properties": {"highway": "primary", "name": "Faizabad Road"}, "geometry": {"type": "LineString", "coordinates": [[80.9685977, 26.8702308], [80.9687384, 26.8702035], [80.9690073, 26.8701576], [80.9693712, 26.8701541], [80.9698891, 26.8702246], [80.9702766, 26.8702705], [80.9703523, 26.8702831], [80.9718601, 26.8705333], [80.9729458, 26.8707361], [80.9732067, 26.8707855], [80.9735768, 26.8709059]]}}, {"type": "Feature", "properties": {"highway": "secondary", "name": null}, "geometry": {"type": "LineString", "coordinates": [[80.9141256, 26.8748622], [80.9141496, 26.874884], [80.9143044, 26.8750421]]}}, {"type": "Feature", "properties": {"highway": "secondary", "name": null}, "geometry": {"type": "LineString", "coordinates": [[80.91218, 26.8724425], [80.9122126, 26.8725043], [80.9122802, 26.8725905]]}}, {"type": "Feature", "properties": {"highway": "secondary", "name": null}, "geometry": {"type": "LineString", "coordinates": [[80.9122802, 26.8725905], [80.9128877, 26.8733441], [80.9133223, 26.8738873], [80.913628, 26.8742677], [80.9141256, 26.8748622]]}}, {"type": "Feature", "properties": {"highway": "trunk", "name": "Faizabad Road"}, "geometry": {"type": "LineString", "coordinates": [[81.0577184, 26.8889561], [81.0558503, 26.8882163], [81.0549666, 26.8878614], [81.0508723, 26.8862468], [81.0476802, 26.8847141], [81.0470213, 26.8843978], [81.0460009, 26.8839078], [81.0448145, 26.8833418], [81.0445843, 26.8832304]]}}, {"type": "Feature", "properties": {"highway": "trunk", "name": "Faizabad Road"}, "geometry": {"type": "LineString", "coordinates": [[81.0580233, 26.8890821], [81.0577184, 26.8889561]]}}, {"type": "Feature", "properties": {"highway": "trunk", "name": "Faizabad Road"}, "geometry": {"type": "LineString", "coordinates": [[81.0576797, 26.8890485], [81.057972, 26.8891672]]}}, {"type": "Feature", "properties": {"highway": "trunk", "name": "Faizabad Road"}, "geometry": {"type": "LineString", "coordinates": [[81.0440561, 26.8830626], [81.0444922, 26.883269], [81.0445495, 26.883297], [81.0459503, 26.8839807], [81.0462021, 26.8841153], [81.0476263, 26.8848046], [81.0498074, 26.885855], [81.0507867, 26.8863267], [81.0516574, 26.8866716], [81.0537045, 26.8874823], [81.0555224, 26.8882022], [81.0558021, 26.8883129]]}}, {"type": "Feature", "properties": {"highway": "secondary", "name": "Vibhuti Khanda Flyover"}, "geometry": {"type": "LineString", "coordinates": [[80.9954277, 26.8641593], [80.9954843, 26.8644964], [80.9956392, 26.8650392], [80.9956869, 26.8653319], [80.995713, 26.8656162], [80.9957408, 26.8663026], [80.9957484, 26.867511], [80.9957354, 26.8680472], [80.9957813, 26.8682042], [80.9959253, 26.8684026], [80.9960326, 26.8684642], [80.9962181, 26.8685268], [80.9964064, 26.8685429], [80.9974426, 26.8685041], [80.9984368, 26.8684656], [80.9990622, 26.8684469]]}}, {"type": "Feature", "properties": {"highway": "secondary", "name": null}, "geometry": {"type": "LineString", "coordinates": [[80.9321002, 26.8334672], [80.9320116, 26.8335816]]}}, {"type": "Feature", "properties": {"highway": "secondary", "name": null}, "geometry": {"type": "LineString", "coordinates": [[80.9320615, 26.8315275], [80.9320907, 26.831394], [80.9321432, 26.8309848], [80.9322059, 26.830393], [80.9322238, 26.830224]]}}, {"type": "Feature", "properties": {"highway": "secondary", "name": "Purania Flyover"}, "geometry": {"type": "LineString", "coordinates": [[80.9384264, 26.899939], [80.9383858, 26.8998765]]}}, {"type": "Feature", "properties": {"highway": "secondary", "name": null}, "geometry": {"type": "LineString", "coordinates": [[80.9416368, 26.89451], [80.9416914, 26.8944816], [80.9425696, 26.8939358]]}}, {"type": "Feature", "properties": {"highway": "secondary", "name": null}, "geometry": {"type": "LineString", "coordinates": [[80.941282, 26.8947048], [80.9416368, 26.89451]]}}, {"type": "Feature", "properties": {"highway": "secondary", "name": null}, "geometry": {"type": "LineString", "coordinates": [[80.941595, 26.894423], [80.9412295, 26.8946289]]}}, {"type": "Feature", "properties": {"highway": "secondary", "name": "Purania Flyover"}, "geometry": {"type": "LineString", "coordinates": [[80.9383023, 26.8999077], [80.9383209, 26.8999661]]}}, {"type": "Feature", "properties": {"highway": "secondary", "name": null}, "geometry": {"type": "LineString", "coordinates": [[80.9425007, 26.8938899], [80.9423252, 26.8939964], [80.941595, 26.894423]]}}, {"type": "Feature", "properties": {"highway": "primary", "name": "Mahatma Gandhi Marg"}, "geometry": {"type": "LineString", "coordinates": [[80.9509824, 26.8345427], [80.9509014, 26.8353101], [80.9508664, 26.8356005], [80.9508525, 26.8357987]]}}, {"type": "Feature", "properties": {"highway": "primary", "name": "Mahatma Gandhi Marg"}, "geometry": {"type": "LineString", "coordinates": [[80.9508836, 26.8358105], [80.9509348, 26.835609], [80.9509739, 26.835349], [80.9510588, 26.8345398]]}}, {"type": "Feature", "properties": {"highway": "primary", "name": "Mahatma Gandhi Marg"}, "geometry": {"type": "LineString", "coordinates": [[80.9505072, 26.8285126], [80.9503969, 26.8279747], [80.9502168, 26.8270985]]}}, {"type": "Feature", "properties": {"highway": "primary", "name": "Mahatma Gandhi Marg"}, "geometry": {"type": "LineString", "coordinates": [[80.9501432, 26.8271212], [80.9502923, 26.8279098], [80.9503096, 26.8280011], [80.9504285, 26.8285557]]}}, {"type": "Feature", "properties": {"highway": "secondary", "name": null}, "geometry": {"type": "LineString", "coordinates": [[80.9011162, 26.8130214], [80.9013964, 26.812935]]}}, {"type": "Feature", "properties": {"highway": "secondary", "name": null}, "geometry": {"type": "LineString", "coordinates": [[80.9334757, 26.8780802], [80.9335676, 26.8780062], [80.9336007, 26.8779825], [80.9338111, 26.8778319], [80.9341339, 26.8776567], [80.934266, 26.8776111], [80.9345961, 26.8774972], [80.9348256, 26.8774719], [80.9349977, 26.877453], [80.9352963, 26.8774459], [80.9354076, 26.8774432], [80.935962, 26.8774933], [80.9363063, 26.8775749], [80.9366966, 26.8776887]]}}, {"type": "Feature", "properties": {"highway": "secondary", "name": "Daliganj Railway Crossing Flyover"}, "geometry": {"type": "LineString", "coordinates": [[80.9321243, 26.8829561], [80.9320251, 26.882881]]}}, {"type": "Feature", "properties": {"highway": "secondary", "name": "Daliganj Railway Crossing Flyover"}, "geometry": {"type": "LineString", "coordinates": [[80.9320251, 26.882881], [80.9319908, 26.883]]}}, {"type": "Feature", "properties": {"highway": "secondary", "name": null}, "geometry": {"type": "LineString", "coordinates": [[80.9058017, 26.8573316], [80.905087, 26.8563767], [80.9049072, 26.856125], [80.904623, 26.8557477], [80.9045477, 26.8556176]]}}, {"type": "Feature", "properties": {"highway": "primary", "name": "Mohan Road Flyover"}, "geometry": {"type": "LineString", "coordinates": [[80.8624174, 26.8428687], [80.8630981, 26.843], [80.8637077, 26.8431824], [80.864946, 26.8436037], [80.8654545, 26.8438517], [80.8657494, 26.843992], [80.8662701, 26.8442481], [80.8668708, 26.8445927], [80.8671769, 26.8447736], [80.8682316, 26.8453874]]}}, {"type": "Feature", "properties": {"highway": "primary", "name": "Mohan Road"}, "geometry": {"type": "LineString", "coordinates": [[80.8622458, 26.8428399], [80.8621647, 26.8428063], [80.8618723, 26.8427416], [80.861663, 26.8427003], [80.860495, 26.8425277], [80.8603365, 26.8424982], [80.8598927, 26.8424091], [80.8596025, 26.8423458], [80.8586523, 26.8421004], [80.8584101, 26.8420382], [80.8583609, 26.8420254], [80.8580652, 26.8419485], [80.8575832, 26.8418231], [80.8569357, 26.8416547], [80.8567197, 26.8416085], [80.8563755, 26.8415274], [80.8550309, 26.8412204], [80.8541617, 26.8410242], [80.8531699, 26.8408004], [80.8528987, 26.8407392], [80.8523446, 26.8406142], [80.8522744, 26.8405983]]}}, {"type": "Feature", "properties": {"highway": "secondary", "name": "Lohia Path"}, "geometry": {"type": "LineString", "coordinates": [[80.9961602, 26.8728992], [80.9961538, 26.8728103], [80.99614, 26.8726297], [80.9961414, 26.8724859]]}}, {"type": "Feature", "properties": {"highway": "primary", "name": null}, "geometry": {"type": "LineString", "coordinates": [[80.9433917, 26.7764315], [80.9434381, 26.7762918], [80.9434851, 26.7761072], [80.9435677, 26.7758138], [80.943904, 26.774674], [80.9439219, 26.77461], [80.9439855, 26.7743567], [80.9442069, 26.7734754], [80.9442147, 26.7734436], [80.9443606, 26.7728602], [80.9444753, 26.7724014], [80.9445144, 26.7722512], [80.9445778, 26.7720262], [80.9446652, 26.7717065], [80.9446818, 26.7716454], [80.9446884, 26.7716212], [80.9449376, 26.7707145], [80.9450759, 26.7702292], [80.9453267, 26.7692859], [80.945441, 26.7688905], [80.9454873, 26.7686647], [80.9455034, 26.7685641], [80.9454951, 26.7684151]]}}, {"type": "Feature", "properties": {"highway": "secondary", "name": null}, "geometry": {"type": "LineString", "coordinates": [[80.9012994, 26.8128127], [80.9011162, 26.8130214]]}}, {"type": "Feature", "properties": {"highway": "trunk", "name": "Shaheed Path"}, "geometry": {"type": "LineString", "coordinates": [[80.9511928, 26.7704556], [80.9515869, 26.7705689]]}}, {"type": "Feature", "properties": {"highway": "trunk", "name": "Shaheed Path"}, "geometry": {"type": "LineString", "coordinates": [[80.9516298, 26.7704889], [80.9511092, 26.7703386]]}}, {"type": "Feature", "properties": {"highway": "motorway", "name": "Lucknow Outer Ring Road"}, "geometry": {"type": "LineString", "coordinates": [[80.8344576, 26.742959], [80.8342992, 26.7423637], [80.8340127, 26.7411223], [80.8338189, 26.7396481], [80.8338079, 26.7386973], [80.8338027, 26.7382461], [80.8338836, 26.737162], [80.8339969, 26.7364393], [80.8342559, 26.7351095], [80.8345826, 26.7340733], [80.8349521, 26.7333795], [80.8352049, 26.7330391], [80.8359435, 26.7321043], [80.8363141, 26.7317158], [80.836822, 26.7310919], [80.8373787, 26.7305517], [80.8388172, 26.7292267], [80.8403087, 26.7282099], [80.8426359, 26.72689], [80.8431785, 26.7266585], [80.8439352, 26.7264088], [80.8445229, 26.7262916], [80.8452682, 26.7261994], [80.8465742, 26.726064], [80.8478364, 26.7259453], [80.8485251, 26.7258806]]}}, {"type": "Feature", "properties": {"highway": "motorway", "name": "Lucknow Outer Ring Road"}, "geometry": {"type": "LineString", "coordinates": [[81.0576432, 26.7905582], [81.0572742, 26.7901317], [81.056888, 26.7896977], [81.0565153, 26.7892907], [81.0560108, 26.7887446]]}}, {"type": "Feature", "properties": {"highway": "motorway", "name": "Lucknow Outer Ring Road"}, "geometry": {"type": "LineString", "coordinates": [[81.0839079, 26.8676745], [81.0832566, 26.8661603], [81.0825804, 26.8646134], [81.0817274, 26.8625437], [81.080786, 26.8602618], [81.0806392, 26.8598736], [81.0800832, 26.8586529], [81.0792303, 26.8566094], [81.0783291, 26.8544677], [81.0772186, 26.8519216], [81.0768726, 26.8513114], [81.0764918, 26.8507131], [81.0751721, 26.8486695], [81.073445, 26.8461207], [81.0721295, 26.8441569], [81.0717686, 26.8436031], [81.0714483, 26.8430419], [81.0710469, 26.8423333], [81.0708243, 26.8418969], [81.0705721, 26.8413392], [81.0703039, 26.8405447], [81.0700196, 26.8395515], [81.0698372, 26.8387138], [81.0697346, 26.8380171], [81.0696282, 26.837134], [81.0695801, 26.8366261], [81.0695583, 26.836378], [81.0693759, 26.8342551], [81.0690245, 26.8303011], [81.0690192, 26.8302406]]}}, {"type": "Feature", "properties": {"highway": "trunk", "name": "Outer Ring Road"}, "geometry": {"type": "LineString", "coordinates": [[81.0684103, 26.9365951], [81.0680804, 26.9427642], [81.0679704, 26.9449831], [81.0676217, 26.9514292], [81.0675788, 26.9524334], [81.0675842, 26.953734], [81.0676432, 26.9548959], [81.0677344, 26.9563926], [81.0678819, 26.9586232], [81.0679999, 26.9604879], [81.0681447, 26.9627232], [81.0682896, 26.964925], [81.0684237, 26.9669331], [81.0685685, 26.9690798], [81.0688665, 26.9730121], [81.0689789, 26.9755029], [81.0689682, 26.976079], [81.0689333, 26.9763898], [81.0688153, 26.9768415], [81.0686678, 26.9772073], [81.0684827, 26.977561], [81.0681447, 26.9780104], [81.0678095, 26.9783403], [81.06745, 26.9786223], [81.0670316, 26.9788853], [81.0665864, 26.9790861], [81.0660741, 26.9792558], [81.06388, 26.9797482], [81.0632123, 26.9798322], [81.0627504, 26.9798514]]}}, {"type": "Feature", "properties": {"highway": "trunk", "name": "Outer Ring Road"}, "geometry": {"type": "LineString", "coordinates": [[81.0743192, 26.9753858], [81.074405, 26.9751444], [81.0745284, 26.9746735], [81.0745794, 26.9740926], [81.0745579, 26.9736719], [81.0745123, 26.9733587], [81.0743514, 26.9728472], [81.0742663, 26.9726757], [81.0740858, 26.9723117], [81.0735735, 26.9714798], [81.0730848, 26.9707336], [81.072675, 26.9701077], [81.0717148, 26.9686112], [81.0711622, 26.9676192], [81.0708618, 26.9670048], [81.070497, 26.9661729], [81.0702261, 26.9655011], [81.0698479, 26.9642771], [81.0696977, 26.9636962], [81.0695234, 26.9628332], [81.0693544, 26.9616976], [81.0692686, 26.9605501], [81.0691398, 26.9583602], [81.0690406, 26.9565599], [81.068944, 26.9546329], [81.0688931, 26.953679], [81.0688958, 26.9526461], [81.0690057, 26.9504537], [81.0691318, 26.9483999], [81.0693464, 26.9453227], [81.0695368, 26.9425466], [81.0697111, 26.9397538], [81.0698999, 26.9371214], [81.0699016, 26.9370972], [81.0700172, 26.9358426]]}}, {"type": "Feature", "properties": {"highway": "trunk", "name": "Kanpur-Lucknow Road"}, "geometry": {"type": "LineString", "coordinates": [[80.8836707, 26.7798008], [80.8836807, 26.7798193], [80.8837172, 26.7798882], [80.8837622, 26.7799731], [80.8841634, 26.7807385], [80.8841841, 26.7807781], [80.8845007, 26.7813721], [80.8855735, 26.7832505], [80.8861835, 26.7843727], [80.8863911, 26.7847546], [80.8864008, 26.7847724], [80.886718, 26.7853541], [80.8868262, 26.785573], [80.8878428, 26.7873752], [80.8879152, 26.7875044], [80.8885834, 26.788776], [80.8890635, 26.7896128], [80.8893236, 26.7901157], [80.8896415, 26.7906783], [80.8901431, 26.7915905], [80.8903979, 26.792055], [80.890591, 26.7924022], [80.8907881, 26.7927446], [80.8910282, 26.7931803], [80.8913273, 26.7937214], [80.8915311, 26.7941033], [80.891865, 26.7946863], [80.8921188, 26.7951314], [80.8922861, 26.7954249], [80.892376, 26.7955853], [80.8924511, 26.7957254], [80.8925638, 26.7959061], [80.8928373, 26.7964185], [80.8931045, 26.7968838], [80.8931954, 26.7970422], [80.8935173, 26.7976108], [80.8939089, 26.7983673]]}}, {"type": "Feature", "properties": {"highway": "trunk", "name": "Shaheed Path"}, "geometry": {"type": "LineString", "coordinates": [[80.9428994, 26.7675842], [80.9434461, 26.7677086], [80.9447716, 26.7680366], [80.945386, 26.7682084]]}}, {"type": "Feature", "properties": {"highway": "trunk", "name": "Shaheed Path"}, "geometry": {"type": "LineString", "coordinates": [[80.9454052, 26.7681055], [80.9447212, 26.7679198], [80.9434704, 26.7676182], [80.9429276, 26.7674945]]}}, {"type": "Feature", "properties": {"highway": "trunk", "name": "Shaheed Path"}, "geometry": {"type": "LineString", "coordinates": [[80.9429276, 26.7674945], [80.9428438, 26.7674754]]}}, {"type": "Feature", "properties": {"highway": "trunk", "name": "Shaheed Path"}, "geometry": {"type": "LineString", "coordinates": [[80.942816, 26.7675652], [80.9428994, 26.7675842]]}}, {"type": "Feature", "properties": {"highway": "trunk", "name": null}, "geometry": {"type": "LineString", "coordinates": [[80.9474092, 26.7688098], [80.945642, 26.7681004]]}}, {"type": "Feature", "properties": {"highway": "trunk", "name": null}, "geometry": {"type": "LineString", "coordinates": [[80.9455246, 26.7683473], [80.9459491, 26.7685124], [80.9466091, 26.7688089], [80.9469926, 26.7689811]]}}, {"type": "Feature", "properties": {"highway": "secondary", "name": "Daliganj Railway Crossing Flyover"}, "geometry": {"type": "LineString", "coordinates": [[80.9324872, 26.8788787], [80.9333262, 26.8781998]]}}, {"type": "Feature", "properties": {"highway": "secondary", "name": "Purania Flyover"}, "geometry": {"type": "LineString", "coordinates": [[80.9402208, 26.8953279], [80.9406339, 26.8950706], [80.9409812, 26.8948745], [80.9412322, 26.8947329]]}}, {"type": "Feature", "properties": {"highway": "secondary", "name": "Purania Flyover"}, "geometry": {"type": "LineString", "coordinates": [[80.9411757, 26.8946592], [80.9406244, 26.8949846], [80.9404153, 26.8951054], [80.9401764, 26.8952462]]}}, {"type": "Feature", "properties": {"highway": "secondary", "name": "Purania Flyover"}, "geometry": {"type": "LineString", "coordinates": [[80.9379476, 26.8988949], [80.9382091, 26.8996496], [80.9383023, 26.8999077]]}}, {"type": "Feature", "properties": {"highway": "secondary", "name": "Purania Flyover"}, "geometry": {"type": "LineString", "coordinates": [[80.9383858, 26.8998765], [80.9382735, 26.8995718], [80.9380174, 26.8988674]]}}, {"type": "Feature", "properties": {"highway": "primary", "name": "Kanpur-Lucknow Road"}, "geometry": {"type": "LineString", "coordinates": [[80.9077895, 26.819067], [80.9081473, 26.8194285], [80.9081789, 26.8194744], [80.9084181, 26.8197973], [80.908493, 26.8199609], [80.9085605, 26.8201184]]}}, {"type": "Feature", "properties": {"highway": "primary", "name": "Kanpur-Lucknow Road"}, "geometry": {"type": "LineString", "coordinates": [[80.9068119, 26.8180566], [80.9073169, 26.8185692], [80.907564, 26.8188392], [80.9077895, 26.819067]]}}, {"type": "Feature", "properties": {"highway": "primary", "name": "Kanpur-Lucknow Road"}, "geometry": {"type": "LineString", "coordinates": [[80.907651, 26.8187757], [80.9073762, 26.8184916], [80.9072538, 26.8183665], [80.9069621, 26.8180686], [80.9068961, 26.8179907]]}}, {"type": "Feature", "properties": {"highway": "primary", "name": "Kanpur-Lucknow Road"}, "geometry": {"type": "LineString", "coordinates": [[80.9086873, 26.8201038], [80.9086472, 26.8200243], [80.9085427, 26.8198008], [80.908501, 26.8197182], [80.9084904, 26.8197038], [80.9083015, 26.8194656], [80.9082309, 26.8193864], [80.9078687, 26.819005]]}}, {"type": "Feature", "properties": {"highway": "trunk", "name": "Ring Road"}, "geometry": {"type": "LineString", "coordinates": [[81.0024222, 26.8733216], [81.0048852, 26.8734081], [81.0060921, 26.8734505], [81.0064053, 26.8734615], [81.00705, 26.8734842], [81.0071111, 26.8734877], [81.0090603, 26.8735909]]}}, {"type": "Feature", "properties": {"highway": "secondary", "name": null}, "geometry": {"type": "LineString", "coordinates": [[81.0202759, 26.8038426], [81.0202921, 26.8039843], [81.0201265, 26.8043342], [81.0192715, 26.8060897], [81.0192005, 26.8061983], [81.0190451, 26.8063461], [81.0179434, 26.8071997], [81.0168046, 26.8081347], [81.0161591, 26.8086263], [81.0158485, 26.808884], [81.0157591, 26.8089582], [81.0156242, 26.8090713], [81.0150608, 26.8095434], [81.013907, 26.8104402], [81.0137625, 26.8105528], [81.0135408, 26.8107176], [81.0133934, 26.810815], [81.0132509, 26.8109195]]}}, {"type": "Feature", "properties": {"highway": "secondary", "name": null}, "geometry": {"type": "LineString", "coordinates": [[81.013377, 26.8110763], [81.0135201, 26.8109564], [81.0136387, 26.8108544], [81.0141284, 26.8104288], [81.0143207, 26.8102774], [81.0159039, 26.8090314], [81.0162913, 26.8087264], [81.0169346, 26.8082038], [81.0174749, 26.8077649], [81.0187054, 26.8067997], [81.0188448, 26.8066891], [81.0193298, 26.8063044], [81.0193569, 26.8062829], [81.0194463, 26.8061347], [81.0204043, 26.8041623], [81.0205155, 26.8041103]]}}, {"type": "Feature", "properties": {"highway": "trunk", "name": "Kanpur-Lucknow Road"}, "geometry": {"type": "LineString", "coordinates": [[80.8801096, 26.7736293], [80.880062, 26.7735505], [80.879924, 26.7733218], [80.8797128, 26.7729896], [80.8789273, 26.7716284], [80.8783701, 26.7707005], [80.8782318, 26.7704703], [80.8777795, 26.7697354], [80.8773886, 26.7691003], [80.8772535, 26.7688871], [80.8768105, 26.7681837], [80.8767548, 26.7680918], [80.8763842, 26.7674528], [80.8762061, 26.7671457], [80.8757011, 26.7663775], [80.8753815, 26.7658815], [80.8744751, 26.7643998], [80.8740992, 26.7637853], [80.8735533, 26.7628929], [80.8723293, 26.760892], [80.8707585, 26.7584241], [80.8706768, 26.7582958], [80.8704813, 26.7579972], [80.8702157, 26.7575915], [80.8699794, 26.7572306], [80.8696858, 26.7567821], [80.8693529, 26.7562735], [80.8689767, 26.755699], [80.8686556, 26.7552084], [80.8684709, 26.7549263], [80.8684092, 26.7548321], [80.8683395, 26.7547256], [80.8681391, 26.7544195], [80.8677563, 26.7538483], [80.8675297, 26.7535102], [80.8664535, 26.7519046], [80.8658884, 26.7510512]]}}, {"type": "Feature", "properties": {"highway": "trunk", "name": "Kanpur Road"}, "geometry": {"type": "LineString", "coordinates": [[80.8658884, 26.7510512], [80.8658577, 26.7510048]]}}, {"type": "Feature", "properties": {"highway": "primary", "name": "Ashok Marg"}, "geometry": {"type": "LineString", "coordinates": [[80.9346656, 26.8395995], [80.9348409, 26.8396908], [80.9351975, 26.8398693], [80.9356305, 26.8400252], [80.935907, 26.8401356], [80.9361435, 26.8402135], [80.9366493, 26.8404245], [80.937214, 26.8406082]]}}, {"type": "Feature", "properties": {"highway": "primary", "name": "Ashok Marg"}, "geometry": {"type": "LineString", "coordinates": [[80.9372809, 26.8404764], [80.9365748, 26.8402285], [80.9361473, 26.8400784], [80.9357397, 26.8399505], [80.9353649, 26.8398069], [80.9350677, 26.8396416], [80.9349647, 26.8395616], [80.9348529, 26.8394201]]}}, {"type": "Feature", "properties": {"highway": "secondary", "name": "Kursi Road"}, "geometry": {"type": "LineString", "coordinates": [[80.9786493, 26.9336314], [80.9787014, 26.933722], [80.979539, 26.9351218], [80.979605, 26.935232], [80.9797821, 26.935528], [80.9802995, 26.9363762], [80.9803206, 26.9364108], [80.9805723, 26.9368235], [80.9807096, 26.9370486], [80.9807862, 26.9371741], [80.9811117, 26.937718], [80.9815905, 26.9385181], [80.9816919, 26.9386875], [80.9818594, 26.9389758], [80.9820625, 26.9393254], [80.982731, 26.9404759], [80.9832038, 26.9412052], [80.983348, 26.9414276], [80.9836783, 26.941882], [80.9837894, 26.9420234], [80.9842208, 26.9425724], [80.9844895, 26.9428805], [80.9849429, 26.9433961], [80.9850346, 26.9435007], [80.9850749, 26.9435444], [80.9854281, 26.9439271], [80.9855925, 26.9441053], [80.9861197, 26.9445986], [80.9863647, 26.944782], [80.9867935, 26.9450433]]}}, {"type": "Feature", "properties": {"highway": "secondary", "name": "Kursi Road"}, "geometry": {"type": "LineString", "coordinates": [[80.9868635, 26.9449653], [80.9866887, 26.9448589], [80.986216, 26.9445713], [80.985785, 26.9442125], [80.9854503, 26.9438634], [80.985165, 26.9435539], [80.9851249, 26.9435104], [80.9850872, 26.9434695], [80.9843469, 26.9425867], [80.9839488, 26.9421148], [80.9833078, 26.9412177], [80.9827631, 26.9403869], [80.9825812, 26.9400719], [80.9823824, 26.9397276], [80.9819602, 26.9389963], [80.9819306, 26.9389463], [80.9816561, 26.9384873], [80.9811738, 26.9376808], [80.9808423, 26.9371065], [80.9806493, 26.9367869], [80.980455, 26.9364652], [80.980402, 26.9363773], [80.9803792, 26.9363396], [80.9796588, 26.9351464], [80.9789791, 26.9340097], [80.9787239, 26.9335828]]}}, {"type": "Feature", "properties": {"highway": "trunk", "name": "Sitapur Road"}, "geometry": {"type": "LineString", "coordinates": [[80.9295719, 26.9527895], [80.9295899, 26.9527199], [80.9296596, 26.9524322], [80.9307199, 26.9480543], [80.9318053, 26.9436851], [80.9327491, 26.9398854]]}}, {"type": "Feature", "properties": {"highway": "trunk", "name": null}, "geometry": {"type": "LineString", "coordinates": [[80.9614671, 26.7249762], [80.9612807, 26.7252505], [80.9612353, 26.7253113], [80.9609025, 26.7257572], [80.9603768, 26.7264543], [80.959953, 26.7270532], [80.959919, 26.7271111], [80.959489, 26.7278426], [80.9593094, 26.7281514], [80.9590598, 26.7285804], [80.9586414, 26.7293386], [80.9584142, 26.7297338], [80.958337, 26.7298681], [80.9579387, 26.7306035], [80.9578685, 26.7307289], [80.9575444, 26.7313078], [80.9573169, 26.7317148], [80.9571447, 26.7320229], [80.9567801, 26.7326957], [80.9567384, 26.7327727], [80.9562918, 26.7335536], [80.9561134, 26.7338878], [80.9558908, 26.7342579], [80.9557419, 26.7344819], [80.9555113, 26.7347873], [80.9553088, 26.7350352], [80.9549145, 26.7354592], [80.9541886, 26.7361991], [80.9540508, 26.7363395], [80.9537316, 26.7366701], [80.9534044, 26.7370342], [80.9531952, 26.7372833], [80.9530264, 26.7375122], [80.9529752, 26.7375816], [80.9528022, 26.7378774], [80.9526239, 26.7382175], [80.9525801, 26.7383322], [80.9525246, 26.7384774], [80.9523168, 26.7390152], [80.9520915, 26.7395925], [80.9519265, 26.7400824], [80.9518085, 26.7404584], [80.9517092, 26.7408561], [80.9516805, 26.7410142], [80.9515376, 26.7417998], [80.9512747, 26.7431184], [80.9511795, 26.7436214], [80.9509609, 26.744764], [80.9508841, 26.7451264], [80.9508698, 26.745255], [80.9507047, 26.7462641], [80.9505439, 26.7470727], [80.9505244, 26.7471707], [80.9504257, 26.7476675], [80.9502965, 26.7483171], [80.9502761, 26.7484305], [80.9501221, 26.7489404], [80.9501064, 26.7491398], [80.9500727, 26.7495936], [80.9500598, 26.7497763], [80.9500415, 26.7505461], [80.9499856, 26.7513562], [80.9499267, 26.7517085], [80.9498136, 26.7521351], [80.9496683, 26.7527043], [80.9496008, 26.7529685], [80.9492694, 26.7541763], [80.9491789, 26.7545431], [80.9490966, 26.754877], [80.948845, 26.7558166], [80.9487608, 26.7561312], [80.9486227, 26.756633], [80.9484876, 26.7571242], [80.9484036, 26.7574316], [80.9482148, 26.7581022], [80.9481709, 26.7582725], [80.9480193, 26.7588333], [80.9479259, 26.7592154], [80.9478078, 26.7596982], [80.947712, 26.7601434], [80.9476714, 26.7603318], [80.9476147, 26.760613], [80.9474742, 26.7613295], [80.9474518, 26.761432], [80.9474385, 26.7615028], [80.9472309, 26.7626764], [80.9472148, 26.7627571], [80.9471468, 26.7631327], [80.9469832, 26.7640363], [80.9469646, 26.7641318], [80.9469615, 26.7641458], [80.9468464, 26.7646024], [80.9468153, 26.7647066], [80.9467079, 26.7650442], [80.9466919, 26.7650859], [80.9460606, 26.7667379], [80.9459105, 26.7671596], [80.9458826, 26.7672379], [80.94567, 26.7678351], [80.94569, 26.7679214]]}}, {"type": "Feature", "properties": {"highway": "trunk", "name": null}, "geometry": {"type": "LineString", "coordinates": [[80.94569, 26.7679214], [80.9457595, 26.7678594], [80.9462166, 26.7666228], [80.9468151, 26.7650608], [80.9469302, 26.7647071], [80.9469502, 26.7646455], [80.94707, 26.7641361], [80.9470899, 26.7640337], [80.9471817, 26.7635606], [80.9472888, 26.7629835], [80.9473785, 26.7624998], [80.9475894, 26.7613309], [80.9477838, 26.7602932], [80.9479961, 26.7593926], [80.9482306, 26.758485], [80.9482805, 26.7582935], [80.9483275, 26.7581262], [80.9485503, 26.757301], [80.9488294, 26.7562646], [80.9490787, 26.7553186], [80.9494684, 26.7539217], [80.9495413, 26.7536476], [80.9495664, 26.7535533], [80.9496178, 26.7533601], [80.9497461, 26.7528781], [80.9497615, 26.7528204], [80.9499754, 26.7520473], [80.9500364, 26.7517162], [80.9500889, 26.7514202], [80.9501629, 26.7507711], [80.9501703, 26.7505409], [80.9501743, 26.7504157], [80.9501838, 26.7501196], [80.9501946, 26.7497729], [80.9502096, 26.749596], [80.9502372, 26.7492703], [80.9502646, 26.7489628], [80.9503056, 26.748698], [80.9503534, 26.7484377], [80.9504425, 26.7479525], [80.9506009, 26.7471286], [80.9507686, 26.7462682], [80.9509511, 26.7452641], [80.950972, 26.7451545], [80.9510434, 26.7447897], [80.9513766, 26.7431364], [80.9515213, 26.7423962], [80.9516341, 26.741819], [80.951778, 26.7410343], [80.9518117, 26.7408505], [80.9519123, 26.7404516], [80.9520223, 26.7400899], [80.9521979, 26.7395977], [80.9524098, 26.7390252], [80.9526244, 26.7384958], [80.9526795, 26.7383739], [80.9528886, 26.7379113], [80.9532775, 26.7373209], [80.9538153, 26.7367232], [80.9541318, 26.7363819], [80.9549861, 26.7355099], [80.9553938, 26.7350704], [80.9556017, 26.7348164], [80.9558297, 26.7345194], [80.9559852, 26.734281], [80.9562105, 26.7339121], [80.9563996, 26.7335672], [80.9568248, 26.7327874], [80.957215, 26.7320652], [80.9572245, 26.7320485], [80.9576348, 26.7313286], [80.9580291, 26.7306231], [80.9584207, 26.7299008], [80.9584952, 26.7297706], [80.9587345, 26.7293522], [80.9591435, 26.7286156], [80.9595874, 26.7278598], [80.9600461, 26.7270967], [80.9604672, 26.7264906], [80.9610157, 26.7257755], [80.9613765, 26.725288], [80.9615615, 26.7250089]]}}, {"type": "Feature", "properties": {"highway": "trunk", "name": "Kanpur-Lucknow Road"}, "geometry": {"type": "LineString", "coordinates": [[80.8574065, 26.7384025], [80.8576645, 26.7388172], [80.8581227, 26.7395534], [80.8594856, 26.7416245], [80.8607715, 26.7435556], [80.8620897, 26.7455215], [80.8621219, 26.7455695], [80.863182, 26.7471689], [80.8644355, 26.7490244], [80.8657813, 26.7510454], [80.8658424, 26.751137], [80.8674516, 26.7535507], [80.8676777, 26.7538898], [80.8680509, 26.7544496], [80.8682566, 26.7547663], [80.8683328, 26.7548837], [80.8683866, 26.7549664], [80.8684943, 26.7551323], [80.8692391, 26.756279], [80.8697094, 26.7570031], [80.8698257, 26.7572065], [80.8700436, 26.7575522], [80.8701652, 26.7577517], [80.8703196, 26.7579769], [80.8703573, 26.7580396], [80.8715304, 26.7598559], [80.8723688, 26.7611707], [80.8724433, 26.7612875], [80.8729231, 26.7620749], [80.8733896, 26.7628042], [80.8739724, 26.7637581], [80.8743913, 26.7644438], [80.8752917, 26.7659177], [80.8756043, 26.7663901], [80.8760902, 26.7671879], [80.8766432, 26.7681051], [80.876693, 26.7682046], [80.8768137, 26.7684075], [80.8768789, 26.7685171], [80.8770477, 26.7688325], [80.877298, 26.7692627], [80.8775776, 26.7697165], [80.8777242, 26.769954], [80.8777395, 26.7699789], [80.8783139, 26.7709094], [80.8788221, 26.7717349], [80.8797586, 26.7732719], [80.8798087, 26.7733566], [80.879958, 26.7736002], [80.8800066, 26.7736795]]}}, {"type": "Feature", "properties": {"highway": "trunk", "name": null}, "geometry": {"type": "LineString", "coordinates": [[80.8580413, 26.8532573], [80.8583859, 26.8538021], [80.8589663, 26.8547802], [80.8590941, 26.8549701], [80.8598151, 26.8559826], [80.8599683, 26.8561996], [80.8606832, 26.8572501], [80.8618031, 26.8588958], [80.8619863, 26.859272], [80.8621695, 26.859827], [80.8622405, 26.8601188]]}}, {"type": "Feature", "properties": {"highway": "trunk", "name": null}, "geometry": {"type": "LineString", "coordinates": [[80.8624033, 26.8600827], [80.8623743, 26.8599081], [80.8623395, 26.8597958], [80.8623253, 26.8597501], [80.8621946, 26.8593901], [80.8619734, 26.8588998], [80.8611232, 26.8576079], [80.8607556, 26.8570875], [80.8595506, 26.8553817], [80.8592996, 26.8550135], [80.8591428, 26.8547835], [80.8582891, 26.8534237], [80.8581561, 26.8532088]]}}, {"type": "Feature", "properties": {"highway": "primary", "name": null}, "geometry": {"type": "LineString", "coordinates": [[80.9455246, 26.7683473], [80.9454951, 26.7684151]]}}, {"type": "Feature", "properties": {"highway": "primary", "name": null}, "geometry": {"type": "LineString", "coordinates": [[80.9131395, 26.8649841], [80.9131594, 26.8650675]]}}, {"type": "Feature", "properties": {"highway": "trunk", "name": null}, "geometry": {"type": "LineString", "coordinates": [[80.8932029, 26.7968351], [80.8931045, 26.7968838]]}}, {"type": "Feature", "properties": {"highway": "secondary", "name": "Kursi Road"}, "geometry": {"type": "LineString", "coordinates": [[80.9493857, 26.8836303], [80.9493814, 26.8835643], [80.9493646, 26.8835381], [80.9488889, 26.8828995], [80.9486832, 26.8825604]]}}, {"type": "Feature", "properties": {"highway": "primary", "name": "Faizabad Road"}, "geometry": {"type": "LineString", "coordinates": [[81.0000726, 26.8731444], [80.9995178, 26.873031]]}}, {"type": "Feature", "properties": {"highway": "primary", "name": "Faizabad Road"}, "geometry": {"type": "LineString", "coordinates": [[80.9995178, 26.873031], [80.9994091, 26.873022]]}}, {"type": "Feature", "properties": {"highway": "secondary", "name": null}, "geometry": {"type": "LineString", "coordinates": [[80.9206603, 26.8371759], [80.9205886, 26.8373851], [80.9202186, 26.8388978], [80.9202088, 26.8389355], [80.919956, 26.8397937], [80.9198731, 26.8400767], [80.9198511, 26.8401726], [80.9195597, 26.8412149], [80.9193465, 26.8419742], [80.9192998, 26.8421589], [80.9191312, 26.8427251], [80.9188436, 26.8436906], [80.9188565, 26.8437532]]}}, {"type": "Feature", "properties": {"highway": "secondary", "name": "Subhash Marg"}, "geometry": {"type": "LineString", "coordinates": [[80.9188565, 26.8437532], [80.9189221, 26.8437004], [80.9189703, 26.8435183], [80.9191932, 26.8427371], [80.9194073, 26.8419865], [80.9195245, 26.8415758], [80.9196238, 26.841225], [80.9198493, 26.8404277], [80.9199165, 26.8401902], [80.9199881, 26.8399368], [80.9200233, 26.8398123], [80.9200868, 26.839588], [80.9202711, 26.8389493], [80.9203871, 26.8385478], [80.9206015, 26.8378049], [80.9206304, 26.8377049], [80.9206994, 26.8373993], [80.9207098, 26.8373508]]}}, {"type": "Feature", "properties": {"highway": "primary", "name": "Faizabad Road"}, "geometry": {"type": "LineString", "coordinates": [[80.9772034, 26.8718751], [80.9771594, 26.8718705], [80.9769982, 26.8718535], [80.9764595, 26.8717969], [80.9760067, 26.8716728], [80.9758211, 26.8716117], [80.9743124, 26.8710284], [80.9741312, 26.8709496], [80.9736978, 26.8707745]]}}, {"type": "Feature", "properties": {"highway": "secondary", "name": "Lohia Path"}, "geometry": {"type": "LineString", "coordinates": [[80.9869459, 26.859193], [80.9867616, 26.8591451], [80.9853796, 26.8588143], [80.9850847, 26.858697], [80.9849095, 26.8586833]]}}, {"type": "Feature", "properties": {"highway": "trunk", "name": "Kanpur-Lucknow Road"}, "geometry": {"type": "LineString", "coordinates": [[80.8959789, 26.8017752], [80.8958301, 26.8016047], [80.8956337, 26.8013785], [80.8955995, 26.8013146]]}}, {"type": "Feature", "properties": {"highway": "trunk", "name": "Kanpur-Lucknow Road"}, "geometry": {"type": "LineString", "coordinates": [[80.8955995, 26.8013146], [80.8955538, 26.8012187]]}}, {"type": "Feature", "properties": {"highway": "secondary", "name": "Lohia Path Flyover"}, "geometry": {"type": "LineString", "coordinates": [[80.9960719, 26.8684298], [80.9960672, 26.8680984], [80.9960317, 26.8666668], [80.9960228, 26.8663086], [80.9960017, 26.8656047], [80.996, 26.8655489], [80.9959658, 26.8652795]]}}, {"type": "Feature", "properties": {"highway": "secondary", "name": "Lohia Path"}, "geometry": {"type": "LineString", "coordinates": [[80.9960732, 26.8686142], [80.9960729, 26.8684948], [80.9960719, 26.8684298]]}}, {"type": "Feature", "properties": {"highway": "secondary", "name": null}, "geometry": {"type": "LineString", "coordinates": [[80.9958796, 26.8726272], [80.9959559, 26.8726614], [80.9960296, 26.8726734], [80.9960927, 26.8726614], [80.99614, 26.8726297]]}}, {"type": "Feature", "properties": {"highway": "secondary", "name": null}, "geometry": {"type": "LineString", "coordinates": [[80.8939576, 26.8413264], [80.8939345, 26.841475], [80.8944799, 26.8422398], [80.8947809, 26.8426467], [80.8949701, 26.8429025], [80.8951352, 26.8431257], [80.8959308, 26.8442012], [80.8960927, 26.8443763], [80.8967442, 26.8452698], [80.8983684, 26.8475343], [80.8988524, 26.8481552], [80.8988889, 26.848202], [80.8990133, 26.8482528]]}}, {"type": "Feature", "properties": {"highway": "secondary", "name": null}, "geometry": {"type": "LineString", "coordinates": [[80.89989, 26.8495731], [80.9006443, 26.8506275], [80.9011784, 26.851313], [80.9012879, 26.8514536], [80.9019278, 26.8522824], [80.9019807, 26.852351], [80.9024765, 26.8529939], [80.9026139, 26.8532222], [80.9027704, 26.8534474], [80.9031842, 26.8540317], [80.9036447, 26.8546105], [80.9044032, 26.8556742]]}}, {"type": "Feature", "properties": {"highway": "secondary", "name": null}, "geometry": {"type": "LineString", "coordinates": [[80.8990133, 26.8482528], [80.8990088, 26.8481503], [80.8985646, 26.847504], [80.8969685, 26.8453657], [80.8968698, 26.8452285], [80.8962215, 26.8443271], [80.8952974, 26.8430331], [80.8951353, 26.8428061], [80.8949622, 26.8425637], [80.8940995, 26.8413769], [80.8939576, 26.8413264]]}}, {"type": "Feature", "properties": {"highway": "secondary", "name": "Flyover"}, "geometry": {"type": "LineString", "coordinates": [[80.8998915, 26.8494532], [80.9025165, 26.8529516], [80.9029921, 26.8536348], [80.9045396, 26.855732], [80.9057279, 26.8573047], [80.9079376, 26.860243], [80.9088088, 26.8614281], [80.9097786, 26.8626973], [80.9105562, 26.8636856], [80.9108871, 26.8641639], [80.9112652, 26.8647656], [80.9114564, 26.8651473], [80.9114541, 26.865236], [80.9114327, 26.8653179], [80.9113729, 26.8655067], [80.9113323, 26.8656448], [80.9113136, 26.8657615], [80.9112975, 26.8659733], [80.9112906, 26.8668034], [80.911163, 26.868178]]}}, {"type": "Feature", "properties": {"highway": "primary", "name": "Sitapur Road"}, "geometry": {"type": "LineString", "coordinates": [[80.9389694, 26.9054504], [80.9389712, 26.9054895], [80.9389732, 26.9055326], [80.9389751, 26.9059299], [80.9389511, 26.9061651], [80.9389362, 26.9063117], [80.9388892, 26.9065338], [80.9388448, 26.9067437], [80.9388139, 26.9068648], [80.9387708, 26.9070335], [80.9387463, 26.907093], [80.9386249, 26.9073875], [80.9385228, 26.9075788], [80.9384712, 26.9076755], [80.9383899, 26.9078241], [80.9381929, 26.9081839], [80.9380295, 26.9085188], [80.9378777, 26.9089022], [80.9378536, 26.9089893], [80.9377687, 26.9092966], [80.9377162, 26.9095494], [80.9377127, 26.9096161], [80.9376968, 26.9099225], [80.9377152, 26.9106308], [80.937726, 26.9110451], [80.9377466, 26.9114883], [80.9377763, 26.9121274], [80.9377843, 26.9122995], [80.9377921, 26.912361]]}}, {"type": "Feature", "properties": {"highway": "primary", "name": "Kanpur-Lucknow Road"}, "geometry": {"type": "LineString", "coordinates": [[80.9026804, 26.814075], [80.9022187, 26.8136593], [80.901939, 26.8133745], [80.9017769, 26.8131998], [80.9016523, 26.8130074], [80.9015574, 26.8128201]]}}, {"type": "Feature", "properties": {"highway": "secondary", "name": "Flyover"}, "geometry": {"type": "LineString", "coordinates": [[80.9185195, 26.8380668], [80.918357, 26.8380922]]}}, {"type": "Feature", "properties": {"highway": "secondary", "name": "Flyover"}, "geometry": {"type": "LineString", "coordinates": [[80.918627, 26.8380036], [80.9187521, 26.8379292], [80.9190788, 26.8377559], [80.9192956, 26.8376285], [80.9194499, 26.8375468], [80.919792, 26.8373905], [80.9200675, 26.8372786], [80.920409, 26.837162], [80.9207705, 26.8370625], [80.9209212, 26.837033], [80.9212819, 26.837012], [80.921747, 26.8370283], [80.9221722, 26.8370485], [80.922775, 26.8370819], [80.9234579, 26.8371511], [80.9240425, 26.8372001], [80.9240963, 26.8372079], [80.9241878, 26.8372201], [80.9243238, 26.8372397], [80.9251227, 26.8373532], [80.9256091, 26.8374162], [80.9258422, 26.8374465], [80.9266151, 26.8375711], [80.9275477, 26.8377339], [80.9277853, 26.837777], [80.9280121, 26.8378185], [80.9288753, 26.8379817], [80.9290307, 26.8380107], [80.9298773, 26.8381733], [80.9309601, 26.838471], [80.932056, 26.8387741], [80.9328602, 26.8390087]]}}, {"type": "Feature", "properties": {"highway": "secondary", "name": "Flyover"}, "geometry": {"type": "LineString", "coordinates": [[80.9330785, 26.8390295], [80.9329307, 26.839029]]}}, {"type": "Feature", "properties": {"highway": "secondary", "name": "Flyover"}, "geometry": {"type": "LineString", "coordinates": [[80.9329307, 26.839029], [80.9330549, 26.839107]]}}, {"type": "Feature", "properties": {"highway": "secondary", "name": "Flyover"}, "geometry": {"type": "LineString", "coordinates": [[80.9184278, 26.8381702], [80.9185195, 26.8380668]]}}, {"type": "Feature", "properties": {"highway": "primary", "name": "Gol Market Flyover"}, "geometry": {"type": "LineString", "coordinates": [[80.9563597, 26.8676832], [80.956854, 26.8698612], [80.9568763, 26.8699595]]}}, {"type": "Feature", "properties": {"highway": "primary", "name": null}, "geometry": {"type": "LineString", "coordinates": [[80.9429211, 26.777893], [80.9426787, 26.7788201], [80.9426315, 26.7790535], [80.9423885, 26.7800162], [80.9422036, 26.7808077], [80.9419537, 26.7816726], [80.9418142, 26.7822123], [80.9416593, 26.7829165], [80.941521, 26.7834651], [80.941358, 26.7841114], [80.9413486, 26.7841468], [80.9412659, 26.7844574], [80.9411129, 26.785077], [80.9408753, 26.7860398], [80.9406763, 26.7867375]]}}, {"type": "Feature", "properties": {"highway": "primary", "name": null}, "geometry": {"type": "LineString", "coordinates": [[80.9406763, 26.7867375], [80.9405227, 26.7873447], [80.9403892, 26.7878765], [80.9402993, 26.7882219], [80.9401633, 26.7887444], [80.9399407, 26.7896122], [80.9397661, 26.7903273], [80.9395402, 26.7911585]]}}, {"type": "Feature", "properties": {"highway": "primary", "name": null}, "geometry": {"type": "LineString", "coordinates": [[80.9395402, 26.7911585], [80.939591, 26.7913286]]}}, {"type": "Feature", "properties": {"highway": "primary", "name": "Mahatma Gandhi Marg"}, "geometry": {"type": "LineString", "coordinates": [[80.939591, 26.7913286], [80.9396892, 26.7911985], [80.939758, 26.7909007], [80.9398974, 26.7902972], [80.9400257, 26.7897417], [80.9400557, 26.7896182], [80.9403904, 26.7882417], [80.9404126, 26.7881504], [80.9405875, 26.7874755], [80.9408203, 26.7867467], [80.940986, 26.7860597], [80.9412465, 26.7850874], [80.9413527, 26.7846962], [80.9414174, 26.7844475], [80.9415014, 26.7841477], [80.9418431, 26.782692], [80.941938, 26.7823012], [80.941953, 26.7822394], [80.9420596, 26.7819404], [80.9422895, 26.7809455], [80.9424439, 26.7802923], [80.9427737, 26.7788512], [80.9428362, 26.7786046], [80.9428411, 26.7785786], [80.9430064, 26.777902]]}}, {"type": "Feature", "properties": {"highway": "primary", "name": "Polytechnic Chauraha"}, "geometry": {"type": "LineString", "coordinates": [[80.9963036, 26.8732187], [80.9962644, 26.8730801], [80.9961917, 26.8729271], [80.9961602, 26.8728992], [80.9959747, 26.872908], [80.9958161, 26.872931], [80.9956741, 26.8729854], [80.9955959, 26.8730365], [80.9955396, 26.8730954], [80.9955129, 26.8731233], [80.9954578, 26.8732305]]}}, {"type": "Feature", "properties": {"highway": "primary", "name": "Polytechnic Chauraha"}, "geometry": {"type": "LineString", "coordinates": [[80.9957525, 26.8734423], [80.9958337, 26.8734869], [80.9960288, 26.8733481], [80.9961875, 26.8732616], [80.9963036, 26.8732187]]}}, {"type": "Feature", "properties": {"highway": "primary", "name": null}, "geometry": {"type": "LineString", "coordinates": [[80.9162398, 26.8708548], [80.9161878, 26.8708363], [80.9158065, 26.8706298], [80.9157431, 26.8706216], [80.9156935, 26.8706376], [80.9156554, 26.8706615], [80.9156269, 26.8706803]]}}, {"type": "Feature", "properties": {"highway": "primary", "name": null}, "geometry": {"type": "LineString", "coordinates": [[80.915573, 26.8707889], [80.9156955, 26.8711267]]}}, {"type": "Feature", "properties": {"highway": "trunk", "name": null}, "geometry": {"type": "LineString", "coordinates": [[80.9351499, 26.9292772], [80.9350404, 26.9297741], [80.9349877, 26.9299754], [80.9348669, 26.9305016], [80.9347995, 26.9308604]]}}, {"type": "Feature", "properties": {"highway": "trunk", "name": "Ring Road"}, "geometry": {"type": "LineString", "coordinates": [[80.9849103, 26.885948], [80.9835098, 26.8860577], [80.9821008, 26.8861709], [80.9815738, 26.8862973], [80.9797422, 26.8867966], [80.9792877, 26.8869612], [80.9788478, 26.8871922], [80.9784813, 26.8874472], [80.9781831, 26.887724], [80.977907, 26.8880793], [80.977538, 26.8886394], [80.9773997, 26.8888449]]}}, {"type": "Feature", "properties": {"highway": "trunk", "name": "Ring Road"}, "geometry": {"type": "LineString", "coordinates": [[80.9774866, 26.8888855], [80.9775308, 26.8888334], [80.9778297, 26.888388], [80.9780768, 26.8880227], [80.9783308, 26.8877238], [80.9786626, 26.8874325], [80.978984, 26.8872244], [80.9793745, 26.8870302], [80.979801, 26.8868984], [80.981598, 26.8864098], [80.9819298, 26.886325], [80.9822788, 26.8862788], [80.9835202, 26.8861625], [80.9849198, 26.8860571]]}}, {"type": "Feature", "properties": {"highway": "trunk", "name": "Sitapur Road"}, "geometry": {"type": "LineString", "coordinates": [[80.9377434, 26.9192752], [80.9377346, 26.9193259], [80.9377095, 26.9194711], [80.9376689, 26.9197067], [80.9372212, 26.9215083], [80.9369621, 26.9225511], [80.936577, 26.9241011], [80.9365684, 26.9241357], [80.9363361, 26.9250705], [80.9362322, 26.9254886], [80.9361205, 26.9259071], [80.9359898, 26.9263833]]}}, {"type": "Feature", "properties": {"highway": "trunk", "name": "Bhitauli Flyover"}, "geometry": {"type": "LineString", "coordinates": [[80.935279, 26.9293249], [80.9351678, 26.9297722], [80.9348725, 26.9309571], [80.9348309, 26.9311385], [80.9347856, 26.9313104], [80.9346504, 26.9318543], [80.9346379, 26.9319047], [80.9340617, 26.9341549], [80.9337675, 26.9353713], [80.9336778, 26.9357419], [80.9335051, 26.9364453], [80.9331591, 26.9378529], [80.9331006, 26.9380909], [80.9327598, 26.9394623], [80.9327309, 26.9395784]]}}, {"type": "Feature", "properties": {"highway": "primary", "name": "Faizabad Road"}, "geometry": {"type": "LineString", "coordinates": [[80.9571923, 26.870657], [80.9574987, 26.8706453], [80.9578206, 26.8706355], [80.9583308, 26.8706409], [80.9585785, 26.8706289], [80.9590467, 26.8706305], [80.9594123, 26.8706353], [80.9596974, 26.8706391], [80.9604918, 26.8707198], [80.9608246, 26.8707714]]}}, {"type": "Feature", "properties": {"highway": "primary", "name": "Faizabad Road"}, "geometry": {"type": "LineString", "coordinates": [[80.9608246, 26.8707714], [80.9609289, 26.8707815]]}}, {"type": "Feature", "properties": {"highway": "trunk", "name": "Bhitauli Flyover"}, "geometry": {"type": "LineString", "coordinates": [[80.9328188, 26.9396048], [80.9337361, 26.9359106], [80.9347284, 26.931917], [80.9349109, 26.9311669], [80.934964, 26.930958], [80.9356949, 26.9280258], [80.9360645, 26.9265378]]}}, {"type": "Feature", "properties": {"highway": "primary", "name": "Arch Flyover"}, "geometry": {"type": "LineString", "coordinates": [[80.9565639, 26.8706568], [80.9564005, 26.8706652]]}}, {"type": "Feature", "properties": {"highway": "primary", "name": "Sitapur Road"}, "geometry": {"type": "LineString", "coordinates": [[80.9388889, 26.9037729], [80.9389051, 26.9040664], [80.9389312, 26.9046284], [80.9389694, 26.9054504]]}}, {"type": "Feature", "properties": {"highway": "primary", "name": "Arch Flyover"}, "geometry": {"type": "LineString", "coordinates": [[80.9501987, 26.8708369], [80.9500894, 26.8708395]]}}, {"type": "Feature", "properties": {"highway": "trunk", "name": "Ring Road"}, "geometry": {"type": "LineString", "coordinates": [[80.9379607, 26.9166737], [80.9379678, 26.9169124]]}}, {"type": "Feature", "properties": {"highway": "secondary", "name": "Ring Road"}, "geometry": {"type": "LineString", "coordinates": [[80.9244037, 26.8009421], [80.9253376, 26.8005263], [80.9270461, 26.7997758], [80.927593, 26.7995355], [80.9286368, 26.799061], [80.9294518, 26.7985732], [80.9301191, 26.798126], [80.9306793, 26.7976513], [80.9311912, 26.7971506], [80.9315263, 26.7967356], [80.9318647, 26.7963038], [80.9319268, 26.7962212]]}}, {"type": "Feature", "properties": {"highway": "primary", "name": null}, "geometry": {"type": "LineString", "coordinates": [[80.9496583, 26.87086], [80.9494969, 26.8707957], [80.9486828, 26.8707902], [80.9486103, 26.8707933], [80.9476744, 26.8708337], [80.9469932, 26.8708671], [80.9457998, 26.8709255], [80.9437957, 26.8709594], [80.9426133, 26.8710409]]}}, {"type": "Feature", "properties": {"highway": "primary", "name": "Faizabad Road"}, "geometry": {"type": "LineString", "coordinates": [[80.9496583, 26.87086], [80.9499954, 26.8708426], [80.9500894, 26.8708395]]}}, {"type": "Feature", "properties": {"highway": "trunk", "name": "Faizabad Road"}, "geometry": {"type": "LineString", "coordinates": [[81.0558021, 26.8883129], [81.0561735, 26.8884621], [81.057146, 26.8888407], [81.0576797, 26.8890485]]}}, {"type": "Feature", "properties": {"highway": "secondary", "name": "Lohia Path Flyover"}, "geometry": {"type": "LineString", "coordinates": [[80.9959658, 26.8652795], [80.9959189, 26.8650821]]}}, {"type": "Feature", "properties": {"highway": "secondary", "name": null}, "geometry": {"type": "LineString", "coordinates": [[80.9111392, 26.8728531], [80.9117755, 26.8726669], [80.9122126, 26.8725043], [80.9124604, 26.8723971], [80.9127983, 26.8722986], [80.9132195, 26.8722523], [80.9134702, 26.872244], [80.9137528, 26.8722706], [80.9138014, 26.8722766], [80.9142459, 26.8723312], [80.9146422, 26.8723523], [80.9148758, 26.8722997], [80.9151354, 26.8721997], [80.9153143, 26.8720824], [80.9155589, 26.8718419], [80.9156472, 26.8717419], [80.915825, 26.8716142]]}}, {"type": "Feature", "properties": {"highway": "secondary", "name": "Kursi Road"}, "geometry": {"type": "LineString", "coordinates": [[80.9575309, 26.9097311], [80.9572542, 26.9093816], [80.9570206, 26.9091058], [80.9569425, 26.9089345]]}}, {"type": "Feature", "properties": {"highway": "secondary", "name": "Kursi Road"}, "geometry": {"type": "LineString", "coordinates": [[80.9568234, 26.9089904], [80.9569389, 26.9091545], [80.9574295, 26.9097889], [80.9576575, 26.9100837], [80.9577747, 26.9102366], [80.9585825, 26.9112908]]}}, {"type": "Feature", "properties": {"highway": "secondary", "name": "Daliganj Railway Crossing Flyover"}, "geometry": {"type": "LineString", "coordinates": [[80.9320251, 26.882881], [80.9317537, 26.8819885]]}}, {"type": "Feature", "properties": {"highway": "primary", "name": "Sitapur Road"}, "geometry": {"type": "LineString", "coordinates": [[80.9167153, 26.8748233], [80.9167659, 26.8750086], [80.9170043, 26.8758569], [80.9171143, 26.8762369], [80.9171352, 26.8762819], [80.9172739, 26.8765805], [80.9173622, 26.8767084], [80.9175436, 26.8769708], [80.9176503, 26.8770874], [80.9177396, 26.8771849], [80.9177885, 26.8772383], [80.9182343, 26.8775918], [80.91868, 26.8778274], [80.9187034, 26.8778357], [80.9190873, 26.8779722], [80.9192779, 26.8780125], [80.9194891, 26.8780532], [80.9195714, 26.8780598], [80.9198356, 26.878081], [80.9199183, 26.8780876], [80.9202541, 26.878063], [80.9203843, 26.8780386], [80.9206723, 26.8779845], [80.9211455, 26.8778887], [80.9214504, 26.8778269], [80.9227397, 26.8775658], [80.9232782, 26.8774568], [80.9235837, 26.8774396], [80.9239497, 26.8774617], [80.9240436, 26.877474], [80.9241102, 26.8774828], [80.9243982, 26.8775206], [80.9246176, 26.877589], [80.9247367, 26.8776261], [80.9256475, 26.8780189], [80.925784, 26.8780806], [80.9264447, 26.8783794], [80.9270558, 26.8786557], [80.9275225, 26.8788667], [80.928554, 26.8793331], [80.9287603, 26.8794298], [80.9295884, 26.8798181], [80.9301788, 26.880095], [80.9307322, 26.8803281], [80.9308953, 26.8804448], [80.9310211, 26.8805431], [80.9311849, 26.8807288], [80.9312011, 26.8807492], [80.9312746, 26.8808359], [80.931366, 26.8809669], [80.9314584, 26.8812084], [80.9314803, 26.8812814], [80.9315768, 26.881584], [80.9317544, 26.8822176], [80.9317782, 26.8823026], [80.9317997, 26.8823732], [80.9318255, 26.8824577]]}}, {"type": "Feature", "properties": {"highway": "trunk", "name": "Flyover"}, "geometry": {"type": "LineString", "coordinates": [[80.8904963, 26.8055164], [80.8896099, 26.8066058]]}}, {"type": "Feature", "properties": {"highway": "trunk", "name": "Flyover"}, "geometry": {"type": "LineString", "coordinates": [[80.8897117, 26.8066939], [80.8905954, 26.8055585]]}}, {"type": "Feature", "properties": {"highway": "trunk", "name": "Flyover"}, "geometry": {"type": "LineString", "coordinates": [[80.8867701, 26.8103035], [80.8858871, 26.8114115]]}}, {"type": "Feature", "properties": {"highway": "trunk", "name": "Flyover"}, "geometry": {"type": "LineString", "coordinates": [[80.886024, 26.8114856], [80.8867801, 26.8105226], [80.8868793, 26.810393]]}}, {"type": "Feature", "properties": {"highway": "trunk", "name": "Ring Road"}, "geometry": {"type": "LineString", "coordinates": [[81.0000223, 26.8732529], [81.0005484, 26.873268], [81.0024222, 26.8733216]]}}, {"type": "Feature", "properties": {"highway": "trunk", "name": "Faizabad Road"}, "geometry": {"type": "LineString", "coordinates": [[81.0024199, 26.8732244], [81.0017891, 26.8731936], [81.001221, 26.8731835], [81.0000726, 26.8731444]]}}, {"type": "Feature", "properties": {"highway": "primary", "name": null}, "geometry": {"type": "LineString", "coordinates": [[80.9471419, 26.8424848], [80.94721, 26.8422677], [80.9473835, 26.8416745], [80.9475001, 26.8414099], [80.9476484, 26.8412143], [80.9477734, 26.8410991], [80.9480038, 26.8408661], [80.9485978, 26.8403725], [80.9488925, 26.8401129]]}}, {"type": "Feature", "properties": {"highway": "primary", "name": "Kanpur-Lucknow Road"}, "geometry": {"type": "LineString", "coordinates": [[80.9078687, 26.819005], [80.907651, 26.8187757]]}}, {"type": "Feature", "properties": {"highway": "primary", "name": "Hardoi Road"}, "geometry": {"type": "LineString", "coordinates": [[80.8717791, 26.8730845], [80.8714477, 26.8731204], [80.8712624, 26.8731405], [80.8710265, 26.873184], [80.8707231, 26.8732399], [80.8699926, 26.8733746], [80.8694928, 26.8734727], [80.8693404, 26.8735026], [80.8673108, 26.8739206], [80.8661189, 26.8741666], [80.8652645, 26.8743429], [80.8649837, 26.8744009], [80.8645813, 26.8744839]]}}, {"type": "Feature", "properties": {"highway": "trunk", "name": "Faizabad Road Flyover"}, "geometry": {"type": "LineString", "coordinates": [[81.0208524, 26.8741205], [81.0206502, 26.8740978]]}}, {"type": "Feature", "properties": {"highway": "secondary", "name": "Kursi Road"}, "geometry": {"type": "LineString", "coordinates": [[80.9551349, 26.8977776], [80.955182, 26.8977102], [80.9551963, 26.8969158], [80.9551923, 26.8968369], [80.9551704, 26.8964002], [80.9551375, 26.8957473], [80.9551285, 26.8955725], [80.9550798, 26.894667], [80.9550103, 26.8931433], [80.9550076, 26.8930833], [80.9549844, 26.8926087], [80.9549473, 26.8922921], [80.9549364, 26.8921989], [80.9548745, 26.8918761], [80.9547957, 26.8915367], [80.9547634, 26.8914534], [80.954692, 26.8912691], [80.9544569, 26.8907572], [80.954354, 26.8906353]]}}, {"type": "Feature", "properties": {"highway": "secondary", "name": "Kursi Road"}, "geometry": {"type": "LineString", "coordinates": [[80.9568233, 26.9087617], [80.9565887, 26.9081797], [80.9564161, 26.9077637], [80.9563336, 26.9077394]]}}, {"type": "Feature", "properties": {"highway": "secondary", "name": "Kursi Road"}, "geometry": {"type": "LineString", "coordinates": [[80.9563336, 26.9077394], [80.9563411, 26.9078204], [80.95651, 26.90821], [80.9567014, 26.9086928], [80.956735, 26.9088009]]}}, {"type": "Feature", "properties": {"highway": "secondary", "name": "Kursi Road"}, "geometry": {"type": "LineString", "coordinates": [[80.954354, 26.8906353], [80.9543846, 26.8907933], [80.954563, 26.8911936], [80.9546012, 26.8912792], [80.954712, 26.8915825], [80.9547237, 26.8916147], [80.9548068, 26.8919601], [80.9548628, 26.8923018], [80.9548899, 26.8924674], [80.9548952, 26.8925597], [80.9549078, 26.892777], [80.9549334, 26.8932222], [80.9549665, 26.893796], [80.9549786, 26.8946831], [80.9550278, 26.8953939], [80.9550455, 26.8957525], [80.9550757, 26.8968375], [80.9550882, 26.8973364], [80.9551107, 26.8977278], [80.9551349, 26.8977776]]}}, {"type": "Feature", "properties": {"highway": "primary", "name": "Sitapur Road"}, "geometry": {"type": "LineString", "coordinates": [[80.9167903, 26.8747823], [80.9167718, 26.874729], [80.9167238, 26.8745908], [80.9166048, 26.8741905], [80.9165653, 26.8740542], [80.916514, 26.8740187], [80.9165008, 26.8740712], [80.9165726, 26.8743054], [80.9166844, 26.8746754], [80.9166969, 26.8747249], [80.9167153, 26.8748233]]}}, {"type": "Feature", "properties": {"highway": "trunk", "name": null}, "geometry": {"type": "LineString", "coordinates": [[80.8732325, 26.8242056], [80.8727947, 26.8243761]]}}, {"type": "Feature", "properties": {"highway": "secondary", "name": null}, "geometry": {"type": "LineString", "coordinates": [[80.9004456, 26.848117], [80.9005962, 26.8480715], [80.9012347, 26.8477341], [80.9015188, 26.8475881], [80.9018663, 26.8473829], [80.9021226, 26.8471957], [80.9027285, 26.8466302], [80.9028635, 26.8465482], [80.9029672, 26.8464668], [80.9041277, 26.8460622], [80.9043168, 26.8459933], [80.9045386, 26.8459126], [80.9048069, 26.8458728], [80.9050671, 26.8458547], [80.9056095, 26.845739], [80.9061216, 26.8455445], [80.9061389, 26.8455333], [80.9062776, 26.8454439]]}}, {"type": "Feature", "properties": {"highway": "secondary", "name": "Napier Road"}, "geometry": {"type": "LineString", "coordinates": [[80.9094441, 26.8438144], [80.909224, 26.8440009], [80.9091172, 26.8440913], [80.9089919, 26.8441975], [80.9083649, 26.84459], [80.9082978, 26.844632], [80.9082295, 26.8446747], [80.9074184, 26.8450565], [80.906586, 26.8453741], [80.9062776, 26.8454439]]}}, {"type": "Feature", "properties": {"highway": "secondary", "name": "Napier Road"}, "geometry": {"type": "LineString", "coordinates": [[80.9004456, 26.848117], [80.900074, 26.8482737], [80.8997513, 26.8484468], [80.8993778, 26.848652]]}}, {"type": "Feature", "properties": {"highway": "secondary", "name": "Lohia Path"}, "geometry": {"type": "LineString", "coordinates": [[80.9717491, 26.8561444], [80.9727801, 26.8563843], [80.9732477, 26.856512], [80.9733511, 26.8565403]]}}, {"type": "Feature", "properties": {"highway": "primary", "name": "NH-28"}, "geometry": {"type": "LineString", "coordinates": [[80.8250043, 26.8343532], [80.8250907, 26.8343358], [80.825123, 26.8343293], [80.8278627, 26.8337768], [80.8293287, 26.8334799], [80.8299912, 26.8333435], [80.830878, 26.8331713], [80.8316976, 26.8329956], [80.834035, 26.8325209], [80.8357473, 26.8321668], [80.837456, 26.8318193]]}}, {"type": "Feature", "properties": {"highway": "primary", "name": "Sultanpur Road"}, "geometry": {"type": "LineString", "coordinates": [[80.9824028, 26.8097332], [80.9844091, 26.8089921], [80.9845885, 26.8089356], [80.9848714, 26.8088464], [80.9855313, 26.8087277]]}}, {"type": "Feature", "properties": {"highway": "primary", "name": "Sultanpur Road"}, "geometry": {"type": "LineString", "coordinates": [[80.9855313, 26.8087277], [80.9856208, 26.8087117]]}}, {"type": "Feature", "properties": {"highway": "trunk", "name": "Outer Ring Road"}, "geometry": {"type": "LineString", "coordinates": [[81.069674, 26.9244977], [81.0694351, 26.9256588], [81.0692217, 26.9267631], [81.0689978, 26.9279352], [81.0688676, 26.9291157], [81.0688051, 26.9302964], [81.0686968, 26.9322109], [81.0686198, 26.9333334], [81.0685693, 26.9341126], [81.0685471, 26.9343261], [81.0685122, 26.9346625]]}}, {"type": "Feature", "properties": {"highway": "trunk", "name": "Ring Road"}, "geometry": {"type": "LineString", "coordinates": [[80.9610694, 26.9047565], [80.9595892, 26.9064246], [80.9589628, 26.9071247], [80.9586218, 26.9075081], [80.9583114, 26.9078004], [80.9577823, 26.908245], [80.9574709, 26.9084712], [80.9571257, 26.9086854]]}}, {"type": "Feature", "properties": {"highway": "trunk", "name": "Ring Road"}, "geometry": {"type": "LineString", "coordinates": [[80.9571862, 26.9087635], [80.95745, 26.9086006], [80.9576969, 26.9084318], [80.9578947, 26.9083], [80.9581549, 26.9080879], [80.9583981, 26.9078608], [80.958626, 26.9076447], [80.9587661, 26.9074998], [80.9591054, 26.9071245], [80.9601772, 26.9058876], [80.9612295, 26.904739]]}}, {"type": "Feature", "properties": {"highway": "trunk", "name": "Ring Road"}, "geometry": {"type": "LineString", "coordinates": [[80.9611302, 26.9046879], [80.9610694, 26.9047565]]}}, {"type": "Feature", "properties": {"highway": "trunk", "name": "Ring Road"}, "geometry": {"type": "LineString", "coordinates": [[80.9612295, 26.904739], [80.9613252, 26.9046346]]}}, {"type": "Feature", "properties": {"highway": "trunk", "name": "Ring Road"}, "geometry": {"type": "LineString", "coordinates": [[80.9450907, 26.9115481], [80.9459668, 26.9113858]]}}, {"type": "Feature", "properties": {"highway": "trunk", "name": "Ring Road"}, "geometry": {"type": "LineString", "coordinates": [[80.9459474, 26.9112868], [80.9458674, 26.9113026], [80.9450842, 26.9114453], [80.9447918, 26.9115221], [80.9446227, 26.9115727]]}}, {"type": "Feature", "properties": {"highway": "trunk", "name": "Ring Road"}, "geometry": {"type": "LineString", "coordinates": [[80.9459668, 26.9113858], [80.9460657, 26.9113684], [80.9463137, 26.9113146], [80.9476023, 26.9110623], [80.9491778, 26.9107205], [80.949841, 26.9105627], [80.9499938, 26.9105263], [80.9500909, 26.9105046]]}}, {"type": "Feature", "properties": {"highway": "trunk", "name": "Ring Road"}, "geometry": {"type": "LineString", "coordinates": [[80.950065, 26.910398], [80.9499667, 26.9104208], [80.949233, 26.9105999], [80.9489433, 26.9106734], [80.9475828, 26.9109629], [80.9459474, 26.9112868]]}}, {"type": "Feature", "properties": {"highway": "motorway", "name": "Lucknow Outer Ring Road"}, "geometry": {"type": "LineString", "coordinates": [[81.0495281, 26.7815618], [81.0487933, 26.7808403], [81.048401, 26.7805373], [81.047972, 26.780292], [81.047602, 26.7801087]]}}, {"type": "Feature", "properties": {"highway": "motorway", "name": "Lucknow Outer Ring Road"}, "geometry": {"type": "LineString", "coordinates": [[81.0560108, 26.7887446], [81.0557477, 26.7884798], [81.0554331, 26.7881259], [81.0548858, 26.7875073], [81.054139, 26.7866248], [81.0539688, 26.7864414], [81.0522885, 26.7845197], [81.0510433, 26.7832248], [81.0499151, 26.7820003], [81.0495281, 26.7815618]]}}, {"type": "Feature", "properties": {"highway": "motorway", "name": "Lucknow Outer Ring Road"}, "geometry": {"type": "LineString", "coordinates": [[81.0475267, 26.7802492], [81.0480449, 26.780536], [81.0485147, 26.7808513], [81.048744, 26.7810353], [81.049378, 26.7816459]]}}, {"type": "Feature", "properties": {"highway": "motorway", "name": "Lucknow Outer Ring Road"}, "geometry": {"type": "LineString", "coordinates": [[81.049378, 26.7816459], [81.0498107, 26.7821373], [81.050458, 26.7828115], [81.0507284, 26.7830931], [81.0522355, 26.7846663], [81.0554995, 26.7883403], [81.0558085, 26.7886979], [81.0559491, 26.7889106], [81.0561116, 26.789216], [81.0561838, 26.7893664], [81.0563252, 26.7897031], [81.0564519, 26.7900637]]}}, {"type": "Feature", "properties": {"highway": "trunk", "name": null}, "geometry": {"type": "LineString", "coordinates": [[80.8650917, 26.8886862], [80.8650555, 26.8886317]]}}, {"type": "Feature", "properties": {"highway": "primary", "name": null}, "geometry": {"type": "LineString", "coordinates": [[80.884341, 26.7716112], [80.8872163, 26.7701686], [80.8872842, 26.7701276], [80.8873569, 26.7700939], [80.8874336, 26.770068], [80.8875112, 26.7700506], [80.8875905, 26.7700411], [80.8876704, 26.7700397], [80.8892079, 26.7700395], [80.8904833, 26.7700393]]}}, {"type": "Feature", "properties": {"highway": "primary", "name": null}, "geometry": {"type": "LineString", "coordinates": [[80.8906136, 26.7699369], [80.8905144, 26.7699001], [80.8891987, 26.7699003], [80.8876689, 26.7699005], [80.8875786, 26.7699021], [80.8874817, 26.7699136], [80.8873868, 26.769935], [80.8872932, 26.7699666], [80.8871856, 26.7700077], [80.8845073, 26.7712822], [80.8843625, 26.7713324], [80.8842656, 26.7713621], [80.8841107, 26.7714206]]}}, {"type": "Feature", "properties": {"highway": "primary", "name": null}, "geometry": {"type": "LineString", "coordinates": [[80.8984049, 26.7722651], [80.8982352, 26.7724001]]}}, {"type": "Feature", "properties": {"highway": "primary", "name": null}, "geometry": {"type": "LineString", "coordinates": [[80.8982352, 26.7724001], [80.8952522, 26.7736649], [80.895106, 26.7736949], [80.8950245, 26.7737056], [80.894932, 26.7737103], [80.8948394, 26.7737078], [80.8947475, 26.7736979], [80.8946567, 26.7736808], [80.894568, 26.7736566], [80.8944839, 26.7736262], [80.8935989, 26.7731785], [80.8934767, 26.7731337], [80.8933646, 26.7730867], [80.8932553, 26.7730349], [80.893149, 26.7729784], [80.8930487, 26.7729189], [80.892978, 26.7728654], [80.8929082, 26.7728068], [80.8928417, 26.7727452], [80.8927793, 26.772681], [80.8927205, 26.7726141], [80.8926674, 26.7725469], [80.892391, 26.7720937], [80.8920764, 26.7715827], [80.8914546, 26.7708538], [80.8909402, 26.7702646]]}}, {"type": "Feature", "properties": {"highway": "primary", "name": null}, "geometry": {"type": "LineString", "coordinates": [[80.8982442, 26.772452], [80.8984799, 26.7724164]]}}, {"type": "Feature", "properties": {"highway": "primary", "name": "Flyover"}, "geometry": {"type": "LineString", "coordinates": [[80.8908544, 26.7703106], [80.8913791, 26.7709062], [80.891996, 26.7716294], [80.8923072, 26.7721347], [80.8925861, 26.7725921], [80.8926438, 26.772665], [80.8927055, 26.7727354], [80.8927712, 26.7728028], [80.892841, 26.7728675], [80.8929143, 26.7729291], [80.8929911, 26.7729872], [80.8930981, 26.7730506], [80.8932084, 26.7731093], [80.8933219, 26.7731631], [80.8934382, 26.7732118], [80.8935571, 26.7732554], [80.8944422, 26.7737032], [80.894536, 26.7737371], [80.8946328, 26.7737635], [80.8947319, 26.7737822], [80.8948322, 26.773793], [80.8949333, 26.7737957], [80.8950342, 26.7737905], [80.8951342, 26.7737774], [80.8982442, 26.772452]]}}, {"type": "Feature", "properties": {"highway": "primary", "name": "Mahatma Gandhi Marg"}, "geometry": {"type": "LineString", "coordinates": [[80.9461669, 26.8464046], [80.9461804, 26.8466261]]}}, {"type": "Feature", "properties": {"highway": "primary", "name": "Ashok Marg"}, "geometry": {"type": "LineString", "coordinates": [[80.9514955, 26.8554593], [80.9518403, 26.8558038], [80.9525591, 26.8567454], [80.9526409, 26.8568747], [80.9527119, 26.8570018], [80.9528394, 26.85723], [80.9534055, 26.8584311], [80.9534728, 26.8585682], [80.9537584, 26.859094], [80.9541293, 26.8597686], [80.9542637, 26.8600201], [80.9544112, 26.860196], [80.9546083, 26.8603672], [80.9546983, 26.8604411], [80.9549912, 26.8606424], [80.9553012, 26.8608359], [80.9554702, 26.8609586], [80.9555229, 26.8610362], [80.9555443, 26.8611489], [80.9555404, 26.8612877]]}}, {"type": "Feature", "properties": {"highway": "primary", "name": "Ashok Marg"}, "geometry": {"type": "LineString", "coordinates": [[80.9557659, 26.861286], [80.9557616, 26.8611609], [80.9557173, 26.8610449], [80.9556776, 26.8609805], [80.9555818, 26.8608977], [80.9550116, 26.8605567], [80.9547592, 26.860388], [80.9546767, 26.8603158], [80.9544594, 26.8601112], [80.954319, 26.8599346], [80.9540081, 26.8593713], [80.9536684, 26.8587374], [80.9535616, 26.8585478], [80.952878, 26.8571023], [80.9527289, 26.8568389], [80.9526817, 26.8567554], [80.9519198, 26.8557238], [80.9515994, 26.855409]]}}, {"type": "Feature", "properties": {"highway": "primary", "name": "Sikander Bagh Chauraha"}, "geometry": {"type": "LineString", "coordinates": [[80.9514955, 26.8554593], [80.9515274, 26.85546], [80.9515576, 26.8554509], [80.9515826, 26.8554332], [80.9515994, 26.855409]]}}, {"type": "Feature", "properties": {"highway": "primary", "name": "Gol Market Flyover"}, "geometry": {"type": "LineString", "coordinates": [[80.9564471, 26.8676655], [80.9564075, 26.8674612]]}}, {"type": "Feature", "properties": {"highway": "secondary", "name": "Lohia Path"}, "geometry": {"type": "LineString", "coordinates": [[80.9507776, 26.8392716], [80.9508057, 26.8390419], [80.9507993, 26.8388079]]}}, {"type": "Feature", "properties": {"highway": "secondary", "name": null}, "geometry": {"type": "LineString", "coordinates": [[80.9506577, 26.8388484], [80.9506754, 26.8389102], [80.9507004, 26.8389919], [80.9507085, 26.8390185], [80.9507416, 26.8391416], [80.9507776, 26.8392716]]}}, {"type": "Feature", "properties": {"highway": "primary", "name": null}, "geometry": {"type": "LineString", "coordinates": [[80.9490312, 26.8399935], [80.9493067, 26.8397763], [80.9495356, 26.8396002], [80.9499693, 26.8392418], [80.9503712, 26.8389097], [80.9504565, 26.8388786], [80.9506393, 26.8388419]]}}, {"type": "Feature", "properties": {"highway": "primary", "name": null}, "geometry": {"type": "LineString", "coordinates": [[80.9488925, 26.8401129], [80.9490312, 26.8399935]]}}, {"type": "Feature", "properties": {"highway": "motorway", "name": "Lucknow Outer Ring Road"}, "geometry": {"type": "LineString", "coordinates": [[81.047602, 26.7801087], [81.0470147, 26.7798855], [81.0454158, 26.7794766], [81.0447006, 26.7792718], [81.044508, 26.7791936], [81.0443431, 26.7791125], [81.0440614, 26.7789475], [81.0439365, 26.7788743], [81.0437113, 26.7787193], [81.0435299, 26.7785883], [81.0433365, 26.7783935], [81.0429096, 26.7778302], [81.0427219, 26.7774954], [81.0420661, 26.7759674], [81.0419431, 26.7756674]]}}, {"type": "Feature", "properties": {"highway": "motorway", "name": "Lucknow Outer Ring Road"}, "geometry": {"type": "LineString", "coordinates": [[81.0412155, 26.7758115], [81.0417136, 26.7769339], [81.0419675, 26.7773933], [81.0423089, 26.7779159], [81.0427437, 26.7784165], [81.0428911, 26.7785583], [81.0432817, 26.7788354], [81.0440599, 26.7792441], [81.0442781, 26.7793397], [81.0444767, 26.7794135], [81.0446971, 26.7794779], [81.044989, 26.7795479], [81.0453416, 26.7796221], [81.0466874, 26.7799495], [81.0468685, 26.7799984], [81.0470739, 26.780074], [81.0475267, 26.7802492]]}}, {"type": "Feature", "properties": {"highway": "motorway", "name": "Lucknow Outer Ring Road"}, "geometry": {"type": "LineString", "coordinates": [[81.0404396, 26.7740176], [81.0410003, 26.7753141], [81.0412155, 26.7758115]]}}, {"type": "Feature", "properties": {"highway": "motorway", "name": "Lucknow Outer Ring Road"}, "geometry": {"type": "LineString", "coordinates": [[81.0419431, 26.7756674], [81.0418201, 26.7753674], [81.0413946, 26.7742028], [81.0412562, 26.773849]]}}, {"type": "Feature", "properties": {"highway": "motorway", "name": "Lucknow Outer Ring Road"}, "geometry": {"type": "LineString", "coordinates": [[81.0374662, 26.7699383], [81.0390328, 26.7717043], [81.0392832, 26.7719994], [81.0394989, 26.7722958], [81.0397131, 26.7726178], [81.0398959, 26.7729034], [81.0400591, 26.7732038], [81.0404396, 26.7740176]]}}, {"type": "Feature", "properties": {"highway": "motorway", "name": "Lucknow Outer Ring Road"}, "geometry": {"type": "LineString", "coordinates": [[81.0370054, 26.7694305], [81.0374662, 26.7699383]]}}, {"type": "Feature", "properties": {"highway": "motorway", "name": "Lucknow Outer Ring Road"}, "geometry": {"type": "LineString", "coordinates": [[81.0412562, 26.773849], [81.0410538, 26.7733473], [81.0406223, 26.7725082], [81.0401777, 26.7718012], [81.039766, 26.7712476], [81.0392639, 26.7706922], [81.0385997, 26.770056]]}}, {"type": "Feature", "properties": {"highway": "motorway", "name": "Lucknow Outer Ring Road"}, "geometry": {"type": "LineString", "coordinates": [[81.0385997, 26.770056], [81.0380044, 26.7694931]]}}, {"type": "Feature", "properties": {"highway": "motorway", "name": "Lucknow Outer Ring Road"}, "geometry": {"type": "LineString", "coordinates": [[81.0307561, 26.762785], [81.0311346, 26.7632316], [81.0314623, 26.7636124], [81.0318904, 26.7640743], [81.0326897, 26.7648706], [81.0330861, 26.7652656], [81.033701, 26.7659071], [81.034177, 26.7664158], [81.0345767, 26.7668672], [81.0354086, 26.7677788], [81.0370054, 26.7694305]]}}, {"type": "Feature", "properties": {"highway": "trunk", "name": "Lucknow Outer Ring Road"}, "geometry": {"type": "LineString", "coordinates": [[81.030527, 26.7624936], [81.0307561, 26.762785]]}}, {"type": "Feature", "properties": {"highway": "motorway", "name": "Lucknow Outer Ring Road"}, "geometry": {"type": "LineString", "coordinates": [[81.0380044, 26.7694931], [81.0370777, 26.7686024], [81.0367224, 26.7682671], [81.0348312, 26.766588], [81.0332769, 26.7650814], [81.0328965, 26.764703], [81.0318295, 26.7636415], [81.0311389, 26.7628294], [81.0309727, 26.7626222]]}}, {"type": "Feature", "properties": {"highway": "trunk", "name": "Lucknow Outer Ring Road"}, "geometry": {"type": "LineString", "coordinates": [[81.0309727, 26.7626222], [81.0307112, 26.7622903]]}}, {"type": "Feature", "properties": {"highway": "motorway", "name": "Lucknow Outer Ring Road"}, "geometry": {"type": "LineString", "coordinates": [[81.0278982, 26.7588929], [81.030527, 26.7624936]]}}, {"type": "Feature", "properties": {"highway": "motorway", "name": "Lucknow Outer Ring Road"}, "geometry": {"type": "LineString", "coordinates": [[81.0307112, 26.7622903], [81.0305206, 26.7620397], [81.0297373, 26.7608019], [81.028481, 26.758738]]}}, {"type": "Feature", "properties": {"highway": "motorway", "name": "Lucknow Outer Ring Road"}, "geometry": {"type": "LineString", "coordinates": [[81.02429, 26.7541182], [81.0246337, 26.75444], [81.0250221, 26.7548636], [81.0251562, 26.7550183], [81.0252778, 26.7551703], [81.0257503, 26.7558079], [81.0262338, 26.7564868], [81.0266271, 26.7570396], [81.0268059, 26.7572909], [81.0273809, 26.75811], [81.0278982, 26.7588929]]}}, {"type": "Feature", "properties": {"highway": "motorway", "name": "Lucknow Outer Ring Road"}, "geometry": {"type": "LineString", "coordinates": [[81.028481, 26.758738], [81.0272658, 26.7567438], [81.0271202, 26.7565057], [81.0268475, 26.7560961], [81.0262883, 26.7553118], [81.0260572, 26.7550361], [81.0259203, 26.7548796], [81.0256178, 26.7545575], [81.0250331, 26.7539622], [81.0247358, 26.7536814]]}}, {"type": "Feature", "properties": {"highway": "motorway", "name": "Lucknow Outer Ring Road"}, "geometry": {"type": "LineString", "coordinates": [[81.0247358, 26.7536814], [81.0244963, 26.7534553], [81.0243607, 26.7533363], [81.0241129, 26.7531273]]}}, {"type": "Feature", "properties": {"highway": "motorway", "name": "Lucknow Outer Ring Road"}, "geometry": {"type": "LineString", "coordinates": [[81.0235444, 26.7535077], [81.0238509, 26.7537371], [81.02429, 26.7541182]]}}, {"type": "Feature", "properties": {"highway": "motorway", "name": "Lucknow Outer Ring Road"}, "geometry": {"type": "LineString", "coordinates": [[81.0208894, 26.7517795], [81.0224766, 26.7527886], [81.0226548, 26.7529086], [81.0235444, 26.7535077]]}}, {"type": "Feature", "properties": {"highway": "motorway", "name": "Lucknow Outer Ring Road"}, "geometry": {"type": "LineString", "coordinates": [[81.0241129, 26.7531273], [81.0239173, 26.7529737], [81.023687, 26.7527966], [81.02343, 26.7526239], [81.0231649, 26.7524459], [81.0221416, 26.7518064], [81.0216588, 26.7515018], [81.021112, 26.751144]]}}, {"type": "Feature", "properties": {"highway": "motorway", "name": "Lucknow Outer Ring Road"}, "geometry": {"type": "LineString", "coordinates": [[81.0052935, 26.7411808], [81.0057266, 26.7415379], [81.0072326, 26.7428285], [81.0080883, 26.7435097], [81.0091593, 26.7442626], [81.0096096, 26.7445792], [81.0109691, 26.7454319], [81.012442, 26.7463695], [81.013219, 26.7468641], [81.0134751, 26.747014], [81.0186359, 26.7502103], [81.018832, 26.7503468], [81.0208894, 26.7517795]]}}, {"type": "Feature", "properties": {"highway": "motorway", "name": "Lucknow Outer Ring Road"}, "geometry": {"type": "LineString", "coordinates": [[81.021112, 26.751144], [81.0209289, 26.7510207], [81.019282, 26.7499019], [81.0165534, 26.7480482], [81.014718, 26.7466837], [81.0131484, 26.745448], [81.0118709, 26.7445666], [81.0112552, 26.7441926], [81.0100279, 26.7434243], [81.0092186, 26.7429219], [81.0080988, 26.7421793], [81.0057757, 26.7405824]]}}, {"type": "Feature", "properties": {"highway": "motorway", "name": "Lucknow Outer Ring Road"}, "geometry": {"type": "LineString", "coordinates": [[81.0049121, 26.7408711], [81.0052935, 26.7411808]]}}, {"type": "Feature", "properties": {"highway": "motorway", "name": "Lucknow Outer Ring Road"}, "geometry": {"type": "LineString", "coordinates": [[81.0057757, 26.7405824], [81.0054126, 26.7403351]]}}, {"type": "Feature", "properties": {"highway": "secondary", "name": "Kursi Road"}, "geometry": {"type": "LineString", "coordinates": [[80.9510834, 26.885051], [80.9509026, 26.8849926]]}}, {"type": "Feature", "properties": {"highway": "secondary", "name": null}, "geometry": {"type": "LineString", "coordinates": [[80.9509026, 26.8849926], [80.9510495, 26.8851218]]}}, {"type": "Feature", "properties": {"highway": "secondary", "name": null}, "geometry": {"type": "LineString", "coordinates": [[80.9511232, 26.8851847], [80.951307, 26.88534]]}}, {"type": "Feature", "properties": {"highway": "secondary", "name": "Kursi Road"}, "geometry": {"type": "LineString", "coordinates": [[80.951307, 26.88534], [80.9512095, 26.8851362]]}}, {"type": "Feature", "properties": {"highway": "trunk", "name": "Faizabad Road"}, "geometry": {"type": "LineString", "coordinates": [[81.0206502, 26.8740978], [81.0205541, 26.8740908]]}}, {"type": "Feature", "properties": {"highway": "motorway", "name": "Lucknow Outer Ring Road"}, "geometry": {"type": "LineString", "coordinates": [[81.0054126, 26.7403351], [81.0039935, 26.7393786], [81.003006, 26.7386408], [81.0019653, 26.7378532], [81.0017242, 26.7376804]]}}, {"type": "Feature", "properties": {"highway": "motorway", "name": "Lucknow Outer Ring Road"}, "geometry": {"type": "LineString", "coordinates": [[81.0014911, 26.7385871], [81.0020402, 26.7389032], [81.0034398, 26.7397088], [81.0041121, 26.7401763], [81.0044174, 26.7404308], [81.0049121, 26.7408711]]}}, {"type": "Feature", "properties": {"highway": "primary", "name": null}, "geometry": {"type": "LineString", "coordinates": [[80.8522524, 26.8406441], [80.8523288, 26.8406625], [80.8527395, 26.8407615], [80.8528803, 26.8407937], [80.8535764, 26.8409514], [80.8548145, 26.8412172], [80.8550141, 26.8412686], [80.8555583, 26.8413836], [80.8563591, 26.8415822], [80.8567004, 26.8416668], [80.8567939, 26.84169], [80.8575588, 26.8418807], [80.858047, 26.8420025], [80.8583682, 26.8420826], [80.8583813, 26.8420862], [80.8586255, 26.8421533], [80.8595514, 26.8424075], [80.8598175, 26.8424724], [80.8601549, 26.8425388], [80.8603122, 26.8425645], [80.8605356, 26.8426011], [80.8616458, 26.842777], [80.8617589, 26.8427949], [80.8621485, 26.8428452], [80.8622458, 26.8428399]]}}, {"type": "Feature", "properties": {"highway": "primary", "name": "Mohan Road Flyover"}, "geometry": {"type": "LineString", "coordinates": [[80.8622821, 26.8428446], [80.8624174, 26.8428687]]}}, {"type": "Feature", "properties": {"highway": "trunk", "name": "Matiyari Flyover"}, "geometry": {"type": "LineString", "coordinates": [[81.0445843, 26.8832304], [81.0439383, 26.8829102]]}}, {"type": "Feature", "properties": {"highway": "trunk", "name": null}, "geometry": {"type": "LineString", "coordinates": [[80.8951475, 26.8024177], [80.8953867, 26.8023277], [80.8957799, 26.8021718]]}}, {"type": "Feature", "properties": {"highway": "trunk", "name": null}, "geometry": {"type": "LineString", "coordinates": [[80.8907077, 26.8054142], [80.8908553, 26.8052364], [80.8912265, 26.8048249], [80.8916887, 26.8044046], [80.8917611, 26.804345], [80.8920791, 26.8040832], [80.8922798, 26.8039273]]}}, {"type": "Feature", "properties": {"highway": "secondary", "name": "Flyover"}, "geometry": {"type": "LineString", "coordinates": [[80.911163, 26.868178], [80.9111546, 26.8684371]]}}, {"type": "Feature", "properties": {"highway": "secondary", "name": null}, "geometry": {"type": "LineString", "coordinates": [[80.8994826, 26.8489062], [80.8993218, 26.8486823], [80.8990133, 26.8482528], [80.8988435, 26.8480163]]}}, {"type": "Feature", "properties": {"highway": "secondary", "name": null}, "geometry": {"type": "LineString", "coordinates": [[80.892693, 26.8396961], [80.8926288, 26.8395849], [80.8925513, 26.839477], [80.8919413, 26.8386503], [80.8916001, 26.8381782], [80.8915417, 26.8381484]]}}, {"type": "Feature", "properties": {"highway": "secondary", "name": null}, "geometry": {"type": "LineString", "coordinates": [[80.8940009, 26.8413946], [80.8939576, 26.8413264]]}}, {"type": "Feature", "properties": {"highway": "secondary", "name": "Kursi Road"}, "geometry": {"type": "LineString", "coordinates": [[80.9787239, 26.9335828], [80.9785999, 26.9333755], [80.9785245, 26.933257]]}}, {"type": "Feature", "properties": {"highway": "secondary", "name": "Kursi Road"}, "geometry": {"type": "LineString", "coordinates": [[80.9785245, 26.933257], [80.9784532, 26.9331452]]}}, {"type": "Feature", "properties": {"highway": "secondary", "name": null}, "geometry": {"type": "LineString", "coordinates": [[80.8929199, 26.8400941], [80.8936034, 26.8409879], [80.8937311, 26.8410294]]}}, {"type": "Feature", "properties": {"highway": "secondary", "name": null}, "geometry": {"type": "LineString", "coordinates": [[80.8939576, 26.8413264], [80.8937311, 26.8410294]]}}, {"type": "Feature", "properties": {"highway": "secondary", "name": null}, "geometry": {"type": "LineString", "coordinates": [[80.8915417, 26.8381484], [80.8915571, 26.8382057], [80.891894, 26.8386759], [80.8922716, 26.8391848], [80.8925864, 26.8396147], [80.892693, 26.8396961]]}}, {"type": "Feature", "properties": {"highway": "secondary", "name": null}, "geometry": {"type": "LineString", "coordinates": [[80.8915417, 26.8381484], [80.891456, 26.8380259], [80.8914132, 26.8379808], [80.8913615, 26.8377969], [80.8912495, 26.8373984]]}}, {"type": "Feature", "properties": {"highway": "secondary", "name": null}, "geometry": {"type": "LineString", "coordinates": [[80.8937311, 26.8410294], [80.8937038, 26.8409295], [80.8934285, 26.8406054], [80.8930007, 26.8400619], [80.8929616, 26.8400123]]}}, {"type": "Feature", "properties": {"highway": "secondary", "name": null}, "geometry": {"type": "LineString", "coordinates": [[80.8951016, 26.8269346], [80.8949467, 26.8272912]]}}, {"type": "Feature", "properties": {"highway": "secondary", "name": null}, "geometry": {"type": "LineString", "coordinates": [[80.9359178, 26.8822746], [80.9357903, 26.8823335]]}}, {"type": "Feature", "properties": {"highway": "primary", "name": "Kanpur-Lucknow Road"}, "geometry": {"type": "LineString", "coordinates": [[80.9347235, 26.8393098], [80.9346553, 26.8391681], [80.9345791, 26.8390044], [80.9345591, 26.8389384], [80.9343518, 26.8382544], [80.9343002, 26.8380843]]}}, {"type": "Feature", "properties": {"highway": "primary", "name": "Kanpur-Lucknow Road"}, "geometry": {"type": "LineString", "coordinates": [[80.934203, 26.8381113], [80.9343929, 26.8387677], [80.9344747, 26.8390554], [80.9345387, 26.8392723], [80.9345627, 26.8393637]]}}, {"type": "Feature", "properties": {"highway": "secondary", "name": null}, "geometry": {"type": "LineString", "coordinates": [[80.932079, 26.8290941], [80.9321557, 26.8294279], [80.9321824, 26.8297114], [80.9321818, 26.829737]]}}, {"type": "Feature", "properties": {"highway": "secondary", "name": null}, "geometry": {"type": "LineString", "coordinates": [[80.9321818, 26.829737], [80.9321696, 26.8302276]]}}, {"type": "Feature", "properties": {"highway": "motorway", "name": "Lucknow Outer Ring Road"}, "geometry": {"type": "LineString", "coordinates": [[80.8343538, 26.7432016], [80.8346688, 26.7446206], [80.8350894, 26.7462188], [80.8351613, 26.7470289], [80.8351504, 26.7473022], [80.835096, 26.7476339], [80.8350356, 26.7480383], [80.8349543, 26.748346], [80.8348855, 26.7485971], [80.8348068, 26.7488517], [80.8343462, 26.7499507], [80.8333342, 26.7523402], [80.8327739, 26.7536207], [80.8322162, 26.7547742], [80.8320885, 26.7550232], [80.8312487, 26.7567634], [80.8309282, 26.7574295], [80.83062, 26.7580504], [80.8303821, 26.7584874], [80.8302755, 26.7586668], [80.8296542, 26.759679], [80.8293558, 26.760156], [80.828388, 26.7617205], [80.8273082, 26.7635254]]}}, {"type": "Feature", "properties": {"highway": "motorway", "name": "Lucknow Outer Ring Road"}, "geometry": {"type": "LineString", "coordinates": [[80.8343061, 26.7430015], [80.8343538, 26.7432016]]}}, {"type": "Feature", "properties": {"highway": "motorway", "name": "Lucknow Outer Ring Road"}, "geometry": {"type": "LineString", "coordinates": [[80.8274505, 26.7635881], [80.8284052, 26.7620828], [80.82883, 26.7613413], [80.829443, 26.7603021], [80.830044, 26.7593299], [80.8304786, 26.758627], [80.8310922, 26.7572309], [80.831901, 26.7557002], [80.833444, 26.7523703], [80.835166, 26.7482025], [80.8352402, 26.7476963], [80.8352552, 26.7475451], [80.8352656, 26.7474407], [80.8352867, 26.7471494], [80.8352143, 26.7460147], [80.8348893, 26.7445505], [80.8348328, 26.7443433], [80.8345014, 26.74315]]}}, {"type": "Feature", "properties": {"highway": "motorway", "name": "Lucknow Outer Ring Road"}, "geometry": {"type": "LineString", "coordinates": [[80.8345014, 26.74315], [80.8344576, 26.742959]]}}, {"type": "Feature", "properties": {"highway": "secondary", "name": null}, "geometry": {"type": "LineString", "coordinates": [[80.9257302, 26.8171348], [80.9245317, 26.8161843], [80.924351, 26.8160347], [80.9241279, 26.8159635], [80.9238852, 26.8159184], [80.9237859, 26.8159039], [80.9232453, 26.8158428], [80.9231036, 26.8158254], [80.9229931, 26.8157271]]}}, {"type": "Feature", "properties": {"highway": "secondary", "name": null}, "geometry": {"type": "LineString", "coordinates": [[80.9229569, 26.815948], [80.9231264, 26.815914], [80.9233593, 26.81593], [80.9235286, 26.8159518], [80.923952, 26.8160114], [80.9242419, 26.8160739], [80.924491, 26.8162454], [80.925297, 26.8169139], [80.9256797, 26.8171929], [80.9258051, 26.8172874]]}}, {"type": "Feature", "properties": {"highway": "secondary", "name": null}, "geometry": {"type": "LineString", "coordinates": [[80.9258051, 26.8172874], [80.9262366, 26.8176332], [80.9269107, 26.8181767]]}}, {"type": "Feature", "properties": {"highway": "secondary", "name": "Flyover"}, "geometry": {"type": "LineString", "coordinates": [[80.9328602, 26.8390087], [80.9329307, 26.839029]]}}, {"type": "Feature", "properties": {"highway": "secondary", "name": "Flyover"}, "geometry": {"type": "LineString", "coordinates": [[80.9185195, 26.8380668], [80.918627, 26.8380036]]}}, {"type": "Feature", "properties": {"highway": "secondary", "name": null}, "geometry": {"type": "LineString", "coordinates": [[80.9227016, 26.8370447], [80.9225054, 26.8370392], [80.9222168, 26.8370236], [80.9220019, 26.8370134], [80.9213424, 26.836982], [80.9210276, 26.8369898], [80.9208093, 26.8369869]]}}, {"type": "Feature", "properties": {"highway": "secondary", "name": null}, "geometry": {"type": "LineString", "coordinates": [[80.918663, 26.8380408], [80.9191745, 26.837765], [80.9193698, 26.8376631], [80.9199756, 26.8373789], [80.9200864, 26.8373269], [80.9204921, 26.8371821], [80.9206106, 26.8371435]]}}, {"type": "Feature", "properties": {"highway": "trunk", "name": "Outer Ring Road"}, "geometry": {"type": "LineString", "coordinates": [[81.0685122, 26.9346625], [81.068444, 26.9359552], [81.0684103, 26.9365951]]}}, {"type": "Feature", "properties": {"highway": "secondary", "name": null}, "geometry": {"type": "LineString", "coordinates": [[80.899816, 26.8493525], [80.8998329, 26.8494953], [80.89989, 26.8495731]]}}, {"type": "Feature", "properties": {"highway": "secondary", "name": null}, "geometry": {"type": "LineString", "coordinates": [[80.9045477, 26.8556176], [80.9041689, 26.8551019], [80.9028211, 26.8532794], [80.9025945, 26.8529652], [80.9021091, 26.8522851], [80.9014407, 26.8513391], [80.901342, 26.8511994], [80.9003872, 26.8499512], [80.8999715, 26.849465], [80.8999492, 26.8494399], [80.899816, 26.8493525]]}}, {"type": "Feature", "properties": {"highway": "secondary", "name": null}, "geometry": {"type": "LineString", "coordinates": [[80.8997849, 26.8493118], [80.8997758, 26.8492588], [80.8996602, 26.849094], [80.8995815, 26.8489819], [80.8995535, 26.8489421], [80.8994826, 26.8489062]]}}, {"type": "Feature", "properties": {"highway": "secondary", "name": "Flyover"}, "geometry": {"type": "LineString", "coordinates": [[80.8998915, 26.8494532], [80.899816, 26.8493525]]}}, {"type": "Feature", "properties": {"highway": "secondary", "name": null}, "geometry": {"type": "LineString", "coordinates": [[80.8994826, 26.8489062], [80.8994954, 26.8489729], [80.8995184, 26.8490031], [80.8996118, 26.8491254], [80.899675, 26.8492082], [80.8997328, 26.8492839], [80.8997849, 26.8493118]]}}, {"type": "Feature", "properties": {"highway": "secondary", "name": null}, "geometry": {"type": "LineString", "coordinates": [[80.9082939, 26.8606677], [80.9082507, 26.8606114], [80.9076657, 26.8598132], [80.9074031, 26.859455], [80.907309, 26.8593286], [80.9071133, 26.8590658], [80.9066913, 26.8584994], [80.906493, 26.8582331], [80.9063633, 26.8580613], [80.9061597, 26.8577917], [80.9059047, 26.8574539], [80.9058017, 26.8573316]]}}, {"type": "Feature", "properties": {"highway": "secondary", "name": "University Road"}, "geometry": {"type": "LineString", "coordinates": [[80.9392321, 26.8644119], [80.9386256, 26.8629065], [80.9384072, 26.8624092], [80.9382678, 26.862092], [80.938168, 26.8618649], [80.9380752, 26.8616892], [80.9379433, 26.861448], [80.9377161, 26.8610443], [80.9376275, 26.860903], [80.9370159, 26.8599276], [80.9369839, 26.8598789], [80.9368549, 26.8596823]]}}, {"type": "Feature", "properties": {"highway": "secondary", "name": null}, "geometry": {"type": "LineString", "coordinates": [[80.9295616, 26.8201592], [80.9294745, 26.8201379], [80.9292985, 26.8201663]]}}, {"type": "Feature", "properties": {"highway": "secondary", "name": null}, "geometry": {"type": "LineString", "coordinates": [[80.9293103, 26.8202346], [80.9293875, 26.8202207], [80.9294802, 26.820203], [80.9295616, 26.8201592]]}}, {"type": "Feature", "properties": {"highway": "primary", "name": null}, "geometry": {"type": "LineString", "coordinates": [[80.9531605, 26.8339167], [80.9530804, 26.8339227], [80.9529784, 26.8339936], [80.9525953, 26.8342975], [80.9524315, 26.8344274], [80.9522832, 26.8345441], [80.9515585, 26.8351142], [80.9511791, 26.8354528], [80.9511554, 26.8354739], [80.9510628, 26.8355866], [80.951042, 26.8356476]]}}, {"type": "Feature", "properties": {"highway": "primary", "name": null}, "geometry": {"type": "LineString", "coordinates": [[80.9538493, 26.8332917], [80.9537297, 26.833461], [80.9536632, 26.8335248], [80.9535852, 26.8335996], [80.9534938, 26.8336872], [80.9533948, 26.833764], [80.9532359, 26.8338702], [80.9531605, 26.8339167]]}}, {"type": "Feature", "properties": {"highway": "secondary", "name": "Vikramaditya Marg"}, "geometry": {"type": "LineString", "coordinates": [[80.9508341, 26.8386324], [80.9511555, 26.8384059], [80.9511761, 26.8383569]]}}, {"type": "Feature", "properties": {"highway": "secondary", "name": "Vikramaditya Marg"}, "geometry": {"type": "LineString", "coordinates": [[80.9511761, 26.8383569], [80.9511137, 26.8383746], [80.9507873, 26.8385883]]}}, {"type": "Feature", "properties": {"highway": "secondary", "name": "Vikramaditya Marg"}, "geometry": {"type": "LineString", "coordinates": [[80.9620515, 26.8288897], [80.9620061, 26.8288231], [80.9619519, 26.8287701]]}}, {"type": "Feature", "properties": {"highway": "secondary", "name": "Vikramaditya Marg"}, "geometry": {"type": "LineString", "coordinates": [[80.9618669, 26.8288096], [80.9620515, 26.8288897]]}}, {"type": "Feature", "properties": {"highway": "secondary", "name": null}, "geometry": {"type": "LineString", "coordinates": [[80.9388396, 26.8186887], [80.9388964, 26.8187033], [80.9391308, 26.8186637]]}}, {"type": "Feature", "properties": {"highway": "secondary", "name": null}, "geometry": {"type": "LineString", "coordinates": [[80.939107, 26.8186083], [80.9388782, 26.8186459], [80.9388396, 26.8186887]]}}, {"type": "Feature", "properties": {"highway": "secondary", "name": null}, "geometry": {"type": "LineString", "coordinates": [[80.9395515, 26.8185874], [80.9395134, 26.8185549], [80.9392903, 26.8185545]]}}, {"type": "Feature", "properties": {"highway": "secondary", "name": null}, "geometry": {"type": "LineString", "coordinates": [[80.9392915, 26.8186508], [80.9395108, 26.8186132], [80.9395515, 26.8185874]]}}, {"type": "Feature", "properties": {"highway": "secondary", "name": null}, "geometry": {"type": "LineString", "coordinates": [[80.9392195, 26.8879714], [80.9396954, 26.8876067], [80.939727, 26.8875373]]}}, {"type": "Feature", "properties": {"highway": "secondary", "name": null}, "geometry": {"type": "LineString", "coordinates": [[80.939727, 26.8875373], [80.9396452, 26.8875528], [80.9391789, 26.8879013]]}}, {"type": "Feature", "properties": {"highway": "primary", "name": "Sitapur Road"}, "geometry": {"type": "LineString", "coordinates": [[80.9326356, 26.8848595], [80.9327569, 26.8852025], [80.9329988, 26.8858918], [80.9334226, 26.8870994], [80.9334622, 26.8872139], [80.9335612, 26.8872911]]}}, {"type": "Feature", "properties": {"highway": "primary", "name": "Sitapur Road"}, "geometry": {"type": "LineString", "coordinates": [[80.9321243, 26.8829561], [80.9319728, 26.8824271], [80.9318741, 26.8820827], [80.9317979, 26.8818167], [80.9316742, 26.8813748], [80.9316032, 26.8811504], [80.9315398, 26.8810024], [80.9314572, 26.880866], [80.931307, 26.8806533], [80.9311307, 26.8804627], [80.9309931, 26.8803647], [80.9309041, 26.8802991], [80.9308069, 26.8802433], [80.930742, 26.880215], [80.9306651, 26.8801846], [80.9305229, 26.8801277], [80.9303639, 26.8800551], [80.9296637, 26.8797171], [80.9288615, 26.87934], [80.9286554, 26.8792429], [80.9276188, 26.8787789], [80.9271401, 26.8785646], [80.9265421, 26.8782969], [80.9258688, 26.8779955], [80.925829, 26.8779777], [80.9256009, 26.8778756], [80.9250113, 26.877598], [80.9247643, 26.8775001], [80.9245285, 26.8774369], [80.924178, 26.8773593], [80.924014, 26.8773355], [80.9237673, 26.8773375], [80.9236027, 26.877337], [80.9234222, 26.8773452], [80.9231821, 26.8773755], [80.922714, 26.8774659], [80.9213627, 26.8777471], [80.9211388, 26.8777913], [80.9211117, 26.8777964], [80.9208458, 26.8778462], [80.9203701, 26.8779355], [80.9203109, 26.8779482], [80.9202516, 26.8779551], [80.9200788, 26.8779701], [80.9198854, 26.8779714], [80.9196939, 26.8779593], [80.9195276, 26.8779428], [80.9194377, 26.8779284], [80.9193273, 26.8779114], [80.9190709, 26.8778364], [80.9188409, 26.8777471], [80.9187104, 26.8776965], [80.91835, 26.8774903], [80.9181059, 26.8773034], [80.9179234, 26.8771638], [80.9178644, 26.8771035], [80.9176785, 26.8769135], [80.9175441, 26.8767391], [80.9174309, 26.8765502], [80.9173377, 26.8763685], [80.9172769, 26.8762263], [80.917241, 26.8761157], [80.9171318, 26.8758179], [80.9169942, 26.8753563], [80.916806, 26.8748291], [80.9167903, 26.8747823]]}}, {"type": "Feature", "properties": {"highway": "primary", "name": "Sitapur Road"}, "geometry": {"type": "LineString", "coordinates": [[80.9341516, 26.8888543], [80.9339858, 26.8884069], [80.9339627, 26.8883348], [80.9337368, 26.8877419], [80.9336128, 26.8873977], [80.9335612, 26.8872911]]}}, {"type": "Feature", "properties": {"highway": "secondary", "name": null}, "geometry": {"type": "LineString", "coordinates": [[80.9425, 26.8492859], [80.9425736, 26.8493629], [80.9427537, 26.8495452], [80.9431677, 26.8500864], [80.9431846, 26.8501783], [80.943313, 26.85081], [80.9433849, 26.8511368], [80.9434122, 26.8512523], [80.9435293, 26.8515532], [80.9437946, 26.8520069], [80.9438709, 26.8521533], [80.9441274, 26.8526808], [80.9441896, 26.8528523], [80.9444265, 26.8534225], [80.9446056, 26.8538491], [80.9447478, 26.8541726], [80.9449436, 26.8546179], [80.9452359, 26.8553023], [80.9453245, 26.8555152], [80.9455806, 26.8561464], [80.9458336, 26.8568379]]}}, {"type": "Feature", "properties": {"highway": "primary", "name": null}, "geometry": {"type": "LineString", "coordinates": [[80.8800066, 26.7736795], [80.8801096, 26.7736293], [80.8802159, 26.7735833], [80.8804005, 26.7734936], [80.8804146, 26.7734354]]}}, {"type": "Feature", "properties": {"highway": "primary", "name": null}, "geometry": {"type": "LineString", "coordinates": [[80.8804146, 26.7734354], [80.8803444, 26.7734155], [80.880062, 26.7735505], [80.879958, 26.7736002]]}}, {"type": "Feature", "properties": {"highway": "secondary", "name": "Lohia Path Flyover"}, "geometry": {"type": "LineString", "coordinates": [[80.9962917, 26.8684319], [80.9961918, 26.8683269], [80.9961569, 26.8681953]]}}, {"type": "Feature", "properties": {"highway": "trunk", "name": "Hardoi Road"}, "geometry": {"type": "LineString", "coordinates": [[80.8644958, 26.8745812], [80.8645974, 26.8745617]]}}, {"type": "Feature", "properties": {"highway": "primary", "name": "Sitapur Road"}, "geometry": {"type": "LineString", "coordinates": [[80.9378977, 26.9134941], [80.9379112, 26.914249]]}}, {"type": "Feature", "properties": {"highway": "trunk", "name": null}, "geometry": {"type": "LineString", "coordinates": [[80.9359898, 26.9263833], [80.9358829, 26.9264576], [80.935742, 26.9269609], [80.9355063, 26.9278908], [80.9353097, 26.9286973]]}}, {"type": "Feature", "properties": {"highway": "trunk", "name": "Bhitauli Flyover"}, "geometry": {"type": "LineString", "coordinates": [[80.9359563, 26.9265227], [80.9354243, 26.9287402], [80.9353722, 26.9289497], [80.935279, 26.9293249]]}}, {"type": "Feature", "properties": {"highway": "trunk", "name": null}, "geometry": {"type": "LineString", "coordinates": [[80.9327491, 26.9398854], [80.9329004, 26.939683], [80.9330101, 26.9392517], [80.9332256, 26.9384489], [80.9334817, 26.9374359], [80.9337724, 26.9362217], [80.9338696, 26.9358972], [80.9339003, 26.9357895], [80.9339391, 26.9356038], [80.9341281, 26.9347593], [80.9343721, 26.9338006], [80.9345896, 26.9328474], [80.934803, 26.932001], [80.9350156, 26.9311355], [80.9350225, 26.9311076], [80.9350429, 26.9310284], [80.9352604, 26.9301833], [80.9354697, 26.9293641], [80.9356771, 26.9285468], [80.9358682, 26.9277947], [80.9360755, 26.9269229], [80.9361954, 26.9262415], [80.9361686, 26.9261186]]}}, {"type": "Feature", "properties": {"highway": "trunk", "name": null}, "geometry": {"type": "LineString", "coordinates": [[80.9353097, 26.9286973], [80.9351499, 26.9292772]]}}, {"type": "Feature", "properties": {"highway": "trunk", "name": "Bhitauli Flyover"}, "geometry": {"type": "LineString", "coordinates": [[80.9359898, 26.9263833], [80.9359563, 26.9265227]]}}, {"type": "Feature", "properties": {"highway": "trunk", "name": null}, "geometry": {"type": "LineString", "coordinates": [[80.9347995, 26.9308604], [80.9347705, 26.930997], [80.9347518, 26.9310703], [80.9347205, 26.9311935], [80.9346871, 26.9313248], [80.9346158, 26.9316049], [80.9345524, 26.9318396], [80.9343207, 26.9326977], [80.934082, 26.9337092], [80.9339618, 26.9341562], [80.9338675, 26.9345318], [80.933672, 26.9353482], [80.9336207, 26.9355624], [80.9335787, 26.9357288], [80.9335512, 26.9358377], [80.9334222, 26.9363491], [80.9334018, 26.9364314], [80.9331513, 26.9374395], [80.9330578, 26.9378336], [80.932867, 26.9386375], [80.9326609, 26.9394633], [80.9326497, 26.9395079], [80.9326578, 26.9396753], [80.932686, 26.9397592]]}}, {"type": "Feature", "properties": {"highway": "trunk", "name": "Sitapur Road"}, "geometry": {"type": "LineString", "coordinates": [[80.932686, 26.9397592], [80.9323239, 26.9412163], [80.9320926, 26.9421467], [80.9317122, 26.9436775]]}}, {"type": "Feature", "properties": {"highway": "primary", "name": "Sultanpur Road"}, "geometry": {"type": "LineString", "coordinates": [[81.0025347, 26.8019221], [81.0040062, 26.8016467]]}}, {"type": "Feature", "properties": {"highway": "primary", "name": null}, "geometry": {"type": "LineString", "coordinates": [[81.0016158, 26.8020771], [81.0017483, 26.8020806], [81.0025347, 26.8019221]]}}, {"type": "Feature", "properties": {"highway": "primary", "name": null}, "geometry": {"type": "LineString", "coordinates": [[81.0039394, 26.8015689], [81.0033014, 26.8017032], [81.0024942, 26.8018731]]}}, {"type": "Feature", "properties": {"highway": "primary", "name": "Arjungunj-Cantonment Flyover"}, "geometry": {"type": "LineString", "coordinates": [[80.973137, 26.8140283], [80.9735256, 26.8138264]]}}, {"type": "Feature", "properties": {"highway": "primary", "name": "Arjungunj-Cantonment Flyover"}, "geometry": {"type": "LineString", "coordinates": [[80.9734628, 26.8137683], [80.973137, 26.8140283]]}}, {"type": "Feature", "properties": {"highway": "primary", "name": "Arjungunj-Cantonment Flyover"}, "geometry": {"type": "LineString", "coordinates": [[80.9820413, 26.8099369], [80.9824028, 26.8097332]]}}, {"type": "Feature", "properties": {"highway": "primary", "name": "Arjungunj-Cantonment Flyover"}, "geometry": {"type": "LineString", "coordinates": [[80.9824028, 26.8097332], [80.9820055, 26.8098492]]}}, {"type": "Feature", "properties": {"highway": "primary", "name": null}, "geometry": {"type": "LineString", "coordinates": [[81.0024942, 26.8018731], [81.0017331, 26.8020263], [81.0016158, 26.8020771]]}}, {"type": "Feature", "properties": {"highway": "motorway", "name": "Lucknow Outer Ring Road"}, "geometry": {"type": "LineString", "coordinates": [[81.0564519, 26.7900637], [81.0565429, 26.7904262], [81.056604, 26.7907294], [81.05685, 26.7917927], [81.0570053, 26.7923485], [81.0571194, 26.7926859], [81.0576721, 26.794026], [81.058065, 26.7948365], [81.0585612, 26.7956936], [81.0590789, 26.7964837], [81.0607848, 26.7989041], [81.0622403, 26.8009933], [81.0629542, 26.802018], [81.0629752, 26.8020481], [81.0631791, 26.8023094], [81.0637419, 26.8030946], [81.0641203, 26.8036545], [81.0644728, 26.8042597], [81.0649878, 26.8052556], [81.065492, 26.8064669], [81.0658407, 26.8075969], [81.0660982, 26.8086837], [81.066227, 26.809694], [81.066817, 26.8162674], [81.0670908, 26.8193305], [81.0673374, 26.8220889], [81.0677452, 26.8268936], [81.0677478, 26.8269239]]}}, {"type": "Feature", "properties": {"highway": "motorway", "name": "Lucknow Outer Ring Road"}, "geometry": {"type": "LineString", "coordinates": [[81.0677478, 26.8269239], [81.0680455, 26.8303586]]}}, {"type": "Feature", "properties": {"highway": "motorway", "name": "Lucknow Outer Ring Road"}, "geometry": {"type": "LineString", "coordinates": [[81.0687177, 26.8268102], [81.0687168, 26.8267817], [81.068571, 26.8251485], [81.0685444, 26.8248439], [81.0684727, 26.824043], [81.0683405, 26.8225676], [81.0681141, 26.8199193], [81.0680428, 26.8190848], [81.0677934, 26.8164517], [81.0674983, 26.8130071], [81.0674007, 26.8119352], [81.0672542, 26.8103259], [81.0671443, 26.8092511], [81.0670021, 26.8083366], [81.0668224, 26.8075322], [81.066632, 26.8068739], [81.0663798, 26.8061246], [81.0660794, 26.8053346], [81.0658139, 26.8047624], [81.0654652, 26.804116], [81.0651058, 26.8034673], [81.0646713, 26.8028113], [81.0644731, 26.8025251], [81.0638165, 26.8015768], [81.063404, 26.8009949], [81.0633221, 26.8008793], [81.0622439, 26.7993566], [81.0608974, 26.7974677], [81.0601196, 26.7963807], [81.0597628, 26.795866], [81.0593286, 26.7951298], [81.0591447, 26.7947944], [81.0590014, 26.7945367], [81.058886, 26.7942189], [81.0587543, 26.7937884], [81.0587023, 26.7935157], [81.0586745, 26.7931802], [81.0586418, 26.7928075], [81.0586089, 26.7925937], [81.0585283, 26.7921906], [81.0584674, 26.791962], [81.0583732, 26.791729], [81.0582966, 26.791559], [81.0582088, 26.7913893], [81.0580249, 26.7910438], [81.0576432, 26.7905582]]}}, {"type": "Feature", "properties": {"highway": "motorway", "name": "Lucknow Outer Ring Road"}, "geometry": {"type": "LineString", "coordinates": [[81.0690192, 26.8302406], [81.0687177, 26.8268102]]}}, {"type": "Feature", "properties": {"highway": "secondary", "name": null}, "geometry": {"type": "LineString", "coordinates": [[80.8928463, 26.8399214], [80.8928796, 26.8400369], [80.8929199, 26.8400941]]}}, {"type": "Feature", "properties": {"highway": "secondary", "name": null}, "geometry": {"type": "LineString", "coordinates": [[80.8929616, 26.8400123], [80.8928463, 26.8399214]]}}, {"type": "Feature", "properties": {"highway": "secondary", "name": null}, "geometry": {"type": "LineString", "coordinates": [[80.892693, 26.8396961], [80.8927665, 26.8397952], [80.8927813, 26.8398151], [80.892822, 26.8398755], [80.8928463, 26.8399214]]}}, {"type": "Feature", "properties": {"highway": "trunk", "name": "Flyover"}, "geometry": {"type": "LineString", "coordinates": [[80.8515401, 26.8416993], [80.8514633, 26.8418791], [80.8514205, 26.8420596], [80.8513971, 26.8423235], [80.8514185, 26.8425075], [80.8514691, 26.8426811], [80.8516121, 26.8429677]]}}, {"type": "Feature", "properties": {"highway": "trunk", "name": "Flyover"}, "geometry": {"type": "LineString", "coordinates": [[80.8517395, 26.8429571], [80.8516286, 26.842747], [80.8515469, 26.8425075], [80.8515236, 26.842287], [80.8515391, 26.8421221], [80.851578, 26.8419746], [80.8516762, 26.8417548]]}}, {"type": "Feature", "properties": {"highway": "trunk", "name": "Shaheed Path"}, "geometry": {"type": "LineString", "coordinates": [[81.0122226, 26.8383085], [81.0118355, 26.8386712], [81.0112766, 26.8392905], [81.0107851, 26.8399832]]}}, {"type": "Feature", "properties": {"highway": "trunk", "name": "Shaheed Path"}, "geometry": {"type": "LineString", "coordinates": [[81.0109077, 26.8400368], [81.0113846, 26.8393984], [81.0119373, 26.8387998], [81.0123361, 26.8384219]]}}, {"type": "Feature", "properties": {"highway": "primary", "name": "Ashok Marg"}, "geometry": {"type": "LineString", "coordinates": [[80.9576111, 26.8730575], [80.9576458, 26.8731575]]}}, {"type": "Feature", "properties": {"highway": "primary", "name": "Faizabad Road"}, "geometry": {"type": "LineString", "coordinates": [[80.9735768, 26.8709059], [80.9736756, 26.8709306], [80.9741997, 26.8711191], [80.9757821, 26.8717179], [80.9758764, 26.8717536], [80.9762798, 26.871867], [80.9764021, 26.8719014], [80.9767595, 26.8719732], [80.9769799, 26.8719962], [80.9771382, 26.8720127], [80.9772145, 26.8720207]]}}, {"type": "Feature", "properties": {"highway": "primary", "name": "Faizabad Road"}, "geometry": {"type": "LineString", "coordinates": [[80.9736978, 26.8707745], [80.9734706, 26.8706945], [80.9732988, 26.870634]]}}, {"type": "Feature", "properties": {"highway": "primary", "name": null}, "geometry": {"type": "LineString", "coordinates": [[80.9509146, 26.8358595], [80.951042, 26.8356476]]}}, {"type": "Feature", "properties": {"highway": "primary", "name": "Sitapur Road"}, "geometry": {"type": "LineString", "coordinates": [[80.9319908, 26.883], [80.9320681, 26.8832537], [80.9323108, 26.8839403], [80.9326356, 26.8848595]]}}, {"type": "Feature", "properties": {"highway": "trunk", "name": "Bhitauli Flyover"}, "geometry": {"type": "LineString", "coordinates": [[80.9327309, 26.9395784], [80.932686, 26.9397592]]}}, {"type": "Feature", "properties": {"highway": "trunk", "name": "Bhitauli Flyover"}, "geometry": {"type": "LineString", "coordinates": [[80.9327491, 26.9398854], [80.9328188, 26.9396048]]}}, {"type": "Feature", "properties": {"highway": "trunk", "name": "Bhitauli Flyover"}, "geometry": {"type": "LineString", "coordinates": [[80.9360645, 26.9265378], [80.9361686, 26.9261186]]}}, {"type": "Feature", "properties": {"highway": "trunk", "name": "Ring Road Flyover"}, "geometry": {"type": "LineString", "coordinates": [[80.938054, 26.9149143], [80.9379957, 26.9141818], [80.9380262, 26.9139126], [80.9381294, 26.9136775], [80.9382555, 26.9134832], [80.9384777, 26.9132846], [80.9387148, 26.9131826], [80.9390694, 26.9131221], [80.939135, 26.9131147]]}}, {"type": "Feature", "properties": {"highway": "trunk", "name": "Ring Road"}, "geometry": {"type": "LineString", "coordinates": [[80.9427329, 26.9120053], [80.9443675, 26.9117455], [80.9446348, 26.9116881], [80.944805, 26.9116325], [80.9450907, 26.9115481]]}}, {"type": "Feature", "properties": {"highway": "trunk", "name": "Ring Road"}, "geometry": {"type": "LineString", "coordinates": [[80.9436684, 26.911747], [80.9432544, 26.9118194]]}}, {"type": "Feature", "properties": {"highway": "primary", "name": "Sitapur Road"}, "geometry": {"type": "LineString", "coordinates": [[80.9384264, 26.899939], [80.9384345, 26.899878], [80.9384345, 26.899823], [80.9384182, 26.8997547], [80.9382752, 26.8993389], [80.9381682, 26.8990087], [80.9379799, 26.8984824], [80.9378709, 26.8981776], [80.9378107, 26.8979984], [80.9377213, 26.8977584], [80.9375919, 26.897428], [80.9375265, 26.8972432], [80.9374656, 26.8970737], [80.9374092, 26.896905], [80.9373669, 26.8967768], [80.9373286, 26.8966696], [80.9371188, 26.8960237], [80.9369406, 26.8955682], [80.9365549, 26.8946146], [80.9364444, 26.8943414], [80.9360319, 26.8933904], [80.935976, 26.8932605], [80.9357716, 26.8927856], [80.9354851, 26.8921201], [80.935386, 26.8918695], [80.9351485, 26.8912854], [80.9350682, 26.8910771], [80.9349774, 26.8908418], [80.9346497, 26.8899922], [80.9343935, 26.8893278], [80.9343433, 26.889193], [80.9342466, 26.8889329], [80.9341516, 26.8888543]]}}, {"type": "Feature", "properties": {"highway": "primary", "name": "Sitapur Road"}, "geometry": {"type": "LineString", "coordinates": [[80.9383209, 26.8999661], [80.9383401, 26.9000195], [80.9385004, 26.9004658], [80.9386093, 26.9008319], [80.9386969, 26.9012501], [80.9387494, 26.9015711], [80.9388148, 26.9024883], [80.9388292, 26.9026903], [80.9388587, 26.9032249], [80.9388889, 26.9037729]]}}, {"type": "Feature", "properties": {"highway": "secondary", "name": "Purania Flyover"}, "geometry": {"type": "LineString", "coordinates": [[80.9412295, 26.8946289], [80.9411757, 26.8946592]]}}, {"type": "Feature", "properties": {"highway": "secondary", "name": "Purania Flyover"}, "geometry": {"type": "LineString", "coordinates": [[80.9412322, 26.8947329], [80.941282, 26.8947048]]}}, {"type": "Feature", "properties": {"highway": "secondary", "name": "Daliganj Railway Crossing Flyover"}, "geometry": {"type": "LineString", "coordinates": [[80.9333262, 26.8781998], [80.9334757, 26.8780802]]}}, {"type": "Feature", "properties": {"highway": "primary", "name": "Sitapur Road"}, "geometry": {"type": "LineString", "coordinates": [[80.9335612, 26.8872911], [80.9335604, 26.8871773], [80.933356, 26.8865133], [80.9332217, 26.8861331], [80.9331591, 26.8859562], [80.9331225, 26.8858525], [80.9329284, 26.8853033], [80.9327611, 26.8848191], [80.9324436, 26.8839002], [80.9323456, 26.8836238], [80.932247, 26.8833244], [80.9321747, 26.8831088], [80.9321243, 26.8829561]]}}, {"type": "Feature", "properties": {"highway": "primary", "name": "Sitapur Road"}, "geometry": {"type": "LineString", "coordinates": [[80.9318255, 26.8824577], [80.9319657, 26.8829178], [80.9319908, 26.883]]}}, {"type": "Feature", "properties": {"highway": "secondary", "name": "Nirala Nagar Railway Crossing Flyover"}, "geometry": {"type": "LineString", "coordinates": [[80.9354581, 26.8790814], [80.9353613, 26.8791541]]}}, {"type": "Feature", "properties": {"highway": "secondary", "name": "Nirala Nagar Railway Crossing Flyover"}, "geometry": {"type": "LineString", "coordinates": [[80.9373146, 26.8846924], [80.9372331, 26.8846421]]}}, {"type": "Feature", "properties": {"highway": "secondary", "name": "Nirala Nagar Railway Crossing Flyover"}, "geometry": {"type": "LineString", "coordinates": [[80.9372331, 26.8846421], [80.9372424, 26.8847333]]}}, {"type": "Feature", "properties": {"highway": "secondary", "name": "Kursi Road"}, "geometry": {"type": "LineString", "coordinates": [[80.9416327, 26.8738325], [80.9416728, 26.8739732]]}}, {"type": "Feature", "properties": {"highway": "secondary", "name": "Chandganj Flyover"}, "geometry": {"type": "LineString", "coordinates": [[80.9416728, 26.8739732], [80.9417342, 26.8741718]]}}, {"type": "Feature", "properties": {"highway": "secondary", "name": "Chandganj Flyover"}, "geometry": {"type": "LineString", "coordinates": [[80.9462911, 26.8796338], [80.946427, 26.8797047]]}}, {"type": "Feature", "properties": {"highway": "trunk", "name": "Lalabagh Railway Crossing Flyover"}, "geometry": {"type": "LineString", "coordinates": [[80.8544319, 26.8473225], [80.8543098, 26.8471268]]}}, {"type": "Feature", "properties": {"highway": "trunk", "name": "Lalabagh Railway Crossing Flyover"}, "geometry": {"type": "LineString", "coordinates": [[80.8542017, 26.8471809], [80.854325, 26.8473805]]}}, {"type": "Feature", "properties": {"highway": "trunk", "name": "Lalabagh Railway Crossing Flyover"}, "geometry": {"type": "LineString", "coordinates": [[80.8581561, 26.8532088], [80.8580534, 26.8530405]]}}, {"type": "Feature", "properties": {"highway": "trunk", "name": "Lalabagh Railway Crossing Flyover"}, "geometry": {"type": "LineString", "coordinates": [[80.8579487, 26.853108], [80.8580413, 26.8532573]]}}, {"type": "Feature", "properties": {"highway": "trunk", "name": "Shaheed Path"}, "geometry": {"type": "LineString", "coordinates": [[80.8995032, 26.7718533], [80.8987007, 26.7721846], [80.8984049, 26.7722651]]}}, {"type": "Feature", "properties": {"highway": "trunk", "name": "Shaheed Path"}, "geometry": {"type": "LineString", "coordinates": [[80.8984799, 26.7724164], [80.8992391, 26.7720942], [80.8995351, 26.771968]]}}, {"type": "Feature", "properties": {"highway": "trunk", "name": "Flyover"}, "geometry": {"type": "LineString", "coordinates": [[80.8906262, 26.8053568], [80.8904963, 26.8055164]]}}, {"type": "Feature", "properties": {"highway": "trunk", "name": "Flyover"}, "geometry": {"type": "LineString", "coordinates": [[80.8905954, 26.8055585], [80.8907077, 26.8054142]]}}, {"type": "Feature", "properties": {"highway": "trunk", "name": "Flyover"}, "geometry": {"type": "LineString", "coordinates": [[80.8858871, 26.8114115], [80.8857753, 26.8115518]]}}, {"type": "Feature", "properties": {"highway": "trunk", "name": "Flyover"}, "geometry": {"type": "LineString", "coordinates": [[80.8859082, 26.8116331], [80.886024, 26.8114856]]}}, {"type": "Feature", "properties": {"highway": "trunk", "name": "Flyover"}, "geometry": {"type": "LineString", "coordinates": [[80.8823423, 26.8159956], [80.8821901, 26.8161797], [80.8810863, 26.8177842]]}}, {"type": "Feature", "properties": {"highway": "trunk", "name": null}, "geometry": {"type": "LineString", "coordinates": [[80.8854082, 26.8122699], [80.8859082, 26.8116331]]}}, {"type": "Feature", "properties": {"highway": "trunk", "name": "Flyover"}, "geometry": {"type": "LineString", "coordinates": [[80.876493, 26.8226392], [80.8770312, 26.8223054], [80.8779757, 26.8215827]]}}, {"type": "Feature", "properties": {"highway": "trunk", "name": "Flyover"}, "geometry": {"type": "LineString", "coordinates": [[80.8778823, 26.8215158], [80.8768269, 26.8223025]]}}, {"type": "Feature", "properties": {"highway": "trunk", "name": "Flyover"}, "geometry": {"type": "LineString", "coordinates": [[80.8768269, 26.8223025], [80.876404, 26.8225395]]}}, {"type": "Feature", "properties": {"highway": "trunk", "name": "Flyover"}, "geometry": {"type": "LineString", "coordinates": [[80.875914, 26.8229643], [80.876493, 26.8226392]]}}, {"type": "Feature", "properties": {"highway": "trunk", "name": "Flyover"}, "geometry": {"type": "LineString", "coordinates": [[80.8516121, 26.8429677], [80.8516189, 26.8429814], [80.8518912, 26.8434632], [80.8520169, 26.8436644]]}}, {"type": "Feature", "properties": {"highway": "trunk", "name": "Flyover"}, "geometry": {"type": "LineString", "coordinates": [[80.852115, 26.8436086], [80.8520029, 26.84343], [80.8517395, 26.8429571]]}}, {"type": "Feature", "properties": {"highway": "trunk", "name": "Flyover"}, "geometry": {"type": "LineString", "coordinates": [[80.8527467, 26.8396091], [80.854426, 26.8365326], [80.8547063, 26.8361077]]}}, {"type": "Feature", "properties": {"highway": "trunk", "name": "Flyover"}, "geometry": {"type": "LineString", "coordinates": [[80.8554973, 26.835056], [80.8550325, 26.8354849], [80.8546438, 26.8359255], [80.8542822, 26.8364909], [80.8526176, 26.8395655]]}}, {"type": "Feature", "properties": {"highway": "primary", "name": "Mohan Road Flyover"}, "geometry": {"type": "LineString", "coordinates": [[80.8682316, 26.8453874], [80.8683866, 26.8454726]]}}, {"type": "Feature", "properties": {"highway": "primary", "name": "Mohan Road"}, "geometry": {"type": "LineString", "coordinates": [[80.8622458, 26.8428399], [80.8622821, 26.8428446]]}}, {"type": "Feature", "properties": {"highway": "trunk", "name": "Ahimamau Flyover"}, "geometry": {"type": "LineString", "coordinates": [[81.0024925, 26.7994935], [81.0027058, 26.7997613]]}}, {"type": "Feature", "properties": {"highway": "trunk", "name": "Ahimamau Flyover"}, "geometry": {"type": "LineString", "coordinates": [[81.0027971, 26.7996852], [81.0025876, 26.7994138]]}}, {"type": "Feature", "properties": {"highway": "trunk", "name": "Ahimamau Flyover"}, "geometry": {"type": "LineString", "coordinates": [[81.0063632, 26.8042098], [81.0065685, 26.8044566]]}}, {"type": "Feature", "properties": {"highway": "trunk", "name": "Ahimamau Flyover"}, "geometry": {"type": "LineString", "coordinates": [[81.0066892, 26.8044303], [81.0064626, 26.8041667]]}}, {"type": "Feature", "properties": {"highway": "trunk", "name": "Shaheed Path Flyover"}, "geometry": {"type": "LineString", "coordinates": [[80.9715657, 26.7718345], [80.9712996, 26.7718114]]}}, {"type": "Feature", "properties": {"highway": "trunk", "name": "Shaheed Path Flyover"}, "geometry": {"type": "LineString", "coordinates": [[80.9714185, 26.7719376], [80.9715663, 26.7719499]]}}, {"type": "Feature", "properties": {"highway": "trunk", "name": "Shaheed Path Flyover"}, "geometry": {"type": "LineString", "coordinates": [[80.9751185, 26.7724719], [80.9754193, 26.7726163]]}}, {"type": "Feature", "properties": {"highway": "trunk", "name": "Shaheed Path Flyover"}, "geometry": {"type": "LineString", "coordinates": [[80.9752198, 26.7724058], [80.9750842, 26.7723502]]}}, {"type": "Feature", "properties": {"highway": "primary", "name": "Lucknow Railway Flyover"}, "geometry": {"type": "LineString", "coordinates": [[80.9510588, 26.8345398], [80.9510717, 26.8343939]]}}, {"type": "Feature", "properties": {"highway": "primary", "name": "Lucknow Railway Flyover"}, "geometry": {"type": "LineString", "coordinates": [[80.9509881, 26.8343882], [80.9509824, 26.8345427]]}}, {"type": "Feature", "properties": {"highway": "primary", "name": "Lucknow Railway Flyover"}, "geometry": {"type": "LineString", "coordinates": [[80.9505366, 26.8286593], [80.9505072, 26.8285126]]}}, {"type": "Feature", "properties": {"highway": "primary", "name": "Lucknow Railway Flyover"}, "geometry": {"type": "LineString", "coordinates": [[80.9504285, 26.8285557], [80.9504569, 26.8286882]]}}, {"type": "Feature", "properties": {"highway": "secondary", "name": null}, "geometry": {"type": "LineString", "coordinates": [[80.9184278, 26.8381702], [80.9184553, 26.8381527], [80.918663, 26.8380408]]}}, {"type": "Feature", "properties": {"highway": "secondary", "name": null}, "geometry": {"type": "LineString", "coordinates": [[80.9205795, 26.8370575], [80.9200272, 26.8372569], [80.9199283, 26.8372998], [80.919305, 26.8375697], [80.9192763, 26.8375821], [80.9185891, 26.8379634], [80.918357, 26.8380922]]}}, {"type": "Feature", "properties": {"highway": "secondary", "name": null}, "geometry": {"type": "LineString", "coordinates": [[80.9330549, 26.839107], [80.9331904, 26.8391474], [80.9334623, 26.8392286], [80.934313, 26.83953], [80.9343592, 26.8395464], [80.9345903, 26.8395697]]}}, {"type": "Feature", "properties": {"highway": "secondary", "name": null}, "geometry": {"type": "LineString", "coordinates": [[80.9345278, 26.8394484], [80.934363, 26.8394791], [80.9341406, 26.8394035], [80.9334962, 26.8391513], [80.9333114, 26.8390974], [80.9330785, 26.8390295]]}}, {"type": "Feature", "properties": {"highway": "secondary", "name": "Aishbagh Road Flyover"}, "geometry": {"type": "LineString", "coordinates": [[80.9110569, 26.8427925], [80.9103037, 26.8432671], [80.909567, 26.8437361]]}}, {"type": "Feature", "properties": {"highway": "secondary", "name": "Aishbagh Road Flyover"}, "geometry": {"type": "LineString", "coordinates": [[80.909567, 26.8437361], [80.9094441, 26.8438144]]}}, {"type": "Feature", "properties": {"highway": "secondary", "name": "Aishbagh Road Flyover"}, "geometry": {"type": "LineString", "coordinates": [[80.9143627, 26.8408166], [80.9142026, 26.8409154]]}}, {"type": "Feature", "properties": {"highway": "secondary", "name": null}, "geometry": {"type": "LineString", "coordinates": [[80.9546983, 26.8604411], [80.9545258, 26.8605739], [80.9542322, 26.8607821], [80.9540557, 26.8608929], [80.9538266, 26.8609391], [80.9535907, 26.8609339], [80.9533708, 26.8608982], [80.9531611, 26.8608666], [80.9511632, 26.8604815]]}}, {"type": "Feature", "properties": {"highway": "secondary", "name": "Butler Flyover"}, "geometry": {"type": "LineString", "coordinates": [[80.9514472, 26.8605587], [80.9511632, 26.8604815]]}}, {"type": "Feature", "properties": {"highway": "secondary", "name": "Butler Flyover"}, "geometry": {"type": "LineString", "coordinates": [[80.9595681, 26.860928], [80.9594414, 26.8609273]]}}, {"type": "Feature", "properties": {"highway": "secondary", "name": null}, "geometry": {"type": "LineString", "coordinates": [[80.9600645, 26.8609473], [80.9599212, 26.8608724], [80.9596482, 26.8608383], [80.9588945, 26.8608542], [80.9583126, 26.860881], [80.9568078, 26.8609671], [80.9565842, 26.8609862], [80.9563295, 26.8610504], [80.9560203, 26.861125]]}}, {"type": "Feature", "properties": {"highway": "secondary", "name": "Butler Flyover"}, "geometry": {"type": "LineString", "coordinates": [[80.9596516, 26.8609285], [80.9595681, 26.860928]]}}, {"type": "Feature", "properties": {"highway": "secondary", "name": null}, "geometry": {"type": "LineString", "coordinates": [[80.899816, 26.8493525], [80.8997849, 26.8493118]]}}, {"type": "Feature", "properties": {"highway": "secondary", "name": null}, "geometry": {"type": "LineString", "coordinates": [[80.8951416, 26.8268395], [80.8951016, 26.8269346]]}}, {"type": "Feature", "properties": {"highway": "secondary", "name": null}, "geometry": {"type": "LineString", "coordinates": [[80.8981279, 26.8197756], [80.8980976, 26.819848]]}}, {"type": "Feature", "properties": {"highway": "secondary", "name": "Flyover"}, "geometry": {"type": "LineString", "coordinates": [[80.8949467, 26.8272912], [80.8948852, 26.8274401]]}}, {"type": "Feature", "properties": {"highway": "secondary", "name": "Flyover"}, "geometry": {"type": "LineString", "coordinates": [[80.8925241, 26.8330165], [80.8924893, 26.8330974]]}}, {"type": "Feature", "properties": {"highway": "secondary", "name": "Lohia Path Flyover"}, "geometry": {"type": "LineString", "coordinates": [[80.9869367, 26.8592658], [80.9871888, 26.8594085]]}}, {"type": "Feature", "properties": {"highway": "secondary", "name": "Lohia Path Flyover"}, "geometry": {"type": "LineString", "coordinates": [[80.9871801, 26.8592506], [80.9869459, 26.859193]]}}, {"type": "Feature", "properties": {"highway": "secondary", "name": "Lohia Path Flyover"}, "geometry": {"type": "LineString", "coordinates": [[80.9854339, 26.8587413], [80.9850847, 26.858697]]}}, {"type": "Feature", "properties": {"highway": "secondary", "name": "Lohia Path Flyover"}, "geometry": {"type": "LineString", "coordinates": [[80.9911559, 26.8604898], [80.9921098, 26.8610064]]}}, {"type": "Feature", "properties": {"highway": "secondary", "name": "Lohia Path Flyover"}, "geometry": {"type": "LineString", "coordinates": [[80.9907469, 26.8602789], [80.9911559, 26.8604898]]}}, {"type": "Feature", "properties": {"highway": "secondary", "name": "Vibhuti Khanda Flyover"}, "geometry": {"type": "LineString", "coordinates": [[80.9990622, 26.8684469], [80.9991798, 26.8684943]]}}, {"type": "Feature", "properties": {"highway": "trunk", "name": "Polytechnic Flyover"}, "geometry": {"type": "LineString", "coordinates": [[80.9958062, 26.8760962], [80.9958289, 26.8765834]]}}, {"type": "Feature", "properties": {"highway": "trunk", "name": "Polytechnic Flyover"}, "geometry": {"type": "LineString", "coordinates": [[80.9996117, 26.8732338], [81.0000223, 26.8732529]]}}, {"type": "Feature", "properties": {"highway": "trunk", "name": "Polytechnic Flyover"}, "geometry": {"type": "LineString", "coordinates": [[81.0000726, 26.8731444], [80.999623, 26.873126]]}}, {"type": "Feature", "properties": {"highway": "trunk", "name": "Faizabad Road Flyover"}, "geometry": {"type": "LineString", "coordinates": [[81.0108474, 26.873597], [81.010573, 26.8735838]]}}, {"type": "Feature", "properties": {"highway": "trunk", "name": "Faizabad Road Flyover"}, "geometry": {"type": "LineString", "coordinates": [[81.0205541, 26.8740908], [81.0203038, 26.8740721]]}}, {"type": "Feature", "properties": {"highway": "trunk", "name": "Faizabad Road Flyover"}, "geometry": {"type": "LineString", "coordinates": [[81.0316826, 26.8769439], [81.0315276, 26.8768583]]}}, {"type": "Feature", "properties": {"highway": "trunk", "name": "Matiyari Flyover"}, "geometry": {"type": "LineString", "coordinates": [[81.0361144, 26.879237], [81.0357171, 26.8790367]]}}, {"type": "Feature", "properties": {"highway": "trunk", "name": "Matiyari Flyover"}, "geometry": {"type": "LineString", "coordinates": [[81.04388, 26.8829792], [81.0440561, 26.8830626]]}}, {"type": "Feature", "properties": {"highway": "trunk", "name": "Matiyari Flyover"}, "geometry": {"type": "LineString", "coordinates": [[81.0359561, 26.8792437], [81.0360817, 26.8793046]]}}, {"type": "Feature", "properties": {"highway": "trunk", "name": "Shaheed Path Flyover"}, "geometry": {"type": "LineString", "coordinates": [[81.0117342, 26.8619993], [81.0116411, 26.8616946]]}}, {"type": "Feature", "properties": {"highway": "trunk", "name": "Shaheed Path Flyover"}, "geometry": {"type": "LineString", "coordinates": [[81.0115299, 26.8617202], [81.0116314, 26.8620237]]}}, {"type": "Feature", "properties": {"highway": "primary", "name": null}, "geometry": {"type": "LineString", "coordinates": [[80.9214408, 26.8679931], [80.9212762, 26.8677861]]}}, {"type": "Feature", "properties": {"highway": "primary", "name": "Mahatma Gandhi Road Underpass"}, "geometry": {"type": "LineString", "coordinates": [[80.9219214, 26.8680924], [80.9222095, 26.8679226]]}}, {"type": "Feature", "properties": {"highway": "primary", "name": "Mahatma Gandhi Road Underpass"}, "geometry": {"type": "LineString", "coordinates": [[80.9213997, 26.8682768], [80.9216693, 26.8681905]]}}, {"type": "Feature", "properties": {"highway": "primary", "name": "Kanpur-Lucknow Road"}, "geometry": {"type": "LineString", "coordinates": [[80.9243661, 26.8325054], [80.9247582, 26.8325401], [80.9259816, 26.8326483], [80.9260921, 26.8326561], [80.9268001, 26.8327061], [80.9297471, 26.8328686], [80.929877, 26.8328263], [80.9299654, 26.8327975], [80.9306003, 26.832807]]}}, {"type": "Feature", "properties": {"highway": "primary", "name": "Kanpur-Lucknow Road"}, "geometry": {"type": "LineString", "coordinates": [[80.9242424, 26.8324935], [80.9243661, 26.8325054]]}}, {"type": "Feature", "properties": {"highway": "trunk", "name": "\u092e\u0902\u0924\u094d\u0924\u0940 \u0906\u0935\u093e\u0938 \u0930\u094b\u0921"}, "geometry": {"type": "LineString", "coordinates": [[81.0206502, 26.8740978], [81.0206339, 26.8739817]]}}, {"type": "Feature", "properties": {"highway": "trunk", "name": "Ring Road"}, "geometry": {"type": "LineString", "coordinates": [[80.9653903, 26.9003106], [80.9650722, 26.9006252], [80.9647524, 26.900946], [80.9639107, 26.9018074], [80.9616489, 26.9041221], [80.9611302, 26.9046879]]}}, {"type": "Feature", "properties": {"highway": "trunk", "name": "Ring Road"}, "geometry": {"type": "LineString", "coordinates": [[80.9613252, 26.9046346], [80.9617371, 26.9041842], [80.9648711, 26.9009657], [80.9649083, 26.9009273], [80.9651553, 26.900672], [80.9654653, 26.9003555]]}}, {"type": "Feature", "properties": {"highway": "trunk", "name": "Munshipulia"}, "geometry": {"type": "LineString", "coordinates": [[80.9957225, 26.8853518], [80.9957495, 26.8853619], [80.9958024, 26.8853715], [80.9958506, 26.8853699], [80.9959246, 26.8853471], [80.9959675, 26.8853187], [80.9960085, 26.8852707], [80.9960146, 26.8852597], [80.9960333, 26.8851962], [80.9960276, 26.8851326], [80.9960085, 26.8850889], [80.9959844, 26.8850568], [80.9959647, 26.8850384], [80.9959105, 26.885006]]}}, {"type": "Feature", "properties": {"highway": "trunk", "name": "Ring Road"}, "geometry": {"type": "LineString", "coordinates": [[80.9958294, 26.8766029], [80.9958296, 26.8766246], [80.9958044, 26.8769945]]}}, {"type": "Feature", "properties": {"highway": "trunk", "name": "Ring Road"}, "geometry": {"type": "LineString", "coordinates": [[80.9958289, 26.8765834], [80.9958294, 26.8766029]]}}, {"type": "Feature", "properties": {"highway": "trunk", "name": "Ring Road"}, "geometry": {"type": "LineString", "coordinates": [[80.9380714, 26.9151328], [80.9380574, 26.9149575], [80.938054, 26.9149143]]}}, {"type": "Feature", "properties": {"highway": "primary", "name": "Sitapur Road"}, "geometry": {"type": "LineString", "coordinates": [[80.9379112, 26.914249], [80.9379605, 26.9150434]]}}, {"type": "Feature", "properties": {"highway": "trunk", "name": "Ring Road"}, "geometry": {"type": "LineString", "coordinates": [[80.9743671, 26.8920932], [80.9746748, 26.8918025]]}}, {"type": "Feature", "properties": {"highway": "trunk", "name": "Ring Road"}, "geometry": {"type": "LineString", "coordinates": [[80.9745842, 26.8917563], [80.9743049, 26.8920245]]}}, {"type": "Feature", "properties": {"highway": "secondary", "name": null}, "geometry": {"type": "LineString", "coordinates": [[80.9039812, 26.8839339], [80.9035082, 26.8840103], [80.9016181, 26.8842591], [80.9010604, 26.8843279], [80.9007165, 26.8843357], [80.8986024, 26.8845507], [80.8975483, 26.8848461], [80.8973828, 26.8848915], [80.896188, 26.8852285], [80.89592, 26.8852901], [80.8957686, 26.8852918], [80.8955247, 26.8852878], [80.8953052, 26.8852757], [80.8936164, 26.8852296], [80.8930487, 26.8852291], [80.8928027, 26.8852476], [80.8902177, 26.8857009], [80.8889248, 26.8859783], [80.887789, 26.8863506], [80.8870663, 26.8865286], [80.8866591, 26.8865797], [80.8858595, 26.8865857], [80.8850395, 26.8867374], [80.8842381, 26.887039], [80.8832621, 26.8874285], [80.8829168, 26.887664], [80.8822119, 26.8884102], [80.8817858, 26.8890743], [80.8815562, 26.8895542], [80.8807887, 26.8911585], [80.8805754, 26.8917234], [80.8805278, 26.8919557], [80.8805278, 26.8922748], [80.8810888, 26.8937759], [80.8813246, 26.8947548], [80.881351, 26.8953629], [80.881291, 26.8955178], [80.8811218, 26.8957133], [80.8807254, 26.8960523], [80.8795566, 26.8969896], [80.8792822, 26.8972796], [80.8786927, 26.8980338], [80.8784782, 26.8982776], [80.8783217, 26.8984118], [80.8781082, 26.8985622], [80.8776549, 26.8988414], [80.8775045, 26.8989049], [80.8770471, 26.8990281], [80.875175, 26.899494], [80.8747847, 26.8995992], [80.8745794, 26.8996681], [80.8740306, 26.8998566], [80.873315, 26.9001321], [80.8731768, 26.9001666], [80.8731016, 26.9001593], [80.872985, 26.900117]]}}, {"type": "Feature", "properties": {"highway": "secondary", "name": null}, "geometry": {"type": "LineString", "coordinates": [[80.8732594, 26.900469], [80.8733215, 26.9002862], [80.873525, 26.9001522], [80.8751194, 26.8995922], [80.8763049, 26.8993004], [80.8772272, 26.8990622], [80.8777142, 26.8989097], [80.8783685, 26.8984806], [80.8785955, 26.898267], [80.8787347, 26.8980999], [80.8795549, 26.8971153]]}}, {"type": "Feature", "properties": {"highway": "secondary", "name": null}, "geometry": {"type": "LineString", "coordinates": [[80.8795549, 26.8971153], [80.8810365, 26.8958897], [80.881317, 26.8956323], [80.8814227, 26.89548], [80.8814675, 26.8952298], [80.881439, 26.8947766], [80.8813089, 26.8942291], [80.881069, 26.8933988], [80.880821, 26.8927715], [80.8806137, 26.8922603], [80.8806015, 26.8920899], [80.8806259, 26.8918977], [80.8807438, 26.8915242], [80.8808696, 26.8911866], [80.8816398, 26.8895894], [80.8818531, 26.8891493], [80.8822597, 26.8884821], [80.8830484, 26.8876844], [80.8834305, 26.8874596], [80.8846664, 26.8869737], [80.8853413, 26.8867562], [80.8859878, 26.8866662], [80.8866992, 26.8866546], [80.8869939, 26.8866222], [80.8870999, 26.8866105], [80.8876335, 26.8864837], [80.8889563, 26.886045], [80.8893417, 26.8859657], [80.8927134, 26.885351], [80.893062, 26.8853279], [80.8935698, 26.8853275], [80.8955103, 26.8853929], [80.8957631, 26.8853941], [80.8959321, 26.8853869], [80.8961226, 26.8853343], [80.8962157, 26.8853079]]}}, {"type": "Feature", "properties": {"highway": "secondary", "name": null}, "geometry": {"type": "LineString", "coordinates": [[80.8955247, 26.8852878], [80.8952268, 26.8850186], [80.8948911, 26.8846737], [80.8947755, 26.8845572], [80.8946407, 26.8845044], [80.8944921, 26.8844921], [80.8944247, 26.884459], [80.8943408, 26.8843486], [80.89425, 26.8841436], [80.8941509, 26.8839767], [80.8940601, 26.8839595]]}}, {"type": "Feature", "properties": {"highway": "secondary", "name": null}, "geometry": {"type": "LineString", "coordinates": [[80.9109573, 26.8727478], [80.9108237, 26.8728105], [80.9106037, 26.8730844], [80.9092953, 26.8762747], [80.9090385, 26.8768453], [80.9085416, 26.8779088], [80.9084173, 26.8782076], [80.9083577, 26.878479], [80.9083444, 26.8787983], [80.9083314, 26.8793355], [80.9083563, 26.8811622], [80.9082676, 26.8815426], [80.908109, 26.8818386], [80.9075811, 26.8825901], [80.9072049, 26.8830277], [80.9068883, 26.8832652], [80.9066587, 26.883378], [80.9063293, 26.8835057], [80.9059459, 26.8836056], [80.9051234, 26.8837602], [80.9047698, 26.8838153], [80.9041215, 26.8839177]]}}, {"type": "Feature", "properties": {"highway": "secondary", "name": null}, "geometry": {"type": "LineString", "coordinates": [[80.9041215, 26.8839177], [80.9039812, 26.8839339]]}}, {"type": "Feature", "properties": {"highway": "primary", "name": "Kanpur-Lucknow Road"}, "geometry": {"type": "LineString", "coordinates": [[80.9097398, 26.8296442], [80.9097062, 26.829751], [80.909682, 26.8301121], [80.9096968, 26.8302752], [80.9097425, 26.8304264], [80.9098407, 26.8306256], [80.9098683, 26.8306675], [80.9099399, 26.8308004], [80.9100604, 26.830953], [80.9101108, 26.831001], [80.9102002, 26.8310766], [80.9102968, 26.8311412], [80.9104375, 26.8312197]]}}, {"type": "Feature", "properties": {"highway": "secondary", "name": null}, "geometry": {"type": "LineString", "coordinates": [[80.9109567, 26.872864], [80.9109816, 26.8728857], [80.9110129, 26.8728992], [80.9110493, 26.8729031], [80.9110851, 26.872896], [80.9111163, 26.8728787], [80.9111392, 26.8728531], [80.9111512, 26.8728222], [80.9111511, 26.8727895], [80.9111387, 26.8727587], [80.9111156, 26.8727333], [80.9110843, 26.8727162], [80.9110484, 26.8727094], [80.9110139, 26.8727131], [80.9109977, 26.8727199], [80.9109824, 26.8727263], [80.9109573, 26.8727478], [80.910941, 26.8727752], [80.9109353, 26.8728058], [80.9109407, 26.8728365], [80.9109567, 26.872864]]}}, {"type": "Feature", "properties": {"highway": "primary", "name": null}, "geometry": {"type": "LineString", "coordinates": [[80.9242636, 26.8675531], [80.9241689, 26.86746]]}}, {"type": "Feature", "properties": {"highway": "primary", "name": null}, "geometry": {"type": "LineString", "coordinates": [[80.9241066, 26.8675005], [80.9241967, 26.8676012]]}}, {"type": "Feature", "properties": {"highway": "primary", "name": null}, "geometry": {"type": "LineString", "coordinates": [[80.9240375, 26.8674542], [80.9241066, 26.8675005]]}}, {"type": "Feature", "properties": {"highway": "primary", "name": null}, "geometry": {"type": "LineString", "coordinates": [[80.9240871, 26.8673856], [80.9240448, 26.8673588]]}}, {"type": "Feature", "properties": {"highway": "secondary", "name": null}, "geometry": {"type": "LineString", "coordinates": [[81.0138436, 26.811751], [81.0139514, 26.8117888], [81.0143423, 26.8122769], [81.0147044, 26.8128036], [81.0147947, 26.8130218], [81.0149243, 26.813335], [81.0150397, 26.8137108], [81.0150777, 26.8147996]]}}, {"type": "Feature", "properties": {"highway": "secondary", "name": null}, "geometry": {"type": "LineString", "coordinates": [[81.013377, 26.8110763], [81.0137357, 26.8115919], [81.0138436, 26.811751]]}}, {"type": "Feature", "properties": {"highway": "trunk", "name": "Shaheed Path"}, "geometry": {"type": "LineString", "coordinates": [[81.0133954, 26.8118913], [81.0139451, 26.8126072], [81.014117, 26.8128612], [81.0142605, 26.8131171], [81.0143384, 26.8132793], [81.0143869, 26.8134008], [81.0144638, 26.8136375], [81.0145029, 26.8137903], [81.014516, 26.8138619], [81.0145429, 26.8141068], [81.0145703, 26.8143556], [81.0145571, 26.8146682], [81.0145189, 26.8149706], [81.0142899, 26.8157411], [81.0142411, 26.8159009]]}}, {"type": "Feature", "properties": {"highway": "trunk", "name": "Shaheed Path"}, "geometry": {"type": "LineString", "coordinates": [[81.0133149, 26.8117842], [81.0133954, 26.8118913]]}}, {"type": "Feature", "properties": {"highway": "trunk", "name": "Shaheed Path"}, "geometry": {"type": "LineString", "coordinates": [[81.0143574, 26.8159448], [81.0144679, 26.8155907], [81.0146461, 26.8149983], [81.0146711, 26.8148415], [81.0146844, 26.8146832], [81.0146943, 26.8143488], [81.0146876, 26.8142234], [81.0146621, 26.8139661], [81.0146248, 26.8137752], [81.0145694, 26.8135491], [81.0144956, 26.8133217], [81.0144547, 26.8132369], [81.0142978, 26.8129203], [81.0142438, 26.8128302], [81.014175, 26.81272], [81.0140368, 26.8125274], [81.013512, 26.8118343]]}}, {"type": "Feature", "properties": {"highway": "trunk", "name": "Shaheed Path"}, "geometry": {"type": "LineString", "coordinates": [[81.013512, 26.8118343], [81.0134266, 26.8117249]]}}, {"type": "Feature", "properties": {"highway": "secondary", "name": null}, "geometry": {"type": "LineString", "coordinates": [[81.0065773, 26.8036396], [81.0065907, 26.8037474], [81.0090825, 26.8067231], [81.0094741, 26.8071468], [81.0097414, 26.8074243]]}}, {"type": "Feature", "properties": {"highway": "secondary", "name": null}, "geometry": {"type": "LineString", "coordinates": [[81.0097414, 26.8074243], [81.0102876, 26.8078778]]}}, {"type": "Feature", "properties": {"highway": "primary", "name": null}, "geometry": {"type": "LineString", "coordinates": [[80.8909402, 26.7702646], [80.8909255, 26.7702432], [80.8908658, 26.770174], [80.8907976, 26.7701113], [80.8906136, 26.7699369]]}}, {"type": "Feature", "properties": {"highway": "primary", "name": null}, "geometry": {"type": "LineString", "coordinates": [[80.8904833, 26.7700393], [80.8905469, 26.770063], [80.8906079, 26.7700918], [80.8906656, 26.7701255], [80.8907329, 26.7701744], [80.8907935, 26.7702299], [80.8908544, 26.7703106]]}}, {"type": "Feature", "properties": {"highway": "primary", "name": "Parivartan Chowk"}, "geometry": {"type": "LineString", "coordinates": [[80.9361509, 26.8544748], [80.9361217, 26.8543425], [80.9360844, 26.8542742], [80.936029, 26.854184], [80.9359602, 26.8541023]]}}, {"type": "Feature", "properties": {"highway": "primary", "name": "Hardoi Road"}, "geometry": {"type": "LineString", "coordinates": [[80.9069653, 26.8692829], [80.9066519, 26.8693245]]}}, {"type": "Feature", "properties": {"highway": "primary", "name": "Ashok Marg"}, "geometry": {"type": "LineString", "coordinates": [[80.9462012, 26.8467888], [80.9462522, 26.8468848], [80.9462693, 26.8469617], [80.9463438, 26.8470338], [80.9465827, 26.8473816]]}}, {"type": "Feature", "properties": {"highway": "secondary", "name": "Subhash Marg"}, "geometry": {"type": "LineString", "coordinates": [[80.9207098, 26.8373508], [80.9207672, 26.8371742]]}}, {"type": "Feature", "properties": {"highway": "secondary", "name": "Kursi Road"}, "geometry": {"type": "LineString", "coordinates": [[80.9416327, 26.8738325], [80.9416657, 26.8737138]]}}, {"type": "Feature", "properties": {"highway": "secondary", "name": "Kursi Road"}, "geometry": {"type": "LineString", "coordinates": [[80.9415258, 26.8737065], [80.9416327, 26.8738325]]}}, {"type": "Feature", "properties": {"highway": "primary", "name": null}, "geometry": {"type": "LineString", "coordinates": [[80.9616487, 26.8288812], [80.9618366, 26.8288065]]}}, {"type": "Feature", "properties": {"highway": "secondary", "name": "Kursi Road"}, "geometry": {"type": "LineString", "coordinates": [[80.952523, 26.887265], [80.9525694, 26.8874077], [80.9526331, 26.8876033], [80.9526718, 26.8876694], [80.9527606, 26.8878212], [80.9528357, 26.8879496], [80.9530282, 26.8882378], [80.9530408, 26.8882567], [80.9532255, 26.8885332], [80.9534912, 26.8890135], [80.9536802, 26.8893553], [80.9537972, 26.8895775], [80.9538977, 26.8897685], [80.9541893, 26.8903224], [80.9542925, 26.8905184], [80.954354, 26.8906353]]}}, {"type": "Feature", "properties": {"highway": "primary", "name": "Mahatma Gandhi Road"}, "geometry": {"type": "LineString", "coordinates": [[80.9238173, 26.8671032], [80.9240229, 26.8669798], [80.9240974, 26.8669228], [80.9241806, 26.8668591]]}}, {"type": "Feature", "properties": {"highway": "primary", "name": null}, "geometry": {"type": "LineString", "coordinates": [[80.9238173, 26.8671032], [80.9237234, 26.8669776]]}}, {"type": "Feature", "properties": {"highway": "primary", "name": null}, "geometry": {"type": "LineString", "coordinates": [[80.9236147, 26.8670284], [80.9237007, 26.8671561]]}}, {"type": "Feature", "properties": {"highway": "primary", "name": "Mahatma Gandhi Road"}, "geometry": {"type": "LineString", "coordinates": [[80.9237007, 26.8671561], [80.9238173, 26.8671032]]}}, {"type": "Feature", "properties": {"highway": "primary", "name": "Mahatma Gandhi Road"}, "geometry": {"type": "LineString", "coordinates": [[80.9237234, 26.8669776], [80.9236147, 26.8670284]]}}, {"type": "Feature", "properties": {"highway": "trunk", "name": "Ring Road"}, "geometry": {"type": "LineString", "coordinates": [[80.9849198, 26.8860571], [80.9849922, 26.8860516]]}}, {"type": "Feature", "properties": {"highway": "primary", "name": "Faizabad Road"}, "geometry": {"type": "LineString", "coordinates": [[80.9406754, 26.8712431], [80.9408393, 26.8712339]]}}, {"type": "Feature", "properties": {"highway": "primary", "name": null}, "geometry": {"type": "LineString", "coordinates": [[80.9255489, 26.8691448], [80.9255512, 26.8691705], [80.9255615, 26.8691946], [80.9255791, 26.8692151], [80.9256025, 26.8692304]]}}, {"type": "Feature", "properties": {"highway": "primary", "name": "Ashok Marg"}, "geometry": {"type": "LineString", "coordinates": [[80.9420787, 26.8428874], [80.9415798, 26.8425154], [80.9410617, 26.8421915], [80.9406348, 26.8419506], [80.9405573, 26.8419068], [80.9398025, 26.8414914], [80.9394911, 26.8413433], [80.9392383, 26.8412341], [80.9385177, 26.840923], [80.9381724, 26.8408052], [80.9373759, 26.8405098]]}}, {"type": "Feature", "properties": {"highway": "primary", "name": "Ashok Marg"}, "geometry": {"type": "LineString", "coordinates": [[80.9421736, 26.8429582], [80.9420787, 26.8428874]]}}, {"type": "Feature", "properties": {"highway": "primary", "name": "Ashok Marg"}, "geometry": {"type": "LineString", "coordinates": [[80.937214, 26.8406082], [80.9373079, 26.8406388]]}}, {"type": "Feature", "properties": {"highway": "primary", "name": "Ashok Marg"}, "geometry": {"type": "LineString", "coordinates": [[80.9373759, 26.8405098], [80.9372809, 26.8404764]]}}, {"type": "Feature", "properties": {"highway": "trunk", "name": "Kanpur-Lucknow Road"}, "geometry": {"type": "LineString", "coordinates": [[80.8940148, 26.7983242], [80.8934408, 26.7972912], [80.8932263, 26.7968758], [80.8932029, 26.7968351], [80.8927528, 26.796051], [80.8925477, 26.7956679], [80.8921251, 26.7949257], [80.8919656, 26.7946456], [80.8918149, 26.7943769], [80.8907339, 26.7924501], [80.8906849, 26.7923627], [80.8904408, 26.7919126], [80.8895745, 26.7902923], [80.8890688, 26.7894009], [80.8887, 26.7887281], [80.8874231, 26.786356], [80.8869257, 26.7855138], [80.8865722, 26.7848848], [80.8857482, 26.7832857], [80.8854297, 26.7827058], [80.8843401, 26.7806839], [80.8843111, 26.78063], [80.8840478, 26.7801631], [80.8838444, 26.779795], [80.8830397, 26.7783756], [80.8825531, 26.7775746], [80.8823783, 26.7773157], [80.8823029, 26.7772039], [80.8822272, 26.7770917]]}}, {"type": "Feature", "properties": {"highway": "trunk", "name": "Kanpur-Lucknow Road"}, "geometry": {"type": "LineString", "coordinates": [[80.8941647, 26.7988473], [80.8945324, 26.7995119], [80.8948798, 26.8001896], [80.8949181, 26.8002723], [80.8950264, 26.8004803], [80.895339, 26.8010937], [80.8954676, 26.8013291], [80.895507, 26.8014072], [80.8955132, 26.8014233], [80.8955735, 26.8015558], [80.8956256, 26.8016794], [80.895684, 26.8018438]]}}, {"type": "Feature", "properties": {"highway": "trunk", "name": "Kanpur-Lucknow Road"}, "geometry": {"type": "LineString", "coordinates": [[80.8939089, 26.7983673], [80.8941647, 26.7988473]]}}, {"type": "Feature", "properties": {"highway": "secondary", "name": null}, "geometry": {"type": "LineString", "coordinates": [[80.9713872, 26.8559809], [80.9715631, 26.8560286]]}}, {"type": "Feature", "properties": {"highway": "secondary", "name": null}, "geometry": {"type": "LineString", "coordinates": [[80.9164953, 26.8520389], [80.9164904, 26.8519751]]}}, {"type": "Feature", "properties": {"highway": "secondary", "name": null}, "geometry": {"type": "LineString", "coordinates": [[81.0103853, 26.8077727], [81.0103046, 26.8077074], [81.0098898, 26.8073718], [81.0095787, 26.8070606], [81.0087767, 26.8061701], [81.0083804, 26.8056885], [81.0067499, 26.8037072], [81.0067181, 26.80368], [81.0066788, 26.8036607], [81.0065773, 26.8036396]]}}, {"type": "Feature", "properties": {"highway": "secondary", "name": null}, "geometry": {"type": "LineString", "coordinates": [[81.0102876, 26.8078778], [81.0103217, 26.8079057], [81.010366, 26.8079422]]}}, {"type": "Feature", "properties": {"highway": "secondary", "name": null}, "geometry": {"type": "LineString", "coordinates": [[81.010468, 26.8078397], [81.0103853, 26.8077727]]}}, {"type": "Feature", "properties": {"highway": "primary", "name": "Sitapur Road"}, "geometry": {"type": "LineString", "coordinates": [[80.9369876, 26.8960855], [80.9371984, 26.8968426], [80.9372671, 26.8971106], [80.9373428, 26.8974836], [80.9374246, 26.8976917], [80.9376286, 26.8982684], [80.9378538, 26.8989164], [80.9381151, 26.8996531], [80.938165, 26.8997904], [80.9381904, 26.8998565], [80.9382279, 26.8999163], [80.9382628, 26.8999426], [80.9383209, 26.8999661]]}}, {"type": "Feature", "properties": {"highway": "primary", "name": "Ashok Marg"}, "geometry": {"type": "LineString", "coordinates": [[80.9564075, 26.8674612], [80.9563052, 26.8669304], [80.9560962, 26.8660228], [80.9559785, 26.8655448]]}}, {"type": "Feature", "properties": {"highway": "primary", "name": null}, "geometry": {"type": "LineString", "coordinates": [[80.9559785, 26.8655448], [80.9567188, 26.8654269], [80.9577974, 26.8652632], [80.9580254, 26.8652527], [80.95816, 26.8652073], [80.9580152, 26.8651771], [80.9577862, 26.8651962], [80.9560317, 26.8654612], [80.9559992, 26.8654622], [80.9559686, 26.8654543], [80.955939, 26.8654379], [80.9559204, 26.8654181], [80.9559102, 26.8653934]]}}, {"type": "Feature", "properties": {"highway": "primary", "name": null}, "geometry": {"type": "LineString", "coordinates": [[80.9408391, 26.8711454], [80.940826, 26.8711654], [80.9408223, 26.8711881], [80.9408271, 26.8712122], [80.9408393, 26.8712339], [80.9408601, 26.8712504], [80.9408856, 26.8712611], [80.9409132, 26.8712608], [80.9409394, 26.871254], [80.9409615, 26.8712397], [80.9409776, 26.8712194], [80.9409842, 26.8711951], [80.940981, 26.8711707], [80.9409714, 26.8711497]]}}, {"type": "Feature", "properties": {"highway": "secondary", "name": "Kursi Road"}, "geometry": {"type": "LineString", "coordinates": [[80.952523, 26.887265], [80.9524908, 26.887166], [80.9523686, 26.8869493], [80.9520963, 26.8864775], [80.9519277, 26.8861919], [80.9517957, 26.8859565], [80.9516817, 26.8857531], [80.9514311, 26.8854677]]}}, {"type": "Feature", "properties": {"highway": "primary", "name": "Ashok Marg"}, "geometry": {"type": "LineString", "coordinates": [[80.9466409, 26.8472227], [80.9464258, 26.8469428], [80.9463964, 26.8468923], [80.9462602, 26.8467474]]}}, {"type": "Feature", "properties": {"highway": "primary", "name": "Sikander Bagh Chauraha"}, "geometry": {"type": "LineString", "coordinates": [[80.9515108, 26.855296], [80.9514825, 26.8553008], [80.9514573, 26.855313], [80.9514374, 26.8553316], [80.951425, 26.8553548]]}}, {"type": "Feature", "properties": {"highway": "primary", "name": "Ashok Marg"}, "geometry": {"type": "LineString", "coordinates": [[80.9465827, 26.8473816], [80.9468571, 26.8477171], [80.9469475, 26.8478654]]}}, {"type": "Feature", "properties": {"highway": "primary", "name": "Sikander Bagh Chauraha"}, "geometry": {"type": "LineString", "coordinates": [[80.9515994, 26.855409], [80.9516059, 26.8553811], [80.9516014, 26.8553529], [80.9515864, 26.8553278], [80.9515654, 26.8553103], [80.9515394, 26.8552993], [80.9515108, 26.855296]]}}, {"type": "Feature", "properties": {"highway": "primary", "name": "Sikander Bagh Chauraha"}, "geometry": {"type": "LineString", "coordinates": [[80.951425, 26.8553548], [80.9514211, 26.8553802], [80.9514262, 26.8554055], [80.9514417, 26.8554304], [80.9514658, 26.8554491], [80.9514955, 26.8554593]]}}, {"type": "Feature", "properties": {"highway": "primary", "name": "Ashok Marg"}, "geometry": {"type": "LineString", "coordinates": [[80.9575272, 26.8728374], [80.9576111, 26.8730575]]}}, {"type": "Feature", "properties": {"highway": "secondary", "name": null}, "geometry": {"type": "LineString", "coordinates": [[80.9424982, 26.8938442], [80.9424951, 26.8938553], [80.9425007, 26.8938899]]}}, {"type": "Feature", "properties": {"highway": "secondary", "name": null}, "geometry": {"type": "LineString", "coordinates": [[80.9391243, 26.8879393], [80.9391657, 26.8880089], [80.9397275, 26.8889797], [80.9397944, 26.8891584], [80.9403698, 26.890182], [80.9406278, 26.8906455], [80.9408679, 26.8910949], [80.9409077, 26.8911727], [80.9412085, 26.8917134], [80.9412543, 26.8917925], [80.9417924, 26.8927232], [80.9423977, 26.8937113], [80.9424982, 26.8938442]]}}, {"type": "Feature", "properties": {"highway": "secondary", "name": "Kapoorthala Chauraha"}, "geometry": {"type": "LineString", "coordinates": [[80.948368, 26.8819636], [80.9483449, 26.8819463], [80.948318, 26.881934], [80.9482887, 26.8819274], [80.9482586, 26.8819268], [80.9482252, 26.8819334], [80.9481949, 26.8819474], [80.9481694, 26.8819677], [80.9481481, 26.8819982], [80.9481378, 26.8820329]]}}, {"type": "Feature", "properties": {"highway": "secondary", "name": null}, "geometry": {"type": "LineString", "coordinates": [[80.9575899, 26.8732536], [80.9574591, 26.8733565], [80.9573554, 26.8733864]]}}, {"type": "Feature", "properties": {"highway": "primary", "name": null}, "geometry": {"type": "LineString", "coordinates": [[80.916292, 26.8710659], [80.9163058, 26.871007], [80.9162948, 26.8709456], [80.9162755, 26.8708966], [80.9162398, 26.8708548]]}}, {"type": "Feature", "properties": {"highway": "primary", "name": null}, "geometry": {"type": "LineString", "coordinates": [[80.9156269, 26.8706803], [80.9156106, 26.870691], [80.9155839, 26.8707397], [80.915573, 26.8707889]]}}, {"type": "Feature", "properties": {"highway": "primary", "name": null}, "geometry": {"type": "LineString", "coordinates": [[80.9256251, 26.8690627], [80.9256051, 26.8690693], [80.9255872, 26.8690794], [80.925572, 26.8690926], [80.9255603, 26.8691085], [80.9255524, 26.8691261], [80.9255489, 26.8691448]]}}, {"type": "Feature", "properties": {"highway": "primary", "name": null}, "geometry": {"type": "LineString", "coordinates": [[80.9256025, 26.8692304], [80.9256264, 26.8692386], [80.9256519, 26.8692411], [80.9256774, 26.8692378], [80.9257011, 26.869229], [80.9257215, 26.8692151]]}}, {"type": "Feature", "properties": {"highway": "primary", "name": null}, "geometry": {"type": "LineString", "coordinates": [[80.9409714, 26.8711497], [80.9409543, 26.871133], [80.9409317, 26.8711206], [80.940906, 26.8711174], [80.9408807, 26.8711205], [80.9408577, 26.8711294], [80.9408391, 26.8711454]]}}, {"type": "Feature", "properties": {"highway": "primary", "name": "Faizabad Road"}, "geometry": {"type": "LineString", "coordinates": [[80.9566095, 26.8706585], [80.9565639, 26.8706568]]}}, {"type": "Feature", "properties": {"highway": "primary", "name": "Polytechnic Chauraha"}, "geometry": {"type": "LineString", "coordinates": [[80.9954578, 26.8732305], [80.9954894, 26.8732835], [80.9955331, 26.8733217], [80.9957525, 26.8734423]]}}, {"type": "Feature", "properties": {"highway": "primary", "name": "Faizabad Road"}, "geometry": {"type": "LineString", "coordinates": [[80.9568875, 26.8706685], [80.9570934, 26.870658], [80.9571923, 26.870657]]}}, {"type": "Feature", "properties": {"highway": "secondary", "name": "Lohia Path Flyover"}, "geometry": {"type": "LineString", "coordinates": [[80.990501, 26.8601217], [80.9897742, 26.8598781], [80.9893818, 26.8597707], [80.9878521, 26.8594049], [80.9871801, 26.8592506]]}}, {"type": "Feature", "properties": {"highway": "secondary", "name": "Lohia Path"}, "geometry": {"type": "LineString", "coordinates": [[80.9961414, 26.8724859], [80.9961477, 26.8721247]]}}, {"type": "Feature", "properties": {"highway": "primary", "name": "Kanpur-Lucknow Road"}, "geometry": {"type": "LineString", "coordinates": [[80.9305532, 26.8327086], [80.9301693, 26.8327044], [80.9298727, 26.8326911], [80.9297923, 26.8326875], [80.9294668, 26.8326729], [80.9277747, 26.8325941], [80.927324, 26.8325586], [80.9261932, 26.8325034]]}}, {"type": "Feature", "properties": {"highway": "primary", "name": "Husainganj Chauraha"}, "geometry": {"type": "LineString", "coordinates": [[80.9348529, 26.8394201], [80.9348355, 26.839381], [80.9348064, 26.8393479], [80.934768, 26.8393235], [80.9347235, 26.8393098]]}}, {"type": "Feature", "properties": {"highway": "primary", "name": "Hazratganj Chauraha"}, "geometry": {"type": "LineString", "coordinates": [[80.9462602, 26.8467474], [80.9462684, 26.8467285], [80.9462712, 26.8467084], [80.9462685, 26.8466883], [80.9462605, 26.8466694], [80.9462475, 26.8466527], [80.9462304, 26.8466394], [80.9462169, 26.8466326], [80.9461984, 26.8466275], [80.9461804, 26.8466261], [80.9461706, 26.8466253], [80.9461633, 26.8466266]]}}, {"type": "Feature", "properties": {"highway": "trunk", "name": "\u091f\u0947\u0922\u093c\u0940 \u092a\u0941\u0932\u093f\u092f\u093e \u091a\u094c\u0930\u093e\u0939\u093e"}, "geometry": {"type": "LineString", "coordinates": [[80.9567939, 26.9089855], [80.956811, 26.9089891], [80.9568234, 26.9089904], [80.9568586, 26.9089881], [80.9568918, 26.9089774], [80.9569205, 26.9089591], [80.9569425, 26.9089345], [80.9569542, 26.9089117], [80.9569599, 26.9088871]]}}, {"type": "Feature", "properties": {"highway": "trunk", "name": "\u091f\u0947\u0922\u093c\u0940 \u092a\u0941\u0932\u093f\u092f\u093e \u091a\u094c\u0930\u093e\u0939\u093e"}, "geometry": {"type": "LineString", "coordinates": [[80.9569599, 26.9088871], [80.9569568, 26.9088484], [80.9569393, 26.9088129], [80.9569095, 26.9087846]]}}, {"type": "Feature", "properties": {"highway": "trunk", "name": "\u091f\u0947\u0922\u093c\u0940 \u092a\u0941\u0932\u093f\u092f\u093e \u091a\u094c\u0930\u093e\u0939\u093e"}, "geometry": {"type": "LineString", "coordinates": [[80.9567113, 26.9088366], [80.9567039, 26.9088667], [80.9567058, 26.9088976], [80.9567168, 26.9089268], [80.9567362, 26.9089524], [80.9567625, 26.9089724], [80.9567939, 26.9089855]]}}, {"type": "Feature", "properties": {"highway": "trunk", "name": "\u091f\u0947\u0922\u093c\u0940 \u092a\u0941\u0932\u093f\u092f\u093e \u091a\u094c\u0930\u093e\u0939\u093e"}, "geometry": {"type": "LineString", "coordinates": [[80.9569095, 26.9087846], [80.9568831, 26.9087709]]}}, {"type": "Feature", "properties": {"highway": "primary", "name": "Ashok Marg"}, "geometry": {"type": "LineString", "coordinates": [[80.9555771, 26.8634357], [80.9555955, 26.8633766], [80.9556003, 26.863326]]}}, {"type": "Feature", "properties": {"highway": "primary", "name": "Ashok Marg"}, "geometry": {"type": "LineString", "coordinates": [[80.955358, 26.8633], [80.9553456, 26.8634385]]}}, {"type": "Feature", "properties": {"highway": "trunk", "name": "Ring Road"}, "geometry": {"type": "LineString", "coordinates": [[80.9446227, 26.9115727], [80.9436684, 26.911747]]}}, {"type": "Feature", "properties": {"highway": "secondary", "name": "Kursi Road"}, "geometry": {"type": "LineString", "coordinates": [[80.9690972, 26.9240856], [80.9693555, 26.9243339], [80.9696606, 26.9246227], [80.9698767, 26.9248272], [80.9701804, 26.9251147], [80.9703233, 26.9252604], [80.9706395, 26.9255829], [80.9708258, 26.9257311], [80.9711817, 26.9260663], [80.97132, 26.9261877], [80.971721, 26.9265398], [80.972418, 26.9271432], [80.9734181, 26.9279876], [80.9735967, 26.9281384], [80.974611, 26.9290224], [80.9748042, 26.9291733], [80.9754593, 26.9296886], [80.9758355, 26.9300474], [80.9763343, 26.9305506], [80.9765596, 26.9308119], [80.9770038, 26.9313269], [80.9774902, 26.9319314], [80.9775922, 26.9320583], [80.9779619, 26.932544], [80.978097, 26.9327416], [80.9783513, 26.9331135], [80.9783993, 26.9331969], [80.9784382, 26.9332645], [80.9784975, 26.9333677], [80.9786493, 26.9336314]]}}, {"type": "Feature", "properties": {"highway": "secondary", "name": "Kursi Road"}, "geometry": {"type": "LineString", "coordinates": [[80.9690105, 26.9240068], [80.9690972, 26.9240856]]}}]}