{"type": "FeatureCollection", "features": [{"type": "Feature", "properties": {"zone_id": "Z001", "zone_name": "Analysis zone 1"}, "geometry": {"type": "Polygon", "coordinates": [[[77.0840098723048, 29.033212130890206], [77.0868003513196, 28.99978727138185], [77.12279281805083, 28.985700040049522], [77.15601458196672, 29.005019954571182], [77.15325917629364, 29.038445630474406], [77.11724693013701, 29.05255058689155], [77.0840098723048, 29.033212130890206]]]}}, {"type": "Feature", "properties": {"zone_id": "Z002", "zone_name": "Analysis zone 2"}, "geometry": {"type": "Polygon", "coordinates": [[[77.15325917629364, 29.038445630474406], [77.15601458196672, 29.005019954571182], [77.19198976550199, 28.99091435679978], [77.22522924693986, 29.01021668664565], [77.22250892309907, 29.043643116896487], [77.18651403285209, 29.057766474386813], [77.15325917629364, 29.038445630474406]]]}}, {"type": "Feature", "properties": {"zone_id": "Z003", "zone_name": "Analysis zone 3"}, "geometry": {"type": "Polygon", "coordinates": [[[77.05359640161558, 28.98044980962062], [77.0564001503853, 28.947043677693678], [77.09237283587636, 28.932974149617284], [77.12556155057982, 28.95229306163281], [77.12279281805083, 28.985700040049522], [77.0868003513196, 28.99978727138185], [77.05359640161558, 28.98044980962062]]]}}, {"type": "Feature", "properties": {"zone_id": "Z004", "zone_name": "Analysis zone 4"}, "geometry": {"type": "Polygon", "coordinates": [[[77.12279281805083, 28.985700040049522], [77.12556155057982, 28.95229306163281], [77.16151702534641, 28.93820520176744], [77.19472347318427, 28.957506593836268], [77.19198976550199, 28.99091435679978], [77.15601458196672, 29.005019954571182], [77.12279281805083, 28.985700040049522]]]}}, {"type": "Feature", "properties": {"zone_id": "Z005", "zone_name": "Analysis zone 5"}, "geometry": {"type": "Polygon", "coordinates": [[[77.04516808998177, 29.08074134905512], [77.04798037572603, 29.047298661628766], [77.0840098723048, 29.033212130890206], [77.11724693013701, 29.05255058689155], [77.11446976623274, 29.085994122671554], [77.07842041937246, 29.100098365533906], [77.04516808998177, 29.08074134905512]]]}}, {"type": "Feature", "properties": {"zone_id": "Z006", "zone_name": "Analysis zone 6"}, "geometry": {"type": "Polygon", "coordinates": [[[77.11446976623274, 29.085994122671554], [77.11724693013701, 29.05255058689155], [77.15325917629364, 29.038445630474406], [77.18651403285209, 29.057766474386813], [77.18377199947018, 29.091210796374522], [77.14773997581382, 29.105333499682096], [77.11446976623274, 29.085994122671554]]]}}, {"type": "Feature", "properties": {"zone_id": "Z007", "zone_name": "Analysis zone 7"}, "geometry": {"type": "Polygon", "coordinates": [[[77.01476121344207, 29.027942631128894], [77.01758675700103, 28.994518650056808], [77.05359640161558, 28.98044980962062], [77.0868003513196, 28.99978727138185], [77.0840098723048, 29.033212130890206], [77.04798037572603, 29.047298661628766], [77.01476121344207, 29.027942631128894]]]}}, {"type": "Feature", "properties": {"zone_id": "Z008", "zone_name": "Analysis zone 8"}, "geometry": {"type": "Polygon", "coordinates": [[[77.25307458691833, 29.096391357372404], [77.25578148140364, 29.062946311328247], [77.29175891040371, 29.04880457757423], [77.32504907331787, 29.06809008533276], [77.32237732579526, 29.101535793277687], [77.28638026538265, 29.115695343007896], [77.25307458691833, 29.096391357372404]]]}}, {"type": "Feature", "properties": {"zone_id": "Z009", "zone_name": "Analysis zone 9"}, "geometry": {"type": "Polygon", "coordinates": [[[77.32237732579526, 29.101535793277687], [77.32504907331787, 29.06809008533276], [77.36100893588603, 29.053930000328123], [77.39431660611852, 29.07319778442062], [77.39168001331632, 29.10664409210716], [77.3557005926384, 29.12082202740612], [77.32237732579526, 29.101535793277687]]]}}, {"type": "Feature", "properties": {"zone_id": "Z010", "zone_name": "Analysis zone 10"}, "geometry": {"type": "Polygon", "coordinates": [[[77.22250892309907, 29.043643116896487], [77.22522924693986, 29.01021668664565], [77.26118704211568, 28.996092747095727], [77.29444414422889, 29.015377455027814], [77.29175891040371, 29.04880457757423], [77.25578148140364, 29.062946311328247], [77.22250892309907, 29.043643116896487]]]}}, {"type": "Feature", "properties": {"zone_id": "Z011", "zone_name": "Analysis zone 11"}, "geometry": {"type": "Polygon", "coordinates": [[[77.29175891040371, 29.04880457757423], [77.29444414422889, 29.015377455027814], [77.3303844460327, 29.001235198563073], [77.36365907181964, 29.020502247542154], [77.36100893588603, 29.053930000328123], [77.32504907331787, 29.06809008533276], [77.29175891040371, 29.04880457757423]]]}}, {"type": "Feature", "properties": {"zone_id": "Z012", "zone_name": "Analysis zone 12"}, "geometry": {"type": "Polygon", "coordinates": [[[77.18377199947018, 29.091210796374522], [77.18651403285209, 29.057766474386813], [77.22250892309907, 29.043643116896487], [77.25578148140364, 29.062946311328247], [77.25307458691833, 29.096391357372404], [77.2170599921284, 29.110532496370766], [77.18377199947018, 29.091210796374522]]]}}, {"type": "Feature", "properties": {"zone_id": "Z013", "zone_name": "Analysis zone 13"}, "geometry": {"type": "Polygon", "coordinates": [[[76.90656721948976, 29.070127555268588], [76.9094497216356, 29.036686750961156], [76.94551340200374, 29.022637144577967], [76.97871457207727, 29.042010711787835], [76.97586717348322, 29.075452488720945], [76.93978349779992, 29.08951973724982], [76.90656721948976, 29.070127555268588]]]}}, {"type": "Feature", "properties": {"zone_id": "Z014", "zone_name": "Analysis zone 14"}, "geometry": {"type": "Polygon", "coordinates": [[[76.97586717348322, 29.075452488720945], [76.97871457207727, 29.042010711787835], [77.01476121344207, 29.027942631128894], [77.04798037572603, 29.047298661628766], [77.04516808998177, 29.08074134905512], [77.00910152572987, 29.094827106922786], [76.97586717348322, 29.075452488720945]]]}}, {"type": "Feature", "properties": {"zone_id": "Z015", "zone_name": "Analysis zone 15"}, "geometry": {"type": "Polygon", "coordinates": [[[77.56875721819496, 29.069089925296666], [77.57130201627356, 29.03566065415312], [77.60717129754651, 29.02144538271364], [77.64051504497175, 29.040641429481784], [77.63800537321242, 29.07407108262043], [77.60211682511323, 29.088304318438958], [77.56875721819496, 29.069089925296666]]]}}, {"type": "Feature", "properties": {"zone_id": "Z016", "zone_name": "Analysis zone 16"}, "geometry": {"type": "Polygon", "coordinates": [[[77.63800537321242, 29.07407108262043], [77.64051504497175, 29.040641429481784], [77.67636631013808, 29.026407968477944], [77.70972709396348, 29.045586174096403], [77.70725255486076, 29.07901614716861], [77.67138209677091, 29.093267606132812], [77.63800537321242, 29.07407108262043]]]}}, {"type": "Feature", "properties": {"zone_id": "Z017", "zone_name": "Analysis zone 17"}, "geometry": {"type": "Polygon", "coordinates": [[[77.53797540299962, 29.016446802273006], [77.54053386808057, 28.983036045872986], [77.57638387901757, 28.968838717108426], [77.60969469258005, 28.988034213503287], [77.60717129754651, 29.02144538271364], [77.57130201627356, 29.03566065415312], [77.53797540299962, 29.016446802273006]]]}}, {"type": "Feature", "properties": {"zone_id": "Z018", "zone_name": "Analysis zone 18"}, "geometry": {"type": "Polygon", "coordinates": [[[77.60717129754651, 29.02144538271364], [77.60969469258005, 28.988034213503287], [77.64552676107124, 28.973818728775914], [77.67885462866448, 28.992996448417713], [77.67636631013808, 29.026407968477944], [77.64051504497175, 29.040641429481784], [77.60717129754651, 29.02144538271364]]]}}, {"type": "Feature", "properties": {"zone_id": "Z019", "zone_name": "Analysis zone 19"}, "geometry": {"type": "Polygon", "coordinates": [[[77.49950829209779, 29.064072685361324], [77.50208820985043, 29.030643858275205], [77.53797540299962, 29.016446802273006], [77.57130201627356, 29.03566065415312], [77.56875721819496, 29.069089925296666], [77.53285068448278, 29.083304911944698], [77.49950829209779, 29.064072685361324]]]}}, {"type": "Feature", "properties": {"zone_id": "Z020", "zone_name": "Analysis zone 20"}, "geometry": {"type": "Polygon", "coordinates": [[[77.70725255486076, 29.07901614716861], [77.70972709396348, 29.045586174096403], [77.7455602389547, 29.031334549601677], [77.77893796128448, 29.050494878234492], [77.77649856086758, 29.08392510918043], [77.74064629702026, 29.09819476506446], [77.70725255486076, 29.07901614716861]]]}}, {"type": "Feature", "properties": {"zone_id": "Z021", "zone_name": "Analysis zone 21"}, "geometry": {"type": "Polygon", "coordinates": [[[77.39168001331632, 29.10664409210716], [77.39431660611852, 29.07319778442062], [77.43025879722384, 29.05901937338167], [77.46358387733038, 29.07826939701552], [77.4609824466978, 29.111716242281997], [77.42502077095662, 29.12591253778289], [77.39168001331632, 29.10664409210716]]]}}, {"type": "Feature", "properties": {"zone_id": "Z022", "zone_name": "Analysis zone 22"}, "geometry": {"type": "Polygon", "coordinates": [[[77.4609824466978, 29.111716242281997], [77.46358387733038, 29.07826939701552], [77.49950829209779, 29.064072685361324], [77.53285068448278, 29.083304911944698], [77.53028442316042, 29.116752232627807], [77.49434059740086, 29.130966862760573], [77.4609824466978, 29.111716242281997]]]}}, {"type": "Feature", "properties": {"zone_id": "Z023", "zone_name": "Analysis zone 23"}, "geometry": {"type": "Polygon", "coordinates": [[[76.64157830943873, 28.1445332138065], [76.6445542042149, 28.11143220987842], [76.68019414759665, 28.097625171606055], [76.71287791955766, 28.11690176264365], [76.70993614865957, 28.150004021693167], [76.67427647826644, 28.16382844585077], [76.64157830943873, 28.1445332138065]]]}}, {"type": "Feature", "properties": {"zone_id": "Z024", "zone_name": "Analysis zone 24"}, "geometry": {"type": "Polygon", "coordinates": [[[76.70993614865957, 28.150004021693167], [76.71287791955766, 28.11690176264365], [76.74850167718816, 28.103076971038917], [76.78120331849449, 28.122337029159123], [76.77829568153268, 28.15544048306708], [76.74265226575729, 28.16928269526751], [76.70993614865957, 28.150004021693167]]]}}, {"type": "Feature", "properties": {"zone_id": "Z025", "zone_name": "Analysis zone 25"}, "geometry": {"type": "Polygon", "coordinates": [[[76.60290504114302, 28.19145903529041], [76.60590248681005, 28.158339827561537], [76.64157830943873, 28.1445332138065], [76.67427647826644, 28.16382844585077], [76.67131320194329, 28.196948940348], [76.63561758373619, 28.210772927305634], [76.60290504114302, 28.19145903529041]]]}}, {"type": "Feature", "properties": {"zone_id": "Z026", "zone_name": "Analysis zone 26"}, "geometry": {"type": "Polygon", "coordinates": [[[76.67131320194329, 28.196948940348], [76.67427647826644, 28.16382844585077], [76.70993614865957, 28.150004021693167], [76.74265226575729, 28.16928269526751], [76.73972316902346, 28.202404416175156], [76.70404377197546, 28.216246248375235], [76.67131320194329, 28.196948940348]]]}}, {"type": "Feature", "properties": {"zone_id": "Z027", "zone_name": "Analysis zone 27"}, "geometry": {"type": "Polygon", "coordinates": [[[76.57322235840253, 28.139028075089644], [76.57623236670806, 28.10592838653396], [76.61188839363265, 28.092139123814906], [76.6445542042149, 28.11143220987842], [76.64157830943873, 28.1445332138065], [76.60590248681005, 28.158339827561537], [76.57322235840253, 28.139028075089644]]]}}, {"type": "Feature", "properties": {"zone_id": "Z028", "zone_name": "Analysis zone 28"}, "geometry": {"type": "Polygon", "coordinates": [[[77.16403151777484, 28.48588560360506], [77.16675866218377, 28.452663581597005], [77.20243291836805, 28.43866232342847], [77.23539939740837, 28.457865408289898], [77.23270675648872, 28.491088207169508], [77.19701312999412, 28.505107155657825], [77.16403151777484, 28.48588560360506]]]}}, {"type": "Feature", "properties": {"zone_id": "Z029", "zone_name": "Analysis zone 29"}, "geometry": {"type": "Polygon", "coordinates": [[[77.23270675648872, 28.491088207169508], [77.23539939740837, 28.457865408289898], [77.27105653700431, 28.443846306950014], [77.30404033191908, 28.46303229158842], [77.301382202426, 28.496255806405035], [77.26570576363326, 28.51029263199021], [77.23270675648872, 28.491088207169508]]]}}, {"type": "Feature", "properties": {"zone_id": "Z030", "zone_name": "Analysis zone 30"}, "geometry": {"type": "Polygon", "coordinates": [[[77.13380959349797, 28.433443433251405], [77.13654985349392, 28.40024051297378], [77.1722047373255, 28.386256923134184], [77.20513873043714, 28.40545859657559], [77.20243291836805, 28.43866232342847], [77.16675866218377, 28.452663581597005], [77.13380959349797, 28.433443433251405]]]}}, {"type": "Feature", "properties": {"zone_id": "Z031", "zone_name": "Analysis zone 31"}, "geometry": {"type": "Polygon", "coordinates": [[[77.20243291836805, 28.43866232342847], [77.20513873043714, 28.40545859657559], [77.24077656855958, 28.391457197505083], [77.27372789309646, 28.410641834352784], [77.27105653700431, 28.443846306950014], [77.23539939740837, 28.457865408289898], [77.20243291836805, 28.43866232342847]]]}}, {"type": "Feature", "properties": {"zone_id": "Z032", "zone_name": "Analysis zone 32"}, "geometry": {"type": "Polygon", "coordinates": [[[77.12557227079105, 28.53312691694247], [77.12832080629298, 28.49988665080563], [77.16403151777484, 28.48588560360506], [77.19701312999412, 28.505107155657825], [77.19429914549815, 28.538348229903516], [77.15856899467587, 28.552366955336197], [77.12557227079105, 28.53312691694247]]]}}, {"type": "Feature", "properties": {"zone_id": "Z033", "zone_name": "Analysis zone 33"}, "geometry": {"type": "Polygon", "coordinates": [[[77.19429914549815, 28.538348229903516], [77.19701312999412, 28.505107155657825], [77.23270675648872, 28.491088207169508], [77.26570576363326, 28.51029263199021], [77.26302633826509, 28.543534453311338], [77.22731334361079, 28.557571114087356], [77.19429914549815, 28.538348229903516]]]}}, {"type": "Feature", "properties": {"zone_id": "Z034", "zone_name": "Analysis zone 34"}, "geometry": {"type": "Polygon", "coordinates": [[[77.09535668360839, 28.480648008409545], [77.0981183232721, 28.447426824202562], [77.13380959349797, 28.433443433251405], [77.16675866218377, 28.452663581597005], [77.16403151777484, 28.48588560360506], [77.12832080629298, 28.49988665080563], [77.09535668360839, 28.480648008409545]]]}}, {"type": "Feature", "properties": {"zone_id": "Z035", "zone_name": "Analysis zone 35"}, "geometry": {"type": "Polygon", "coordinates": [[[77.33175365131866, 28.548685574654915], [77.33439850973531, 28.515443067296353], [77.37005765825907, 28.501388389001278], [77.40309117082325, 28.520558449457837], [77.4004808868836, 28.553801581812085], [77.3648025130637, 28.567874040069206], [77.33175365131866, 28.548685574654915]]]}}, {"type": "Feature", "properties": {"zone_id": "Z036", "zone_name": "Analysis zone 36"}, "geometry": {"type": "Polygon", "coordinates": [[[77.4004808868836, 28.553801581812085], [77.40309117082325, 28.520558449457837], [77.43873292666012, 28.50648594303549], [77.47178354942149, 28.525638766744382], [77.46920784718594, 28.558882463049784], [77.43354693773328, 28.572972783051974], [77.4004808868836, 28.553801581812085]]]}}, {"type": "Feature", "properties": {"zone_id": "Z037", "zone_name": "Analysis zone 37"}, "geometry": {"type": "Polygon", "coordinates": [[[77.301382202426, 28.496255806405035], [77.30404033191908, 28.46303229158842], [77.33968025252615, 28.448995371318787], [77.37268126868558, 28.468164219186345], [77.37005765825907, 28.501388389001278], [77.33439850973531, 28.515443067296353], [77.301382202426, 28.496255806405035]]]}}, {"type": "Feature", "properties": {"zone_id": "Z038", "zone_name": "Analysis zone 38"}, "geometry": {"type": "Polygon", "coordinates": [[[77.37005765825907, 28.501388389001278], [77.37268126868558, 28.468164219186345], [77.40830386805129, 28.454109504423787], [77.44132201067754, 28.47326117916419], [77.43873292666012, 28.50648594303549], [77.40309117082325, 28.520558449457837], [77.37005765825907, 28.501388389001278]]]}}, {"type": "Feature", "properties": {"zone_id": "Z039", "zone_name": "Analysis zone 39"}, "geometry": {"type": "Polygon", "coordinates": [[[77.29339175043407, 28.59600094039959], [77.29605791571471, 28.56274014643793], [77.33175365131866, 28.548685574654915], [77.3648025130637, 28.567874040069206], [77.36217097033477, 28.601135490076608], [77.32645594041472, 28.61520782998634], [77.29339175043407, 28.59600094039959]]]}}, {"type": "Feature", "properties": {"zone_id": "Z040", "zone_name": "Analysis zone 40"}, "geometry": {"type": "Polygon", "coordinates": [[[77.36217097033477, 28.601135490076608], [77.3648025130637, 28.567874040069206], [77.4004808868836, 28.553801581812085], [77.43354693773328, 28.572972783051974], [77.43095002496628, 28.606234827960492], [77.39525242858096, 28.6203250880922], [77.36217097033477, 28.601135490076608]]]}}, {"type": "Feature", "properties": {"zone_id": "Z041", "zone_name": "Analysis zone 41"}, "geometry": {"type": "Polygon", "coordinates": [[[77.26302633826509, 28.543534453311338], [77.26570576363326, 28.51029263199021], [77.301382202426, 28.496255806405035], [77.33439850973531, 28.515443067296353], [77.33175365131866, 28.548685574654915], [77.29605791571471, 28.56274014643793], [77.26302633826509, 28.543534453311338]]]}}, {"type": "Feature", "properties": {"zone_id": "Z042", "zone_name": "Analysis zone 42"}, "geometry": {"type": "Polygon", "coordinates": [[[77.14202212694278, 28.333872126923602], [77.14475414863902, 28.30070669201612], [77.18035337741667, 28.286740631464458], [77.21323988714828, 28.30592235888785], [77.21054221075615, 28.339088598877186], [77.1749236762757, 28.353072317677334], [77.14202212694278, 28.333872126923602]]]}}, {"type": "Feature", "properties": {"zone_id": "Z043", "zone_name": "Analysis zone 43"}, "geometry": {"type": "Polygon", "coordinates": [[[77.21054221075615, 28.339088598877186], [77.21323988714828, 28.30592235888785], [77.24882210937454, 28.29193858083846], [77.28172588736578, 28.311103362022823], [77.27906256425673, 28.344270346465514], [77.24346110690702, 28.35827181658891], [77.21054221075615, 28.339088598877186]]]}}, {"type": "Feature", "properties": {"zone_id": "Z044", "zone_name": "Analysis zone 44"}, "geometry": {"type": "Polygon", "coordinates": [[[77.11188500096078, 28.2815080550243], [77.11463006140104, 28.24836183960337], [77.15020998252196, 28.234413415255766], [77.18306414777575, 28.25359358143173], [77.18035337741667, 28.286740631464458], [77.14475414863902, 28.30070669201612], [77.11188500096078, 28.2815080550243]]]}}, {"type": "Feature", "properties": {"zone_id": "Z045", "zone_name": "Analysis zone 45"}, "geometry": {"type": "Polygon", "coordinates": [[[77.18035337741667, 28.286740631464458], [77.18306414777575, 28.25359358143173], [77.2186271326925, 28.23962747342619], [77.25149858156207, 28.25879075671868], [77.24882210937454, 28.29193858083846], [77.21323988714828, 28.30592235888785], [77.18035337741667, 28.286740631464458]]]}}, {"type": "Feature", "properties": {"zone_id": "Z046", "zone_name": "Analysis zone 46"}, "geometry": {"type": "Polygon", "coordinates": [[[77.10363328600795, 28.38102183971825], [77.10638661739877, 28.347838070447832], [77.14202212694278, 28.333872126923602], [77.1749236762757, 28.353072317677334], [77.1722047373255, 28.386256923134184], [77.13654985349392, 28.40024051297378], [77.10363328600795, 28.38102183971825]]]}}, {"type": "Feature", "properties": {"zone_id": "Z047", "zone_name": "Analysis zone 47"}, "geometry": {"type": "Polygon", "coordinates": [[[77.1722047373255, 28.386256923134184], [77.1749236762757, 28.353072317677334], [77.21054221075615, 28.339088598877186], [77.24346110690702, 28.35827181658891], [77.24077656855958, 28.391457197505083], [77.20513873043714, 28.40545859657559], [77.1722047373255, 28.386256923134184]]]}}, {"type": "Feature", "properties": {"zone_id": "Z048", "zone_name": "Analysis zone 48"}, "geometry": {"type": "Polygon", "coordinates": [[[77.0735025088053, 28.328620943471666], [77.07626886753229, 28.29545637426911], [77.11188500096078, 28.2815080550243], [77.14475414863902, 28.30070669201612], [77.14202212694278, 28.333872126923602], [77.10638661739877, 28.347838070447832], [77.0735025088053, 28.328620943471666]]]}}, {"type": "Feature", "properties": {"zone_id": "Z049", "zone_name": "Analysis zone 49"}, "geometry": {"type": "Polygon", "coordinates": [[[77.30934858327589, 28.396622650148224], [77.31199871315384, 28.36343655450479], [77.34758299145118, 28.349417357205073], [77.38053629887423, 28.368566519131157], [77.37792058503695, 28.401753268765646], [77.34231714488764, 28.415790213812684], [77.30934858327589, 28.396622650148224]]]}}, {"type": "Feature", "properties": {"zone_id": "Z050", "zone_name": "Analysis zone 50"}, "geometry": {"type": "Polygon", "coordinates": [[[77.37792058503695, 28.401753268765646], [77.38053629887423, 28.368566519131157], [77.41610329634489, 28.35452961899584], [77.44907366792658, 28.37366169855816], [77.44649237740549, 28.406849041444325], [77.41090628922485, 28.42090372284797], [77.37792058503695, 28.401753268765646]]]}}, {"type": "Feature", "properties": {"zone_id": "Z051", "zone_name": "Analysis zone 51"}, "geometry": {"type": "Polygon", "coordinates": [[[77.27906256425673, 28.344270346465514], [77.28172588736578, 28.311103362022823], [77.31729100128454, 28.29710189047854], [77.35021195359278, 28.316249688942076], [77.34758299145118, 28.349417357205073], [77.31199871315384, 28.36343655450479], [77.27906256425673, 28.344270346465514]]]}}, {"type": "Feature", "properties": {"zone_id": "Z052", "zone_name": "Analysis zone 52"}, "geometry": {"type": "Polygon", "coordinates": [[[77.34758299145118, 28.349417357205073], [77.35021195359278, 28.316249688942076], [77.38575985759405, 28.302230548099068], [77.41869789012938, 28.3213613275492], [77.41610329634489, 28.35452961899584], [77.38053629887423, 28.368566519131157], [77.34758299145118, 28.349417357205073]]]}}, {"type": "Feature", "properties": {"zone_id": "Z053", "zone_name": "Analysis zone 53"}, "geometry": {"type": "Polygon", "coordinates": [[[77.27105653700431, 28.443846306950014], [77.27372789309646, 28.410641834352784], [77.30934858327589, 28.396622650148224], [77.34231714488764, 28.415790213812684], [77.33968025252615, 28.448995371318787], [77.30404033191908, 28.46303229158842], [77.27105653700431, 28.443846306950014]]]}}, {"type": "Feature", "properties": {"zone_id": "Z054", "zone_name": "Analysis zone 54"}, "geometry": {"type": "Polygon", "coordinates": [[[77.33968025252615, 28.448995371318787], [77.34231714488764, 28.415790213812684], [77.37792058503695, 28.401753268765646], [77.41090628922485, 28.42090372284797], [77.40830386805129, 28.454109504423787], [77.37268126868558, 28.468164219186345], [77.33968025252615, 28.448995371318787]]]}}, {"type": "Feature", "properties": {"zone_id": "Z055", "zone_name": "Analysis zone 55"}, "geometry": {"type": "Polygon", "coordinates": [[[77.24077656855958, 28.391457197505083], [77.24346110690702, 28.35827181658891], [77.27906256425673, 28.344270346465514], [77.31199871315384, 28.36343655450479], [77.30934858327589, 28.396622650148224], [77.27372789309646, 28.410641834352784], [77.24077656855958, 28.391457197505083]]]}}, {"type": "Feature", "properties": {"zone_id": "Z056", "zone_name": "Analysis zone 56"}, "geometry": {"type": "Polygon", "coordinates": [[[77.0182771825831, 28.575110868265703], [77.02108175798647, 28.541853309853533], [77.05684591191155, 28.52787052732812], [77.08982506683016, 28.547127682892505], [77.08705508134695, 28.580386141886834], [77.05127134778049, 28.594386556087347], [77.0182771825831, 28.575110868265703]]]}}, {"type": "Feature", "properties": {"zone_id": "Z057", "zone_name": "Analysis zone 57"}, "geometry": {"type": "Polygon", "coordinates": [[[77.08705508134695, 28.580386141886834], [77.08982506683016, 28.547127682892505], [77.12557227079105, 28.53312691694247], [77.15856899467587, 28.552366955336197], [77.15583360771906, 28.58562625378669], [77.12006689519397, 28.599644685742778], [77.08705508134695, 28.580386141886834]]]}}, {"type": "Feature", "properties": {"zone_id": "Z058", "zone_name": "Analysis zone 58"}, "geometry": {"type": "Polygon", "coordinates": [[[76.98812026661842, 28.522579074349043], [76.9909378785749, 28.489340607507028], [77.02668245130641, 28.47537543466826], [77.05962898999957, 28.49463113032798], [77.05684591191155, 28.52787052732812], [77.02108175798647, 28.541853309853533], [76.98812026661842, 28.522579074349043]]]}}, {"type": "Feature", "properties": {"zone_id": "Z059", "zone_name": "Analysis zone 59"}, "geometry": {"type": "Polygon", "coordinates": [[[77.05684591191155, 28.52787052732812], [77.05962898999957, 28.49463113032798], [77.09535668360839, 28.480648008409545], [77.12832080629298, 28.49988665080563], [77.12557227079105, 28.53312691694247], [77.08982506683016, 28.547127682892505], [77.05684591191155, 28.52787052732812]]]}}, {"type": "Feature", "properties": {"zone_id": "Z060", "zone_name": "Analysis zone 60"}, "geometry": {"type": "Polygon", "coordinates": [[[76.97965039972011, 28.622368909020068], [76.9824765314645, 28.589093240821903], [77.0182771825831, 28.575110868265703], [77.05127134778049, 28.594386556087347], [77.0484798532925, 28.627663156422898], [77.01265955304972, 28.641663148158813], [76.97965039972011, 28.622368909020068]]]}}, {"type": "Feature", "properties": {"zone_id": "Z061", "zone_name": "Analysis zone 61"}, "geometry": {"type": "Polygon", "coordinates": [[[77.0484798532925, 28.627663156422898], [77.05127134778049, 28.594386556087347], [77.08705508134695, 28.580386141886834], [77.12006689519397, 28.599644685742778], [77.11731004675606, 28.63292215699179], [77.08150673520771, 28.64694022483367], [77.0484798532925, 28.627663156422898]]]}}, {"type": "Feature", "properties": {"zone_id": "Z062", "zone_name": "Analysis zone 62"}, "geometry": {"type": "Polygon", "coordinates": [[[76.94950010962836, 28.569800446416554], [76.952339266047, 28.536543849705595], [76.98812026661842, 28.522579074349043], [77.02108175798647, 28.541853309853533], [77.0182771825831, 28.575110868265703], [76.9824765314645, 28.589093240821903], [76.94950010962836, 28.569800446416554]]]}}, {"type": "Feature", "properties": {"zone_id": "Z063", "zone_name": "Analysis zone 63"}, "geometry": {"type": "Polygon", "coordinates": [[[77.186140781455, 28.638145897418738], [77.18886297534881, 28.604867616486658], [77.2246125634878, 28.590831190861994], [77.25765938987946, 28.610055335407974], [77.25497185872403, 28.643334364787115], [77.21920283540075, 28.65738851254058], [77.186140781455, 28.638145897418738]]]}}, {"type": "Feature", "properties": {"zone_id": "Z064", "zone_name": "Analysis zone 64"}, "geometry": {"type": "Polygon", "coordinates": [[[77.25497185872403, 28.643334364787115], [77.25765938987946, 28.610055335407974], [77.29339175043407, 28.59600094039959], [77.32645594041472, 28.61520782998634], [77.32380307989203, 28.648487546571918], [77.28805135580598, 28.66255969773387], [77.25497185872403, 28.643334364787115]]]}}, {"type": "Feature", "properties": {"zone_id": "Z065", "zone_name": "Analysis zone 65"}, "geometry": {"type": "Polygon", "coordinates": [[[77.15583360771906, 28.58562625378669], [77.15856899467587, 28.552366955336197], [77.19429914549815, 28.538348229903516], [77.22731334361079, 28.557571114087356], [77.2246125634878, 28.590831190861994], [77.18886297534881, 28.604867616486658], [77.15583360771906, 28.58562625378669]]]}}, {"type": "Feature", "properties": {"zone_id": "Z066", "zone_name": "Analysis zone 66"}, "geometry": {"type": "Polygon", "coordinates": [[[77.2246125634878, 28.590831190861994], [77.22731334361079, 28.557571114087356], [77.26302633826509, 28.543534453311338], [77.29605791571471, 28.56274014643793], [77.29339175043407, 28.59600094039959], [77.25765938987946, 28.610055335407974], [77.2246125634878, 28.590831190861994]]]}}, {"type": "Feature", "properties": {"zone_id": "Z067", "zone_name": "Analysis zone 67"}, "geometry": {"type": "Polygon", "coordinates": [[[77.14761089544466, 28.685478450880996], [77.15035456226174, 28.652182017332706], [77.186140781455, 28.638145897418738], [77.21920283540075, 28.65738851254058], [77.21649387922281, 28.690685725906405], [77.18068815536604, 28.70473955570719], [77.14761089544466, 28.685478450880996]]]}}, {"type": "Feature", "properties": {"zone_id": "Z068", "zone_name": "Analysis zone 68"}, "geometry": {"type": "Polygon", "coordinates": [[[77.21649387922281, 28.690685725906405], [77.21920283540075, 28.65738851254058], [77.25497185872403, 28.643334364787115], [77.28805135580598, 28.66255969773387], [77.28537711834753, 28.695857629577436], [77.24958866208178, 28.709929521373184], [77.21649387922281, 28.690685725906405]]]}}, {"type": "Feature", "properties": {"zone_id": "Z069", "zone_name": "Analysis zone 69"}, "geometry": {"type": "Polygon", "coordinates": [[[77.11731004675606, 28.63292215699179], [77.12006689519397, 28.599644685742778], [77.15583360771906, 28.58562625378669], [77.18886297534881, 28.604867616486658], [77.186140781455, 28.638145897418738], [77.15035456226174, 28.652182017332706], [77.11731004675606, 28.63292215699179]]]}}, {"type": "Feature", "properties": {"zone_id": "Z070", "zone_name": "Analysis zone 70"}, "geometry": {"type": "Polygon", "coordinates": [[[76.99656461255022, 28.42290098484995], [76.99937374306491, 28.38969986019267], [77.03506241103473, 28.37575196032472], [77.06796145884616, 28.39498759642517], [77.06518675926966, 28.428189649302123], [77.02947857769348, 28.442155149185847], [76.99656461255022, 28.42290098484995]]]}}, {"type": "Feature", "properties": {"zone_id": "Z071", "zone_name": "Analysis zone 71"}, "geometry": {"type": "Polygon", "coordinates": [[[77.06518675926966, 28.428189649302123], [77.06796145884616, 28.39498759642517], [77.10363328600795, 28.38102183971825], [77.13654985349392, 28.40024051297378], [77.13380959349797, 28.433443433251405], [77.0981183232721, 28.447426824202562], [77.06518675926966, 28.428189649302123]]]}}, {"type": "Feature", "properties": {"zone_id": "Z072", "zone_name": "Analysis zone 72"}, "geometry": {"type": "Polygon", "coordinates": [[[76.9664923088237, 28.37044729840554], [76.96931439942858, 28.33726538366457], [77.00498355232446, 28.323335061771548], [77.03785012640881, 28.34256908796186], [77.03506241103473, 28.37575196032472], [76.99937374306491, 28.38969986019267], [76.9664923088237, 28.37044729840554]]]}}, {"type": "Feature", "properties": {"zone_id": "Z073", "zone_name": "Analysis zone 73"}, "geometry": {"type": "Polygon", "coordinates": [[[77.03506241103473, 28.37575196032472], [77.03785012640881, 28.34256908796186], [77.0735025088053, 28.328620943471666], [77.10638661739877, 28.347838070447832], [77.10363328600795, 28.38102183971825], [77.06796145884616, 28.39498759642517], [77.03506241103473, 28.37575196032472]]]}}, {"type": "Feature", "properties": {"zone_id": "Z074", "zone_name": "Analysis zone 74"}, "geometry": {"type": "Polygon", "coordinates": [[[76.95800901817562, 28.470067895853695], [76.9608396224577, 28.43684857001253], [76.99656461255022, 28.42290098484995], [77.02947857769348, 28.442155149185847], [77.02668245130641, 28.47537543466826], [76.9909378785749, 28.489340607507028], [76.95800901817562, 28.470067895853695]]]}}, {"type": "Feature", "properties": {"zone_id": "Z075", "zone_name": "Analysis zone 75"}, "geometry": {"type": "Polygon", "coordinates": [[[77.02668245130641, 28.47537543466826], [77.02947857769348, 28.442155149185847], [77.06518675926966, 28.428189649302123], [77.0981183232721, 28.447426824202562], [77.09535668360839, 28.480648008409545], [77.05962898999957, 28.49463113032798], [77.02668245130641, 28.47537543466826]]]}}, {"type": "Feature", "properties": {"zone_id": "Z076", "zone_name": "Analysis zone 76"}, "geometry": {"type": "Polygon", "coordinates": [[[76.9279433501949, 28.41757745354995], [76.93078690270956, 28.384377317924073], [76.9664923088237, 28.37044729840554], [76.99937374306491, 28.38969986019267], [76.99656461255022, 28.42290098484995], [76.9608396224577, 28.43684857001253], [76.9279433501949, 28.41757745354995]]]}}, {"type": "Feature", "properties": {"zone_id": "Z077", "zone_name": "Analysis zone 77"}, "geometry": {"type": "Polygon", "coordinates": [[[77.64475563406248, 28.52156832035521], [77.64724109777343, 28.48834213998527], [77.68279339267048, 28.474216495508685], [77.71587909048178, 28.49329911802567], [77.71342817957346, 28.52652564866996], [77.67785701561613, 28.540669217875696], [77.64475563406248, 28.52156832035521]]]}}, {"type": "Feature", "properties": {"zone_id": "Z078", "zone_name": "Analysis zone 78"}, "geometry": {"type": "Polygon", "coordinates": [[[77.71342817957346, 28.52652564866996], [77.71587909048178, 28.49329911802567], [77.75141355515669, 28.479155804153795], [77.78451590338206, 28.49822107465251], [77.78209955113006, 28.531447894626613], [77.74654628964863, 28.545609166125626], [77.71342817957346, 28.52652564866996]]]}}, {"type": "Feature", "properties": {"zone_id": "Z079", "zone_name": "Analysis zone 79"}, "geometry": {"type": "Polygon", "coordinates": [[[77.61417214586976, 28.469242200841247], [77.61667111170269, 28.436034912114437], [77.65220453385798, 28.4219271704931], [77.68525786045369, 28.44100882608747], [77.68279339267048, 28.474216495508685], [77.64724109777343, 28.48834213998527], [77.61417214586976, 28.469242200841247]]]}}, {"type": "Feature", "properties": {"zone_id": "Z080", "zone_name": "Analysis zone 80"}, "geometry": {"type": "Polygon", "coordinates": [[[77.68279339267048, 28.474216495508685], [77.68525786045369, 28.44100882608747], [77.72077352440672, 28.426883447987848], [77.75384351891707, 28.445947814882103], [77.75141355515669, 28.479155804153795], [77.71587909048178, 28.49329911802567], [77.68279339267048, 28.474216495508685]]]}}, {"type": "Feature", "properties": {"zone_id": "Z081", "zone_name": "Analysis zone 81"}, "geometry": {"type": "Polygon", "coordinates": [[[77.60666015093422, 28.56893880278025], [77.6091666692745, 28.535694161712847], [77.64475563406248, 28.52156832035521], [77.67785701561613, 28.540669217875696], [77.6753850988697, 28.573914239752913], [77.63977719648665, 28.588057994660424], [77.60666015093422, 28.56893880278025]]]}}, {"type": "Feature", "properties": {"zone_id": "Z082", "zone_name": "Analysis zone 82"}, "geometry": {"type": "Polygon", "coordinates": [[[77.6753850988697, 28.573914239752913], [77.67785701561613, 28.540669217875696], [77.71342817957346, 28.52652564866996], [77.74654628964863, 28.545609166125626], [77.74410898052844, 28.57885450776601], [77.70851895130528, 28.59301602354893], [77.6753850988697, 28.573914239752913]]]}}, {"type": "Feature", "properties": {"zone_id": "Z083", "zone_name": "Analysis zone 83"}, "geometry": {"type": "Polygon", "coordinates": [[[77.57608211187474, 28.516575919665684], [77.57860212223663, 28.483350150515918], [77.61417214586976, 28.469242200841247], [77.64724109777343, 28.48834213998527], [77.64475563406248, 28.52156832035521], [77.6091666692745, 28.535694161712847], [77.57608211187474, 28.516575919665684]]]}}, {"type": "Feature", "properties": {"zone_id": "Z084", "zone_name": "Analysis zone 84"}, "geometry": {"type": "Polygon", "coordinates": [[[77.62166151732724, 28.369657795429738], [77.6241529646515, 28.3364879982752], [77.6596310158659, 28.322398426051528], [77.69263642552247, 28.3414607703255], [77.69017937316441, 28.374630948098556], [77.65468251373568, 28.388738412306843], [77.62166151732724, 28.369657795429738]]]}}, {"type": "Feature", "properties": {"zone_id": "Z085", "zone_name": "Analysis zone 85"}, "geometry": {"type": "Polygon", "coordinates": [[[77.69017937316441, 28.374630948098556], [77.69263642552247, 28.3414607703255], [77.72809676102196, 28.327353652669803], [77.76111877830411, 28.346398799324096], [77.75869612682658, 28.37956929707428], [77.72321705482501, 28.39369433952152], [77.69017937316441, 28.374630948098556]]]}}, {"type": "Feature", "properties": {"zone_id": "Z086", "zone_name": "Analysis zone 86"}, "geometry": {"type": "Polygon", "coordinates": [[[77.59116425742234, 28.31740849172032], [77.59366912767739, 28.284257705178938], [77.62912836709914, 28.270186003007698], [77.66210154557766, 28.289247228644488], [77.6596310158659, 28.322398426051528], [77.6241529646515, 28.3364879982752], [77.59116425742234, 28.31740849172032]]]}}, {"type": "Feature", "properties": {"zone_id": "Z087", "zone_name": "Analysis zone 87"}, "geometry": {"type": "Polygon", "coordinates": [[[77.6596310158659, 28.322398426051528], [77.66210154557766, 28.289247228644488], [77.69754314076488, 28.275158013866477], [77.73053294415803, 28.29420210493776], [77.72809676102196, 28.327353652669803], [77.69263642552247, 28.3414607703255], [77.6596310158659, 28.322398426051528]]]}}, {"type": "Feature", "properties": {"zone_id": "Z088", "zone_name": "Analysis zone 88"}, "geometry": {"type": "Polygon", "coordinates": [[[77.58363454823751, 28.416936003258392], [77.58614697148286, 28.38374765609539], [77.62166151732724, 28.369657795429738], [77.65468251373568, 28.388738412306843], [77.65220453385798, 28.4219271704931], [77.61667111170269, 28.436034912114437], [77.58363454823751, 28.416936003258392]]]}}, {"type": "Feature", "properties": {"zone_id": "Z089", "zone_name": "Analysis zone 89"}, "geometry": {"type": "Polygon", "coordinates": [[[77.65220453385798, 28.4219271704931], [77.65468251373568, 28.388738412306843], [77.69017937316441, 28.374630948098556], [77.72321705482501, 28.39369433952152], [77.72077352440672, 28.426883447987848], [77.68525786045369, 28.44100882608747], [77.65220453385798, 28.4219271704931]]]}}, {"type": "Feature", "properties": {"zone_id": "Z090", "zone_name": "Analysis zone 90"}, "geometry": {"type": "Polygon", "coordinates": [[[77.55314275526555, 28.364649849248984], [77.55566859134635, 28.331480493355198], [77.59116425742234, 28.31740849172032], [77.6241529646515, 28.3364879982752], [77.62166151732724, 28.369657795429738], [77.58614697148286, 28.38374765609539], [77.55314275526555, 28.364649849248984]]]}}, {"type": "Feature", "properties": {"zone_id": "Z091", "zone_name": "Analysis zone 91"}, "geometry": {"type": "Polygon", "coordinates": [[[77.49972871610778, 28.61129894250921], [77.50229099180203, 28.5780363638465], [77.5379343344565, 28.563928207024073], [77.57103447735489, 28.58306477130277], [77.56850684554477, 28.616327822571254], [77.53284442432088, 28.630453848322443], [77.49972871610778, 28.61129894250921]]]}}, {"type": "Feature", "properties": {"zone_id": "Z092", "zone_name": "Analysis zone 92"}, "geometry": {"type": "Polygon", "coordinates": [[[77.56850684554477, 28.616327822571254], [77.57103447735489, 28.58306477130277], [77.60666015093422, 28.56893880278025], [77.63977719648665, 28.588057994660424], [77.63728421507246, 28.62132145738575], [77.60163953516648, 28.635465328142377], [77.56850684554477, 28.616327822571254]]]}}, {"type": "Feature", "properties": {"zone_id": "Z093", "zone_name": "Analysis zone 93"}, "geometry": {"type": "Polygon", "coordinates": [[[77.46920784718594, 28.558882463049784], [77.47178354942149, 28.525638766744382], [77.50740781030466, 28.511548456972687], [77.54047544805937, 28.530684007813953], [77.5379343344565, 28.563928207024073], [77.50229099180203, 28.5780363638465], [77.46920784718594, 28.558882463049784]]]}}, {"type": "Feature", "properties": {"zone_id": "Z094", "zone_name": "Analysis zone 94"}, "geometry": {"type": "Polygon", "coordinates": [[[77.5379343344565, 28.563928207024073], [77.54047544805937, 28.530684007813953], [77.57608211187474, 28.516575919665684], [77.6091666692745, 28.535694161712847], [77.60666015093422, 28.56893880278025], [77.57103447735489, 28.58306477130277], [77.5379343344565, 28.563928207024073]]]}}, {"type": "Feature", "properties": {"zone_id": "Z095", "zone_name": "Analysis zone 95"}, "geometry": {"type": "Polygon", "coordinates": [[[77.46146515923122, 28.658688005249157], [77.4640486560057, 28.625407097986816], [77.49972871610778, 28.61129894250921], [77.53284442432088, 28.630453848322443], [77.53029562006141, 28.663735259050366], [77.49459641238772, 28.677861271874207], [77.46146515923122, 28.658688005249157]]]}}, {"type": "Feature", "properties": {"zone_id": "Z096", "zone_name": "Analysis zone 96"}, "geometry": {"type": "Polygon", "coordinates": [[[77.53029562006141, 28.663735259050366], [77.53284442432088, 28.630453848322443], [77.56850684554477, 28.616327822571254], [77.60163953516648, 28.635465328142377], [77.5991254301154, 28.66874718108572], [77.56344393363614, 28.682891097618505], [77.53029562006141, 28.663735259050366]]]}}, {"type": "Feature", "properties": {"zone_id": "Z097", "zone_name": "Analysis zone 97"}, "geometry": {"type": "Polygon", "coordinates": [[[77.43095002496628, 28.606234827960492], [77.43354693773328, 28.572972783051974], [77.46920784718594, 28.558882463049784], [77.50229099180203, 28.5780363638465], [77.49972871610778, 28.61129894250921], [77.4640486560057, 28.625407097986816], [77.43095002496628, 28.606234827960492]]]}}, {"type": "Feature", "properties": {"zone_id": "Z098", "zone_name": "Analysis zone 98"}, "geometry": {"type": "Polygon", "coordinates": [[[77.66795439074396, 28.673723760789564], [77.67043379019378, 28.640441526881066], [77.70606062649917, 28.626279836582537], [77.73922699106889, 28.645382434364144], [77.7367823033126, 28.678664987988334], [77.70113653687116, 28.692844635493046], [77.66795439074396, 28.673723760789564]]]}}, {"type": "Feature", "properties": {"zone_id": "Z099", "zone_name": "Analysis zone 99"}, "geometry": {"type": "Polygon", "coordinates": [[[77.63728421507246, 28.62132145738575], [77.63977719648665, 28.588057994660424], [77.6753850988697, 28.573914239752913], [77.70851895130528, 28.59301602354893], [77.70606062649917, 28.626279836582537], [77.67043379019378, 28.640441526881066], [77.63728421507246, 28.62132145738575]]]}}, {"type": "Feature", "properties": {"zone_id": "Z100", "zone_name": "Analysis zone 100"}, "geometry": {"type": "Polygon", "coordinates": [[[77.70606062649917, 28.626279836582537], [77.70851895130528, 28.59301602354893], [77.74410898052844, 28.57885450776601], [77.77725954393551, 28.59793884798757], [77.77483588164982, 28.631202950182207], [77.73922699106889, 28.645382434364144], [77.70606062649917, 28.626279836582537]]]}}, {"type": "Feature", "properties": {"zone_id": "Z101", "zone_name": "Analysis zone 101"}, "geometry": {"type": "Polygon", "coordinates": [[[77.62979017486998, 28.721186159634243], [77.63229070806155, 28.6878855556146], [77.66795439074396, 28.673723760789564], [77.70113653687116, 28.692844635493046], [77.69867076455806, 28.726145589895033], [77.66298808276298, 28.740325330596885], [77.62979017486998, 28.721186159634243]]]}}, {"type": "Feature", "properties": {"zone_id": "Z102", "zone_name": "Analysis zone 102"}, "geometry": {"type": "Polygon", "coordinates": [[[77.69867076455806, 28.726145589895033], [77.70113653687116, 28.692844635493046], [77.7367823033126, 28.678664987988334], [77.76998122128856, 28.697768327276997], [77.76755021582552, 28.731069570711202], [77.73188552314855, 28.745267197210904], [77.69867076455806, 28.726145589895033]]]}}, {"type": "Feature", "properties": {"zone_id": "Z103", "zone_name": "Analysis zone 103"}, "geometry": {"type": "Polygon", "coordinates": [[[77.5991254301154, 28.66874718108572], [77.60163953516648, 28.635465328142377], [77.63728421507246, 28.62132145738575], [77.67043379019378, 28.640441526881066], [77.66795439074396, 28.673723760789564], [77.63229070806155, 28.6878855556146], [77.5991254301154, 28.66874718108572]]]}}, {"type": "Feature", "properties": {"zone_id": "Z104", "zone_name": "Analysis zone 104"}, "geometry": {"type": "Polygon", "coordinates": [[[77.47692718669914, 28.4591886945403], [77.47949512952414, 28.42598234973671], [77.51506376394792, 28.41190995665621], [77.54808346920677, 28.43102608314248], [77.54555001159429, 28.46423293033005], [77.50996236086797, 28.478323159989294], [77.47692718669914, 28.4591886945403]]]}}, {"type": "Feature", "properties": {"zone_id": "Z105", "zone_name": "Analysis zone 105"}, "geometry": {"type": "Polygon", "coordinates": [[[77.54555001159429, 28.46423293033005], [77.54808346920677, 28.43102608314248], [77.58363454823751, 28.416936003258392], [77.61667111170269, 28.436034912114437], [77.61417214586976, 28.469242200841247], [77.57860212223663, 28.483350150515918], [77.54555001159429, 28.46423293033005]]]}}, {"type": "Feature", "properties": {"zone_id": "Z106", "zone_name": "Analysis zone 106"}, "geometry": {"type": "Polygon", "coordinates": [[[77.44649237740549, 28.406849041444325], [77.44907366792658, 28.37366169855816], [77.48462328294536, 28.359607120121375], [77.51761062417306, 28.378722081260083], [77.51506376394792, 28.41190995665621], [77.47949512952414, 28.42598234973671], [77.44649237740549, 28.406849041444325]]]}}, {"type": "Feature", "properties": {"zone_id": "Z107", "zone_name": "Analysis zone 107"}, "geometry": {"type": "Polygon", "coordinates": [[[77.51506376394792, 28.41190995665621], [77.51761062417306, 28.378722081260083], [77.55314275526555, 28.364649849248984], [77.58614697148286, 28.38374765609539], [77.58363454823751, 28.416936003258392], [77.54808346920677, 28.43102608314248], [77.51506376394792, 28.41190995665621]]]}}, {"type": "Feature", "properties": {"zone_id": "Z108", "zone_name": "Analysis zone 108"}, "geometry": {"type": "Polygon", "coordinates": [[[77.43873292666012, 28.50648594303549], [77.44132201067754, 28.47326117916419], [77.47692718669914, 28.4591886945403], [77.50996236086797, 28.478323159989294], [77.50740781030466, 28.511548456972687], [77.47178354942149, 28.525638766744382], [77.43873292666012, 28.50648594303549]]]}}, {"type": "Feature", "properties": {"zone_id": "Z109", "zone_name": "Analysis zone 109"}, "geometry": {"type": "Polygon", "coordinates": [[[77.50740781030466, 28.511548456972687], [77.50996236086797, 28.478323159989294], [77.54555001159429, 28.46423293033005], [77.57860212223663, 28.483350150515918], [77.57608211187474, 28.516575919665684], [77.54047544805937, 28.530684007813953], [77.50740781030466, 28.511548456972687]]]}}, {"type": "Feature", "properties": {"zone_id": "Z110", "zone_name": "Analysis zone 110"}, "geometry": {"type": "Polygon", "coordinates": [[[77.40830386805129, 28.454109504423787], [77.41090628922485, 28.42090372284797], [77.44649237740549, 28.406849041444325], [77.47949512952414, 28.42598234973671], [77.47692718669914, 28.4591886945403], [77.44132201067754, 28.47326117916419], [77.40830386805129, 28.454109504423787]]]}}, {"type": "Feature", "properties": {"zone_id": "Z111", "zone_name": "Analysis zone 111"}, "geometry": {"type": "Polygon", "coordinates": [[[76.95343297848109, 28.119226726310522], [76.95625100862159, 28.086139443660002], [76.99178962142523, 28.072261400733925], [77.0245295831986, 28.091453115817128], [77.02174566921435, 28.124541381317982], [76.9861876740402, 28.13843696016064], [76.95343297848109, 28.119226726310522]]]}}, {"type": "Feature", "properties": {"zone_id": "Z112", "zone_name": "Analysis zone 112"}, "geometry": {"type": "Polygon", "coordinates": [[[77.02174566921435, 28.124541381317982], [77.0245295831986, 28.091453115817128], [77.06005157068671, 28.077557467593365], [77.09280895389794, 28.096732526210797], [77.09005916478095, 28.129821714356684], [77.05451786441024, 28.143734932518427], [77.02174566921435, 28.124541381317982]]]}}, {"type": "Feature", "properties": {"zone_id": "Z113", "zone_name": "Analysis zone 113"}, "geometry": {"type": "Polygon", "coordinates": [[[76.91501904996495, 28.166210305436703], [76.91785839004278, 28.133104642644785], [76.95343297848109, 28.119226726310522], [76.9861876740402, 28.13843696016064], [76.98338249632812, 28.171543636958404], [76.94778845737568, 28.185439077182025], [76.91501904996495, 28.166210305436703]]]}}, {"type": "Feature", "properties": {"zone_id": "Z114", "zone_name": "Analysis zone 114"}, "geometry": {"type": "Polygon", "coordinates": [[[76.98338249632812, 28.171543636958404], [76.9861876740402, 28.13843696016064], [77.02174566921435, 28.124541381317982], [77.05451786441024, 28.143734932518427], [77.05174685795805, 28.176842563019683], [77.01616948181986, 28.19075569990193], [76.98338249632812, 28.171543636958404]]]}}, {"type": "Feature", "properties": {"zone_id": "Z115", "zone_name": "Analysis zone 115"}, "geometry": {"type": "Polygon", "coordinates": [[[76.88512128678067, 28.11387776330196], [76.88797342407592, 28.08079152369902], [76.9235285608238, 28.06693110911921], [76.95625100862159, 28.086139443660002], [76.95343297848109, 28.119226726310522], [76.91785839004278, 28.133104642644785], [76.88512128678067, 28.11387776330196]]]}}, {"type": "Feature", "properties": {"zone_id": "Z116", "zone_name": "Analysis zone 116"}, "geometry": {"type": "Polygon", "coordinates": [[[77.12011194021105, 28.182107069830217], [77.1228487668006, 28.148998545935477], [77.15837327096764, 28.13506771183656], [77.19118018684682, 28.154227787007216], [77.18847754843102, 28.187337143978755], [77.15293380290282, 28.201285603993306], [77.12011194021105, 28.182107069830217]]]}}, {"type": "Feature", "properties": {"zone_id": "Z117", "zone_name": "Analysis zone 117"}, "geometry": {"type": "Polygon", "coordinates": [[[77.18847754843102, 28.187337143978755], [77.19118018684682, 28.154227787007216], [77.22668779355072, 28.140279360545257], [77.25951193017555, 28.15942264270731], [77.2568434879529, 28.1925327724331], [77.22131670993825, 28.206498858535497], [77.18847754843102, 28.187337143978755]]]}}, {"type": "Feature", "properties": {"zone_id": "Z118", "zone_name": "Analysis zone 118"}, "geometry": {"type": "Polygon", "coordinates": [[[77.09005916478095, 28.129821714356684], [77.09280895389794, 28.096732526210797], [77.12831421483705, 28.08281929593], [77.161088926797, 28.101977661258058], [77.15837327096764, 28.13506771183656], [77.1228487668006, 28.148998545935477], [77.09005916478095, 28.129821714356684]]]}}, {"type": "Feature", "properties": {"zone_id": "Z119", "zone_name": "Analysis zone 119"}, "geometry": {"type": "Polygon", "coordinates": [[[77.15837327096764, 28.13506771183656], [77.161088926797, 28.101977661258058], [77.19657736009329, 28.088046872352646], [77.22936930796291, 28.107188507752802], [77.22668779355072, 28.140279360545257], [77.19118018684682, 28.154227787007216], [77.15837327096764, 28.13506771183656]]]}}, {"type": "Feature", "properties": {"zone_id": "Z120", "zone_name": "Analysis zone 120"}, "geometry": {"type": "Polygon", "coordinates": [[[77.08179327327952, 28.229164827253914], [77.08455132859434, 28.196037880040496], [77.12011194021105, 28.182107069830217], [77.15293380290282, 28.201285603993306], [77.15020998252196, 28.234413415255766], [77.11463006140104, 28.24836183960337], [77.08179327327952, 28.229164827253914]]]}}, {"type": "Feature", "properties": {"zone_id": "Z121", "zone_name": "Analysis zone 121"}, "geometry": {"type": "Polygon", "coordinates": [[[77.15020998252196, 28.234413415255766], [77.15293380290282, 28.201285603993306], [77.18847754843102, 28.187337143978755], [77.22131670993825, 28.206498858535497], [77.2186271326925, 28.23962747342619], [77.18306414777575, 28.25359358143173], [77.15020998252196, 28.234413415255766]]]}}, {"type": "Feature", "properties": {"zone_id": "Z122", "zone_name": "Analysis zone 122"}, "geometry": {"type": "Polygon", "coordinates": [[[77.05174685795805, 28.176842563019683], [77.05451786441024, 28.143734932518427], [77.09005916478095, 28.129821714356684], [77.1228487668006, 28.148998545935477], [77.12011194021105, 28.182107069830217], [77.08455132859434, 28.196037880040496], [77.05174685795805, 28.176842563019683]]]}}, {"type": "Feature", "properties": {"zone_id": "Z123", "zone_name": "Analysis zone 123"}, "geometry": {"type": "Polygon", "coordinates": [[[76.8081347473993, 28.207825447260795], [76.81102965458987, 28.174702560312358], [76.84665671349677, 28.160842582623655], [76.87940845004407, 28.180088025864517], [76.87654774205895, 28.213212018473342], [76.8409010948646, 28.227089473465703], [76.8081347473993, 28.207825447260795]]]}}, {"type": "Feature", "properties": {"zone_id": "Z124", "zone_name": "Analysis zone 124"}, "geometry": {"type": "Polygon", "coordinates": [[[76.87654774205895, 28.213212018473342], [76.87940845004407, 28.180088025864517], [76.91501904996495, 28.166210305436703], [76.94778845737568, 28.185439077182025], [76.94496195796643, 28.21856411506099], [76.90933183919958, 28.232459347212735], [76.87654774205895, 28.213212018473342]]]}}, {"type": "Feature", "properties": {"zone_id": "Z125", "zone_name": "Analysis zone 125"}, "geometry": {"type": "Polygon", "coordinates": [[[76.77829568153268, 28.15544048306708], [76.78120331849449, 28.122337029159123], [76.81681078829565, 28.108494506637324], [76.84953020675486, 28.127737994131486], [76.84665671349677, 28.160842582623655], [76.81102965458987, 28.174702560312358], [76.77829568153268, 28.15544048306708]]]}}, {"type": "Feature", "properties": {"zone_id": "Z126", "zone_name": "Analysis zone 126"}, "geometry": {"type": "Polygon", "coordinates": [[[76.84665671349677, 28.160842582623655], [76.84953020675486, 28.127737994131486], [76.88512128678067, 28.11387776330196], [76.91785839004278, 28.133104642644785], [76.91501904996495, 28.166210305436703], [76.87940845004407, 28.180088025864517], [76.84665671349677, 28.160842582623655]]]}}, {"type": "Feature", "properties": {"zone_id": "Z127", "zone_name": "Analysis zone 127"}, "geometry": {"type": "Polygon", "coordinates": [[[76.76955529484357, 28.254826236931873], [76.77247167406642, 28.221685102204237], [76.8081347473993, 28.207825447260795], [76.8409010948646, 28.227089473465703], [76.83801896087154, 28.260231745322855], [76.80233623067086, 28.274108865136597], [76.76955529484357, 28.254826236931873]]]}}, {"type": "Feature", "properties": {"zone_id": "Z128", "zone_name": "Analysis zone 128"}, "geometry": {"type": "Polygon", "coordinates": [[[76.83801896087154, 28.260231745322855], [76.8409010948646, 28.227089473465703], [76.87654774205895, 28.213212018473342], [76.90933183919958, 28.232459347212735], [76.90648395999258, 28.265602695712996], [76.87081772543205, 28.27949765012536], [76.83801896087154, 28.260231745322855]]]}}, {"type": "Feature", "properties": {"zone_id": "Z129", "zone_name": "Analysis zone 129"}, "geometry": {"type": "Polygon", "coordinates": [[[76.73972316902346, 28.202404416175156], [76.74265226575729, 28.16928269526751], [76.77829568153268, 28.15544048306708], [76.81102965458987, 28.174702560312358], [76.8081347473993, 28.207825447260795], [76.77247167406642, 28.221685102204237], [76.73972316902346, 28.202404416175156]]]}}, {"type": "Feature", "properties": {"zone_id": "Z130", "zone_name": "Analysis zone 130"}, "geometry": {"type": "Polygon", "coordinates": [[[76.97495009672078, 28.270939073526186], [76.97776371187825, 28.237794708878702], [77.01337720006477, 28.22388172265179], [77.0461965176882, 28.243095544277438], [77.0434171755507, 28.2762408645677], [77.00778423951448, 28.290171418890637], [76.97495009672078, 28.270939073526186]]]}}, {"type": "Feature", "properties": {"zone_id": "Z131", "zone_name": "Analysis zone 131"}, "geometry": {"type": "Polygon", "coordinates": [[[77.0434171755507, 28.2762408645677], [77.0461965176882, 28.243095544277438], [77.08179327327952, 28.229164827253914], [77.11463006140104, 28.24836183960337], [77.11188500096078, 28.2815080550243], [77.07626886753229, 28.29545637426911], [77.0434171755507, 28.2762408645677]]]}}, {"type": "Feature", "properties": {"zone_id": "Z132", "zone_name": "Analysis zone 132"}, "geometry": {"type": "Polygon", "coordinates": [[[76.94496195796643, 28.21856411506099], [76.94778845737568, 28.185439077182025], [76.98338249632812, 28.171543636958404], [77.01616948181986, 28.19075569990193], [77.01337720006477, 28.22388172265179], [76.97776371187825, 28.237794708878702], [76.94496195796643, 28.21856411506099]]]}}, {"type": "Feature", "properties": {"zone_id": "Z133", "zone_name": "Analysis zone 133"}, "geometry": {"type": "Polygon", "coordinates": [[[77.01337720006477, 28.22388172265179], [77.01616948181986, 28.19075569990193], [77.05174685795805, 28.176842563019683], [77.08455132859434, 28.196037880040496], [77.08179327327952, 28.229164827253914], [77.0461965176882, 28.243095544277438], [77.01337720006477, 28.22388172265179]]]}}, {"type": "Feature", "properties": {"zone_id": "Z134", "zone_name": "Analysis zone 134"}, "geometry": {"type": "Polygon", "coordinates": [[[76.93646545346964, 28.318014495456502], [76.93930046026084, 28.284851839506697], [76.97495009672078, 28.270939073526186], [77.00778423951448, 28.290171418890637], [77.00498355232446, 28.323335061771548], [76.96931439942858, 28.33726538366457], [76.93646545346964, 28.318014495456502]]]}}, {"type": "Feature", "properties": {"zone_id": "Z135", "zone_name": "Analysis zone 135"}, "geometry": {"type": "Polygon", "coordinates": [[[77.00498355232446, 28.323335061771548], [77.00778423951448, 28.290171418890637], [77.0434171755507, 28.2762408645677], [77.07626886753229, 28.29545637426911], [77.0735025088053, 28.328620943471666], [77.03785012640881, 28.34256908796186], [77.00498355232446, 28.323335061771548]]]}}, {"type": "Feature", "properties": {"zone_id": "Z136", "zone_name": "Analysis zone 136"}, "geometry": {"type": "Polygon", "coordinates": [[[76.90648395999258, 28.265602695712996], [76.90933183919958, 28.232459347212735], [76.94496195796643, 28.21856411506099], [76.97776371187825, 28.237794708878702], [76.97495009672078, 28.270939073526186], [76.93930046026084, 28.284851839506697], [76.90648395999258, 28.265602695712996]]]}}, {"type": "Feature", "properties": {"zone_id": "Z137", "zone_name": "Analysis zone 137"}, "geometry": {"type": "Polygon", "coordinates": [[[77.43163191735482, 28.155708087589623], [77.43421096164845, 28.12261518951637], [77.46963107628758, 28.10861440425812], [77.50249103646345, 28.127688757281483], [77.49994616319427, 28.160782216649416], [77.46450715606103, 28.174800772990782], [77.43163191735482, 28.155708087589623]]]}}, {"type": "Feature", "properties": {"zone_id": "Z138", "zone_name": "Analysis zone 138"}, "geometry": {"type": "Polygon", "coordinates": [[[77.49994616319427, 28.160782216649416], [77.50249103646345, 28.127688757281483], [77.53789382014503, 28.113670533423445], [77.57077054984269, 28.13272797612066], [77.56825985427142, 28.16582193654675], [77.53283824872624, 28.179857964510358], [77.49994616319427, 28.160782216649416]]]}}, {"type": "Feature", "properties": {"zone_id": "Z139", "zone_name": "Analysis zone 139"}, "geometry": {"type": "Polygon", "coordinates": [[[77.39357558221715, 28.202820642027174], [77.39617560916312, 28.169709147779226], [77.43163191735482, 28.155708087589623], [77.46450715606103, 28.174800772990782], [77.46194134761443, 28.207912858999446], [77.42646607924488, 28.221931679145076], [77.39357558221715, 28.202820642027174]]]}}, {"type": "Feature", "properties": {"zone_id": "Z140", "zone_name": "Analysis zone 140"}, "geometry": {"type": "Polygon", "coordinates": [[[77.46194134761443, 28.207912858999446], [77.46450715606103, 28.174800772990782], [77.49994616319427, 28.160782216649416], [77.53283824872624, 28.179857964510358], [77.53030666563002, 28.21297058194286], [77.49484876901971, 28.227006931390928], [77.46194134761443, 28.207912858999446]]]}}, {"type": "Feature", "properties": {"zone_id": "Z141", "zone_name": "Analysis zone 141"}, "geometry": {"type": "Polygon", "coordinates": [[[77.36331731097913, 28.15059956068921], [77.36593051933228, 28.11750728414536], [77.40136786455902, 28.103523961872263], [77.43421096164845, 28.12261518951637], [77.43163191735482, 28.155708087589623], [77.39617560916312, 28.169709147779226], [77.36331731097913, 28.15059956068921]]]}}, {"type": "Feature", "properties": {"zone_id": "Z142", "zone_name": "Analysis zone 142"}, "geometry": {"type": "Polygon", "coordinates": [[[77.59867134160383, 28.217993799722763], [77.601168692791, 28.184880711204656], [77.63657279636968, 28.17082723633824], [77.66949829389873, 28.18986900231928], [77.66703518088673, 28.222982501584305], [77.63161232971015, 28.237053835424106], [77.59867134160383, 28.217993799722763]]]}}, {"type": "Feature", "properties": {"zone_id": "Z143", "zone_name": "Analysis zone 143"}, "geometry": {"type": "Polygon", "coordinates": [[[77.66703518088673, 28.222982501584305], [77.66949829389873, 28.18986900231928], [77.7048847952852, 28.17579810545894], [77.7378268577071, 28.19482282747877], [77.73539798884387, 28.227936677152478], [77.69999281103537, 28.24202546570125], [77.66703518088673, 28.222982501584305]]]}}, {"type": "Feature", "properties": {"zone_id": "Z144", "zone_name": "Analysis zone 144"}, "geometry": {"type": "Polygon", "coordinates": [[[77.56825985427142, 28.16582193654675], [77.57077054984269, 28.13272797612066], [77.60615590234666, 28.118692338237654], [77.63904930786114, 28.13773283509138], [77.63657279636968, 28.17082723633824], [77.601168692791, 28.184880711204656], [77.56825985427142, 28.16582193654675]]]}}, {"type": "Feature", "properties": {"zone_id": "Z145", "zone_name": "Analysis zone 145"}, "geometry": {"type": "Polygon", "coordinates": [[[77.63657279636968, 28.17082723633824], [77.63904930786114, 28.13773283509138], [77.67441712911902, 28.123679807947234], [77.7073271166066, 28.142703323628766], [77.7048847952852, 28.17579810545894], [77.66949829389873, 28.18986900231928], [77.63657279636968, 28.17082723633824]]]}}, {"type": "Feature", "properties": {"zone_id": "Z146", "zone_name": "Analysis zone 146"}, "geometry": {"type": "Polygon", "coordinates": [[[77.56071266864008, 28.265179380361193], [77.56323091744197, 28.23204765379901], [77.59867134160383, 28.217993799722763], [77.63161232971015, 28.237053835424106], [77.62912836709914, 28.270186003007698], [77.59366912767739, 28.284257705178938], [77.56071266864008, 28.265179380361193]]]}}, {"type": "Feature", "properties": {"zone_id": "Z147", "zone_name": "Analysis zone 147"}, "geometry": {"type": "Polygon", "coordinates": [[[77.62912836709914, 28.270186003007698], [77.63161232971015, 28.237053835424106], [77.66703518088673, 28.222982501584305], [77.69999281103537, 28.24202546570125], [77.69754314076488, 28.275158013866477], [77.66210154557766, 28.289247228644488], [77.62912836709914, 28.270186003007698]]]}}, {"type": "Feature", "properties": {"zone_id": "Z148", "zone_name": "Analysis zone 148"}, "geometry": {"type": "Polygon", "coordinates": [[[77.53030666563002, 28.21297058194286], [77.53283824872624, 28.179857964510358], [77.56825985427142, 28.16582193654675], [77.601168692791, 28.184880711204656], [77.59867134160383, 28.217993799722763], [77.56323091744197, 28.23204765379901], [77.53030666563002, 28.21297058194286]]]}}, {"type": "Feature", "properties": {"zone_id": "Z149", "zone_name": "Analysis zone 149"}, "geometry": {"type": "Polygon", "coordinates": [[[77.60615590234666, 28.118692338237654], [77.60864576818607, 28.085617083911462], [77.64399490571935, 28.07158190448601], [77.67687285869779, 28.090604142954454], [77.67441712911902, 28.123679807947234], [77.63904930786114, 28.13773283509138], [77.60615590234666, 28.118692338237654]]]}}, {"type": "Feature", "properties": {"zone_id": "Z150", "zone_name": "Analysis zone 150"}, "geometry": {"type": "Polygon", "coordinates": [[[77.28704452868404, 28.244806988914554], [77.2896998548862, 28.211677630821832], [77.32520956410596, 28.1976939425404], [77.35808304292814, 28.21682190838686], [77.35546197538517, 28.249951949250903], [77.31993316750369, 28.263953352801426], [77.28704452868404, 28.244806988914554]]]}}, {"type": "Feature", "properties": {"zone_id": "Z151", "zone_name": "Analysis zone 151"}, "geometry": {"type": "Polygon", "coordinates": [[[77.35546197538517, 28.249951949250903], [77.35808304292814, 28.21682190838686], [77.39357558221715, 28.202820642027174], [77.42646607924488, 28.221931679145076], [77.42387927768375, 28.25506234234613], [77.38836771034178, 28.2690813573984], [77.35546197538517, 28.249951949250903]]]}}, {"type": "Feature", "properties": {"zone_id": "Z152", "zone_name": "Analysis zone 152"}, "geometry": {"type": "Polygon", "coordinates": [[[77.2568434879529, 28.1925327724331], [77.25951193017555, 28.15942264270731], [77.29500253829941, 28.145456647648302], [77.32784380240798, 28.16458310038779], [77.32520956410596, 28.1976939425404], [77.2896998548862, 28.211677630821832], [77.2568434879529, 28.1925327724331]]]}}, {"type": "Feature", "properties": {"zone_id": "Z153", "zone_name": "Analysis zone 153"}, "geometry": {"type": "Polygon", "coordinates": [[[77.32520956410596, 28.1976939425404], [77.32784380240798, 28.16458310038779], [77.36331731097913, 28.15059956068921], [77.39617560916312, 28.169709147779226], [77.39357558221715, 28.202820642027174], [77.35808304292814, 28.21682190838686], [77.32520956410596, 28.1976939425404]]]}}, {"type": "Feature", "properties": {"zone_id": "Z154", "zone_name": "Analysis zone 154"}, "geometry": {"type": "Polygon", "coordinates": [[[77.24882210937454, 28.29193858083846], [77.25149858156207, 28.25879075671868], [77.28704452868404, 28.244806988914554], [77.31993316750369, 28.263953352801426], [77.31729100128454, 28.29710189047854], [77.28172588736578, 28.311103362022823], [77.24882210937454, 28.29193858083846]]]}}, {"type": "Feature", "properties": {"zone_id": "Z155", "zone_name": "Analysis zone 155"}, "geometry": {"type": "Polygon", "coordinates": [[[77.31729100128454, 28.29710189047854], [77.31993316750369, 28.263953352801426], [77.35546197538517, 28.249951949250903], [77.38836771034178, 28.2690813573984], [77.38575985759405, 28.302230548099068], [77.35021195359278, 28.316249688942076], [77.31729100128454, 28.29710189047854]]]}}, {"type": "Feature", "properties": {"zone_id": "Z156", "zone_name": "Analysis zone 156"}, "geometry": {"type": "Polygon", "coordinates": [[[77.2186271326925, 28.23962747342619], [77.22131670993825, 28.206498858535497], [77.2568434879529, 28.1925327724331], [77.2896998548862, 28.211677630821832], [77.28704452868404, 28.244806988914554], [77.25149858156207, 28.25879075671868], [77.2186271326925, 28.23962747342619]]]}}, {"type": "Feature", "properties": {"zone_id": "Z157", "zone_name": "Analysis zone 157"}, "geometry": {"type": "Polygon", "coordinates": [[[77.45422848275098, 28.30732454179657], [77.45680201481821, 28.27417475860931], [77.49229624047004, 28.26013815649195], [77.52523588567895, 28.27923354491528], [77.52269668120735, 28.31238386004991], [77.48718350127794, 28.326438266130534], [77.45422848275098, 28.30732454179657]]]}}, {"type": "Feature", "properties": {"zone_id": "Z158", "zone_name": "Analysis zone 158"}, "geometry": {"type": "Polygon", "coordinates": [[[77.52269668120735, 28.31238386004991], [77.52523588567895, 28.27923354491528], [77.56071266864008, 28.265179380361193], [77.59366912767739, 28.284257705178938], [77.59116425742234, 28.31740849172032], [77.55566859134635, 28.331480493355198], [77.52269668120735, 28.31238386004991]]]}}, {"type": "Feature", "properties": {"zone_id": "Z159", "zone_name": "Analysis zone 159"}, "geometry": {"type": "Polygon", "coordinates": [[[77.42387927768375, 28.25506234234613], [77.42646607924488, 28.221931679145076], [77.46194134761443, 28.207912858999446], [77.49484876901971, 28.227006931390928], [77.49229624047004, 28.26013815649195], [77.45680201481821, 28.27417475860931], [77.42387927768375, 28.25506234234613]]]}}, {"type": "Feature", "properties": {"zone_id": "Z160", "zone_name": "Analysis zone 160"}, "geometry": {"type": "Polygon", "coordinates": [[[77.49229624047004, 28.26013815649195], [77.49484876901971, 28.227006931390928], [77.53030666563002, 28.21297058194286], [77.56323091744197, 28.23204765379901], [77.56071266864008, 28.265179380361193], [77.52523588567895, 28.27923354491528], [77.49229624047004, 28.26013815649195]]]}}, {"type": "Feature", "properties": {"zone_id": "Z161", "zone_name": "Analysis zone 161"}, "geometry": {"type": "Polygon", "coordinates": [[[77.41610329634489, 28.35452961899584], [77.41869789012938, 28.3213613275492], [77.45422848275098, 28.30732454179657], [77.48718350127794, 28.326438266130534], [77.48462328294536, 28.359607120121375], [77.44907366792658, 28.37366169855816], [77.41610329634489, 28.35452961899584]]]}}, {"type": "Feature", "properties": {"zone_id": "Z162", "zone_name": "Analysis zone 162"}, "geometry": {"type": "Polygon", "coordinates": [[[77.48462328294536, 28.359607120121375], [77.48718350127794, 28.326438266130534], [77.52269668120735, 28.31238386004991], [77.55566859134635, 28.331480493355198], [77.55314275526555, 28.364649849248984], [77.51761062417306, 28.378722081260083], [77.48462328294536, 28.359607120121375]]]}}, {"type": "Feature", "properties": {"zone_id": "Z163", "zone_name": "Analysis zone 163"}, "geometry": {"type": "Polygon", "coordinates": [[[77.38575985759405, 28.302230548099068], [77.38836771034178, 28.2690813573984], [77.42387927768375, 28.25506234234613], [77.45680201481821, 28.27417475860931], [77.45422848275098, 28.30732454179657], [77.41869789012938, 28.3213613275492], [77.38575985759405, 28.302230548099068]]]}}, {"type": "Feature", "properties": {"zone_id": "Z164", "zone_name": "Analysis zone 164"}, "geometry": {"type": "Polygon", "coordinates": [[[77.22668779355072, 28.140279360545257], [77.22936930796291, 28.107188507752802], [77.26484081266385, 28.093240183846536], [77.29764990345583, 28.112365052865904], [77.29500253829941, 28.145456647648302], [77.25951193017555, 28.15942264270731], [77.22668779355072, 28.140279360545257]]]}}, {"type": "Feature", "properties": {"zone_id": "Z165", "zone_name": "Analysis zone 165"}, "geometry": {"type": "Polygon", "coordinates": [[[77.29500253829941, 28.145456647648302], [77.29764990345583, 28.112365052865904], [77.333104378752, 28.09839921777355], [77.36593051933228, 28.11750728414536], [77.36331731097913, 28.15059956068921], [77.32784380240798, 28.16458310038779], [77.29500253829941, 28.145456647648302]]]}}, {"type": "Feature", "properties": {"zone_id": "Z166", "zone_name": "Analysis zone 166"}, "geometry": {"type": "Polygon", "coordinates": [[[76.89359662920337, 28.81694665404278], [76.89647475265231, 28.78359800840712], [76.93240497477878, 28.769599710512562], [76.9654769276135, 28.78893246685197], [76.96263364033014, 28.822282110329223], [76.92668356060491, 28.8362980110143], [76.89359662920337, 28.81694665404278]]]}}, {"type": "Feature", "properties": {"zone_id": "Z167", "zone_name": "Analysis zone 167"}, "geometry": {"type": "Polygon", "coordinates": [[[76.96263364033014, 28.822282110329223], [76.9654769276135, 28.78893246685197], [77.00139025959604, 28.774915917340994], [77.03448008696714, 28.794231385067196], [77.03167164510008, 28.82758196476443], [76.99573852709273, 28.841616151907495], [76.96263364033014, 28.822282110329223]]]}}, {"type": "Feature", "properties": {"zone_id": "Z168", "zone_name": "Analysis zone 168"}, "geometry": {"type": "Polygon", "coordinates": [[[76.86342076973132, 28.764248001254686], [76.86631192600045, 28.73091831590502], [76.90222228939034, 28.71693759886777], [76.93526135177525, 28.73626899770188], [76.93240497477878, 28.769599710512562], [76.89647475265231, 28.78359800840712], [76.86342076973132, 28.764248001254686]]]}}, {"type": "Feature", "properties": {"zone_id": "Z169", "zone_name": "Analysis zone 169"}, "geometry": {"type": "Polygon", "coordinates": [[[76.93240497477878, 28.769599710512562], [76.93526135177525, 28.73626899770188], [76.97115489635578, 28.722270063903498], [77.0042118479578, 28.74158423858549], [77.00139025959604, 28.774915917340994], [76.9654769276135, 28.78893246685197], [76.93240497477878, 28.769599710512562]]]}}, {"type": "Feature", "properties": {"zone_id": "Z170", "zone_name": "Analysis zone 170"}, "geometry": {"type": "Polygon", "coordinates": [[[76.8547297630891, 28.86431077017525], [76.85762969269132, 28.830944244456713], [76.89359662920337, 28.81694665404278], [76.92668356060491, 28.8362980110143], [76.92381851469949, 28.86966556658094], [76.88783165019636, 28.883680746723275], [76.8547297630891, 28.86431077017525]]]}}, {"type": "Feature", "properties": {"zone_id": "Z171", "zone_name": "Analysis zone 171"}, "geometry": {"type": "Polygon", "coordinates": [[[76.92381851469949, 28.86966556658094], [76.92668356060491, 28.8362980110143], [76.96263364033014, 28.822282110329223], [76.99573852709273, 28.841616151907495], [76.9929083743266, 28.87498467560341], [76.9569384382481, 28.88901820099038], [76.92381851469949, 28.86966556658094]]]}}, {"type": "Feature", "properties": {"zone_id": "Z172", "zone_name": "Analysis zone 172"}, "geometry": {"type": "Polygon", "coordinates": [[[76.8245608121548, 28.811575610046045], [76.8274737622157, 28.778228023865108], [76.86342076973132, 28.764248001254686], [76.89647475265231, 28.78359800840712], [76.89359662920337, 28.81694665404278], [76.85762969269132, 28.830944244456713], [76.8245608121548, 28.811575610046045]]]}}, {"type": "Feature", "properties": {"zone_id": "Z173", "zone_name": "Analysis zone 173"}, "geometry": {"type": "Polygon", "coordinates": [[[77.06199914107074, 28.880268083288037], [77.06479439155898, 28.846898653189655], [77.10071044306089, 28.83284620360415], [77.1338509533922, 28.852145501311377], [77.13109061401644, 28.88551577607829], [77.09515484996444, 28.899585919873946], [77.06199914107074, 28.880268083288037]]]}}, {"type": "Feature", "properties": {"zone_id": "Z174", "zone_name": "Analysis zone 174"}, "geometry": {"type": "Polygon", "coordinates": [[[77.13109061401644, 28.88551577607829], [77.1338509533922, 28.852145501311377], [77.16974983374647, 28.83807481350096], [77.20290801196877, 28.85735668312061], [77.20018259223585, 28.890727740815944], [77.1642640714944, 28.904816157370302], [77.13109061401644, 28.88551577607829]]]}}, {"type": "Feature", "properties": {"zone_id": "Z175", "zone_name": "Analysis zone 175"}, "geometry": {"type": "Polygon", "coordinates": [[[77.03167164510008, 28.82758196476443], [77.03448008696714, 28.794231385067196], [77.07037642419326, 28.780196607809366], [77.10348403056398, 28.799494749316054], [77.10071044306089, 28.83284620360415], [77.06479439155898, 28.846898653189655], [77.03167164510008, 28.82758196476443]]]}}, {"type": "Feature", "properties": {"zone_id": "Z176", "zone_name": "Analysis zone 176"}, "geometry": {"type": "Polygon", "coordinates": [[[77.10071044306089, 28.83284620360415], [77.10348403056398, 28.799494749316054], [77.13936326856525, 28.785441768382423], [77.17248855824108, 28.80472254625775], [77.16974983374647, 28.83807481350096], [77.1338509533922, 28.852145501311377], [77.10071044306089, 28.83284620360415]]]}}, {"type": "Feature", "properties": {"zone_id": "Z177", "zone_name": "Analysis zone 177"}, "geometry": {"type": "Polygon", "coordinates": [[[77.02322926521673, 28.927707283211408], [77.02604623852422, 28.894319929960414], [77.06199914107074, 28.880268083288037], [77.09515484996444, 28.899585919873946], [77.09237283587636, 28.932974149617284], [77.0564001503853, 28.947043677693678], [77.02322926521673, 28.927707283211408]]]}}, {"type": "Feature", "properties": {"zone_id": "Z178", "zone_name": "Analysis zone 178"}, "geometry": {"type": "Polygon", "coordinates": [[[77.09237283587636, 28.932974149617284], [77.09515484996444, 28.899585919873946], [77.13109061401644, 28.88551577607829], [77.1642640714944, 28.904816157370302], [77.16151702534641, 28.93820520176744], [77.12556155057982, 28.95229306163281], [77.09237283587636, 28.932974149617284]]]}}, {"type": "Feature", "properties": {"zone_id": "Z179", "zone_name": "Analysis zone 179"}, "geometry": {"type": "Polygon", "coordinates": [[[76.9929083743266, 28.87498467560341], [76.99573852709273, 28.841616151907495], [77.03167164510008, 28.82758196476443], [77.06479439155898, 28.846898653189655], [77.06199914107074, 28.880268083288037], [77.02604623852422, 28.894319929960414], [76.9929083743266, 28.87498467560341]]]}}, {"type": "Feature", "properties": {"zone_id": "Z180", "zone_name": "Analysis zone 180"}, "geometry": {"type": "Polygon", "coordinates": [[[76.87208549604895, 28.664295897699287], [76.87496791860669, 28.631003196702075], [76.91082188468198, 28.61703942848266], [76.94381321458762, 28.63635080081534], [76.94096546734184, 28.669644526928483], [76.90509171143276, 28.683625866955765], [76.87208549604895, 28.664295897699287]]]}}, {"type": "Feature", "properties": {"zone_id": "Z181", "zone_name": "Analysis zone 181"}, "geometry": {"type": "Polygon", "coordinates": [[[76.94096546734184, 28.669644526928483], [76.94381321458762, 28.63635080081534], [76.97965039972011, 28.622368909020068], [77.01265955304972, 28.641663148158813], [77.0098464903982, 28.674957838074242], [76.97398958646497, 28.688957336414642], [76.94096546734184, 28.669644526928483]]]}}, {"type": "Feature", "properties": {"zone_id": "Z182", "zone_name": "Analysis zone 182"}, "geometry": {"type": "Polygon", "coordinates": [[[76.8419945068049, 28.6116747289011], [76.84488988548352, 28.57840110861876], [76.88072406066921, 28.564454890222475], [76.91368264458967, 28.583764753638338], [76.91082188468198, 28.61703942848266], [76.87496791860669, 28.631003196702075], [76.8419945068049, 28.6116747289011]]]}}, {"type": "Feature", "properties": {"zone_id": "Z183", "zone_name": "Analysis zone 183"}, "geometry": {"type": "Polygon", "coordinates": [[[76.91082188468198, 28.61703942848266], [76.91368264458967, 28.583764753638338], [76.94950010962836, 28.569800446416554], [76.9824765314645, 28.589093240821903], [76.97965039972011, 28.622368909020068], [76.94381321458762, 28.63635080081534], [76.91082188468198, 28.61703942848266]]]}}, {"type": "Feature", "properties": {"zone_id": "Z184", "zone_name": "Analysis zone 184"}, "geometry": {"type": "Polygon", "coordinates": [[[76.8332908479234, 28.711569730758573], [76.83619499242641, 28.678259055834005], [76.87208549604895, 28.664295897699287], [76.90509171143276, 28.683625866955765], [76.90222228939034, 28.71693759886777], [76.86631192600045, 28.73091831590502], [76.8332908479234, 28.711569730758573]]]}}, {"type": "Feature", "properties": {"zone_id": "Z185", "zone_name": "Analysis zone 185"}, "geometry": {"type": "Polygon", "coordinates": [[[76.90222228939034, 28.71693759886777], [76.90509171143276, 28.683625866955765], [76.94096546734184, 28.669644526928483], [76.97398958646497, 28.688957336414642], [76.97115489635578, 28.722270063903498], [76.93526135177525, 28.73626899770188], [76.90222228939034, 28.71693759886777]]]}}, {"type": "Feature", "properties": {"zone_id": "Z186", "zone_name": "Analysis zone 186"}, "geometry": {"type": "Polygon", "coordinates": [[[76.80320677558683, 28.658911964685835], [76.80612386387408, 28.625620350109408], [76.8419945068049, 28.6116747289011], [76.87496791860669, 28.631003196702075], [76.87208549604895, 28.664295897699287], [76.83619499242641, 28.678259055834005], [76.80320677558683, 28.658911964685835]]]}}, {"type": "Feature", "properties": {"zone_id": "Z187", "zone_name": "Analysis zone 187"}, "geometry": {"type": "Polygon", "coordinates": [[[77.04008846929153, 28.727567111750172], [77.04288841829593, 28.694253450103467], [77.0787283661326, 28.680235817229804], [77.11178800768191, 28.69951419430802], [77.10902280865264, 28.732828728686094], [77.07316321486029, 28.74686402463319], [77.04008846929153, 28.727567111750172]]]}}, {"type": "Feature", "properties": {"zone_id": "Z188", "zone_name": "Analysis zone 188"}, "geometry": {"type": "Polygon", "coordinates": [[[77.10902280865264, 28.732828728686094], [77.11178800768191, 28.69951419430802], [77.14761089544466, 28.685478450880996], [77.18068815536604, 28.70473955570719], [77.1779577148808, 28.738054901383613], [77.14211525277977, 28.752108342316777], [77.10902280865264, 28.732828728686094]]]}}, {"type": "Feature", "properties": {"zone_id": "Z189", "zone_name": "Analysis zone 189"}, "geometry": {"type": "Polygon", "coordinates": [[[77.0098464903982, 28.674957838074242], [77.01265955304972, 28.641663148158813], [77.0484798532925, 28.627663156422898], [77.08150673520771, 28.64694022483367], [77.0787283661326, 28.680235817229804], [77.04288841829593, 28.694253450103467], [77.0098464903982, 28.674957838074242]]]}}, {"type": "Feature", "properties": {"zone_id": "Z190", "zone_name": "Analysis zone 190"}, "geometry": {"type": "Polygon", "coordinates": [[[77.0787283661326, 28.680235817229804], [77.08150673520771, 28.64694022483367], [77.11731004675606, 28.63292215699179], [77.15035456226174, 28.652182017332706], [77.14761089544466, 28.685478450880996], [77.11178800768191, 28.69951419430802], [77.0787283661326, 28.680235817229804]]]}}, {"type": "Feature", "properties": {"zone_id": "Z191", "zone_name": "Analysis zone 191"}, "geometry": {"type": "Polygon", "coordinates": [[[77.00139025959604, 28.774915917340994], [77.0042118479578, 28.74158423858549], [77.04008846929153, 28.727567111750172], [77.07316321486029, 28.74686402463319], [77.07037642419326, 28.780196607809366], [77.03448008696714, 28.794231385067196], [77.00139025959604, 28.774915917340994]]]}}, {"type": "Feature", "properties": {"zone_id": "Z192", "zone_name": "Analysis zone 192"}, "geometry": {"type": "Polygon", "coordinates": [[[77.07037642419326, 28.780196607809366], [77.07316321486029, 28.74686402463319], [77.10902280865264, 28.732828728686094], [77.14211525277977, 28.752108342316777], [77.13936326856525, 28.785441768382423], [77.10348403056398, 28.799494749316054], [77.07037642419326, 28.780196607809366]]]}}, {"type": "Feature", "properties": {"zone_id": "Z193", "zone_name": "Analysis zone 193"}, "geometry": {"type": "Polygon", "coordinates": [[[76.97115489635578, 28.722270063903498], [76.97398958646497, 28.688957336414642], [77.0098464903982, 28.674957838074242], [77.04288841829593, 28.694253450103467], [77.04008846929153, 28.727567111750172], [77.0042118479578, 28.74158423858549], [76.97115489635578, 28.722270063903498]]]}}, {"type": "Feature", "properties": {"zone_id": "Z194", "zone_name": "Analysis zone 194"}, "geometry": {"type": "Polygon", "coordinates": [[[76.74666519803505, 28.906281948371355], [76.74962191491504, 28.87289871932784], [76.78564232037576, 28.858920300739012], [76.81872607541155, 28.878307581317003], [76.81580427981953, 28.91169193413104], [76.77976380425719, 28.925687893994606], [76.74666519803505, 28.906281948371355]]]}}, {"type": "Feature", "properties": {"zone_id": "Z195", "zone_name": "Analysis zone 195"}, "geometry": {"type": "Polygon", "coordinates": [[[76.81580427981953, 28.91169193413104], [76.81872607541155, 28.878307581317003], [76.8547297630891, 28.86431077017525], [76.88783165019636, 28.883680746723275], [76.88494478583212, 28.91706616150155], [76.84892109957535, 28.931080549169273], [76.81580427981953, 28.91169193413104]]]}}, {"type": "Feature", "properties": {"zone_id": "Z196", "zone_name": "Analysis zone 196"}, "geometry": {"type": "Polygon", "coordinates": [[[76.71655638741699, 28.853494173022632], [76.71952605487076, 28.820129892119827], [76.75552638959859, 28.806168992876405], [76.7885771239286, 28.82555486657838], [76.78564232037576, 28.858920300739012], [76.74962191491504, 28.87289871932784], [76.71655638741699, 28.853494173022632]]]}}, {"type": "Feature", "properties": {"zone_id": "Z197", "zone_name": "Analysis zone 197"}, "geometry": {"type": "Polygon", "coordinates": [[[76.78564232037576, 28.858920300739012], [76.7885771239286, 28.82555486657838], [76.8245608121548, 28.811575610046045], [76.85762969269132, 28.830944244456713], [76.8547297630891, 28.86431077017525], [76.81872607541155, 28.878307581317003], [76.78564232037576, 28.858920300739012]]]}}, {"type": "Feature", "properties": {"zone_id": "Z198", "zone_name": "Analysis zone 198"}, "geometry": {"type": "Polygon", "coordinates": [[[76.70762934869992, 28.953660427521672], [76.71060803887757, 28.92025945693739], [76.74666519803505, 28.906281948371355], [76.77976380425719, 28.925687893994606], [76.77682008270303, 28.95909002067137], [76.74074278259803, 28.97308505703665], [76.70762934869992, 28.953660427521672]]]}}, {"type": "Feature", "properties": {"zone_id": "Z199", "zone_name": "Analysis zone 199"}, "geometry": {"type": "Polygon", "coordinates": [[[76.77682008270303, 28.95909002067137], [76.77976380425719, 28.925687893994606], [76.81580427981953, 28.91169193413104], [76.84892109957535, 28.931080549169273], [76.84601235677914, 28.96448377003605], [76.80995181185324, 28.978497293082608], [76.77682008270303, 28.95909002067137]]]}}, {"type": "Feature", "properties": {"zone_id": "Z200", "zone_name": "Analysis zone 200"}, "geometry": {"type": "Polygon", "coordinates": [[[76.67752774177966, 28.900836219187347], [76.68051936970353, 28.86745417571023], [76.71655638741699, 28.853494173022632], [76.74962191491504, 28.87289871932784], [76.74666519803505, 28.906281948371355], [76.71060803887757, 28.92025945693739], [76.67752774177966, 28.900836219187347]]]}}, {"type": "Feature", "properties": {"zone_id": "Z201", "zone_name": "Analysis zone 201"}, "geometry": {"type": "Polygon", "coordinates": [[[76.91520596915662, 28.969841660835453], [76.91807972336574, 28.936437407691123], [76.95408651474695, 28.92240461591716], [76.9872394741388, 28.941758455189515], [76.9844007180404, 28.97516367868995], [76.94837400100234, 28.989214103976867], [76.91520596915662, 28.969841660835453]]]}}, {"type": "Feature", "properties": {"zone_id": "Z202", "zone_name": "Analysis zone 202"}, "geometry": {"type": "Polygon", "coordinates": [[[76.9844007180404, 28.97516367868995], [76.9872394741388, 28.941758455189515], [77.02322926521673, 28.927707283211408], [77.0564001503853, 28.947043677693678], [77.05359640161558, 28.98044980962062], [77.01758675700103, 28.994518650056808], [76.9844007180404, 28.97516367868995]]]}}, {"type": "Feature", "properties": {"zone_id": "Z203", "zone_name": "Analysis zone 203"}, "geometry": {"type": "Polygon", "coordinates": [[[76.88494478583212, 28.91706616150155], [76.88783165019636, 28.883680746723275], [76.92381851469949, 28.86966556658094], [76.9569384382481, 28.88901820099038], [76.95408651474695, 28.92240461591716], [76.91807972336574, 28.936437407691123], [76.88494478583212, 28.91706616150155]]]}}, {"type": "Feature", "properties": {"zone_id": "Z204", "zone_name": "Analysis zone 204"}, "geometry": {"type": "Polygon", "coordinates": [[[76.95408651474695, 28.92240461591716], [76.9569384382481, 28.88901820099038], [76.9929083743266, 28.87498467560341], [77.02604623852422, 28.894319929960414], [77.02322926521673, 28.927707283211408], [76.9872394741388, 28.941758455189515], [76.95408651474695, 28.92240461591716]]]}}, {"type": "Feature", "properties": {"zone_id": "Z205", "zone_name": "Analysis zone 205"}, "geometry": {"type": "Polygon", "coordinates": [[[76.87626664027319, 29.017295685027356], [76.87916228530025, 28.983873646924255], [76.91520596915662, 28.969841660835453], [76.94837400100234, 28.989214103976867], [76.94551340200374, 29.022637144577967], [76.9094497216356, 29.036686750961156], [76.87626664027319, 29.017295685027356]]]}}, {"type": "Feature", "properties": {"zone_id": "Z206", "zone_name": "Analysis zone 206"}, "geometry": {"type": "Polygon", "coordinates": [[[76.94551340200374, 29.022637144577967], [76.94837400100234, 28.989214103976867], [76.9844007180404, 28.97516367868995], [77.01758675700103, 28.994518650056808], [77.01476121344207, 29.027942631128894], [76.97871457207727, 29.042010711787835], [76.94551340200374, 29.022637144577967]]]}}, {"type": "Feature", "properties": {"zone_id": "Z207", "zone_name": "Analysis zone 207"}, "geometry": {"type": "Polygon", "coordinates": [[[76.84601235677914, 28.96448377003605], [76.84892109957535, 28.931080549169273], [76.88494478583212, 28.91706616150155], [76.91807972336574, 28.936437407691123], [76.91520596915662, 28.969841660835453], [76.87916228530025, 28.983873646924255], [76.84601235677914, 28.96448377003605]]]}}, {"type": "Feature", "properties": {"zone_id": "Z208", "zone_name": "Analysis zone 208"}, "geometry": {"type": "Polygon", "coordinates": [[[76.72545639880802, 28.753438133148826], [76.72841708432894, 28.720110687233234], [76.7643607714629, 28.70616647408521], [76.79736377030264, 28.725532207511797], [76.79443784442479, 28.75886080389316], [76.75847415641519, 28.772822527753927], [76.72545639880802, 28.753438133148826]]]}}, {"type": "Feature", "properties": {"zone_id": "Z209", "zone_name": "Analysis zone 209"}, "geometry": {"type": "Polygon", "coordinates": [[[76.79443784442479, 28.75886080389316], [76.79736377030264, 28.725532207511797], [76.8332908479234, 28.711569730758573], [76.86631192600045, 28.73091831590502], [76.86342076973132, 28.764248001254686], [76.8274737622157, 28.778228023865108], [76.79443784442479, 28.75886080389316]]]}}, {"type": "Feature", "properties": {"zone_id": "Z210", "zone_name": "Analysis zone 210"}, "geometry": {"type": "Polygon", "coordinates": [[[76.69543225949313, 28.700727843750542], [76.69840581929611, 28.66741946699446], [76.73432950500104, 28.653492742579587], [76.76729962865302, 28.672856917549364], [76.7643607714629, 28.70616647408521], [76.72841708432894, 28.720110687233234], [76.69543225949313, 28.700727843750542]]]}}, {"type": "Feature", "properties": {"zone_id": "Z211", "zone_name": "Analysis zone 211"}, "geometry": {"type": "Polygon", "coordinates": [[[76.7643607714629, 28.70616647408521], [76.76729962865302, 28.672856917549364], [76.80320677558683, 28.658911964685835], [76.83619499242641, 28.678259055834005], [76.8332908479234, 28.711569730758573], [76.79736377030264, 28.725532207511797], [76.7643607714629, 28.70616647408521]]]}}, {"type": "Feature", "properties": {"zone_id": "Z212", "zone_name": "Analysis zone 212"}, "geometry": {"type": "Polygon", "coordinates": [[[76.68649356192468, 28.800726817467613], [76.68947613533818, 28.767381534997], [76.72545639880802, 28.753438133148826], [76.75847415641519, 28.772822527753927], [76.75552638959859, 28.806168992876405], [76.71952605487076, 28.820129892119827], [76.68649356192468, 28.800726817467613]]]}}, {"type": "Feature", "properties": {"zone_id": "Z213", "zone_name": "Analysis zone 213"}, "geometry": {"type": "Polygon", "coordinates": [[[76.75552638959859, 28.806168992876405], [76.75847415641519, 28.772822527753927], [76.79443784442479, 28.75886080389316], [76.8274737622157, 28.778228023865108], [76.8245608121548, 28.811575610046045], [76.7885771239286, 28.82555486657838], [76.75552638959859, 28.806168992876405]]]}}, {"type": "Feature", "properties": {"zone_id": "Z214", "zone_name": "Analysis zone 214"}, "geometry": {"type": "Polygon", "coordinates": [[[76.65647663280407, 28.747980004137304], [76.65947206770096, 28.714653770174245], [76.69543225949313, 28.700727843750542], [76.72841708432894, 28.720110687233234], [76.72545639880802, 28.753438133148826], [76.68947613533818, 28.767381534997], [76.65647663280407, 28.747980004137304]]]}}, {"type": "Feature", "properties": {"zone_id": "Z215", "zone_name": "Analysis zone 215"}, "geometry": {"type": "Polygon", "coordinates": [[[77.37686955735637, 28.85354674201479], [77.3795036439935, 28.82019240577299], [77.4153134433566, 28.806066854861918], [77.44850850621162, 28.82527780800051], [77.44590931412547, 28.85863271060678], [77.4100801618137, 28.872776105116092], [77.37686955735637, 28.85354674201479]]]}}, {"type": "Feature", "properties": {"zone_id": "Z216", "zone_name": "Analysis zone 216"}, "geometry": {"type": "Polygon", "coordinates": [[[77.44590931412547, 28.85863271060678], [77.44850850621162, 28.82527780800051], [77.4843006862327, 28.811134176776864], [77.51751295161269, 28.830327582159793], [77.51494866120363, 28.863682989475652], [77.47913720100695, 28.877844498106633], [77.44590931412547, 28.85863271060678]]]}}, {"type": "Feature", "properties": {"zone_id": "Z217", "zone_name": "Analysis zone 217"}, "geometry": {"type": "Polygon", "coordinates": [[[77.34632588012158, 28.800963941310552], [77.34897339545665, 28.76762835582036], [77.384763839058, 28.7535206266829], [77.41792612023349, 28.77273067265907], [77.4153134433566, 28.806066854861918], [77.3795036439935, 28.82019240577299], [77.34632588012158, 28.800963941310552]]]}}, {"type": "Feature", "properties": {"zone_id": "Z218", "zone_name": "Analysis zone 218"}, "geometry": {"type": "Polygon", "coordinates": [[[77.4153134433566, 28.806066854861918], [77.41792612023349, 28.77273067265907], [77.4536990170267, 28.758604897036065], [77.48687851740709, 28.77779745941395], [77.4843006862327, 28.811134176776864], [77.44850850621162, 28.82527780800051], [77.4153134433566, 28.806066854861918]]]}}, {"type": "Feature", "properties": {"zone_id": "Z219", "zone_name": "Analysis zone 219"}, "geometry": {"type": "Polygon", "coordinates": [[[77.33836726074396, 28.901044435492782], [77.3410228168178, 28.86767199718104], [77.37686955735637, 28.85354674201479], [77.4100801618137, 28.872776105116092], [77.40745954914696, 28.90614914110815], [77.37159338574004, 28.92029222773206], [77.33836726074396, 28.901044435492782]]]}}, {"type": "Feature", "properties": {"zone_id": "Z220", "zone_name": "Analysis zone 220"}, "geometry": {"type": "Polygon", "coordinates": [[[77.40745954914696, 28.90614914110815], [77.4100801618137, 28.872776105116092], [77.44590931412547, 28.85863271060678], [77.47913720100695, 28.877844498106633], [77.47655153905929, 28.911218070023445], [77.44070303672461, 28.925379329930788], [77.40745954914696, 28.90614914110815]]]}}, {"type": "Feature", "properties": {"zone_id": "Z221", "zone_name": "Analysis zone 221"}, "geometry": {"type": "Polygon", "coordinates": [[[77.30782959137916, 28.848425095061035], [77.3104985651372, 28.81507138683668], [77.34632588012158, 28.800963941310552], [77.3795036439935, 28.82019240577299], [77.37686955735637, 28.85354674201479], [77.3410228168178, 28.86767199718104], [77.30782959137916, 28.848425095061035]]]}}, {"type": "Feature", "properties": {"zone_id": "Z222", "zone_name": "Analysis zone 222"}, "geometry": {"type": "Polygon", "coordinates": [[[77.5456430295441, 28.91625121107373], [77.54819373376554, 28.882877164989225], [77.58398739811514, 28.868697567657446], [77.61724955946643, 28.887874094998455], [77.61473381967325, 28.92124855349297], [77.57892095149278, 28.93544608365426], [77.5456430295441, 28.91625121107373]]]}}, {"type": "Feature", "properties": {"zone_id": "Z223", "zone_name": "Analysis zone 223"}, "geometry": {"type": "Polygon", "coordinates": [[[77.61473381967325, 28.92124855349297], [77.61724955946643, 28.887874094998455], [77.65302532439495, 28.873676434585896], [77.68630447749884, 28.89283527776694], [77.68382370853085, 28.92621008691415], [77.64802881311547, 28.940425713646334], [77.61473381967325, 28.92124855349297]]]}}, {"type": "Feature", "properties": {"zone_id": "Z224", "zone_name": "Analysis zone 224"}, "geometry": {"type": "Polygon", "coordinates": [[[77.51494866120363, 28.863682989475652], [77.51751295161269, 28.830327582159793], [77.55328740872595, 28.816165895894994], [77.58651678002504, 28.835341717288017], [77.58398739811514, 28.868697567657446], [77.54819373376554, 28.882877164989225], [77.51494866120363, 28.863682989475652]]]}}, {"type": "Feature", "properties": {"zone_id": "Z225", "zone_name": "Analysis zone 225"}, "geometry": {"type": "Polygon", "coordinates": [[[77.58398739811514, 28.868697567657446], [77.58651678002504, 28.835341717288017], [77.62227341082149, 28.821162001452084], [77.65551979128779, 28.840320202818983], [77.65302532439495, 28.873676434585896], [77.61724955946643, 28.887874094998455], [77.58398739811514, 28.868697567657446]]]}}, {"type": "Feature", "properties": {"zone_id": "Z226", "zone_name": "Analysis zone 226"}, "geometry": {"type": "Polygon", "coordinates": [[[77.50724020601253, 28.963822808813145], [77.50981229233741, 28.930430618893542], [77.5456430295441, 28.91625121107373], [77.57892095149278, 28.93544608365426], [77.57638387901757, 28.968838717108426], [77.54053386808057, 28.983036045872986], [77.50724020601253, 28.963822808813145]]]}}, {"type": "Feature", "properties": {"zone_id": "Z227", "zone_name": "Analysis zone 227"}, "geometry": {"type": "Polygon", "coordinates": [[[77.57638387901757, 28.968838717108426], [77.57892095149278, 28.93544608365426], [77.61473381967325, 28.92124855349297], [77.64802881311547, 28.940425713646334], [77.64552676107124, 28.973818728775914], [77.60969469258005, 28.988034213503287], [77.57638387901757, 28.968838717108426]]]}}, {"type": "Feature", "properties": {"zone_id": "Z228", "zone_name": "Analysis zone 228"}, "geometry": {"type": "Polygon", "coordinates": [[[77.47655153905929, 28.911218070023445], [77.47913720100695, 28.877844498106633], [77.51494866120363, 28.863682989475652], [77.54819373376554, 28.882877164989225], [77.5456430295441, 28.91625121107373], [77.50981229233741, 28.930430618893542], [77.47655153905929, 28.911218070023445]]]}}, {"type": "Feature", "properties": {"zone_id": "Z229", "zone_name": "Analysis zone 229"}, "geometry": {"type": "Polygon", "coordinates": [[[77.35426041369485, 28.700994149558575], [77.3568999246544, 28.66769556058126], [77.39263424628533, 28.65360543063978], [77.42574834312207, 28.67279608914365], [77.42314356613988, 28.706095273907376], [77.3873899555141, 28.720203215761416], [77.35426041369485, 28.700994149558575]]]}}, {"type": "Feature", "properties": {"zone_id": "Z230", "zone_name": "Analysis zone 230"}, "geometry": {"type": "Polygon", "coordinates": [[[77.42314356613988, 28.706095273907376], [77.42574834312207, 28.67279608914365], [77.46146515923122, 28.658688005249157], [77.49459641238772, 28.677861271874207], [77.49202637656019, 28.711160991074625], [77.45629034368024, 28.725286920595522], [77.42314356613988, 28.706095273907376]]]}}, {"type": "Feature", "properties": {"zone_id": "Z231", "zone_name": "Analysis zone 231"}, "geometry": {"type": "Polygon", "coordinates": [[[77.32380307989203, 28.648487546571918], [77.32645594041472, 28.61520782998634], [77.36217097033477, 28.601135490076608], [77.39525242858096, 28.6203250880922], [77.39263424628533, 28.65360543063978], [77.3568999246544, 28.66769556058126], [77.32380307989203, 28.648487546571918]]]}}, {"type": "Feature", "properties": {"zone_id": "Z232", "zone_name": "Analysis zone 232"}, "geometry": {"type": "Polygon", "coordinates": [[[77.39263424628533, 28.65360543063978], [77.39525242858096, 28.6203250880922], [77.43095002496628, 28.606234827960492], [77.4640486560057, 28.625407097986816], [77.46146515923122, 28.658688005249157], [77.42574834312207, 28.67279608914365], [77.39263424628533, 28.65360543063978]]]}}, {"type": "Feature", "properties": {"zone_id": "Z233", "zone_name": "Analysis zone 233"}, "geometry": {"type": "Polygon", "coordinates": [[[77.31582842965946, 28.748400862723933], [77.31848932855631, 28.715084078771547], [77.35426041369485, 28.700994149558575], [77.3873899555141, 28.720203215761416], [77.384763839058, 28.7535206266829], [77.34897339545665, 28.76762835582036], [77.31582842965946, 28.748400862723933]]]}}, {"type": "Feature", "properties": {"zone_id": "Z234", "zone_name": "Analysis zone 234"}, "geometry": {"type": "Polygon", "coordinates": [[[77.384763839058, 28.7535206266829], [77.3873899555141, 28.720203215761416], [77.42314356613988, 28.706095273907376], [77.45629034368024, 28.725286920595522], [77.4536990170267, 28.758604897036065], [77.41792612023349, 28.77273067265907], [77.384763839058, 28.7535206266829]]]}}, {"type": "Feature", "properties": {"zone_id": "Z235", "zone_name": "Analysis zone 235"}, "geometry": {"type": "Polygon", "coordinates": [[[77.28537711834753, 28.695857629577436], [77.28805135580598, 28.66255969773387], [77.32380307989203, 28.648487546571918], [77.3568999246544, 28.66769556058126], [77.35426041369485, 28.700994149558575], [77.31848932855631, 28.715084078771547], [77.28537711834753, 28.695857629577436]]]}}, {"type": "Feature", "properties": {"zone_id": "Z236", "zone_name": "Analysis zone 236"}, "geometry": {"type": "Polygon", "coordinates": [[[77.52263376399267, 28.763653662427906], [77.525190293784, 28.730335181920292], [77.56090864583926, 28.716191289904415], [77.59408960656226, 28.73534798877605], [77.5915678803906, 28.768666911897668], [77.55583038725659, 28.7828287049261], [77.52263376399267, 28.763653662427906]]]}}, {"type": "Feature", "properties": {"zone_id": "Z237", "zone_name": "Analysis zone 237"}, "geometry": {"type": "Polygon", "coordinates": [[[77.5915678803906, 28.768666911897668], [77.59408960656226, 28.73534798877605], [77.62979017486998, 28.721186159634243], [77.66298808276298, 28.740325330596885], [77.66050116666604, 28.773644634879393], [77.62478153007032, 28.787824398431876], [77.5915678803906, 28.768666911897668]]]}}, {"type": "Feature", "properties": {"zone_id": "Z238", "zone_name": "Analysis zone 238"}, "geometry": {"type": "Polygon", "coordinates": [[[77.49202637656019, 28.711160991074625], [77.49459641238772, 28.677861271874207], [77.53029562006141, 28.663735259050366], [77.56344393363614, 28.682891097618505], [77.56090864583926, 28.716191289904415], [77.525190293784, 28.730335181920292], [77.49202637656019, 28.711160991074625]]]}}, {"type": "Feature", "properties": {"zone_id": "Z239", "zone_name": "Analysis zone 239"}, "geometry": {"type": "Polygon", "coordinates": [[[77.56090864583926, 28.716191289904415], [77.56344393363614, 28.682891097618505], [77.5991254301154, 28.66874718108572], [77.63229070806155, 28.6878855556146], [77.62979017486998, 28.721186159634243], [77.59408960656226, 28.73534798877605], [77.56090864583926, 28.716191289904415]]]}}, {"type": "Feature", "properties": {"zone_id": "Z240", "zone_name": "Analysis zone 240"}, "geometry": {"type": "Polygon", "coordinates": [[[77.4843006862327, 28.811134176776864], [77.48687851740709, 28.77779745941395], [77.52263376399267, 28.763653662427906], [77.55583038725659, 28.7828287049261], [77.55328740872595, 28.816165895894994], [77.51751295161269, 28.830327582159793], [77.4843006862327, 28.811134176776864]]]}}, {"type": "Feature", "properties": {"zone_id": "Z241", "zone_name": "Analysis zone 241"}, "geometry": {"type": "Polygon", "coordinates": [[[77.55328740872595, 28.816165895894994], [77.55583038725659, 28.7828287049261], [77.5915678803906, 28.768666911897668], [77.62478153007032, 28.787824398431876], [77.62227341082149, 28.821162001452084], [77.58651678002504, 28.835341717288017], [77.55328740872595, 28.816165895894994]]]}}, {"type": "Feature", "properties": {"zone_id": "Z242", "zone_name": "Analysis zone 242"}, "geometry": {"type": "Polygon", "coordinates": [[[77.4536990170267, 28.758604897036065], [77.45629034368024, 28.725286920595522], [77.49202637656019, 28.711160991074625], [77.525190293784, 28.730335181920292], [77.52263376399267, 28.763653662427906], [77.48687851740709, 28.77779745941395], [77.4536990170267, 28.758604897036065]]]}}, {"type": "Feature", "properties": {"zone_id": "Z243", "zone_name": "Analysis zone 243"}, "geometry": {"type": "Polygon", "coordinates": [[[77.23066163223662, 28.9434004266942], [77.23337370202904, 28.910010629487548], [77.26927487479233, 28.895903964741194], [77.3024835404762, 28.915169323662763], [77.29980645514945, 28.948559811829828], [77.26388571665144, 28.962684261533706], [77.23066163223662, 28.9434004266942]]]}}, {"type": "Feature", "properties": {"zone_id": "Z244", "zone_name": "Analysis zone 244"}, "geometry": {"type": "Polygon", "coordinates": [[[77.29980645514945, 28.948559811829828], [77.3024835404762, 28.915169323662763], [77.33836726074396, 28.901044435492782], [77.37159338574004, 28.92029222773206], [77.36895129268355, 28.95368334500658], [77.3330480794285, 28.96782605235517], [77.29980645514945, 28.948559811829828]]]}}, {"type": "Feature", "properties": {"zone_id": "Z245", "zone_name": "Analysis zone 245"}, "geometry": {"type": "Polygon", "coordinates": [[[77.20018259223585, 28.890727740815944], [77.20290801196877, 28.85735668312061], [77.23878961668031, 28.843267781504373], [77.27196536665646, 28.862532185862815], [77.26927487479233, 28.895903964741194], [77.23337370202904, 28.910010629487548], [77.20018259223585, 28.890727740815944]]]}}, {"type": "Feature", "properties": {"zone_id": "Z246", "zone_name": "Analysis zone 246"}, "geometry": {"type": "Polygon", "coordinates": [[[77.26927487479233, 28.895903964741194], [77.27196536665646, 28.862532185862815], [77.30782959137916, 28.848425095061035], [77.3410228168178, 28.86767199718104], [77.33836726074396, 28.901044435492782], [77.3024835404762, 28.915169323662763], [77.26927487479233, 28.895903964741194]]]}}, {"type": "Feature", "properties": {"zone_id": "Z247", "zone_name": "Analysis zone 247"}, "geometry": {"type": "Polygon", "coordinates": [[[77.19198976550199, 28.99091435679978], [77.19472347318427, 28.957506593836268], [77.23066163223662, 28.9434004266942], [77.26388571665144, 28.962684261533706], [77.26118704211568, 28.996092747095727], [77.22522924693986, 29.01021668664565], [77.19198976550199, 28.99091435679978]]]}}, {"type": "Feature", "properties": {"zone_id": "Z248", "zone_name": "Analysis zone 248"}, "geometry": {"type": "Polygon", "coordinates": [[[77.26118704211568, 28.996092747095727], [77.26388571665144, 28.962684261533706], [77.29980645514945, 28.948559811829828], [77.3330480794285, 28.96782605235517], [77.3303844460327, 29.001235198563073], [77.29444414422889, 29.015377455027814], [77.26118704211568, 28.996092747095727]]]}}, {"type": "Feature", "properties": {"zone_id": "Z249", "zone_name": "Analysis zone 249"}, "geometry": {"type": "Polygon", "coordinates": [[[77.16151702534641, 28.93820520176744], [77.1642640714944, 28.904816157370302], [77.20018259223585, 28.890727740815944], [77.23337370202904, 28.910010629487548], [77.23066163223662, 28.9434004266942], [77.19472347318427, 28.957506593836268], [77.16151702534641, 28.93820520176744]]]}}, {"type": "Feature", "properties": {"zone_id": "Z250", "zone_name": "Analysis zone 250"}, "geometry": {"type": "Polygon", "coordinates": [[[77.39958177539162, 29.00634169922897], [77.40221035996053, 28.972931954331262], [77.43809594343735, 28.958771014456815], [77.47137235669405, 28.97800195589323], [77.46877882833235, 29.011412237522162], [77.4328738276974, 29.025591052415106], [77.39958177539162, 29.00634169922897]]]}}, {"type": "Feature", "properties": {"zone_id": "Z251", "zone_name": "Analysis zone 251"}, "geometry": {"type": "Polygon", "coordinates": [[[77.46877882833235, 29.011412237522162], [77.47137235669405, 28.97800195589323], [77.50724020601253, 28.963822808813145], [77.54053386808057, 28.983036045872986], [77.53797540299962, 29.016446802273006], [77.50208820985043, 29.030643858275205], [77.46877882833235, 29.011412237522162]]]}}, {"type": "Feature", "properties": {"zone_id": "Z252", "zone_name": "Analysis zone 252"}, "geometry": {"type": "Polygon", "coordinates": [[[77.36895129268355, 28.95368334500658], [77.37159338574004, 28.92029222773206], [77.40745954914696, 28.90614914110815], [77.44070303672461, 28.925379329930788], [77.43809594343735, 28.958771014456815], [77.40221035996053, 28.972931954331262], [77.36895129268355, 28.95368334500658]]]}}, {"type": "Feature", "properties": {"zone_id": "Z253", "zone_name": "Analysis zone 253"}, "geometry": {"type": "Polygon", "coordinates": [[[77.43809594343735, 28.958771014456815], [77.44070303672461, 28.925379329930788], [77.47655153905929, 28.911218070023445], [77.50981229233741, 28.930430618893542], [77.50724020601253, 28.963822808813145], [77.47137235669405, 28.97800195589323], [77.43809594343735, 28.958771014456815]]]}}, {"type": "Feature", "properties": {"zone_id": "Z254", "zone_name": "Analysis zone 254"}, "geometry": {"type": "Polygon", "coordinates": [[[77.36100893588603, 29.053930000328123], [77.36365907181964, 29.020502247542154], [77.39958177539162, 29.00634169922897], [77.4328738276974, 29.025591052415106], [77.43025879722384, 29.05901937338167], [77.39431660611852, 29.07319778442062], [77.36100893588603, 29.053930000328123]]]}}, {"type": "Feature", "properties": {"zone_id": "Z255", "zone_name": "Analysis zone 255"}, "geometry": {"type": "Polygon", "coordinates": [[[77.43025879722384, 29.05901937338167], [77.4328738276974, 29.025591052415106], [77.46877882833235, 29.011412237522162], [77.50208820985043, 29.030643858275205], [77.49950829209779, 29.064072685361324], [77.46358387733038, 29.07826939701552], [77.43025879722384, 29.05901937338167]]]}}, {"type": "Feature", "properties": {"zone_id": "Z256", "zone_name": "Analysis zone 256"}, "geometry": {"type": "Polygon", "coordinates": [[[77.3303844460327, 29.001235198563073], [77.3330480794285, 28.96782605235517], [77.36895129268355, 28.95368334500658], [77.40221035996053, 28.972931954331262], [77.39958177539162, 29.00634169922897], [77.36365907181964, 29.020502247542154], [77.3303844460327, 29.001235198563073]]]}}, {"type": "Feature", "properties": {"zone_id": "Z257", "zone_name": "Analysis zone 257"}, "geometry": {"type": "Polygon", "coordinates": [[[77.208350592695, 28.790651385920416], [77.21106776200166, 28.75731717850263], [77.24689298840792, 28.743245616909274], [77.28002054280313, 28.762490520451838], [77.2773381965572, 28.79582544767923], [77.24149346982541, 28.8099147629475], [77.208350592695, 28.790651385920416]]]}}, {"type": "Feature", "properties": {"zone_id": "Z258", "zone_name": "Analysis zone 258"}, "geometry": {"type": "Polygon", "coordinates": [[[77.2773381965572, 28.79582544767923], [77.28002054280313, 28.762490520451838], [77.31582842965946, 28.748400862723933], [77.34897339545665, 28.76762835582036], [77.34632588012158, 28.800963941310552], [77.3104985651372, 28.81507138683668], [77.2773381965572, 28.79582544767923]]]}}, {"type": "Feature", "properties": {"zone_id": "Z259", "zone_name": "Analysis zone 259"}, "geometry": {"type": "Polygon", "coordinates": [[[77.1779577148808, 28.738054901383613], [77.18068815536604, 28.70473955570719], [77.21649387922281, 28.690685725906405], [77.24958866208178, 28.709929521373184], [77.24689298840792, 28.743245616909274], [77.21106776200166, 28.75731717850263], [77.1779577148808, 28.738054901383613]]]}}, {"type": "Feature", "properties": {"zone_id": "Z260", "zone_name": "Analysis zone 260"}, "geometry": {"type": "Polygon", "coordinates": [[[77.24689298840792, 28.743245616909274], [77.24958866208178, 28.709929521373184], [77.28537711834753, 28.695857629577436], [77.31848932855631, 28.715084078771547], [77.31582842965946, 28.748400862723933], [77.28002054280313, 28.762490520451838], [77.24689298840792, 28.743245616909274]]]}}, {"type": "Feature", "properties": {"zone_id": "Z261", "zone_name": "Analysis zone 261"}, "geometry": {"type": "Polygon", "coordinates": [[[77.16974983374647, 28.83807481350096], [77.17248855824108, 28.80472254625775], [77.208350592695, 28.790651385920416], [77.24149346982541, 28.8099147629475], [77.23878961668031, 28.843267781504373], [77.20290801196877, 28.85735668312061], [77.16974983374647, 28.83807481350096]]]}}, {"type": "Feature", "properties": {"zone_id": "Z262", "zone_name": "Analysis zone 262"}, "geometry": {"type": "Polygon", "coordinates": [[[77.23878961668031, 28.843267781504373], [77.24149346982541, 28.8099147629475], [77.2773381965572, 28.79582544767923], [77.3104985651372, 28.81507138683668], [77.30782959137916, 28.848425095061035], [77.27196536665646, 28.862532185862815], [77.23878961668031, 28.843267781504373]]]}}, {"type": "Feature", "properties": {"zone_id": "Z263", "zone_name": "Analysis zone 263"}, "geometry": {"type": "Polygon", "coordinates": [[[77.13936326856525, 28.785441768382423], [77.14211525277977, 28.752108342316777], [77.1779577148808, 28.738054901383613], [77.21106776200166, 28.75731717850263], [77.208350592695, 28.790651385920416], [77.17248855824108, 28.80472254625775], [77.13936326856525, 28.785441768382423]]]}}, {"type": "Feature", "properties": {"zone_id": "Z264", "zone_name": "Analysis zone 264"}, "geometry": {"type": "Polygon", "coordinates": [[[76.6833272229442, 28.448488372858527], [76.68629564459192, 28.41527349457949], [76.72208683761795, 28.401397800898124], [76.75492946868115, 28.420719548001347], [76.75199548665002, 28.4539356295013], [76.71618443028609, 28.467828771996476], [76.6833272229442, 28.448488372858527]]]}}, {"type": "Feature", "properties": {"zone_id": "Z265", "zone_name": "Analysis zone 265"}, "geometry": {"type": "Polygon", "coordinates": [[[76.75199548665002, 28.4539356295013], [76.75492946868115, 28.420719548001347], [76.79070426591832, 28.406825846955112], [76.82356487098252, 28.426130754989465], [76.82066533858196, 28.459347978830273], [76.78487074792025, 28.473259163619105], [76.75199548665002, 28.4539356295013]]]}}, {"type": "Feature", "properties": {"zone_id": "Z266", "zone_name": "Analysis zone 266"}, "geometry": {"type": "Polygon", "coordinates": [[[76.65347108091676, 28.395934946468646], [76.65645222613719, 28.362739374907783], [76.69222355542352, 28.34888110796131], [76.72503359954679, 28.36820099715012], [76.72208683761795, 28.401397800898124], [76.68629564459192, 28.41527349457949], [76.65347108091676, 28.395934946468646]]]}}, {"type": "Feature", "properties": {"zone_id": "Z267", "zone_name": "Analysis zone 267"}, "geometry": {"type": "Polygon", "coordinates": [[[76.72208683761795, 28.401397800898124], [76.72503359954679, 28.36820099715012], [76.76078860272318, 28.354324757778382], [76.79361663443551, 28.37362787179343], [76.79070426591832, 28.406825846955112], [76.75492946868115, 28.420719548001347], [76.72208683761795, 28.401397800898124]]]}}, {"type": "Feature", "properties": {"zone_id": "Z268", "zone_name": "Analysis zone 268"}, "geometry": {"type": "Polygon", "coordinates": [[[76.6445096644534, 28.495596351272123], [76.64749980457518, 28.462363450252433], [76.6833272229442, 28.448488372858527], [76.71618443028609, 28.467828771996476], [76.7132287759831, 28.501062908152754], [76.67738142480916, 28.514955421359883], [76.6445096644534, 28.495596351272123]]]}}, {"type": "Feature", "properties": {"zone_id": "Z269", "zone_name": "Analysis zone 269"}, "geometry": {"type": "Polygon", "coordinates": [[[76.7132287759831, 28.501062908152754], [76.71618443028609, 28.467828771996476], [76.75199548665002, 28.4539356295013], [76.78487074792025, 28.473259163619105], [76.78194958964018, 28.506494473936442], [76.74611867044348, 28.520405087304297], [76.7132287759831, 28.501062908152754]]]}}, {"type": "Feature", "properties": {"zone_id": "Z270", "zone_name": "Analysis zone 270"}, "geometry": {"type": "Polygon", "coordinates": [[[76.61466074466833, 28.443006224308274], [76.61766359562266, 28.409792610118796], [76.65347108091676, 28.395934946468646], [76.68629564459192, 28.41527349457949], [76.6833272229442, 28.448488372858527], [76.64749980457518, 28.462363450252433], [76.61466074466833, 28.443006224308274]]]}}, {"type": "Feature", "properties": {"zone_id": "Z271", "zone_name": "Analysis zone 271"}, "geometry": {"type": "Polygon", "coordinates": [[[76.85067190776155, 28.511891033393574], [76.85355856011144, 28.47865460990169], [76.88933658150887, 28.46472540582551], [76.92224766946775, 28.48401509601252], [76.91939553265817, 28.51725257168235], [76.88359778889982, 28.531199316323978], [76.85067190776155, 28.511891033393574]]]}}, {"type": "Feature", "properties": {"zone_id": "Z272", "zone_name": "Analysis zone 272"}, "geometry": {"type": "Polygon", "coordinates": [[[76.91939553265817, 28.51725257168235], [76.92224766946775, 28.48401509601252], [76.95800901817562, 28.470067895853695], [76.9909378785749, 28.489340607507028], [76.98812026661842, 28.522579074349043], [76.952339266047, 28.536543849705595], [76.91939553265817, 28.51725257168235]]]}}, {"type": "Feature", "properties": {"zone_id": "Z273", "zone_name": "Analysis zone 273"}, "geometry": {"type": "Polygon", "coordinates": [[[76.82066533858196, 28.459347978830273], [76.82356487098252, 28.426130754989465], [76.85932316904378, 28.41221906944291], [76.89220165456096, 28.431507100534446], [76.88933658150887, 28.46472540582551], [76.85355856011144, 28.47865460990169], [76.82066533858196, 28.459347978830273]]]}}, {"type": "Feature", "properties": {"zone_id": "Z274", "zone_name": "Analysis zone 274"}, "geometry": {"type": "Polygon", "coordinates": [[[76.88933658150887, 28.46472540582551], [76.89220165456096, 28.431507100534446], [76.9279433501949, 28.41757745354995], [76.9608396224577, 28.43684857001253], [76.95800901817562, 28.470067895853695], [76.92224766946775, 28.48401509601252], [76.88933658150887, 28.46472540582551]]]}}, {"type": "Feature", "properties": {"zone_id": "Z275", "zone_name": "Analysis zone 275"}, "geometry": {"type": "Polygon", "coordinates": [[[76.81194923387451, 28.559074213956276], [76.81485752441546, 28.525819723972674], [76.85067190776155, 28.511891033393574], [76.88359778889982, 28.531199316323978], [76.88072406066921, 28.564454890222475], [76.84488988548352, 28.57840110861876], [76.81194923387451, 28.559074213956276]]]}}, {"type": "Feature", "properties": {"zone_id": "Z276", "zone_name": "Analysis zone 276"}, "geometry": {"type": "Polygon", "coordinates": [[[76.88072406066921, 28.564454890222475], [76.88359778889982, 28.531199316323978], [76.91939553265817, 28.51725257168235], [76.952339266047, 28.536543849705595], [76.94950010962836, 28.569800446416554], [76.91368264458967, 28.583764753638338], [76.88072406066921, 28.564454890222475]]]}}, {"type": "Feature", "properties": {"zone_id": "Z277", "zone_name": "Analysis zone 277"}, "geometry": {"type": "Polygon", "coordinates": [[[76.78194958964018, 28.506494473936442], [76.78487074792025, 28.473259163619105], [76.82066533858196, 28.459347978830273], [76.85355856011144, 28.47865460990169], [76.85067190776155, 28.511891033393574], [76.81485752441546, 28.525819723972674], [76.78194958964018, 28.506494473936442]]]}}, {"type": "Feature", "properties": {"zone_id": "Z278", "zone_name": "Analysis zone 278"}, "geometry": {"type": "Polygon", "coordinates": [[[76.66240555311174, 28.296385670111952], [76.6653777438128, 28.26322756780488], [76.70109315737176, 28.249386185497286], [76.73385617159882, 28.268685499312042], [76.73091826211376, 28.301844830897647], [76.695183053531, 28.31570363068319], [76.66240555311174, 28.296385670111952]]]}}, {"type": "Feature", "properties": {"zone_id": "Z279", "zone_name": "Analysis zone 279"}, "geometry": {"type": "Polygon", "coordinates": [[[76.73091826211376, 28.301844830897647], [76.73385617159882, 28.268685499312042], [76.76955529484357, 28.254826236931873], [76.80233623067086, 28.274108865136597], [76.79943261243842, 28.30726936542926], [76.76371376355725, 28.321146080107322], [76.73091826211376, 28.301844830897647]]]}}, {"type": "Feature", "properties": {"zone_id": "Z280", "zone_name": "Analysis zone 280"}, "geometry": {"type": "Polygon", "coordinates": [[[76.63263274389301, 28.243911606357305], [76.63561758373619, 28.210772927305634], [76.67131320194329, 28.196948940348], [76.70404377197546, 28.216246248375235], [76.70109315737176, 28.249386185497286], [76.6653777438128, 28.26322756780488], [76.63263274389301, 28.243911606357305]]]}}, {"type": "Feature", "properties": {"zone_id": "Z281", "zone_name": "Analysis zone 281"}, "geometry": {"type": "Polygon", "coordinates": [[[76.70109315737176, 28.249386185497286], [76.70404377197546, 28.216246248375235], [76.73972316902346, 28.202404416175156], [76.77247167406642, 28.221685102204237], [76.76955529484357, 28.254826236931873], [76.73385617159882, 28.268685499312042], [76.70109315737176, 28.249386185497286]]]}}, {"type": "Feature", "properties": {"zone_id": "Z282", "zone_name": "Analysis zone 282"}, "geometry": {"type": "Polygon", "coordinates": [[[76.62366026270875, 28.343402748640717], [76.62665408786435, 28.310226532422217], [76.66240555311174, 28.296385670111952], [76.695183053531, 28.31570363068319], [76.69222355542352, 28.34888110796131], [76.65645222613719, 28.362739374907783], [76.62366026270875, 28.343402748640717]]]}}, {"type": "Feature", "properties": {"zone_id": "Z283", "zone_name": "Analysis zone 283"}, "geometry": {"type": "Polygon", "coordinates": [[[76.69222355542352, 28.34888110796131], [76.695183053531, 28.31570363068319], [76.73091826211376, 28.301844830897647], [76.76371376355725, 28.321146080107322], [76.76078860272318, 28.354324757778382], [76.72503359954679, 28.36820099715012], [76.69222355542352, 28.34888110796131]]]}}, {"type": "Feature", "properties": {"zone_id": "Z284", "zone_name": "Analysis zone 284"}, "geometry": {"type": "Polygon", "coordinates": [[[76.59389468129454, 28.290891898618394], [76.59690114288176, 28.257735086149612], [76.63263274389301, 28.243911606357305], [76.6653777438128, 28.26322756780488], [76.66240555311174, 28.296385670111952], [76.62665408786435, 28.310226532422217], [76.59389468129454, 28.290891898618394]]]}}, {"type": "Feature", "properties": {"zone_id": "Z285", "zone_name": "Analysis zone 285"}, "geometry": {"type": "Polygon", "coordinates": [[[76.82935520829001, 28.359733682719785], [76.83224602191953, 28.326553865333803], [76.86794840819543, 28.31265925854275], [76.90077963256776, 28.331926971384572], [76.8979231757795, 28.36510786779704], [76.86220113432447, 28.37901998365194], [76.82935520829001, 28.359733682719785]]]}}, {"type": "Feature", "properties": {"zone_id": "Z286", "zone_name": "Analysis zone 286"}, "geometry": {"type": "Polygon", "coordinates": [[[76.8979231757795, 28.36510786779704], [76.90077963256776, 28.331926971384572], [76.93646545346964, 28.318014495456502], [76.96931439942858, 28.33726538366457], [76.9664923088237, 28.37044729840554], [76.93078690270956, 28.384377317924073], [76.8979231757795, 28.36510786779704]]]}}, {"type": "Feature", "properties": {"zone_id": "Z287", "zone_name": "Analysis zone 287"}, "geometry": {"type": "Polygon", "coordinates": [[[76.79943261243842, 28.30726936542926], [76.80233623067086, 28.274108865136597], [76.83801896087154, 28.260231745322855], [76.87081772543205, 28.27949765012536], [76.86794840819543, 28.31265925854275], [76.83224602191953, 28.326553865333803], [76.79943261243842, 28.30726936542926]]]}}, {"type": "Feature", "properties": {"zone_id": "Z288", "zone_name": "Analysis zone 288"}, "geometry": {"type": "Polygon", "coordinates": [[[76.86794840819543, 28.31265925854275], [76.87081772543205, 28.27949765012536], [76.90648395999258, 28.265602695712996], [76.93930046026084, 28.284851839506697], [76.93646545346964, 28.318014495456502], [76.90077963256776, 28.331926971384572], [76.86794840819543, 28.31265925854275]]]}}, {"type": "Feature", "properties": {"zone_id": "Z289", "zone_name": "Analysis zone 289"}, "geometry": {"type": "Polygon", "coordinates": [[[76.79070426591832, 28.406825846955112], [76.79361663443551, 28.37362787179343], [76.82935520829001, 28.359733682719785], [76.86220113432447, 28.37901998365194], [76.85932316904378, 28.41221906944291], [76.82356487098252, 28.426130754989465], [76.79070426591832, 28.406825846955112]]]}}, {"type": "Feature", "properties": {"zone_id": "Z290", "zone_name": "Analysis zone 290"}, "geometry": {"type": "Polygon", "coordinates": [[[76.85932316904378, 28.41221906944291], [76.86220113432447, 28.37901998365194], [76.8979231757795, 28.36510786779704], [76.93078690270956, 28.384377317924073], [76.9279433501949, 28.41757745354995], [76.89220165456096, 28.431507100534446], [76.85932316904378, 28.41221906944291]]]}}, {"type": "Feature", "properties": {"zone_id": "Z291", "zone_name": "Analysis zone 291"}, "geometry": {"type": "Polygon", "coordinates": [[[76.76078860272318, 28.354324757778382], [76.76371376355725, 28.321146080107322], [76.79943261243842, 28.30726936542926], [76.83224602191953, 28.326553865333803], [76.82935520829001, 28.359733682719785], [76.79361663443551, 28.37362787179343], [76.76078860272318, 28.354324757778382]]]}}, {"type": "Feature", "properties": {"zone_id": "Z292", "zone_name": "Analysis zone 292"}, "geometry": {"type": "Polygon", "coordinates": [[[76.60563406782782, 28.542721613294066], [76.6086459853099, 28.50947074156865], [76.6445096644534, 28.495596351272123], [76.67738142480916, 28.514955421359883], [76.67440403934467, 28.548207560245906], [76.638520357739, 28.562099373214913], [76.60563406782782, 28.542721613294066]]]}}, {"type": "Feature", "properties": {"zone_id": "Z293", "zone_name": "Analysis zone 293"}, "geometry": {"type": "Polygon", "coordinates": [[[76.57579245268481, 28.490094818911864], [76.57881706812442, 28.45686321399234], [76.61466074466833, 28.443006224308274], [76.64749980457518, 28.462363450252433], [76.6445096644534, 28.495596351272123], [76.6086459853099, 28.50947074156865], [76.57579245268481, 28.490094818911864]]]}}, {"type": "Feature", "properties": {"zone_id": "Z294", "zone_name": "Analysis zone 294"}, "geometry": {"type": "Polygon", "coordinates": [[[76.56670033868124, 28.589864035622394], [76.56973409254107, 28.556595245470778], [76.60563406782782, 28.542721613294066], [76.638520357739, 28.562099373214913], [76.6355211820917, 28.595369462659455], [76.59960113449495, 28.60926050422747], [76.56670033868124, 28.589864035622394]]]}}, {"type": "Feature", "properties": {"zone_id": "Z295", "zone_name": "Analysis zone 295"}, "geometry": {"type": "Polygon", "coordinates": [[[76.70434395693904, 28.600839730921987], [76.7073085437863, 28.56756840335017], [76.74317582739195, 28.55365843228021], [76.77609845245402, 28.57300232023536], [76.77316846469593, 28.6062748247568], [76.73728124913549, 28.620202275719027], [76.70434395693904, 28.600839730921987]]]}}, {"type": "Feature", "properties": {"zone_id": "Z296", "zone_name": "Analysis zone 296"}, "geometry": {"type": "Polygon", "coordinates": [[[76.77316846469593, 28.6062748247568], [76.77609845245402, 28.57300232023536], [76.81194923387451, 28.559074213956276], [76.84488988548352, 28.57840110861876], [76.8419945068049, 28.6116747289011], [76.80612386387408, 28.625620350109408], [76.77316846469593, 28.6062748247568]]]}}, {"type": "Feature", "properties": {"zone_id": "Z297", "zone_name": "Analysis zone 297"}, "geometry": {"type": "Polygon", "coordinates": [[[76.67440403934467, 28.548207560245906], [76.67738142480916, 28.514955421359883], [76.7132287759831, 28.501062908152754], [76.74611867044348, 28.520405087304297], [76.74317582739195, 28.55365843228021], [76.7073085437863, 28.56756840335017], [76.67440403934467, 28.548207560245906]]]}}, {"type": "Feature", "properties": {"zone_id": "Z298", "zone_name": "Analysis zone 298"}, "geometry": {"type": "Polygon", "coordinates": [[[76.74317582739195, 28.55365843228021], [76.74611867044348, 28.520405087304297], [76.78194958964018, 28.506494473936442], [76.81485752441546, 28.525819723972674], [76.81194923387451, 28.559074213956276], [76.77609845245402, 28.57300232023536], [76.74317582739195, 28.55365843228021]]]}}, {"type": "Feature", "properties": {"zone_id": "Z299", "zone_name": "Analysis zone 299"}, "geometry": {"type": "Polygon", "coordinates": [[[76.66545388331201, 28.648038246464058], [76.66844027311167, 28.61474898860378], [76.70434395693904, 28.600839730921987], [76.73728124913549, 28.620202275719027], [76.73432950500104, 28.653492742579587], [76.69840581929611, 28.66741946699446], [76.66545388331201, 28.648038246464058]]]}}, {"type": "Feature", "properties": {"zone_id": "Z300", "zone_name": "Analysis zone 300"}, "geometry": {"type": "Polygon", "coordinates": [[[76.73432950500104, 28.653492742579587], [76.73728124913549, 28.620202275719027], [76.77316846469593, 28.6062748247568], [76.80612386387408, 28.625620350109408], [76.80320677558683, 28.658911964685835], [76.76729962865302, 28.672856917549364], [76.73432950500104, 28.653492742579587]]]}}, {"type": "Feature", "properties": {"zone_id": "Z301", "zone_name": "Analysis zone 301"}, "geometry": {"type": "Polygon", "coordinates": [[[76.6355211820917, 28.595369462659455], [76.638520357739, 28.562099373214913], [76.67440403934467, 28.548207560245906], [76.7073085437863, 28.56756840335017], [76.70434395693904, 28.600839730921987], [76.66844027311167, 28.61474898860378], [76.6355211820917, 28.595369462659455]]]}}, {"type": "Feature", "properties": {"zone_id": "Z302", "zone_name": "Analysis zone 302"}, "geometry": {"type": "Polygon", "coordinates": [[[76.58485719256004, 28.39043729924834], [76.58787271065708, 28.35724302063624], [76.62366026270875, 28.343402748640717], [76.65645222613719, 28.362739374907783], [76.65347108091676, 28.395934946468646], [76.61766359562266, 28.409792610118796], [76.58485719256004, 28.39043729924834]]]}}, {"type": "Feature", "properties": {"zone_id": "Z303", "zone_name": "Analysis zone 303"}, "geometry": {"type": "Polygon", "coordinates": [[[76.59016847331506, 29.095895592985368], [76.59321344456157, 29.06244172028461], [76.62938108295293, 29.048467376396662], [76.66252410087704, 29.067929430106865], [76.65951424024328, 29.10138455652141], [76.62332624718964, 29.115376386934432], [76.59016847331506, 29.095895592985368]]]}}, {"type": "Feature", "properties": {"zone_id": "Z304", "zone_name": "Analysis zone 304"}, "geometry": {"type": "Polygon", "coordinates": [[[76.65951424024328, 29.10138455652141], [76.66252410087704, 29.067929430106865], [76.69867515979116, 29.053936458253506], [76.73183663717519, 29.073381101933503], [76.728861897879, 29.106837419872328], [76.69269055606821, 29.12084791403354], [76.65951424024328, 29.10138455652141]]]}}, {"type": "Feature", "properties": {"zone_id": "Z305", "zone_name": "Analysis zone 305"}, "geometry": {"type": "Polygon", "coordinates": [[[76.59929413537851, 28.99557040670231], [76.60232986427992, 28.962152998675396], [76.63844035651451, 28.948195005767648], [76.67153539944604, 28.967636953772086], [76.66853467586502, 29.001055612309727], [76.63240390017843, 29.01503108373841], [76.59929413537851, 28.99557040670231]]]}}, {"type": "Feature", "properties": {"zone_id": "Z306", "zone_name": "Analysis zone 306"}, "geometry": {"type": "Polygon", "coordinates": [[[76.66853467586502, 29.001055612309727], [76.67153539944604, 28.967636953772086], [76.70762934869992, 28.953660427521672], [76.74074278259803, 28.97308505703665], [76.73777707497351, 29.006504904098012], [76.70166291373022, 29.020498944531067], [76.66853467586502, 29.001055612309727]]]}}, {"type": "Feature", "properties": {"zone_id": "Z307", "zone_name": "Analysis zone 307"}, "geometry": {"type": "Polygon", "coordinates": [[[76.56925330786102, 28.94269377099011], [76.57230190366195, 28.90929529825366], [76.60839211232599, 28.895354761942766], [76.64145400487605, 28.914795253167405], [76.63844035651451, 28.948195005767648], [76.60232986427992, 28.962152998675396], [76.56925330786102, 28.94269377099011]]]}}, {"type": "Feature", "properties": {"zone_id": "Z308", "zone_name": "Analysis zone 308"}, "geometry": {"type": "Polygon", "coordinates": [[[76.63844035651451, 28.948195005767648], [76.64145400487605, 28.914795253167405], [76.67752774177966, 28.900836219187347], [76.71060803887757, 28.92025945693739], [76.70762934869992, 28.953660427521672], [76.67153539944604, 28.967636953772086], [76.63844035651451, 28.948195005767648]]]}}, {"type": "Feature", "properties": {"zone_id": "Z309", "zone_name": "Analysis zone 309"}, "geometry": {"type": "Polygon", "coordinates": [[[76.62938108295293, 29.048467376396662], [76.63240390017843, 29.01503108373841], [76.66853467586502, 29.001055612309727], [76.70166291373022, 29.020498944531067], [76.69867515979116, 29.053936458253506], [76.66252410087704, 29.067929430106865], [76.62938108295293, 29.048467376396662]]]}}, {"type": "Feature", "properties": {"zone_id": "Z310", "zone_name": "Analysis zone 310"}, "geometry": {"type": "Polygon", "coordinates": [[[76.76797100994045, 29.059369525426256], [76.77092369006606, 29.025930852733726], [76.80702113051542, 29.01191826666928], [76.84018602682922, 29.03132679314384], [76.83726843073707, 29.06476656270139], [76.80115085065384, 29.07879672034371], [76.76797100994045, 29.059369525426256]]]}}, {"type": "Feature", "properties": {"zone_id": "Z311", "zone_name": "Analysis zone 311"}, "geometry": {"type": "Polygon", "coordinates": [[[76.83726843073707, 29.06476656270139], [76.84018602682922, 29.03132679314384], [76.87626664027319, 29.017295685027356], [76.9094497216356, 29.036686750961156], [76.90656721948976, 29.070127555268588], [76.87046653848127, 29.084176270320295], [76.83726843073707, 29.06476656270139]]]}}, {"type": "Feature", "properties": {"zone_id": "Z312", "zone_name": "Analysis zone 312"}, "geometry": {"type": "Polygon", "coordinates": [[[76.73777707497351, 29.006504904098012], [76.74074278259803, 28.97308505703665], [76.77682008270303, 28.95909002067137], [76.80995181185324, 28.978497293082608], [76.80702113051542, 29.01191826666928], [76.77092369006606, 29.025930852733726], [76.73777707497351, 29.006504904098012]]]}}, {"type": "Feature", "properties": {"zone_id": "Z313", "zone_name": "Analysis zone 313"}, "geometry": {"type": "Polygon", "coordinates": [[[76.80702113051542, 29.01191826666928], [76.80995181185324, 28.978497293082608], [76.84601235677914, 28.96448377003605], [76.87916228530025, 28.983873646924255], [76.87626664027319, 29.017295685027356], [76.84018602682922, 29.03132679314384], [76.80702113051542, 29.01191826666928]]]}}, {"type": "Feature", "properties": {"zone_id": "Z314", "zone_name": "Analysis zone 314"}, "geometry": {"type": "Polygon", "coordinates": [[[76.728861897879, 29.106837419872328], [76.73183663717519, 29.073381101933503], [76.76797100994045, 29.059369525426256], [76.80115085065384, 29.07879672034371], [76.79821124311225, 29.11225416760581], [76.7620566593997, 29.126283302057796], [76.728861897879, 29.106837419872328]]]}}, {"type": "Feature", "properties": {"zone_id": "Z315", "zone_name": "Analysis zone 315"}, "geometry": {"type": "Polygon", "coordinates": [[[76.79821124311225, 29.11225416760581], [76.80115085065384, 29.07879672034371], [76.83726843073707, 29.06476656270139], [76.87046653848127, 29.084176270320295], [76.86756207280332, 29.11763478469409], [76.83142435390471, 29.131682535771628], [76.79821124311225, 29.11225416760581]]]}}, {"type": "Feature", "properties": {"zone_id": "Z316", "zone_name": "Analysis zone 316"}, "geometry": {"type": "Polygon", "coordinates": [[[76.69867515979116, 29.053936458253506], [76.70166291373022, 29.020498944531067], [76.73777707497351, 29.006504904098012], [76.77092369006606, 29.025930852733726], [76.76797100994045, 29.059369525426256], [76.73183663717519, 29.073381101933503], [76.69867515979116, 29.053936458253506]]]}}, {"type": "Feature", "properties": {"zone_id": "Z317", "zone_name": "Analysis zone 317"}, "geometry": {"type": "Polygon", "coordinates": [[[76.57838985405793, 28.842535003738938], [76.58142921795158, 28.80917321440742], [76.61746252949519, 28.79524909914948], [76.65047668604568, 28.814669336218277], [76.64747216504394, 28.84803240217411], [76.61141864074553, 28.861973965816592], [76.57838985405793, 28.842535003738938]]]}}, {"type": "Feature", "properties": {"zone_id": "Z318", "zone_name": "Analysis zone 318"}, "geometry": {"type": "Polygon", "coordinates": [[[76.64747216504394, 28.84803240217411], [76.65047668604568, 28.814669336218277], [76.68649356192468, 28.800726817467613], [76.71952605487076, 28.820129892119827], [76.71655638741699, 28.853494173022632], [76.68051936970353, 28.86745417571023], [76.64747216504394, 28.84803240217411]]]}}, {"type": "Feature", "properties": {"zone_id": "Z319", "zone_name": "Analysis zone 319"}, "geometry": {"type": "Polygon", "coordinates": [[[76.61746252949519, 28.79524909914948], [76.62047989904453, 28.76190506091294], [76.65647663280407, 28.747980004137304], [76.68947613533818, 28.767381534997], [76.68649356192468, 28.800726817467613], [76.65047668604568, 28.814669336218277], [76.61746252949519, 28.79524909914948]]]}}, {"type": "Feature", "properties": {"zone_id": "Z320", "zone_name": "Analysis zone 320"}, "geometry": {"type": "Polygon", "coordinates": [[[76.60839211232599, 28.895354761942766], [76.61141864074553, 28.861973965816592], [76.64747216504394, 28.84803240217411], [76.68051936970353, 28.86745417571023], [76.67752774177966, 28.900836219187347], [76.64145400487605, 28.914795253167405], [76.60839211232599, 28.895354761942766]]]}}, {"type": "Feature", "properties": {"zone_id": "Z321", "zone_name": "Analysis zone 321"}, "geometry": {"type": "Polygon", "coordinates": [[[76.62650551147111, 28.695253855050783], [76.62951376351229, 28.661946719454335], [76.66545388331201, 28.648038246464058], [76.69840581929611, 28.66741946699446], [76.69543225949313, 28.700727843750542], [76.65947206770096, 28.714653770174245], [76.62650551147111, 28.695253855050783]]]}}, {"type": "Feature", "properties": {"zone_id": "Z322", "zone_name": "Analysis zone 322"}, "geometry": {"type": "Polygon", "coordinates": [[[76.59658010951162, 28.64254849181461], [76.59960113449495, 28.60926050422747], [76.6355211820917, 28.595369462659455], [76.66844027311167, 28.61474898860378], [76.66545388331201, 28.648038246464058], [76.62951376351229, 28.661946719454335], [76.59658010951162, 28.64254849181461]]]}}, {"type": "Feature", "properties": {"zone_id": "Z323", "zone_name": "Analysis zone 323"}, "geometry": {"type": "Polygon", "coordinates": [[[76.58749874630685, 28.74248643236891], [76.5905289200113, 28.709161471833433], [76.62650551147111, 28.695253855050783], [76.65947206770096, 28.714653770174245], [76.65647663280407, 28.747980004137304], [76.62047989904453, 28.76190506091294], [76.58749874630685, 28.74248643236891]]]}}, {"type": "Feature", "properties": {"zone_id": "Z324", "zone_name": "Analysis zone 324"}, "geometry": {"type": "Polygon", "coordinates": [[[77.68382370853085, 28.92621008691415], [77.68630447749884, 28.89283527776694], [77.7220622395921, 28.878619580092256], [77.75535828726778, 28.897760703325496], [77.75291249521672, 28.93113580136926], [77.71713567614421, 28.94536949870266], [77.68382370853085, 28.92621008691415]]]}}, {"type": "Feature", "properties": {"zone_id": "Z325", "zone_name": "Analysis zone 325"}, "geometry": {"type": "Polygon", "coordinates": [[[77.67636631013808, 29.026407968477944], [77.67885462866448, 28.992996448417713], [77.71466865080612, 28.978762833649267], [77.74801347482138, 28.997922740650804], [77.7455602389547, 29.031334549601677], [77.70972709396348, 29.045586174096403], [77.67636631013808, 29.026407968477944]]]}}, {"type": "Feature", "properties": {"zone_id": "Z326", "zone_name": "Analysis zone 326"}, "geometry": {"type": "Polygon", "coordinates": [[[77.64552676107124, 28.973818728775914], [77.64802881311547, 28.940425713646334], [77.68382370853085, 28.92621008691415], [77.71713567614421, 28.94536949870266], [77.71466865080612, 28.978762833649267], [77.67885462866448, 28.992996448417713], [77.64552676107124, 28.973818728775914]]]}}, {"type": "Feature", "properties": {"zone_id": "Z327", "zone_name": "Analysis zone 327"}, "geometry": {"type": "Polygon", "coordinates": [[[77.69125849251698, 28.8261224830801], [77.69373174614921, 28.792784529562915], [77.72943342327903, 28.778586821201976], [77.76268083581031, 28.797709088346192], [77.76024245382605, 28.831047330807305], [77.72452178525425, 28.84526302858317], [77.69125849251698, 28.8261224830801]]]}}, {"type": "Feature", "properties": {"zone_id": "Z328", "zone_name": "Analysis zone 328"}, "geometry": {"type": "Polygon", "coordinates": [[[77.66050116666604, 28.773644634879393], [77.66298808276298, 28.740325330596885], [77.69867076455806, 28.726145589895033], [77.73188552314855, 28.745267197210904], [77.72943342327903, 28.778586821201976], [77.69373174614921, 28.792784529562915], [77.66050116666604, 28.773644634879393]]]}}, {"type": "Feature", "properties": {"zone_id": "Z329", "zone_name": "Analysis zone 329"}, "geometry": {"type": "Polygon", "coordinates": [[[77.65302532439495, 28.873676434585896], [77.65551979128779, 28.840320202818983], [77.69125849251698, 28.8261224830801], [77.72452178525425, 28.84526302858317], [77.7220622395921, 28.878619580092256], [77.68630447749884, 28.89283527776694], [77.65302532439495, 28.873676434585896]]]}}, {"type": "Feature", "properties": {"zone_id": "Z330", "zone_name": "Analysis zone 330"}, "geometry": {"type": "Polygon", "coordinates": [[[77.62227341082149, 28.821162001452084], [77.62478153007032, 28.787824398431876], [77.66050116666604, 28.773644634879393], [77.69373174614921, 28.792784529562915], [77.69125849251698, 28.8261224830801], [77.65551979128779, 28.840320202818983], [77.62227341082149, 28.821162001452084]]]}}, {"type": "Feature", "properties": {"zone_id": "Z331", "zone_name": "Analysis zone 331"}, "geometry": {"type": "Polygon", "coordinates": [[[77.69754314076488, 28.275158013866477], [77.69999281103537, 28.24202546570125], [77.73539798884387, 28.227936677152478], [77.76837216664468, 28.246962534445824], [77.76595679457085, 28.280095402753783], [77.73053294415803, 28.29420210493776], [77.69754314076488, 28.275158013866477]]]}}, {"type": "Feature", "properties": {"zone_id": "Z332", "zone_name": "Analysis zone 332"}, "geometry": {"type": "Polygon", "coordinates": [[[77.7048847952852, 28.17579810545894], [77.7073271166066, 28.142703323628766], [77.74267730670329, 28.12863293217587], [77.77560378218311, 28.14763943154549], [77.77319565683024, 28.18073453372247], [77.7378268577071, 28.19482282747877], [77.7048847952852, 28.17579810545894]]]}}, {"type": "Feature", "properties": {"zone_id": "Z333", "zone_name": "Analysis zone 333"}, "geometry": {"type": "Polygon", "coordinates": [[[77.67441712911902, 28.123679807947234], [77.67687285869779, 28.090604142954454], [77.71220443594295, 28.07655163182533], [77.74509889410609, 28.095556916652438], [77.74267730670329, 28.12863293217587], [77.7073271166066, 28.142703323628766], [77.67441712911902, 28.123679807947234]]]}}]}