tree
version=v4
num_class=1
num_tree_per_iteration=1
label_index=0
max_feature_idx=45
objective=quantile
feature_names=pm25_lag1 pm25_lag3 pm25_lag6 pm25_lag12 pm25_lag24 pm25_lag48 pm25_roll6 pm25_roll24 pm25_delta_24h pm10_lag1 no2_lag1 hour_sin hour_cos dow month is_holiday u v wind_speed wind_dir_sin wind_dir_cos pblh rh temp_c precip pressure vent_index upwind_pm25 upwind_fire_frp_24h upwind_fire_frp_regional_48h upwind_fire_count_regional_48h fx_u fx_v fx_wind_speed fx_wind_dir_sin fx_wind_dir_cos fx_pblh fx_rh fx_temp_c fx_precip fx_pressure fx_vent_index fx_d_wind_speed fx_d_pblh fx_d_vent_index city_code
feature_infos=[0.0050000000000000001:1000] [0.0083300000000000006:1000] [0.0083300000000000006:1000] [0.0050000000000000001:1000] [0.0050000000000000001:1000] [0.0050000000000000001:1000] [0.012500000000000001:1000] [0.012920000000000001:877.6875] [-983.5:966.5] [0.012500000000000001:1500] [0.0025000000000000001:1000] [-1:1] [-1:1] [0:6] [1:12] [0:1] [-41.180747155580143:39.283614867046801] [-38.427450170353957:37.071794067811233] [0:44.399999999999999] [-1:1] [-1:1] [10:5930] [4:100] [3.2999999999999998:44.100000000000001] [0:20.699999999999999] [961.79999999999995:1008.9] [0:171190] [0.01:1000] [0:950.73000000000002] [0:3617.4885889466773] [0:2139] [-39.428124602491515:39.305557242419212] [-40.531751418184861:37.30183297101123] [0:50.100000000000001] [-1:1] [-1:1] [10:5930] [4:100] [3:44.100000000000001] [0:27.399999999999999] [961.29999999999995:1008.5] [0:162960] [-39.700000000000003:40.300000000000004] [-4130:3845] [-153892:94535] [0:2]
tree_sizes=5685 5867 5872 5905 5896 5907 5909 5924 5916 5889 5921 5941 5917 5935 5911 5901 5963 5933 5966 5915 5974 5957 5980 5944 5943 5915 5946 5981 5976

Tree=0
num_leaves=64
num_cat=0
split_feature=36 38 14 37 16 5 44 8 30 33 43 14 41 14 44 16 16 14 13 8 11 6 32 44 11 8 8 15 8 41 8 37 11 0 19 23 28 29 35 8 28 16 11 0 31 23 29 29 0 40 34 36 44 7 25 37 25 18 5 31 40 0 0
split_gain=3189.58 1029.78 867.994 447.46 436.834 298.419 281.926 237.584 229.873 178.245 124.528 122.128 229.306 96.3884 94.3213 89.0747 88.2768 88.2294 87.8911 86.6775 81.4806 79.0965 77.3979 66.6528 87.2914 65.6779 60.9195 58.752 58.0118 57.1035 53.4674 51.2568 47.8546 88.6873 46.5285 43.3013 45.2817 42.2378 41.859 41.7305 56.7532 41.633 41.0469 40.787 40.0239 50.0086 39.5892 37.6558 43.6175 37.2613 36.0616 36.0147 35.6968 34.6289 33.5887 33.0507 31.6422 31.2682 31.0977 31.0099 36.6123 30.6693 30.6392
threshold=92.500000000000014 24.750000000000004 9.5000000000000018 47.500000000000007 14.690834875739299 85.050000000000011 674.25000000000011 -14.984999999999996 363.50000000000006 12.450000000000001 -31.249999999999996 5.5000000000000009 2550.7500000000005 9.5000000000000018 492.00000000000011 5.6167587397983363 15.31777207645654 11.500000000000002 4.5000000000000009 -83.824999999999974 0.60355339059327384 37.500000000000021 -9.7477587773355836 -1489.7499999999998 -1.0000000180025095e-35 -10.624999999999998 13.020000000000003 1.0000000180025095e-35 -2.0649999999999991 898.00000000000011 -65.34999999999998 20.500000000000004 -0.60355339059327362 44.025000000000006 0.22495105434386511 18.850000000000005 8.5250000000000021 16.81128945519708 -0.19936034309715203 -13.999999999999996 31.615000000000002 14.839772548735247 0.60355339059327384 42.525000000000006 -5.8821015781622927 24.850000000000005 24.922727849507943 0.42598115268636921 252.75000000000003 984.05000000000007 -0.67556448321067808 152.50000000000003 1978.2500000000002 37.151363636363648 983.35000000000002 42.500000000000007 985.85000000000002 35.150000000000013 89.050000000000011 8.6529980180784527 983.05000000000007 181.25000000000003 196.25000000000003
decision_type=2 2 2 2 2 10 2 8 2 2 2 2 2 2 2 2 2 2 2 8 2 8 2 2 2 8 10 2 10 2 10 2 2 2 2 2 2 2 2 8 2 2 2 2 2 2 2 2 2 2 2 2 2 8 2 2 2 2 10 2 2 2 2
left_child=1 4 5 8 7 11 15 29 25 16 17 12 23 37 18 19 26 22 34 21 59 42 57 24 -2 32 56 51 -10 30 43 -21 -3 -34 47 36 53 -5 54 49 -41 62 -7 -1 45 -39 -31 48 -9 -26 -43 -22 -14 -24 -35 -18 -4 58 -6 60 -17 -58 -11
right_child=2 3 9 13 10 6 -8 14 28 41 -12 -13 52 -15 -16 20 55 -19 -20 31 27 -23 35 -25 39 -27 -28 -29 -30 46 -32 -33 33 38 -36 -37 -38 44 -40 40 -42 50 -44 -45 -46 -47 -48 -49 -50 -51 -52 -53 -54 -55 -56 -57 61 -59 -60 -61 -62 -63 -64
leaf_value=56.290000304578641 47.829500136264734 49.030000877380374 49.439999264478686 47.105000686645511 49.590000724792482 48.015000724792479 46.955000686645505 52.689997541904447 69.191498524318376 48.827500724792479 51.11500072479248 46.555000686645506 47.195000648498535 50.148998085012138 48.36500072479248 48.378500207306182 52.97075087804096 61.190000724792483 51.564989745616913 49.900000405314131 51.315000724792483 49.165000724792478 48.990500533702786 47.702499491591198 50.611498180988022 49.125000572204591 50.515000724792479 63.032998449321894 54.620001029968265 50.765000724792479 52.112500572204588 47.770000648498538 53.15749860703945 47.605000686645511 48.942998705655647 52.685000419616699 52.140000724792479 51.315000724792483 50.889997529983518 48.969999741329687 51.425000572204588 49.215000724792482 51.449999070167543 55.690000724792483 47.486000488047374 48.36500072479248 51.444000507357124 48.700000572204587 51.392499223351479 49.27449884879907 52.940000724792483 49.515000724792479 46.430000686645506 54.215000724792482 51.022000545740774 58.877500382065776 55.230999438977598 60.557501029968265 52.099000270133089 48.020000049471854 50.715000724792482 54.682499322295186 45.765000724792479
leaf_weight=301 4682 1913 2451 30916 1438 86 31277 5341 700 6921 3543 212703 54663 2705 6411 1352 680 1280 9211 701 1587 748 514 10346 707 8605 5651 253 196 4964 7282 10361 1100 884 8278 1457 1408 443 1073 3806 464 1216 348 4289 2499 931 657 4144 2520 874 386 1420 62008 3953 179 576 3229 141 1332 2267 2495 2354 4640
leaf_count=301 4682 1913 2451 30916 1438 86 31277 5341 700 6921 3543 212703 54663 2705 6411 1352 680 1280 9211 701 1587 748 514 10346 707 8605 5651 253 196 4964 7282 10361 1100 884 8278 1457 1408 443 1073 3806 464 1216 348 4289 2499 931 657 4144 2520 874 386 1420 62008 3953 179 576 3229 141 1332 2267 2495 2354 4640
internal_value=47.7 47.7072 47.698 47.7019 47.7112 47.6974 47.7009 47.7091 47.7093 47.7065 47.7187 47.6969 47.698 47.699 47.7068 47.7053 47.7102 47.7213 47.708 47.7025 47.709 47.7153 47.7197 47.7029 47.7057 47.7077 47.7091 47.7153 47.7338 47.7139 47.7158 47.7011 47.7122 47.7159 47.7061 47.7224 47.7244 47.6983 47.7099 47.7097 47.7072 47.7022 47.7323 47.7201 47.7032 47.7101 47.7097 47.7081 47.7101 47.7167 47.7098 47.7134 47.6972 47.7219 47.7029 47.7229 47.7119 47.7128 47.7116 47.7056 47.7083 47.7139 47.7012
internal_weight=551860 120608 431252 52144 68464 403148 52895 53398 14650 28104 15066 350253 137550 37494 35905 21618 14941 11523 29494 12244 9374 1182 10243 20879 10533 13754 13685 3260 896 17493 11872 11062 5149 3236 20283 7332 5875 34789 2136 5851 4270 13163 434 4590 3873 1374 5621 12005 7861 1581 1602 3007 116671 4467 1063 1256 8034 2911 2770 6114 3847 5583 11561
internal_count=551860 120608 431252 52144 68464 403148 52895 53398 14650 28104 15066 350253 137550 37494 35905 21618 14941 11523 29494 12244 9374 1182 10243 20879 10533 13754 13685 3260 896 17493 11872 11062 5149 3236 20283 7332 5875 34789 2136 5851 4270 13163 434 4590 3873 1374 5621 12005 7861 1581 1602 3007 116671 4467 1063 1256 8034 2911 2770 6114 3847 5583 11561
is_linear=0
shrinkage=1


Tree=1
num_leaves=64
num_cat=0
split_feature=36 38 14 37 16 5 30 44 8 42 33 27 44 14 41 13 7 16 11 16 30 8 8 19 16 43 11 8 8 25 11 5 41 7 37 7 44 38 43 6 33 15 14 37 8 11 14 0 31 36 14 0 37 31 13 37 40 27 2 16 37 16 41
split_gain=2758.73 897.003 743.267 444.502 393.179 242.468 232.273 225.74 218.238 181.417 146.323 142.136 116.574 95.7061 151.91 93.4248 86.6488 76.4288 71.8598 71.6051 70.9591 68.3468 66.5419 66.3256 61.7508 56.8226 57.3175 55.4112 51.585 46.2026 44.5037 44.3573 43.2232 41.5959 41.3411 41.0506 42.5493 46.7471 40.7651 39.9659 38.4954 38.3625 38.2297 38.194 38.5271 37.918 36.1752 40.4883 36.0445 35.0275 34.7652 34.4825 34.2234 33.8221 32.1965 31.5625 43.918 37.6051 31.1531 30.0173 29.9359 28.9478 28.2971
threshold=102.50000000000001 24.750000000000004 9.5000000000000018 47.500000000000007 14.690834875739299 85.050000000000011 356.50000000000006 1314.2500000000002 -49.949999999999989 -12.649999999999997 13.65 33.050000000000004 492.00000000000011 5.5000000000000009 3255.5000000000009 4.5000000000000009 51.407179487179491 15.31777207645654 -0.60355339059327362 -2.9898736525209082 15.500000000000002 -33.894999999999989 -2.9999999999999987 0.64942331933852349 -16.627357326881526 -41.249999999999993 -0.37940952255126065 -72.97499999999998 5.3000000000000087 977.95000000000016 0.78656609248549325 45.525000000000006 4650.2500000000009 36.617250000000006 42.500000000000007 58.670643939393948 -541.24999999999989 12.450000000000001 -1.0000000180025095e-35 48.450000000000024 18.950000000000003 1.0000000180025095e-35 5.5000000000000009 15.500000000000002 -10.624999999999998 0.78656609248549325 2.5000000000000004 401.25000000000006 -6.6351191340349063 57.500000000000007 3.5000000000000004 56.025000000000006 19.500000000000004 13.152995194134244 1.5000000000000002 61.500000000000007 983.85000000000002 116.25000000000001 26.975000000000005 -6.1810087913625491 63.500000000000007 14.343763197086092 2100.5000000000005
decision_type=2 2 2 2 2 10 2 2 8 2 2 8 2 2 2 2 8 2 2 2 2 8 10 2 2 2 2 8 10 2 2 8 2 8 2 8 2 2 2 8 2 2 2 2 10 2 2 2 2 2 2 2 2 2 2 2 2 8 8 2 2 2 2
left_child=1 4 5 6 8 13 11 23 20 31 17 18 15 14 25 19 -5 28 -3 50 24 -11 -8 32 -1 26 -2 30 -4 -18 -25 -6 38 -23 -19 -21 37 -37 42 -32 -35 55 45 -13 -45 48 -33 60 -7 -26 -10 53 -29 -40 -20 57 -57 58 -17 -43 -48 -12 -50
right_child=2 3 10 16 9 7 22 -9 12 21 61 43 -14 -15 -16 41 29 34 54 35 -22 33 -24 27 49 -27 -28 52 -30 -31 39 46 -34 40 -36 36 -38 -39 51 -41 -42 59 -44 44 -46 -47 47 -49 62 -51 -52 -53 -54 -55 -56 56 -58 -59 -60 -61 -62 -63 -64
leaf_value=1.1693749713897705 -0.079458322442229959 0.64417443905512073 5.1780000367760657 -0.60525003433227553 2.0157499790191653 3.2756147544371639 20.343425083548667 -0.92275003433227532 -0.070624990463256765 5.4436248947679999 0.1486249256134034 3.2271249170601366 0.75712454497814186 -1.0977500152587891 -0.87150003433227541 1.254373735347549 -0.403950285729261 4.4289582128432903 5.3891251917183398 0.61000004768371596 4.3025990445551336 -0.099525026685139295 6.5740002536773687 0.75992453955025274 7.4904999637603771 -0.32512493643258722 1.3167921253536459 1.7389999089223238 2.5634500280511201 1.5451298396464637 3.877499967812692 6.9042472076416024 0.90899984493851671 3.7342469274997714 10.631124980896713 10.040494955182076 3.590387371526746 3.5049982881546025 0.67144990162473961 1.5489999675750732 1.3639698328738872 26.124843326001457 0.00052488542263409959 2.0588993953964314 0.69374997138977046 3.8983500775339053 6.1644354849730831 -3.4348750390112404 4.2492499637603762 3.7312461708693991 2.2028500647172176 0.66724992752075218 -0.3635000324249269 14.468346923256105 3.1997866664778725 0.39137990418372354 3.6217505127191547 3.0217505127191546 3.2307499436205944 5.7692484080791475 10.594498969092312 2.3279999637603761 1.3092499637603758
leaf_weight=1279 5278 394 7876 31649 847 569 728 27174 5072 2316 9193 1312 9369 208446 107361 551 4217 792 567 3090 949 740 237 602 5091 13507 7640 455 6853 7087 221 1157 4966 5095 611 868 9092 2825 835 119 1819 393 674 5241 7577 1310 1796 94 934 2478 5062 2848 7562 148 490 1447 5831 1738 1812 322 1959 1426 1869
leaf_count=1279 5278 394 7876 31649 847 569 728 27174 5072 2316 9193 1312 9369 208446 107361 551 4217 792 567 3090 949 740 237 602 5091 13507 7640 455 6853 7087 221 1157 4966 5095 611 868 9092 2825 835 119 1819 393 674 5241 7577 1310 1796 94 934 2478 5062 2848 7562 148 490 1447 5831 1738 1812 322 1959 1426 1869
internal_value=-0.00013817 0.00614819 -0.00212619 0.00159003 0.00985867 -0.00267578 0.00855312 0.00056616 0.00793108 0.0168353 0.00593791 0.00707881 0.0065289 -0.00315213 -0.00210844 0.00775752 -0.00109224 0.00893813 0.0219814 0.00606924 0.0147254 0.0127332 0.0323575 0.00419868 0.0133318 0.00128761 0.00365846 0.000832123 0.00787596 0.00266543 0.0123036 0.0238228 0.00632975 0.010456 0.0200891 0.00816535 0.00941533 0.0139412 0.00836127 0.0267647 0.0116618 0.0113883 0.0111781 0.00554848 0.0047168 0.0127809 0.0256133 0.0279436 0.00997627 0.0150489 0.00278567 0.00442313 -0.00051578 0.0124975 0.0287748 0.0106824 0.00870569 0.0141904 0.0182967 0.0226224 0.028755 0.00138007 0.00764716
internal_weight=551860 132591 419269 59499 73092 392518 16546 50286 57269 15823 26751 15581 47472 342232 133786 38103 42953 16132 1451 26009 9797 9970 965 23112 8848 26425 12918 8959 14729 11304 942 5853 14153 7654 1403 15875 12785 3693 9187 340 6914 12094 5356 14130 12818 4682 5006 3849 3372 7569 10134 3831 8017 983 1057 11379 7278 4101 2363 715 3755 10619 2803
internal_count=551860 132591 419269 59499 73092 392518 16546 50286 57269 15823 26751 15581 47472 342232 133786 38103 42953 16132 1451 26009 9797 9970 965 23112 8848 26425 12918 8959 14729 11304 942 5853 14153 7654 1403 15875 12785 3693 9187 340 6914 12094 5356 14130 12818 4682 5006 3849 3372 7569 10134 3831 8017 983 1057 11379 7278 4101 2363 715 3755 10619 2803
is_linear=0
shrinkage=0.05


Tree=2
num_leaves=64
num_cat=0
split_feature=36 5 14 16 14 44 36 30 14 8 42 42 8 25 8 16 9 11 14 0 31 13 38 37 0 9 38 25 12 16 30 14 11 44 14 3 11 28 19 0 44 43 8 10 37 28 42 44 14 44 38 25 38 23 38 17 36 17 38 28 16 19 36
split_gain=2396.08 687.669 649.017 332.021 274.227 325.077 226.788 210.088 176.099 170.091 162.574 129.851 126.218 80.1562 77.4302 75.1838 74.2165 76.0708 70.35 66.5266 63.5231 62.816 62.6088 54.2209 85.8366 53.8424 50.4359 50.1324 47.772 47.2831 47.2621 46.6416 42.2148 44.7115 39.1642 38.1081 37.5952 37.2178 37.1338 36.8292 36.5887 35.0127 34.12 32.8384 32.2415 34.2418 52.1958 30.1838 30.1157 30.067 29.5886 37.5115 29.5331 29.4467 28.0085 27.1126 26.9901 27.9867 27.6788 25.6009 25.2222 24.4417 24.4258
threshold=86.250000000000014 51.550000000000004 9.5000000000000018 11.018735296587531 5.5000000000000009 1568.500000000002 382.50000000000006 363.50000000000006 5.5000000000000009 -51.694999999999986 -11.749999999999996 3.2000000000000011 -23.989999999999991 984.05000000000007 -33.894999999999989 5.6167587397983363 122.25000000000001 0.78656609248549325 11.500000000000002 208.75000000000003 -5.5844670202224682 3.5000000000000004 20.250000000000004 25.500000000000004 44.525000000000006 83.050000000000011 24.050000000000004 982.1500000000002 -0.3794095225512602 4.286743041630392 1058.5000000000002 2.5000000000000004 -0.60355339059327362 -741.74999999999989 9.5000000000000018 51.525000000000006 0.25881904510252091 20.940000000000005 -0.47714059151611382 359.25000000000006 77.249999999999957 -23.749999999999996 -89.949999999999989 21.425000000000001 22.500000000000004 33.645000000000003 -7.8499999999999979 -1605.2499999999998 4.5000000000000009 -126.99999999999993 27.550000000000004 987.95000000000016 17.050000000000004 8.0500000000000025 28.350000000000005 -1.2340627259146635 46.250000000000007 -12.922011024843792 7.9500000000000011 0.9850000000000001 -16.627357326881526 0.55191596924288722 57.500000000000007
decision_type=2 8 2 2 2 2 2 2 2 8 2 2 8 2 8 2 8 2 2 2 2 2 2 2 2 8 2 2 2 2 2 2 2 2 2 10 2 2 2 2 2 2 10 8 2 2 2 2 2 2 2 2 2 2 2 2 2 2 2 2 2 2 2
left_child=1 8 4 7 5 6 12 9 32 25 26 18 16 23 41 44 17 -2 36 38 27 56 -8 24 -11 -3 31 -17 49 -18 -28 -5 -1 35 61 60 -4 55 43 -33 53 -12 -19 -20 48 -46 -47 -45 -14 -22 -13 -52 -23 -16 -44 -29 57 58 -15 -57 -34 -27 -36
right_child=2 3 11 10 -6 -7 22 -9 -10 13 14 50 15 21 40 20 29 42 19 -21 28 52 -24 -25 -26 34 30 37 -30 -31 -32 39 33 -35 62 -37 -38 -39 -40 -41 -42 -43 54 47 45 46 -48 -49 -50 -51 51 -53 -54 -55 -56 59 -58 -59 -60 -61 -62 -63 -64
leaf_value=-0.10319114344756752 1.2494103613073912 4.5828700325433109 1.7620373519591024 6.0909749655723573 -1.022862533569336 -1.0966125135421751 2.5334905495411011 19.392475932969603 -0.6399874944686893 5.2891800998782061 6.9920687190219759 -0.038466754806593367 0.94014376708050884 11.088475375145675 12.713475375145675 0.12933245988368078 0.22047619868201862 3.2873700942638666 4.1960774623578203 3.1501977608033167 2.3375588959646039 3.0897124299346079 -0.51617503070831283 0.60449347177805279 1.0856820491844803 3.7324198056152742 2.179179895308367 1.3990143815486382 0.19543072493072824 2.243859133543872 17.473253819606651 8.35077326772657 0.077707180429851225 0.51328744575381291 7.8409749655723573 4.4594231237917752 4.1196930393635345 3.0030644642798663 2.4960769049922131 0.44301405105845143 0.51585099227144637 4.2370868412210241 1.3338249692916873 10.293054428261746 -0.26340972367554721 3.499917975822362 -0.76763213352008686 6.7210765384858266 2.0676310744732436 -0.20793085339028305 0.94251837108148961 21.352725168119303 3.835213015538125 2.9211206004327255 11.740491305215039 1.6561307667517249 1.0775000442266467 2.2559163354009217 3.7496172655849471 3.604034817146228 1.6933874131040623 1.2745598580972537 3.5020615139369706
leaf_weight=3145 2889 579 7454 1624 222656 89123 1894 480 21435 455 1962 9217 2242 137 408 1148 3808 541 591 1676 2685 6015 45121 18056 918 1870 1121 1572 7364 3846 154 3986 1051 3853 3475 1210 4748 566 641 155 1347 1268 803 1128 19794 454 477 776 170 783 1963 689 7225 10000 237 111 6460 7776 1272 211 4285 1724 1036
leaf_count=3145 2889 579 7454 1624 222656 89123 1894 480 21435 455 1962 9217 2242 137 408 1148 3808 541 591 1676 2685 6015 45121 18056 918 1870 1121 1572 7364 3846 154 3986 1051 3853 3475 1210 4748 566 641 155 1347 1268 803 1128 19794 454 477 776 170 783 1963 689 7225 10000 237 111 6460 7776 1272 211 4285 1724 1036
internal_value=-0.00026284 0.00617687 -0.00194841 0.00874728 -0.00246056 -0.00104254 0.000964886 0.0067471 0.000334628 0.0064697 0.0139671 0.00529498 0.00331975 0.00531171 0.0110227 0.00188852 0.00775569 0.0128747 0.0080951 0.0132149 0.00471953 0.006982 -0.00152451 0.0028285 0.0124071 0.0129123 0.0202344 0.0104656 0.00280557 0.00476613 0.0112353 0.0222246 0.0047977 0.00633282 0.01186 0.00884815 0.00607605 0.0144919 0.0175128 0.0250411 0.00913866 0.0178793 0.021692 0.0202705 0.000121665 -0.00051508 0.00885607 0.0234664 0.00559287 0.00764417 0.00128107 0.00593514 0.00951662 0.0101422 0.0163942 0.0111299 0.00483701 0.00657866 0.0130625 0.0243478 0.00703148 0.00796605 0.0149623
internal_weight=551860 114482 437378 79503 408495 185839 96716 57478 34979 56998 22025 28883 49701 48314 14985 37577 12124 4470 17014 4812 14440 28885 47015 19429 1373 8684 7040 3608 10832 7654 1275 5765 13544 10399 8105 6546 12202 2460 3136 4141 11755 3230 1581 2495 23137 20725 931 1904 2412 3468 11869 2652 13240 10408 1040 1894 15645 9185 1409 322 5336 3594 4511
internal_count=551860 114482 437378 79503 408495 185839 96716 57478 34979 56998 22025 28883 49701 48314 14985 37577 12124 4470 17014 4812 14440 28885 47015 19429 1373 8684 7040 3608 10832 7654 1275 5765 13544 10399 8105 6546 12202 2460 3136 4141 11755 3230 1581 2495 23137 20725 931 1904 2412 3468 11869 2652 13240 10408 1040 1894 15645 9185 1409 322 5336 3594 4511
is_linear=0
shrinkage=0.05


Tree=3
num_leaves=64
num_cat=0
split_feature=36 5 14 8 14 30 5 16 43 16 36 36 31 16 14 41 18 8 0 11 43 43 43 25 0 14 11 40 30 41 14 16 19 43 14 0 13 43 14 37 2 40 16 12 40 11 14 13 29 27 37 11 28 41 27 27 25 0 5 37 4 14 4
split_gain=2094.23 672.613 567.275 327.932 216.097 196.678 188.92 186.715 162.261 107.237 87.9392 85.0008 83.9981 86.2209 79.8812 103.924 64.8845 54.0921 107.99 52.6908 58.941 49.162 48.9559 48.8662 50.8457 47.1386 45.5037 45.4857 52.156 43.151 42.2911 42.2424 40.9128 40.8207 39.419 46.0869 60.3307 44.1065 31.9653 32.3645 30.6458 31.6722 30.3902 29.9564 29.6973 29.0072 28.4839 28.4637 28.2006 27.8351 27.0478 26.8449 26.4694 26.2524 26.1459 26.09 25.9855 25.7535 28.048 25.1509 24.7578 24.2982 23.3106
threshold=112.50000000000001 56.050000000000004 9.5000000000000018 -18.494999999999994 5.5000000000000009 326.50000000000006 94.125000000000014 11.018735296587531 62.500000000000007 11.965679912230017 41.250000000000007 57.500000000000007 11.513202473814575 16.42178213704511 5.5000000000000009 3417.7500000000005 26.350000000000005 -97.899999999999991 41.025000000000006 -0.37940952255126065 -67.499999999999986 -16.249999999999996 -41.249999999999993 986.45000000000016 200.25000000000003 11.500000000000002 -0.37940952255126065 985.1500000000002 363.50000000000006 4650.2500000000009 10.500000000000002 -17.770364136041767 0.55191596924288722 -1.0000000180025095e-35 5.5000000000000009 55.525000000000006 1.0000000180025095e-35 -31.249999999999996 9.5000000000000018 18.500000000000004 31.525000000000002 973.95000000000016 5.6167587397983363 -0.12940952255126037 984.95000000000016 -1.0000000180025095e-35 1.5000000000000002 5.5000000000000009 1.0890093671768482 17.950000000000003 80.500000000000014 0.12940952255126045 2.7050000000000005 948.50000000000011 106.25000000000001 167.75000000000003 980.35000000000002 327.25000000000006 122.25000000000001 41.500000000000007 44.525000000000006 10.500000000000002 30.025000000000002
decision_type=2 8 2 8 2 2 10 2 2 2 2 2 2 2 2 2 2 10 2 2 2 2 2 2 2 2 2 2 2 2 2 2 2 2 2 2 2 2 2 2 8 2 2 2 2 2 2 2 2 8 2 2 2 2 8 8 2 2 10 2 10 2 8
left_child=1 4 6 5 19 9 14 11 29 17 16 27 13 23 15 22 44 18 -3 -1 31 25 26 -4 30 45 -2 28 -5 34 -25 -21 56 43 35 36 51 42 39 -34 -33 -42 -37 54 -9 -11 -17 -13 -46 -38 -49 -8 -47 -20 -12 -32 -19 58 -29 -15 -28 -6 -60
right_child=2 3 12 7 61 -7 8 10 -10 21 33 47 -14 59 -16 46 -18 32 53 20 -22 -23 -24 24 -26 -27 60 57 -30 -31 55 40 38 -35 -36 37 49 -39 -40 -41 41 -43 -44 -45 48 52 -48 50 -50 -51 -52 -53 -54 -55 -56 -57 -58 -59 62 -61 -62 -63 -64
leaf_value=0.086060669762188277 -0.12824767251515753 5.6449539762059491 0.75804626427506183 1.0089990783396452 -0.62393925190982202 18.416636422963151 0.25207038089212136 2.3470592193880302 -0.78309633744026508 3.9345042210643033 5.0510129217439887 0.20311705522003543 0.015139063976647381 4.1419126778578326 -0.99671940689086902 0.60321809306144736 7.133864510866605 1.8004116819889706 7.5055452278011829 0.29823761332535775 0.70687324509769711 2.9054623411435978 -0.40596430366866693 1.7500926578017528 3.389635053636554 11.550735805344841 0.22740317295336576 2.100480105632291 20.863630633309732 0.3534460469198546 10.977397304799231 1.0795839975414141 5.0946652182587648 0.38017030876148539 -0.19418190412521386 1.3054837207317349 2.8512385534670184 0.60920795557083141 5.0827056191043605 0.50304836659956309 -0.66487294933487462 3.1115285080505952 3.9007262091695978 1.7934643400265615 6.7110390448349779 4.7888449290090662 -0.82309440693855263 1.8820865797697846 2.1777757283915871 1.2660325718481331 -0.40050849052357906 13.035159977146368 5.0600224731037038 2.8121080724688543 4.3414809877410248 6.535935662796982 3.7798693603514195 3.410680701067589 5.4534522121733282 9.4099160104387902 1.4988017827524074 6.9013850474815683 6.3804577048888431
leaf_weight=5926 5050 528 6696 12082 30411 568 54 1526 21396 1594 525 17372 6431 651 207153 2559 1393 1606 2704 1286 7327 1628 13936 1519 5114 918 2671 6047 93 6579 432 1781 187 2300 1691 1724 208 3407 2413 4817 234 3041 1390 5725 3077 2599 108186 2579 1068 2101 927 261 860 1512 1007 4029 7390 2667 119 617 4957 206 5005
leaf_count=5926 5050 528 6696 12082 30411 568 54 1526 21396 1594 525 17372 6431 651 207153 2559 1393 1606 2704 1286 7327 1628 13936 1519 5114 918 2671 6047 93 6579 432 1781 187 2300 1691 1724 208 3407 2413 4817 234 3041 1390 5725 3077 2599 108186 2579 1068 2101 927 261 860 1512 1007 4029 7390 2667 119 617 4957 206 5005
internal_value=-0.000375006 0.00483201 -0.002197 0.0073535 0.000170078 0.0117269 -0.00267729 0.00533427 0.000629846 0.0111514 0.00988779 0.00372022 0.00502589 0.00669325 -0.00304985 -0.00211486 0.0141181 0.0093215 0.014024 0.00427022 0.00597739 0.0162462 0.000690613 0.00579539 0.00783126 0.0183462 0.00293895 0.00562738 0.00339836 0.00421332 0.0109615 0.00950646 0.00796228 0.00676101 0.00615264 0.00744942 0.013045 0.00519782 0.00521302 0.00293365 0.0115645 0.0144351 0.00949904 0.00860066 0.0117431 0.0164526 -0.00278907 0.001344 0.0139385 0.0102447 0.00545351 0.0335714 0.0190243 0.0113544 0.0148107 0.0134152 0.010229 0.00758852 0.00864247 0.0192902 0.00537624 -0.00245403 0.0113642
internal_weight=551860 143048 408812 92836 50212 29324 383323 63512 38811 28756 16621 46891 25489 19058 344512 137359 7064 21157 4744 19595 13669 7599 26614 17790 11094 5971 12678 26013 12175 17415 5980 6342 16413 9557 10836 9145 2624 6521 7417 5004 5056 3275 3114 7257 5671 5053 110745 20878 4145 2309 3506 315 3459 4216 1532 4461 8996 13838 11171 1268 7628 30617 5124
internal_count=551860 143048 408812 92836 50212 29324 383323 63512 38811 28756 16621 46891 25489 19058 344512 137359 7064 21157 4744 19595 13669 7599 26614 17790 11094 5971 12678 26013 12175 17415 5980 6342 16413 9557 10836 9145 2624 6521 7417 5004 5056 3275 3114 7257 5671 5053 110745 20878 4145 2309 3506 315 3459 4216 1532 4461 8996 13838 11171 1268 7628 30617 5124
is_linear=0
shrinkage=0.05


Tree=4
num_leaves=64
num_cat=0
split_feature=36 5 14 8 30 5 14 16 44 42 16 33 14 41 36 30 25 23 0 5 0 43 44 11 44 16 8 38 14 11 43 37 0 15 14 44 16 7 0 0 18 32 7 14 44 8 13 41 43 0 40 13 11 21 14 38 32 26 27 15 6 3 8
split_gain=1834.78 583.228 499.024 290.794 175.773 170.472 168.424 164.121 148.184 102.948 94.1476 93.7055 77.3829 96.6193 73.7817 69.6539 53.4889 48.7197 45.4543 44.5652 73.0554 44.1092 44.0709 41.7343 40.6217 40.3129 38.4457 37.8311 36.639 35.658 47.2328 35.3445 49.6537 35.2319 61.278 34.2945 34.1869 32.3236 31.4545 29.633 29.2589 27.6146 27.5538 27.4985 27.2112 26.823 26.166 26.1478 28.9302 25.5927 25.5868 25.4124 24.9996 36.1723 27.339 25.0556 23.5588 29.3637 22.9011 22.8861 31.9822 22.8526 22.8006
threshold=112.50000000000001 51.550000000000004 9.5000000000000018 -23.989999999999991 326.50000000000006 95.325000000000003 5.5000000000000009 11.018735296587531 674.25000000000011 -14.549999999999995 12.157213929237605 10.65 5.5000000000000009 3417.7500000000005 57.500000000000007 376.50000000000006 981.55000000000007 29.850000000000005 213.25000000000003 102.05000000000001 40.525000000000006 -31.249999999999996 185.25000000000014 -0.37940952255126065 -361.2500000000004 -7.6971695474311286 -68.774999999999991 23.050000000000004 5.5000000000000009 -0.37940952255126065 -67.499999999999986 25.500000000000004 40.025000000000006 1.0000000180025095e-35 4.5000000000000009 359.75000000000006 -17.500188517061769 36.617250000000006 15.550000000000002 188.25000000000003 22.450000000000003 4.7488056157657601 38.291987179487187 9.5000000000000018 2420.2500000000005 -97.899999999999991 3.5000000000000004 4991.2500000000009 -12.499999999999998 359.25000000000006 973.95000000000016 4.5000000000000009 0.12940952255126045 232.50000000000003 2.5000000000000004 30.050000000000004 -15.550132402370108 4216.7500000000009 44.550000000000004 1.0000000180025095e-35 160.35833333333338 38.050000000000004 -25.084999999999994
decision_type=2 8 2 8 2 10 2 2 2 2 2 2 2 2 2 2 2 2 2 10 2 2 2 2 2 2 10 2 2 2 2 2 2 2 2 2 2 8 2 2 2 2 10 2 2 10 2 2 2 2 2 2 2 2 2 2 2 2 10 2 10 10 10
left_child=1 6 5 4 10 12 29 14 28 27 19 17 13 21 15 16 -5 18 40 43 45 23 37 -2 26 51 49 -9 33 -1 36 32 -16 47 -35 -27 -31 -11 -10 41 -4 -13 -38 52 -15 -21 -18 48 62 56 -44 -22 -3 55 -55 -54 -12 -58 -40 -48 -61 -25 -7
right_child=2 3 11 7 -6 8 -8 9 38 22 24 39 -14 44 31 -17 46 -19 -20 20 25 -23 -24 61 -26 35 -28 -29 -30 30 -32 -33 -34 34 -36 -37 42 -39 58 -41 -42 -43 50 -45 -46 -47 59 -49 -50 -51 -52 -53 53 54 -56 -57 57 -59 -60 60 -62 -63 -64
leaf_value=0.064424530517910361 -0.14413630707056663 0.1977641173424117 5.8689551881287363 0.38461892799437808 17.498810539579878 2.6599744881810268 -0.6117911952967362 6.6084559060034103 4.3188716681295274 0.16413967481937203 3.5512644876062192 1.1380345283931699 -0.94688343654632556 -0.45610747160792187 3.902648226013981 19.22600663827253 2.0977296850432232 0.93932744729338491 4.3940470648672276 7.2375464227837263 1.211084082405893 -0.41113677352600608 -0.069887787728309628 0.30195394497834238 2.3646012126237728 6.37364895590368 4.2202355846252111 2.0327503856088152 -0.35164877138064254 0.24662422331591102 0.59005346538657455 0.29892477266374723 0.970031617847948 0.50390282253854302 13.398633463750157 3.2156646545918002 0.90297537720624244 3.1071375073945084 -0.03262709006653957 -1.1888086404309708 9.6294187889421181 4.8581650653483957 -0.6256291678764655 4.2736466416908767 -1.0969396484446523 3.5199759454351955 2.7216598959828127 0.63184717792166145 0.57865238011563569 0.36797218706165519 3.1875867755841845 9.2915261888442551 0.73708320282637318 -0.29130192672787386 2.851426888456623 5.419961958271732 6.8015121985776119 9.7561752419663108 -1.447859956830678 2.4260942517788058 20.78312372980864 1.4175920745674675 1.5218732103156474
leaf_weight=5127 5301 2876 4910 7201 515 2190 29219 2599 176 1216 195 7824 207395 50330 338 140 11450 3568 3292 281 2668 13449 1770 2771 1211 4638 3632 691 2287 1198 6270 22067 922 264 215 2410 1542 12122 9393 5039 299 557 200 1991 60920 346 8707 4113 2422 133 2556 936 2417 145 629 113 1158 607 13764 335 477 5315 3018
leaf_count=5127 5301 2876 4910 7201 515 2190 29219 2599 176 1216 195 7824 207395 50330 338 140 11450 3568 3292 281 2668 13449 1770 2771 1211 4638 3632 691 2287 1198 6270 22067 922 264 215 2410 1542 12122 9393 5039 299 557 200 1991 60920 346 8707 4113 2422 133 2556 936 2417 145 629 113 1158 607 13764 335 477 5315 3018
internal_value=-0.000472766 0.00440104 -0.00217817 0.00660302 0.0110217 -0.00262863 -0.000227925 0.00490576 0.000557316 0.00896076 0.0104571 0.0045963 -0.0029776 -0.00206053 0.00346099 0.00517661 0.00500177 0.00779311 0.00985119 0.00867352 0.0107106 0.000632358 0.00721538 0.00266415 0.0154585 0.00973432 0.0172183 0.0169757 0.00452512 0.00374623 0.00526262 0.00137887 0.00952381 0.00561201 0.018904 0.0119339 0.00864629 0.00819913 -0.00190996 0.00172131 0.0127577 0.00354313 0.0107282 0.00586158 -0.00271011 0.0272966 0.00627855 0.00506983 0.0068021 0.0226159 0.0137228 0.00543285 0.00421521 0.0071822 0.0166408 0.00428854 0.0240561 0.0258782 -0.00207 0.00821567 0.0162438 0.00492456 0.00890169
internal_weight=551860 143048 408812 96936 26901 383323 46112 70035 37842 18398 26386 25489 345481 138086 51637 28310 28170 12069 8501 19450 11279 26836 15108 13387 6936 10652 5725 3290 14509 16893 11766 23327 1260 12222 479 7048 5496 13338 23333 13420 5209 8381 4298 8171 111250 627 20969 11743 7630 2093 2756 3604 6180 3304 774 2530 1960 1765 23157 9519 812 8086 5208
internal_count=551860 143048 408812 96936 26901 383323 46112 70035 37842 18398 26386 25489 345481 138086 51637 28310 28170 12069 8501 19450 11279 26836 15108 13387 6936 10652 5725 3290 14509 16893 11766 23327 1260 12222 479 7048 5496 13338 23333 13420 5209 8381 4298 8171 111250 627 20969 11743 7630 2093 2756 3604 6180 3304 774 2530 1960 1765 23157 9519 812 8086 5208
is_linear=0
shrinkage=0.05


Tree=5
num_leaves=64
num_cat=0
split_feature=36 7 14 8 29 5 28 44 36 40 19 33 14 16 44 23 16 15 9 43 38 37 12 41 28 16 8 37 28 31 8 14 8 25 5 0 41 17 8 22 0 29 13 27 38 11 37 41 14 25 8 16 29 13 15 16 0 20 27 44 37 26 0
split_gain=1608.34 517.117 436.991 280.169 162 160.603 160.103 146.1 124.338 96.881 86.7902 80.2206 68.9731 57.5255 57.4897 66.4884 57.1576 68.2993 53.9968 50.6597 66.3747 49.8214 49.7575 49.7275 45.8545 45.5227 41.9302 41.5555 61.5021 50.4132 40.7516 39.8323 38.4589 37.8106 37.461 34.1769 32.0022 31.1898 30.8674 30.108 28.8845 30.4542 28.1486 27.8603 34.9132 26.4995 26.2276 26.0482 26.0108 25.2814 25.5601 24.9112 24.1429 24.1067 23.847 23.7577 23.6393 23.566 22.9067 22.253 21.7532 21.935 28.5928
threshold=112.50000000000001 40.960990338164258 9.5000000000000018 -18.494999999999994 793.30659529399907 76.52500000000002 15.320000000000002 1314.2500000000002 46.250000000000007 984.95000000000016 0.55191596924288722 12.350000000000003 5.5000000000000009 21.370742033444913 1745.500000000002 25.550000000000004 5.6167587397983363 1.0000000180025095e-35 81.550000000000011 -28.124999999999996 21.050000000000004 26.500000000000004 -0.3794095225512602 7098.5000000000009 5.6700000000000008 17.474490361786735 -65.34999999999998 25.500000000000004 20.765000000000004 -11.219086758523618 -89.949999999999989 9.5000000000000018 -107.64999999999999 981.75000000000011 38.95000000000001 31.050000000000004 2468.7500000000005 -5.2677659477671543 -37.989999999999988 28.500000000000004 303.25000000000006 1.0607883203753661 3.5000000000000004 40.050000000000004 28.250000000000004 -1.0000000180025095e-35 20.500000000000004 898.00000000000011 10.500000000000002 977.35000000000002 43.050000000000011 7.8745153643026145 7.5576301215507202 5.5000000000000009 1.0000000180025095e-35 11.49579856473404 15.550000000000002 -0.94260559819261236 43.550000000000004 -11338.249999999998 60.500000000000007 4284.2500000000009 234.25000000000003
decision_type=2 8 2 8 2 10 2 2 2 2 2 2 2 2 2 2 2 2 8 2 2 2 2 2 2 2 8 2 2 2 8 2 10 2 10 2 2 2 10 2 2 2 2 8 2 2 2 2 2 2 10 2 2 2 2 2 2 2 8 2 2 2 2
left_child=1 6 5 4 10 14 12 16 9 -5 19 25 34 40 15 -2 30 33 32 20 38 23 51 -17 -19 26 -4 39 49 -30 35 -20 -12 -18 -1 -7 -35 54 60 -24 41 55 -15 44 -36 -22 -32 48 -21 -29 -51 -10 -47 -45 -8 -11 -9 -41 -54 -14 -3 -62 -63
right_child=2 3 11 8 -6 7 37 56 22 13 18 -13 59 42 -16 21 17 24 31 47 45 -23 27 -25 -26 -27 -28 28 29 -31 46 -33 -34 36 43 -37 -38 -39 -40 57 -42 -43 -44 53 -46 52 -48 -49 -50 50 -52 -53 58 -55 -56 -57 -58 -59 -60 -61 61 62 -64
leaf_value=-0.10036585594136604 0.056921125659087704 2.9801454299032915 7.1413722068709635 1.1829380648709658 16.627878035528397 2.7344998201214263 2.2665819057799195 2.8514293265269846 2.3441241014345313 4.604567503870129 3.5721015109666618 0.3962007345597563 0.3537984026150735 6.3237712881395751 -1.1245392647190096 0.64859381475442646 0.019001481748194021 0.31348921123912182 0.40817783627684651 3.5367889060529301 1.308028082571812 -0.74953926471900945 0.60842872276083859 -0.45640610895162831 12.532217124831783 6.7829492704697429 2.8275362861471027 -0.70553349494648354 3.3378123749367816 0.94693207519879907 1.3170826965034739 4.7202225154740436 1.9001850170491599 2.5755264166521337 1.5941365240615637 0.51792714684045726 1.2707795497998651 0.1510565475785382 3.7884818417478301 4.6194827304466459 3.3986595327300728 1.5272508081609713 9.5501722439745347 0.080370160642982635 3.3281096794772189 1.507192031337929 -0.1835243112229635 2.1078027641225789 7.6721218972518903 0.74730472544648885 -0.87646216824309175 4.892620147762055 5.8723046471766835 2.126861118628677 20.689147221201946 6.116366343752988 -0.87059801571219286 2.4502289931964309 2.6156286803244697 -0.72493284638356814 6.2046877824209297 11.20468778242093 3.76261265181591
leaf_weight=5518 21205 1025 1623 13230 462 367 1282 288 1240 7045 352 11210 2008 535 148439 6049 3369 132 5691 4146 1929 131685 1781 15638 287 770 11886 5312 486 943 894 3495 889 1970 883 791 5419 331 1914 83 3184 4341 472 2024 244 861 13909 4557 2438 20982 6080 1069 334 952 111 2910 32881 1392 957 26507 2307 647 99
leaf_count=5518 21205 1025 1623 13230 462 367 1282 288 1240 7045 352 11210 2008 535 148439 6049 3369 132 5691 4146 1929 131685 1781 15638 287 770 11886 5312 486 943 894 3495 889 1970 883 791 5419 331 1914 83 3184 4341 472 2024 244 861 13909 4557 2438 20982 6080 1069 334 952 111 2910 32881 1392 957 26507 2307 647 99
internal_value=-0.000546607 0.00401655 -0.00214331 0.00588499 0.00976186 -0.00256485 -0.000820372 -0.000196247 0.00413413 0.00646388 0.00933267 0.00419612 -0.00149413 0.00880159 -0.00300707 -0.00239198 0.0025245 0.00526662 0.00559749 0.0111686 0.0137382 -0.00275481 0.00225716 -0.000534192 0.0250716 0.00668149 0.00600748 0.00181346 0.00129382 0.0114451 0.000604284 0.00427498 0.0153868 0.00449526 0.00216661 0.0096373 0.00649682 0.0140835 0.0170878 0.00720823 0.00813215 0.00909135 0.020422 0.00578479 0.01248 0.00882014 -0.000102345 0.00884526 0.0108566 0.000845739 0.00146478 0.00937852 0.0126348 0.00324933 0.0173618 0.0106153 -0.00242229 0.0124915 0.0169597 -0.00272927 0.0195463 0.0216623 0.0291153
internal_weight=551860 143048 408812 103188 32103 383323 39860 60307 71085 31717 31641 25489 38136 18487 323016 174577 27138 11177 10427 21214 10073 153372 39368 21687 419 14279 13509 37059 33803 1429 15961 9186 1241 10758 9621 1158 7389 1724 5992 3256 17480 14296 1007 4103 1127 4081 14803 11141 6584 32374 27062 2309 2152 2976 1393 9955 33169 1475 1291 28515 4078 3053 746
internal_count=551860 143048 408812 103188 32103 383323 39860 60307 71085 31717 31641 25489 38136 18487 323016 174577 27138 11177 10427 21214 10073 153372 39368 21687 419 14279 13509 37059 33803 1429 15961 9186 1241 10758 9621 1158 7389 1724 5992 3256 17480 14296 1007 4103 1127 4081 14803 11141 6584 32374 27062 2309 2152 2976 1393 9955 33169 1475 1291 28515 4078 3053 746
is_linear=0
shrinkage=0.05


Tree=6
num_leaves=64
num_cat=0
split_feature=36 5 14 30 14 41 16 14 5 43 11 0 42 44 5 0 14 25 25 16 43 12 3 0 19 11 42 44 16 0 0 44 41 37 26 44 11 4 29 29 13 11 30 14 23 31 2 29 13 14 31 7 0 7 38 21 16 37 19 31 30 14 5
split_gain=1431.11 402.307 388.911 215.27 205.531 259.352 151.645 127.698 99.6702 98.9155 102.501 81.0721 79.3145 70.7441 57.2321 55.7836 54.4798 48.9379 43.9811 43.0353 59.9132 40.2433 37.9927 35.499 34.5447 34.5334 31.8876 31.4184 31.3134 40.1368 31.3014 33.8439 30.6335 59.45 53.7133 30.378 34.6326 27.2807 26.9818 39.6272 34.4144 28.8301 26.4968 26.0273 27.5653 31.9946 25.7691 26.7011 25.3276 34.1248 45.8969 24.9591 24.612 24.2952 23.7471 23.5773 23.3511 22.8536 22.6561 22.653 22.6289 22.5898 22.4931
threshold=86.250000000000014 60.625000000000007 9.5000000000000018 376.50000000000006 5.5000000000000009 2755.7500000000005 20.896388674756746 5.5000000000000009 122.25000000000001 -28.124999999999996 -0.37940952255126065 259.25000000000006 7.0500000000000007 2641.7500000000005 77.225000000000009 42.025000000000006 9.5000000000000018 985.55000000000007 976.95000000000016 -9.6863484925266174 -41.249999999999993 0.25881904510252057 26.950000000000003 200.25000000000003 0.70088257582277247 -0.60355339059327362 -11.449999999999998 -695.99999999999989 5.9473447775679782 33.925000000000004 327.25000000000006 -3647.7499999999995 3571.2500000000005 43.500000000000007 1022.5000000000001 -467.99999999999989 -0.37940952255126065 271.25000000000006 18.054451535941453 91.411652977223142 3.5000000000000004 0.78656609248549325 1094.5000000000002 10.500000000000002 15.050000000000002 9.1774782307652885 66.825000000000017 80.146998816415746 4.5000000000000009 3.5000000000000004 -3.1997434936258244 47.208514492753629 46.550000000000004 36.060416666666676 42.350000000000001 267.50000000000006 7.8745153643026145 31.500000000000004 -0.86159635224327524 -7.6999934025156991 917.50000000000011 4.5000000000000009 47.050000000000004
decision_type=2 8 2 2 2 2 2 2 10 2 2 2 2 2 10 2 2 2 2 2 2 2 10 2 2 2 2 2 2 2 2 2 2 2 2 2 2 10 2 2 2 2 2 2 2 2 8 2 2 2 2 10 2 8 2 2 2 2 2 2 2 2 10
left_child=1 7 4 6 5 9 8 25 18 10 42 15 17 14 -7 -10 -8 58 -3 -17 -21 -5 -12 26 35 -1 -19 46 29 51 31 -18 33 34 -6 36 -20 57 -31 40 41 -40 -2 -22 -45 -46 60 -48 -11 50 -50 -24 -16 -38 -15 -55 -54 -28 -4 -26 -27 -43 -30
right_child=2 3 12 21 32 13 16 -9 11 48 22 -13 -14 54 52 19 30 23 24 20 43 -23 28 -25 59 27 37 -29 62 38 -32 -33 -34 -35 -36 -37 53 -39 39 -41 -42 61 -44 44 45 -47 47 -49 49 -51 -52 -53 56 55 -56 -57 -58 -59 -60 -61 -62 -63 -64
leaf_value=-0.17362252255464414 -0.12650044609435726 -0.065133582803705278 2.0232752225953563 -0.20409211478659223 1.9159623628046685 -0.43358580350404702 2.8685911447011598 -0.48870336617461185 5.9517421405122199 -0.43208730390169903 0.46540262235079838 3.7228011869409103 -0.37435166112644325 -1.0308657790804145 0.66914875503630178 1.7045667831219609 10.838560715826722 6.8893543619877633 1.0698125166538479 5.1077693524512737 2.9996779245021536 16.24505136884984 0.47540074251959941 3.1435347287670496 1.4823204661289218 1.1044321295601935 -0.072077146204258952 0.4144491505456509 1.2052383105602136 0.40048820136654018 -2.8365742834453305 6.5404467643900519 -0.98706230148305885 -0.65206226333608619 0.19352153605564068 1.5119722376448739 0.018850664948809166 7.3936080522323113 1.5287487604956063 -0.35951183678043253 1.0285093132073335 0.74565203148181536 6.0355637815519882 2.6301802972917097 12.85758519658539 2.7847622753404533 3.8722561514312321 0.28863423897201701 2.3612832148051561 -0.54642666923582617 0.55283347827373397 2.249826056705178 -0.41462694315240189 3.0682722218856124 1.0151336301186067 4.651966207063511 1.0591562417428937 4.3047330133064268 0.10096578435511015 0.20274654997363795 12.362680274468373 3.8194682830905089 2.79521839955629
leaf_weight=3962 6635 5156 893 77 486 53662 3283 23350 579 14199 2727 7767 7547 73539 3823 3949 879 735 3780 3328 7903 618 382 5876 1981 6667 919 5173 1234 2879 124 792 142059 78591 1520 13195 660 379 480 769 726 145 134 2216 1964 767 1516 422 1027 2256 2163 659 8142 7010 287 403 6166 7102 5432 6880 81 603 3202
leaf_count=3962 6635 5156 893 77 486 53662 3283 23350 579 14199 2727 7767 7547 73539 3823 3949 879 735 3780 3328 7903 618 382 5876 1981 6667 919 5173 1234 2879 124 792 142059 78591 1520 13195 660 379 480 769 726 145 134 2216 1964 767 1516 422 1027 2256 2163 659 8142 7010 287 403 6166 7102 5432 6880 81 603 3202
internal_value=-0.000612475 0.00436435 -0.00191514 0.00658557 -0.0023116 -0.00108398 0.00632051 0.000409146 0.00569398 0.00247016 0.00489307 0.00794384 0.00369196 -0.00206563 -0.000948074 0.0095779 0.0146534 0.00525028 0.00405414 0.00913772 0.01028 0.0342806 0.00736419 0.00680468 0.00470834 0.0035966 0.00875479 0.00477343 0.00866549 0.0064933 0.0216574 0.023456 -0.00333622 -0.0025576 0.00594217 0.00565754 0.00749473 0.00788095 0.00481792 0.00838597 0.0121699 0.017272 -0.000146995 0.00873152 0.0115757 0.0149378 0.00661064 0.0116925 -6.74484e-05 0.00283143 0.00615987 0.0155091 0.00148061 0.00934411 -0.00315241 0.0101626 0.000528375 0.00726156 0.00156126 0.00202517 0.00515115 0.0234091 0.0119184
internal_weight=551860 114482 437378 73311 408495 185839 72616 41171 67538 40220 20575 28473 28883 145619 71793 20706 5078 21336 39065 20127 16178 695 13806 15011 33909 17821 9135 13859 11079 6643 1795 1671 222656 80597 2006 25048 11853 8400 5602 2723 1954 1228 6769 12850 4947 2731 8686 1938 19645 5446 3190 1041 18131 8073 73826 7413 14308 8021 6325 8861 6748 748 4436
internal_count=551860 114482 437378 73311 408495 185839 72616 41171 67538 40220 20575 28473 28883 145619 71793 20706 5078 21336 39065 20127 16178 695 13806 15011 33909 17821 9135 13859 11079 6643 1795 1671 222656 80597 2006 25048 11853 8400 5602 2723 1954 1228 6769 12850 4947 2731 8686 1938 19645 5446 3190 1041 18131 8073 73826 7413 14308 8021 6325 8861 6748 748 4436
is_linear=0
shrinkage=0.05


Tree=7
num_leaves=64
num_cat=0
split_feature=36 7 14 8 5 43 30 16 14 16 44 23 33 25 42 37 5 41 44 30 37 22 14 16 30 25 14 8 0 19 15 0 16 44 8 5 37 14 17 23 35 23 13 13 13 7 15 21 31 32 19 34 16 43 5 43 32 19 41 16 31 5 27
split_gain=1266.72 411.708 341.909 226.271 144.013 119.884 113.073 110.456 88.6724 64.4305 63.736 72.156 62.8642 59.0224 58.4521 57.5799 54.0974 53.3345 49.0744 53.3764 53.3142 46.6048 46.5578 46.2847 43.6686 37.0256 33.7895 33.5206 70.5995 32.2621 79.0131 31.8561 28.5517 28.4547 28.2922 25.9169 24.9099 35.6845 24.8673 24.8218 26.3651 23.2769 32.5936 39.7261 23.1536 47.283 57.1015 29.1409 29.8991 23.0265 22.73 22.6397 41.08 29.3354 30.4755 24.2003 37.5894 24.425 22.6074 22.4773 22.0877 21.589 21.3437
threshold=112.50000000000001 38.878416149068336 9.5000000000000018 -37.989999999999988 87.02500000000002 62.500000000000007 556.50000000000011 10.478624712511484 5.5000000000000009 16.226635668287567 1745.500000000002 25.550000000000004 17.550000000000004 977.1500000000002 -9.4499999999999975 26.500000000000004 54.525000000000006 7098.5000000000009 562.75000000000011 446.50000000000006 24.500000000000004 28.500000000000004 9.5000000000000018 18.429544318467403 254.50000000000003 985.85000000000002 11.500000000000002 -107.64999999999999 42.025000000000006 -0.85260769842926909 1.0000000180025095e-35 200.25000000000003 -7.1194946491274882 157.75000000000003 -119.24999999999999 61.025000000000013 33.500000000000007 10.500000000000002 -12.922011024843792 8.0500000000000025 0.86159635224327547 26.550000000000004 1.0000000180025095e-35 4.5000000000000009 4.5000000000000009 170.00208333333339 1.0000000180025095e-35 197.50000000000003 -6.3205215953614529 6.0215670670235157 0.66259481767468287 0.25881904510252091 8.1749998030374638 -28.124999999999996 53.550000000000004 -227.49999999999997 -3.6440502240922634 0.80382625221112025 2550.7500000000005 -19.486161933220952 4.8974427061870935 73.925000000000011 45.95000000000001
decision_type=2 8 2 8 10 2 2 2 2 2 2 2 2 2 2 2 10 2 2 2 2 2 2 2 2 2 2 10 2 2 2 2 2 2 8 8 2 2 2 2 2 2 2 2 2 10 2 2 2 2 2 2 2 2 10 2 2 2 2 2 2 10 10
left_child=1 8 4 6 10 29 9 13 16 27 11 51 23 24 22 17 -1 -13 19 20 21 -15 -9 25 -5 -4 -11 28 61 30 58 36 44 39 -31 -34 -27 -38 -24 40 -16 49 -43 -44 47 -46 -47 -22 -49 -39 -18 -2 55 54 -54 56 -53 -58 -6 -10 -23 -3 -7
right_child=2 3 12 7 5 62 -8 14 59 26 -12 15 -14 18 33 -17 50 -19 -20 -21 32 60 38 -25 -26 31 -28 -29 -30 34 -32 -33 35 -35 -36 -37 37 41 -40 -41 -42 42 43 -45 45 46 -48 48 -50 -51 -52 52 53 -55 -56 -57 57 -59 -60 -61 -62 -63 -64
leaf_value=0.13120460000672121 -0.26118255187707717 2.7225700807373356 0.42708427939141347 -0.41310530213672536 2.3177965257638458 -0.093040063890193994 14.984231565309486 2.6384835222861271 0.32452029595249116 4.4273353038723249 -1.0193224519794211 0.70785509754248843 -0.34873350098780997 0.45694883782604878 3.0614146222421383 -0.6777091482619334 2.1504744973144785 -0.39190662776976276 0.17917366136184293 18.453041063686136 -0.21507350515282431 -0.4160387709503226 9.5717736748524072 5.9707962727952273 12.804814725018501 0.76217129945559059 10.221981069485265 2.5772139782899179 4.6706478310299353 1.913573141476582 11.771511511069805 2.7773551537187466 0.32813149250995632 -0.023629485408960663 0.38205037872507758 2.4159442233101651 1.2311277092655539 4.1300000299947994 5.803998126212087 1.7363400741021722 14.042168504362039 23.2145901510954 4.1798884150709119 21.789588387307553 0.62425180266104308 6.0093838090830722 23.814201801177944 2.2881835285496526 0.37353887905504185 9.2435496660034033 -0.2299601693879707 -0.3527824667586078 1.3761671834726659 0.39127978412309 2.193138308254571 -0.32653226696296722 0.0055675564764424484 1.8402176395769498 1.0209364399371745 -0.67852074967552234 4.7596105698657949 5.2740316803786698 -1.3685932231375533
leaf_weight=6955 13464 130 5722 9233 1427 10284 287 6351 2260 2659 155712 6679 6426 660 251 136053 2419 16114 11222 130 8707 124 869 750 140 1267 548 12478 4138 768 285 5211 4779 2478 14414 19659 1453 3476 1076 11991 146 149 426 261 2435 776 274 1037 2022 348 506 959 792 1148 473 5228 303 691 3493 24801 1076 431 15036
leaf_count=6955 13464 130 5722 9233 1427 10284 287 6351 2260 2659 155712 6679 6426 660 251 136053 2419 16114 11222 130 8707 124 869 750 140 1267 548 12478 4138 768 285 5211 4779 2478 14414 19659 1453 3476 1076 11991 146 149 426 261 2435 776 274 1037 2022 348 506 959 792 1148 473 5228 303 691 3493 24801 1076 431 15036
internal_value=-0.000673089 0.00337656 -0.00209011 0.00495929 -0.00246298 0.000170979 0.00965338 0.00382356 -0.00116957 0.00921458 -0.00281957 -0.00218396 0.0035174 0.00272714 0.00677143 -0.00256336 0.00288461 -0.000237574 0.00337508 0.00416529 0.0040652 0.0123387 0.0101338 0.00495908 -0.0009298 0.00446049 0.0157203 0.00799994 0.0115993 0.00302472 0.00642171 0.00597609 0.00367747 0.00489506 0.0018601 0.00473688 0.00808943 0.00941191 0.0169023 0.00587342 0.0181738 0.0115451 0.0191029 0.0145051 0.00197987 0.00555954 0.0144286 0.000919598 0.00511768 0.00989278 0.00858974 0.000429785 0.0022858 0.00792996 0.0131818 0.00038922 0.00513825 0.0119517 0.00493902 -0.00264976 0.0182083 0.0282442 -0.00212678
internal_weight=551860 143048 408812 106107 383323 45707 20671 85436 36941 20384 337616 181904 25489 62274 23162 158846 9880 22793 52901 41679 41549 1860 8296 19063 9373 18313 3207 17177 4699 20387 5205 12591 39689 14866 15182 24438 7380 6113 1945 12388 397 4660 836 687 15251 3485 1050 11766 3059 3824 2925 23058 9594 2413 1265 7181 1953 994 4920 27061 1200 561 25320
internal_count=551860 143048 408812 106107 383323 45707 20671 85436 36941 20384 337616 181904 25489 62274 23162 158846 9880 22793 52901 41679 41549 1860 8296 19063 9373 18313 3207 17177 4699 20387 5205 12591 39689 14866 15182 24438 7380 6113 1945 12388 397 4660 836 687 15251 3485 1050 11766 3059 3824 2925 23058 9594 2413 1265 7181 1953 994 4920 27061 1200 561 25320
is_linear=0
shrinkage=0.05


Tree=8
num_leaves=64
num_cat=0
split_feature=36 7 14 14 41 8 28 30 43 11 33 44 16 16 14 30 13 36 8 25 17 28 8 14 13 14 18 16 14 8 15 40 13 13 0 37 16 22 34 13 35 19 13 35 28 17 30 38 9 16 38 41 40 16 26 26 23 8 31 43 22 9 33
split_gain=1117.43 317.672 304.451 180.336 206.42 158.541 105.658 102.438 79.7707 80.9296 67.9513 64.5139 60.9159 58.0872 56.2911 46.3364 42.1575 41.7921 39.0726 38.5691 38.4055 37.3662 39.5183 35.6249 38.1416 35.5782 32.8716 32.3658 32.3602 31.954 28.698 39.5293 28.3166 28.2533 28.1186 27.498 41.2444 24.6696 24.8751 24.6301 24.5167 24.2195 23.6256 28.8605 25.1859 23.9471 23.5934 23.5095 30.8534 29.2908 23.2278 22.6622 23.7065 22.3585 22.0369 22.0033 21.9002 21.3328 21.299 20.9662 21.9414 22.5529 20.9341
threshold=86.250000000000014 46.497916666666676 9.5000000000000018 5.5000000000000009 2755.7500000000005 -37.989999999999988 15.320000000000002 316.50000000000006 -41.249999999999993 -0.37940952255126065 10.65 2641.7500000000005 11.018735296587531 16.226635668287567 6.5000000000000009 376.50000000000006 1.0000000180025095e-35 41.250000000000007 -14.984999999999996 977.1500000000002 -11.513202473814571 23.325000000000006 -21.649999999999991 10.500000000000002 1.0000000180025095e-35 11.500000000000002 24.750000000000004 7.9801986900456887 4.5000000000000009 -5.4999999999999973 1.0000000180025095e-35 982.95000000000016 1.0000000180025095e-35 3.5000000000000004 267.25000000000006 24.500000000000004 -9.9438054489894032 37.500000000000007 -0.9099266223396254 4.5000000000000009 0.77714596145697079 0.98624804680367306 3.5000000000000004 -0.7603770116708749 10.175000000000002 13.667570479331996 1094.5000000000002 25.350000000000005 66.950000000000017 -17.293854674333137 42.350000000000001 898.00000000000011 985.1500000000002 3.245032897177861 12300.750000000002 1827.2500000000002 28.850000000000005 11.005000000000004 -4.8480776220945137 -43.749999999999993 76.500000000000014 181.25000000000003 17.550000000000004
decision_type=2 8 2 2 2 8 2 2 2 2 2 2 2 2 2 2 2 2 10 2 2 2 8 2 2 2 2 2 2 10 2 2 2 2 2 2 2 2 2 2 2 2 2 2 2 2 2 2 8 2 2 2 2 2 2 2 2 10 2 2 2 10 2
left_child=1 6 3 4 8 7 14 13 9 46 23 18 15 47 37 19 -17 20 39 -7 28 22 40 -4 34 -15 33 -10 -14 -5 42 -32 -8 -26 -25 36 -21 38 -1 -6 -11 57 45 -44 -45 -29 -2 48 -3 -50 -13 52 58 -24 -16 -12 -23 -35 -37 60 62 -62 -51
right_child=2 5 10 29 11 12 32 -9 27 21 55 50 17 25 54 16 -18 -19 -20 35 -22 56 53 24 26 -27 -28 30 -30 -31 31 -33 -34 41 -36 51 -38 -39 -40 -41 -42 -43 43 44 -46 -47 -48 -49 49 59 -52 -53 -54 -55 -56 -57 -58 -59 -60 -61 61 -63 -64
leaf_value=3.1932574085124115 -0.12221927296528617 3.1584738855168957 1.1055159171047702 -0.52057373090315806 -0.082189276104043932 -0.34606801336982579 17.883943393434688 14.589999626346632 -0.4116688721807335 2.0856130234026646 -0.68359651654019471 -0.93335629123347741 4.0997637173229107 4.8661713255358574 -0.69152362609032103 16.384053838408327 -3.3367159201215379 1.6906642648382295 -0.42231129638127457 5.2304857741801385 2.7457973620805216 3.0724832389770729 0.46052847391994622 14.632249878926476 1.381101577486098 10.214627954928954 5.4629435045895853 -0.29629168568290226 8.3465606124475169 -0.96799306380993499 17.76317501710427 -0.13763955999311456 1.6058601171561717 8.0708668303465814 2.636961957497244 1.8831307456437765 1.3960650092943767 0.14790445452212503 0.8035014371585284 0.49847627172252607 0.84989182723013901 22.281367059994597 2.4905979578605026 0.016991462547506941 1.969850650994766 5.1466892506025737 5.0718713739968608 1.1167546034997016 0.46322988321032765 2.5482412201864371 1.0153430712116476 0.55414676355219949 2.7299848323061862 1.618208260576341 0.4156261268590864 1.2154060218113023 1.6224837799594984 2.8029155802212262 0.46983580154382776 4.2052693580388967 5.2121789792502176 9.9402817497512075 12.222668898625564
leaf_weight=400 6211 421 4700 91595 17080 4641 206 269 14752 2874 6350 73539 2199 2044 18448 135 79 8492 47761 606 4722 591 4860 656 3629 511 171 3563 1234 131061 129 122 1668 1792 191 3998 1014 10974 1878 6952 718 164 552 1607 493 39 132 2402 1112 1487 287 9226 16774 3117 1415 9904 460 1326 9686 7586 525 223 107
leaf_count=400 6211 421 4700 91595 17080 4641 206 269 14752 2874 6350 73539 2199 2044 18448 135 79 8492 47761 606 4722 591 4860 656 3629 511 171 3563 1234 131061 129 122 1668 1792 191 3998 1014 10974 1878 6952 718 164 552 1607 493 39 132 2402 1112 1487 287 9226 16774 3117 1415 9904 460 1326 9686 7586 525 223 107
internal_value=-0.000729081 0.00366861 -0.00188016 -0.00223093 -0.00108102 0.00541601 -0.000301382 0.00974801 0.00208976 0.00444734 0.00308088 -0.00195679 0.00426504 0.00924656 -0.000955006 0.0033299 0.0265421 0.00685799 -0.000889573 0.00322179 0.00941447 0.00676307 0.00594304 0.00583221 0.00787678 0.0161742 0.00667749 -1.34085e-05 0.0134387 -0.00319071 0.00292467 0.019502 0.0112487 0.00614166 0.0179044 0.00370739 0.0100926 0.00156882 0.00630377 0.000754826 0.0102979 0.00950335 0.00225935 0.00584087 0.00316667 -0.000377569 -0.00016002 0.00796977 0.0089124 0.0084058 -0.00299461 0.00344673 0.00410434 0.00398207 -0.00263883 0.000943151 0.0157897 0.00851828 0.00255992 0.00926773 0.0134031 0.0204679 0.0100878
internal_weight=551860 114482 437378 408495 185839 79493 34989 16687 40220 18963 28883 145619 62806 16418 33115 46159 214 16647 71793 45945 8155 12620 11569 12629 7929 2555 7082 21257 3433 222656 6505 251 1874 6911 847 41304 1620 13252 2278 24032 3592 3282 6254 2652 2100 3602 6343 13863 11461 11040 73826 39684 30458 7977 19863 16254 1051 3118 13684 9928 2342 748 1594
internal_count=551860 114482 437378 408495 185839 79493 34989 16687 40220 18963 28883 145619 62806 16418 33115 46159 214 16647 71793 45945 8155 12620 11569 12629 7929 2555 7082 21257 3433 222656 6505 251 1874 6911 847 41304 1620 13252 2278 24032 3592 3282 6254 2652 2100 3602 6343 13863 11461 11040 73826 39684 30458 7977 19863 16254 1051 3118 13684 9928 2342 748 1594
is_linear=0
shrinkage=0.05


Tree=9
num_leaves=64
num_cat=0
split_feature=36 5 14 30 36 8 14 16 40 44 14 8 0 12 33 22 27 34 13 40 14 38 37 25 36 14 28 12 18 8 7 17 0 26 19 8 30 29 26 38 38 14 5 1 13 14 27 3 16 8 37 13 37 7 26 25 35 14 28 43 21 20 26
split_gain=994.392 351.155 274.123 171.371 122.996 112.181 111.626 105.205 80.1613 67.702 81.4388 59.4966 66.256 47.6633 46.6433 45.9349 47.6124 66.4266 44.4993 40.9305 38.0862 38.5251 37.5812 36.0985 35.7113 35.432 35.1051 33.8915 33.5143 31.4303 31.1434 30.104 27.7472 34.7466 27.6581 25.9891 24.0193 23.7837 27.2092 37.2454 29.5917 24.9118 23.6718 22.8568 22.6976 22.6638 22.2853 21.545 21.0122 20.997 20.3815 20.2217 32.4747 30.3955 19.9281 19.6481 19.9171 22.5308 19.362 19.3284 19.757 19.0128 18.7372
threshold=122.50000000000001 60.050000000000004 9.5000000000000018 433.50000000000006 46.250000000000007 -26.784999999999993 6.5000000000000009 20.477427779718891 985.1500000000002 2788.7500000000005 5.5000000000000009 -89.949999999999989 49.550000000000004 0.25881904510252057 13.65 61.500000000000007 29.050000000000004 -0.77714596145697057 4.5000000000000009 982.75000000000011 1.5000000000000002 33.050000000000004 35.500000000000007 976.45000000000016 196.25000000000003 9.5000000000000018 9.6750000000000025 -0.3794095225512602 22.450000000000003 -61.949999999999982 33.887840909090919 -14.827964178666001 359.25000000000006 3668.7500000000005 -0.78257835753184624 11.005000000000004 216.50000000000003 16.81128945519708 950.75000000000011 7.9500000000000011 15.65 8.5000000000000018 412.25000000000006 54.025000000000006 5.5000000000000009 1.5000000000000002 93.350000000000009 28.950000000000003 -16.87649812543258 19.005000000000006 15.500000000000002 4.5000000000000009 70.500000000000014 170.00208333333339 64724.500000000007 977.45000000000016 -0.38266886095259295 3.5000000000000004 0.48500000000000004 -12.499999999999998 246.25000000000003 0.66259481767468265 8938.2500000000018
decision_type=2 8 2 2 2 8 2 2 2 2 2 8 2 2 2 2 8 2 2 2 2 2 2 2 2 2 2 2 2 8 10 2 2 2 2 10 2 2 2 2 2 2 8 8 2 2 8 8 2 10 2 2 2 10 2 2 2 2 2 2 2 2 2
left_child=1 6 5 4 7 20 23 8 36 10 18 12 47 -5 28 16 17 22 26 -20 -2 24 -13 -1 50 -9 45 -17 35 -10 -25 59 33 42 43 -4 -3 38 40 61 -31 -42 -27 -21 -45 -7 -32 -6 -8 55 -22 -43 -53 -54 -11 -18 57 -57 -46 60 -29 -40 -59
right_child=2 3 14 13 11 9 48 25 29 54 -12 15 -14 -15 -16 27 49 -19 19 34 21 -23 -24 30 -26 32 -28 31 -30 37 46 -33 -34 -35 -36 -37 -38 -39 39 -41 41 51 -44 44 58 -47 -48 -49 -50 -51 -52 52 53 -55 -56 56 -58 62 -60 -61 -62 -63 -64
leaf_value=-0.41898901014632062 2.3053503985611243 0.95035290575054232 3.3227604998409292 -0.53846194478006371 0.32458000084658156 0.88242320078289915 0.18715394689838194 2.9220967436955352 5.7554308982010296 -1.0695934106194382 -0.6577950615241378 4.406178766878269 2.6681513516349229 13.945802456674897 0.058728932750836453 3.276996253046871 -0.082636810860270984 0.32114179963438666 -0.23383204768457944 0.38159842174477848 2.0255105864381706 0.47127325092559302 1.6199889412857478 -0.16254444319208544 -0.433272542684425 3.027936489832852 0.14869862600011571 3.0577513259937152 7.5234528586184215 1.5860563108621406 1.099805416364547 -0.051106543291061263 -4.0549750925344581 9.8056949062878367 0.16410246250094818 1.1556411351348266 17.945092858864857 0.44398347474407862 8.5559601895151083 3.5840325803600948 -0.26060684547640228 5.7410925476635475 9.8362691911577276 0.77675678209535692 1.4989160150518572 -0.72119571248872461 0.40766294659460045 4.2315199118748854 -0.68325340406195034 0.28797999151366266 0.31831212806166426 3.5824063308845293 4.1468275974647746 22.511405163814487 0.64689097862300216 2.24114683568127 1.1654922300531996 1.2677076867933352 2.2897280308821322 -0.28851278304351952 0.095823209041795671 11.656591577086079 2.9498614519968029
leaf_weight=6278 2278 14245 8621 119 151 3025 3678 1944 3608 131933 119806 467 3287 659 9019 2213 1957 625 9988 2483 305 7225 206 4944 25760 302 13082 1293 509 5793 10632 22744 103 773 5729 6438 64 2326 136 5963 644 3127 136 1920 454 41041 7605 718 25845 4933 7664 565 244 464 594 902 10012 1789 517 892 556 224 303
leaf_count=6278 2278 14245 8621 119 151 3025 3678 1944 3608 131933 119806 467 3287 659 9019 2213 1957 625 9988 2483 305 7225 206 4944 25760 302 13082 1293 509 5793 10632 22744 103 773 5729 6438 64 2326 136 5963 644 3127 136 1920 454 41041 7605 718 25845 4933 7664 565 244 464 594 902 10012 1789 517 892 556 224 303
internal_value=-0.000774111 0.00264552 -0.00209143 0.00453517 0.00434115 -0.0024278 -0.000381643 0.0064102 0.00565957 -0.00274104 -0.0021557 0.00275524 0.00849856 0.0279049 0.00302253 0.00226704 0.00401906 0.0132974 -0.000901022 0.00106183 -3.26159e-05 -0.000382626 0.0241976 0.00179588 -0.00109238 0.0150276 -0.00162543 0.000926419 0.00468011 0.0074816 0.00270674 0.000411025 0.0213699 0.0234889 0.00315095 0.0042536 0.00271892 0.00668788 0.007331 0.00993753 0.00581019 0.00861023 0.0122374 0.00572758 0.00874957 -0.00230064 0.00366096 0.0207768 -0.00255445 0.00341375 0.00183273 0.00995454 0.0152671 0.0224011 -0.00361575 0.00434639 0.00504921 0.00862725 0.0149794 0.00536118 0.00827745 0.0255556 0.00577916
internal_weight=551860 153469 398391 94487 93709 373804 58982 40661 37403 330572 198045 53048 4156 778 24587 48892 21194 1298 78239 21091 43232 40954 673 29459 33729 3258 57148 27698 15568 23094 23181 25485 1314 1211 11103 15059 14309 19486 17160 6323 10837 5044 438 5374 2891 44066 18237 869 29523 19896 7969 4400 1273 708 132527 14963 13006 2994 971 2741 1849 360 2092
internal_count=551860 153469 398391 94487 93709 373804 58982 40661 37403 330572 198045 53048 4156 778 24587 48892 21194 1298 78239 21091 43232 40954 673 29459 33729 3258 57148 27698 15568 23094 23181 25485 1314 1211 11103 15059 14309 19486 17160 6323 10837 5044 438 5374 2891 44066 18237 869 29523 19896 7969 4400 1273 708 132527 14963 13006 2994 971 2741 1849 360 2092
is_linear=0
shrinkage=0.05


Tree=10
num_leaves=64
num_cat=0
split_feature=41 7 14 8 14 25 8 30 14 25 42 44 37 13 19 14 5 5 19 19 33 44 42 5 8 5 30 15 38 17 18 0 9 9 9 13 25 5 9 43 17 14 43 8 34 27 19 26 23 14 14 9 0 38 11 14 37 43 23 30 13 27 37
split_gain=871.733 441.575 178.984 155.869 110.771 108.974 105.205 102.554 57.6138 54.0703 52.8316 51.8438 45.9544 47.5051 42.7484 44.2597 42.03 38.5333 40.9278 37.0242 36.0297 35.267 34.9405 33.7146 29.3799 31.551 33.7645 29.3035 28.3276 28.2755 27.7179 27.221 27.2065 26.5208 25.5096 24.9272 24.141 23.2032 23.3114 22.1654 34.2655 22.088 21.1485 23.0361 24.0014 20.6169 20.5096 20.4867 27.8715 19.9272 21.0432 19.6419 18.96 18.6699 18.6414 18.6372 40.0983 18.3182 22.6963 18.1044 17.9174 17.5257 17.1603
threshold=1989.2500000000002 43.968115942028994 9.5000000000000018 -37.989999999999988 5.5000000000000009 977.45000000000016 -26.784999999999993 654.50000000000011 5.5000000000000009 979.95000000000016 -7.8499999999999979 1568.500000000002 38.500000000000007 1.5000000000000002 -0.41467745240824966 9.5000000000000018 66.050000000000011 35.025000000000006 0.66259481767468287 0.59480013772226081 17.150000000000002 1978.2500000000002 -19.949999999999992 98.850000000000009 64.750000000000014 102.05000000000001 356.50000000000006 1.0000000180025095e-35 32.150000000000013 10.449925109237682 27.150000000000002 192.25000000000003 66.225000000000009 154.25000000000003 72.550000000000011 1.5000000000000002 991.75000000000011 140.75000000000003 223.25000000000003 -262.49999999999994 13.980176688153714 3.5000000000000004 21.250000000000004 -107.64999999999999 -0.58778525229247303 74.350000000000009 0.52247866957162981 8295.5000000000018 26.650000000000002 8.5000000000000018 7.5000000000000009 158.25000000000003 142.12500000000003 42.350000000000001 -0.78656609248549292 4.5000000000000009 37.500000000000007 -28.124999999999996 10.050000000000002 65.500000000000014 1.0000000180025095e-35 163.25000000000003 61.500000000000007
decision_type=2 8 2 8 2 2 8 2 2 2 2 2 2 2 2 2 10 10 2 2 2 2 2 10 10 10 2 2 2 2 2 2 8 10 8 2 2 10 8 2 2 2 2 10 2 8 2 2 2 2 2 8 2 2 2 2 2 2 2 2 2 8 2
left_child=1 4 6 7 17 12 21 9 11 60 14 16 13 29 15 37 -8 -1 45 22 28 23 -11 -2 25 62 57 34 31 59 -17 33 -21 61 -25 -29 52 -7 -39 40 -16 -34 43 44 -24 55 51 -6 49 50 -49 -18 -35 -13 -45 -19 -57 58 -27 -5 -3 -4 -12
right_child=2 3 20 5 47 10 8 -9 -10 19 24 53 -14 -15 39 30 46 18 -20 32 -22 -23 42 27 -26 26 -28 35 -30 -31 -32 -33 41 36 -36 -37 -38 38 -40 -41 -42 -43 -44 54 -46 -47 -48 48 -50 -51 -52 -53 -54 -55 -56 56 -58 -59 -60 -61 -62 -63 -64
leaf_value=-0.039397182035917098 0.019868741698512341 4.1697136653737976 5.3558949517266754 2.0130941504043238 -0.5732450601842527 1.5801170700209666 -0.41350054117459201 12.879223627202936 -0.80165525313482044 10.270788456064173 0.96100827007836365 -0.87320886336129044 -0.65726876731142303 0.30097559932814066 1.2430335889357786 5.3137712006654994 1.0879193534329592 1.3538000122412273 -0.23268387054692738 2.5403445925258326 -0.30695402383126302 -0.37041450831736333 8.8366461635622251 2.2600662208803528 0.18879009879545736 7.5468979632162139 15.47155838430151 9.5951633566158652 -0.18891508543938731 4.748726108748385 7.6364612976395705 1.4437587779436984 -0.10734506972141206 4.7069248918238111 0.66466948163638806 0.8846848665092214 12.898021718994125 6.5455872801811372 3.3040532428797116 0.69038653111442727 4.4208078278475904 3.7072548797783855 2.0534381597450291 1.886281297716764 4.9583319710415639 0.72978466901498484 -0.35423737344663053 0.33821563721657316 -0.44047010494432981 -0.16728766872361278 1.1968850168726861 0.36524306048652166 2.300848139129684 0.69623199766786648 3.7167776232412182 4.0669740238936987 0.14882481793058155 2.0391460543796316 2.4546588429453298 12.26747826395858 -0.057239663260146172 2.2721321022312169 0.45805405888420392
leaf_weight=6865 16336 454 370 294 43876 7330 44238 259 169800 330 16928 75128 11050 1158 1505 2487 3333 3125 2058 384 8102 19156 1210 465 8321 301 86 117 2844 115 625 4835 1887 1212 5135 118 223 356 719 6620 391 3226 1910 1824 1901 2160 6364 921 5086 1022 683 7811 936 275 5783 465 254 15156 3739 95 2637 4929 14537
leaf_count=6865 16336 454 370 294 43876 7330 44238 259 169800 330 16928 75128 11050 1158 1505 2487 3333 3125 2058 384 8102 19156 1210 465 8321 301 86 117 2844 115 625 4835 1887 1212 5135 118 223 356 719 6620 391 3226 1910 1824 1901 2160 6364 921 5086 1022 683 7811 936 275 5783 465 254 15156 3739 95 2637 4929 14537
internal_value=-0.000808811 0.0020459 -0.00219216 0.00394004 -0.00118958 0.00303753 -0.00247686 0.0077402 -0.00279573 0.00736424 0.00372808 -0.00203352 -0.00125944 0.00649218 0.00594694 0.00793305 -0.000959254 0.00260367 0.0049479 0.00838932 0.00203595 -0.000108526 0.00984797 0.00124915 0.00297555 0.0034271 0.00501971 0.00451157 0.00345983 0.0193056 0.013027 0.00448421 0.00495088 0.00633637 0.00378571 0.0218085 0.0107318 0.00604699 0.012907 0.00326092 0.00802742 0.00398689 0.00942825 0.010292 0.0139167 0.00703364 0.00111435 -0.00228716 8.94698e-05 0.00427266 0.00774938 0.00240757 0.00910614 -0.00291321 0.00880965 0.00922997 0.0164882 0.00487966 0.00787129 0.0128663 0.00124393 0.00436969 0.00245113
internal_weight=551860 180133 371727 113618 66515 91813 348276 21805 306949 21546 79101 137149 12712 1662 20033 11517 61746 14927 8062 18455 23451 41327 12958 22171 59068 50747 19282 5835 15349 504 3112 12505 5497 7670 5600 235 2371 8405 1075 8516 1896 5113 12628 10718 3111 6004 17508 51588 7712 2626 1604 11144 2148 75403 7607 3844 719 19196 4040 389 3091 5299 31465
internal_count=551860 180133 371727 113618 66515 91813 348276 21805 306949 21546 79101 137149 12712 1662 20033 11517 61746 14927 8062 18455 23451 41327 12958 22171 59068 50747 19282 5835 15349 504 3112 12505 5497 7670 5600 235 2371 8405 1075 8516 1896 5113 12628 10718 3111 6004 17508 51588 7712 2626 1604 11144 2148 75403 7607 3844 719 19196 4040 389 3091 5299 31465
is_linear=0
shrinkage=0.05


Tree=11
num_leaves=64
num_cat=0
split_feature=36 5 5 30 21 36 16 37 37 41 5 12 8 41 37 17 27 0 40 31 16 41 8 7 41 23 31 16 23 25 40 13 37 7 32 43 11 16 13 16 23 32 8 13 34 7 9 31 40 1 13 25 31 0 28 37 16 44 25 13 13 11 25
split_gain=798.407 298.755 185.38 148.101 112.769 109.18 91.0473 80.11 75.2745 70.4246 64.2502 60.7413 44.9926 41.8581 41.1133 63.9975 51.0182 40.0293 39.6414 40.946 39.9341 37.5558 33.9336 33.7771 32.6367 31.9926 29.1909 26.6543 26.5556 26.3999 25.4466 31.3917 23.7573 23.2118 23.1317 22.9963 44.1141 22.9778 26.6544 22.8441 31.1844 45.5815 22.155 22.4031 23.9352 22.1059 21.9973 21.8551 21.1457 21.0116 20.9926 20.7276 21.1137 20.5593 20.3395 19.8257 23.9207 19.7073 19.5469 19.5299 19.255 18.7942 18.5724
threshold=131.25000000000003 60.050000000000004 102.05000000000001 433.50000000000006 141.25000000000003 57.500000000000007 21.933959198780077 68.500000000000014 54.500000000000007 6764.2500000000009 140.75000000000003 -0.3794095225512602 1.500000000000002 548.50000000000011 46.500000000000007 6.1200473719676713 64.050000000000011 267.25000000000006 981.6500000000002 3.3233317863180183 5.6167587397983363 3803.2500000000005 -44.684999999999995 85.678125000000009 4929.5000000000009 17.650000000000002 -6.1519519251641013 8.6513552634448718 26.450000000000003 975.95000000000016 977.95000000000016 1.5000000000000002 22.500000000000004 33.101041666666674 13.350164896899109 -71.249999999999986 0.12940952255126045 6.2987426266184787 1.0000000180025095e-35 -14.415885308457094 26.550000000000004 4.6750891557450217e-15 -49.949999999999989 3.5000000000000004 -0.31729257441605213 194.3481359649123 37.250000000000007 -7.5480874549094121 985.1500000000002 345.25000000000006 4.5000000000000009 989.35000000000002 16.195761788827731 37.95000000000001 5.6700000000000008 39.500000000000007 -14.415885308457094 -8615.4999999999982 978.85000000000002 1.5000000000000002 1.5000000000000002 0.91597561503675362 987.55000000000007
decision_type=2 8 10 2 2 2 2 2 2 2 10 2 8 2 2 2 8 2 2 2 2 2 8 10 2 2 2 2 2 2 2 2 2 10 2 2 2 2 2 2 2 2 8 2 2 10 10 2 2 8 2 2 2 2 2 2 2 2 2 2 2 2 2
left_child=1 7 8 5 -4 6 10 29 9 18 23 27 14 -5 15 61 59 53 -2 20 34 37 46 -3 30 -9 -25 -7 -16 -1 -10 39 50 -31 -20 36 -35 -6 54 40 41 -32 49 -44 -45 -26 -11 60 -28 -8 -21 -23 -53 -12 -39 56 -49 -27 -43 -17 -38 -13 -55
right_child=2 3 4 13 21 11 42 25 24 22 17 12 -14 -15 28 16 -18 -19 19 32 -22 51 -24 26 45 57 48 -29 -30 33 31 -33 -34 35 -36 -37 47 38 -40 -41 -42 58 43 44 -46 -47 -48 55 -50 -51 -52 52 -54 62 -56 -57 -58 -59 -60 -61 -62 -63 -64
leaf_value=-0.6209674997326553 -0.30983426419690085 0.48533454181346691 -1.0669156603042036 12.775069452490058 1.2427243864401918 2.3623027895955739 8.7250737553031819 0.85634026177591527 -0.68126152794181916 3.2611164988077008 6.5160323847066097 0.64344228506668966 -0.060268139435120077 7.4462426066248781 0.92759861839738145 5.8195319198806077 0.46844298443509003 3.7815687465278467 -0.098747000097136287 0.10095046484108217 1.1425370424780177 0.21291089752329168 -0.56454836297276678 4.7842204358387015 -0.95745156007236476 0.1693343433169453 0.34974169725807219 4.1636297815132819 -0.38135058542746264 -0.20551785931439159 0.071858107495892151 -0.57632399229295384 -0.46322464990450279 0.33836677062550713 0.90696688114037727 0.34203651213208808 -0.26392165165638959 7.3276306841005159 2.3633823687235016 -0.079819595605955251 -0.22961421466635445 1.7390095203720233 2.5002487336867159 3.7916523844246086 6.8632007962339365 1.6178344654558363 0.043169884885291283 6.4809067997466165 2.605022652176884 -0.21681851198157143 1.4100790780301391 3.0652961789159008 -0.37219764110917442 3.025645669857072 10.596640867312765 0.69386178303908841 2.403973149028316 -0.61754526496503281 0.018811311246835851 3.0890108138054591 2.2952838571032301 2.3839225800364781 5.3892541891530819
leaf_weight=3237 21191 14816 13713 578 5517 2199 486 2035 54947 821 172 4021 22036 243 11985 317 412 5521 4303 1328 5601 14205 100986 2552 104407 3954 4049 1707 4101 4600 651 26805 8583 3836 298 10594 120 325 2729 9358 988 565 1891 320 348 733 3260 115 7698 89 873 4851 1307 5525 139 1432 1207 32422 120 553 490 861 6734
leaf_count=3237 21191 14816 13713 578 5517 2199 486 2035 54947 821 172 4021 22036 243 11985 317 412 5521 4303 1328 5601 14205 100986 2552 104407 3954 4049 1707 4101 4600 651 26805 8583 3836 298 10594 120 325 2729 9358 988 565 1891 320 348 733 3260 115 7698 89 873 4851 1307 5525 139 1432 1207 32422 120 553 490 861 6734
internal_value=-0.000837351 0.00209683 -0.00207003 0.00381529 0.00103468 0.00363882 0.00527071 -0.000565411 -0.00245415 -0.00159749 0.00472125 0.00193891 0.00141173 0.0249635 0.00299775 0.00646982 0.0164119 0.00707386 0.000128386 0.00166873 0.00393942 0.00279761 -0.0022903 0.00327065 -0.00308938 -0.00200997 0.00500419 0.00791603 0.00166729 0.00159943 -0.0024094 -0.00142347 -0.000479415 0.00220952 0.000487936 0.00302799 0.00520833 0.00554535 0.00892108 0.000739598 0.00517642 0.0101572 0.0135227 0.0115299 0.0194012 -0.00369365 0.00217961 0.00938763 0.00395122 0.0223913 0.00415493 0.0016223 0.00404514 0.00864733 0.02 0.00749092 0.0119062 -0.00235128 0.0191606 0.0232759 0.0179508 0.00385907 0.00840648
internal_weight=551860 163256 388604 99214 42786 98393 50201 64042 345818 147244 47067 48192 44286 821 22250 6164 1282 17952 42177 20986 10202 29073 105067 29115 198574 38411 14299 3906 16086 25631 93434 38487 10784 22394 4601 17794 7200 8710 3193 11682 2324 1336 3134 2559 668 105140 4081 3364 11747 575 2201 20363 6158 12431 464 2754 1322 36376 685 870 610 4882 12259
internal_count=551860 163256 388604 99214 42786 98393 50201 64042 345818 147244 47067 48192 44286 821 22250 6164 1282 17952 42177 20986 10202 29073 105067 29115 198574 38411 14299 3906 16086 25631 93434 38487 10784 22394 4601 17794 7200 8710 3193 11682 2324 1336 3134 2559 668 105140 4081 3364 11747 575 2201 20363 6158 12431 464 2754 1322 36376 685 870 610 4882 12259
is_linear=0
shrinkage=0.05


Tree=12
num_leaves=64
num_cat=0
split_feature=36 5 14 30 16 8 14 8 14 37 41 43 36 12 8 28 34 40 12 17 8 5 38 44 37 9 16 9 44 23 13 31 5 29 31 41 11 13 37 17 25 7 44 8 32 25 31 6 43 6 12 23 23 34 31 7 40 31 6 38 21 28 31
split_gain=721.231 264.571 204.623 138.109 96.9558 92.2766 82.1216 62.7465 56.3528 47.656 61.057 44.7465 41.655 41.5385 39.3225 39.0095 33.2748 39.7139 32.0172 31.0522 29.0412 28.5245 28.0764 29.4936 27.653 27.0864 26.3515 26.2993 26.0283 35.9543 25.1683 29.9481 25.1005 24.6799 24.5677 24.1008 23.8618 45.2734 23.8485 40.0743 23.3045 22.5172 21.7848 26.8271 21.4408 21.2181 20.6074 20.4828 19.7458 25.7149 19.6329 19.5575 19.523 22.0695 19.1969 19.0845 18.9303 24.3867 18.6584 19.8884 19.1841 18.1229 31.9273
threshold=131.25000000000003 56.050000000000004 9.5000000000000018 433.50000000000006 11.655091787529708 -8.6600000000000019 6.5000000000000009 -65.34999999999998 1.5000000000000002 49.500000000000007 3363.2500000000005 -1.0000000180025095e-35 57.500000000000007 0.25881904510252057 -97.899999999999991 9.7800000000000029 0.33379414889141273 985.95000000000016 -0.5 10.449925109237682 -14.499999999999996 122.25000000000001 21.950000000000003 -1114.2499999999998 36.500000000000007 69.850000000000009 2.561546802090084 168.25000000000003 1745.500000000002 23.950000000000003 1.0000000180025095e-35 8.3156905719503325 158.25000000000003 1.3847945263259973 8.9887686758648986 770.25000000000011 0.78656609248549325 1.0000000180025095e-35 24.500000000000004 5.919433720617401 985.85000000000002 80.859375000000014 2233.8750000000005 -58.974999999999994 -19.162810450089236 976.45000000000016 -2.1560100427147151 160.35833333333338 -45.624999999999993 47.679166666666667 -0.3794095225512602 21.550000000000004 28.750000000000004 -0.71322329076259938 -9.8895927292554298 154.71396103896106 991.85000000000002 -5.8821015781622927 202.55000000000004 29.150000000000002 1457.5000000000002 24.500000000000004 -12.641072035540448
decision_type=2 8 2 2 2 10 2 8 2 2 2 2 2 2 8 2 2 2 2 2 8 10 2 2 2 8 2 8 2 2 2 2 10 2 2 2 2 2 2 2 2 8 2 8 2 2 2 8 2 8 2 2 2 2 2 10 2 2 10 2 2 2 2
left_child=1 6 5 4 7 8 20 25 -2 10 36 14 21 -5 -6 28 19 -18 24 32 -1 55 23 41 -4 -3 -26 -15 29 56 31 58 47 -21 44 40 46 -38 39 -14 -27 -19 43 -11 -12 -22 -10 -16 49 -47 -40 54 -41 -54 -46 -9 -7 -58 59 -28 -60 -52 -63
right_child=2 3 18 13 11 15 -8 12 9 42 34 -13 38 27 16 -17 17 22 -20 33 45 -23 -24 -25 26 35 30 -29 -30 -31 -32 -33 -34 -35 -36 -37 37 -39 50 52 -42 -43 -44 -45 51 48 -48 -49 -50 -51 61 -53 53 -55 -56 -57 57 -59 60 -61 -62 62 -64
leaf_value=0.89207508549857628 1.5041511064062796 2.5180723371570664 0.40945387950571832 -0.15474403617361873 5.3624973650018735 -0.20664166563469594 -0.51130382803399776 0.43766219847969662 1.1093909973530183 0.44074772560226272 1.2027508429996039 0.51057820973678103 -0.34970885261912521 12.821374057556506 0.9154506676582912 -0.18566596455974349 1.3733370147552248 2.2426922281633916 -0.93641594999368616 -1.1128457137197494 -0.56185395328042687 3.1633868461272749 1.3513139046629803 2.8696299604856246 1.3142494491278516 1.1684766068782946 10.633236589064273 9.0013751398994266 -1.0281583994281072 -0.62021058219941561 2.9865294154191568 -2.3472019944334397 3.9935178515830971 3.8593790164981279 -0.55090244570313118 1.346057525728469 9.9950572130950448 1.3199201061886745 2.3107045439754721 0.98265088674381884 6.588902791671595 8.4801274369344366 -0.76493591678339357 -0.3675094713014474 1.0451029365344386 0.117411957673242 0.10148736324549093 4.1712059621378019 -0.096160643163122839 1.6487664299734339 -0.059035206131054341 -0.045173112088800899 3.952854644158537 -0.20791232324656017 0.069935989998244297 3.48668232695527 2.1465855539592464 0.82380839661488603 5.8740738133254498 0.72394259193910671 27.41933070045172 3.464757957618636 0.37548855583303276
leaf_weight=5967 4378 654 7531 147 1440 6238 31570 17053 1479 3874 550 4020 915 566 9933 18965 2519 489 3798 57 5262 13452 653 690 5788 1383 531 156 106539 97775 5542 216 3275 144 19669 3920 161 1094 2326 486 2815 888 32085 45582 268 4932 3310 1272 8404 3859 29596 20833 345 88 301 2993 243 1376 341 93 44 269 718
leaf_count=5967 4378 654 7531 147 1440 6238 31570 17053 1479 3874 550 4020 915 566 9933 18965 2519 489 3798 57 5262 13452 653 690 5788 1383 531 156 106539 97775 5542 216 3275 144 19669 3920 161 1094 2326 486 2815 888 32085 45582 268 4932 3310 1272 8404 3859 29596 20833 345 88 301 2993 243 1376 341 93 44 269 718
internal_value=-0.000863445 0.00192532 -0.00203503 0.00345955 0.00329109 -0.00232864 -0.000715406 0.00240784 -0.00128249 -0.00147153 -0.000215568 0.00597124 0.00189615 0.0233084 0.00688202 -0.00293325 0.00630522 0.00972609 0.0024485 0.00508446 0.00123417 0.00315422 0.0139154 0.0167707 0.00324455 0.00638851 0.0046814 0.028241 -0.00312745 -0.00257129 0.00679991 0.0132857 0.00481353 0.024602 -0.000897505 0.0055999 0.00448048 0.0106175 0.000683158 0.00623228 0.00823249 0.0209985 -0.0022057 -0.00154744 0.000252368 0.000410339 0.00287221 0.00368808 0.00126054 0.00291719 0.000373909 1.86779e-06 0.0136072 0.0213279 0.00914763 0.00195899 0.000682829 0.00550031 0.0169029 0.0222436 0.00824675 3.71109e-05 0.00670213
internal_weight=551860 163256 388604 103262 102393 364720 59994 77013 133584 129206 47665 25380 68241 869 21360 231136 19920 5239 23884 14681 28424 33498 2720 2067 20086 8772 12555 722 212171 105632 6767 1225 14480 201 41621 8118 6044 1255 34743 1834 4198 1377 81541 49456 21952 22457 4789 11205 17195 8791 32909 21402 919 433 569 20046 7857 1619 1009 624 385 30583 987
internal_count=551860 163256 388604 103262 102393 364720 59994 77013 133584 129206 47665 25380 68241 869 21360 231136 19920 5239 23884 14681 28424 33498 2720 2067 20086 8772 12555 722 212171 105632 6767 1225 14480 201 41621 8118 6044 1255 34743 1834 4198 1377 81541 49456 21952 22457 4789 11205 17195 8791 32909 21402 919 433 569 20046 7857 1619 1009 624 385 30583 987
is_linear=0
shrinkage=0.05


Tree=13
num_leaves=64
num_cat=0
split_feature=36 5 5 30 43 5 44 25 16 14 21 25 28 21 36 14 16 33 0 29 14 11 23 28 13 5 14 16 30 13 19 12 34 29 0 29 0 29 0 12 42 26 29 0 20 13 31 6 16 21 31 13 11 44 12 13 5 43 23 18 25 23 6
split_gain=650.197 208.966 182.481 128.252 99.9063 86.5747 78.432 78.2543 72.3852 62.9979 48.4866 42.6943 42.0667 40.1901 37.2338 34.417 29.7024 37.3675 33.2968 40.5223 28.7108 27.8464 27.4721 41.7161 56.2588 26.4883 26.2489 25.043 24.6579 23.1761 23.0815 22.9872 22.7179 21.0805 20.5465 37.5401 20.0194 19.8748 27.0324 19.63 19.4089 19.3779 19.101 35.639 25.8913 19.0278 18.2164 25.0743 17.7983 20.5682 17.9633 18.4166 17.0818 16.9294 30.3239 23.4928 16.8269 16.686 31.347 23.8085 20.115 16.6311 16.5291
threshold=86.250000000000014 89.050000000000011 72.02500000000002 363.50000000000006 56.250000000000007 35.025000000000006 1568.500000000002 981.05000000000007 21.933959198780077 6.5000000000000009 402.50000000000006 985.6500000000002 17.270000000000007 467.50000000000006 37.500000000000007 10.500000000000002 -2.3770843151779633 17.650000000000002 45.550000000000004 3.8952973217127567 9.5000000000000018 -0.37940952255126065 33.350000000000001 4.2100000000000009 1.5000000000000002 143.25000000000003 10.500000000000002 -12.012172043838095 1019.5000000000001 1.0000000180025095e-35 0.73724926354828246 0.25881904510252057 0.44618082326431224 80.146998816415746 41.025000000000006 3.7863405273500339 40.525000000000006 1.9494852926415629 303.25000000000006 0.25881904510252057 -1.1500000000000001 7431.0000000000009 2.0951884016605384 41.525000000000006 0.06104621499353461 3.5000000000000004 6.6435127057504939 310.54166666666669 1.0564618975553799 987.50000000000011 -4.8480776220945137 3.5000000000000004 0.25881904510252091 -1907.9999999999995 0.37940952255126048 4.5000000000000009 207.25000000000003 -57.499999999999993 16.250000000000004 9.3500000000000032 988.75000000000011 26.050000000000004 181.34166666666673
decision_type=2 10 8 2 2 8 2 2 2 2 2 2 2 2 2 2 2 2 2 2 2 2 2 2 2 8 2 2 2 2 2 2 2 2 2 2 2 2 2 2 2 2 2 2 2 2 2 10 2 2 2 2 2 2 2 2 8 2 2 2 2 2 10
left_child=2 5 9 8 16 40 7 34 11 21 36 30 15 32 25 48 18 22 19 -3 -10 -1 23 -18 -25 -13 41 -16 53 62 42 -5 -14 -34 35 -7 -6 38 57 -37 61 -11 -4 44 56 -21 47 -22 -9 50 51 -50 -15 54 55 -23 -44 60 -59 -60 -27 -2 -17
right_child=1 4 3 31 10 6 -8 12 20 26 -12 14 13 52 27 29 17 -19 -20 45 46 28 -24 24 -26 37 -28 -29 -30 -31 -32 -33 33 -35 -36 39 -38 -39 -40 -41 -42 -43 43 -45 -46 -47 -48 -49 49 -51 -52 -53 -54 -55 -56 -57 -58 58 59 -61 -62 -63 -64
leaf_value=-0.23345919116661162 -0.022675370403333315 -0.17332860106259979 0.85065067652317305 -0.089626862932682516 0.3936925794241482 -0.3185684148118032 -0.68491302485272321 -0.33963439867354561 2.1370494440180341 -0.57975042120879261 0.85020524435065825 1.2083345593650092 1.5013386595835905 -0.47139516236753326 -0.31235575041410618 6.4072828491558615 2.3892551055790796 0.22596162659440872 -0.15907708842126403 0.52524327363645007 8.515667019038677 1.2407025719133835 -0.33924456311546469 10.460981923103455 1.5640077133766399 3.7821448391878594 4.4321383484958146 1.7435269402258495 11.247812172894303 1.4091520007447196 -0.045887777480101095 11.884132744904246 2.8659895585133963 0.23354912291053576 -0.62960310418497023 0.092455329775480821 -0.99390644452340071 0.84284088140599422 4.1445528948864787 0.69585292127810217 -0.80734043505843944 0.31436616172176984 4.8089634253168745 1.2770857728307039 1.8596390348120075 1.8692330109389623 4.9011518501580458 -3.8642449078950083 0.13092910412695935 -0.2715884230515288 0.26943007816296094 1.2785391026223196 0.85076619759429561 0.42283144055415045 0.62526322609563467 4.156383597475255 1.6098806437047501 2.9081999252374469 16.49326880508956 7.3899395397830547 8.3544298591510024 -0.51897675424407141 2.6916684750061477
leaf_weight=7810 7188 1102 11485 61 1424 28905 93527 16923 2146 18481 8015 4173 843 1311 3128 338 12588 6207 10365 528 814 1296 1531 318 605 725 431 17888 110 2596 8433 531 668 163 34884 5642 24218 1318 2906 2122 98456 2331 307 4251 423 707 571 97 971 7435 10967 1616 1262 12286 4857 714 116 3444 841 1549 959 53718 235
leaf_count=7810 7188 1102 11485 61 1424 28905 93527 16923 2146 18481 8015 4173 843 1311 3128 338 12588 6207 10365 528 814 1296 1531 318 605 725 431 17888 110 2596 8433 531 668 163 34884 5642 24218 1318 2906 2122 98456 2331 307 4251 423 707 571 97 971 7435 10967 1616 1262 12286 4857 714 116 3444 841 1549 959 53718 235
internal_value=-0.000880478 -0.00175853 0.0024741 0.00417994 0.00079739 -0.00222584 -0.00156002 -0.000696479 0.00397078 0.000138048 -0.00113305 0.00356875 0.000929005 0.00566635 0.00464907 0.000439253 0.00271111 0.00385453 0.000798298 0.00618956 0.0108352 0.00173734 0.00520143 0.00592073 0.0161809 0.00647345 -0.00190016 0.00326751 0.0027584 0.00544493 0.00197381 0.027348 0.0116965 0.0175632 -0.0017262 -0.000899808 -0.00219406 0.00768949 0.00842095 0.00218702 -0.00310494 -0.00215309 0.00305693 0.00560428 0.0149764 0.0124089 0.0161876 0.0205763 2.08365e-05 0.000993615 0.00215287 0.00590066 0.0017431 0.00262283 0.00461118 0.00977612 0.0237234 0.010004 0.00873843 0.0131381 0.0143884 -0.00240338 0.0145462
internal_weight=551860 437378 114482 66166 67608 369770 210408 116881 65574 48316 33657 61946 45328 4247 36931 41081 33951 21249 12702 2337 3628 27073 15042 13511 923 15915 21243 21016 19263 3169 25015 592 1674 831 71553 36669 25642 11742 10424 7764 159362 20812 16582 5097 846 1235 1482 911 37912 20989 13554 2587 2573 19153 6867 2010 423 7518 5834 2390 1684 60906 573
internal_count=551860 437378 114482 66166 67608 369770 210408 116881 65574 48316 33657 61946 45328 4247 36931 41081 33951 21249 12702 2337 3628 27073 15042 13511 923 15915 21243 21016 19263 3169 25015 592 1674 831 71553 36669 25642 11742 10424 7764 159362 20812 16582 5097 846 1235 1482 911 37912 20989 13554 2587 2573 19153 6867 2010 423 7518 5834 2390 1684 60906 573
is_linear=0
shrinkage=0.05


Tree=14
num_leaves=64
num_cat=0
split_feature=41 25 37 27 5 8 13 11 44 7 23 40 16 13 0 27 42 5 9 19 44 19 40 14 13 14 28 15 14 11 8 35 43 37 19 31 37 16 14 23 21 22 8 8 9 22 6 20 0 13 22 13 15 18 33 21 8 41 8 22 29 7 28
split_gain=581.674 289.843 178.093 143.732 132.776 88.7491 82.0499 67.4922 62.5524 52.0818 51.1489 49.1672 48.2681 44.3303 37.2914 37.1222 35.5656 34.5365 29.904 28.0442 27.2018 26.4916 25.5435 32.783 25.695 30.5063 30.6613 26.2558 24.8237 30.5207 24.5172 23.9482 42.6944 23.8446 22.7633 33.3237 24.9816 22.4447 22.2846 20.2138 47.8337 19.7521 18.775 18.5897 18.4814 17.9865 17.9454 21.8322 17.5122 17.1388 20 16.7921 18.5687 16.7913 16.4365 16.3219 16.2026 16.9026 16.0743 15.7981 15.7037 15.1712 15.0381
threshold=1989.2500000000002 981.45000000000016 43.500000000000007 45.550000000000004 67.125000000000014 -37.989999999999988 1.0000000180025095e-35 -0.78656609248549292 1568.500000000002 29.189583333333335 25.950000000000003 978.75000000000011 11.166300407983568 2.5000000000000004 47.050000000000004 34.95000000000001 -1.9999999999999991 106.15000000000002 131.25000000000003 0.93663652364155514 -1845.7499999999998 0.95878322595067733 977.85000000000002 4.5000000000000009 4.5000000000000009 4.5000000000000009 19.505000000000006 1.0000000180025095e-35 10.500000000000002 0.60355339059327384 -107.64999999999999 0.41467745240824988 -197.49999999999997 54.500000000000007 -0.19936034309715209 -4.584186983966692 20.500000000000004 21.933959198780077 11.500000000000002 11.550000000000002 82.500000000000014 62.500000000000007 -10.4 -10.989999999999997 20.050000000000004 45.500000000000007 138.29166666666671 0.35019404643548474 20.050000000000004 5.5000000000000009 39.500000000000007 1.0000000180025095e-35 1.0000000180025095e-35 20.750000000000004 10.550000000000002 36.250000000000007 -1.789999999999998 8829.7500000000018 -9.6000000000000014 62.500000000000007 32.968207760377474 132.03864130434786 4.3050000000000006
decision_type=2 2 2 8 8 8 2 2 2 8 2 2 2 2 2 10 2 10 10 2 2 2 2 2 2 2 2 2 2 2 8 2 2 2 2 2 2 2 2 2 2 2 8 10 8 2 8 2 2 2 2 2 2 2 2 2 10 2 8 2 2 8 2
left_child=1 2 3 7 16 19 17 -1 11 -7 13 -6 22 31 43 41 58 21 -14 37 28 -5 23 -11 25 39 -27 -26 29 62 48 32 53 56 35 60 45 -3 -39 40 -24 42 44 -9 -10 -36 -29 -48 -13 -31 -51 52 -16 -4 -37 59 57 -18 -2 -34 -32 -30 -20
right_child=4 5 10 6 8 9 -8 14 15 12 -12 30 18 -15 51 -17 33 -19 20 -21 -22 -23 24 -25 27 26 -28 46 61 49 34 -33 55 -35 36 54 -38 38 -40 -41 -42 -43 -44 -45 -46 -47 47 -49 -50 50 -52 -53 -54 -55 -56 -57 -58 -59 -60 -61 -62 -63 -64
leaf_value=-0.27845486268540998 -0.093455984485196375 3.0198156429009675 2.5003234390525115 1.308029694657475 -0.34999120866045907 -0.29214668685440021 -0.22965707530785806 6.9013046190085277 4.8260367689425756 -0.17817467858907787 -0.47124435197976688 4.0751168471383883 1.1896089390691806 -0.33845397165053304 -0.82649691534306902 -0.88394087794904486 0.12940261402434594 13.862436154313693 0.69162302574240286 0.53681958251795192 1.7667033487598474 4.7261342263872361 0.91622540067289782 2.278263174355379 1.1377808067919346 1.2617059843445881 2.4421710881881751 0.018761838310830156 8.9141357665118601 2.052296649755645 1.3975701091451314 0.0072007668851292285 18.195873374070981 -0.82141496148229087 0.32364786595113765 1.1656657252847562 -0.25027881590946388 3.5621007520243815 9.2723455020645726 -0.19606001735653139 8.9714597841032173 -0.66496187645892169 -0.11189144536961648 2.9303535300989889 0.58748961251283593 1.4956003682064261 19.360711771771538 2.8266859771457815 2.3826877326545213 6.6106121109910436 -0.80997468424204322 0.86023680670783209 10.533960820452059 0.55115529596323387 -0.051406999624510064 0.45151322778159325 -0.77899525962788185 -0.42919433774047849 -0.42206945568892451 1.9872181962017637 -0.23705120214478442 8.3980067482622474 1.9845439598837418
leaf_weight=560 18863 14673 429 680 16827 7556 6437 1226 43 311 58105 212 11987 6966 50 37594 7205 221 1729 1970 4697 439 2279 428 13499 16586 473 254 351 983 3635 2116 141 107469 762 7979 14821 801 318 17020 209 12852 12129 509 5551 590 479 238 2005 272 58 532 102 443 9970 2587 36549 20678 55496 291 497 402 726
leaf_count=560 18863 14673 429 680 16827 7556 6437 1226 43 311 58105 212 11987 6966 50 37594 7205 221 1729 1970 4697 439 2279 428 13499 16586 473 254 351 983 3635 2116 141 107469 762 7979 14821 801 318 17020 209 12852 12129 509 5551 590 479 238 2005 272 58 532 102 443 9970 2587 36549 20678 55496 291 497 402 726
internal_value=-0.000898327 0.00143358 -0.000764598 0.0052315 -0.00202833 0.00326356 0.00165424 0.0145703 -0.000704449 0.00255802 -0.00167197 0.00051328 0.00296714 0.00116665 0.0181914 -0.00172799 -0.00270284 0.0129104 0.00497642 0.00646267 0.00711759 0.00934316 0.00214424 0.0113735 0.0020106 0.00130486 0.00284923 0.00379406 0.00988609 0.00822983 0.00145771 0.00431413 0.00664225 -0.00309803 0.00116145 0.00220529 -0.000263712 0.00716439 0.0139902 -4.56235e-05 0.00416399 -0.000434179 0.000648027 0.0220893 0.00304433 0.0062426 0.0117353 0.015781 0.00656969 0.0143831 0.0242424 0.00830409 0.0229605 0.0163876 0.00127333 0.00382743 -0.0023375 -0.00142973 -0.00178923 0.0128241 0.00625363 0.018174 0.0049389
internal_weight=551860 180133 81834 10756 371727 98299 7777 2979 125467 80537 71078 57298 72981 12973 2419 68169 246260 1340 21205 17762 9218 1119 51776 739 51037 36567 17059 14470 4521 3768 40471 6007 3891 171901 38254 22081 16173 15792 1119 19508 2488 30575 17723 1735 5594 1352 971 717 2217 1313 330 684 152 872 17949 3019 64432 27883 74359 432 4132 753 2455
internal_count=551860 180133 81834 10756 371727 98299 7777 2979 125467 80537 71078 57298 72981 12973 2419 68169 246260 1340 21205 17762 9218 1119 51776 739 51037 36567 17059 14470 4521 3768 40471 6007 3891 171901 38254 22081 16173 15792 1119 19508 2488 30575 17723 1735 5594 1352 971 717 2217 1313 330 684 152 872 17949 3019 64432 27883 74359 432 4132 753 2455
is_linear=0
shrinkage=0.05


Tree=15
num_leaves=64
num_cat=0
split_feature=36 5 7 30 21 5 44 25 14 26 28 9 23 16 41 5 0 18 14 13 41 16 28 25 5 0 19 44 13 22 18 0 11 6 15 31 44 31 11 14 13 27 42 17 0 28 17 11 0 7 33 25 25 13 13 28 23 22 23 0 29 26 13
split_gain=520.09 178.609 152.219 88.7222 83.8715 80.3736 70.5723 66.017 60.0704 75.6595 46.2965 42.585 35.5203 34.2603 33.6677 32.8812 31.3344 32.2108 55.0542 33.4038 29.6301 36.208 34.6972 32.193 27.1111 24.3891 23.7076 23.15 22.6353 35.0473 25.9124 22.3929 31.6837 21.6388 20.8616 19.4376 19.2834 19.1587 18.8494 18.296 23.1496 18.2894 17.8076 17.7671 17.0256 17.5435 29.9656 19.0595 16.8031 20.2183 16.6 18.4442 16.534 16.5328 16.3842 23.7015 16.6487 17.0437 15.9449 15.8174 25.2826 15.5862 18.5842
threshold=86.250000000000014 95.325000000000003 46.497916666666676 376.50000000000006 136.25000000000003 33.725000000000009 1809.7500000000002 976.85000000000002 10.500000000000002 3492.2500000000005 15.320000000000002 152.25000000000003 17.850000000000005 5.2919278554815401 4572.2500000000009 120.25000000000001 359.25000000000006 15.350000000000003 11.500000000000002 1.0000000180025095e-35 9242.2500000000018 8.1749998030374638 9.7800000000000029 981.75000000000011 38.95000000000001 16.050000000000004 -0.12186934340514725 2163.7500000000005 4.5000000000000009 60.500000000000007 7.1500000000000012 40.525000000000006 -0.37940952255126065 291.29166666666669 1.0000000180025095e-35 10.395739661392545 -913.5 -5.8821015781622927 -0.78656609248549292 9.5000000000000018 1.0000000180025095e-35 13.050000000000002 -1.1500000000000001 -5.129887376840502 41.525000000000006 35.555000000000014 4.3826339574902837 0.91597561503675362 14.65 37.729800724637691 10.750000000000002 988.85000000000002 977.1500000000002 2.5000000000000004 1.0000000180025095e-35 5.6700000000000008 17.450000000000003 47.500000000000007 13.450000000000001 40.525000000000006 3.619773143742564 64724.500000000007 1.5000000000000002
decision_type=2 10 8 2 2 8 2 2 2 2 2 8 2 2 2 10 2 2 2 2 2 2 2 2 10 2 2 2 2 2 2 2 2 10 2 2 2 2 2 2 2 8 2 2 2 2 2 2 2 10 2 2 2 2 2 2 2 2 2 2 2 2 2
left_child=2 5 10 8 25 42 7 59 13 12 24 -5 53 31 26 38 17 18 19 -14 21 44 39 34 -1 -3 54 -27 30 -30 -21 32 -4 37 -24 -34 -17 -11 -15 -23 -41 -28 -2 -31 -9 -46 -47 -48 49 -8 51 -16 -33 -10 55 -6 57 -56 -40 60 -7 -50 -63
right_child=1 4 3 11 14 6 48 20 9 33 -12 -13 16 15 50 36 -18 -19 -20 28 -22 22 23 -25 -26 27 41 -29 29 43 -32 52 35 -35 -36 -37 -38 -39 58 40 -42 -43 -44 -45 45 46 47 -49 61 -51 -52 -53 -54 -55 56 -57 -58 -59 -60 -61 -62 62 -64
leaf_value=-0.4280627113569262 -0.4343203272040948 5.5949655540609431 -0.29775956902300216 10.745143742549352 6.2284688333623821 -0.36710212328482505 -0.12967502118314356 0.21282581824535429 0.4278366100657815 8.2622342940385902 1.6970125237331435 3.0690428736285771 16.884021238704076 -0.35300482016150103 0.48934477346886301 3.6857460313291237 1.3744132329205818 2.7484296541727211 1.3353578520024916 22.751870614403867 -0.36807752976777064 0.18120064166204131 0.07664213181072746 1.6660795323470525 0.19366002190710782 0.023200522664921411 2.2715250806932619 -1.3956101989564018 3.575359451826448 8.2324602025833933 3.4294926825350118 -0.64966681381335434 1.3108269303977678 -3.617319671317297 13.990734259921803 4.1045102862451088 2.9122394948102981 7.0080999708169047 2.7644924276896208 5.4754351063565263 1.0853585472601086 0.47233512110194581 -0.74031269055617877 23.686585665604671 -0.32196466842246957 -0.550129738944518 1.6073906655032131 2.9961676551893999 -0.68671761062869274 1.0889838280520092 0.043071977827193041 4.8615090640358884 0.56482360626743189 2.5000269086181173 3.8311290872895416 10.228096965605619 1.3605744605502452 2.6485346092687632 0.92500998500275244 -0.79907774151140776 0.29226311794501908 1.6003335100187948 -0.44420357860142756
leaf_weight=22919 57494 87 997 450 782 22376 2151 14011 4639 361 1874 203 274 2839 3604 2811 1264 1832 835 220 18972 14581 1404 1921 10196 10501 200 12713 201 135 963 4019 1098 128 43 483 3955 1041 2845 551 1386 7733 92787 358 27560 697 492 127 93523 791 15459 2244 28519 6900 310 173 5741 1096 12123 21215 4257 159 237
leaf_count=22919 57494 87 997 450 782 22376 2151 14011 4639 361 1874 203 274 2839 3604 2811 1264 1832 835 220 18972 14581 1404 1921 10196 10501 200 12713 201 135 963 4019 1098 128 43 483 3955 1041 2845 551 1386 7733 92787 358 27560 697 492 127 93523 791 15459 2244 28519 6900 310 173 5741 1096 12123 21215 4257 159 237
internal_value=-0.000917897 -0.0017032 0.00208233 0.00329192 0.000815179 -0.00210858 -0.00151364 -0.000750543 0.0031399 0.00557647 -0.000665782 0.0216462 0.00465042 0.00235814 0.00228402 0.00379013 0.00774252 0.00958074 0.012783 0.017013 0.00011285 0.00063618 0.00239968 0.00702494 -0.00109845 -0.00153878 0.00401465 -0.00163781 0.0146324 0.0218012 0.0104269 0.00135608 0.00584174 0.0162418 0.00139254 0.0102435 0.00675731 0.0180385 0.00266272 0.00145659 0.0060222 0.00207172 -0.00300507 0.0289757 -0.000181525 -0.000875469 0.00476444 0.0127706 -0.00253461 0.00118627 0.000981601 0.00325068 0.00100067 0.00302062 0.00591706 0.0120681 0.00509514 0.00997155 0.00337119 -0.00222559 -0.00141422 -0.00265117 0.00724747
internal_weight=551860 437378 114482 79493 60643 376735 226454 129593 78840 19151 34989 653 17621 59689 37342 24573 6082 4818 2986 2151 81745 62773 19886 3368 33115 23301 16035 23214 1877 694 1183 35116 2578 1530 1447 1581 6766 1402 17807 16518 1937 7933 150281 493 42887 28876 1316 619 96861 2942 21307 5848 32538 11539 8102 955 7147 1406 14968 47848 26633 93919 396
internal_count=551860 437378 114482 79493 60643 376735 226454 129593 78840 19151 34989 653 17621 59689 37342 24573 6082 4818 2986 2151 81745 62773 19886 3368 33115 23301 16035 23214 1877 694 1183 35116 2578 1530 1447 1581 6766 1402 17807 16518 1937 7933 150281 493 42887 28876 1316 619 96861 2942 21307 5848 32538 11539 8102 955 7147 1406 14968 47848 26633 93919 396
is_linear=0
shrinkage=0.05


Tree=16
num_leaves=64
num_cat=0
split_feature=41 25 30 14 6 14 43 23 37 27 44 13 20 5 14 17 14 9 16 13 11 32 23 21 41 23 42 37 4 27 9 14 38 9 0 37 41 32 40 5 26 29 37 22 15 5 38 10 13 23 16 40 25 38 43 21 19 38 44 5 29 27 41
split_gain=467.959 235.669 133.778 123.865 74.9001 68.6842 66.4729 65.4608 63.7301 70.4759 57.7121 55.8336 55.3781 40.3217 37.1509 36.2654 35.7065 33.8797 30.5797 34.6056 30.1365 28.2769 27.9132 29.1028 25.811 28.9988 25.6198 24.5617 24.2413 23.5352 23.0983 23.01 22.7835 23.3421 22.2867 23.6716 31.6846 21.7265 22.152 21.5149 29.1667 23.9501 25.2293 39.5011 21.9592 20.2662 22.0363 19.8739 19.4592 19.1662 19.0328 19.9558 18.8711 18.7301 18.5529 18.1752 18.0593 17.2403 17.0827 16.9895 24.0919 16.7366 16.1632
threshold=1989.2500000000002 980.35000000000002 277.50000000000006 9.5000000000000018 47.679166666666667 5.5000000000000009 -45.624999999999993 13.450000000000001 43.500000000000007 44.550000000000004 2944.7500000000005 4.5000000000000009 0.66259481767468265 122.25000000000001 2.5000000000000004 6.1200473719676713 9.5000000000000018 123.25000000000001 12.157213929237605 4.5000000000000009 -0.60355339059327362 14.008267797447621 26.450000000000003 502.50000000000006 922.75000000000011 15.450000000000001 7.3500000000000014 78.500000000000014 165.25000000000003 33.350000000000001 35.050000000000004 4.5000000000000009 42.350000000000001 85.250000000000014 499.50000000000006 78.500000000000014 300.50000000000006 9.589191108132459 972.45000000000016 102.05000000000001 2320.7500000000005 207.83232698725675 22.500000000000004 30.500000000000004 1.0000000180025095e-35 38.95000000000001 35.850000000000001 10.705000000000002 1.5000000000000002 24.450000000000003 -7.2200150262551928 977.05000000000007 989.35000000000002 18.650000000000002 -377.49999999999994 2082.5000000000005 -0.87878364999916136 28.350000000000005 -2439.7499999999995 39.525000000000006 31.319248849604204 49.050000000000004 4929.5000000000009
decision_type=2 2 2 2 8 2 2 2 2 8 2 2 2 10 2 2 2 10 2 2 2 2 2 2 2 2 2 2 8 8 8 2 2 8 2 2 2 2 2 10 2 2 2 2 2 10 2 8 2 2 2 2 2 2 2 2 2 2 2 8 2 8 2
left_child=1 2 8 5 13 10 7 17 9 15 11 39 -4 45 56 -1 50 47 59 -20 -14 29 23 -10 25 -18 52 -15 -27 53 -7 55 33 37 35 -30 -37 38 -12 41 -41 -2 43 -43 -44 -3 -47 -6 58 -21 -8 57 -5 -13 -25 -31 -9 -52 -17 60 -16 -39 -32
right_child=3 4 12 26 6 30 16 14 22 -11 32 21 20 27 18 48 24 -19 19 49 -22 -23 -24 54 -26 28 -28 -29 34 31 62 -33 -34 -35 -36 36 -38 61 -40 40 -42 42 44 -45 -46 46 -48 -49 -50 -51 51 -53 -54 -55 -56 -57 -58 -59 -60 -61 -62 -63 -64
leaf_value=0.83654486291774666 -0.53098576724330804 -0.29728537295940954 -1.1335247793104128 0.61976292583176751 6.4707993353146414 -0.177021779966029 -0.49931054969324573 2.3458056024911382 -0.14647922719187279 0.043253467361588804 0.94345226115201375 1.7390944052346484 1.0762057814849786 1.2753244266277115 1.9491327138479673 -0.32915659203541903 0.85064922812830757 8.2929360662965248 2.1494044547492539 4.7325569737160436 11.266317262953514 0.77696288454568685 -0.47432139444878274 0.49014963714467658 0.85968636012286437 1.3981252694781185 -0.57116228068362629 4.9643216771060716 5.1355010490736355 0.41737181445019228 -0.47917142699290061 -0.5401252266425004 0.97471342483759538 -0.84755858188569955 1.0921475079762817 16.076243275199868 6.3807290635774487 0.79343668662120359 -0.33080409543785549 -1.0653051025638856 0.82830879942914448 0.45086966285410068 -0.69780111917456911 2.7059077044296753 4.3899450328056542 0.30479212074859491 2.2403212773806249 3.0808895746919194 3.0731681954324759 0.79675538933644452 1.2400552088675671 0.64795631500975814 3.5757803819494924 0.38789392960382663 1.9519207023056389 -0.65711844885196591 -0.25325677898065446 2.371366107981387 3.7473348741297516 1.0795651391298295 5.1878692361444028 -0.126297820792415 -0.74329711324882874
leaf_weight=745 47199 13836 309 10675 217 19170 5670 866 12624 5625 294 273 171 842 1021 59 5533 1281 4612 1498 689 1363 49632 1339 7427 4720 6805 218 5051 12234 60203 6142 287 59714 1007 1220 1098 619 8807 4410 6724 4003 3450 122 128 10846 112 2373 624 316 133 23046 5971 5169 182 1997 4137 145 529 10031 349 473 105495
leaf_count=745 47199 13836 309 10675 217 19170 5670 866 12624 5625 294 273 171 842 1021 59 5533 1281 4612 1498 689 1363 49632 1339 7427 4720 6805 218 5051 12234 60203 6142 287 59714 1007 1220 1098 619 8807 4410 6724 4003 3450 122 128 10846 112 2373 624 316 133 23046 5971 5169 182 1997 4137 145 529 10031 349 473 105495
internal_value=-0.000921974 0.00116961 -0.00103326 -0.00193552 0.00265438 -0.00217236 0.00339623 0.00544343 -0.00130811 0.00302559 -0.00142551 -0.000610103 0.0157442 0.000308655 0.004424 0.0111983 0.00240327 0.0114557 0.00549251 0.00825085 0.0222674 0.00129737 -0.00182331 0.000136089 0.00374654 0.00474019 0.00158181 0.00985849 0.00602245 0.000926786 -0.00283251 0.000146516 -0.00250834 -0.00256605 0.0076373 0.00859072 0.0127739 -0.000354656 -0.00115427 -0.00139515 0.000608944 -0.00180157 0.00078346 0.00344848 -0.00228899 -9.96221e-05 0.00150666 0.00816602 0.0165347 0.0141014 0.00119611 0.00182773 0.00263847 0.00384785 0.00666995 0.00125044 0.000616629 0.0151439 0.0230612 0.00393781 0.00916058 0.00630952 -0.00302261
internal_weight=551860 180133 72528 371727 107605 348276 81751 26701 71359 7582 163408 93214 1169 25854 22830 1957 55050 3871 17827 6426 860 27178 63777 14145 26056 18629 23451 1060 13096 25815 184868 20373 70194 69907 8376 7369 2318 10193 9101 66036 11134 54902 7703 4125 3578 24794 10958 2590 1212 1814 28994 23324 16646 5442 1521 14231 5003 278 588 11401 1370 1092 165698
internal_count=551860 180133 72528 371727 107605 348276 81751 26701 71359 7582 163408 93214 1169 25854 22830 1957 55050 3871 17827 6426 860 27178 63777 14145 26056 18629 23451 1060 13096 25815 184868 20373 70194 69907 8376 7369 2318 10193 9101 66036 11134 54902 7703 4125 3578 24794 10958 2590 1212 1814 28994 23324 16646 5442 1521 14231 5003 278 588 11401 1370 1092 165698
is_linear=0
shrinkage=0.05


Tree=17
num_leaves=64
num_cat=0
split_feature=36 5 5 44 30 25 16 8 14 42 14 13 40 42 26 44 23 13 8 27 34 43 28 0 5 38 9 37 8 25 38 0 30 14 7 12 35 29 23 13 19 14 0 23 0 29 31 16 28 15 25 8 28 7 1 37 32 25 17 13 23 17 38
split_gain=423.532 179.753 103.095 102.572 95.0852 77.3391 55.84 42.97 40.179 40.0167 36.1292 36.1223 33.4564 32.1362 31.4162 47.6912 30.6427 30.2995 31.0148 30.4238 29.8018 36.9464 29.0302 26.9666 26.9129 25.3058 24.6412 24.5344 24.0227 23.3595 22.7879 25.7157 22.6837 21.62 19.8209 19.6908 18.6892 18.1292 19.2449 19.4452 22.1967 32.19 18.2097 17.74 17.7361 30.3783 17.6204 17.1754 16.6604 33.605 17.9147 16.5511 16.5304 16.0499 15.9328 16.0739 16.2769 15.8712 15.7713 15.5373 15.4876 15.2522 35.4294
threshold=67.500000000000014 53.550000000000004 78.02500000000002 1745.500000000002 220.50000000000003 977.55000000000007 -2.1449124423318664 -83.824999999999974 4.5000000000000009 -2.0999999999999983 9.5000000000000018 4.5000000000000009 985.1500000000002 -10.949999999999998 11328.250000000002 157.75000000000003 26.050000000000004 4.5000000000000009 -10.4 24.850000000000005 0.93038214053199464 -222.49999999999997 35.555000000000014 41.975000000000009 68.325000000000003 27.750000000000004 172.25000000000003 58.500000000000007 -8.6600000000000019 988.6500000000002 31.750000000000004 45.050000000000004 1147.0000000000002 10.500000000000002 39.787228260869576 0.1294095225512602 0.79332313182700764 3.2018696878330712 17.250000000000004 4.5000000000000009 0.85260769842926931 10.500000000000002 252.75000000000003 16.050000000000004 51.525000000000006 3.5365584188799919 -5.2588788304993344 13.448460418735783 3.8150000000000008 1.0000000180025095e-35 982.25000000000011 -9.9899999999999967 1.5250000000000001 50.263068181818184 66.125000000000014 45.500000000000007 -1.4543710369490437 991.1500000000002 -11.513202473814571 1.0000000180025095e-35 24.050000000000004 -11.3552161300415 7.9500000000000011
decision_type=2 8 8 2 2 2 2 8 2 2 2 2 2 2 2 2 2 2 10 8 2 2 2 2 10 2 10 2 10 2 2 2 2 2 8 2 2 2 2 2 2 2 2 2 2 2 2 2 2 2 2 8 2 8 8 2 2 2 2 2 2 2 2
left_child=2 9 8 5 7 44 17 23 11 16 26 -1 -9 46 15 24 20 22 19 53 -2 35 -7 43 -8 -12 -5 -24 36 47 -17 -32 51 -31 -18 -22 -11 38 42 59 -41 -42 61 -4 45 -3 -14 -27 -26 50 -50 60 -30 -19 -16 -56 -57 -48 -6 -40 -10 62 -15
right_child=1 3 4 10 58 6 14 12 32 28 25 -13 13 37 54 30 34 18 -20 -21 21 -23 27 -25 48 29 -28 -29 52 33 31 -33 -34 -35 -36 -37 -38 -39 39 40 41 -43 -44 -45 -46 -47 57 -49 49 -51 -52 -53 -54 -55 55 56 -58 -59 -60 -61 -62 -63 -64
leaf_value=0.26068940526136081 -0.079667950434687523 -0.3241319154708745 9.1706522670934074 -0.30007782352822643 11.608752733159243 -0.38262663941054015 0.55660151621380904 0.46401442420204364 3.6974600554867068 -0.41083096008606701 -0.32503257814562692 1.6510699073264072 5.1395265427850152 9.8863378312879604 -0.25193269060844847 0.17448434389827919 -0.46568311581008415 0.58966715319204288 -0.18477403850679389 0.91891678947444655 3.4006142595444779 0.28991733437006639 0.42956069016206588 4.0148642492074202 1.9115773831246532 0.49518303308654349 -1.1565004230507683 2.8078191591456858 -0.82061931647519748 1.9876770797363961 2.3458495204578687 0.78830701313041007 10.131972455975177 21.738950448628174 -0.16965909715857103 0.69753645282026411 0.19517939102632903 -0.055766252171705943 6.5871188507325673 4.0832027387699439 2.9185281062027646 21.852076587351366 -0.20478062254670393 1.9441202631949861 -0.80727571212763061 0.3783412972621536 2.0686845857282683 4.1373764108862945 0.88454829609979346 11.507863870743458 2.2873240714708416 -0.42337577710601937 -0.34936672881472169 1.92733337568577 0.30438519250594737 1.3249660788653763 2.5325021305152822 4.8601483854586762 8.9998170249750533 2.0070725622907974 0.099318701963367326 1.1647183283558604 1.9261634958058673
leaf_weight=10597 10103 14759 105 42337 277 25880 7551 16953 370 47262 7964 4024 880 300 6773 13730 47629 474 5173 4074 276 1447 718 4826 11737 2214 31517 252 97795 345 384 900 161 338 29360 515 3308 3317 963 1610 265 269 3949 205 12507 5358 3026 123 814 203 677 17507 17644 569 8330 1101 483 1261 294 4140 5274 6127 2536
leaf_count=10597 10103 14759 105 42337 277 25880 7551 16953 370 47262 7964 4024 880 300 6773 13730 47629 474 5173 4074 276 1447 718 4826 11737 2214 31517 252 97795 345 384 900 161 338 29360 515 3308 3317 963 1610 265 269 3949 205 12507 5358 3026 123 814 203 677 17507 17644 569 8330 1101 483 1261 294 4140 5274 6127 2536
internal_value=-0.000920796 -0.00152915 0.00223307 -0.000435271 0.00369442 0.000490538 0.00124784 0.00346606 0.000256636 -0.00241716 -0.0017715 0.0023114 0.00297767 0.00401965 0.00229457 0.0031259 -0.00156387 -0.000236942 0.00206997 0.00482998 0.000749128 0.00596961 -0.00112104 0.00780179 0.00466543 0.000904041 -0.00216942 0.00737113 -0.00287632 0.00480132 0.000974423 0.00734424 -0.00103209 0.0129356 -0.00193463 0.0146587 -0.00196757 0.00323394 0.00379756 0.00585966 0.00985541 0.0186891 0.00264018 0.0220968 -0.00159453 -0.000675301 0.00758951 0.00242405 0.00600811 0.0106434 0.00804494 -0.00116215 -0.00327441 0.0124497 0.000501287 0.00177829 0.0063952 0.00626662 0.0239842 0.00418087 0.00119242 0.00388653 0.00691819
internal_weight=551860 462624 89236 207285 51303 122447 89823 50732 37933 255339 84838 14621 45596 28643 52683 35996 89330 37140 10290 5117 12341 2238 26850 5136 20982 10984 73854 970 166009 3020 15014 1284 23312 683 76989 791 50570 23476 20159 7247 2144 534 12912 310 32624 20117 5167 2337 13431 1694 1491 23151 115439 1043 16687 9914 1584 4287 571 5103 5644 8963 2836
internal_count=551860 462624 89236 207285 51303 122447 89823 50732 37933 255339 84838 14621 45596 28643 52683 35996 89330 37140 10290 5117 12341 2238 26850 5136 20982 10984 73854 970 166009 3020 15014 1284 23312 683 76989 791 50570 23476 20159 7247 2144 534 12912 310 32624 20117 5167 2337 13431 1694 1491 23151 115439 1043 16687 9914 1584 4287 571 5103 5644 8963 2836
is_linear=0
shrinkage=0.05


Tree=18
num_leaves=64
num_cat=0
split_feature=41 7 8 25 8 14 29 22 28 42 5 19 3 40 5 44 19 37 4 29 5 21 6 23 32 9 7 15 29 31 15 27 0 33 5 23 43 40 37 9 9 10 26 28 14 35 6 31 20 41 26 13 43 13 40 8 31 31 23 41 31 13 13
split_gain=383.385 200.772 113.194 75.6352 63.9886 54.9433 51.0949 45.0826 42.9293 37.8869 30.3989 27.3972 24.5873 23.8766 26.7607 23.7692 26.8066 24.3224 27.4756 23.5897 21.7355 25.4097 21.6885 21.0115 28.5022 29.9774 20.3564 24.3588 19.7205 20.8884 20.9426 19.3876 19.3872 19.2697 19.1304 18.794 19.8351 21.6217 18.762 18.6577 18.0303 17.935 17.3364 16.752 30.961 22.624 16.5067 15.7492 20.2088 15.6417 15.8945 16.1232 15.4009 15.2892 22.9527 15.129 14.843 14.3918 14.0878 16 13.9192 13.6664 13.6543
threshold=1989.2500000000002 43.968115942028994 -15.999999999999996 976.1500000000002 -22.774999999999995 9.5000000000000018 704.66048145474099 63.500000000000007 21.160000000000007 -0.49999999999999972 36.525000000000006 0.55191596924288722 148.75000000000003 977.75000000000011 39.975000000000009 426.75000000000006 -0.43837114678907757 27.500000000000004 55.025000000000006 347.6564557769816 254.25000000000003 217.50000000000003 48.450000000000024 21.550000000000004 13.350164896899109 248.25000000000003 170.00208333333339 1.0000000180025095e-35 19.615421640751293 5.926543088209276 1.0000000180025095e-35 63.525000000000006 16.550000000000004 4.9500000000000011 89.050000000000011 25.050000000000004 -45.624999999999993 988.35000000000002 42.500000000000007 117.25000000000001 74.050000000000011 88.52500000000002 1860.2500000000002 33.645000000000003 4.5000000000000009 -0.47714059151611382 78.136666666666699 13.315245147336716 0.19080899537654503 4991.2500000000009 64724.500000000007 1.5000000000000002 -16.249999999999996 4.5000000000000009 982.1500000000002 -188.89999999999998 -5.407151639431456 6.6435127057504939 18.050000000000004 142.25000000000003 -0.70169209133456789 1.0000000180025095e-35 2.5000000000000004
decision_type=2 8 10 2 8 2 2 2 2 2 10 2 10 2 10 2 2 2 10 2 10 2 8 2 2 8 10 2 2 2 2 10 2 2 10 2 2 2 2 8 8 8 2 2 2 2 8 2 2 2 2 2 2 2 2 8 2 2 2 2 2 2 2
left_child=1 8 7 19 6 9 11 12 10 13 60 20 31 -4 57 16 28 18 62 -3 -5 22 -22 24 32 -26 43 -28 29 30 35 34 55 -29 -2 36 37 -6 -12 -21 41 -36 -7 -19 -45 -46 -39 48 -14 -11 -51 -52 -16 -13 -55 -9 -24 -15 59 -56 -1 -50 -18
right_child=2 3 5 4 15 42 -8 23 -10 49 38 53 47 14 52 -17 17 26 -20 39 21 -23 56 -25 25 -27 27 33 -30 -31 -32 -33 -34 -35 40 -37 -38 46 -40 -41 -42 -43 -44 44 45 -47 -48 -49 61 50 51 -53 -54 54 58 -57 -58 -59 -60 -61 -62 -63 -64
leaf_value=-0.23397771056002623 -0.0029497761861947396 -0.50324037389647835 -0.47961041460095216 1.8297074568758873 2.3304202817839021 -1.2439060731864064 8.9368982619191453 10.053117390166785 1.5358736259292027 -0.52723619586045578 0.82606345306509399 0.34252802800290594 0.0055542836486134149 -0.18196580365677556 0.31596103193317338 0.016282485296393475 4.4402377932762001 0.0056278938180864737 -0.028084374341005192 8.3127271473849174 6.6479475746913215 10.2892678996354 0.91028024048874701 -0.40518626724008516 1.2950385521243353 -0.56795008064432673 1.9879988943322271 19.400971298147482 0.2154010185074704 0.8829586715619393 -0.65956422542032733 -0.48048241255414298 -0.40321217962140032 12.573828848275843 0.74847513939270227 0.57707245038002108 2.6647465476216152 1.4231984523930108 -0.065533738483986803 -0.48537608155138473 0.47467790886175676 4.7205138633188239 1.0288511524867532 -0.39704659324027797 0.40808265565396273 3.0776323928821241 6.1966473284654455 -0.33408840510447968 3.8544608599550929 -0.80883017655661149 1.1374865612146963 -0.31196993249018695 -0.21390300776773086 -0.28357564151165626 9.4286786968712093 1.1347254054927818 6.300220515951648 -0.78435219818840096 6.4192505095450008 -0.054485010991761999 -0.59279130134346525 2.7602658658698029 1.9864468624545006
leaf_weight=22255 32498 11028 38532 15769 2043 3502 372 61 1781 45949 2252 6764 2108 19061 10873 13934 526 22395 772 129 53 365 831 34949 476 359 5710 168 5245 8044 1107 12912 8086 439 605 2551 6713 612 18303 122 8098 62 9966 494 256 371 1633 1950 663 114215 284 476 10719 745 91 233 2220 11371 1038 556 21924 3719 522
leaf_count=22255 32498 11028 38532 15769 2043 3502 372 61 1781 45949 2252 6764 2108 19061 10873 13934 526 22395 772 129 53 365 831 34949 476 359 5710 168 5245 8044 1107 12912 8086 439 605 2551 6713 612 18303 122 8098 62 9966 494 256 371 1633 1950 663 114215 284 476 10719 745 91 233 2220 11371 1038 556 21924 3719 522
internal_value=-0.00091536 0.000977804 -0.00183276 0.00225501 0.00268329 -0.00238666 0.00468095 -0.000458378 -0.00120386 -0.00255329 -0.00141456 0.00444007 0.000404455 -0.00173517 -0.00103645 0.00190079 0.00233545 0.00133905 0.00695055 -0.00163091 0.00551305 0.00909628 0.00762886 -0.00168169 0.000442213 0.0092515 0.000996714 0.0035167 0.00346393 0.00410232 0.0052258 1.33814e-05 -0.000435562 0.0130395 0.000542495 0.00576594 0.00666257 0.00931903 0.000173922 0.0135259 0.00261552 0.0105172 0.00072468 0.000319781 0.00628457 0.0136603 0.012706 0.00291469 0.00409861 -0.00301366 -0.00332529 0.00388158 0.000309836 0.00219491 0.00559671 0.0121769 0.00707801 -0.00199165 0.00882789 0.00303709 -0.00215363 0.00603377 0.0122233
internal_weight=551860 180133 371727 113618 102339 264948 28804 106779 66515 251480 64734 28432 62615 90556 52024 73535 59601 31653 1820 11279 19238 3469 3104 44164 9215 835 29833 6317 27948 22703 14659 54175 8380 607 41263 13552 11001 4288 20555 251 8765 667 13468 23516 1121 627 2245 8440 6490 160924 114975 760 21592 9194 2430 294 3051 30432 1685 647 44179 4382 1048
internal_count=551860 180133 371727 113618 102339 264948 28804 106779 66515 251480 64734 28432 62615 90556 52024 73535 59601 31653 1820 11279 19238 3469 3104 44164 9215 835 29833 6317 27948 22703 14659 54175 8380 607 41263 13552 11001 4288 20555 251 8765 667 13468 23516 1121 627 2245 8440 6490 160924 114975 760 21592 9194 2430 294 3051 30432 1685 647 44179 4382 1048
is_linear=0
shrinkage=0.05


Tree=19
num_leaves=64
num_cat=0
split_feature=5 23 43 37 41 33 27 41 35 34 11 35 16 0 18 35 29 8 12 0 16 0 33 22 40 5 0 43 23 30 8 14 30 22 8 32 9 43 30 40 12 18 40 0 7 14 18 2 26 43 38 14 33 27 8 12 31 23 43 33 14 14 35
split_gain=355.388 162.722 144.203 88.3218 87.1602 79.5976 62.412 43.9718 40.3175 39.836 35.6576 35.5898 34.9602 38.6192 33.9241 29.7761 29.7147 29.609 29.4639 28.517 28.3717 28.1739 27.9108 26.783 24.5601 22.195 22.4436 21.4045 21.0804 28.5335 20.7475 20.6466 20.5094 18.8051 18.7955 18.675 18.5714 18.3615 18.285 17.9272 17.2119 17.0694 17.0637 19.4189 16.8111 16.2801 15.5689 15.495 16.1934 15.315 14.9981 15.297 15.7985 14.9474 14.6524 14.4755 14.3292 14.272 22.005 14.3397 17.9055 16.1376 15.4886
threshold=102.05000000000001 24.850000000000005 31.250000000000004 48.500000000000007 3255.5000000000009 14.850000000000003 54.550000000000004 4929.5000000000009 -0.59480013772226059 0.52247866957162981 -0.78656609248549292 -0.43049470426488839 -7.6971695474311286 45.050000000000004 20.550000000000004 0.83385407025023306 3.8952973217127567 41.025000000000013 -0.70710678118654757 45.050000000000004 7.9801986900456887 52.025000000000006 18.550000000000004 85.500000000000014 977.6500000000002 146.25000000000003 132.25000000000003 105.62500000000001 30.950000000000003 51.500000000000007 -18.494999999999994 10.500000000000002 3.5000000000000004 34.500000000000007 -10.4 0.37630246776355253 35.050000000000004 -113.74999999999999 403.50000000000006 989.75000000000011 -0.3794095225512602 22.450000000000003 978.85000000000002 66.125000000000014 43.247916666666676 10.500000000000002 25.750000000000004 44.025000000000006 9649.0000000000018 81.250000000000014 36.95000000000001 9.5000000000000018 23.950000000000003 87.050000000000011 29.010000000000009 0.60355339059327384 4.3351556671675544 15.250000000000002 -76.249999999999986 5.2500000000000009 11.500000000000002 10.500000000000002 0.62249093318774806
decision_type=10 2 2 2 2 2 8 2 2 2 2 2 2 2 2 2 2 10 2 2 2 2 2 2 2 10 2 2 2 2 8 2 2 2 10 2 8 2 2 2 2 2 2 2 10 2 2 10 2 2 2 2 2 8 8 2 2 2 2 2 2 2 2
left_child=1 5 12 4 6 9 10 14 34 31 -3 -12 13 16 45 30 -2 22 -4 24 -11 -20 25 -16 44 38 28 -10 29 -27 -6 33 39 37 42 -25 -9 47 -14 -22 -37 -33 -7 -44 -13 -5 -41 -1 -49 -23 51 -32 -53 -43 -54 -40 -17 58 -28 61 62 -59 -61
right_child=2 3 18 7 15 8 -8 36 27 20 11 19 17 -15 23 56 -18 -19 21 -21 32 49 -24 35 -26 26 57 -29 -30 -31 50 41 -34 -35 -36 40 -38 -39 55 46 -42 53 43 -45 -46 -47 -48 48 -50 -51 -52 52 54 -55 -56 -57 -58 59 -60 60 -62 -63 -64
leaf_value=0.88688785114570445 0.37230194210367767 -0.029565710922469141 1.1127531353199813 -0.43860294729957605 0.02420858847109434 -0.53561701017705554 0.0078966127807120756 -0.17481966331447132 -0.18254278857237946 0.53253473649966399 0.23609016429313201 2.3900914412956018 1.2389405125807813 0.1322532550019517 -0.18975730833661722 0.26391901716983263 2.115304407116561 0.96808394209234105 0.49160341049583095 0.94745223323151717 2.9785468391905541 -0.12960920253979677 0.6121332468199876 -0.44661776771623823 2.2294575854649752 3.8000013079203572 5.1672526216560657 -0.95091126385283686 0.0095094398811936716 9.4999351558092595 -0.65209265011599316 1.7171631644537897 0.94661319225707607 -0.021687830720688184 0.1476440616948364 1.4875492207175058 -0.76202508675603531 0.261564402243598 2.0582285132525509 3.5091282749249402 0.45747951069826587 11.578589960679043 1.1463483909835614 1.1511470431479462 4.556940646341217 3.6066008642665572 6.1644087684806212 5.6060979424752606 0.29757261289065867 -1.3094169117750996 -0.17547070429550041 0.22510697008123715 4.7872943774003192 7.433406686738306 -0.60551691659660711 14.888797270290624 -0.45170660063334866 1.5504899645171681 0.99453950241456224 3.9549838997395335 0.22050045827939546 11.131649315188668 12.003202189242934
leaf_weight=627 727 2243 6236 126734 11344 361 17182 10595 23104 8000 1814 445 10579 12102 10919 8672 905 8311 2466 1787 1017 10127 5826 1237 1593 4930 644 15103 579 209 50865 4528 3782 23052 2260 153 97920 1822 198 543 3243 49 856 731 493 146 94 273 120 14995 22069 2034 56 330 38 122 3154 454 3772 3206 1395 820 1869
leaf_count=627 727 2243 6236 126734 11344 361 17182 10595 23104 8000 1814 445 10579 12102 10919 8672 905 8311 2466 1787 1017 10127 5826 1237 1593 4930 644 15103 579 209 50865 4528 3782 23052 2260 153 97920 1822 198 543 3243 49 856 731 493 146 94 273 120 14995 22069 2034 56 330 38 122 3154 454 3772 3206 1395 820 1869
internal_value=-0.000921249 -0.00148311 0.00194414 -0.00193464 -0.000841716 0.000469578 0.0017594 -0.00247377 -0.00107804 0.00195345 0.00529851 0.00727169 0.00348662 0.00129096 -0.00189606 -0.00151845 0.00851103 0.00418931 -0.000639192 0.00974062 0.00422521 -0.0013408 0.00483296 0.000307998 0.0131549 0.0054719 0.0065561 -0.00158963 0.00913956 0.0101586 -0.0018405 0.000962468 0.00701251 0.000398933 0.00356701 0.00349342 -0.00323204 0.00423645 0.00369346 0.0116566 0.0054093 0.00393621 0.00716632 0.00939823 0.0195736 -0.00216622 0.0182339 0.00960784 0.0173919 -0.00184142 -0.0021417 -0.0025978 0.00155545 0.0141293 0.0215957 0.0154687 0.000834601 0.00534128 0.00307292 0.00663481 0.00568006 0.0114835 0.00705911
internal_weight=551860 461388 90472 374736 123789 86652 25557 250947 42415 44237 8375 6132 56648 13734 142432 98232 1632 42914 33824 4318 13436 27588 34603 15552 2531 28777 17878 38207 5718 5139 86406 30801 5436 25894 4208 4633 108515 2842 10899 1654 3396 4907 1948 1587 938 126880 637 1020 393 25122 75062 52993 2128 379 94 320 11826 12160 4416 7744 6470 1274 5075
internal_count=551860 461388 90472 374736 123789 86652 25557 250947 42415 44237 8375 6132 56648 13734 142432 98232 1632 42914 33824 4318 13436 27588 34603 15552 2531 28777 17878 38207 5718 5139 86406 30801 5436 25894 4208 4633 108515 2842 10899 1654 3396 4907 1948 1587 938 126880 637 1020 393 25122 75062 52993 2128 379 94 320 11826 12160 4416 7744 6470 1274 5075
is_linear=0
shrinkage=0.05


Tree=20
num_leaves=64
num_cat=0
split_feature=36 8 5 30 25 5 31 16 8 33 14 14 40 37 21 37 36 37 36 0 14 13 0 7 44 0 16 13 8 40 16 23 23 9 23 30 41 37 26 38 31 13 11 30 18 5 12 19 8 0 43 0 23 7 16 38 38 36 36 27 17 38 38
split_gain=320.579 141.257 77.9406 75.2445 70.4999 53.5545 52.6318 54.7949 34.1831 32.5435 30.9522 27.3879 26.763 26.4962 30.7028 26.4484 36.3506 25.7792 25.4545 24.3379 28.7909 23.9452 23.6677 23.4351 23.3654 22.3096 22.2996 22.0812 23.1877 22.1845 20.3371 20.3341 19.6496 18.7613 17.5783 17.4632 17.2506 16.9443 35.993 16.6439 16.4998 16.3361 16.1975 15.908 15.7575 15.6992 15.4899 15.0054 22.0066 14.932 14.7719 14.7445 18.8605 14.6089 14.4892 14.4303 14.4247 20.2926 14.193 14.1702 13.8349 14.6978 13.8263
threshold=67.500000000000014 -14.499999999999996 71.450000000000017 216.50000000000003 980.95000000000016 83.050000000000011 8.6529980180784527 2.7529393244731661 -83.824999999999974 16.950000000000003 9.5000000000000018 4.5000000000000009 985.1500000000002 62.500000000000007 2047.5000000000002 49.500000000000007 807.50000000000011 24.500000000000004 37.500000000000007 49.050000000000004 3.5000000000000004 4.5000000000000009 16.050000000000004 33.625543478260873 2788.7500000000005 41.975000000000009 -2.9898736525209082 3.5000000000000004 31.018500000000007 977.05000000000007 21.370742033444913 16.050000000000004 21.250000000000004 43.050000000000004 25.550000000000004 1147.0000000000002 1915.5000000000002 94.500000000000014 8050.5000000000009 36.95000000000001 -1.3604930501634909 1.0000000180025095e-35 -0.60355339059327362 82.500000000000014 16.050000000000004 66.050000000000011 0.60355339059327384 0.98321746822993605 30.32 12.65 -272.49999999999994 55.525000000000006 29.050000000000004 18.330833333333338 19.756174173362819 34.050000000000004 31.450000000000003 196.25000000000003 3912.5000000000005 23.550000000000004 -15.12883449473232 7.9500000000000011 20.050000000000004
decision_type=2 10 8 2 2 10 2 2 8 2 2 2 2 2 2 2 2 2 2 2 2 2 2 8 2 2 2 2 10 2 2 2 2 8 2 2 2 2 2 2 2 2 2 2 2 8 2 2 10 2 2 2 2 10 2 2 2 2 2 8 2 2 2
left_child=2 5 11 8 17 10 7 36 25 26 15 21 -10 14 23 16 19 43 30 20 -2 47 -11 -9 33 31 -7 29 32 -25 -14 -4 -29 37 -17 40 50 -19 -39 -18 -13 -12 55 -3 -34 -8 -5 -1 -49 -41 51 -6 -53 -40 -27 -22 57 -24 -45 -44 61 -20 -30
right_child=1 4 3 46 6 9 45 13 12 22 41 35 18 -15 -16 34 39 24 60 -21 42 -23 56 27 -26 54 -28 28 62 -31 -32 -33 44 -35 -36 -37 -38 38 53 49 -42 -43 59 58 -46 -47 -48 48 -50 -51 -52 52 -54 -55 -56 -57 -58 -59 -60 -61 -62 -63 -64
leaf_value=0.012808304874920526 -0.051491516383411089 -0.41536650766927785 8.4301034255744209 3.8012116016748703 -0.27982803764008202 0.13738409604511156 -0.7713052491150284 -0.29395479768305838 0.37343487367862671 3.1807806257271132 3.335069402477663 0.10446207333604646 2.3916427474015682 -0.31065752721852541 -0.43395400489588987 0.065551409605881267 -0.4941676964587785 -0.23178695588181603 7.3524052363825012 -0.055046071818047992 -0.21859063207704355 1.4830889503079876 0.34794122679121631 1.8461387203653841 -0.84155849998676546 2.9967826111862612 1.7909238301871142 2.5039151838926323 4.5810736198127513 0.3954042667545723 4.6813166865587998 1.6352618410703614 0.41376798803001064 -0.52859261250489209 -0.3265786663702116 9.3603465822295639 -0.50199518318618108 -0.25915242315898518 0.16845280413614416 2.1638644597067564 -0.49536820360540657 0.87032519354694815 1.7488612122280085 0.15554009995197143 0.98608323924853869 -0.49860021309657832 11.619915063529595 -0.34174123675896823 5.253608928032004 0.068702261690820943 -0.14912087899359733 3.1555281741067578 0.049401641246767797 1.2283222867320758 5.3878360699722112 0.55127889821711873 0.58024171454887008 -0.71933118751497582 0.67778270125069151 1.0349838231054833 0.63602889199144297 2.0825825315905973 -0.081889319693097373
leaf_weight=9037 2970 12019 105 233 475 6958 30314 2914 18664 323 844 8366 14193 9439 3808 11275 13189 12316 60 6898 1067 3616 8768 64 59422 4392 11749 1013 236 10199 908 228 3983 100788 55130 143 30258 1223 282 185 13600 4154 495 4396 2235 21957 405 215 207 5350 8232 403 286 487 484 1560 1690 8017 500 2411 12377 2003 2342
leaf_count=9037 2970 12019 105 233 475 6958 30314 2914 18664 323 844 8366 14193 9439 3808 11275 13189 12316 60 6898 1067 3616 8768 64 59422 4392 11749 1013 236 10199 908 228 3983 100788 55130 143 30258 1223 282 185 13600 4154 495 4396 2235 21957 405 215 207 5350 8232 403 286 487 484 1560 1690 8017 500 2411 12377 2003 2342
internal_value=-0.000927139 -0.00145641 0.00181675 0.00300895 -0.00204091 -0.000150421 -0.00113329 -0.000292344 0.00280507 0.00147247 -0.000727202 -1.47806e-05 0.00238927 0.00111321 0.00191573 -0.000918135 0.000213186 -0.00264853 0.00332572 0.00201253 0.00380277 0.00179923 3.19064e-06 0.00260463 -0.00282916 0.00665291 0.00294889 0.00321293 0.00490927 0.00159164 0.00476094 0.0191742 0.00636081 -0.00241346 -0.00149951 -0.00108757 -0.00157664 -0.000719179 0.00355924 -0.00126682 -0.00120095 0.00311324 0.00593439 -0.000784808 0.00530878 -0.00235417 0.0200784 0.000476265 0.00969194 0.00103433 0.000294805 0.00556701 0.0102395 0.0120351 0.00579778 0.00308907 -0.000231395 -0.000674711 0.00161765 0.00850654 0.00182479 0.00561561 0.000837858
internal_weight=551860 462624 89236 54052 319591 143033 128158 75887 53414 37505 105528 35184 48205 36233 26794 100530 34125 191433 29541 15401 8503 13075 18798 22986 174518 5209 18707 20072 9809 10263 15101 333 7231 115096 66405 22109 39654 14308 1992 18724 21966 4998 5533 16915 6218 52271 638 9459 422 5535 9396 1164 689 769 4876 2627 18475 16785 4896 2906 14440 2063 2578
internal_count=551860 462624 89236 54052 319591 143033 128158 75887 53414 37505 105528 35184 48205 36233 26794 100530 34125 191433 29541 15401 8503 13075 18798 22986 174518 5209 18707 20072 9809 10263 15101 333 7231 115096 66405 22109 39654 14308 1992 18724 21966 4998 5533 16915 6218 52271 638 9459 422 5535 9396 1164 689 769 4876 2627 18475 16785 4896 2906 14440 2063 2578
is_linear=0
shrinkage=0.05


Tree=21
num_leaves=64
num_cat=0
split_feature=14 41 14 8 42 43 11 3 0 5 37 25 25 38 14 40 26 40 13 38 36 8 13 0 28 41 16 23 22 8 41 41 37 31 14 21 37 32 14 31 40 5 16 28 32 31 5 13 2 32 31 22 12 12 13 22 33 0 2 5 0 12 16
split_gain=297.171 185.754 135.607 64.7051 55.4904 54.3096 75.9865 38.9611 40.6083 44.8669 38.2541 38.7122 34.7571 33.4744 32.4773 31.9612 31.2366 30.1599 28.074 28.065 25.4666 24.5415 22.7203 22.3491 21.713 21.241 21.1476 25.3478 20.0048 19.8576 18.6278 18.6255 21.7906 18.079 21.3009 18.938 17.6332 17.1494 20.979 16.7786 16.6437 16.4886 24.6672 20.1314 22.5515 20.7412 19.9973 16.765 22.0822 16.4791 18.4499 16.2194 15.1514 14.671 13.9079 13.865 13.8641 13.5998 13.5897 13.468 14.7951 13.4497 14.4519
threshold=9.5000000000000018 2755.7500000000005 5.5000000000000009 -8.6600000000000019 -16.149999999999995 1.0000000180025095e-35 -0.37940952255126065 38.050000000000004 41.525000000000006 74.325000000000003 50.500000000000007 981.35000000000002 988.95000000000016 33.050000000000004 1.5000000000000002 989.25000000000011 2689.7500000000005 979.45000000000016 2.5000000000000004 36.750000000000007 817.50000000000011 -61.949999999999982 1.0000000180025095e-35 40.525000000000006 23.325000000000006 922.75000000000011 -17.293854674333137 26.850000000000005 32.500000000000007 -37.989999999999988 5882.7500000000009 6552.7500000000009 18.500000000000004 8.6529980180784527 10.500000000000002 1457.5000000000002 21.500000000000004 -1.2547710302407851 11.500000000000002 -3.9634444034305512 988.85000000000002 39.050000000000004 4.286743041630392 35.555000000000014 -1.8468395289662538 -12.641072035540448 73.225000000000009 1.0000000180025095e-35 60.625000000000007 0.32199689876788018 -0.51731925900108011 36.500000000000007 1.0000000180025095e-35 0.91597561503675351 5.5000000000000009 36.500000000000007 19.750000000000004 234.25000000000003 444.25000000000006 37.025000000000006 26.550000000000004 0.37940952255126048 -4.1968842202636578
decision_type=2 2 2 10 2 2 2 10 2 10 2 2 2 2 2 2 2 2 2 2 2 8 2 2 2 2 2 2 2 8 2 2 2 2 2 2 2 2 2 2 2 8 2 2 2 2 10 2 10 2 2 2 2 2 2 2 2 2 10 10 2 2 2
left_child=1 2 5 13 15 6 61 24 9 -9 11 -4 25 14 51 -2 -11 53 22 30 23 37 33 -15 54 39 27 49 -26 -22 36 32 -16 34 58 -36 -5 38 40 -6 -20 47 43 -43 -45 -46 -44 48 -10 -12 -51 -3 -48 -13 -8 -40 -23 -27 -14 -28 -61 -1 -63
right_child=4 3 10 19 12 -7 7 8 41 16 26 17 18 20 31 -17 -18 -19 21 -21 29 56 -24 -25 28 57 59 -29 -30 -31 -32 -33 -34 -35 35 -37 -38 -39 55 -41 -42 42 46 44 45 -47 52 -49 -50 50 -52 -53 -54 -55 -56 -57 -58 -59 -60 60 -62 62 -64
leaf_value=-0.73206680355779064 3.3557700919296929 2.8303127617780883 0.04330021949728656 0.490359434026162 2.9972421027689142 -0.20769565410251564 0.065234501378462137 1.1531424959113221 0.36242154330277893 5.1559472153584354 -0.23181155362462202 2.3773230949604756 -1.8107982077512756 0.65307573130286112 1.261358636953386 6.3460474092778512 2.5119477131536421 0.086953858940492526 23.9815400132481 -0.17316700545376948 0.57711196373701934 3.8691645721433496 -0.12877455892810688 0.12975122426419913 -0.34084241106284313 0.36598224285694808 -0.44556638281598976 -0.38321888570352414 2.5190067796005557 -0.14107113656649198 -0.70947674347630452 -0.54429935948789432 -0.22890498457848241 -0.7038872335691243 6.2142773761455112 19.878433438386494 -0.48287725822582517 1.8899421882472851 12.404232364160039 0.85560061792287267 7.4797278108716769 0.23479891639074371 0.71753469310076012 4.1058092239998629 2.8653429745917109 0.23774924901616115 3.3396225449582078 1.1847618092982444 4.694597025468175 0.92790435551296913 -0.3514093255195776 0.69699063417307316 2.2519324571807471 0.63630035137882035 1.2172635053996956 3.3905113728504106 0.016214519787637202 -2.3994167741240457 22.104047647671962 0.11840362936065162 -0.38252330774498677 -0.39278733254283382 0.567676417334539
leaf_weight=7845 959 223 2763 1774 4417 28788 15522 2197 239 268 1197 502 629 2532 791 527 1259 430 140 22203 2395 8932 5978 3548 605 14942 49797 4512 1437 19293 114069 40047 39194 785 1442 67 58136 627 50 11547 478 10028 5082 144 160 650 2351 1381 398 2052 689 3832 3974 171 2738 1030 1697 4815 68 6549 18800 5031 7134
leaf_count=7845 959 223 2763 1774 4417 28788 15522 2197 239 268 1197 502 629 2532 791 527 1259 430 140 22203 2395 8932 5978 3548 605 14942 49797 4512 1437 19293 114069 40047 39194 785 1442 67 58136 627 50 11547 478 10028 5082 144 160 650 2351 1381 398 2052 689 3832 3974 171 2738 1030 1697 4815 68 6549 18800 5031 7134
internal_value=-0.000930944 -0.00133288 -7.91325e-05 -0.0020846 0.0024184 0.00120584 0.00197222 0.00304307 0.0042478 0.00911117 -0.00150763 0.00335489 0.00217247 -0.0011249 -0.00162195 0.0119583 0.0156942 0.0112738 0.00373968 -0.00263179 0.000380293 0.0052285 0.00158936 0.00324013 0.00137376 0.00121063 -0.0017325 0.000639052 0.00626347 -0.000421432 -0.00284543 -0.00184314 -0.00107978 0.00514711 0.007466 0.0108052 -0.00213153 0.00988172 0.0124912 0.00256702 0.0198382 0.00350576 0.00311559 0.00142415 0.00836478 0.00512346 0.00474402 0.00783449 0.0145447 0.00357034 0.00570777 0.00274353 0.00662055 0.0178826 0.000826943 0.00828704 0.00421065 0.000114642 0.000236728 -0.00199918 -0.00106099 -0.000619691 0.000421289
internal_weight=551860 492730 184693 308037 59130 97231 68443 48433 28131 3724 87462 3866 57644 111855 84087 1486 1527 1103 21923 196182 27768 12954 8969 6080 20302 35721 83596 8450 2042 21688 173979 80032 39985 2991 2206 1509 59910 2325 1698 15964 618 24407 22389 10982 954 810 11407 2018 637 3938 2741 4055 6325 673 18260 1080 10629 19757 697 75146 25349 20010 12165
internal_count=551860 492730 184693 308037 59130 97231 68443 48433 28131 3724 87462 3866 57644 111855 84087 1486 1527 1103 21923 196182 27768 12954 8969 6080 20302 35721 83596 8450 2042 21688 173979 80032 39985 2991 2206 1509 59910 2325 1698 15964 618 24407 22389 10982 954 810 11407 2018 637 3938 2741 4055 6325 673 18260 1080 10629 19757 697 75146 25349 20010 12165
is_linear=0
shrinkage=0.05


Tree=22
num_leaves=64
num_cat=0
split_feature=5 41 43 25 8 37 0 11 7 22 37 31 36 8 26 0 13 16 23 43 34 0 38 32 9 29 16 44 8 28 3 17 44 16 7 35 29 28 9 43 13 28 31 23 16 7 10 7 4 40 35 34 0 25 0 31 20 37 12 34 11 37 31
split_gain=268.165 128.719 106.946 77.9909 57.4582 46.7407 51.7711 39.821 35.0334 29.9885 28.9487 28.0375 25.9997 25.7415 26.1264 36.3236 24.6373 24.2342 23.1168 28.8699 33.4141 22.7047 22.2894 19.7058 19.5046 19.1913 19.1857 19.039 18.5164 17.8528 17.2606 17.1954 17.0095 16.8608 16.4218 16.0969 15.4432 19.8933 17.3233 15.7625 15.3026 14.397 14.3421 33.2462 15.7969 14.1559 14.024 13.9403 13.8029 13.527 13.4593 13.4003 16.1966 13.3138 13.2495 29.948 18.2207 15.4585 15.1339 21.9999 13.9621 22.3589 23.4196
threshold=102.05000000000001 2428.0000000000005 31.250000000000004 980.35000000000002 -5.0000000000000009 43.500000000000007 53.550000000000004 -0.60355339059327362 29.189583333333335 63.500000000000007 54.500000000000007 7.9784720762880488 1157.5000000000002 -23.274999999999995 10143.500000000002 46.025000000000006 1.5000000000000002 11.166300407983568 26.050000000000004 -197.49999999999997 0.93663652364155514 51.050000000000004 12.15 -6.4721608939155528 29.450000000000003 50.441916240147641 -7.3844723907163914 -2600.2499999999995 24.020000000000007 85.725000000000009 33.825000000000003 9.9459899020181464 4480.2500000000009 -9.1275840575488569 154.71396103896106 0.9482875459472353 0.15972197753656125 0.71500000000000008 201.25000000000003 -16.249999999999996 1.0000000180025095e-35 0.89500000000000013 7.1937514035443417 29.050000000000004 -2.5186787389703915 134.77019927536236 55.925000000000011 184.01562500000003 40.025000000000006 972.55000000000007 0.6360540003681886 0.22495105434386511 26.550000000000004 982.55000000000007 45.550000000000004 -14.042151963989843 -0.82409480842201666 80.500000000000014 0.25881904510252057 0.77159520228797462 0.25881904510252091 22.500000000000004 12.016680504084826
decision_type=10 2 2 2 10 2 2 2 8 2 2 2 2 10 2 2 2 2 2 2 2 2 2 2 8 2 2 2 10 2 10 2 2 2 10 2 2 2 10 2 2 2 2 2 2 10 10 10 8 2 2 2 2 2 2 2 2 2 2 2 2 2 2
left_child=1 3 13 5 9 6 7 -1 -5 35 29 17 21 14 15 22 30 23 19 20 -7 -4 -2 -10 -11 -24 -17 -28 34 42 -9 -22 -23 -15 -25 47 38 -38 -19 46 48 -39 43 44 -6 -31 -40 54 -8 -37 -27 -20 -53 -49 55 56 57 -3 60 -60 -57 62 -62
right_child=2 4 12 8 10 18 40 16 11 24 -12 -13 -14 33 -16 26 -18 36 51 -21 31 32 25 28 -26 50 27 -29 -30 45 -32 -33 -34 -35 -36 49 37 41 39 -41 -42 -43 -44 -45 -46 -47 -48 53 -50 -51 -52 52 -54 -55 -56 58 -58 -59 59 -61 61 -63 -64
leaf_value=-0.25300595549066934 5.6522868722381263 0.66631154072878795 0.42918977238621397 -0.36475419923255431 -0.60587435843329784 0.30840671622664229 2.6468761248029442 3.9241609294841577 -0.23315394086643093 0.043393008524527682 -0.66959199912689549 -0.098358205607242385 1.6866451254458532 -0.12850353515800284 0.070355351509957295 0.59486907333837502 1.5097527039727001 1.8654992291883481 -0.54048832260813107 -0.22434628821507174 2.4454363000865809 -0.33197850362487369 1.3687844020531728 0.56250763972714535 -0.46689233105619277 2.2909939308147371 4.5819177551363355 2.5028994656718626 -0.1622284929095876 0.30779576774114914 3.8370715478292916 0.27496620363816732 -1.7310937499975847 1.2566872274724714 4.0609589322013733 0.71057984606069713 -0.24077717734417386 3.3548208783459503 2.0956577300117725 0.58455545815469234 -0.75096854686627346 0.8543733680706197 -0.65645885606513044 -0.38261063312095073 0.32627706680293933 1.0184668169387738 8.1025376508527014 -0.71171873571247923 -0.061759277577156706 0.3156407688094513 11.172313466689401 -0.011069096448532356 -0.47553044559532415 2.2298903953953091 -0.41815110279322365 -0.24641619747843727 0.27423898397707502 1.4879475749233706 0.13094072558975639 0.91745667488664706 2.0662354231028011 -0.007652079859363713 0.19452876139196304
leaf_weight=1175 119 354 2442 10487 2323 2380 289 494 9186 7381 96546 17262 3175 6506 3705 4772 1521 2874 27047 7729 320 20406 1318 16663 50526 434 2276 13525 5326 1678 568 174 7801 23781 1761 405 2762 322 210 278 3916 6036 40269 31170 6885 95 549 613 419 3867 212 13507 21961 1341 25957 24487 3950 157 2465 356 364 4601 382
leaf_count=1175 119 354 2442 10487 2323 2380 289 494 9186 7381 96546 17262 3175 6506 3705 4772 1521 2874 27047 7729 320 20406 1318 16663 50526 434 2276 13525 5326 1678 568 174 7801 23781 1761 405 2762 322 210 278 3916 6036 40269 31170 6885 95 549 613 419 3867 212 13507 21961 1341 25957 24487 3950 157 2465 356 364 4601 382
internal_value=-0.000925689 -0.00141376 0.00156336 -0.000240827 -0.00200838 -0.00130675 0.00222978 0.00658861 0.000937651 -0.00119594 -0.00258586 0.00138156 -0.000661366 0.00289172 0.00403418 0.00467073 0.01006 0.00202678 -0.00171217 0.000446571 0.00472512 -0.00110754 0.0109626 0.00130465 -0.00203577 0.00968941 0.00403368 0.00487279 0.00206526 -0.0018976 0.015904 0.0165587 -0.00150796 0.00189735 0.00281589 -0.000494164 0.00385197 0.00272478 0.00648044 0.0120202 -0.00131272 0.00426392 -0.00200671 -0.00134083 0.00129887 0.00306542 0.015751 -0.000689484 0.00545198 0.00247893 0.0167492 -0.0020783 -0.00143904 0.0034698 -0.000818339 -0.000212309 0.00363035 0.0125147 -0.000737254 0.0027632 -0.00106825 0.00124649 0.00927614
internal_weight=551860 461388 90472 155216 306172 81500 8382 3758 73716 127206 178966 63229 33824 56648 26361 22656 2583 45967 73118 10603 2874 30649 2083 32936 57907 1964 20573 15801 23750 82420 1062 494 28207 30287 18424 69299 13031 9120 3911 1037 4624 6358 80647 40378 9208 1773 759 65027 708 4272 646 62515 35468 1954 63073 37116 4461 511 32655 2821 29834 5347 746
internal_count=551860 461388 90472 155216 306172 81500 8382 3758 73716 127206 178966 63229 33824 56648 26361 22656 2583 45967 73118 10603 2874 30649 2083 32936 57907 1964 20573 15801 23750 82420 1062 494 28207 30287 18424 69299 13031 9120 3911 1037 4624 6358 80647 40378 9208 1773 759 65027 708 4272 646 62515 35468 1954 63073 37116 4461 511 32655 2821 29834 5347 746
is_linear=0
shrinkage=0.05


Tree=23
num_leaves=64
num_cat=0
split_feature=41 25 37 30 31 7 40 44 28 18 20 41 11 0 12 37 31 19 13 37 31 23 23 42 40 29 30 23 40 13 32 17 21 30 28 7 41 12 9 37 13 17 19 22 34 26 18 32 34 26 7 28 11 11 27 38 27 18 13 13 0 36 32
split_gain=247.408 132.799 66.8983 61.0932 53.0396 48.4004 40.9049 35.316 34.0057 31.6824 28.8268 28.6258 26.7842 26.0874 45.4196 35.6794 30.245 23.91 26.0733 24.5902 21.2796 32.4589 20.0799 19.4715 33.1308 20.2992 18.5311 24.6514 18.1908 29.7602 28.3059 28.3508 19.8155 17.9295 17.9124 17.7448 20.1561 17.5958 17.5047 17.2803 29.228 29.647 18.3687 16.9651 16.733 28.8161 16.3813 16.1238 15.9657 15.8974 15.8124 15.6219 15.3382 15.001 14.9573 14.763 14.7505 14.0591 14.0162 21.912 19.8768 18.4155 14.2094
threshold=2349.2500000000005 980.35000000000002 57.500000000000007 277.50000000000006 11.513202473814575 55.802083333333343 983.35000000000002 426.75000000000006 13.870000000000003 20.350000000000005 -0.14780378300014829 5067.0000000000009 -0.9159756150367534 51.050000000000004 -0.12940952255126037 18.500000000000004 -6.1519519251641013 -0.13917310096006566 4.5000000000000009 16.500000000000004 7.0157570040447839 29.650000000000002 6.9500000000000011 -12.349999999999996 989.05000000000007 1.5529595795226168 556.50000000000011 35.45000000000001 978.05000000000007 1.5000000000000002 2.6886405146528638 3.8092634938953447 252.50000000000003 10.500000000000002 10.600000000000001 170.00208333333339 225.25000000000003 0.60355339059327384 37.250000000000007 45.500000000000007 1.5000000000000002 6.3183463076968769 -0.29237170472273694 79.500000000000014 0.82409480842201688 2515.0000000000005 13.050000000000002 -16.278697562079149 0.46173103126271881 171.75000000000003 401.09915178571435 0.69500000000000006 0.12940952255126045 -0.37940952255126065 47.550000000000004 35.050000000000004 53.550000000000004 15.15 1.0000000180025095e-35 3.5000000000000004 15.050000000000002 1702.5000000000002 -19.162810450089236
decision_type=2 2 2 2 2 8 2 2 2 2 2 2 2 2 2 2 2 2 2 2 2 2 2 2 2 2 2 2 2 2 2 2 2 2 2 8 2 2 8 2 2 2 2 2 2 2 2 2 2 2 10 2 2 2 8 2 10 2 2 2 2 2 2
left_child=1 3 4 9 6 34 13 12 -5 39 -8 28 -7 14 26 -15 51 23 19 -19 21 33 -13 24 -14 56 -2 55 -4 30 -30 -32 -33 58 -3 -20 43 -10 -24 40 41 -1 -43 -37 -21 -46 -44 -29 -41 -50 -22 54 -47 -11 -16 -28 -26 -38 61 60 -60 62 -12
right_child=2 5 11 8 -6 7 10 -9 37 53 20 22 17 15 16 -17 -18 18 35 44 50 -23 38 -25 25 -27 27 47 29 -31 31 32 -34 -35 -36 36 57 -39 -40 48 -42 42 46 -45 45 52 -48 -49 49 -51 -52 -53 -54 -55 -56 -57 -58 -59 59 -61 -62 -63 -64
leaf_value=0.52506700363144965 -0.19507719602108289 -0.085201517350084008 -0.43119581098320431 -1.5371781311510073 -0.58295854724742246 0.10825890671417107 -0.48450556956332913 0.12377597634632841 3.2231996157324652 -0.32707693093591056 4.1077663523820984 4.2669788349745152 1.8531762684693189 0.53945533404252843 0.73693006061324984 -0.67639815534491354 -0.065510461304625164 4.390227853409761 0.75959181719135682 0.022764233946366941 -0.14909336945152193 -0.068911687069045033 -0.15406228454433443 1.5393333522716057 4.5847165780827615 1.2953188265311253 -0.037308869495652285 0.72576289685116446 -0.11834061721136924 -0.41761638103986987 0.1818110863370733 0.44779451542584792 1.1692588519072282 0.11928805690636138 0.76094856451514614 3.591143796081758 11.065412096165284 9.7643018589946067 -0.7118326804658156 -0.49733835527755021 -0.34650432766345096 7.518640215150767 3.4889787419806688 14.787640357930366 0.24507847416160622 1.1618981358516722 0.56615282810968048 -0.16806974189130147 0.64543136473135654 -0.22929395549036405 14.645225949235538 0.24971283767876684 2.1765217305899163 0.37733597028488863 0.29250300108653315 3.1464454377162028 9.8699846381025687 0.16309785054802126 0.89076982069612376 1.3745575313790639 0.25458612262123981 20.197706399346675 2.3717061306820435
leaf_weight=1562 26179 30040 38078 339 63141 8947 9017 18532 328 3236 76 69 3514 3048 1496 31990 4001 96 3396 14224 10290 7949 12131 27667 1220 519 52 278 6302 24608 1653 756 764 3557 3084 290 848 572 87800 32870 5101 220 85 412 2589 445 321 794 1329 29822 204 2242 1089 8254 1200 123 211 806 116 6301 4429 48 1200
leaf_count=1562 26179 30040 38078 339 63141 8947 9017 18532 328 3236 76 69 3514 3048 1496 31990 4001 96 3396 14224 10290 7949 12131 27667 1220 519 52 278 6302 24608 1653 756 764 3557 3084 290 848 572 87800 32870 5101 220 85 412 2589 445 321 794 1329 29822 204 2242 1089 8254 1200 123 211 806 116 6301 4429 48 1200
internal_value=-0.000923514 0.000469925 -0.00172785 -0.00104886 -0.0010474 0.00155225 -0.000406232 0.00218531 0.00997175 -0.00121377 0.00080846 -0.00243031 0.00272486 -0.00114092 -0.000202806 -0.00211456 0.00289238 0.00312197 0.00192705 0.00101041 0.00147205 0.00230275 -0.002978 0.0039946 0.00672218 0.0119487 -0.00121163 0.00474338 -0.00167133 -0.000832234 0.00154881 0.00540025 0.0103289 0.00361893 -6.85316e-05 0.00486613 0.00820034 0.0150556 -0.00299662 -0.00160637 0.000700369 0.00553473 0.0147284 0.0152991 0.000878344 0.003683 0.00842364 0.00190298 -0.001869 -0.00105791 -0.000402136 0.00551033 0.00911343 0.0012228 0.00807492 0.0221429 0.015021 0.00518742 0.00453163 0.00393878 0.00129263 0.00938822 0.00824451
internal_weight=551860 201968 349892 84039 177731 117929 114590 84805 1239 82800 43187 172161 66273 71403 36365 35038 8939 57326 24195 18443 34170 23676 100000 33131 5464 1950 27426 1247 72161 34083 9475 3173 1520 15727 33124 5752 2356 900 99931 71310 7289 2188 626 702 18347 4123 406 1072 64021 31151 10494 4938 1534 11490 2696 175 1431 1654 12170 10846 4545 1324 1276
internal_count=551860 201968 349892 84039 177731 117929 114590 84805 1239 82800 43187 172161 66273 71403 36365 35038 8939 57326 24195 18443 34170 23676 100000 33131 5464 1950 27426 1247 72161 34083 9475 3173 1520 15727 33124 5752 2356 900 99931 71310 7289 2188 626 702 18347 4123 406 1072 64021 31151 10494 4938 1534 11490 2696 175 1431 1654 12170 10846 4545 1324 1276
is_linear=0
shrinkage=0.05


Tree=24
num_leaves=64
num_cat=0
split_feature=14 41 14 43 11 8 42 38 30 14 25 3 0 37 26 38 40 35 40 25 40 23 18 8 9 32 21 13 42 14 8 8 16 14 40 5 19 25 26 23 35 13 14 17 23 33 7 11 13 14 0 34 5 0 28 14 15 37 40 16 40 16 13
split_gain=238.45 147.586 103.755 56.9463 62.8057 50.0379 43.6635 37.3358 33.64 31.6585 30.6144 29.4857 30.6613 29.1689 40.0913 28.2857 26.6416 26.5378 38.5516 22.7247 25.1338 21.7051 20.6946 19.1679 18.8374 18.8003 18.176 17.6917 17.5177 17.3571 17.0497 16.8619 16.8422 16.7744 18.7132 17.1129 21.3789 24.8067 16.1309 28.0087 31.1557 23.023 15.7835 15.7368 19.1411 25.1265 15.4737 15.3264 14.929 20.3318 15.792 14.7515 14.2376 14.0841 13.9166 25.8928 38.5986 17.4167 15.2587 13.5009 17.5386 13.4369 13.2286
threshold=9.5000000000000018 3571.2500000000005 5.5000000000000009 1.0000000180025095e-35 -0.37940952255126065 -8.6600000000000019 -16.149999999999995 31.050000000000004 1119.5000000000002 1.5000000000000002 985.85000000000002 38.050000000000004 33.925000000000004 50.500000000000007 1209.2500000000002 36.750000000000007 989.55000000000007 0.64942331933852337 986.35000000000002 988.95000000000016 989.6500000000002 18.050000000000004 20.650000000000002 -40.459999999999987 51.550000000000004 -17.572445907063187 136.25000000000003 1.0000000180025095e-35 -1.8999999999999995 10.500000000000002 1.8000000000000027 -24.554999999999996 -19.486161933220952 1.5000000000000002 988.55000000000007 49.025000000000006 0.93038214053199464 978.95000000000016 7917.5000000000009 26.650000000000002 -0.026175951569892126 1.0000000180025095e-35 11.500000000000002 -10.148956936069814 15.050000000000002 9.9500000000000011 17.504714912280708 0.12940952255126045 4.5000000000000009 4.5000000000000009 136.25000000000003 0.62249093318774806 108.05000000000001 499.50000000000006 10.415000000000001 4.5000000000000009 1.0000000180025095e-35 56.500000000000007 988.45000000000016 14.488725739337445 987.35000000000002 -2.2313371151098864 5.5000000000000009
decision_type=2 2 2 2 2 10 2 2 2 2 2 10 2 2 2 2 2 2 2 2 2 2 2 8 8 2 2 2 2 2 10 8 2 2 2 8 2 2 2 2 2 2 2 2 2 2 10 2 2 2 2 2 10 2 2 2 2 2 2 2 2 2 2
left_child=1 2 3 4 -1 7 16 9 11 -3 27 61 26 14 30 28 -2 31 43 -20 21 -21 -22 -9 38 -25 -13 59 -7 -23 -4 52 -14 34 -34 36 -35 -38 -15 40 41 46 53 -19 -45 -46 -40 -48 -5 50 -50 -29 -12 -31 62 58 57 -57 -56 -8 -61 -6 -37
right_child=6 5 13 48 8 15 10 23 -10 -11 17 12 32 24 -16 -17 -18 18 19 20 22 29 -24 25 -26 -27 -28 51 -30 42 -32 -33 33 35 -36 54 37 -39 39 -41 -42 -43 -44 44 45 -47 47 -49 49 -51 -52 -53 -54 -55 55 56 -58 -59 -60 60 -62 -63 -64
leaf_value=-0.1904421662662471 3.2665622286807081 0.99883758331258599 1.2673730304513813 -0.46690885750194905 -0.14409113919207045 -0.33898196469242514 1.0851753525342456 0.37699725755576169 7.6659184820101123 -0.4831814792681286 3.9233550144246827 3.3740422818942584 -0.30854319960838494 -0.17340507957278617 -0.097648641670381078 -0.14091894943095887 5.2142296787413578 1.5042193849175289 0.65452908124603615 2.4530406372378524 1.6333277878474892 -1.3736909571061025 5.1485541070247409 0.7670939074382539 -0.38761087464037414 -0.082356763909147548 1.2831846615567697 -0.42399699523247514 -0.67385715269116542 19.87757058331194 0.21107747751713776 0.43916644528790966 1.6646108102284345 1.0700248954111922 4.86651807332305 0.2175475759974749 0.3072840906963768 3.9688264955310624 0.76401382592311018 -0.21835353978060096 -0.061170594060000388 0.46429433336933379 5.3452152125313876 -0.47194169244165435 8.9266472349162349 22.140139117936254 0.61254877402959707 2.0826701314322258 0.7786008431452407 -0.79175840331135694 -0.44391583530502943 1.1155115380464966 1.8303165751943791 3.7499651301922534 0.26197947980228992 -0.25051130719252923 12.247291161942606 2.2037323849789057 2.6391450121920421 0.95484767874280763 5.8425809482292603 0.49428142515505535 1.4959204711532128
leaf_weight=22246 1004 3435 1088 26984 8396 38931 2961 5398 361 52379 1554 242 2555 18422 3369 22032 482 371 5322 674 5514 134 756 720 77615 35790 2114 12938 114464 449 524 16728 1627 2712 1997 11755 414 547 255 3649 1349 1194 427 176 550 530 85 269 5204 2677 2522 3315 4928 67 2662 402 229 391 407 141 109 13038 2280
leaf_count=22246 1004 3435 1088 26984 8396 38931 2961 5398 361 52379 1554 242 2555 18422 3369 22032 482 371 5322 674 5514 134 756 720 77615 35790 2114 12938 114464 449 524 16728 1627 2712 1997 11755 414 547 255 3649 1349 1194 427 176 550 530 85 269 5204 2677 2522 3315 4928 67 2662 402 229 391 407 141 109 13038 2280
internal_value=-0.000917535 -0.00127758 -0.000312437 0.000755086 0.00155529 -0.00205344 0.0020827 -0.00114672 0.00250446 -0.00199359 0.00186455 0.00239839 0.00340146 -0.001419 0.00231781 -0.00255853 0.0105451 0.00268727 0.00432866 0.00344263 0.00512342 0.0104198 0.00364434 -1.8852e-05 -0.00159999 -0.00043002 0.00887946 0.000250718 -0.00279915 0.0148236 0.00880273 0.00162861 0.00294017 0.00332907 0.00647903 0.0028054 0.0059175 0.0123257 -0.000412918 0.00166814 0.00512056 0.00942041 0.0172163 0.011595 0.0142675 0.0167593 0.0173317 0.024096 -0.000836789 0.000772372 0.00207352 -0.000419308 0.00379358 0.0231008 0.00217478 0.00474089 0.011634 0.00641236 0.00244542 0.00364217 0.0148 0.000978818 0.00142679
internal_weight=551860 492730 219581 111762 74375 273149 59130 97722 52129 55814 57644 51768 30334 107819 4981 175427 1486 38180 14970 13343 8021 1751 6270 41908 102838 36510 2356 19464 153395 1077 1612 23210 27978 25423 3624 21799 3673 961 25223 6801 3152 1803 943 1627 1256 1080 609 354 37387 10403 7726 16253 6482 516 18126 4091 1022 793 3069 3211 250 21434 14035
internal_count=551860 492730 219581 111762 74375 273149 59130 97722 52129 55814 57644 51768 30334 107819 4981 175427 1486 38180 14970 13343 8021 1751 6270 41908 102838 36510 2356 19464 153395 1077 1612 23210 27978 25423 3624 21799 3673 961 25223 6801 3152 1803 943 1627 1256 1080 609 354 37387 10403 7726 16253 6482 516 18126 4091 1022 793 3069 3211 250 21434 14035
is_linear=0
shrinkage=0.05


Tree=25
num_leaves=64
num_cat=0
split_feature=14 44 5 16 42 8 37 25 28 15 28 23 43 21 40 0 8 33 13 25 31 8 6 23 43 31 29 15 14 45 43 0 1 8 18 0 8 29 8 13 31 19 23 40 9 13 16 13 20 18 31 25 34 14 20 3 7 17 35 40 1 5 16
split_gain=212.534 136.765 115.539 51.4334 38.187 37.1536 30.1275 27.1097 25.6772 99.5454 53.6744 31.4772 33.3897 25.8066 23.8825 23.6891 25.9009 23.5081 21.7923 21.1238 21.6535 20.4797 19.4977 19.3101 21.3065 25.8532 18.4316 17.6115 47.8147 32.1476 19.44 17.8 18.8761 17.5718 19.3747 17.3687 23.3629 16.9167 16.6594 16.2843 18.9351 17.3076 21.1546 16.2308 16.0026 15.9705 15.8724 15.3818 14.8804 15.5372 14.8629 19.9048 15.4503 14.5682 14.4661 17.8844 14.3451 13.8188 13.7809 21.5236 13.7411 13.7276 14.9293
threshold=9.5000000000000018 2788.7500000000005 51.550000000000004 -1.9769833988162959 -16.149999999999995 -8.6600000000000019 23.500000000000004 985.85000000000002 4.285000000000001 1.0000000180025095e-35 4.3050000000000006 18.850000000000005 -31.249999999999996 1727.5000000000002 988.95000000000016 40.525000000000006 -107.64999999999999 18.150000000000002 3.5000000000000004 982.1500000000002 6.6435127057504939 -3.2849999999999988 41.21666666666669 26.250000000000004 -37.499999999999993 5.0525196682365952 588.55950882235913 1.0000000180025095e-35 11.500000000000002 1.5000000000000002 21.250000000000004 342.25000000000006 191.25000000000003 23.025000000000009 2.2500000000000004 12.65 -61.949999999999982 10.189969437249772 -61.949999999999982 1.0000000180025095e-35 8.6529980180784527 -0.52991926423320479 25.750000000000004 982.35000000000002 145.25000000000003 1.0000000180025095e-35 7.6856614465620021 3.5000000000000004 0.1218693434051476 21.550000000000004 7.9784720762880488 981.25000000000011 -0.99992384757819552 1.5000000000000002 0.90992662233962551 483.50000000000006 147.3325757575758 -6.2547847104025864 0.86159635224327547 975.05000000000007 37.025000000000006 114.25000000000001 2.4164643127835048
decision_type=2 2 10 2 2 10 2 2 2 2 2 2 2 2 2 2 8 2 2 2 2 10 8 2 2 2 2 2 2 2 2 2 8 10 2 2 8 2 10 2 2 2 2 2 8 2 2 2 2 2 2 2 2 2 2 10 10 2 2 2 10 8 2
left_child=1 2 5 6 14 -1 43 45 11 10 37 12 -5 22 -2 16 -8 18 39 -12 46 35 26 24 25 -7 -11 30 29 31 38 32 -29 34 -13 36 -3 -10 -20 40 41 42 48 -4 -45 -6 -21 -36 -9 -50 51 -49 -53 61 -41 -56 -48 -44 -55 -60 -38 62 -37
right_child=4 21 3 8 7 23 15 17 9 13 19 33 -14 -15 -16 -17 -18 -19 27 20 -22 -23 -24 -25 -26 -27 -28 28 -30 -31 -32 -33 -34 -35 47 53 60 -39 -40 54 -42 -43 57 44 -46 -47 56 50 49 -51 -52 52 -54 58 55 -57 -58 -59 59 -61 -62 -63 -64
leaf_value=-0.085429405377105694 2.8945391332033559 4.1707968223170964 0.36924523851054442 1.9187380033893211 1.3507661497895134 0.337016116210544 1.4709457761150282 13.081331464972131 3.5034637375600184 14.031976120647668 -0.089444962520454752 1.9882149727029192 0.3810035471866271 1.4951151710111938 4.9494156408682803 -0.42867221215527512 0.072043159772195706 0.11519180672138499 6.47617718384297 -0.16563216735700559 -0.36655656605440717 -0.66878141207456732 9.5568036574115052 -0.39633731420245211 -0.40154799868699942 -0.57775524185614824 6.5752999788972692 15.399558146112534 -0.44691966015576362 -3.0712076308874074 0.53045517058449787 6.1582928171660134 21.311103589542927 -0.72222320627844738 -0.12771725453691696 -0.63312983878934581 -0.053152803692347851 1.7861269535104327 2.9635920880862483 0.15037487881256725 -2.1118469839183702 1.8233203964765221 1.2978141581117171 2.3701682310133476 0.51044270399338953 -0.14944936327064498 1.5075264928945762 0.006313319549874935 1.7627835314794369 6.7139098551176106 -0.11986210635380704 3.3725003173125652 0.82783034375299092 -0.47069379285911223 2.1694675850791048 19.566945402970692 10.118439214484207 19.848173228841254 0.65553224946317123 -0.21740219786758239 0.81860088078090587 0.062707638124320605 4.071157832395583
leaf_weight=76747 903 186 2357 7261 3211 9472 727 202 122 161 6665 420 10081 202 583 41976 13092 8380 2583 695 1498 83714 447 111277 15389 5037 317 327 523 140 3543 123 239 6759 14149 122 4394 256 5556 10524 665 1288 107 660 519 16253 3177 3843 1192 289 5378 33 5301 55521 2065 275 37 159 596 2409 350 1174 209
leaf_count=76747 903 186 2357 7261 3211 9472 727 202 122 161 6665 420 10081 202 583 41976 13092 8380 2583 695 1498 83714 447 111277 15389 5037 317 327 523 140 3543 123 239 6759 14149 122 4394 256 5556 10524 665 1288 107 660 519 16253 3177 3843 1192 289 5378 33 5301 55521 2065 275 37 159 596 2409 350 1174 209
internal_value=-0.000907931 -0.00124784 -0.000700253 0.00050411 0.00192457 -0.00139734 -0.000567243 0.00172056 0.00145564 0.00339655 0.00210843 0.000960544 0.00270961 0.0176264 0.00983849 -0.000850884 0.000944713 0.00249476 0.00315268 0.0015275 0.00384964 -0.00251505 0.0211622 -0.0018787 -0.000750553 0.000624094 0.0141423 0.0046862 0.0100888 0.0175573 0.00406095 0.0219956 0.025742 0.000115234 0.000648261 -0.00184888 0.00100406 0.0206614 0.00540668 0.00196051 0.00478985 0.00636855 0.00934069 0.00390837 0.00869805 0.00020191 0.00580839 0.000492265 0.00726976 0.00553342 0.00163346 0.0028566 0.00483314 -0.00208317 0.0011023 0.00465812 0.00728998 0.0224436 -0.00220808 0.00108985 0.000322511 0.00277409 0.0117674
internal_weight=551860 492730 344055 126133 59130 217922 59331 57644 66802 13577 12450 53225 17342 1127 1486 55795 13819 38180 29800 12072 5407 148675 925 141175 29898 14509 478 13034 1352 829 11682 689 566 35883 29124 64961 4930 378 8139 16766 3902 3237 1949 3536 1179 19464 3909 28704 1683 1481 14555 9177 5334 60031 12864 2340 3214 266 58526 3005 4744 1505 331
internal_count=551860 492730 344055 126133 59130 217922 59331 57644 66802 13577 12450 53225 17342 1127 1486 55795 13819 38180 29800 12072 5407 148675 925 141175 29898 14509 478 13034 1352 829 11682 689 566 35883 29124 64961 4930 378 8139 16766 3902 3237 1949 3536 1179 19464 3909 28704 1683 1481 14555 9177 5334 60031 12864 2340 3214 266 58526 3005 4744 1505 331
is_linear=0
shrinkage=0.05


Tree=26
num_leaves=64
num_cat=0
split_feature=36 8 2 25 44 33 37 21 5 23 37 8 28 29 16 27 36 11 29 23 32 17 43 0 25 17 38 27 9 23 41 38 42 31 5 8 14 19 13 38 18 14 21 32 8 22 44 23 8 15 11 28 13 14 17 17 31 23 41 41 22 31 22
split_gain=196.081 104.778 49.1781 48.307 40.7172 38.2091 37.6241 25.4044 23.7202 21.8669 20.5258 21.2434 19.9653 19.7981 18.918 18.8703 17.662 16.5191 16.2953 16.2467 17.4705 15.7701 17.5448 15.4239 14.3007 14.2245 14.2167 15.1133 14.8167 13.6739 13.6082 12.6627 12.5031 12.3463 15.6003 13.8359 12.3105 18.3201 20.0178 24.7634 12.2751 15.587 12.223 19.0892 12.1548 12.1428 11.8421 11.5373 11.4219 11.1713 11.0995 10.9774 11.3914 14.3147 10.9765 10.85 10.786 10.781 10.5577 10.4789 11.0569 10.3619 10.8812
threshold=67.500000000000014 -10.199999999999996 64.725000000000009 980.95000000000016 2944.7500000000005 15.050000000000002 61.500000000000007 937.50000000000011 38.95000000000001 21.750000000000004 24.500000000000004 5.3000000000000087 15.320000000000002 793.30659529399907 21.370742033444913 20.950000000000003 1302.5000000000002 0.37940952255126054 1467.9829014235963 25.550000000000004 -12.470040687658257 16.178045648204556 -125.62499999999999 12.65 986.35000000000002 0.21288692988525523 35.750000000000007 22.050000000000004 185.25000000000003 6.9500000000000011 3927.7500000000005 34.050000000000004 -1.5999999999999985 -4.3018339399513215 485.25000000000006 70.050000000000011 10.500000000000002 0.99140711019144634 1.0000000180025095e-35 27.250000000000004 31.050000000000004 11.500000000000002 397.50000000000006 -1.8468395289662538 -46.289999999999992 60.500000000000007 3023.7500000000005 9.4500000000000011 -72.97499999999998 1.0000000180025095e-35 -0.9159756150367534 8.9100000000000019 1.5000000000000002 4.5000000000000009 7.1045690058709052 -14.827964178666001 -1.3604930501634909 33.350000000000001 3740.5000000000005 64016.750000000007 24.500000000000004 -6.1519519251641013 35.500000000000007
decision_type=2 10 8 2 2 2 2 2 10 2 2 10 2 2 2 10 2 2 2 2 2 2 2 2 2 2 2 8 8 2 2 2 2 2 10 10 2 2 2 2 2 2 2 2 8 2 2 2 8 2 2 2 2 2 2 2 2 2 2 2 2 2 2
left_child=2 4 8 10 6 9 7 26 56 16 51 46 36 14 33 29 25 -14 21 20 -8 47 -23 44 -19 61 27 -2 32 -6 -7 -25 -28 35 48 54 -11 38 39 58 -16 -42 -22 -44 -17 -31 -12 -10 -35 -39 -29 -3 53 -53 -4 -40 -1 -34 -38 60 -55 -5 -63
right_child=1 3 13 5 15 30 19 -9 18 12 11 -13 17 -15 40 23 -18 24 -20 -21 42 22 -24 31 -26 -27 28 50 -30 45 -32 -33 57 34 -36 -37 37 49 55 -41 41 -43 43 -45 -46 -47 -48 -49 -50 -51 -52 52 -54 59 -56 -57 -58 -59 -60 -61 -62 62 -64
leaf_value=0.029930814679978331 0.72597982133950234 -0.36874265670172041 2.615171441345399 1.1961332117717889 5.9258566149740117 -0.27143949500753406 -0.51946149167936284 -0.060874962317322416 7.4840330414146869 -0.2306212154999929 -0.24271516264100695 -0.67514870830191409 0.009484289178032998 5.6622262195666053 1.9058839556936065 3.2958089139087372 8.1438293514463087 1.4172453507759366 6.7596287232843792 -0.18348143181415466 0.38046356786517344 3.1062887004272239 -0.16178717198178999 -0.69891633388646635 -0.62244476359285983 -0.85262411322944276 0.6312814786425881 -0.11957454368376291 0.17453692063829451 0.22696018555117403 -0.64001023115532196 -0.077948149884682488 2.2722127091222806 2.7682104658918072 8.1274261181595673 -1.1144416262779016 12.556337251443084 -1.0041175861053684 4.5565754080631136 18.262768523572745 4.1406550627879648 10.409095102164073 0.32951931701839804 1.4651152573234385 0.083987717926968297 -0.25721365402311636 -0.50711079159517103 0.19120124964878155 0.51383484576238991 19.554977425348753 0.39798750467701316 -0.51115246770101341 -0.072243511702478488 0.61377781327618908 0.042878144243481846 -0.21614849875798603 -0.43503443944438597 0.408847494874094 -3.1997114392915491 1.2296968015851988 1.444560958581643 2.366430318068669 0.49770906239150681
leaf_weight=8071 2178 9838 8636 1088 53 19885 4722 18419 85 44056 55177 82110 3170 122 2056 214 70 1695 354 44093 9308 366 297 24866 362 1931 429 5570 681 8236 38593 6727 208 3394 873 1186 116 30 56 95 363 155 1387 880 1173 9413 22770 19833 29592 74 27896 433 4382 545 1507 3551 12346 132 207 195 265 521 4824
leaf_count=8071 2178 9838 8636 1088 53 19885 4722 18419 85 44056 55177 82110 3170 122 2056 214 70 1695 354 44093 9308 366 297 24866 362 1931 429 5570 681 8236 38593 6727 208 3394 873 1186 116 30 56 95 363 155 1387 880 1173 9413 22770 19833 29592 74 27896 433 4382 545 1507 3551 12346 132 207 195 265 521 4824
internal_value=-0.000893978 -0.00130791 0.00125196 -0.00187237 -0.000304801 -0.00110053 0.000212116 0.00115171 -1.11252e-05 -0.000234131 -0.00240091 -0.00256993 -0.00060773 0.00234274 0.00229136 -0.00148692 0.00213185 0.00232734 0.00117148 -0.000651599 0.000697366 0.000988532 0.00857466 -0.00219375 0.00581672 0.00192252 0.00190543 0.001708 0.00675862 -0.000170038 -0.00201683 -0.00242032 0.011515 0.00205386 0.0015758 0.00348265 -0.000926119 0.00168443 0.00114907 0.0115072 0.00646076 0.0133398 0.00174298 0.00503529 0.00296683 -0.000246191 -0.00197872 0.000736016 0.0014012 0.0224038 0.00144535 -0.00067314 0.00104811 0.0049096 0.00408015 -5.12904e-05 -0.00122374 0.0186765 0.00490712 0.00818408 0.00567901 0.00305223 0.00214687
internal_weight=551860 462624 89236 296039 166585 120324 115903 55513 41352 61846 175715 160057 53412 47884 47762 50682 8434 5227 20935 60390 16297 20581 663 32980 2057 8364 37094 35644 1450 17702 58478 31593 769 45188 33859 11329 48185 4129 4025 418 2574 518 11575 2267 1387 17649 77947 19918 32986 104 33466 15658 5820 1438 10143 3607 20417 340 323 1005 810 6433 5345
internal_count=551860 462624 89236 296039 166585 120324 115903 55513 41352 61846 175715 160057 53412 47884 47762 50682 8434 5227 20935 60390 16297 20581 663 32980 2057 8364 37094 35644 1450 17702 58478 31593 769 45188 33859 11329 48185 4129 4025 418 2574 518 11575 2267 1387 17649 77947 19918 32986 104 33466 15658 5820 1438 10143 3607 20417 340 323 1005 810 6433 5345
is_linear=0
shrinkage=0.05


Tree=27
num_leaves=64
num_cat=0
split_feature=5 44 43 5 25 8 38 19 42 32 0 22 0 36 16 41 13 15 9 3 23 31 23 44 23 0 35 2 33 8 28 22 23 13 5 43 8 10 28 9 6 41 14 8 16 41 22 32 16 38 14 33 33 28 26 22 27 22 0 31 13 28 0
split_gain=180.436 88.3682 71.8928 65.9688 43.5586 31.5714 27.4427 24.7265 24.4076 23.812 22.7891 20.9868 20.1158 20.4274 19.1122 19.0482 19.0407 19.051 18.7343 17.5434 17.0023 16.3128 22.1309 15.9682 15.9395 15.7681 21.0109 18.2434 15.5113 17.9838 17.6801 33.7269 14.5813 13.8482 12.8309 12.6531 12.098 14.9111 11.9866 11.9649 11.9308 12.601 11.8004 11.7482 11.723 13.2736 12.3932 11.7511 12.0314 12.5476 11.6339 17.2022 11.5215 11.6662 12.0092 11.4429 11.3241 11.0931 10.9244 10.7734 10.7051 11.4453 10.544
threshold=102.05000000000001 2788.7500000000005 31.250000000000004 36.050000000000004 976.35000000000002 -4.7000000000000011 36.750000000000007 0.64942331933852349 -5.1999999999999966 -5.0348058062929999 36.050000000000004 44.500000000000007 42.525000000000006 1157.5000000000002 -7.6971695474311286 4369.0000000000009 4.5000000000000009 1.0000000180025095e-35 17.950000000000003 101.05000000000001 30.150000000000002 10.513351785336392 25.650000000000002 4480.2500000000009 21.750000000000004 126.25000000000001 -0.39873388578253688 174.25000000000003 21.450000000000003 2.8000000000000003 9.2800000000000011 30.500000000000004 19.250000000000004 4.5000000000000009 167.25000000000003 -67.499999999999986 -41.874999999999986 13.425000000000002 1.2650000000000003 28.050000000000004 56.031666666666688 2927.0000000000005 3.5000000000000004 -4.4999999999999982 17.014476433719839 22322.500000000004 13.500000000000002 -1.8468395289662538 9.6908770710553309 38.550000000000004 9.5000000000000018 24.150000000000002 14.65 1.4650000000000001 756.25000000000011 6.5000000000000009 40.95000000000001 38.500000000000007 85.02500000000002 -4.584186983966692 1.5000000000000002 2.5450000000000004 49.550000000000004
decision_type=10 2 2 8 2 10 2 2 2 2 2 2 2 2 2 2 2 2 8 8 2 2 2 2 2 2 2 8 2 10 2 2 2 2 10 2 8 8 2 8 10 2 2 8 2 2 2 2 2 2 2 2 2 2 2 2 8 2 2 2 2 2 2
left_child=1 3 14 21 10 7 18 9 32 42 11 20 -4 23 16 -8 -2 36 -3 52 -5 22 35 -14 25 26 -21 -28 29 30 34 -32 57 -22 -16 40 -18 -38 -11 -9 -1 -42 -6 -24 45 47 -46 48 62 -50 -26 -52 53 -20 -55 -34 -35 -7 -53 -59 61 -40 -17
right_child=2 6 12 4 5 8 15 39 -10 38 -12 -13 13 -15 28 44 17 -19 19 24 33 -23 43 -25 50 -27 27 -29 -30 -31 31 -33 55 56 -36 -37 37 -39 60 -41 41 -43 -44 -45 46 -47 -48 -49 49 -51 51 58 -54 54 -56 -57 -58 59 -60 -61 -62 -63 -64
leaf_value=0.11582506020825273 -0.1729664982141241 0.28327729382602806 0.53336415317775054 2.3309030846546017 -0.19610601139002021 3.2340846129425964 1.3335661630661997 0.63726287659541248 -0.29609836430693609 0.72875379694016329 -0.51961800777987277 -0.11270767187297573 -0.26667043631591597 1.4442466630928674 0.83109188534451806 0.45334634329605683 3.0630279027265228 15.428816781968743 -0.39387696707473768 1.7948413845109656 -0.0011397206890498951 -0.57769591534041886 -0.1411336255496457 -1.5110870492678758 -0.50685935018684247 -1.1388544640360805 -0.39635074051219393 2.4652288939871396 -0.34497966709374894 0.89739494401272679 -0.53687434289754121 7.6507704991985612 0.88310511039430151 0.84040685085527778 3.007683913701614 -0.15491648205884723 7.3161054456335606 -0.20632453910918805 -0.78007476612694537 -0.11817963069771951 3.4207659589860064 -0.58596253007373045 0.56643610684013501 -0.36080548345337876 -0.30321483587123449 -0.2605831455870759 1.0764575397571927 -0.1558987073091754 0.72227091564239931 3.6374750453039137 0.1845007026467643 5.9183746915765667 -0.67692495497251626 0.57458794254702827 -0.064720289142394277 0.0091195173785838853 0.27787464956006785 1.3072305306488177 1.9194915111112136 0.25046272919257578 0.06694216690145631 1.6621345583026514 -0.22104997229610757
leaf_weight=5253 9938 1546 1954 358 11576 470 88 995 46419 16514 29575 21304 20957 2907 10511 759 1009 338 22559 332 1578 19099 31152 8006 17443 1358 948 366 2786 15454 439 758 269 280 12966 7177 227 2222 416 23460 722 247 8763 63216 461 11735 489 1307 83 77 1795 58 74747 469 2355 20143 245 1016 71 2805 7056 1589 645
leaf_count=5253 9938 1546 1954 358 11576 470 88 995 46419 16514 29575 21304 20957 2907 10511 759 1009 338 22559 332 1578 19099 31152 8006 17443 1358 948 366 2786 15454 439 758 269 280 12966 7177 227 2222 416 23460 722 247 8763 63216 461 11735 489 1307 83 77 1795 58 74747 469 2355 20143 245 1016 71 2805 7056 1589 645
internal_value=-0.000879028 -0.00127938 0.00116268 -0.0008234 -0.000245624 0.000213405 -0.00232946 0.000964273 -0.000529514 0.0016483 -0.00146326 -0.000310332 -0.000661366 -0.00096329 0.0022518 -0.000356048 0.000628366 0.00364067 -0.00257834 -0.00264737 0.00406136 -0.0017107 -0.00147202 -0.00136433 -0.00138148 0.00200732 0.00529769 0.00245814 0.00277136 0.00302183 0.00385953 0.00978697 0.000740192 0.00234665 0.00355731 0.000429508 0.00253326 0.000634952 0.00266373 -0.000319977 0.00207972 0.0071775 0.000371453 -0.00174201 -0.000487273 -0.000837328 0.00489474 0.00221003 0.00513427 0.018125 -0.00190711 0.00178274 -0.00293019 -0.00200981 0.00101983 0.000183224 0.00938095 0.00338965 0.0194186 0.00249804 0.0012024 0.00442643 0.00365384
internal_weight=551860 461388 90472 321697 194831 141491 139691 70369 71122 45914 53340 23765 33824 31870 56648 15644 13734 3796 124047 122501 2461 126866 107767 28963 22371 3004 1646 1314 42914 40128 24674 1197 24703 2103 23477 13399 3458 2449 25575 24455 6222 969 20339 94368 15556 14606 950 2871 1564 160 19367 1924 100130 25383 2824 20412 525 4291 129 3821 9061 2005 1404
internal_count=551860 461388 90472 321697 194831 141491 139691 70369 71122 45914 53340 23765 33824 31870 56648 15644 13734 3796 124047 122501 2461 126866 107767 28963 22371 3004 1646 1314 42914 40128 24674 1197 24703 2103 23477 13399 3458 2449 25575 24455 6222 969 20339 94368 15556 14606 950 2871 1564 160 19367 1924 100130 25383 2824 20412 525 4291 129 3821 9061 2005 1404
is_linear=0
shrinkage=0.05


Tree=28
num_leaves=64
num_cat=0
split_feature=41 25 8 37 0 8 11 22 42 13 14 7 9 43 21 38 23 43 14 9 36 34 41 2 14 18 38 15 14 0 3 38 31 16 14 28 12 0 37 4 32 38 16 10 41 40 4 28 8 1 18 14 23 22 43 40 32 11 9 37 38 11 13
split_gain=168.687 91.3614 58.3348 44.9313 59.4933 37.0522 34.5324 32.3169 24.869 22.252 22.0935 21.278 20.2458 19.818 19.8057 21.483 19.7953 26.6674 26.3365 19.1776 18.8674 18.544 18.4117 23.3492 18.0643 20.2018 16.6832 17.5004 16.678 14.2759 14.2689 13.8406 13.7925 17.8932 13.0558 16.9174 12.6849 11.9661 11.9229 15.3798 11.7981 11.6489 11.6096 11.596 11.5349 11.4616 11.0777 10.9412 10.8554 15.0627 12.4104 10.7342 10.64 16.2786 14.045 14.4291 11.3894 10.425 10.1993 10.1653 10.0189 10.1947 17.4801
threshold=2550.7500000000005 980.35000000000002 -4.4999999999999982 43.500000000000007 49.050000000000004 -14.499999999999996 -0.60355339059327362 61.500000000000007 1.0000000180025095e-35 1.0000000180025095e-35 9.5000000000000018 29.189583333333335 181.25000000000003 21.250000000000004 777.50000000000011 29.350000000000005 26.250000000000004 -197.49999999999997 8.5000000000000018 29.450000000000003 837.50000000000011 0.93663652364155514 1244.7500000000002 65.125000000000014 3.5000000000000004 31.050000000000004 35.550000000000004 1.0000000180025095e-35 9.5000000000000018 44.025000000000006 133.25000000000003 27.550000000000004 7.1937514035443417 5.6167587397983363 4.5000000000000009 19.505000000000006 0.37940952255126048 21.050000000000004 19.500000000000004 60.625000000000007 -2.1808523235359125 35.45000000000001 6.99946693304737 38.025000000000006 8186.5000000000009 992.45000000000016 90.02500000000002 191.25000000000003 95.050000000000011 84.02500000000002 34.050000000000004 6.5000000000000009 12.550000000000002 96.500000000000014 -16.249999999999996 990.75000000000011 -3.4594831070752456 -0.60355339059327362 20.050000000000004 95.500000000000014 38.350000000000001 0.25881904510252091 5.5000000000000009
decision_type=2 2 10 2 2 8 2 2 2 2 2 8 10 2 2 2 2 2 2 8 2 2 2 10 2 2 2 2 2 2 10 2 2 2 2 2 2 2 2 8 2 2 2 8 2 2 10 2 10 8 2 2 2 2 2 2 2 2 8 2 2 2 2
left_child=1 3 7 4 6 24 -1 10 30 40 12 -7 14 32 15 -2 17 18 21 -9 26 59 23 43 52 -26 27 -17 41 -14 -4 -23 33 34 -13 -36 -27 51 -28 -40 57 45 -29 -8 -21 -10 60 -32 49 50 -35 -18 54 56 55 -3 -54 -6 -45 -5 61 -16 -63
right_child=2 5 8 16 9 11 22 19 28 -11 -12 13 29 -15 46 20 37 -19 -20 44 -22 31 -24 -25 25 36 38 42 -30 -31 47 -33 -34 48 35 -37 -38 -39 39 -41 -42 -43 -44 58 -46 -47 -48 -49 -50 -51 -52 -53 53 -55 -56 -57 -58 -59 -60 -61 -62 62 -64
leaf_value=-0.16608847617004893 -0.075244151774865653 2.5973397618954897 -0.28256924846683057 0.53959086240903698 -0.3654963558021711 -0.3271248382311992 4.9546737584227989 0.072238323207597696 -0.62860177873056244 -0.65271005683193362 1.3234819540544063 -0.20743974234048493 0.13240309633381761 -0.2134907460538869 -0.2890786031991846 0.29639848295917554 0.40221273895622461 -0.15590571668586684 -0.25348008018341223 -0.26184682130727815 -0.080846070066509318 1.4216321379741548 1.0657710808116432 4.8370249062919131 1.3190213214691566 1.9645180724929228 0.067435937739915505 0.40226135739685137 -0.10738110631061809 -0.60826798464251974 0.16836444661390687 2.9586968670061702 0.017393694067406238 0.35559677592886491 0.77257864060168313 1.8909551701832374 9.8939224933860057 -0.42269925930613 1.6596038399551973 0.54444012235484651 0.31463734591188502 -0.26461488179633313 5.0417477537713626 19.576190543809393 -0.54852783426656304 0.047669961221775636 0.69454521663467794 1.4631284641698199 -1.3250172891184533 2.4745410373119032 1.9811247996782766 -0.14910475642747587 -0.24521571888027904 3.9714511483921564 0.36631480332133953 6.8100685357546871 0.63550392025390734 4.9546146583534156 1.3673823732902493 0.91083501432657266 0.2103561563762727 -0.059804280936411304 0.88773792930439799
leaf_weight=1095 10179 1011 61938 1366 105 10016 729 7607 96844 5484 8150 9740 3958 17889 20781 6351 2139 11150 1202 38653 2764 414 1472 285 20523 80 245 167 6796 17288 5859 82 16158 8919 12526 537 142 49110 274 388 457 14930 234 20 21347 2723 2912 87 1002 8763 157 13527 8109 55 1766 371 5111 342 533 375 4367 3512 744
leaf_count=1095 10179 1011 61938 1366 105 10016 729 7607 96844 5484 8150 9740 3958 17889 20781 6351 2139 11150 1202 38653 2764 414 1472 285 20523 80 245 167 6796 17288 5859 82 16158 8919 12526 537 142 49110 274 388 457 14930 234 20 21347 2723 2912 87 1002 8763 157 13527 8109 55 1766 371 5111 342 533 375 4367 3512 744
internal_value=-0.000867703 0.000235896 -0.00156014 -0.000975504 0.00209466 0.00112207 0.00676826 -0.000823468 -0.00214395 -0.00092987 -0.000158176 0.000550304 -0.000429725 0.000836888 9.37287e-05 0.00130521 -0.00138254 0.000281375 0.00413056 -0.00163349 0.0029008 0.00733795 0.00951135 0.0132833 0.00244054 0.00342131 0.00417874 0.00332346 -0.00257282 -0.0017335 -0.00137765 0.0158669 0.00128698 0.00176808 0.000825987 0.00185907 0.0184234 -0.00175729 0.0105458 0.0140332 0.00633849 -0.00271566 0.0134539 0.0104056 -0.00193333 -0.00291096 -0.000678612 0.00096199 0.00290828 0.00319272 0.00176509 -0.000554067 0.00120167 0.00058192 0.00381512 0.00759045 0.000468985 0.0121141 0.00494575 0.0049081 -0.000969937 -0.0013554 0.000874059
internal_weight=551860 212762 339098 89887 10522 122875 4134 149921 189177 6388 82314 85707 74164 75691 52918 20602 79365 14589 3439 67607 10423 2237 3039 1567 37168 20745 7659 6752 121293 21246 67884 496 57802 41644 22803 13063 222 64776 907 662 904 114497 401 1282 60000 99567 32316 5946 18841 17839 9076 15666 16423 13275 3148 1382 13220 447 553 1741 29404 25037 4256
internal_count=551860 212762 339098 89887 10522 122875 4134 149921 189177 6388 82314 85707 74164 75691 52918 20602 79365 14589 3439 67607 10423 2237 3039 1567 37168 20745 7659 6752 121293 21246 67884 496 57802 41644 22803 13063 222 64776 907 662 904 114497 401 1282 60000 99567 32316 5946 18841 17839 9076 15666 16423 13275 3148 1382 13220 447 553 1741 29404 25037 4256
is_linear=0
shrinkage=0.05


end of trees

feature_importances:
month=130
pm25_delta_24h=103
pm25_lag1=94
dow=91
u=91
pm25_lag48=76
fx_rh=74
temp_c=67
pressure=58
fx_u=58
fx_vent_index=58
fx_d_pblh=56
fx_d_vent_index=56
fx_temp_c=52
hour_sin=51
upwind_fire_frp_24h=49
fx_pressure=48
fx_pblh=42
pm25_roll24=41
upwind_fire_count_regional_48h=41
pm10_lag1=36
upwind_fire_frp_regional_48h=34
wind_dir_sin=33
rh=30
upwind_pm25=30
v=27
fx_v=27
vent_index=26
fx_wind_speed=26
hour_cos=25
fx_d_wind_speed=25
is_holiday=23
wind_speed=23
pblh=23
fx_wind_dir_sin=19
fx_wind_dir_cos=18
pm25_roll6=15
pm25_lag12=11
wind_dir_cos=10
pm25_lag6=9
pm25_lag24=8
pm25_lag3=6
no2_lag1=6
city_code=1

parameters:
[boosting: gbdt]
[objective: quantile]
[metric: quantile]
[tree_learner: serial]
[device_type: cpu]
[data_sample_strategy: bagging]
[data: ]
[valid: ]
[num_iterations: 600]
[learning_rate: 0.05]
[num_leaves: 64]
[num_threads: 10]
[seed: 0]
[deterministic: 0]
[force_col_wise: 0]
[force_row_wise: 0]
[histogram_pool_size: -1]
[max_depth: -1]
[min_data_in_leaf: 20]
[min_sum_hessian_in_leaf: 0.001]
[bagging_fraction: 1]
[pos_bagging_fraction: 1]
[neg_bagging_fraction: 1]
[bagging_freq: 0]
[bagging_seed: 3]
[bagging_by_query: 0]
[feature_fraction: 0.9]
[feature_fraction_bynode: 1]
[feature_fraction_seed: 2]
[extra_trees: 0]
[extra_seed: 6]
[early_stopping_round: 0]
[early_stopping_min_delta: 0]
[first_metric_only: 0]
[max_delta_step: 0]
[lambda_l1: 0]
[lambda_l2: 0]
[linear_lambda: 0]
[min_gain_to_split: 0]
[drop_rate: 0.1]
[max_drop: 50]
[skip_drop: 0.5]
[xgboost_dart_mode: 0]
[uniform_drop: 0]
[drop_seed: 4]
[top_rate: 0.2]
[other_rate: 0.1]
[min_data_per_group: 100]
[max_cat_threshold: 32]
[cat_l2: 10]
[cat_smooth: 10]
[max_cat_to_onehot: 4]
[top_k: 20]
[monotone_constraints: ]
[monotone_constraints_method: basic]
[monotone_penalty: 0]
[feature_contri: ]
[forcedsplits_filename: ]
[refit_decay_rate: 0.9]
[cegb_tradeoff: 1]
[cegb_penalty_split: 0]
[cegb_penalty_feature_lazy: ]
[cegb_penalty_feature_coupled: ]
[path_smooth: 0]
[interaction_constraints: ]
[verbosity: -1]
[saved_feature_importance_type: 0]
[use_quantized_grad: 0]
[num_grad_quant_bins: 4]
[quant_train_renew_leaf: 0]
[stochastic_rounding: 1]
[linear_tree: 0]
[max_bin: 255]
[max_bin_by_feature: ]
[min_data_in_bin: 3]
[bin_construct_sample_cnt: 200000]
[data_random_seed: 1]
[is_enable_sparse: 1]
[enable_bundle: 1]
[use_missing: 1]
[zero_as_missing: 0]
[feature_pre_filter: 1]
[pre_partition: 0]
[two_round: 0]
[header: 0]
[label_column: ]
[weight_column: ]
[group_column: ]
[ignore_column: ]
[categorical_feature: ]
[forcedbins_filename: ]
[precise_float_parser: 0]
[parser_config_file: ]
[objective_seed: 5]
[num_class: 1]
[is_unbalance: 0]
[scale_pos_weight: 1]
[sigmoid: 1]
[boost_from_average: 1]
[reg_sqrt: 0]
[alpha: 0.9]
[fair_c: 1]
[poisson_max_delta_step: 0.7]
[tweedie_variance_power: 1.5]
[lambdarank_truncation_level: 30]
[lambdarank_norm: 1]
[label_gain: ]
[lambdarank_position_bias_regularization: 0]
[eval_at: ]
[multi_error_top_k: 1]
[auc_mu_weights: ]
[num_machines: 1]
[local_listen_port: 12400]
[time_out: 120]
[machine_list_filename: ]
[machines: ]
[gpu_platform_id: -1]
[gpu_device_id: -1]
[gpu_use_dp: 0]
[num_gpu: 1]

end of parameters

pandas_categorical:[]
