tree
version=v4
num_class=1
num_tree_per_iteration=1
label_index=0
max_feature_idx=45
objective=quantile
feature_names=pm25_lag1 pm25_lag3 pm25_lag6 pm25_lag12 pm25_lag24 pm25_lag48 pm25_roll6 pm25_roll24 pm25_delta_24h pm10_lag1 no2_lag1 hour_sin hour_cos dow month is_holiday u v wind_speed wind_dir_sin wind_dir_cos pblh rh temp_c precip pressure vent_index upwind_pm25 upwind_fire_frp_24h upwind_fire_frp_regional_48h upwind_fire_count_regional_48h fx_u fx_v fx_wind_speed fx_wind_dir_sin fx_wind_dir_cos fx_pblh fx_rh fx_temp_c fx_precip fx_pressure fx_vent_index fx_d_wind_speed fx_d_pblh fx_d_vent_index city_code
feature_infos=[0.0050000000000000001:1000] [0.0083300000000000006:1000] [0.0083300000000000006:1000] [0.0050000000000000001:1000] [0.0050000000000000001:1000] [0.0050000000000000001:1000] [0.012500000000000001:1000] [0.012920000000000001:877.6875] [-983.5:966.5] [0.012500000000000001:1500] [0.0025000000000000001:1000] [-1:1] [-1:1] [0:6] [1:12] [0:1] [-41.180747155580143:39.283614867046801] [-38.427450170353957:37.071794067811233] [0:44.399999999999999] [-1:1] [-1:1] [10:5930] [4:100] [3.2999999999999998:44.100000000000001] [0:20.699999999999999] [961.79999999999995:1008.9] [0:171190] [0.01:1000] [0:950.73000000000002] [0:3617.4885889466773] [0:2139] [-39.428124602491515:39.305557242419212] [-40.531751418184861:37.30183297101123] [0:50.100000000000001] [-1:1] [-1:1] [10:5930] [4:100] [3:44.100000000000001] [0:27.399999999999999] [961.29999999999995:1008.5] [0:162960] [-39.700000000000003:40.300000000000004] [-4130:3845] [-153892:94535] [0:2]
tree_sizes=5988 6052 6083 6060 6069 6088 6076 6069 6083 6080 6110 6085 6099 6114 6124 6101 6132 6098 6119 6134 6112 6123 6128 6114 6124 6145 6126 6133 6115 6102 6143 6131 6104 6142 6128 6132 6140 6115 6105 6141 6125 6142 6147 6120 6127 6126 6156 6142 6138 6138 6146 6120 6133 6119 6119 6105 6126 6156 6142 6138 6133 6114 6129 6096 6122 6166 6121 6106 6108 6124 6125 6072 6136 6135 6102 6135 6082 6130 6122 6126 6108 6143 6141 6089 6146 6139 6121 6123 6112 6117 6109 6115 6094 6117 6172 6122

Tree=0
num_leaves=64
num_cat=0
split_feature=44 0 8 0 0 17 0 22 0 41 8 40 39 38 41 13 14 0 0 41 37 0 0 16 36 0 43 38 28 44 23 43 31 41 12 37 30 31 11 23 0 23 37 11 37 14 0 41 31 25 43 37 25 0 0 0 14 34 0 39 31 0 13
split_gain=6845.37 3591.27 2886.29 1241.25 850.362 823.844 698.57 537.571 429.425 404.768 395.229 411.318 327.456 322.451 304.117 298.372 266.259 272.179 240.885 277.626 251.6 222.298 209.88 205.837 193.481 176.181 169.936 150.67 148.549 147.05 147.008 171.028 142.624 132.476 129.377 126.904 124.927 123.036 117.066 116.819 116.138 115.568 113.846 119.998 113.561 121.586 107.499 106.51 106.263 104.373 103.915 102.257 98.8869 96.8698 96.8512 94.1595 93.0167 89.2403 87.1893 86.2338 84.8367 79.9426 78.0645
threshold=1212.2500000000002 31.950000000000006 10.600000000000007 19.950000000000003 63.725000000000009 -3.9851181514787855 17.050000000000004 44.500000000000007 267.25000000000006 4508.2500000000009 51.020000000000003 977.1500000000002 0.25000000000000006 27.350000000000005 1772.0000000000002 3.5000000000000004 8.5000000000000018 208.75000000000003 54.525000000000006 1296.7500000000002 61.500000000000007 64.02500000000002 40.025000000000006 2.7529393244731661 462.50000000000006 41.975000000000009 -28.124999999999996 38.650000000000013 2.0150000000000001 2420.2500000000005 23.750000000000004 -28.124999999999996 12.304149708010485 2508.2500000000005 -0.5 54.500000000000007 37.500000000000007 16.000212575156162 -0.60355339059327362 25.250000000000004 259.25000000000006 26.150000000000002 49.500000000000007 -1.0000000180025095e-35 55.500000000000007 8.5000000000000018 14.050000000000002 2755.7500000000005 8.3156905719503325 975.95000000000016 -927.49999999999989 21.500000000000004 982.55000000000007 11.350000000000003 28.050000000000004 24.950000000000003 6.5000000000000009 0.19080899537654492 267.25000000000006 1.0000000180025095e-35 13.315245147336716 50.550000000000004 3.5000000000000004
decision_type=2 2 10 2 2 2 2 2 2 2 10 2 2 2 2 2 2 2 2 2 2 2 2 2 2 2 2 2 2 2 2 2 2 2 2 2 2 2 2 2 2 2 2 2 2 2 2 2 2 2 2 2 2 2 2 2 2 2 2 2 2 2 2
left_child=2 6 3 46 7 8 53 32 14 -9 11 22 18 39 26 27 29 48 20 40 24 35 -4 47 -7 -14 38 50 55 -6 31 -25 61 41 -31 -17 -34 -26 -5 57 49 -22 43 -21 60 -46 -1 -13 -18 -20 -16 -24 -12 -2 -35 -15 -48 -8 -54 -41 -11 -3 -32
right_child=1 4 10 5 16 12 13 9 -10 44 52 23 25 28 15 21 17 -19 19 42 33 -23 51 30 37 -27 -28 -29 -30 34 62 -33 36 54 -36 -37 -38 -39 -40 59 -42 -43 -44 -45 45 -47 56 -49 -50 -51 -52 -53 58 -55 -56 -57 -58 -59 -60 -61 -62 -63 -64
leaf_value=0.60999999046325692 0.50525000095367434 0.2700000047683716 0.0050000000745058061 0.77500000000000002 -1.4750000000000001 1.1100000381469728 -0.1700000047683716 -0.11499999761581421 -2.8500000000000001 -0.17500000000000002 -2.2049999237060547 0.010000000149011612 -0.060000002384185791 0.10000000000000001 -0.3950000047683716 0.92500000000000004 0.30000000000000004 -6.0500000000000007 -0.43499999046325688 -0.55000000000000004 0.69499998092651372 0.25499999523162842 0.49000000953674316 1.8299999237060547 0.27500000000000002 -1.0149999618530274 0.875 0.65999999046325686 0.40999999046325686 -1.2050000190734864 -0.1350000023841858 0.25 -0.35000000000000003 0.1350000023841858 -2.1899999618530273 0.25 0.20000000000000001 -0.47500000000000003 1.9750000000000001 -0.17500000000000002 -2.2000000000000002 0.15499999523162844 -0.66250000000000009 0.54000000953674321 -0.73499999046325692 -0.20000000000000001 0.72500000000000009 -0.375 -0.98625001907348642 0.86000003814697268 0.17500000000000002 -0.72500000000000009 -0.70000000000000007 0.22500000000000001 -0.125 -0.050000000000000003 0.30999999046325688 0.375 -4.5750000000000002 -0.50500001907348635 -0.57500000000000007 -0.15000000000000002 0.29000000953674315
leaf_weight=22977 7006 7819 6576 8340 14752 11242 1689 11943 3696 5044 5485 14764 6072 15406 2305 10855 3695 5331 1718 3492 4874 5029 860 5599 9484 2966 15780 2443 3463 15445 7627 5190 8643 8245 29925 3156 2122 614 16958 4651 2066 22374 11802 4565 25151 3324 7141 8195 5956 17080 18315 14481 8763 10970 10531 15891 16775 1393 5168 3477 4822 5206 5133
leaf_count=22977 7006 7819 6576 8340 14752 11242 1689 11943 3696 5044 5485 14764 6072 15406 2305 10855 3695 5331 1718 3492 4874 5029 860 5599 9484 2966 15780 2443 3463 15445 7627 5190 8643 8245 29925 3156 2122 614 16958 4651 2066 22374 11802 4565 25151 3324 7141 8195 5956 17080 18315 14481 8763 10970 10531 15891 16775 1393 5168 3477 4822 5206 5133
internal_value=-0.000199235 -0.00721974 0.00421789 0.00694882 -0.0114692 0.00526269 0.00269368 -0.00766801 0.00895202 -0.0105978 -0.00358232 -0.00179576 0.00252615 -0.000574288 0.00969302 0.00670677 -0.0152182 -0.00925444 0.00329064 0.00025477 0.00512588 0.0113393 -0.00744285 0.000865443 0.0096134 -0.00661651 0.0127538 0.00288232 0.0018038 -0.0167044 0.00414986 0.0084461 -0.00147541 0.00304515 -0.0181144 0.014576 -0.00573386 0.00459002 0.0152937 -0.00794826 0.0042825 0.00527195 -0.00397679 0.000605064 -0.0131015 -0.0147032 0.0142841 -0.00250338 -0.00424567 0.0055192 0.00149127 -0.0106463 -0.00987845 0.0110508 -0.000186408 0.000716522 0.0119376 0.000340688 -0.00763944 -0.0110913 -0.00847861 0.00204415 0.000517241
internal_weight=551860 213124 338736 250895 149178 204002 63946 74074 86877 50284 87841 68425 117125 45970 83181 42103 75104 14982 108087 40723 67364 19040 21917 46508 21340 9038 41078 23063 34760 60122 23549 10789 23790 46024 45370 14011 10765 10098 25298 11210 20864 27248 19859 8057 38341 28475 46893 22959 9651 18798 20620 15341 19416 17976 18776 31297 23916 3082 13931 8128 9866 13025 12760
internal_count=551860 213124 338736 250895 149178 204002 63946 74074 86877 50284 87841 68425 117125 45970 83181 42103 75104 14982 108087 40723 67364 19040 21917 46508 21340 9038 41078 23063 34760 60122 23549 10789 23790 46024 45370 14011 10765 10098 25298 11210 20864 27248 19859 8057 38341 28475 46893 22959 9651 18798 20620 15341 19416 17976 18776 31297 23916 3082 13931 8128 9866 13025 12760
is_linear=0
shrinkage=0.05


Tree=1
num_leaves=64
num_cat=0
split_feature=44 0 8 0 0 17 0 22 14 0 41 22 41 0 14 0 39 13 41 31 13 0 25 11 41 0 38 43 0 37 8 30 0 38 14 0 16 37 38 13 39 16 0 40 0 23 13 43 43 39 14 36 38 42 29 33 16 0 31 37 8 42 0
split_gain=6273.94 3640.46 2377.89 997.135 974.228 751.359 468.544 414.027 375.762 355.606 353.757 349.268 407.359 346.691 286.972 333.233 267.393 266.705 265.311 259.263 255.895 243.306 237.589 218.85 202.617 208.878 191.846 187.296 164.943 157.273 152.57 148.99 142.923 142.185 140.376 139.936 132.499 122.92 120.345 114.99 109.499 106.731 101.332 135.368 120.626 100.644 98.9398 97.5397 95.9384 95.9164 94.5869 92.8274 123.057 90.7434 106.195 88.4394 87.8306 86.8964 86.6999 86.3683 85.853 83.7152 83.5785
threshold=790.25000000000011 40.975000000000009 9.6000000000000068 19.050000000000004 19.950000000000003 -3.9851181514787855 80.225000000000009 58.500000000000007 4.5000000000000009 267.25000000000006 4508.2500000000009 44.500000000000007 4437.2500000000009 120.07500000000002 9.5000000000000018 200.25000000000003 0.25000000000000006 3.5000000000000004 1877.5000000000002 12.016680504084826 4.5000000000000009 37.95000000000001 975.05000000000007 -1.0000000180025095e-35 2349.2500000000005 54.525000000000006 27.350000000000005 96.250000000000014 38.025000000000006 53.500000000000007 58.020000000000017 3.5000000000000004 27.950000000000003 38.650000000000013 9.5000000000000018 12.050000000000002 3.9381611903595712 61.500000000000007 37.550000000000004 4.5000000000000009 0.25000000000000006 5.6167587397983363 252.75000000000003 977.1500000000002 41.975000000000009 25.450000000000003 2.5000000000000004 -812.49999999999989 -28.124999999999996 1.0000000180025095e-35 8.5000000000000018 462.50000000000006 30.550000000000004 -5.3499999999999979 15.225815692095539 17.150000000000002 11.166300407983568 12.050000000000002 16.000212575156162 50.500000000000007 -2.5999999999999956 -7.4499999999999993 76.52500000000002
decision_type=2 2 10 2 2 2 2 2 2 2 2 2 2 2 2 2 2 2 2 2 2 2 2 2 2 2 2 2 2 2 10 2 2 2 2 2 2 2 2 2 2 2 2 2 2 2 2 2 2 2 2 2 2 2 2 2 2 2 2 2 10 2 2
left_child=2 3 4 35 45 9 11 19 13 17 49 36 -13 20 27 -16 24 18 56 60 23 -10 -23 61 29 37 50 -8 -18 62 34 53 -28 47 46 -2 55 51 -21 -40 -37 -33 43 44 -31 -1 -24 -20 -25 -9 -12 -26 -53 -19 -55 -3 -6 -47 -52 -27 -5 -4 -7
right_child=1 6 8 7 5 16 14 10 21 -11 26 12 -14 -15 15 -17 28 31 33 38 -22 22 30 48 25 59 32 -29 -30 42 -32 41 -34 -35 -36 40 -38 -39 39 -41 -42 -43 -44 -45 -46 57 -48 -49 -50 -51 58 52 -54 54 -56 -57 -58 -59 -60 -61 -62 -63 -64
leaf_value=0.91449998140335076 0.46950000047683721 -0.1925 0.14175000250339509 0.52149999022483828 0.70625000000000004 1.1712500381469728 -1.6905000019073488 0.15574999988079072 0.0597500023804605 -2.4325000000000001 -0.49124999999999996 -0.30374999046325685 -0.8354999828338624 -1.0150000000000001 -0.20068749904632571 -5.2475000000000005 -0.012000000476837159 1.0774999618530274 -0.33024999976158143 -0.15375000238418579 1.1252499616146088 -0.81374999999999997 -0.049750006198883062 0.86449996184557676 1.0295000362396241 -0.077000000476837166 -0.020000000596046449 -2.3905000019073488 -0.84925000190734856 0.15524999856948854 -2.1462499999999998 0.57750000953674319 -0.273249990940094 0.6320000100135803 0.39949999999254948 0.22000000000000003 -0.010999999940395357 0.0082500004768371587 0.44500000000000006 -0.27049999952316289 -0.12624999761581421 1.3162500381469728 -1.8899999999999999 0.46725000023841856 -0.34731250226497656 0.56950000047683724 -0.54950000047683722 0.18124999761581423 0.0025000005960464479 -0.37175000190734864 0.27125000953674316 -0.30375000953674319 0.28625 0.58474999070167544 -1.2227500379085541 -0.67975000858306889 1.5712500381469727 0.34950001001358033 -0.31625000000000003 -0.81687500000000002 0.11149999976158143 -0.59062499523162848 0.55699999809265133
leaf_weight=6672 8965 8393 2007 7923 11511 8163 17526 10632 10602 3413 8939 14589 32431 9989 7507 6906 5239 7799 2719 8096 6558 11089 6491 5485 3161 5763 11347 29613 3294 11625 8047 4383 14237 2360 8265 14750 10766 18070 1861 877 1691 13431 2206 26281 5286 12661 9803 15581 3633 1392 829 1312 7821 9068 434 7113 10903 25150 792 5268 5647 3490 4005
leaf_count=6672 8965 8393 2007 7923 11511 8163 17526 10632 10602 3413 8939 14589 32431 9989 7507 6906 5239 7799 2719 8096 6558 11089 6491 5485 3161 5763 11347 29613 3294 11625 8047 4383 14237 2360 8265 14750 10766 18070 1861 877 1691 13431 2206 26281 5286 12661 9803 15581 3633 1392 829 1312 7821 9068 434 7113 10903 25150 792 5268 5647 3490 4005
internal_value=-0.000135179 -0.0063759 0.00441907 0.000958889 0.00703006 0.00546389 -0.0117054 -0.00202557 -0.00271738 0.00908127 -0.00471371 -0.00900439 -0.0115844 0.00165907 -0.0149215 -0.00874731 0.00271783 0.00977088 0.00713423 0.0032802 0.00528149 -0.00522911 -0.00687779 0.00159938 0.0034501 0.000782099 -0.00718515 -0.0168093 -0.00577464 0.00536862 -0.00472766 0.0130051 -0.00484482 0.00304695 -0.00276986 0.00948398 -0.0043868 0.00292287 -0.00248754 0.00657414 0.00674381 0.0162148 0.0040156 0.00454945 0.00105996 0.0136878 -0.00546213 0.00155738 0.00635008 0.0027154 -0.0128551 0.00677973 0.00422369 0.00970031 0.0064197 -0.00734554 0.0109017 0.0126888 -0.00174275 -0.0051106 0.00788504 -0.0062807 0.0104167
internal_weight=551860 232822 319038 97978 233579 189096 134844 72572 85459 81602 48168 73292 47020 31162 61552 14413 107494 78189 43074 24404 21173 54297 43695 14615 98961 41395 36144 47139 8533 57566 32606 35115 25584 20660 24559 25406 26272 30364 10834 2738 16441 17814 45398 43192 16911 44483 16294 18300 9118 12024 10560 12294 9133 17301 9502 15506 22414 37811 1621 11031 13570 5497 12168
internal_count=551860 232822 319038 97978 233579 189096 134844 72572 85459 81602 48168 73292 47020 31162 61552 14413 107494 78189 43074 24404 21173 54297 43695 14615 98961 41395 36144 47139 8533 57566 32606 35115 25584 20660 24559 25406 26272 30364 10834 2738 16441 17814 45398 43192 16911 44483 16294 18300 9118 12024 10560 12294 9133 17301 9502 15506 22414 37811 1621 11031 13570 5497 12168
is_linear=0
shrinkage=0.05


Tree=2
num_leaves=64
num_cat=0
split_feature=44 0 8 0 0 17 37 27 28 8 23 31 22 39 14 0 36 43 0 5 37 0 31 25 16 38 25 8 0 0 36 16 13 19 0 38 37 0 26 8 0 28 38 3 13 9 36 0 29 22 14 43 25 44 36 0 37 36 31 44 8 0 0
split_gain=5802.54 3160.46 2429.07 1057.29 976.88 708.814 434.292 403.2 385.976 345.506 357.091 340.479 277.428 269.839 269.441 230.516 259.616 211.537 204.004 277.303 198.2 213.639 196.699 180.364 178.164 177.334 174.271 170.652 162.703 158.947 157.157 147.16 144.309 141.225 138.438 138.32 135.075 155.972 131.313 127.417 122.996 120.18 118.869 117.604 116.834 104.403 103.262 102.131 104.63 97.5651 96.989 90.4246 90.3829 89.3514 86.8153 86.7069 79.5246 75.7689 73.8801 72.1478 71.9976 66.3821 65.28
threshold=1260.7500000000002 44.025000000000006 11.005000000000004 19.950000000000003 20.050000000000004 -5.0423015630839538 55.500000000000007 57.050000000000004 0.35000000000000003 60.025000000000006 23.750000000000004 12.792572392965683 42.500000000000007 0.25000000000000006 8.5000000000000018 283.75000000000006 57.500000000000007 -28.124999999999996 59.650000000000013 84.02500000000002 23.500000000000004 37.95000000000001 11.076572773844608 977.25000000000011 0.51731925900107745 26.950000000000003 974.75000000000011 -5.0000000000000009 41.975000000000009 12.050000000000002 292.50000000000006 -6.4964034716870973 3.5000000000000004 0.30069434954884217 86.02500000000002 37.550000000000004 61.500000000000007 26.550000000000004 12495.500000000002 18.016500000000004 29.050000000000004 33.645000000000003 26.950000000000003 63.050000000000004 4.5000000000000009 187.25000000000003 77.500000000000014 9.0050000000000008 2.7954892446202857 46.500000000000007 6.5000000000000009 100.62500000000001 982.55000000000007 3363.0000000000009 140.62500000000003 204.25000000000003 62.500000000000007 201.25000000000003 15.012046873610711 5415.7500000000009 -2.5999999999999956 267.25000000000006 196.25000000000003
decision_type=2 2 10 2 2 2 2 10 2 10 2 2 2 2 2 2 2 2 2 10 2 2 2 2 2 2 2 8 2 2 2 2 2 2 2 2 2 2 2 10 2 2 2 8 2 10 2 2 2 2 2 2 2 2 2 2 2 2 2 2 10 2 2
left_child=2 4 3 47 29 8 11 12 15 10 17 60 45 18 25 16 -5 33 19 36 -12 -22 -16 -20 -10 50 -23 -18 -15 -2 -27 41 43 -4 49 -13 38 -38 -7 53 -32 46 -31 -26 -37 -3 -25 -1 -49 59 -8 -36 -11 62 -39 -33 -28 -51 -40 -9 -6 -54 -14
right_child=1 7 9 5 6 13 14 34 24 52 20 35 39 28 22 -17 27 -19 23 -21 21 26 -24 31 32 30 56 -29 -30 42 40 55 -34 -35 51 44 37 54 58 -41 -42 -43 -44 -45 -46 -47 -48 48 -50 57 -52 -53 61 -55 -56 -57 -58 -59 -60 -61 -62 -63 -64
leaf_value=0.67427501285076152 0.42651250565052035 -0.14851249957084656 1.6522375057339671 1.4025312595367432 0.42768750011920931 0.6109374961853028 -0.18887499576807021 -0.31710624501854184 0.09281875237822533 -2.6140624656677249 0.26662499055266381 -0.2038375052213669 -0.37489375162124638 -0.046399999856948856 0.36616249954700475 -2.9858750000000001 0.63218750011920932 -0.062625000029802327 -0.6505437521338463 1.2464375171661377 0.051762501069344581 -0.7630624618530274 -0.1289999999701977 0.23363749808073045 0.97268749809265143 0.086162498354911812 -0.16872499809972941 0.027012500464916236 -0.93178750181198122 -0.05993750131130219 -0.098999998778104781 0.85015158067643659 1.2623749613761903 -0.2497500000074506 -1.9917249999046327 0.40790000953525302 0.21783749985694889 0.13448750030994416 0.17193749999999999 -1.3351250000000001 -0.39958750092983247 1.5768499995470047 0.20274999999999999 0.27268751001358033 -0.27851249480247503 -0.74522499895095828 -0.69950937488675125 0.3405187487364747 0.77702499997615826 -0.61906251013278968 -0.56518750858306888 -2.7459750018119813 -0.73925000000000007 -0.82947500085830694 -0.083287500709295276 -0.59550000000000003 -0.4909125000238419 -1.1614749631881716 -0.36106249952316283 -0.78351253771781926 0.10592499977350234 -4.3797187500000003 -4.1917249999046327
leaf_weight=9565 8060 12678 6610 15944 8522 14289 2158 4634 3032 3957 6728 10178 9764 6366 3867 2878 15372 11370 5484 6630 9366 9705 3900 6400 7419 4777 13536 16347 3068 3641 9894 14392 14172 1575 7017 2000 15976 13526 7960 16499 13487 827 14353 5393 1063 8243 8715 30350 7338 2502 6985 17353 6712 15486 18475 3681 11996 10292 944 5843 6046 4844 1676
leaf_count=9565 8060 12678 6610 15944 8522 14289 2158 4634 3032 3957 6728 10178 9764 6366 3867 2878 15372 11370 5484 6630 9366 9705 3900 6400 7419 4777 13536 16347 3068 3641 9894 14392 14172 1575 7017 2000 15976 13526 7960 16499 13487 827 14353 5393 1063 8243 8715 30350 7338 2502 6985 17353 6712 15486 18475 3681 11996 10292 944 5843 6046 4844 1676
internal_value=-0.000167977 -0.00668648 0.00386459 0.00632339 -0.000174617 0.00478484 -0.00314537 -0.0124392 0.00845209 -0.00337938 -0.00190023 0.00176831 -0.00985764 0.00245378 -0.00617733 0.00578491 0.00661467 0.0038494 0.00310808 0.00459383 -0.00409061 -0.00529729 0.00229497 0.00018165 0.0129431 -0.00794148 -0.00708133 0.00399839 -0.00568158 0.00813503 -0.00597699 0.00153829 0.0142344 0.00997862 -0.0159259 -0.00403482 0.00368273 0.00216823 0.00681563 -0.0121364 -0.00766541 -0.00196337 0.00552128 0.0103887 0.00528077 -0.00512762 -0.00297883 0.0130727 0.0119017 -0.0131677 -0.0139916 -0.0185597 -0.0101383 -0.0100163 0.000153901 0.00462707 -0.00491344 -0.0160974 0.00204964 -0.00959005 0.00704283 -0.00790498 -0.00666521
internal_weight=551860 210918 340942 254543 98931 207290 72877 111987 80557 86399 70886 27809 64346 126733 45068 50541 47663 19555 117299 77800 51331 44603 7767 39499 30016 37301 35237 31719 9434 26054 28158 34015 26984 8185 47641 13241 71170 47977 23193 43425 23381 15942 17994 12812 3063 20921 15115 47253 37688 23271 9143 24370 15513 26926 32001 18073 25532 12794 8904 10477 14568 11556 11440
internal_count=551860 210918 340942 254543 98931 207290 72877 111987 80557 86399 70886 27809 64346 126733 45068 50541 47663 19555 117299 77800 51331 44603 7767 39499 30016 37301 35237 31719 9434 26054 28158 34015 26984 8185 47641 13241 71170 47977 23193 43425 23381 15942 17994 12812 3063 20921 15115 47253 37688 23271 9143 24370 15513 26926 32001 18073 25532 12794 8904 10477 14568 11556 11440
is_linear=0
shrinkage=0.05


Tree=3
num_leaves=64
num_cat=0
split_feature=0 41 0 37 8 12 31 0 41 25 0 43 14 16 16 14 0 41 19 30 8 25 31 13 37 16 43 0 41 31 43 0 0 0 37 31 5 0 39 41 38 36 19 26 31 25 0 14 28 25 13 14 11 37 26 0 5 37 28 0 37 21 39
split_gain=4658.2 3425 1881.95 1259.69 966.958 687.771 589.372 581.601 569.591 481.758 520.087 474.544 338.323 300.38 295.485 247.089 237.899 226.353 225.992 221.16 220.127 210.057 207.148 232.999 180.559 177.359 160.499 159.67 157.769 146.768 138.312 137.512 130.264 128.121 124.947 124.477 123.672 120.808 114.814 114.26 112.86 107.626 103.359 102.622 101.45 99.1737 98.9241 95.7563 94.0549 90.9946 90.8062 156.774 90.283 89.2788 87.3212 87.2787 86.5554 81.1961 80.8504 80.0356 78.668 77.2695 76.2111
threshold=26.550000000000004 1951.0000000000002 57.525000000000006 55.500000000000007 21.505000000000006 -0.5 12.304149708010485 15.050000000000002 4929.5000000000009 976.35000000000002 252.75000000000003 105.62500000000001 6.5000000000000009 8.989287262655326 7.8745153643026145 9.5000000000000018 208.75000000000003 5141.7500000000009 0.49240481012316861 55.500000000000007 67.050000000000011 976.1500000000002 -14.38350638875106 3.5000000000000004 89.500000000000014 8.3182953877757466 -41.249999999999993 102.12500000000001 6661.5000000000009 4.3351556671675544 -28.124999999999996 93.02500000000002 34.050000000000004 69.825000000000017 69.500000000000014 14.366307529316794 94.125000000000014 46.025000000000006 0.35000000000000003 5965.7500000000009 24.950000000000003 52.500000000000007 -0.77714596145697057 2689.7500000000005 12.959661608133862 972.35000000000002 8.0100000000000016 8.5000000000000018 1.2000000000000002 980.1500000000002 2.5000000000000004 5.5000000000000009 -0.37940952255126065 49.500000000000007 1260.5000000000002 88.02500000000002 91.02500000000002 51.500000000000007 1.2550000000000001 188.25000000000003 77.500000000000014 107.50000000000001 0.55000000000000016
decision_type=2 2 2 2 10 2 2 2 2 2 2 2 2 2 2 2 2 2 2 2 10 2 2 2 2 2 2 2 2 2 2 2 2 2 2 2 10 2 2 2 2 2 2 2 2 2 2 2 2 2 2 2 2 2 2 2 8 2 2 2 2 2 2
left_child=7 4 3 6 9 14 18 46 36 60 13 25 39 33 15 49 -17 43 29 -19 21 -6 23 -14 32 31 -23 42 -16 45 40 56 -10 34 52 38 48 -20 58 -9 -15 -35 -13 -8 -41 -3 -1 -26 62 -4 51 -47 -11 -42 -27 -51 57 -7 -24 -30 -2 -62 -5
right_child=1 2 5 8 20 11 17 12 24 10 -12 27 22 30 28 16 -18 19 37 -21 -22 26 35 -25 47 54 -28 -29 59 -31 -32 -33 -34 41 -36 -37 -38 -39 -40 44 53 -43 -44 -45 -46 50 -48 -49 -50 55 -52 -53 -54 -55 -56 -57 -58 -59 -60 -61 61 -63 -64
leaf_value=0.62993687464594839 0.12276313006281853 -0.03937125081121922 -0.974909338760376 -0.089079998672008512 -0.71918813533857462 -0.39352188488841056 -0.082133747306466109 0.72924906206249729 -0.15408000224828722 0.4212965623810887 -2.0105245312556628 -0.61151281864196072 0.12071562363505364 2.2587409593032675 0.73207781267911187 0.37557812511324884 -4.3355387500047682 -0.29300937454700471 0.19974062475562096 0.30037812485713511 -2.3032969568252564 0.85418372711199331 0.19999906253933442 -0.3023875095367432 -0.77806576439142239 -1.7171387499094011 -0.28082562517621557 -3.4686760991334915 -0.23252531677973459 0.16862875050008297 0.66216312521100051 -2.4665972655825321 -0.47960812588334084 0.96612991904690859 0.2461743797150906 -0.025000937460665597 0.92862156284600494 -0.22490938644409184 -0.050220781972410623 0.38336250047683718 1.293998456321098 0.091255584524199379 -1.2212512496232986 1.0832655863702296 0.012879375380277636 -0.002371875274181365 0.37261251907348636 0.27062938169836998 0.28965436537265776 -0.3656939463820309 0.78667622969895601 0.82062873071134101 1.3075406040072441 0.073051875261962426 -0.068713751864433278 -1.4179262870073319 -0.24985484841763972 -1.0506512927532197 0.41999904346584804 -2.7978637500524521 0.1454043703198433 -0.28223686516880991 -0.54349156646132479
leaf_weight=11115 8493 1507 10654 26393 4280 4137 1460 13835 14281 5872 6763 4426 5140 14772 5466 7139 3756 17339 9151 2876 9778 6850 35167 4233 6918 1917 13205 15286 12758 11089 8471 10186 24201 13892 12125 6791 1776 5442 4358 10820 3992 14078 18321 2077 4076 3164 28783 388 2747 9280 10974 2963 8942 2713 6989 8954 4720 6356 3327 1531 2885 8164 2318
leaf_count=11115 8493 1507 10654 26393 4280 4137 1460 13835 14281 5872 6763 4426 5140 14772 5466 7139 3756 17339 9151 2876 9778 6850 35167 4233 6918 1917 13205 15286 12758 11089 8471 10186 24201 13892 12125 6791 1776 5442 4358 10820 3992 14078 18321 2077 4076 3164 28783 388 2747 9280 10974 2963 8942 2713 6989 8954 4720 6356 3327 1531 2885 8164 2318
internal_value=-0.000222339 -0.00274218 -0.00598444 -0.00209535 0.00348322 -0.0103214 0.0028916 0.0081521 -0.00638936 0.00574297 0.00726315 -0.0135973 0.00587627 0.00832666 -0.00634133 -0.00882349 -0.00240707 -0.00346287 0.00629939 -0.00550458 -0.00388049 -0.0013345 0.00371001 -0.00310733 -0.0100059 -0.00933319 0.000811518 -0.0174434 -0.0013427 0.00880308 0.0123547 -0.0114621 -0.0086378 0.00612969 0.0085907 0.00499718 -0.00140669 0.00120434 0.00599389 0.010326 0.0144888 0.00375939 -0.0147877 0.00820611 0.00728719 0.0115166 0.0131573 -0.0172119 -0.00213141 -0.0112434 0.0126001 0.00772401 0.0116714 0.00910887 -0.00326185 -0.00909839 -0.00845165 -0.0109811 0.00686471 -0.00410631 -0.0013842 -0.00416554 -0.00297708
internal_weight=551860 424215 278940 147064 145275 131876 68042 127645 79022 111162 91620 72338 87747 84857 59538 39783 10895 23752 44290 20215 34113 24335 59016 9373 45788 34305 20055 38033 19755 29697 29948 25399 38482 54909 26939 49643 33234 14593 42852 28731 21477 27970 22747 3537 14896 18608 39898 7306 31458 28888 17101 6127 14814 6705 8906 18234 15213 10493 38494 14289 19542 11049 28711
internal_count=551860 424215 278940 147064 145275 131876 68042 127645 79022 111162 91620 72338 87747 84857 59538 39783 10895 23752 44290 20215 34113 24335 59016 9373 45788 34305 20055 38033 19755 29697 29948 25399 38482 54909 26939 49643 33234 14593 42852 28731 21477 27970 22747 3537 14896 18608 39898 7306 31458 28888 17101 6127 14814 6705 8906 18234 15213 10493 38494 14289 19542 11049 28711
is_linear=0
shrinkage=0.05


Tree=4
num_leaves=64
num_cat=0
split_feature=44 0 8 0 0 16 44 39 28 21 14 41 38 13 0 8 0 40 23 0 0 25 11 0 13 7 23 37 31 0 0 32 8 0 0 14 44 14 0 16 42 13 39 5 41 0 23 31 36 8 26 7 37 43 38 8 31 8 31 37 40 42 28
split_gain=5077.84 3012.92 1630.55 894.622 608.132 510.399 448.557 408.937 386.587 381.275 376.323 294.977 294.248 293.121 262.779 262.59 260.977 298.891 229.136 208.604 188.708 179.853 166.327 208.06 163.468 161.351 159.63 158.202 154.448 149.893 140.678 138.458 135.518 126.11 126.044 120.75 117.435 116.601 114.339 118.81 111.626 102.65 101.673 99.7422 98.0347 117.011 96.5844 92.329 91.3835 91.2791 90.364 89.7728 89.4482 93.9509 101.781 82.7 81.9954 80.8174 80.4848 119.676 79.9178 78.5009 75.7273
threshold=492.00000000000011 45.050000000000004 6.0000000000000018 20.050000000000004 19.550000000000004 -1.0000000180025095e-35 2233.8750000000005 1.0000000180025095e-35 0.42000000000000004 527.50000000000011 4.5000000000000009 4437.2500000000009 36.45000000000001 4.5000000000000009 29.950000000000003 35.002500000000005 45.050000000000004 976.6500000000002 26.950000000000003 104.07500000000002 252.75000000000003 974.75000000000011 -1.0000000180025095e-35 98.425000000000026 1.5000000000000002 91.864583333333343 23.350000000000005 28.500000000000004 -9.8895927292554298 12.050000000000002 28.925000000000004 1.757184130549156 48.050000000000018 50.050000000000004 64.02500000000002 9.5000000000000018 4608.2500000000009 8.5000000000000018 181.25000000000003 -6.3395144179001655 -5.8499999999999979 4.5000000000000009 0.25000000000000006 88.02500000000002 2755.7500000000005 267.25000000000006 25.550000000000004 12.304149708010485 997.50000000000011 -18.494999999999994 36771.500000000007 31.495416666666667 49.500000000000007 -812.49999999999989 32.050000000000004 8.3150000000000031 2.6529202321761343 -1.0999999999999959 -5.7446769917272293 55.500000000000007 983.85000000000002 -10.049999999999995 1.6650000000000003
decision_type=2 2 10 2 2 2 2 2 2 2 2 2 2 2 2 10 2 2 2 2 2 2 2 2 2 8 2 2 2 2 2 2 10 2 2 2 2 2 2 2 2 2 2 10 2 2 2 2 2 10 2 8 2 2 2 8 2 8 2 2 2 2 2
left_child=2 3 4 29 46 16 15 11 18 19 13 -5 30 22 -12 38 27 -18 20 36 40 33 61 -24 62 -15 -10 -6 -11 -2 -13 48 35 -16 52 -23 -8 -33 39 -3 50 -14 -31 -29 45 -26 -1 51 -9 -32 -7 -20 53 54 -28 -30 -43 -42 59 -41 -34 -4 -19
right_child=1 6 10 7 5 8 9 31 26 28 14 12 41 25 21 -17 17 24 47 -21 -22 32 23 -25 44 -27 34 43 55 42 49 37 60 -35 -36 -37 -38 -39 -40 58 57 56 -44 -45 -46 -47 -48 -49 -50 -51 -52 -53 -54 -55 -56 -57 -58 -59 -60 -61 -62 -63 -64
leaf_value=0.83356440703183421 0.40536841798901091 -0.60380892477724712 0.23021727332665584 0.19810837490260602 1.3343257932569832 1.5381410751215276 -0.66891775270342835 -0.2749005949454903 1.5825929745200278 -0.91920962688904262 0.14751010640632653 -0.01354536711755383 0.3550298393392563 1.1019899564795348 -0.20545537697374822 -1.772077468739699 -0.55127640920639043 -0.12631756973732264 -0.059899007956124843 -3.2452422941768173 -0.96105502343721683 -0.18878480915135473 0.62962797526942582 -0.48634921465873715 0.72250444107081746 -0.34942576991165059 -0.52079707236722117 0.15812441710525774 -0.15581952634364368 0.18115004689687514 -0.048696405754983428 -0.48391237428009504 -1.6527783250261192 -1.000928932466209 0.20652001847351201 0.59756917390492748 -1.0114340540160425 0.18049543259888889 -2.6677800819930813 0.87154232025207024 1.1160289246432809 0.57272226042181262 -0.13250041913682217 1.3641885948830845 -0.13852321661800146 -2.5151987734372172 0.37499909987562452 -0.17791308041518905 0.3608725004589558 -0.26690413053929801 -0.40043765606939791 0.30900680397830904 0.1511160793951806 0.8656506631469727 0.44241155771970747 -0.60441467674868188 -0.26819335358947516 0.15522482747650704 -0.29648650132358079 -0.18480370549495331 -1.1797867146587373 -0.5121226521587372 -0.8001073222032562
leaf_weight=6625 9601 8699 2090 17783 2376 13247 16223 2814 9888 8212 8853 17328 5659 7474 6329 11657 9283 5516 6646 19677 3354 22249 7940 7277 15527 1883 560 35825 8618 18587 6692 10130 3352 7353 3916 7336 20143 702 4868 2766 8862 468 2096 2175 5357 1361 33775 3043 1145 21753 261 13649 4035 11725 2096 15142 1797 5835 13796 3822 5836 6475 2298
leaf_count=6625 9601 8699 2090 17783 2376 13247 16223 2814 9888 8212 8853 17328 5659 7474 6329 11657 9283 5516 6646 19677 3354 22249 7940 7277 15527 1883 560 35825 8618 18587 6692 10130 3352 7353 3916 7336 20143 702 4868 2766 8862 468 2096 2175 5357 1361 33775 3043 1145 21753 261 13649 4035 11725 2096 15142 1797 5835 13796 3822 5836 6475 2298
internal_value=-0.000246892 -0.00551367 0.00412073 0.000361417 0.00660229 0.00526943 -0.0106383 -0.00223395 0.00791493 -0.0127237 -0.00132429 -0.000668019 -0.00251643 0.00296856 -0.00364471 -0.00661397 0.00237838 -0.000519801 0.00536323 -0.0152093 0.0081411 -0.00498951 1.89219e-05 0.00315601 0.00190209 0.0104654 0.0122626 0.00520235 -0.0083667 0.00775492 -0.00405643 -0.00980157 -0.00325033 -0.00991814 0.00992074 -0.00160301 -0.0129654 -0.0127262 -0.00439089 -0.00320376 0.00947438 0.00637935 0.00535827 0.00441974 0.00408744 0.00595689 0.0121064 0.00160682 -0.0017997 -0.0062199 0.0127554 0.00282459 0.0116529 0.0134987 0.00500753 -0.00632365 -0.00261589 0.0064588 -0.00111607 0.00343048 -0.00855464 -0.00555458 -0.00431917
internal_weight=551860 250178 301682 116555 207235 166835 133623 86271 87117 88015 94447 71480 53697 33139 61308 45608 79718 39342 54897 56043 31559 52455 23782 15217 30059 9357 32220 40376 31972 30284 45773 14791 38773 13682 22332 29585 36366 10832 33951 29083 28205 7924 20683 38000 22245 16888 40400 23338 3959 28445 13508 20295 18416 14381 2656 23760 2265 14697 20384 6588 9188 8565 7814
internal_count=551860 250178 301682 116555 207235 166835 133623 86271 87117 88015 94447 71480 53697 33139 61308 45608 79718 39342 54897 56043 31559 52455 23782 15217 30059 9357 32220 40376 31972 30284 45773 14791 38773 13682 22332 29585 36366 10832 33951 29083 28205 7924 20683 38000 22245 16888 40400 23338 3959 28445 13508 20295 18416 14381 2656 23760 2265 14697 20384 6588 9188 8565 7814
is_linear=0
shrinkage=0.05


Tree=5
num_leaves=64
num_cat=0
split_feature=44 0 8 0 23 0 0 37 27 0 38 22 0 16 14 37 8 25 41 12 0 31 41 0 38 16 39 0 14 0 14 0 11 41 0 39 13 41 41 22 23 0 5 31 0 11 23 31 43 41 0 28 37 43 44 5 21 37 23 21 38 13 43
split_gain=4676.23 2501.99 1908.94 862.319 653.887 704.055 637.986 511.399 441.477 357.684 339.415 299.844 281.952 216.513 212.564 189.338 177.574 204.049 176.811 173.632 172.618 164.442 162.53 161.862 160.215 158.348 158.258 157.919 152.03 148.067 176.95 136.965 135.94 132.185 131.896 125.313 122.038 118.898 116.669 113.264 111.296 109.947 106.339 105.061 104.31 103.132 105.09 101.54 98.5251 98.171 94.839 94.3896 92.6365 91.8717 89.5487 88.6586 87.6746 87.139 86.9104 85.1621 80.8581 75.3755 74.911
threshold=1260.7500000000002 40.025000000000006 16.005000000000006 23.975000000000005 24.750000000000004 126.25000000000001 18.050000000000004 49.500000000000007 57.050000000000004 53.550000000000004 27.350000000000005 42.500000000000007 39.025000000000006 13.99893386609474 9.5000000000000018 55.500000000000007 64.750000000000014 976.35000000000002 5626.2500000000009 0.25881904510252057 292.25000000000006 14.366307529316794 1078.5000000000002 13.050000000000002 36.45000000000001 -7.9700619724235251 1.0000000180025095e-35 97.125000000000014 6.5000000000000009 200.25000000000003 8.5000000000000018 75.050000000000011 -0.78656609248549292 8703.7500000000018 50.050000000000004 1.0000000180025095e-35 3.5000000000000004 4857.7500000000009 998.25000000000011 46.500000000000007 23.750000000000004 25.950000000000003 59.525000000000006 14.839772548735247 89.02500000000002 -1.0000000180025095e-35 34.550000000000004 11.184577598898509 -31.249999999999996 5067.0000000000009 10.042500000000002 15.675000000000001 18.500000000000004 -37.499999999999993 3363.0000000000009 97.52500000000002 1412.5000000000002 32.500000000000007 24.950000000000003 1982.5000000000002 27.750000000000004 3.5000000000000004 96.250000000000014
decision_type=2 2 10 2 2 2 2 2 10 2 2 2 2 2 2 2 10 2 2 2 2 2 2 2 2 2 2 2 2 2 2 2 2 2 2 2 2 2 2 2 2 2 10 2 2 2 2 2 2 2 2 2 2 2 2 10 2 2 2 2 2 2 2
left_child=2 6 3 23 5 25 50 9 11 19 33 44 42 16 26 21 17 34 -17 24 22 -12 -7 -1 36 -5 31 39 -25 30 35 37 -27 58 -4 54 43 51 -19 -10 48 -20 60 -6 -3 46 -11 -32 -15 -41 -2 55 -40 56 -13 -14 -34 -48 -8 -23 -9 -55 -29
right_child=1 8 13 4 7 20 10 12 27 45 15 29 14 40 -16 18 -18 38 41 -21 -22 59 -24 28 -26 32 -28 62 -30 -31 47 -33 53 -35 -36 -37 -38 -39 52 49 -42 -43 -44 -45 -46 -47 57 -49 -50 -51 -52 -53 -54 61 -56 -57 -58 -59 -60 -61 -62 -63 -64
leaf_value=0.50134147420594177 0.42817161001420045 -0.083983171861818987 -0.15023691167455927 0.36351141198807402 0.11376743204402909 1.1875239051708077 0.23406919580960361 -0.086431686665627366 -0.53487073005440888 0.13300451072918018 0.25222592312775555 -0.4253040388982296 -0.11999446024690197 2.1734725071696768 1.0264743513213259 0.14421108113333583 -2.072745341221752 0.20400482499441447 -0.0083726848023814686 1.5060706672146154 -2.8917847692421952 -0.15162494936540724 -0.52624982283759114 0.5782027530456485 0.61837106380722351 0.56321237601104968 -0.72101187738939831 -2.0486184785383847 0.20990577901273799 -5.3326728303344844 0.2198821031304449 -1.299596071245458 1.7152520914796499 -0.40880793180853064 -0.90144403806231499 -0.97331958220699433 0.48933629405043838 -0.44531934546097801 0.49699704151818436 -0.70024281541342859 -0.17607704624694775 -0.24280891876712443 0.44900553474630789 -0.37693052235659441 -1.1532577625739666 0.43110255771945794 -0.125380984226382 -0.4021978365821392 -0.020180927434572955 -1.1066297451124638 0.16416102888614237 1.1979851483458739 -0.38424245276200697 0.63529733719615922 -0.69764488798878621 0.82700023457989102 -0.35314788997857882 -1.0598135249711276 -0.195221465804547 0.16437281509978008 0.090400385584579787 1.4018058907205362 -2.7579801794679764
leaf_weight=19636 5372 16489 5166 9047 6921 13270 1952 12491 13216 8617 13760 11110 17883 2804 3304 8009 12130 12637 8217 5953 4639 5503 7518 14650 7786 7421 5844 5491 33129 6031 3673 4387 15865 7166 7566 6394 5847 4567 1897 6199 5049 13674 5211 1298 6785 9609 2611 5971 2105 10065 14921 1030 19366 7011 16681 1575 320 2088 7337 2354 26444 6250 14548
leaf_count=19636 5372 16489 5166 9047 6921 13270 1952 12491 13216 8617 13760 11110 17883 2804 3304 8009 12130 12637 8217 5953 4639 5503 7518 14650 7786 7421 5844 5491 33129 6031 3673 4387 15865 7166 7566 6394 5847 4567 1897 6199 5049 13674 5211 1298 6785 9609 2611 5971 2105 10065 14921 1030 19366 7011 16681 1575 320 2088 7337 2354 26444 6250 14548
internal_value=-0.000259849 -0.00611162 0.00336025 0.00524002 0.00362549 0.00748973 0.00030788 0.00155995 -0.0107313 0.00551252 -0.0020148 -0.00826291 -0.00086359 -0.00408615 -0.00398549 -1.79552e-05 -0.00524148 -0.00383964 -0.00259532 0.00932476 0.000815078 0.00354698 0.00276121 0.010145 0.00726249 0.0111861 -0.00512101 -0.0143768 0.00857437 -0.0104503 -0.00943953 -0.00362917 0.0126407 -0.00826648 -0.00923657 -0.011127 0.00407721 -0.00220216 -0.00181268 -0.0120488 0.00273147 -0.00492097 0.0018654 0.000149045 -0.00357695 0.000888768 -0.00196005 -0.00345811 0.00809228 -0.0148426 0.00808776 -0.000575947 -0.00407398 0.0141649 -0.00967489 -0.00135677 0.0166929 -0.0079751 -0.00433039 -0.00222413 0.000967638 0.0110795 -0.0178015
internal_weight=551860 210918 340942 272222 204807 71341 88265 133466 122653 50730 67972 73134 82736 68720 38590 51517 58762 46632 29900 27805 25427 21617 20788 67415 21852 45914 35286 49519 47779 49860 43829 29442 36867 16455 12732 34185 14066 25055 33900 29480 9958 21891 44146 8219 23274 22925 13316 9644 4909 16264 20293 20488 21263 29446 27791 19458 16185 4699 9289 7857 38935 13261 20039
internal_count=551860 210918 340942 272222 204807 71341 88265 133466 122653 50730 67972 73134 82736 68720 38590 51517 58762 46632 29900 27805 25427 21617 20788 67415 21852 45914 35286 49519 47779 49860 43829 29442 36867 16455 12732 34185 14066 25055 33900 29480 9958 21891 44146 8219 23274 22925 13316 9644 4909 16264 20293 20488 21263 29446 27791 19458 16185 4699 9289 7857 38935 13261 20039
is_linear=0
shrinkage=0.05


Tree=6
num_leaves=64
num_cat=0
split_feature=44 0 0 16 0 42 0 37 36 37 23 0 31 27 14 37 25 0 31 23 0 14 31 23 23 22 0 19 7 44 12 0 0 0 36 25 0 13 38 44 41 22 14 39 36 0 37 42 30 33 40 11 43 5 29 22 0 27 38 22 33 12 42
split_gain=4310.15 2335.18 1423.87 868.766 761.215 493.182 430.778 416.566 416.112 321.318 318.541 307.972 299.894 292.344 275.017 272.526 220.327 244.417 206.316 200.811 196.705 204.406 182.162 178.207 171.216 168.832 164.392 162.938 158.681 157.855 156.81 148.579 145.483 137.524 133.326 129.076 126.482 122.956 122.55 121.936 116.536 114.648 109.433 106.467 105.319 104.542 101.202 100.321 98.8576 93.1686 89.1729 84.7009 82.3763 81.4043 80.6244 78.7847 77.1248 76.485 76.007 74.7786 74.77 73.8228 69.2641
threshold=1260.7500000000002 49.550000000000004 26.550000000000004 5.6167587397983363 22.050000000000004 -6.6499999999999986 49.050000000000004 55.500000000000007 86.250000000000014 61.500000000000007 23.250000000000004 259.25000000000006 12.792572392965683 57.050000000000004 8.5000000000000018 74.500000000000014 972.75000000000011 192.25000000000003 4.3351556671675544 25.550000000000004 200.25000000000003 9.5000000000000018 10.739404051629725 35.150000000000013 18.650000000000002 54.500000000000007 15.050000000000002 -0.29237170472273694 28.695833333333336 3837.0000000000005 0.25881904510252057 83.325000000000003 11.350000000000003 110.10000000000001 2857.5000000000005 975.85000000000002 59.650000000000013 3.5000000000000004 26.950000000000003 2163.7500000000005 2134.5000000000005 7.5000000000000009 4.5000000000000009 1.0000000180025095e-35 96.875000000000014 108.05000000000001 89.500000000000014 -6.9499999999999993 80.500000000000014 10.65 977.1500000000002 0.60355339059327384 -417.49999999999994 90.02500000000002 109.0701924861656 44.500000000000007 132.25000000000003 25.050000000000004 30.850000000000005 45.500000000000007 15.050000000000002 -0.70710678118654757 7.3500000000000014
decision_type=2 2 2 2 2 2 2 2 2 2 2 2 2 10 2 2 2 2 2 2 2 2 2 2 2 2 2 2 10 2 2 2 2 2 2 2 2 2 2 2 2 2 2 2 2 2 2 2 2 2 2 2 2 10 2 2 2 8 2 2 2 2 2
left_child=2 4 19 6 32 10 9 12 11 30 33 35 -6 20 29 23 -7 18 37 -1 21 27 -16 31 -20 36 -21 -3 -28 43 51 40 -2 -5 -14 -8 -12 52 50 -15 -10 -25 -39 59 -11 55 57 -46 60 -33 -34 -4 -18 -42 56 -41 -37 -31 -30 -9 -26 -47 -23
right_child=1 13 3 5 7 16 8 14 15 44 25 -13 34 39 22 -17 17 -19 24 26 -22 62 -24 41 48 -27 28 -29 58 46 -32 49 38 -35 -36 54 -38 42 -40 45 53 -43 -44 -45 47 61 -48 -49 -50 -51 -52 -53 -54 -55 -56 -57 -58 -59 -60 -61 -62 -63 -64
leaf_value=0.73127644838081318 0.37676301044000415 -0.391284995777329 0.12255563606214546 1.6694975163021362 0.2314706575851401 -0.56835168303884165 -0.45105857928658505 1.0359367022285786 0.48629770449219384 0.20444872841839556 0.58863792649199453 -3.1174074790554562 -0.20700606802784505 -0.93618751646449283 0.35091139157677442 -0.94970045500915523 -0.27793699372064745 -1.4173267808754533 0.80781242377005624 0.38712319264124195 -4.9888349206005573 0.65595326714903024 -0.12970342354010767 0.88704419449072525 0.020457142754532445 -0.066704452270560127 0.11075386546794957 -0.78541309675729121 0.30502953896536256 -0.11511688547779995 1.0956044176320046 -0.3749245168867113 -0.24978602233286062 1.7462211920562005 0.19015641226378957 0.58705351955028684 0.23857367993971268 1.3208276764938398 0.15465040715894432 -0.68531401728589258 -0.22878815084297438 -0.74519639388168413 0.25087750133953823 -0.41794163478950114 0.17914249351179509 -1.4868688108277528 -0.5986564294768475 -0.14283369405773466 0.53754564201770216 -1.2110428907780546 0.061847673202023667 1.0681344479523822 0.44705090561090111 0.44145758382188299 -1.0106007481584995 -1.120268820221445 0.11180240977554375 -0.37186522195304939 0.56732003508812601 -0.10308323766695537 -0.28011672615790245 -3.2825813612294406 -0.53318428048479094
leaf_weight=11628 6933 15348 9946 13110 16787 3358 3491 567 6096 9978 9677 6850 12591 8394 3875 12817 2184 7017 6749 22000 7343 3198 4191 430 9958 6707 29070 25329 10946 4696 6616 8059 2138 7437 2731 19878 6947 8122 19638 10928 9869 6849 3816 3631 5908 2067 5160 21394 1897 7159 2880 1727 11083 2074 1531 12529 12062 13885 8301 11909 8201 10986 3184
leaf_count=11628 6933 15348 9946 13110 16787 3358 3491 567 6096 9978 9677 6850 12591 8394 3875 12817 2184 7017 6749 22000 7343 3198 4191 430 9958 6707 29070 25329 10946 4696 6616 8059 2138 7437 2731 19878 6947 8122 19638 10928 9869 6849 3816 3631 5908 2067 5160 21394 1897 7159 2880 1727 11083 2074 1531 12529 12062 13885 8301 11909 8201 10986 3184
internal_value=-0.00028259 -0.00590063 0.00319292 0.0013754 -0.000938071 0.00484717 -0.00104004 -0.00353242 -0.00304817 0.00247125 0.00890879 0.000562631 0.000874365 -0.0114782 -0.00648558 -0.00601325 0.00199046 0.00269919 0.00388098 0.0089374 -0.00901346 -0.00782581 0.00193404 -0.00400385 0.000827271 0.00491085 0.00793087 -0.00913108 0.00629954 -0.00818987 0.00789956 -0.00245287 0.00563408 0.0134484 -0.00418353 0.0023673 0.00761249 0.00712855 0.00383477 -0.0144642 0.000616719 -0.0110901 0.01081 -0.00436922 -0.000191792 -0.0157135 -0.010782 -0.0017984 -0.00149083 -0.00609147 -0.0031387 0.00441403 0.00381586 -0.00225446 0.00332153 -0.0137177 0.0038588 -0.00906168 0.00982101 -0.00217618 -0.00262542 -0.0193002 0.000493576
internal_weight=551860 210918 340942 258997 111612 106263 152734 80023 97165 55569 43878 43812 32109 99306 47914 53353 62385 59027 52010 81945 54402 47059 8066 40536 26805 23331 70317 40677 48317 39848 18289 33257 31589 20547 15322 36962 16624 25205 24656 44904 18039 7279 11938 16107 37280 36510 23741 27302 20056 15218 5018 11673 13267 11943 33471 23457 31940 18581 19247 12476 18159 13053 6382
internal_count=551860 210918 340942 258997 111612 106263 152734 80023 97165 55569 43878 43812 32109 99306 47914 53353 62385 59027 52010 81945 54402 47059 8066 40536 26805 23331 70317 40677 48317 39848 18289 33257 31589 20547 15322 36962 16624 25205 24656 44904 18039 7279 11938 16107 37280 36510 23741 27302 20056 15218 5018 11673 13267 11943 33471 23457 31940 18581 19247 12476 18159 13053 6382
is_linear=0
shrinkage=0.05


Tree=7
num_leaves=64
num_cat=0
split_feature=44 0 8 0 0 17 39 44 12 14 41 38 13 8 0 0 8 25 39 8 7 42 36 41 38 37 31 0 13 12 0 13 8 14 19 23 38 23 0 14 0 38 7 31 0 23 35 14 33 12 23 27 0 17 14 14 38 13 23 13 29 0 25
split_gain=3960.72 2385.56 1310.16 753.521 445.324 446.86 398.848 357.371 358.444 294.601 281.037 296.381 261.994 222.018 218.917 216.247 202.76 182.617 178.093 148.97 142.128 138.836 131.152 127.64 164.547 138.888 123.566 121.906 116.355 136.33 114.712 113.55 105.212 109.312 102.966 99.0653 97.5253 97.1899 96.8912 130.878 94.2381 88.6702 86.1486 85.3094 83.6507 147.646 92.8271 84.4942 82.0061 78.9264 77.0872 76.3888 75.885 75.3638 75.0235 73.9906 83.7878 73.5918 80.1431 72.6177 81.2245 70.2187 71.2216
threshold=492.00000000000011 49.550000000000004 5.5000000000000018 20.050000000000004 18.550000000000004 -3.1822615621363592 1.0000000180025095e-35 2163.7500000000005 -0.5 4.5000000000000009 4437.2500000000009 36.850000000000001 4.5000000000000009 -3.4999999999999987 36.525000000000006 114.25000000000001 51.020000000000003 975.05000000000007 0.35000000000000003 0.8000000000000026 91.864583333333343 -4.9499999999999993 1107.5000000000002 2755.7500000000005 28.250000000000004 50.500000000000007 -13.292267053620082 9.0050000000000008 3.5000000000000004 0.25881904510252057 283.75000000000006 4.5000000000000009 60.025000000000006 9.5000000000000018 -0.77714596145697057 18.450000000000003 26.850000000000005 34.750000000000007 246.75000000000003 9.5000000000000018 37.550000000000004 30.750000000000004 41.880492424242433 2.6529202321761343 157.25000000000003 25.450000000000003 -0.39873388578253688 9.5000000000000018 9.5500000000000025 1.0000000180025095e-35 25.550000000000004 58.550000000000004 327.25000000000006 -1.9473806751624554 2.5000000000000004 8.5000000000000018 26.150000000000002 2.5000000000000004 25.150000000000002 4.5000000000000009 1.0000000180025095e-35 49.050000000000004 977.05000000000007
decision_type=2 2 10 2 2 2 2 2 2 2 2 2 2 8 2 2 10 2 2 10 8 2 2 2 2 2 2 2 2 2 2 2 10 2 2 2 2 2 2 2 2 2 8 2 2 2 2 2 2 2 2 8 2 2 2 2 2 2 2 2 2 2 2
left_child=2 3 4 27 50 13 10 16 26 12 -5 19 21 28 -11 34 44 -16 23 41 -14 42 55 25 -25 51 -9 -2 29 -6 35 -13 33 57 -10 -15 -29 -27 39 53 -20 -12 -4 -33 45 46 -3 -47 -37 -43 -1 -7 -31 -28 -50 56 -8 58 -19 60 -48 -26 -63
right_child=1 7 9 6 5 18 22 8 15 14 11 31 20 30 17 -17 -18 32 40 -21 -22 -23 -24 24 61 37 38 36 -30 52 -32 43 -34 -35 -36 48 -38 -39 -40 -41 -42 49 -44 -45 -46 47 59 -49 54 -51 -52 -53 -54 -55 -56 -57 -58 -59 -60 -61 -62 62 -64
leaf_value=0.73480932153524214 0.4247069243032317 0.69090125162023197 0.97390504614506279 0.1744813792298977 0.30671888600937636 1.5028719061065587 -0.65763532335003816 -0.97960993957815612 -0.48406391418837408 0.060358384438959169 -0.13924146086080605 0.35186531651810615 0.96914108262940857 1.11660919718392 -0.57762122650515446 -3.4049634608580952 -2.199439859688384 1.3154985205457339 -0.029606992591709014 -0.22898053140834607 -0.3165977508599897 -0.28679066073938214 0.13098125107567768 -0.27192749940160149 0.17300646865783742 0.20647843643268243 -0.265566639703955 -0.026060207191467885 0.99775436797350092 1.314658347483397 -3.5551431341561313 0.65123265194986257 -1.6393828354286151 0.44095201979264442 -0.9551172227081669 0.33845582267216945 0.18761446795756362 -0.50713728326179286 -5.6232543102441683 0.1617516469958365 -0.66735051138120538 -0.018453964050564733 0.15391563127741562 -0.26264867631803235 -2.062904918994668 -0.57600144029892508 0.16772085944576942 0.673708205156622 -0.57522236719328745 0.43576956544911361 0.32987503936504065 0.58404848766355888 -2.6807240934060563 -0.61195912182453582 0.10083930331494809 0.10646355300034099 -0.3412541746516623 -0.38461374854538688 -0.1073057086665072 0.54222849014710772 -0.87788789237802467 -0.54392812080350061 0.16266631115162986
leaf_weight=6061 5398 2713 1903 20491 15991 3583 3853 5194 6203 16259 15152 6095 7681 6908 12457 14292 7404 699 4035 22594 1916 13219 1666 7907 16960 42724 8011 4849 20690 10755 1400 425 6954 8723 27493 9628 20037 817 2153 5043 2550 12350 9201 1988 6887 13611 2911 1074 1557 2407 29967 5142 462 12297 11084 815 10041 11344 6784 2846 3885 2535 3786
leaf_count=6061 5398 2713 1903 20491 15991 3583 3853 5194 6203 16259 15152 6095 7681 6908 12457 14292 7404 699 4035 22594 1916 13219 1666 7907 16960 42724 8011 4849 20690 10755 1400 425 6954 8723 27493 9628 20037 817 2153 5043 2550 12350 9201 1988 6887 13611 2911 1074 1557 2407 29967 5142 462 12297 11084 815 10041 11344 6784 2846 3885 2535 3786
internal_value=-0.000283586 -0.00493509 0.0035738 -0.000171074 0.00584452 0.00476578 -0.00230366 -0.00993898 -0.0118757 -0.00120754 -0.000872985 -0.00257454 0.00255159 0.00752373 -0.00322445 -0.0146266 -0.00615821 -0.00495571 0.00236203 -0.00397739 0.00954725 -0.00020865 -0.00942443 0.00298668 0.000455303 0.00449719 -0.0078384 0.00672137 0.00964863 0.00749963 0.00419515 0.00608251 -0.00308225 -0.0016951 -0.0124406 0.00486599 0.00524391 0.0033434 -0.00650269 -0.00563784 -0.00555429 -0.00166254 0.003913 -0.0030978 -0.00452221 -0.00326923 0.000758802 -0.00665815 0.0032433 0.00109609 0.0108901 0.010255 0.0117255 -0.00742811 0.000595285 -0.0109304 -0.0117893 -0.0038389 1.00227e-05 -0.00154014 -0.00434815 0.00257184 -0.00192612
internal_weight=551860 250178 301682 128161 204542 168514 97877 122017 80686 97140 81502 61011 33920 78475 63220 47988 41331 46961 90039 52503 9597 24323 16375 83454 31188 52266 32698 30284 47898 27208 30577 8508 34504 27550 33696 29177 24886 43541 27504 25351 6585 29909 11104 2413 33927 27040 12355 14685 22269 14757 36028 8725 11217 20308 12641 14709 13894 18827 7483 9642 6796 23281 6321
internal_count=551860 250178 301682 128161 204542 168514 97877 122017 80686 97140 81502 61011 33920 78475 63220 47988 41331 46961 90039 52503 9597 24323 16375 83454 31188 52266 32698 30284 47898 27208 30577 8508 34504 27550 33696 29177 24886 43541 27504 25351 6585 29909 11104 2413 33927 27040 12355 14685 22269 14757 36028 8725 11217 20308 12641 14709 13894 18827 7483 9642 6796 23281 6321
is_linear=0
shrinkage=0.05


Tree=8
num_leaves=64
num_cat=0
split_feature=44 0 8 0 0 23 0 37 22 41 0 0 14 0 14 13 38 14 44 0 28 0 27 11 0 14 23 31 28 0 28 21 7 37 7 14 41 16 41 0 23 41 37 0 30 23 11 37 31 44 37 23 17 38 27 13 14 12 37 0 23 14 28
split_gain=3634.54 2205.85 1291.61 662.933 501.378 480.21 471.667 390.82 372.57 380.992 354.192 266.358 233.679 344.107 220.201 214.061 213.647 200.737 196.435 172.596 158.225 175.5 153.743 145.884 142.01 138.881 227.285 132.322 128.597 126.278 122.459 120.908 115.325 113.279 111.962 107.076 106.572 106.008 102.061 100.369 114.201 100.083 99.9313 98.1446 95.1887 93.197 90.9602 85.3073 83.7173 83.6708 111.317 78.483 76.9429 78.2986 76.4105 75.3797 75.7298 73.5558 72.4468 72.2345 71.8922 71.0853 78.833
threshold=713.00000000000034 32.95000000000001 11.005000000000004 65.725000000000009 18.550000000000004 24.750000000000004 126.25000000000001 34.500000000000007 46.500000000000007 4437.2500000000009 17.050000000000004 39.550000000000004 9.5000000000000018 234.25000000000003 4.5000000000000009 4.5000000000000009 26.950000000000003 9.5000000000000018 2788.7500000000005 54.525000000000006 33.645000000000003 62.050000000000004 39.95000000000001 -0.78656609248549292 120.07500000000002 3.5000000000000004 33.050000000000004 3.9861691647898341 2.0150000000000001 292.25000000000006 8.0950000000000006 116.25000000000001 100.15625 89.500000000000014 40.075595238095246 1.5000000000000002 4991.2500000000009 -3.934578956497178 998.25000000000011 166.25000000000003 18.250000000000004 678.25000000000011 78.500000000000014 342.25000000000006 86.500000000000014 25.950000000000003 -1.0000000180025095e-35 52.500000000000007 10.861957270738799 5415.7500000000009 36.500000000000007 32.150000000000013 15.574850815836376 37.550000000000004 33.050000000000004 2.5000000000000004 9.5000000000000018 0.1294095225512602 68.500000000000014 27.750000000000004 25.550000000000004 4.5000000000000009 1.8550000000000002
decision_type=2 2 10 2 2 2 2 2 2 2 2 2 2 2 2 2 2 2 2 2 2 2 10 2 2 2 2 2 2 2 2 2 8 2 10 2 2 2 2 2 2 2 2 2 2 2 2 2 2 2 2 2 2 2 10 2 2 2 2 2 2 2 2
left_child=2 10 4 8 60 6 23 19 27 -10 -2 34 18 -14 15 30 45 20 39 25 21 42 43 61 35 26 -7 49 36 41 38 -32 -17 54 48 -20 -18 -25 -4 40 -5 -8 46 51 -29 -12 57 -37 59 -3 -51 -16 53 -38 -11 -24 -57 -13 -42 -9 -1 62 -6
right_child=1 3 14 12 5 7 29 11 9 33 16 17 13 -15 22 32 28 -19 24 -21 -22 -23 55 37 -26 -27 -28 44 -30 -31 31 -33 -34 -35 -36 47 52 -39 -40 -41 58 -43 -44 -45 -46 -47 -48 -49 -50 50 -52 -53 -54 -55 -56 56 -58 -59 -60 -61 -62 -63 -64
leaf_value=0.68576482352046819 0.22960308603809257 0.46618145453960375 0.11403200690175415 0.05912355513368045 -0.065293048748540361 0.4118399156657705 1.4027033766120938 0.14116160318151558 -0.044096848631178499 -0.2626082801832505 -0.0225542013128344 -0.36173169568983926 -0.037538663087309812 -5.1224028858458457 -0.0090913575026925503 0.95128819004737653 0.22194017038187241 0.85503012833192915 0.60506581009479499 0.19807562923196254 0.97701251580112014 -0.79055132865140243 -0.26366353286823374 0.54933482976683201 -3.1233914878867419 0.73492914565948986 -0.48343065776658511 -0.18761497161274421 0.35074462529737649 -2.2320783156426667 -0.98962546787316319 0.85255560936943064 -0.60123877912465107 -0.74471780889928041 0.3697299346543681 -0.76037593977976736 -0.040371349496973297 1.2932618046286493 -0.48553637577396436 -3.6089577310319978 -0.72510470262618854 -0.093397268590459478 -0.35381948041486982 -5.4208899400371173 0.3670229565506602 -0.27618664446767288 0.27884460247444526 -1.2050670122029421 -0.10211219089214532 0.30073674725869443 -0.41926325750967719 -0.34548983414586265 0.62723807865415226 0.41031558696792508 -0.47049713829586204 -0.7950786384007984 0.16280536966262851 0.079001916209985409 -1.397017641713082 0.0044975880222000502 0.30864746577376739 1.7983351335463234 0.69048265427416355
leaf_weight=6439 19925 6049 6747 3533 4733 4434 9428 24944 15802 14239 4914 4550 10076 5791 23005 6288 7923 5677 785 10497 1625 11844 7159 9231 12598 13477 1059 14102 4095 4047 1147 3790 1524 5807 13708 15570 28143 24822 9199 5136 12894 8524 7329 2226 1766 6094 7428 12359 4940 2707 2545 5431 592 1532 17834 10129 1327 4271 4368 17910 32308 1965 1519
leaf_count=6439 19925 6049 6747 3533 4733 4434 9428 24944 15802 14239 4914 4550 10076 5791 23005 6288 7923 5677 785 10497 1625 11844 7159 9231 12598 13477 1059 14102 4095 4047 1147 3790 1524 5807 13708 15570 28143 24822 9199 5136 12894 8524 7329 2226 1766 6094 7428 12359 4940 2707 2545 5431 592 1532 17834 10129 1327 4271 4368 17910 32308 1965 1519
internal_value=-0.000310858 -0.00498474 0.0032119 -0.00820698 0.0050504 0.00403234 0.00758414 0.00232492 -0.00498355 -0.0073982 0.00223101 0.000887494 -0.0113428 -0.00588486 -0.00236944 0.00111256 0.00010461 -0.00214516 -0.0126307 0.00740914 -0.00348679 -0.00418666 -0.00439708 0.0106742 -0.0147717 0.0102557 0.00355452 -0.000212558 0.00171988 0.00164667 -0.00152876 0.00535244 0.00817332 -0.0101188 0.00299421 -0.01283 0.000816968 0.0121171 -0.00365922 -0.00921966 -0.00767372 0.0034453 -0.00169226 -0.00222099 -0.0031573 -0.00610011 0.000493877 -0.0133419 0.0018517 0.00392222 -0.000694973 -0.00142953 -0.00053441 -0.00089048 -0.00895535 -0.00798147 -0.0104967 -0.00293901 -0.00935002 0.00256219 0.0102518 0.00469454 0.00208733
internal_weight=551860 237179 314681 163961 236709 197962 64269 133693 80851 53682 73218 104226 83110 15867 77972 28695 53293 42724 67243 29467 37047 35422 49277 42270 41312 18970 5493 27169 42285 21999 20883 4937 7812 37880 61502 28714 38190 34053 15946 25931 20795 17952 23578 30662 15868 11008 16249 27929 47794 11301 5252 28436 30267 29675 32073 18615 11456 8821 17262 42854 38747 8217 6252
internal_count=551860 237179 314681 163961 236709 197962 64269 133693 80851 53682 73218 104226 83110 15867 77972 28695 53293 42724 67243 29467 37047 35422 49277 42270 41312 18970 5493 27169 42285 21999 20883 4937 7812 37880 61502 28714 38190 34053 15946 25931 20795 17952 23578 30662 15868 11008 16249 27929 47794 11301 5252 28436 30267 29675 32073 18615 11456 8821 17262 42854 38747 8217 6252
is_linear=0
shrinkage=0.05


Tree=9
num_leaves=64
num_cat=0
split_feature=44 0 8 0 0 19 8 22 12 0 28 36 0 14 8 25 44 5 0 36 25 31 13 16 38 0 39 31 31 40 25 0 38 28 36 40 0 43 8 31 33 38 13 36 27 14 9 28 36 5 0 18 37 25 28 36 0 38 25 0 14 28 37
split_gain=3350.07 1862.78 1464.27 600.065 596.929 532.481 354.889 344.028 284.568 241.727 240.352 207.603 190.004 186.724 184.001 250.151 182.023 172.204 156.254 148.421 148.363 147.423 139.345 139.182 137.213 134.92 133.723 133.368 117.438 115.507 113.345 109.933 106.233 102.153 100.828 99.8068 97.9404 97.7245 96.9842 96.6589 96.1649 94.1738 100.571 89.9536 89.1573 88.0337 87.7056 86.1153 85.3875 84.3823 74.6662 71.7226 71.3734 69.0779 68.6541 65.1616 64.6955 64.2253 63.3671 61.2404 66.2011 65.475 60.9316
threshold=1369.7500000000002 51.050000000000004 17.505000000000006 23.975000000000005 24.450000000000003 0.061046214993534575 -8.1999999999999957 56.500000000000007 -0.5 116.25000000000001 0.35000000000000003 146.87500000000003 49.050000000000004 8.5000000000000018 76.720000000000013 978.35000000000002 3723.2500000000005 42.525000000000006 66.825000000000017 57.500000000000007 975.45000000000016 0.70710678118654768 4.5000000000000009 1.0564618975553799 26.850000000000005 9.0050000000000008 0.15000000000000005 12.792572392965683 -13.292267053620082 977.25000000000011 973.25000000000011 45.550000000000004 28.150000000000002 2.7050000000000005 297.50000000000006 976.6500000000002 14.65 142.50000000000003 8.3150000000000031 7.541527985475363 9.5500000000000025 37.550000000000004 4.5000000000000009 52.500000000000007 25.050000000000004 5.5000000000000009 1.0000000180025095e-35 1.5050000000000001 67.500000000000014 72.02500000000002 303.25000000000006 18.950000000000003 19.500000000000004 984.45000000000016 17.270000000000007 136.25000000000003 267.25000000000006 33.550000000000004 985.55000000000007 274.25000000000006 9.5000000000000018 8.5250000000000021 17.500000000000004
decision_type=2 2 10 2 2 2 8 2 2 2 2 2 2 2 10 2 2 10 2 2 2 2 2 2 2 2 2 2 2 2 2 2 2 2 2 2 2 2 8 2 2 2 2 2 8 2 10 2 2 8 2 2 2 2 2 2 2 2 2 2 2 2 2
left_child=2 4 3 17 24 6 33 27 28 16 19 18 32 26 15 31 53 25 20 50 -7 -15 39 52 29 -1 34 30 -3 -2 -6 -4 -13 51 -9 -14 -26 -11 -30 -12 -37 -29 -43 -25 -36 -24 -27 -48 56 -22 -8 -5 -17 -10 -50 -19 -20 -18 -16 60 61 -40 -33
right_child=1 8 14 5 7 11 10 13 9 37 22 12 35 21 58 23 57 55 48 -21 49 -23 45 43 36 46 -28 41 38 -31 -32 62 -34 -35 44 40 -38 -39 59 -41 -42 42 -44 -45 -46 -47 47 -49 54 -51 -52 -53 -54 -55 -56 -57 -58 -59 -60 -61 -62 -63 -64
leaf_value=0.44721508867038173 -0.22704720324303704 -0.89887239211389913 -0.048790282659981442 0.53023061790487824 -0.29830832736970692 -0.018650730460918297 0.55572818948685154 -0.044440824985686453 -0.63924849248977533 -2.7269375487305489 0.39016309777068053 -0.16609097661895944 -0.66886171957761131 0.39799879555632867 -2.7433066312398759 1.2038381441018535 -0.99537490699921527 1.3278226819443271 0.42933112567852483 -0.059924739760427073 0.26441843747878291 -0.096482933505321389 0.95295459113731951 0.9526202799573279 0.26920936512298355 -0.014198960836801078 -0.49733315674462042 -0.19885175927969981 -0.11912935136534752 0.082172498875436567 0.22008642466908113 0.94891702536553613 0.10029611667961631 1.082890152547429 -0.086644708073485177 0.14681618125490523 0.098003595026152385 -3.2857346091350594 -0.64748827500435413 -0.063318980861174032 -0.47535631448541393 0.31707803767080434 -0.26726237320262092 0.0038526197214469567 -0.33197227184432571 0.056011165405488963 0.19829004693761171 0.41083738522098667 -0.74015730902277366 0.87429815374790465 -2.8190498645042954 1.052813888280183 -0.4218445468637203 -0.12877430399392911 1.1804805139217034 0.42532347119302116 -2.2704743998605337 -0.39590836394547757 -1.6519444551670954 -6.2522730838040568 -0.072725923863225767 0.037182049443331165 -0.69343123114868033
leaf_weight=8348 2989 5172 4632 23485 2086 8102 11320 6763 14220 9726 10459 10099 6541 2437 4134 701 18326 4434 11537 30132 12006 6054 6761 6068 9764 4329 6677 8456 8954 4282 14126 465 21875 9105 5872 5155 20922 9166 13190 4886 8450 2314 1326 14426 18748 1723 38823 4993 7612 6799 947 12353 15817 4698 561 7380 1715 3252 6786 1675 3517 1851 12338
leaf_count=8348 2989 5172 4632 23485 2086 8102 11320 6763 14220 9726 10459 10099 6541 2437 4134 701 18326 4434 11537 30132 12006 6054 6761 6068 9764 4329 6677 8456 8954 4282 14126 465 21875 9105 5872 5155 20922 9166 13190 4886 8450 2314 1326 14426 18748 1723 38823 4993 7612 6799 947 12353 15817 4698 561 7380 1715 3252 6786 1675 3517 1851 12338
internal_value=-0.000324176 -0.00536096 0.00268892 0.00426232 -0.00103265 0.0029471 0.0053312 -0.00362248 -0.0105697 -0.012665 0.00300402 0.000308605 -0.00188028 -0.00626571 -0.00404906 -0.00286104 -0.0104862 0.00833699 0.00266904 0.00074589 0.00520589 0.0004387 0.00702191 -0.000534962 0.00407501 0.00718894 -0.00776143 0.000724177 -0.00694796 -0.00210081 0.00368863 -0.00779897 0.000516044 0.00876054 -0.00639439 -0.00568351 0.00553836 -0.0173354 -0.00571744 0.00417889 -0.00324329 -0.00324901 0.00347527 0.00221772 -0.00787977 0.0121641 0.00617146 0.00684225 -0.000516919 0.00764291 0.00538233 0.00755902 -0.00395024 -0.00690612 -0.00453628 0.0138268 0.00196197 -0.013625 -0.00997253 -0.0076348 -0.00680838 -0.00825244 -0.0101871
internal_weight=551860 206563 345297 279930 112816 211623 111171 74859 93747 59388 66228 100452 52120 46551 65367 54447 40496 68307 48332 42399 26907 8491 23829 37012 37957 56493 38060 28308 34359 7271 16212 17435 31974 44943 31383 20146 30686 18892 29187 15345 13605 12096 3640 20494 24620 8484 48145 43816 21425 18805 12267 35838 16518 18918 8173 11814 13252 21578 10920 20233 18558 15041 12803
internal_count=551860 206563 345297 279930 112816 211623 111171 74859 93747 59388 66228 100452 52120 46551 65367 54447 40496 68307 48332 42399 26907 8491 23829 37012 37957 56493 38060 28308 34359 7271 16212 17435 31974 44943 31383 20146 30686 18892 29187 15345 13605 12096 3640 20494 24620 8484 48145 43816 21425 18805 12267 35838 16518 18918 8173 11814 13252 21578 10920 20233 18558 15041 12803
is_linear=0
shrinkage=0.05


Tree=10
num_leaves=64
num_cat=0
split_feature=44 0 8 8 0 0 37 42 0 19 38 12 0 43 23 25 0 41 42 0 37 42 41 41 23 34 37 25 33 14 41 37 41 0 23 25 34 39 0 41 33 0 23 29 17 0 0 43 13 0 5 27 27 37 14 41 8 26 42 0 0 29 20
split_gain=3081.79 1784.27 1260.84 537.724 396.863 383.43 286.688 273.005 262.109 369.822 247.092 230.206 206.247 183.866 181.904 179.773 200.574 164.95 161.802 143.027 139.721 138.832 131.807 130.277 126.747 124.179 122.556 121.252 113.399 112.495 110.173 104.576 102.151 94.6919 92.0687 90.0819 89.3464 87.5489 95.6376 111.042 89.8173 87.2024 113.367 82.1202 82.0858 92.636 79.7171 76.7059 75.0031 74.5192 108.811 73.0032 72.3728 71.2102 70.4273 68.7525 66.3961 65.9223 64.9846 63.71 62.514 61.9522 61.7581
threshold=1158.7500000000002 40.975000000000009 -1.4999999999999989 23.025000000000009 22.050000000000004 80.225000000000009 54.500000000000007 -5.9499999999999993 18.550000000000004 0.53727914962411616 27.350000000000005 -0.5 54.025000000000006 135.62500000000003 27.050000000000004 979.75000000000011 228.25000000000003 5067.0000000000009 -1.1500000000000001 24.025000000000002 55.500000000000007 9.5500000000000043 1136.7500000000002 5715.2500000000009 22.450000000000003 -0.21643137258081238 82.500000000000014 973.95000000000016 17.550000000000004 4.5000000000000009 1915.5000000000002 28.500000000000004 8703.7500000000018 112.07500000000002 25.550000000000004 972.75000000000011 -0.25037047035109422 1.0000000180025095e-35 228.25000000000003 2349.2500000000005 11.350000000000003 213.25000000000003 19.550000000000004 194.9430095942275 1.1300548746548327 259.25000000000006 8.0100000000000016 -41.249999999999993 3.5000000000000004 59.650000000000013 53.025000000000006 35.45000000000001 52.550000000000004 17.500000000000004 8.5000000000000018 6880.2500000000009 -2.9999999999999987 39147.000000000007 9.7500000000000018 68.02500000000002 110.10000000000001 0.26856954982577802 -0.19936034309715203
decision_type=2 2 8 10 2 2 2 2 2 2 2 2 2 2 2 2 2 2 2 2 2 2 2 2 2 2 2 2 2 2 2 2 2 2 2 2 2 2 2 2 2 2 2 2 2 2 2 2 2 2 10 8 10 2 2 2 8 2 2 2 2 2 2
left_child=2 4 8 7 28 6 21 14 -1 18 32 44 31 41 57 53 22 -8 24 -9 25 36 47 -22 33 -12 49 -21 56 -16 -14 -11 61 -10 -33 -20 43 38 39 -29 -41 42 -13 52 45 58 -30 -17 -38 50 -26 -36 -3 -5 -19 -37 -2 60 -7 -55 -4 -6 -24
right_child=1 5 3 15 10 11 17 19 9 12 20 13 30 -15 29 16 -18 54 35 27 23 -23 62 -25 26 -27 -28 37 46 -31 -32 34 -34 -35 51 55 48 -39 -40 40 -42 -43 -44 -45 -46 -47 -48 -49 -50 -51 -52 -53 -54 59 -56 -57 -58 -59 -60 -61 -62 -63 -64
leaf_value=0.37837555412747426 0.31466245394329562 -0.10379258459640801 0.62586613863845697 0.8017588918940789 -0.20087952957000069 -0.091610582912059105 -0.25534208332008934 0.13300695119101533 1.4082452165348252 1.3014037856384992 0.007482775843254675 -0.31648302505387971 0.041144442594613299 -1.8595303953677764 0.41828249559225111 1.1281336874326389 -2.7674216713835622 -0.66912204903997474 -0.28122867573994303 -0.26059328550371091 0.1048077467567087 -0.42627186147652679 -0.64292218596108563 -0.15154201404655485 0.27225607001947355 0.43223510850622288 -0.073258299739672281 0.20487246779476886 0.36674891021827483 0.018363325270798109 -0.63968417235864428 0.65738569845007677 -0.38464308166256889 1.5241186790476311 0.19514748974975127 0.53947516089581737 -0.082601195319325818 -0.32181826387518664 -2.3138085581122385 0.14435111654593094 -0.1858141186762427 -5.2420307007609006 -1.4087868986266572 0.33710047800221954 -1.1786130782255693 -4.9553991771208716 0.0031034176590305496 0.051362797698163189 0.39630317944508159 0.42357259342762554 0.89687158056776439 -0.020593446762077763 -0.485218539325248 -0.32773547856954865 -0.13934822830478799 -0.046696275898030992 0.087396701495093931 -0.52808976411539832 -1.0986524179103594 -1.1810251408999273 0.54879218433812549 0.061983813866658605 -0.12880917262173805
leaf_weight=28392 10887 8734 16311 676 5615 7608 10922 14227 11750 1421 13805 4739 11380 19169 5853 4341 8466 20252 1687 10754 7532 10434 4407 18139 12492 5630 3239 28544 1538 25274 6584 4117 6042 6457 12808 18258 5646 4931 3510 8019 15556 4074 8902 1528 5714 2024 12787 7260 4361 7160 7890 11504 4891 7170 1713 4209 7000 287 2847 7350 4130 2746 10167
leaf_count=28392 10887 8734 16311 676 5615 7608 10922 14227 11750 1421 13805 4739 11380 19169 5853 4341 8466 20252 1687 10754 7532 10434 4407 18139 12492 5630 3239 28544 1538 25274 6584 4117 6042 6457 12808 18258 5646 4931 3510 8019 15556 4074 8902 1528 5714 2024 12787 7260 4361 7160 7890 11504 4891 7170 1713 4209 7000 287 2847 7350 4130 2746 10167
internal_value=-0.000330247 -0.00500223 0.00265798 -7.51737e-05 0.000281015 -0.00892415 -0.00642624 0.00153862 0.00608445 0.00506961 -0.00213875 -0.01203 0.00165014 -0.0143002 0.00440121 -0.00452425 -0.00253529 -0.00979186 0.00730497 -0.000196689 -0.000318139 -0.00331657 -0.000371538 -0.00273947 0.00895628 0.00288011 0.00700026 -0.00110988 0.00475133 0.00198461 -0.00258294 0.00419765 -0.00784038 0.0122631 0.003536 0.00395587 -0.00130564 -0.000241083 0.00032492 0.000862929 -0.00167656 -0.010628 -0.00871087 -0.00372698 -0.00742731 -0.00515466 0.0014363 0.00360529 0.00236085 0.0080822 0.00962369 0.00236509 -0.00495963 -0.0090583 -0.0122889 0.00479258 0.00740622 0.0080302 -0.00325921 -0.00979683 0.00836432 -0.00426085 -0.00353712
internal_weight=551860 215279 336581 187233 91721 123558 68481 137396 149348 120956 59509 55077 47814 36884 51855 49837 34641 32887 73142 85541 45106 35594 26175 25671 48988 19435 30781 71314 32212 31127 17964 29850 14403 18207 28429 24154 25160 60560 55629 52119 23575 17715 13641 15153 18193 12479 14325 11601 10007 27542 20382 24312 13625 15196 21965 22467 17887 20728 10455 14520 20441 8361 14574
internal_count=551860 215279 336581 187233 91721 123558 68481 137396 149348 120956 59509 55077 47814 36884 51855 49837 34641 32887 73142 85541 45106 35594 26175 25671 48988 19435 30781 71314 32212 31127 17964 29850 14403 18207 28429 24154 25160 60560 55629 52119 23575 17715 13641 15153 18193 12479 14325 11601 10007 27542 20382 24312 13625 15196 21965 22467 17887 20728 10455 14520 20441 8361 14574
is_linear=0
shrinkage=0.05


Tree=11
num_leaves=64
num_cat=0
split_feature=44 0 8 0 8 39 0 23 38 43 12 42 44 38 23 38 0 25 0 23 41 0 0 19 41 0 25 41 28 37 21 31 28 17 0 37 19 11 37 13 44 27 36 0 19 0 37 32 31 19 0 7 17 41 25 36 0 20 36 0 39 37 13
split_gain=2841.08 1808.09 973.453 509.587 355.626 355.181 311.033 275.101 250.441 226.235 255.605 212.406 211.245 204.361 199.187 198.738 194.109 186.94 171.861 163.727 160.807 152.91 128.69 120.793 118.136 115.687 136.311 115.009 109.33 108.776 104.465 101.578 98.304 98.1438 95.6219 128.628 94.83 94.6754 94.5945 89.3735 87.2608 83.5999 81.4755 80.9203 79.6554 93.7282 76.4837 75.9038 75.7828 75.666 74.7328 74.6131 74.5894 72.8481 68.4491 67.4374 65.8509 65.8353 65.4939 64.8216 63.3417 62.1128 61.7849
threshold=523.75000000000011 34.95000000000001 -1.0999999999999959 69.825000000000017 23.025000000000009 1.0000000180025095e-35 17.050000000000004 27.950000000000003 29.850000000000005 86.250000000000014 -0.5 -5.9499999999999993 3363.0000000000009 36.550000000000004 30.550000000000004 27.350000000000005 166.25000000000003 980.35000000000002 53.550000000000004 27.150000000000002 2550.7500000000005 267.25000000000006 124.25000000000001 -0.20791169081775965 8703.7500000000018 252.75000000000003 984.35000000000002 4991.2500000000009 0.60500000000000009 54.500000000000007 255.62500000000003 12.207406459898644 0.62500000000000011 1.4307820134296534 25.550000000000004 61.500000000000007 0.53727914962411616 0.12940952255126045 92.500000000000014 4.5000000000000009 -11732.249999999998 26.950000000000003 190.62500000000003 43.550000000000004 0.77159520228797462 57.525000000000006 17.500000000000004 9.017920358367391 -4.3018339399513215 0.47714059151611399 259.25000000000006 31.258114035087726 15.574850815836376 7577.2500000000009 977.45000000000016 2967.5000000000005 60.025000000000006 -0.12186934340514725 1252.5000000000002 327.25000000000006 0.15000000000000005 24.500000000000004 3.5000000000000004
decision_type=2 2 8 2 10 2 2 2 2 2 2 2 2 2 2 2 2 2 2 2 2 2 2 2 2 2 2 2 2 2 2 2 2 2 2 2 2 2 2 2 2 10 2 2 2 2 2 2 2 2 2 8 2 2 2 2 2 2 2 2 2 2 2
left_child=2 6 7 5 11 12 60 16 14 25 33 19 36 41 38 24 20 46 32 -4 40 23 42 53 57 26 -5 -17 43 31 59 -29 -10 50 -32 37 48 56 61 -15 -1 -14 -12 49 -42 -46 -6 -28 -3 51 -11 -21 -31 -19 -20 -33 -36 -8 -7 -13 -2 -9 -62
right_child=1 3 4 9 17 58 15 8 18 10 22 30 13 39 -16 27 -18 21 54 28 -22 -23 -24 -25 -26 -27 47 29 -30 52 34 55 -34 -35 35 -37 -38 -39 -40 -41 44 -43 -44 -45 45 -47 -48 -49 -50 -51 -52 -53 -54 -55 -56 -57 -58 -59 -60 -61 62 -63 -64
leaf_value=1.3000631656814461 0.22950729259708724 0.42614459451827313 0.55854400513364877 -0.9490807948144746 0.76601076626240339 -0.65260242885454245 -0.12545973170083044 1.856181682950313 0.2148227394920865 -0.20932161346970102 -0.50914233260493413 0.14091159029819508 -0.16657615976477491 0.19237386759800079 -0.24086959029929178 0.24728843577197318 0.29783556901281938 0.66593878631508208 -0.4652586368191976 -0.13455950222656524 0.21078501560496188 -3.1450576870054108 -3.2722711047707218 -0.40594912614846523 -0.2677453394427825 -4.6773923159340214 -0.47885697961367779 0.25863298146807584 0.30369948732146607 -0.068776869122344264 0.08425717920925252 -0.079044165442290815 0.50544438678935144 -1.0093751894240317 0.0069946204309231045 -0.29341863754342534 -0.18086874089126678 0.36055348483551158 -0.30815543536891765 -0.27591767826129193 0.88977033926945559 -0.3863275456652584 -1.0313902280059175 -0.25966454300963299 0.45193556034518623 0.060243894776711743 -0.60629943199787906 0.61883676357094108 -0.017465167644961411 0.18604516065177901 -4.9007498344366391 0.18218395579465821 0.56278303512382277 -0.30877377416191365 0.32158092083011947 0.22437454012944227 -0.55900816240625706 0.11198836884578278 0.1291470935338509 -4.1011214891882988 0.2159114837808474 0.14278917669410801 -0.1595120248235726
leaf_weight=3356 17921 6967 20945 12604 768 10134 5566 966 22041 7786 3052 32169 10497 6134 8352 9891 9077 10810 3237 4331 16297 5069 12436 9655 6080 5502 14699 8154 8415 20784 9500 6061 10243 4680 7628 12699 12242 4945 1523 3052 31586 23932 17914 6896 9061 4310 13674 2155 9452 8132 1079 2164 446 2559 4458 1579 4840 3976 531 968 1441 13083 1356
leaf_count=3356 17921 6967 20945 12604 768 10134 5566 966 22041 7786 3052 32169 10497 6134 8352 9891 9077 10810 3237 4331 16297 5069 12436 9655 6080 5502 14699 8154 8415 20784 9500 6061 10243 4680 7628 12699 12242 4945 1523 3052 31586 23932 17914 6896 9061 4310 13674 2155 9452 8132 1079 2164 446 2559 4458 1579 4840 3976 531 968 1441 13083 1356
internal_value=-0.000357156 -0.00432673 0.00288512 -0.00736011 0.000309478 -0.00459755 0.00167948 0.00599571 0.0035949 -0.0101576 -0.0124252 0.00166624 -0.00334067 -0.00553193 -0.00045143 -7.95529e-05 0.00807775 -0.00363407 0.00601628 0.00414431 0.00903962 -0.00125743 -0.0147746 0.000473419 -0.00496415 -0.00711241 -0.00586937 0.00154695 0.001772 0.000267394 -6.70112e-05 0.00340952 0.00761678 -0.0066316 -0.00179996 -0.0031798 -6.10586e-06 -0.000389077 0.0028898 0.00109406 0.0104884 -0.00729981 -0.0123843 -0.000117316 0.0099078 0.00667302 -0.00825717 -0.00292809 0.00247731 0.00198776 -0.0035392 -0.00203618 -0.00207018 0.00355113 -0.000698506 -0.000732984 -0.00271094 -0.0014934 -0.0131153 0.00200456 0.00698909 0.00417289 -8.93815e-06
internal_weight=551860 248103 303757 164848 166167 82941 83255 137590 63903 81907 46947 123632 72276 43615 23924 62537 73687 42535 39979 50883 64610 28093 33402 23024 15622 34960 29458 46915 29938 37024 72749 15794 32284 13545 39612 30112 28661 17413 15572 9186 48313 34429 20966 21523 44957 13371 14442 16854 16419 14627 8865 6495 21230 13369 7695 7640 12468 9542 10665 33137 20718 14049 2797
internal_count=551860 248103 303757 164848 166167 82941 83255 137590 63903 81907 46947 123632 72276 43615 23924 62537 73687 42535 39979 50883 64610 28093 33402 23024 15622 34960 29458 46915 29938 37024 72749 15794 32284 13545 39612 30112 28661 17413 15572 9186 48313 34429 20966 21523 44957 13371 14442 16854 16419 14627 8865 6495 21230 13369 7695 7640 12468 9542 10665 33137 20718 14049 2797
is_linear=0
shrinkage=0.05


Tree=12
num_leaves=64
num_cat=0
split_feature=44 8 27 8 8 38 27 28 9 16 27 13 27 8 25 41 29 22 28 17 36 38 38 9 39 9 41 35 18 13 39 6 27 31 36 21 16 25 43 16 37 14 41 23 17 38 29 31 25 38 6 22 22 40 18 9 30 16 28 41 7 16 9
split_gain=2631.56 1158.58 1021.51 644.878 447.829 403.892 211.739 202.631 237.099 200.378 230.936 187.088 180.794 174.842 201.035 161.366 153.12 147.12 142.176 125.34 124.882 124.08 123.718 118.973 113.799 104.057 112.449 106.866 103.939 95.8163 94.4506 93.0313 89.6589 98.1298 88.2823 87.3457 86.6083 84.9168 82.9284 103.617 82.1724 82.0441 82.0223 75.8837 75.7871 74.599 73.449 67.4069 66.9145 66.03 65.9252 65.0792 64.6891 62.1455 62.0661 61.2818 60.8431 60.2988 58.8337 57.555 57.5258 57.2242 55.558
threshold=1568.500000000002 17.025000000000009 50.050000000000004 10.000000000000007 -10.199999999999996 26.650000000000002 23.050000000000004 0.33000000000000007 51.550000000000004 5.4207180025972628 38.750000000000007 4.5000000000000009 114.25000000000001 76.720000000000013 978.6500000000002 2349.2500000000005 10.189969437249772 44.500000000000007 17.270000000000007 1.507592706504596 77.500000000000014 27.950000000000003 37.150000000000013 148.25000000000003 1.0000000180025095e-35 45.050000000000004 5626.2500000000009 0.66913060635885813 22.350000000000005 5.5000000000000009 0.35000000000000003 276.77500000000003 38.45000000000001 10.395739661392545 165.62500000000003 2222.5000000000005 3.9381611903595712 973.45000000000016 -777.49999999999989 1.763900401307996 12.500000000000002 8.5000000000000018 4929.5000000000009 31.850000000000005 -4.1966958722711025 38.150000000000013 29.266706855596762 12.959661608133862 982.55000000000007 27.450000000000003 41.555000000000021 33.500000000000007 66.500000000000014 978.35000000000002 18.150000000000002 36.050000000000004 10.500000000000002 17.257140596465611 1.7850000000000004 4050.7500000000005 90.810416666666683 0.87259251161808027 219.25000000000003
decision_type=2 10 10 10 8 2 8 2 8 2 8 2 10 10 2 2 2 2 2 2 2 2 2 10 2 8 2 2 2 2 2 10 10 2 2 2 2 2 2 2 2 2 2 2 2 2 2 2 2 2 10 2 2 2 2 8 2 2 2 2 8 2 10
left_child=1 4 3 5 9 24 55 8 -6 10 34 18 17 14 43 28 54 36 38 29 -12 -5 25 -22 47 -8 52 -28 30 57 31 37 33 51 56 44 62 -10 -9 -40 -24 -26 -19 -3 -13 -45 -20 -2 -15 53 -14 -17 -27 -36 -11 -7 -1 -16 -57 -18 -31 -49 -4
right_child=2 13 12 21 7 6 22 11 15 16 20 35 50 48 19 32 59 42 46 -21 23 -23 40 -25 41 26 27 -29 -30 60 -32 -33 -34 -35 49 -37 -38 -39 39 -41 -42 -43 -44 45 -46 -47 -48 61 -50 -51 -52 -53 -54 -55 -56 58 -58 -59 -60 -61 -62 -63 -64
leaf_value=0.47943242113460016 -0.063358358948372231 -0.24726608531426222 -0.2660751174951041 -0.72741928337031736 0.19900184623488243 0.37620583177383343 0.13926126348716222 -0.30592571824165199 -0.11117555580667447 0.33023996514431586 0.64439058865174459 0.83016373426228773 -0.18941116824712576 -2.9969282000129827 -0.083206663467970968 0.40415948255811157 1.5527644811457084 -0.4220202036989889 0.90954812615819636 -0.38000956947594577 0.13626649072438088 -0.27283750542604857 -0.13802595427853839 -0.39882354421353339 -0.41556273407867722 0.45737077761983091 -0.13754603338372356 0.18168425197488777 0.59431659688728666 1.011876514202438 -0.33330366387263655 -2.6537782150438982 -0.23387393076397744 -0.16439586015345201 -0.16539432451078895 -0.010184893037077036 -0.06150956546698319 0.1699348193225759 -0.13030335859405004 0.2240880800442725 0.33621697530967354 0.32808415281310027 -0.6536822727786471 -0.68399115651490028 0.28808336959128544 0.13925154516461222 0.32310984359987927 -0.54157360765975882 -1.5848222064222803 0.31850739933878341 -1.8986577021200763 -0.0077192952324871946 -0.0035199509091359271 0.38723280581407921 0.83853376778229427 0.098815881686637144 2.1648115861081267 0.74225570446521061 0.37943092548345625 0.3588533056826263 0.080016122998647091 -0.20592724333137655 -0.80594331452935786
leaf_weight=7382 8633 12521 7518 15349 23585 3635 6346 2621 7501 16306 15617 7462 1216 2523 18516 3672 7500 8638 2964 12271 15907 21744 1688 8063 5010 3150 28527 3848 6020 2821 2632 2188 15043 6901 2305 1888 7369 42216 8617 11599 5018 346 19737 6067 4794 786 5152 3308 8845 11870 14092 23549 6383 1825 13098 14214 2237 3051 1780 4313 1486 5730 4867
leaf_count=7382 8633 12521 7518 15349 23585 3635 6346 2621 7501 16306 15617 7462 1216 2523 18516 3672 7500 8638 2964 12271 15907 21744 1688 8063 5010 3150 28527 3848 6020 2821 2632 2188 15043 6901 2305 1888 7369 42216 8617 11599 5018 346 19737 6067 4794 786 5152 3308 8845 11870 14092 23549 6383 1825 13098 14214 2237 3051 1780 4313 1486 5730 4867
internal_value=-0.000375367 0.00220885 -0.00498849 -0.00252489 0.00361614 -0.000392354 0.00139464 0.00208487 0.00110478 0.00618311 0.00445818 0.00498204 -0.01022 -0.0036099 -0.00249005 0.000127139 0.00891198 -0.0087146 0.00280506 -0.000383405 0.00206444 -0.00813698 -0.000197416 -0.000202336 -0.00618079 -0.00108178 -0.0019853 -0.00339073 0.00185486 0.0015904 0.00116664 0.0016352 -0.00200092 -0.000583201 0.00815703 0.00974618 -0.00540144 0.00207927 0.00078491 0.00186981 0.00616612 -0.0125653 -0.0110211 -0.00663776 0.0112883 -0.0108675 0.0084894 -0.00424566 -0.00927604 0.00588125 -0.014953 0.000766871 0.00278768 0.000435835 0.00698034 0.00585231 0.0119425 0.000230676 0.00452045 0.0137201 0.00839912 -0.00726378 -0.00795519
internal_weight=551860 353714 198146 134709 284827 97616 74589 178404 133307 106423 65206 45097 63437 68887 57519 109722 41217 48129 30953 38145 39587 37093 54960 23970 23027 48254 41908 32375 60557 25874 54537 51905 49165 34122 25619 14144 19754 49717 22837 20216 6706 5356 28375 19374 12256 6853 8116 17671 11368 16000 15308 27221 9533 4130 29404 19629 9619 21567 15994 11813 4307 9038 12385
internal_count=551860 353714 198146 134709 284827 97616 74589 178404 133307 106423 65206 45097 63437 68887 57519 109722 41217 48129 30953 38145 39587 37093 54960 23970 23027 48254 41908 32375 60557 25874 54537 51905 49165 34122 25619 14144 19754 49717 22837 20216 6706 5356 28375 19374 12256 6853 8116 17671 11368 16000 15308 27221 9533 4130 29404 19629 9619 21567 15994 11813 4307 9038 12385
is_linear=0
shrinkage=0.05


Tree=13
num_leaves=64
num_cat=0
split_feature=44 0 0 25 5 0 41 0 0 22 28 0 14 16 16 41 19 36 33 12 31 38 38 13 0 5 14 41 39 14 0 39 41 0 28 0 33 14 4 0 0 36 44 29 38 9 43 27 27 25 31 13 14 32 23 28 38 23 14 29 28 17 29
split_gain=2405.37 1464.05 790.734 682.858 526.279 489.516 467.121 464.622 380.863 291.011 264.02 249.225 285.748 217.328 202.753 169.3 161.283 138.202 132.844 118.317 116.534 113.465 108.3 108.246 105.165 108.189 107.288 102.652 109.145 100.863 98.8651 97.6552 94.6756 88.2756 88.0773 87.5672 86.9716 83.0543 79.7518 81.3305 79.2063 77.9655 76.6509 72.8045 72.7283 70.7152 69.7392 69.5121 69.2932 69.0344 68.2352 65.9208 74.3693 68.77 65.3106 65.0138 64.3742 76.7115 63.1556 60.3755 59.3674 58.8284 56.1352
threshold=1369.7500000000002 53.550000000000004 48.025000000000006 977.1500000000002 59.525000000000006 252.75000000000003 1136.7500000000002 27.450000000000003 19.550000000000004 53.500000000000007 1.5050000000000001 140.25000000000003 9.5000000000000018 5.6167587397983363 7.6856614465620021 4857.7500000000009 -0.5948001377222607 155.62500000000003 16.450000000000003 -0.60355339059327384 14.174653670722625 36.45000000000001 26.250000000000004 4.5000000000000009 92.02500000000002 114.25000000000001 9.5000000000000018 13381.250000000002 0.35000000000000003 3.5000000000000004 65.725000000000009 1.0000000180025095e-35 8186.5000000000009 8.0100000000000016 5.785000000000001 499.50000000000006 20.550000000000004 1.5000000000000002 52.525000000000006 34.550000000000004 8.0100000000000016 37.500000000000007 -1489.7499999999998 109.0701924861656 20.650000000000002 1.0000000180025095e-35 127.50000000000001 15.950000000000001 32.050000000000004 973.1500000000002 16.195761788827731 5.5000000000000009 4.5000000000000009 11.150628469275128 20.950000000000003 0.66500000000000015 26.950000000000003 25.250000000000004 5.5000000000000009 26.083140799206234 1.5250000000000001 -7.89491653229432 118.42867531366569
decision_type=2 2 2 2 10 2 2 2 2 2 2 2 2 2 2 2 2 2 2 2 2 2 2 2 2 8 2 2 2 2 2 2 2 2 2 2 2 2 8 2 2 2 2 2 2 10 2 8 8 2 2 2 2 2 2 2 2 2 2 2 2 2 2
left_child=2 7 4 30 8 6 14 18 40 20 21 12 16 24 43 -11 37 58 47 -13 49 27 -17 29 25 -8 -26 28 38 32 55 36 34 -20 -15 41 51 -3 39 50 -1 -7 -16 -5 -39 -42 -21 -2 -24 -9 -10 53 -53 -18 -41 -4 57 -35 -6 -19 -47 -12 -22
right_child=1 11 3 5 17 35 13 9 10 15 61 19 -14 23 42 22 31 59 33 46 62 -23 48 -25 26 -27 -28 -29 -30 -31 -32 -33 -34 56 -36 -37 -38 44 -40 54 45 -43 -44 -45 -46 60 -48 -49 -50 -51 -52 52 -54 -55 -56 -57 -58 -59 -60 -61 -62 -63 -64
leaf_value=0.42856658998341168 0.36946747912960598 0.92566383397978003 -0.32171705874540035 0.42795975106676387 1.8569207820626952 -0.11419143837456831 -0.18581298684442343 -0.28683745187051679 0.077979235906218899 -0.021618357892600672 0.48554018780173486 -1.7154646007112051 0.38736341222640203 -0.11139295046870296 1.5989623788606524 -0.49252246775490943 -0.61608137737644642 0.27525965932629443 0.34971443958348253 -2.8879301038652958 -0.18494018634118381 0.44370928479278915 -0.11143071603296734 0.60723365596754819 -1.1227506861671046 0.40421434488180064 -0.095673298203293566 -0.18578339507985922 -0.210055161648424 0.40398315253788131 -0.86587078340477186 -1.1455275424404174 -0.66918440840424931 0.053145305033389149 1.9109073835450225 -9.8508137981397361 -0.8895127211224626 -1.0661019614997786 0.23447572086859447 0.67978332811228614 -0.013436129028804856 -2.5971262550661303 0.85073111633653409 -1.0000337963699821 -0.2978303566472365 0.20911603403405801 -3.8937819275302781 0.12665962062192251 -0.28184484241030738 0.18067235359426267 -0.17079653195907035 0.19150044391673982 -0.4747326323521075 0.037542526122015564 -0.12054412189996261 0.12261857568340923 0.034909220099675876 -0.18517057167077053 0.55206935276409708 0.91783642465050019 0.4157401158404726 0.20398404104254741 0.15701592899055838
leaf_weight=7234 4047 994 12567 33741 8386 4580 18911 1726 36331 10880 7518 7453 4536 8077 10638 6400 19803 10062 1756 6627 7849 3112 10306 8290 9340 5068 4813 5531 6602 11858 12763 4460 3191 2470 641 2409 14505 2923 14858 648 3166 8486 11414 1349 13907 30053 7183 18021 16701 14534 1878 2252 2711 1663 17953 2854 16530 4706 4192 2607 3436 10740 1620
leaf_count=7234 4047 994 12567 33741 8386 4580 18911 1726 36331 10880 7518 7453 4536 8077 10638 6400 19803 10062 1756 6627 7849 3112 10306 8290 9340 5068 4813 5531 6602 11858 12763 4460 3191 2470 641 2409 14505 2923 14858 648 3166 8486 11414 1349 13907 30053 7183 18021 16701 14534 1878 2252 2711 1663 17953 2854 16530 4706 4192 2607 3436 10740 1620
internal_value=-0.000376545 -0.00464447 0.0021766 -0.000239195 0.00454643 0.00116452 0.00218505 -0.000981318 0.00341574 -0.00357133 0.00178305 -0.00948162 -0.00799953 -0.00054745 0.00554146 -0.00602829 -0.00886931 0.0112221 0.002834 -0.0142043 0.000657818 0.00063483 -0.00779253 0.00248698 -0.00309845 -0.00108115 -0.00651629 0.000286691 0.000751885 0.000771027 -0.00735169 -0.0104518 -0.00247922 0.000373105 0.00021794 -0.00723263 -0.00968632 -0.00483898 0.00131858 0.000465587 0.00732815 -0.00561763 0.00929848 0.00318039 -0.00566845 0.00638453 -0.0169442 0.00567337 -0.00640667 0.00322571 0.00178557 -0.00797892 -0.00278561 -0.00917963 -0.00224585 -0.00465761 -0.000428162 -0.00438266 0.0149348 0.00753611 0.00705978 0.00724888 -0.00375172
internal_weight=551860 206563 345297 170990 174307 142806 127331 117546 149060 70016 105171 89017 67754 70189 57142 44287 63218 25247 47530 21263 25729 86913 33407 32057 38132 23979 14153 83801 78270 23767 28184 45394 11909 25462 8718 15475 40934 17824 71668 56810 43889 13066 22052 35090 16830 36655 13810 22068 27007 16260 38209 26429 4963 21466 18601 15421 23706 7176 12578 12669 33489 18258 9469
internal_count=551860 206563 345297 170990 174307 142806 127331 117546 149060 70016 105171 89017 67754 70189 57142 44287 63218 25247 47530 21263 25729 86913 33407 32057 38132 23979 14153 83801 78270 23767 28184 45394 11909 25462 8718 15475 40934 17824 71668 56810 43889 13066 22052 35090 16830 36655 13810 22068 27007 16260 38209 26429 4963 21466 18601 15421 23706 7176 12578 12669 33489 18258 9469
is_linear=0
shrinkage=0.05


Tree=14
num_leaves=64
num_cat=0
split_feature=42 0 8 44 0 8 37 19 0 9 8 23 25 12 28 0 28 39 14 0 16 8 36 12 31 33 36 25 0 31 36 33 37 40 0 8 35 0 0 23 35 14 13 13 37 27 29 0 23 0 44 28 21 36 35 37 9 36 27 22 9 14 25
split_gain=2230.86 1173.3 789.368 590.137 353.527 322.425 292.766 236.813 294.995 229.492 217.288 195.476 184.697 179.369 171.662 163.534 164.67 155.356 152.454 142.456 137.138 134.238 126.725 115.361 104.194 101.628 127.802 116.547 129.304 99.1085 87.6972 85.7376 80.0071 79.0797 78.3659 77.0429 75.0347 73.7071 72.2492 123.228 71.1038 70.9348 66.5511 66.3141 66.2495 65.2546 64.8817 64.5588 108.483 64.3779 64.0355 63.7533 63.2685 62.9463 69.5753 62.2397 62.1473 61.3589 60.9148 60.2406 59.9723 59.3331 58.9583
threshold=0.84999999999999976 31.950000000000006 -1.4999999999999989 2163.7500000000005 88.02500000000002 26.715000000000007 49.500000000000007 0.77159520228797462 33.925000000000004 40.050000000000004 23.025000000000009 19.450000000000003 979.55000000000007 -0.5 2.7050000000000005 23.975000000000005 15.320000000000002 1.0000000180025095e-35 8.5000000000000018 120.07500000000002 1.2209579304660425 -15.499999999999993 276.25000000000006 1.0000000180025095e-35 12.016680504084826 10.550000000000002 180.62500000000003 977.75000000000011 46.550000000000004 6.2923644806432373 332.50000000000006 16.450000000000003 77.500000000000014 987.1500000000002 178.25000000000003 147.20000000000002 -0.43049470426488839 59.650000000000013 157.25000000000003 24.850000000000005 -0.25881904510252068 3.5000000000000004 5.5000000000000009 4.5000000000000009 90.500000000000014 57.550000000000004 183.35092462369053 140.25000000000003 14.050000000000002 22.950000000000003 185.25000000000014 1.5250000000000001 1112.5000000000002 152.50000000000003 0.56638466991089664 82.500000000000014 1.0000000180025095e-35 136.25000000000003 59.050000000000004 9.5000000000000018 35.050000000000004 3.5000000000000004 976.55000000000007
decision_type=2 2 8 2 2 10 2 2 2 8 10 2 2 2 2 2 2 2 2 2 2 10 2 2 2 2 2 2 2 2 2 2 2 2 2 10 2 2 2 2 2 2 2 2 2 10 2 2 2 2 2 2 2 2 2 2 10 2 10 2 8 2 2
left_child=2 9 7 10 6 11 24 14 60 -2 22 19 -7 -6 23 56 25 21 30 -4 -14 -11 38 33 42 27 32 28 -17 -20 -8 -23 43 49 57 50 -19 52 39 40 -3 -39 -5 61 -32 -41 -26 48 -15 -1 -22 -33 -16 54 62 -51 -13 -12 -28 -24 -9 -27 -10
right_child=1 3 5 4 13 12 18 8 53 17 34 15 20 47 37 16 -18 36 29 -21 35 31 59 -25 46 26 58 -29 -30 -31 44 51 -34 -35 -36 -37 -38 41 -40 45 -42 -43 -44 -45 -46 -47 -48 -49 -50 55 -52 -53 -54 -55 -56 -57 -58 -59 -60 -61 -62 -63 -64
leaf_value=0.18705811974350572 0.22945136135562549 0.96541651593467626 0.94767182994179189 -0.052124835471290876 -0.94333422625739805 -0.67729239049614776 -0.28898620062074554 0.39527757734811714 -0.18882756932522179 0.22329133089150377 -0.17392118533175413 -0.085320986972582932 -0.72315140853731719 0.26670515209972073 1.0627293595753478 0.023975481309384251 0.46068666267669267 -0.25364140221566978 0.41019019344811358 0.14285842776741153 0.4689272154243887 0.074090665998441427 0.46589597003625721 0.51596569047555696 -0.28071860708897772 -0.47254559951197672 -0.14647271118433433 0.17480012925794225 -0.45349586689004939 -0.18497219845149285 -0.44389801284552899 -0.09123540872691982 -0.15894448479327905 0.69943474066498867 -2.7917902960942662 -4.1903818775016113 -0.043898057818975947 1.7606906657175578 -0.8569012616862024 0.048188711706718727 0.26100335833475569 0.16750996039279001 0.33553008322790667 0.64899032520576172 -0.77970514998260709 -0.42876377087372997 0.13567537761250931 -3.5956647735748621 -1.2312133203134634 0.076880789226770607 -0.68155755383442473 0.12609386019723026 0.27047223636433915 -0.25487998011735852 -0.29991288391131093 -0.43263538086900283 0.16672224665043717 -0.50452875139196895 -0.61915120806772583 -0.29863716862659934 0.16723825339886111 0.24267995210557355 0.65997604399380871
leaf_weight=9373 15445 4083 8610 11953 12453 10122 9408 6625 1394 13216 7902 2045 8928 925 7700 14099 7290 4913 1553 5521 10792 14276 620 33394 16089 1447 18801 24488 6409 4130 23545 13175 5659 10668 6996 1169 6957 1501 8628 13417 10715 3018 2492 3026 4469 6224 1755 9028 11303 15205 1626 2358 4194 10378 3948 1363 21182 7470 4448 14041 19013 4468 4417
leaf_count=9373 15445 4083 8610 11953 12453 10122 9408 6625 1394 13216 7902 2045 8928 925 7700 14099 7290 4913 1553 5521 10792 14276 620 33394 16089 1447 18801 24488 6409 4130 23545 13175 5659 10668 6996 1169 6957 1501 8628 13417 10715 3018 2492 3026 4469 6224 1755 9028 11303 15205 1626 2358 4194 10378 3948 1363 21182 7470 4448 14041 19013 4468 4417
internal_value=-0.000371199 -0.00374501 0.00262426 -0.00579482 -0.00818745 0.000263536 -0.00628432 0.00548392 0.00257619 0.00176855 -0.00253571 0.0013987 -0.00417088 -0.012444 0.00702416 0.000707468 -0.00025656 0.000253666 -0.00898098 0.00694395 -0.0016489 0.00165078 -0.000914634 0.0059451 -0.00268435 -0.000890518 -0.00279994 0.000715619 -0.00206505 -0.00135052 -0.0101398 -0.00020883 0.000866438 0.00400653 -0.00671942 0.00151432 -0.00481045 0.0116265 0.000452202 0.00147725 0.00492296 0.00619053 0.000472482 0.00381109 -0.0115424 -0.00111883 -0.00523986 -0.0152357 -0.012868 0.00251629 0.00266951 -0.00277957 0.0136918 -0.00195287 0.000929911 0.000642805 0.00444849 -0.00472287 -0.00510237 -0.00492975 0.00613347 0.000731192 0.00440974
internal_weight=551860 259539 292321 189199 109103 160130 75394 132191 45775 70340 80096 127493 32637 33709 86416 113362 90135 54895 43105 14131 22515 43025 57728 70003 32289 82845 37849 44996 20508 5683 37422 29809 14600 36609 22368 13587 11870 16413 43067 34439 14798 4519 14445 8941 28014 19641 17844 21256 12228 25941 12418 15533 11894 20137 9759 16568 23227 15372 23249 14661 25638 5915 5811
internal_count=551860 259539 292321 189199 109103 160130 75394 132191 45775 70340 80096 127493 32637 33709 86416 113362 90135 54895 43105 14131 22515 43025 57728 70003 32289 82845 37849 44996 20508 5683 37422 29809 14600 36609 22368 13587 11870 16413 43067 34439 14798 4519 14445 8941 28014 19641 17844 21256 12228 25941 12418 15533 11894 20137 9759 16568 23227 15372 23249 14661 25638 5915 5811
is_linear=0
shrinkage=0.05


Tree=15
num_leaves=64
num_cat=0
split_feature=42 0 44 0 40 0 5 19 22 0 36 0 12 0 14 33 19 0 5 25 29 23 5 0 0 36 14 31 0 5 36 13 14 22 14 7 23 0 14 28 14 27 31 17 42 16 14 0 5 14 31 28 11 23 28 14 23 25 11 0 25 11 14
split_gain=2044.88 1217.85 681.283 382.5 557.764 371.225 356.976 333.005 268.985 238.162 239.577 233.734 209.899 195.848 153.338 155.964 152.554 145.809 161.782 150.028 145.495 138.822 119.038 115.502 109.974 105.855 98.3827 99.4061 97.9986 90.641 87.4442 85.293 84.354 105.339 83.0771 79.3062 91.922 79.127 102.985 79.0764 73.4004 80.3305 79.7077 73.4002 77.468 72.1448 69.8196 69.3912 67.7037 67.4186 87.8177 66.8011 66.2127 65.4562 65.2162 77.0848 65.0596 64.9399 63.8267 63.525 70.2778 63.0841 62.5797
threshold=-1.2000000000000017 30.950000000000003 2420.2500000000005 50.550000000000004 977.75000000000011 71.825000000000003 54.050000000000004 -0.11319890333640036 44.500000000000007 283.75000000000006 86.250000000000014 13.050000000000002 -0.5 23.975000000000005 6.5000000000000009 16.550000000000004 0.71322329076259938 69.825000000000017 82.02500000000002 985.05000000000007 3.2929181101791078 20.750000000000004 70.125000000000014 126.25000000000001 92.02500000000002 186.25000000000003 8.5000000000000018 6.2923644806432373 124.25000000000001 93.15000000000002 46.250000000000007 3.5000000000000004 5.5000000000000009 29.500000000000004 3.5000000000000004 33.101041666666674 27.050000000000004 204.25000000000003 10.500000000000002 11.065000000000003 8.5000000000000018 14.050000000000002 7.541527985475363 1.1300548746548327 9.7500000000000018 -7.2200150262551928 6.5000000000000009 75.925000000000026 32.550000000000004 8.5000000000000018 6.6435127057504939 6.6200000000000019 -0.9159756150367534 14.050000000000002 1.0000000180025095e-35 9.5000000000000018 34.850000000000001 974.45000000000016 -0.78656609248549292 157.25000000000003 974.25000000000011 -0.60355339059327362 6.5000000000000009
decision_type=2 2 2 2 2 2 10 2 2 2 2 2 2 2 2 2 2 2 10 2 2 2 10 2 2 2 2 2 2 8 2 2 2 2 2 10 2 2 2 2 2 8 2 2 2 2 2 2 8 2 2 2 2 2 2 2 2 2 2 2 2 2 2
left_child=3 11 9 6 32 8 13 21 51 10 59 -2 43 35 22 40 61 18 25 -19 -15 23 34 58 29 -12 62 -28 53 52 -26 -17 47 -34 39 36 -1 38 54 -13 41 -16 -43 44 -7 -21 -27 -5 -22 -48 -51 -4 -9 -14 55 -23 -18 -36 -6 60 -3 -8 -10
right_child=1 2 5 4 7 12 16 24 26 -11 17 14 28 20 15 31 56 19 -20 45 48 37 -24 -25 30 46 27 -29 -30 -31 -32 -33 33 -35 57 -37 -38 -39 -40 -41 -42 42 -44 -45 -46 -47 49 -49 -50 50 -52 -53 -54 -55 -56 -57 -58 -59 -60 -61 -62 -63 -64
leaf_value=0.29293229248495045 0.25486815583669087 -0.4120123228005767 -0.1006548846768093 0.029775828167680898 0.40149254593153688 -0.20054550687591402 0.4408348723104572 -0.66673300460145668 -0.29435148822105206 -3.7678308225455788 0.057111411424067886 -0.085150480875954379 0.092296732773113455 0.0021981196940767168 0.23883339386788927 -0.014169194952362175 0.32601541772614939 -0.82961143594512776 0.55883688434371537 -1.1478675765147568 0.06298796587753458 -0.30400919114261205 1.0838797599384027 0.93837211374004648 0.012436478297052243 -0.10249047303430721 0.39843389825860226 -0.17212550151300987 -2.8485018932677173 0.48037778362921346 -1.0842913981008413 -0.17022824040459095 0.19898712754894154 -0.70190429816000044 0.023213552005492511 0.43155898846864549 0.097013390766271801 -1.6494055390852869 1.8344269325397615 0.6670775221700983 0.22860533740036484 -0.083889550294241888 0.10519101732944865 -0.8684518004463766 -1.0592668260386329 -0.090992423288798557 -0.40796217839374233 -0.84294487817432406 0.34707085129846132 0.55214591148046055 -0.30993283210395445 0.22198636181496953 0.0077760669966059903 -0.93323385635207823 0.42251479436305628 0.68345900179557817 -0.17695827042108042 0.2708710938833489 1.5759045967643628 -0.29027037179562648 0.39119095104415785 1.0541361010751591 -0.40938888899669812
leaf_weight=13124 14371 1472 18895 5826 2382 7515 4847 1110 18367 8202 14266 5919 914 41053 3118 9151 9486 16924 5176 2616 7414 6578 2429 10939 6330 16375 1457 5934 10679 6014 8518 10652 1250 10684 5020 9138 24751 2087 2897 477 4911 13419 5657 5892 3909 13785 7695 3683 12344 1121 1278 4418 9980 16018 10249 2825 1023 9433 10320 8589 21379 10920 18655
leaf_count=13124 14371 1472 18895 5826 2382 7515 4847 1110 18367 8202 14266 5919 914 41053 3118 9151 9486 16924 5176 2616 7414 6578 2429 10939 6330 16375 1457 5934 10679 6014 8518 10652 1250 10684 5020 9138 24751 2087 2897 477 4911 13419 5657 5892 3909 13785 7695 3683 12344 1121 1278 4418 9980 16018 10249 2825 1023 9433 10320 8589 21379 10920 18655
internal_value=-0.000382072 -0.00301071 -0.00488628 0.00314202 0.000829137 -0.00767245 0.0048956 0.00274371 -0.00533473 -0.002246 -0.00163676 0.0021249 -0.0111965 0.00362211 0.000935372 -0.000710966 0.0101214 -0.00310213 -0.00127475 -0.00561965 0.00174845 0.00536436 0.00425294 0.00810139 -0.00121589 -0.00233276 -0.0076177 -0.00235083 -0.013903 0.00151719 -0.00436422 -0.00408398 -0.00633423 -0.00913357 0.00303252 0.00604567 0.00503696 0.00273786 0.00359994 -0.00171201 0.00175337 0.000529422 -0.000686727 -0.00688092 -0.00454307 -0.00221176 -0.00420397 -0.00282101 0.00527381 -0.00747474 -0.000156315 -0.000985502 -0.00116321 -0.0115373 0.00230256 -0.000704562 0.00545485 0.00513215 0.0113447 0.0020563 0.0034342 0.0132317 -0.00866917
internal_weight=551860 316088 231531 235772 101672 112653 134100 80229 67726 118878 110676 84557 44927 107824 70186 46908 26276 79236 45911 33325 60811 48277 23278 23641 31952 40735 44413 7391 27611 17104 14848 19803 21443 11934 20849 47013 37875 24636 22549 6396 27105 22194 19076 17316 11424 16401 26469 9509 19758 10094 2399 23313 11090 16932 19652 9403 10509 14453 12702 31440 22851 15767 37022
internal_count=551860 316088 231531 235772 101672 112653 134100 80229 67726 118878 110676 84557 44927 107824 70186 46908 26276 79236 45911 33325 60811 48277 23278 23641 31952 40735 44413 7391 27611 17104 14848 19803 21443 11934 20849 47013 37875 24636 22549 6396 27105 22194 19076 17316 11424 16401 26469 9509 19758 10094 2399 23313 11090 16932 19652 9403 10509 14453 12702 31440 22851 15767 37022
is_linear=0
shrinkage=0.05


Tree=16
num_leaves=64
num_cat=0
split_feature=44 0 0 5 25 0 41 0 0 37 27 22 23 0 22 16 16 13 14 12 38 11 37 41 14 9 11 39 34 35 14 42 31 0 13 13 40 38 25 25 44 15 17 26 27 39 0 14 27 12 14 13 29 31 0 9 10 38 23 5 37 37 17
split_gain=1879.99 1166.42 641.008 520.354 503.025 386.784 391.459 361.589 324.162 295.538 242.243 231.994 190.955 193.323 168.29 156.065 146.641 142.247 132.77 130.436 143.505 139.381 113.066 121.766 112.292 109.284 106.409 95.4475 94.7652 94.6084 96.6638 93.7818 88.6125 84.3612 82.9703 82.1429 80.686 80.2014 78.9977 77.6105 76.9277 75.3477 73.3583 73.437 72.0542 68.3657 83.4218 82.515 66.6334 66.406 75.8127 102.348 65.8312 64.297 60.5212 60.2673 59.8578 59.6213 87.5967 58.9199 64.4574 58.7809 59.32
threshold=1686.2500000000002 53.550000000000004 58.525000000000006 68.325000000000003 978.25000000000011 267.25000000000006 1136.7500000000002 18.550000000000004 27.450000000000003 61.500000000000007 108.12500000000001 53.500000000000007 18.450000000000003 37.025000000000006 48.500000000000007 -3.7494603070797212 12.296877854383693 3.5000000000000004 8.5000000000000018 0.25881904510252057 37.750000000000007 0.37940952255126054 78.500000000000014 9242.2500000000018 5.5000000000000009 177.25000000000003 -0.60355339059327362 1.0000000180025095e-35 -0.095842103007655846 -0.36648727148060634 9.5000000000000018 -10.649999999999997 14.174653670722625 92.02500000000002 4.5000000000000009 1.5000000000000002 987.25000000000011 27.750000000000004 985.25000000000011 974.25000000000011 7483.2500000000009 1.0000000180025095e-35 -6.1435057128842345 19717.500000000004 17.550000000000004 1.0000000180025095e-35 259.25000000000006 8.5000000000000018 15.050000000000002 -0.70710678118654757 6.5000000000000009 2.5000000000000004 0.12972906149513588 14.174653670722625 458.25000000000006 39.050000000000004 1.0000000180025095e-35 37.45000000000001 35.550000000000004 110.10000000000001 54.500000000000007 77.500000000000014 8.3981803865380869
decision_type=2 2 2 10 2 2 2 2 2 2 10 2 2 2 2 2 2 2 2 2 2 2 2 2 2 10 2 2 2 2 2 2 2 2 2 2 2 2 2 2 2 2 2 2 8 2 2 2 8 2 2 2 2 2 2 8 10 2 2 8 2 2 2
left_child=2 8 3 7 39 6 16 48 22 17 14 32 -11 31 25 33 36 19 27 20 21 53 44 55 26 -3 -5 -13 -20 -17 34 -14 57 59 35 -31 -6 -33 -7 -4 -27 49 -19 -44 -2 46 47 -16 -1 50 -39 52 -52 -9 -40 -24 -50 58 -10 60 -8 62 -41
right_child=1 10 4 24 5 38 15 9 11 12 -12 18 13 -15 45 29 -18 42 28 -21 -22 -23 23 -25 -26 40 -28 -29 -30 30 -32 37 -34 -35 -36 -37 -38 41 54 61 -42 -43 43 -45 -46 -47 -48 -49 56 -51 51 -53 -54 -55 -56 -57 -58 -59 -60 -61 -62 -63 -64
leaf_value=0.33975277499819845 0.2401439671346553 -0.1111721381447357 -0.81675542819126867 0.32988815234777813 0.15036456413149432 -5.8047270015366115 0.010917207114892108 -0.073893086383991308 0.12875678642572957 0.90387925266987945 -1.6293488899050601 -0.1841959636319731 0.22849033950551303 -0.19377446463166723 -0.69265557313566617 0.55030597027020445 1.3729221089616506 0.48504728321069168 -0.076079201012211203 0.48228618918717975 0.35090611403920163 0.38853834346333127 0.25363649030430119 -0.16873205919742343 0.29914263332570151 -0.34952892993509793 1.3617494148052749 -0.38499555239160066 0.39639184727360516 0.03567139652298508 0.49048479737757528 -0.085957195544428308 -0.11328067904360123 -1.0706068669882112 0.26326951042451141 -0.70269450113016341 0.82283610037924326 0.6902215355843988 -1.1094594674507356 -0.44679111130678245 -0.68326927389656467 -0.34666004562022018 0.38260193515401486 -0.077624124951130691 0.072697499330954443 -1.0281598109524492 -6.0827804920545221 -0.25769363610482982 -0.034497539618511652 0.11262251535496498 0.21149251291479632 -0.25279233586459665 -0.40659049463791652 -0.31248980788828057 -6.5363999126213432 -0.017772513011923674 0.21440797310287116 0.33210961311123749 -0.29094640985288528 0.36921253887773775 -0.61636940097384496 -0.71018812241035878 0.25228893776270483
leaf_weight=10776 5899 13594 8938 4331 21912 2233 4611 14583 9554 2890 14794 24441 8040 27462 23458 8186 12680 11722 5848 9123 3926 3491 2834 5017 8892 9391 12731 9409 1924 5837 8596 19106 9292 9619 4838 9662 15839 886 9173 8927 8282 884 8267 3008 24841 4505 2724 5798 2667 21300 2643 3591 935 2225 2658 6285 28061 3642 2358 2920 4169 3260 2372
leaf_count=10776 5899 13594 8938 4331 21912 2233 4611 14583 9554 2890 14794 24441 8040 27462 23458 8186 12680 11722 5848 9123 3926 3491 2834 5017 8892 9391 12731 9409 1924 5837 8596 19106 9292 9619 4838 9662 15839 886 9173 8927 8282 884 8267 3008 24841 4505 2724 5798 2667 21300 2643 3591 935 2225 2658 6285 28061 3642 2358 2920 4169 3260 2372
internal_value=-0.000388686 -0.00435402 0.00175909 0.00351943 -0.000783992 0.000497222 0.00150525 0.00259206 -0.00101487 0.00140753 -0.00885809 -0.00323163 -0.000407183 -0.000837684 -0.0075924 -0.00127999 0.0047327 0.00423329 -0.00551391 0.00214706 0.00022807 -0.00146436 0.00226847 -0.00143251 0.0101507 -0.00490053 0.0125249 -0.00686706 0.000379568 0.000678224 -0.000664466 0.000813366 0.000591645 -0.00468948 -0.00254339 -0.0043277 0.00317011 -2.53318e-06 -0.00730589 -0.00748713 -0.00749307 0.00159976 0.00725856 0.00437916 0.0039704 -0.00989927 -0.00908693 -0.0083077 0.00670417 0.00203287 -0.00183426 -0.00353955 0.0024455 -0.00335257 -0.00567788 0.00200954 0.00551777 0.00289958 0.00118788 -0.00183761 -0.00388383 -0.00523559 -0.00352907
internal_weight=551860 193890 357970 211540 146430 122933 108869 185586 111344 144082 82546 66468 87737 84847 67752 58438 50431 56345 41622 33348 24225 20299 44876 14136 25954 31267 17062 33850 7772 37119 28933 57385 24846 21319 20337 15499 37751 49345 14064 23497 17673 30239 22997 11275 30740 36485 31980 29256 41504 29355 8055 7169 3578 16808 11831 9119 30728 15554 11912 11700 8780 14559 11299
internal_count=551860 193890 357970 211540 146430 122933 108869 185586 111344 144082 82546 66468 87737 84847 67752 58438 50431 56345 41622 33348 24225 20299 44876 14136 25954 31267 17062 33850 7772 37119 28933 57385 24846 21319 20337 15499 37751 49345 14064 23497 17673 30239 22997 11275 30740 36485 31980 29256 41504 29355 8055 7169 3578 16808 11831 9119 30728 15554 11912 11700 8780 14559 11299
is_linear=0
shrinkage=0.05


Tree=17
num_leaves=64
num_cat=0
split_feature=44 0 8 0 39 42 0 14 36 8 23 44 8 25 13 25 37 9 36 21 27 0 16 36 22 42 39 37 14 29 27 38 21 44 43 28 38 8 25 41 38 0 5 16 0 37 14 19 23 22 14 23 0 29 14 38 38 0 23 13 37 16 16
split_gain=1725.57 1249.5 641.477 406.189 323.762 244.779 227.905 387.076 202.263 177.482 162.848 147.322 132.149 132.013 162.883 128.827 119.306 196.629 116.956 116.37 111.368 105.841 113.284 106.474 104.921 98.3777 97.6264 96.7648 95.7856 93.2912 104.917 93.0641 101.895 89.9782 89.3953 88.2298 85.4241 82.1392 81.1811 80.5508 79.3597 76.2565 74.4594 72.4611 69.2103 70.2534 69.0794 66.207 65.1653 76.376 64.6403 63.0112 70.8717 62.8642 62.6195 61.8112 61.643 64.2054 60.9783 60.1188 59.4344 57.9796 57.1766
threshold=492.00000000000011 61.025000000000013 -2.7949999999999977 24.950000000000003 1.0000000180025095e-35 -6.0499999999999972 157.25000000000003 9.5000000000000018 107.50000000000001 -2.5999999999999956 27.150000000000002 5576.0000000000018 58.020000000000017 984.95000000000016 3.5000000000000004 984.1500000000002 74.500000000000014 51.550000000000004 165.62500000000003 302.50000000000006 15.950000000000001 57.525000000000006 -7.3844723907163914 422.50000000000006 59.500000000000007 -1.1500000000000001 0.25000000000000006 31.500000000000004 3.5000000000000004 9.692580550121578 53.050000000000004 30.650000000000002 1597.5000000000002 5576.0000000000018 -45.624999999999993 1.5050000000000001 27.450000000000003 -2.9999999999999987 973.25000000000011 3689.7500000000005 33.650000000000013 303.25000000000006 91.02500000000002 4.3787469662239955 35.95000000000001 78.500000000000014 7.5000000000000009 0.89490028524376752 18.650000000000002 64.500000000000014 5.5000000000000009 27.850000000000005 126.25000000000001 0.3816771584637158 9.5000000000000018 27.450000000000003 36.750000000000007 29.525000000000002 32.550000000000004 4.5000000000000009 16.500000000000004 -12.902423266454898 -5.6144973112897381
decision_type=2 2 8 2 2 2 2 2 2 10 2 2 10 2 2 2 2 8 2 2 8 2 2 2 2 2 2 2 2 2 8 2 2 2 2 2 2 10 2 2 2 2 10 2 2 2 2 2 2 2 2 2 2 2 2 2 2 2 2 2 2 2 2
left_child=2 3 8 20 9 10 7 11 29 24 34 13 18 40 -15 -8 21 46 38 -13 -2 23 -23 -10 28 56 37 -12 59 51 -31 32 -25 -26 48 39 -6 -22 -7 -11 -3 50 -30 -32 47 58 55 -29 49 -4 -17 52 54 -19 -1 -18 57 -20 -46 -5 -40 -16 -36
right_child=1 6 5 4 36 12 15 -9 16 35 27 19 -14 14 61 41 17 53 25 -21 26 22 -24 31 33 -27 -28 44 42 30 43 -33 -34 -35 62 -37 -38 -39 60 -41 -42 -43 -44 -45 45 -47 -48 -49 -50 -51 -52 -53 -54 -55 -56 -57 -58 -59 -60 -61 -62 -63 -64
leaf_value=0.45880637776204491 0.24521658375320016 -0.70413796268422713 2.1777056778208652 -0.21193976536202355 -0.44618872800833959 -0.19061856233059901 -3.6981766414395789 0.44071237880686481 0.55475901868367949 0.01031238289799965 0.25943065398317228 -1.038358182823403 -1.1387068757316188 -0.52389787503456897 -1.0583582591173482 -1.9431122003080903 -0.16053803192822408 -0.043207874084246256 0.086139121482662728 -0.46229583584635831 0.144158132118271 -0.48707472637252214 0.43725156634178602 0.061027458755119036 0.031240313117052311 -0.20457884588382083 -0.14315298062735968 -0.030501544282895712 0.18576224510608783 1.7145090574474009 0.22914011778465648 0.22781105621576017 -0.40198952322065457 -0.19985542288368829 -0.34941704437305898 0.062560816185698309 -0.21952620015661262 -0.0059686966776390281 1.1621483172382356 -0.18261503973305515 -0.0553605555800252 -6.0478260137109299 1.1640324830493953 1.1089778097597267 0.099196406183844385 -0.55755933264396218 0.35724039095055815 0.2024108273031863 0.34394721996489885 0.67293645516180767 -0.74861156813097907 0.08446974423255485 0.78031208166715715 -0.35505871441636311 1.9567256298439055 0.18735901615221723 0.32484417066478355 -0.16401349707924162 -0.24117785499311539 0.27062985949073193 0.098666780737847501 0.52104143972247774 0.36613348860009193
leaf_weight=15142 8471 24170 3073 3901 7247 5506 6022 7313 11728 8295 7876 11180 9412 8722 413 7010 2024 11078 7796 12937 21777 4223 9233 4472 14311 22629 3701 8677 14268 5317 4530 19464 1248 6179 2461 7809 8747 12490 1021 32464 3450 5348 1781 4423 6807 3668 5821 5514 14249 3611 6229 7178 10374 4344 3886 3294 2782 16625 5298 1240 40915 4703 5983
leaf_count=15142 8471 24170 3073 3901 7247 5506 6022 7313 11728 8295 7876 11180 9412 8722 413 7010 2024 11078 7796 12937 21777 4223 9233 4472 14311 22629 3701 8677 14268 5317 4530 19464 1248 6179 2461 7809 8747 12490 1021 32464 3450 5348 1781 4423 6807 3668 5821 5514 14249 3611 6229 7178 10374 4344 3886 3294 2782 16625 5298 1240 40915 4703 5983
internal_value=-0.000382706 -0.00345294 0.00216337 -0.000629253 -0.00233429 0.00018703 -0.00787486 -0.0064702 0.00485311 -0.00117233 0.00255032 -0.007687 -0.00130195 -0.00587944 -0.00189334 -0.0120352 0.00323578 0.000524265 -0.00075457 -0.0107943 0.0032715 0.00466566 0.000869501 0.00604952 0.00122121 -0.00244622 0.00211494 0.000381871 0.00368806 0.0072999 0.0107288 0.00421696 -0.00138986 -0.00132992 0.00534347 -0.0032264 -0.00889083 0.00294817 0.0010223 -0.0041592 -0.00787654 -0.00997606 0.00559069 0.00742489 -0.000914431 -0.00319375 0.00558623 0.00161898 0.00709526 0.0111685 -0.00794055 0.00596227 0.00698762 -0.00313189 0.00880019 0.00146672 -0.00041999 -0.00122333 -0.00135688 -0.00225151 0.00177175 0.0051896 0.00100071
internal_weight=551860 250178 301682 152681 106242 173903 97497 72888 127779 90248 67217 65575 106686 41458 13838 24609 76929 26561 97274 24117 46439 50368 13456 36912 41680 49832 37968 37840 21190 50850 14270 25184 5720 20490 29377 48568 15994 34267 47442 40759 27620 18587 16049 8953 29964 15773 11139 14191 20933 6684 13239 36580 29402 15422 19028 5318 27203 24421 12105 5141 41936 5116 8444
internal_count=551860 250178 301682 152681 106242 173903 97497 72888 127779 90248 67217 65575 106686 41458 13838 24609 76929 26561 97274 24117 46439 50368 13456 36912 41680 49832 37968 37840 21190 50850 14270 25184 5720 20490 29377 48568 15994 34267 47442 40759 27620 18587 16049 8953 29964 15773 11139 14191 20933 6684 13239 36580 29402 15422 19028 5318 27203 24421 12105 5141 41936 5116 8444
is_linear=0
shrinkage=0.05


Tree=18
num_leaves=64
num_cat=0
split_feature=8 33 44 0 25 44 19 0 0 0 12 22 23 0 37 41 25 35 0 5 7 33 0 44 9 27 5 14 37 7 27 27 41 23 27 8 29 15 13 28 35 14 13 29 13 15 41 14 21 20 43 43 29 36 19 0 7 35 41 27 37 13 44
split_gain=1587.1 1027.03 506.328 405.537 396.498 373.032 301.105 266.951 239.282 208.617 200.327 167.909 157.649 147.991 138.818 123.831 120.643 124.852 117.94 147.127 112.472 130.614 113.416 112.288 105.888 101.099 98.8115 97.7901 95.1074 89.7832 87.8889 87.3617 83.848 82.9292 81.5751 79.9902 78.9237 78.3628 79.7113 77.0288 75.5394 74.673 74.5147 72.1063 68.0278 104.564 68.3778 72.4322 74.8275 70.0694 66.6977 64.7401 69.435 64.0798 60.8929 59.7255 58.7649 58.2177 60.6546 62.3986 58.1738 56.824 56.6169
threshold=15.500000000000007 17.550000000000004 492.00000000000011 18.550000000000004 976.75000000000011 2724.2500000000005 0.63605400036818838 65.02500000000002 42.025000000000006 178.25000000000003 0.37940952255126048 66.500000000000014 23.150000000000002 120.07500000000002 88.500000000000014 1915.5000000000002 981.05000000000007 -0.42261826174069922 76.52500000000002 64.02500000000002 29.704257246376816 9.5500000000000025 58.025000000000006 -5236.2499999999991 64.950000000000017 40.550000000000004 75.050000000000011 8.5000000000000018 18.500000000000004 34.979057017543866 108.12500000000001 70.050000000000011 1877.5000000000002 27.950000000000003 43.95000000000001 30.32 183.35092462369053 1.0000000180025095e-35 1.0000000180025095e-35 0.58500000000000008 0.58068084432175959 9.5000000000000018 3.5000000000000004 225.37199907968682 1.0000000180025095e-35 1.0000000180025095e-35 4050.7500000000005 3.5000000000000004 1457.5000000000002 0.73724926354828269 -81.249999999999986 -57.499999999999993 17.454984029963818 897.50000000000011 0.50751903745502713 7.1350000000000007 327.66699604743093 -0.55191596924288677 1244.7500000000002 57.050000000000004 29.500000000000004 4.5000000000000009 4132.7500000000009
decision_type=10 2 2 2 2 2 2 2 2 2 2 2 2 2 2 2 2 2 2 8 8 2 2 2 8 8 10 2 2 10 10 8 2 2 8 10 2 2 2 2 2 2 2 2 2 2 2 2 2 2 2 2 2 2 2 2 8 2 2 10 2 2 2
left_child=1 3 12 29 8 18 10 14 23 16 20 31 13 61 24 40 34 54 19 43 -6 42 44 -5 -7 -17 37 -16 -14 33 -9 -12 -20 -1 -4 -30 -26 38 -25 -10 51 62 -22 53 45 -23 -46 48 -48 -50 -40 52 -8 -3 -18 -35 -15 -24 -59 -60 -36 -2 -19
right_child=2 5 9 4 6 7 15 30 39 -11 11 -13 28 56 27 25 17 41 32 -21 21 22 57 26 36 -27 -28 -29 35 -31 -32 -33 -34 55 60 -37 -38 -39 50 -41 -42 -43 -44 -45 46 -47 47 -49 49 -51 -52 -53 -54 -55 -56 -57 -58 58 59 -61 -62 -63 -64
leaf_value=0.27730666093905393 0.34712055149516291 -0.01015809677827492 -0.24157892270224968 0.17617231310677051 -0.045078920246966851 0.057056949101267213 0.21932770894793602 -0.65101614234031246 -0.32058463386126523 -3.6231309961260241 1.052633983257848 0.24463421399457819 0.33766307234472936 -0.097569362747759611 -0.30932680125459239 0.052014648963988899 0.40068335898108071 -0.35142250302027422 0.15648384140461291 0.4120337623844087 0.31255647929554009 -0.1797117105756639 0.57947209478901252 -0.18425889137985485 -0.14535276803245875 -0.19569572239989497 0.55868985242754199 0.25385262051058904 -0.13263624549683281 0.48555554232142523 -1.707196806479292 0.77399855050288202 -0.77433892919526048 0.37802228963990947 -0.3488929249059376 -0.59930906971747733 0.18870433949578019 -0.36101204685249577 -0.1050413249198047 0.025674557266031895 -0.087769291059098573 0.34024702795931722 0.62382929319747393 0.48583704020875801 0.7108206881304131 1.0515532756236945 0.16821544671079183 0.24638372071445494 -0.34684931492553783 0.40161877503458288 0.069687121052606313 0.090612495837396709 1.3349708632007224 -0.22949725865070258 -0.29250118351863147 0.0788854464213391 -5.0360797494083123 0.5140614523900594 -0.10896372564405371 -0.76115661789760836 -0.71153328946048733 1.2985126697417848 -0.59182996288967649
leaf_weight=18450 4407 16510 10760 13777 10091 10192 6264 13571 21153 11670 9896 18563 3484 11089 7055 14006 3387 8548 6827 12751 14983 3279 3244 5944 27270 20066 2121 667 19944 8193 4342 11233 8784 2478 3358 16597 2391 1874 10405 5125 7723 2043 13092 1444 5383 584 3697 8519 1802 385 22345 6987 3179 2640 1959 19998 1179 5261 8300 4352 15280 2648 8311
leaf_count=18450 4407 16510 10760 13777 10091 10192 6264 13571 21153 11670 9896 18563 3484 11089 7055 14006 3387 8548 6827 12751 14983 3279 3244 5944 27270 20066 2121 667 19944 8193 4342 11233 8784 2478 3358 16597 2391 1874 10405 5125 7723 2043 13092 1444 5383 584 3697 8519 1802 385 22345 6987 3179 2640 1959 19998 1179 5261 8300 4352 15280 2648 8311
internal_value=-0.000391947 0.00105654 -0.0053556 0.00253955 0.00176239 -0.00299623 0.00307385 -0.00546436 -0.00110461 -0.00839304 0.00447931 0.00740074 -0.0020127 0.00169617 -0.00350552 0.000112924 -0.00707508 -0.00446429 0.000305376 0.00198456 0.00308176 0.00376676 0.00209124 0.000729643 -0.00231664 -0.00182848 -0.000537024 -0.00964128 -0.00380325 0.00671074 -0.0106668 0.0104489 -0.00328134 0.00575429 -0.00922852 -0.00455584 -0.00382742 -0.00108706 -0.000603453 -0.00504605 0.00285161 -0.00637234 0.00644078 -0.000628824 0.00447059 -0.0015985 0.00565551 0.00385857 -0.000407886 -0.00773891 0.000363359 0.00476872 0.0074685 -0.00144125 0.00228208 0.00371507 -0.00162211 -0.00056837 -0.00168453 -0.0035607 -0.0112297 0.00746634 -0.00746634
internal_weight=551860 427196 124664 312752 263633 114444 180889 65488 82744 65316 122664 39692 59348 19323 47575 58225 53646 24248 48956 33345 82972 72881 44806 56466 39853 34072 42689 7722 40025 49119 17913 21129 15611 40926 29398 36541 29661 40568 38694 26278 24153 18902 28075 20594 23649 3863 19786 14403 5884 2187 32750 16430 9443 19150 5346 22476 12268 21157 17913 12652 18638 7055 16859
internal_count=551860 427196 124664 312752 263633 114444 180889 65488 82744 65316 122664 39692 59348 19323 47575 58225 53646 24248 48956 33345 82972 72881 44806 56466 39853 34072 42689 7722 40025 49119 17913 21129 15611 40926 29398 36541 29661 40568 38694 26278 24153 18902 28075 20594 23649 3863 19786 14403 5884 2187 32750 16430 9443 19150 5346 22476 12268 21157 17913 12652 18638 7055 16859
is_linear=0
shrinkage=0.05


Tree=19
num_leaves=64
num_cat=0
split_feature=44 0 8 8 0 37 38 36 0 42 16 8 5 12 23 41 14 38 9 14 23 37 23 31 0 39 11 0 11 26 29 14 8 41 38 22 21 16 38 39 25 37 37 21 41 0 23 31 27 14 19 29 31 26 19 23 37 26 0 14 22 40 12
split_gain=1465.78 943.748 731.448 297.622 294.327 228.555 219.241 190.975 195.619 190.172 168.628 158.243 151.067 149.694 141.152 127.924 114.954 114.772 158.165 114.491 109.904 125.277 99.4727 98.5178 94.3112 135.949 107.528 93.358 92.474 86.5217 90.5844 85.1773 83.0148 81.9303 81.2065 80.6967 80.4352 79.4303 78.8482 77.0997 75.082 84.7548 75.0231 75.5395 71.638 87.9169 70.0348 70.0289 69.1464 63.7058 62.4869 72.2413 61.5566 60.6526 65.914 60.3211 62.3923 60.0863 58.1093 92.8413 56.6821 56.4054 64.2874
threshold=1686.2500000000002 45.050000000000004 -1.4999999999999989 41.025000000000013 116.25000000000001 52.500000000000007 27.150000000000002 86.250000000000014 57.525000000000006 -5.9499999999999993 -6.6512398138018556 -3.2849999999999988 89.050000000000011 -0.3794095225512602 27.050000000000004 9242.2500000000018 8.5000000000000018 33.050000000000004 40.050000000000004 1.5000000000000002 34.850000000000001 75.500000000000014 25.250000000000004 12.016680504084826 25.950000000000003 1.0000000180025095e-35 -0.60355339059327362 19.050000000000004 -0.60355339059327362 2646.2500000000005 9.055103775695942 9.5000000000000018 147.20000000000002 5545.0000000000009 26.950000000000003 63.500000000000007 637.50000000000011 4.0481226263118133 38.550000000000004 1.0000000180025095e-35 982.6500000000002 16.500000000000004 64.500000000000014 267.50000000000006 13854.250000000002 86.02500000000002 27.050000000000004 -4.116627886342183 24.350000000000005 9.5000000000000018 0.76037701167087512 83.549865963900814 14.839772548735247 36771.500000000007 -0.71322329076259938 32.550000000000004 80.500000000000014 12947.500000000002 259.25000000000006 9.5000000000000018 59.500000000000007 983.35000000000002 0.25881904510252057
decision_type=2 2 8 10 2 2 2 2 2 2 2 10 10 2 2 2 2 2 8 2 2 2 2 2 2 2 2 2 2 2 2 2 10 2 2 2 2 2 2 2 2 2 2 2 2 2 2 2 8 2 2 2 2 2 2 2 2 2 2 2 2 2 2
left_child=2 6 7 9 5 23 15 28 12 14 -10 27 17 58 53 22 19 18 -9 -7 21 33 47 37 -11 26 -26 -8 -1 50 46 -12 40 -20 -23 52 -25 49 55 -21 41 -5 44 -44 45 -28 -31 -2 -13 -3 -30 -52 -29 54 -4 56 -16 -58 59 -6 -17 62 -50
right_child=1 4 3 32 13 16 11 8 10 24 31 48 -14 -15 38 60 -18 -19 20 39 -22 34 -24 36 25 -27 42 35 29 30 -32 -33 -34 -35 -36 -37 -38 -39 -40 -41 -42 -43 43 -45 -46 -47 -48 -49 61 -51 51 -53 -54 -55 -56 -57 57 -59 -60 -61 -62 -63 -64
leaf_value=0.23033522424700995 0.44766871756635596 -0.18779774724020673 0.72232423849255811 1.2131660685337911 -1.0522798550070618 0.98399004283874592 0.20659911623361335 0.26304128010296735 -0.5637297121208652 0.075145936038014963 -0.040206945420810318 0.061357392041080663 0.87095567140952435 -2.2693256720025246 0.12680612889992235 -0.0553576238347393 -0.02580984439463857 0.31347433732721441 0.28058126185424026 -0.48421932470349066 -0.24243222034235173 -0.19264902999652447 -0.11087297540833325 -0.56612312749530569 -0.20323376541551197 -0.36316462344814865 0.35020609526289292 0.26466942755493639 0.76724049431956998 0.88858942642484851 1.6910188800425114 1.2467381143424554 -4.6495446985338935 0.010435737207275709 0.035171104105727394 -0.038507835244281509 -0.12980331204983722 0.29059386680691901 0.40469113991902406 -0.77874577389657507 -0.29343883905285567 -0.80400499523591074 -0.015601238107400439 -0.23598936848109134 -0.16239775429807485 -0.091116238774266153 -0.057717858146846469 -0.080022268514488404 -0.13326016334422985 0.99001862095043502 0.32691072404262622 -1.5930314871586067 -0.030271132806299741 -0.5240040139287242 0.24964318694157656 -0.1228809631792339 -0.18304362357374773 0.24824375500066198 -4.2646994830206273 0.11289976763908555 -0.27075502653294481 0.064173267148504867 0.07297522037668247
leaf_weight=14840 2107 13889 10883 593 5539 671 11142 13911 8874 18158 10769 9297 6471 15103 15744 2141 3787 14338 15408 23066 2950 6760 7867 8986 24165 8590 15574 10082 18917 5744 4535 4450 3878 8509 15790 12966 8990 5894 2588 6545 15854 8271 24219 6859 4691 9994 1383 1314 18590 893 3698 478 3799 360 12968 9697 5746 1313 2557 3589 7183 4130 3763
leaf_count=14840 2107 13889 10883 593 5539 671 11142 13911 8874 18158 10769 9297 6471 15103 15744 2141 3787 14338 15408 23066 2950 6760 7867 8986 24165 8590 15574 10082 18917 5744 4535 4450 3878 8509 15790 12966 8990 5894 2588 6545 15854 8271 24219 6859 4691 9994 1383 1314 18590 893 3698 478 3799 360 12968 9697 5746 1313 2557 3589 7183 4130 3763
internal_value=-0.000394937 -0.00389628 0.00150152 -0.000505509 -0.00729356 -0.00564314 -0.000314417 0.00404673 0.00286935 0.000281698 -0.00110302 0.000959414 0.00400686 -0.0117739 0.00257213 -0.00487337 -0.00862881 0.00339531 0.00248074 -0.0096559 0.00115497 0.00174909 -0.00129341 -0.00301149 -0.000928285 -0.00156496 -0.000962551 0.00320685 0.00661609 0.0080269 0.0115375 0.00209114 -0.005228 0.00426998 -0.000924612 0.00161005 -0.00571874 -0.000657767 0.000545771 -0.0101187 -0.00416094 -0.00784634 0.000150399 -0.00157507 0.00192257 0.00296464 0.00802231 0.00582432 -0.00142677 -0.00261467 0.00625406 0.000718391 0.00425942 0.00550886 0.00581632 -0.000123077 0.00128163 -0.00262431 -0.0075246 -0.00565841 -0.00920742 -0.00272911 -0.00372098
internal_weight=551860 193890 357970 200145 99509 72721 94381 157825 108230 171549 24093 73769 84137 26788 59299 20612 34069 77666 63328 30282 49417 46467 11288 38652 112250 94092 85502 37989 49595 34755 11662 15219 28596 23917 22550 26847 17976 20676 35088 29611 24718 8864 61337 31078 30259 25568 7127 3421 35780 14782 23093 4176 13881 24211 23851 32500 22803 7059 11685 9128 9324 26483 22353
internal_count=551860 193890 357970 200145 99509 72721 94381 157825 108230 171549 24093 73769 84137 26788 59299 20612 34069 77666 63328 30282 49417 46467 11288 38652 112250 94092 85502 37989 49595 34755 11662 15219 28596 23917 22550 26847 17976 20676 35088 29611 24718 8864 61337 31078 30259 25568 7127 3421 35780 14782 23093 4176 13881 24211 23851 32500 22803 7059 11685 9128 9324 26483 22353
is_linear=0
shrinkage=0.05


Tree=20
num_leaves=64
num_cat=0
split_feature=8 33 44 8 42 0 25 9 0 19 0 16 31 23 0 13 27 41 0 29 25 27 5 5 36 8 13 37 9 33 0 38 43 22 25 27 13 43 11 12 16 16 16 15 27 14 2 23 44 14 29 17 7 38 39 11 14 43 36 37 21 11 13
split_gain=1360.89 856.855 439.384 366.92 311.546 224.558 254.842 209.235 199.979 178.673 192.049 138.732 148.625 123.074 148.663 118.285 113.798 113.453 164.665 124.425 107.487 106.229 103.248 92.4779 91.3546 89.2993 86.1278 85.4565 83.8281 81.2393 77.0596 76.8959 75.8943 74.5099 74.1833 73.2812 68.1319 67.176 67.1599 65.1041 64.0155 63.0545 63.048 61.7962 61.7472 59.8597 58.8165 71.3098 57.1823 56.9049 56.7695 56.7025 56.3539 55.9322 55.8652 55.8639 66.3234 54.2966 54.2197 64.2923 54.1141 52.7498 54.8552
threshold=15.500000000000007 17.550000000000004 1015.0000000000006 -13.499999999999993 6.2000000000000028 24.025000000000002 977.05000000000007 176.25000000000003 178.25000000000003 0.53727914962411616 31.050000000000004 -4.5071867895974904 6.2923644806432373 23.050000000000004 116.25000000000001 2.5000000000000004 52.550000000000004 6661.5000000000009 80.225000000000009 169.0984450914394 981.6500000000002 25.050000000000004 61.525000000000013 29.050000000000004 107.50000000000001 60.025000000000006 2.5000000000000004 39.500000000000007 882.75000000000011 22.550000000000004 59.050000000000004 36.050000000000004 -45.624999999999993 62.500000000000007 973.45000000000016 28.050000000000004 3.5000000000000004 187.50000000000003 -0.78656609248549292 -0.5 -10.440944703380501 8.4876293005417924 -12.902423266454898 1.0000000180025095e-35 90.02500000000002 2.5000000000000004 39.050000000000004 26.650000000000002 -1729.2500000000002 3.5000000000000004 2.0951884016605384 15.129428831951095 358.96875000000006 30.850000000000005 1.0000000180025095e-35 -0.37940952255126065 6.5000000000000009 27.500000000000004 77.500000000000014 52.500000000000007 2977.5000000000005 -0.9159756150367534 2.5000000000000004
decision_type=10 2 2 8 2 2 2 10 2 2 2 2 2 2 2 2 8 2 2 2 2 10 8 10 2 10 2 2 8 2 2 2 2 2 2 8 2 2 2 2 2 2 2 2 8 2 8 2 2 2 2 2 8 2 2 2 2 2 2 2 2 2 2
left_child=1 3 13 9 17 23 16 21 20 24 -11 32 15 14 42 -13 27 18 22 26 31 -6 -3 28 38 34 51 -7 46 36 53 35 61 41 -15 -4 -22 -9 -1 -32 -16 -17 -2 -29 -40 -36 47 -5 -44 -39 -20 -19 -42 -26 -47 -14 57 -57 -12 -60 -21 -8 -63
right_child=2 4 8 5 7 6 11 37 -10 10 58 12 55 25 40 33 -18 19 50 60 29 -23 -24 -25 30 -27 -28 43 -30 -31 39 -33 -34 -35 45 -37 -38 49 44 -41 52 -43 48 -45 -46 54 -48 -49 -50 -51 -52 -53 -54 -55 -56 56 -58 -59 59 -61 -62 62 -64
leaf_value=0.39789454273002117 -0.41021930368019233 0.03160257285190584 -0.13274184617279147 0.24047888485340591 -0.038977041377718451 0.26758155356957297 -0.30292674326483926 -0.55172684725570009 -3.6083724387131526 0.24982302413821242 0.32728717387737055 0.10969582203639812 -0.13659073327465343 -0.38156870636058393 -2.5425528751023685 0.35992317257620715 -0.27261099984257758 -0.055088394988034001 -0.15353867164601653 0.067321695290255223 -0.3617891479800861 -0.21697453315713588 0.5197109565727811 0.23907551742043995 0.16844070438817332 -1.2036864586888603 -0.21288077541311212 -0.046945364723484984 -0.09774206877016299 -0.86231641800424375 0.56084216347225568 -0.067252263404509141 -0.14842021245293796 0.16920797435132884 -0.67420697240224703 -0.55948021856096486 0.072442037449724356 -1.9146157571470255 1.2794884587591859 -0.37825778536245241 -0.0093586339062738944 0.77090753834996828 1.3701309914193649 -0.4845872880951918 1.2269050301488751 -0.050686440900648472 0.24924231331623031 0.030693461782703282 0.37866579303724396 -0.53296529628498135 -1.0770991874051294 0.25977073976353376 -4.867325911415632 0.44743440055547617 -0.45292839351832836 0.52129769689001149 -0.04529850233494527 -0.027256627891219767 0.13910682860894191 -0.23620240179414839 0.6976319514988385 0.39293923794093266 -0.0028673385012884301
leaf_weight=4784 806 10794 3882 6476 19789 2989 1478 7203 9422 18943 6728 16623 9590 6844 1648 8636 17493 11496 7124 1622 8597 23171 10375 16631 12483 6656 11225 32806 3867 3674 6632 3085 19609 8261 916 21508 7008 2825 7357 3567 12511 8939 2574 1263 9765 27582 6502 24080 4108 3709 2596 1348 935 10092 2908 6018 8478 3357 4612 10564 1167 6063 8066
leaf_count=4784 806 10794 3882 6476 19789 2989 1478 7203 9422 18943 6728 16623 9590 6844 1648 8636 17493 11496 7124 1622 8597 23171 10375 16631 12483 6656 11225 32806 3867 3674 6632 3085 19609 8261 916 21508 7008 2825 7357 3567 12511 8939 2574 1263 9765 27582 6502 24080 4108 3709 2596 1348 935 10092 2908 6018 8478 3357 4612 10564 1167 6063 8066
internal_value=-0.000396296 0.000944999 -0.00499262 0.00229959 -0.00275681 0.00116389 0.000198692 -0.00538961 -0.00821761 0.00488213 0.00238022 0.00163768 0.00292695 -0.0022604 0.000750598 0.00478049 -0.0025742 -0.00017187 0.00189469 -0.00254859 -0.00690413 -0.00367202 0.00436842 0.00384148 0.0067511 -0.00377455 -0.00370705 -0.00100518 0.00256384 -0.00402121 0.00508025 -0.00885601 -0.000921456 0.00689735 -0.00284444 -0.00976172 -0.00244633 -0.0107611 0.00925089 0.00147318 -0.0021068 0.00873826 0.00651042 -0.00171637 0.0107143 -0.00181653 0.00329484 0.00237597 0.00810386 -0.0144322 -0.0034928 -0.000910931 -0.00096683 0.00670986 -0.00143818 5.92136e-05 0.0017126 0.00461067 -0.000808072 -0.00246442 0.00744891 0.00168034 0.0026205
internal_weight=551860 427196 124664 312752 114444 217225 159669 56697 57176 95527 40847 105118 69902 67488 22582 42459 54551 57747 30889 26858 47754 42960 21169 57556 54680 44906 24069 37058 40925 19279 32774 28475 35216 25836 38250 25390 15605 13737 21906 10199 15094 17575 7488 34069 17122 31406 37058 30556 6682 6534 9720 12844 13446 22575 30490 27443 17853 9375 21904 15176 2789 15607 14129
internal_count=551860 427196 124664 312752 114444 217225 159669 56697 57176 95527 40847 105118 69902 67488 22582 42459 54551 57747 30889 26858 47754 42960 21169 57556 54680 44906 24069 37058 40925 19279 32774 28475 35216 25836 38250 25390 15605 13737 21906 10199 15094 17575 7488 34069 17122 31406 37058 30556 6682 6534 9720 12844 13446 22575 30490 27443 17853 9375 21904 15176 2789 15607 14129
is_linear=0
shrinkage=0.05


Tree=21
num_leaves=64
num_cat=0
split_feature=42 0 41 8 0 37 36 38 0 12 23 0 25 16 0 14 14 31 16 8 22 34 23 36 25 27 37 27 40 27 28 41 14 31 0 43 23 22 37 25 26 8 13 36 5 0 5 25 28 0 14 37 31 14 5 41 36 0 32 23 14 28 37
split_gain=1253.84 830.144 442.639 339.604 316.506 309.541 203.232 210.669 183.958 174.376 172.408 182.914 157.223 147.205 243.963 139.186 136.46 135.906 135.564 121.812 112.004 112.39 108.754 103.9 103.655 100.577 92.7116 91.0924 90.0585 87.7594 88.9116 87.7029 86.9098 86.5134 85.7248 80.3861 79.2724 78.5315 78.0877 75.8876 71.42 70.987 77.617 69.9278 69.6456 67.5386 67.1495 66.3626 65.7889 64.6159 88.6567 64.1999 63.9176 67.3145 62.9235 62.7962 60.4796 59.7304 59.5301 59.2546 59.172 87.6456 64.9422
threshold=-1.2000000000000017 37.025000000000006 2386.7500000000005 -4.2349999999999985 116.25000000000001 54.500000000000007 180.62500000000003 27.650000000000002 196.25000000000003 -0.3794095225512602 19.550000000000004 65.725000000000009 978.85000000000002 -6.8250451130112078 41.525000000000006 8.5000000000000018 1.5000000000000002 12.016680504084826 -2.6893264308464295 -17.984999999999996 25.500000000000004 -0.10452846326765344 18.450000000000003 287.50000000000006 975.35000000000002 57.550000000000004 54.500000000000007 39.550000000000004 977.75000000000011 15.950000000000001 1.2150000000000001 12095.500000000002 3.5000000000000004 6.2923644806432373 126.25000000000001 -94.374999999999986 14.050000000000002 63.500000000000007 90.500000000000014 985.6500000000002 10811.000000000002 -1.0999999999999959 5.5000000000000009 152.50000000000003 106.15000000000002 292.25000000000006 63.625000000000007 973.95000000000016 1.5050000000000001 259.25000000000006 9.5000000000000018 17.500000000000004 12.469776187822729 8.5000000000000018 89.050000000000011 10811.000000000002 46.250000000000007 246.75000000000003 2.3241907860330957 25.350000000000005 9.5000000000000018 13.075000000000001 59.500000000000007
decision_type=2 2 2 8 2 2 2 2 2 2 2 2 2 2 2 2 2 2 2 10 2 2 2 2 2 10 2 8 2 8 2 2 2 2 2 2 2 2 2 2 2 10 2 2 8 2 10 2 2 2 2 2 2 2 8 2 2 2 2 2 2 2 2
left_child=3 6 8 13 5 17 46 28 24 49 18 20 -13 14 59 16 -7 25 -5 26 -12 48 35 -18 -3 44 -9 -23 -8 -21 -31 -27 39 -17 -20 -15 57 40 -25 -19 -24 -26 51 -16 -4 60 -2 -29 55 50 -6 -43 53 -30 -35 -22 -10 -11 -34 -1 61 62 -14
right_child=1 2 4 10 9 15 7 19 56 36 11 12 45 22 43 33 23 32 34 29 21 27 37 38 41 31 -28 47 52 30 -32 -33 58 54 -36 -37 -38 -39 -40 -41 -42 42 -44 -45 -46 -47 -48 -49 -50 -51 -52 -53 -54 -55 -56 -57 -58 -59 -60 -61 -62 -63 -64
leaf_value=0.57650212060913075 0.16739467774453876 -0.30596501077488636 0.028073538271731424 -0.37329483355545151 -0.89176578565192388 0.96559814102379105 -0.17167337000844457 0.41536673025784038 -0.47811055591659157 -0.21072253271498217 0.24699702269178189 -0.65594109756414209 -0.13453065640221831 1.6363055366841586 0.02878280685721395 0.46788419244598567 -0.26629859542738704 -0.66681552819398027 1.0225634436796533 0.15230404233189176 -0.049900109555099229 0.17485190653927429 0.70385573481171138 -0.41434334688670216 0.402802973725779 -0.012999763744567079 0.072021367376264342 -0.18340059336068026 -0.021832884317120983 -0.040465824125112661 0.14816412349114008 -0.42563875681972685 -0.063644917937399334 -0.26507515844113405 0.5990954407704131 1.0825658746394573 -2.1628610070888761 0.068734193881129627 -0.73008641464542101 -0.19497800162232959 0.17572639626879366 1.4382944500478498 0.51709360991636177 -0.38578834593221867 0.46914888237712493 -4.849667183099843 1.3569499320519023 0.064530497660096206 0.14303935478926461 -3.8385558783327882 0.051942960903278303 -0.21875152515127036 -0.12465178616115313 0.34352262119889521 0.41907780965346914 -0.18312760190453048 -2.2268873181238305 -4.6584789376474882 -0.64499861215478305 0.17443840763160115 0.47581094515362515 0.57856449478930227 -0.9175631009017714
leaf_weight=3631 18661 5220 14759 3221 7355 853 12210 6798 5229 1905 11179 9905 8947 4296 9204 1893 12752 5549 9146 6081 21109 24442 16076 28744 19653 9429 10126 5251 6027 36873 6048 5857 13656 3478 6574 6403 12052 10831 5163 5385 15612 691 3612 6608 4583 1464 2042 15408 4939 3455 4875 16935 4894 1679 842 4998 7900 1136 1688 22053 7244 3878 3353
leaf_count=3631 18661 5220 14759 3221 7355 853 12210 6798 5229 1905 11179 9905 8947 4296 9204 1893 12752 5549 9146 6081 21109 24442 16076 28744 19653 9429 10126 5251 6027 36873 6048 5857 13656 3478 6574 6403 12052 10831 5163 5385 15612 691 3612 6608 4583 1464 2042 15408 4939 3455 4875 16935 4894 1679 842 4998 7900 1136 1688 22053 7244 3878 3353
internal_value=-0.000388595 -0.00244695 -0.00433779 0.00237093 -0.00582203 -0.00461328 0.00102545 5.51049e-06 -0.000694632 -0.0103239 0.000815976 0.000127542 -0.00293826 0.00468674 0.00245445 -0.00737971 -0.00830001 -0.00217302 0.00525447 0.00148348 0.00134897 0.000662863 0.00642734 -0.00866232 0.00079211 -0.000115513 0.00514063 0.0022566 -0.00392181 0.000220399 -0.000576058 -0.00314667 -0.00488431 -0.000342025 0.00716921 0.0109333 -0.0141605 0.00529352 -0.0101093 -0.00829065 0.0065498 0.00163911 -0.000364912 -0.0024317 0.00228001 -0.000817729 0.00549558 -0.00018757 -0.00165239 -0.00663213 -0.00492641 -0.00173323 -0.000956349 0.00188165 -0.00424769 -0.0026535 -0.00591629 -0.00694673 -0.00245699 0.00546254 -0.00016651 -0.00184819 -0.00391463
internal_weight=551860 316088 204649 235772 145409 114631 111439 90736 59240 30778 141058 122117 34791 94714 41496 53725 47512 60906 18941 65926 87326 76147 53218 46659 46111 34628 16924 45101 24810 49002 42921 15286 26278 6213 15720 10699 15093 42519 33907 10934 31688 40891 21238 15812 19342 24886 20703 20659 31046 15685 12230 17626 12600 7706 4320 26107 13129 3041 15344 25684 23422 16178 12300
internal_count=551860 316088 204649 235772 145409 114631 111439 90736 59240 30778 141058 122117 34791 94714 41496 53725 47512 60906 18941 65926 87326 76147 53218 46659 46111 34628 16924 45101 24810 49002 42921 15286 26278 6213 15720 10699 15093 42519 33907 10934 31688 40891 21238 15812 19342 24886 20703 20659 31046 15685 12230 17626 12600 7706 4320 26107 13129 3041 15344 25684 23422 16178 12300
is_linear=0
shrinkage=0.05


Tree=22
num_leaves=64
num_cat=0
split_feature=8 33 44 8 42 0 25 9 0 19 0 16 23 31 13 0 8 0 0 25 35 12 9 5 9 41 37 22 0 0 23 8 43 22 35 36 18 38 0 32 22 36 39 38 33 38 37 11 37 0 19 16 16 22 23 26 16 0 16 0 23 41 37
split_gain=1163.42 719.555 382.5 313.209 264.682 189.758 232.055 184.143 179.027 154.941 151.077 126.136 123.218 122.229 116.204 110.873 110.262 99.2003 98.6335 97.5244 121.932 90.1185 87.9829 86.9128 78.8206 74.854 74.6226 73.1413 80.7097 72.7231 69.4392 69.2615 65.4472 64.533 63.2665 67.9783 66.8003 63.0028 71.3632 63.0008 61.7086 100.324 61.2483 61.1525 59.9053 59.2956 59.182 58.1669 57.7948 56.6409 56.5565 55.74 55.2977 55.2669 62.7038 63.8349 54.7375 52.4728 61.7344 51.7524 52.0146 50.9401 61.7748
threshold=15.500000000000007 17.550000000000004 492.00000000000011 -13.999999999999996 6.2000000000000028 24.725000000000005 976.35000000000002 187.25000000000003 208.75000000000003 0.77159520228797462 33.925000000000004 -4.5071867895974904 22.850000000000005 3.9861691647898341 2.5000000000000004 120.07500000000002 -22.079999999999995 92.02500000000002 44.025000000000006 981.05000000000007 -0.39873388578253688 0.25881904510252057 57.050000000000004 29.050000000000004 882.75000000000011 3204.2500000000005 18.500000000000004 68.500000000000014 51.050000000000004 80.225000000000009 32.95000000000001 51.020000000000003 172.50000000000003 62.500000000000007 -0.88697705852364728 2967.5000000000005 22.650000000000002 36.550000000000004 47.050000000000004 -13.292267053620082 62.500000000000007 417.50000000000006 0.15000000000000005 35.550000000000004 9.7500000000000018 27.650000000000002 78.500000000000014 -0.37940952255126065 73.500000000000014 50.550000000000004 0.50751903745502713 4.604417617242043 8.4876293005417924 44.500000000000007 28.050000000000004 10644.000000000002 -12.902423266454898 21.950000000000003 15.152707135546189 228.25000000000003 21.450000000000003 8966.0000000000018 55.500000000000007
decision_type=10 2 2 8 2 2 2 10 2 2 2 2 2 2 2 2 8 2 2 2 2 2 8 10 8 2 2 2 2 2 2 10 2 2 2 2 2 2 2 2 2 2 2 2 2 2 2 2 2 2 2 2 2 2 2 2 2 2 2 2 2 2 2
left_child=1 3 12 9 16 23 18 22 19 21 -11 25 15 14 -13 56 17 42 43 37 50 57 46 24 53 29 -14 28 -23 -8 31 48 -9 52 -18 36 61 38 -4 -22 -24 -42 -3 -7 -27 -43 -6 -15 -28 -50 -21 -17 -16 -5 55 -55 -2 -1 -59 60 -49 62 -36
right_child=2 4 8 5 7 6 11 32 -10 10 -12 13 26 47 33 51 34 -19 -20 20 39 27 40 -25 -26 44 30 -29 -30 -31 -32 -33 -34 -35 35 -37 -38 -39 -40 -41 41 45 -44 -45 -46 -47 -48 59 49 -51 -52 -53 -54 54 -56 -57 -58 58 -60 -61 -62 -63 -64
leaf_value=0.31941630885163935 -0.38823956301072926 0.44711833470654821 -0.15579950669741585 0.22302712657255316 0.14934248418222204 -0.062984042202529428 0.16570962748597876 -0.51722070701004419 -3.7933026153463576 0.20445010216776138 -0.12615024052381205 0.085329599740222098 0.31370115719646047 -0.093231755271036582 0.36021189190707426 -0.9646451726177645 0.39174231891096684 -0.4078861568507044 -0.30335357833145271 0.39496218940696926 -0.89904920047185832 1.1398494589062602 -0.098532902692792315 0.21971728908803745 -0.094059770909100032 0.06834478156830126 0.055882333110717088 0.31878238083835947 0.78939264013069621 -0.48160150344780944 -0.4330732873911276 -0.94905039423087934 -0.97632376175600499 0.15801095788109057 0.15827834217346559 0.23708730041526405 0.053059445364238324 -0.032414079175071199 -0.66096373431356248 -0.30892871319281295 -0.14406347509019746 -0.42444804339045794 -0.27159229217338327 0.2521975361330781 -0.19764898012397591 -0.15315007942202785 -0.078505765193738336 0.61337543796975647 -0.054455884579850539 -0.52041549321085689 -0.26406405628711166 0.36779629719556511 0.74364947994281383 0.097395519513922099 0.010109395575643033 0.53712399595732918 0.88051126878828245 0.1690650370340826 0.56165257083152598 -2.2093603874750922 0.045079846544060651 -0.16689642072813538 -0.14063027287563531
leaf_weight=7668 760 10493 7829 5085 4306 28065 15283 6218 8937 15848 14820 15141 3489 12561 7763 5907 1518 4368 16768 3723 4450 6234 16213 17817 3969 4695 12633 10735 7506 5747 7829 5929 6164 6895 5509 1766 9754 2486 19535 16223 10263 5578 676 2455 12776 3945 4010 5549 5914 4838 2133 6030 7906 11331 20085 2401 6019 24442 6385 1332 15490 12391 11272
leaf_count=7668 760 10493 7829 5085 4306 28065 15283 6218 8937 15848 14820 15141 3489 12561 7763 5907 1518 4368 16768 3723 4450 6234 16213 17817 3969 4695 12633 10735 7506 5747 7829 5929 6164 6895 5509 1766 9754 2486 19535 16223 10263 5578 676 2455 12776 3945 4010 5549 5914 4838 2133 6030 7906 11331 20085 2401 6019 24442 6385 1332 15490 12391 11272
internal_value=-0.000396296 0.000843875 -0.00464609 0.0020852 -0.00254841 0.00105082 0.000140129 -0.00497513 -0.00728612 0.00450565 0.00159124 0.00138836 -0.00174058 0.00261471 0.00458891 0.00161626 -0.000165809 0.00343535 -0.00279352 -0.0062439 -0.00403803 0.00592504 -0.00346892 0.00342819 0.00220837 -0.000925301 -0.00328682 0.00829724 0.0107132 0.00108417 -0.00394354 -0.00282629 -0.0103659 0.0068627 -0.00149135 -0.00186523 -0.00230052 -0.00820436 -0.00889673 -0.00584216 -0.00453971 -0.00641363 0.00593383 -0.00110092 -0.00334411 -0.0101097 0.00116643 0.000483797 -0.00160252 -0.00429688 0.00233094 -0.00128382 0.00863648 0.00289317 0.00216237 0.00476624 0.00672297 0.00441681 0.00349612 0.00201265 0.00261776 -0.00349822 -0.00170282
internal_weight=551860 427196 124664 312752 114444 219114 158426 56697 65316 93638 30668 111138 59348 72637 37705 18716 57747 15537 47288 56379 26529 62970 44315 60688 42871 38501 40632 24475 13740 21030 37143 29314 12382 22564 42210 40692 38926 29850 27364 20673 35999 19786 11169 30520 17471 9523 8316 34932 23385 10752 5856 11937 15669 38902 33817 13732 6779 38495 30827 22371 21039 29172 16781
internal_count=551860 427196 124664 312752 114444 219114 158426 56697 65316 93638 30668 111138 59348 72637 37705 18716 57747 15537 47288 56379 26529 62970 44315 60688 42871 38501 40632 24475 13740 21030 37143 29314 12382 22564 42210 40692 38926 29850 27364 20673 35999 19786 11169 30520 17471 9523 8316 34932 23385 10752 5856 11937 15669 38902 33817 13732 6779 38495 30827 22371 21039 29172 16781
is_linear=0
shrinkage=0.05


Tree=23
num_leaves=64
num_cat=0
split_feature=42 0 41 23 0 0 36 38 39 0 5 40 9 9 27 38 38 12 12 0 22 5 23 19 27 0 32 28 37 36 19 7 38 5 41 37 23 13 29 38 23 37 36 38 43 0 37 41 26 37 29 11 5 41 13 31 38 25 43 37 31 31 38
split_gain=1066.04 717.628 394.393 273.568 318.422 272.25 254.038 246.604 229.399 218.173 213.642 209.668 186.022 150.211 144.967 154.283 136.175 147.909 121.395 118.313 112.89 110.874 101.408 100.929 89.246 85.1955 84.6542 84.2424 82.8067 81.6779 78.9797 78.428 99.3898 84.4427 74.2249 68.34 68.2406 73.0782 89.3949 68.9481 67.4696 67.066 65.6427 78.8406 64.2196 63.7171 65.7745 80.1631 63.3556 62.833 89.3575 67.7637 62.2552 61.9725 61.5136 80.3694 60.5124 60.4347 59.6959 58.1564 56.2086 54.5599 53.7839
threshold=-1.2000000000000017 46.025000000000006 1989.2500000000002 18.850000000000005 58.525000000000006 149.12500000000003 180.62500000000003 27.750000000000004 1.0000000180025095e-35 124.25000000000001 73.225000000000009 977.45000000000016 177.25000000000003 36.050000000000004 23.350000000000005 36.850000000000001 36.45000000000001 0.1294095225512602 -0.3794095225512602 314.25000000000006 59.500000000000007 114.25000000000001 28.150000000000002 -0.72534675097891066 25.550000000000004 327.25000000000006 -7.3882654717687331 3.0250000000000004 77.500000000000014 52.500000000000007 0.40673664307580037 170.00208333333339 26.050000000000004 41.975000000000009 8829.7500000000018 51.500000000000007 26.250000000000004 3.5000000000000004 83.549865963900814 19.350000000000005 24.950000000000003 15.500000000000002 136.25000000000003 38.850000000000001 1972.5000000000002 29.525000000000002 77.500000000000014 4857.7500000000009 12947.500000000002 74.500000000000014 0.22062492418127491 -0.78656609248549292 65.725000000000009 2386.7500000000005 4.5000000000000009 2.1613245411628692 27.150000000000002 977.6500000000002 131.25000000000003 83.500000000000014 12.304149708010485 -4.3018339399513215 26.250000000000004
decision_type=2 2 2 2 2 2 2 2 2 2 10 2 10 8 8 2 2 2 2 2 2 8 2 2 8 2 2 2 2 2 2 8 2 8 2 2 2 2 2 2 2 2 2 2 2 2 2 2 2 2 2 2 10 2 2 2 2 2 2 2 2 2 2
left_child=3 6 19 9 10 8 52 22 12 23 14 28 21 -9 -5 27 17 24 -7 36 -19 35 34 -1 -15 26 29 45 42 -13 -11 32 33 -14 40 -4 37 -3 39 -39 61 -38 -6 -44 -17 -16 47 -47 59 51 -51 -28 56 -29 -18 -56 -2 -26 -20 -12 -59 -8 -42
right_child=1 2 5 4 11 18 7 13 -10 30 48 25 31 16 15 44 54 20 58 -21 -22 -23 -24 -25 57 -27 49 53 -30 -31 -32 -33 -34 -35 -36 -37 41 38 -40 -41 62 -43 43 -45 -46 46 -48 -49 -50 50 -52 -53 -54 -55 55 -57 -58 60 -60 -61 -62 -63 -64
leaf_value=1.3450939824500197 0.022046957611606001 -0.079989108231451667 -0.091469422601592354 0.16566493662125784 0.048556276901858465 -1.3375506625205125 0.44264895089843259 0.22056195842517795 -0.66302129852368175 0.81720888278575932 0.83575533712352312 0.77548219454338796 0.080101139906700161 0.027599791859088053 0.04931678628986215 0.35203778441126332 0.27050171824327868 0.63653496108811014 -2.3262130646052768 -2.854776007977931 0.037311862013734223 0.14302031374503518 -0.28008083917166504 0.53863317488397444 -0.16094266699700141 -4.9770466067053372 -0.29924372497455309 0.5239931208577453 -0.8589071240881323 -0.54192629280740012 -1.1834896534567307 0.20866415860037404 -0.32767699006906281 -1.0640029491141951 -0.16278297439800327 -0.29502615884696209 1.5440387657508936 0.21738001971249191 -1.4500808739500894 1.0146639930155468 -0.18861839033765931 -0.34304415284887813 -0.66148377921217416 0.25911047033434143 -0.29342947664353453 0.12128719547974375 -0.18505249298771831 -0.11385100352249394 0.13096444957807948 0.27835283076206369 -1.0642092363661555 0.33386358229206059 1.0538623824393976 0.023239459319871258 0.52724621536575467 -0.22863483981335897 0.21037493497870186 0.034163918599326951 -3.2976014742643507 -0.025757416101016117 -0.11445326390123665 -0.080451594007708224 -0.0038629105622240648
leaf_weight=9576 9254 16350 21312 37663 3991 11118 2007 8824 9798 10447 9080 2021 1102 17200 35900 7492 6913 3716 5805 4647 10259 11749 7533 7763 17492 1721 4512 4952 3536 7778 2797 2185 28227 9037 8633 20605 531 6692 674 6491 4819 9726 6205 1018 461 14460 13184 11155 3377 2738 1853 26465 3183 4552 768 1957 15114 9827 4741 1075 7809 1216 8774
leaf_count=9576 9254 16350 21312 37663 3991 11118 2007 8824 9798 10447 9080 2021 1102 17200 35900 7492 6913 3716 5805 4647 10259 11749 7533 7763 17492 1721 4512 4952 3536 7778 2797 2185 28227 9037 8633 20605 531 6692 674 6491 4819 9726 6205 1018 461 14460 13184 11155 3377 2738 1853 26465 3183 4552 768 1957 15114 9827 4741 1075 7809 1216 8774
internal_value=-0.000391132 -0.00228908 -0.0044865 0.00215335 0.00149582 -0.00592601 0.000293879 -0.000717428 -0.00486396 0.00656492 0.00278948 -0.00150312 -0.00410674 0.000709904 0.00216629 0.00109814 -7.57167e-06 -0.00081482 -0.0110252 -0.000476048 0.00375492 -0.00217549 -0.00438573 0.0102558 -0.00203524 0.000126359 0.000540591 0.000469401 -0.00670508 -0.00357434 0.00173286 -0.0066626 -0.00718735 -0.0114336 -0.00287732 -0.0033787 0.000391706 0.00158821 0.00425958 0.00516764 -0.000942555 -0.00313201 -0.00460139 -0.00744497 0.00775494 -9.47134e-05 -0.00149939 -2.24478e-05 0.00876811 0.00167426 -0.00378458 0.00248329 0.00461598 0.0049032 0.00554576 -0.000816514 0.00375698 -0.00348013 -0.0148682 0.010741 -0.00141472 0.00556159 -0.00248473
internal_weight=551860 316088 170790 235772 205189 125679 145298 117747 104015 30583 143351 61838 94217 84765 129819 92156 75941 66303 21664 45111 13975 53666 32982 17339 52328 47088 45367 84203 14750 9799 13244 40551 38366 10139 25449 41917 40464 30207 13857 13183 16816 10257 11214 7223 7953 74699 38799 25615 13532 35568 4591 30977 27551 9504 9638 2725 24368 35128 10546 10155 17636 3223 13593
internal_count=551860 316088 170790 235772 205189 125679 145298 117747 104015 30583 143351 61838 94217 84765 129819 92156 75941 66303 21664 45111 13975 53666 32982 17339 52328 47088 45367 84203 14750 9799 13244 40551 38366 10139 25449 41917 40464 30207 13857 13183 16816 10257 11214 7223 7953 74699 38799 25615 13532 35568 4591 30977 27551 9504 9638 2725 24368 35128 10546 10155 17636 3223 13593
is_linear=0
shrinkage=0.05


Tree=24
num_leaves=64
num_cat=0
split_feature=8 41 27 38 42 9 18 39 8 0 38 0 25 41 38 8 27 23 37 37 0 32 14 40 38 41 11 37 9 25 43 16 19 23 35 41 32 16 43 43 27 13 28 9 25 8 27 30 31 40 41 0 5 37 0 27 25 9 35 35 9 14 35
split_gain=1005.48 628.033 528.888 311.78 284.247 234.939 234.099 202.731 168.694 166.221 163.614 155.766 145.994 136.339 134.786 125.374 115.391 106.589 105.056 104.085 99.107 90.0787 87.9565 85.4774 86.4641 85.1064 84.9781 83.1393 82.6756 80.1916 77.8558 76.9985 76.938 75.6203 78.5287 74.3872 72.7943 72.071 75.1833 70.6379 67.8644 89.6424 82.3266 64.7126 63.1215 69.2057 63.117 62.9284 61.7632 61.2693 80.7839 60.5534 60.2979 55.5474 55.2562 54.7509 67.3734 54.0357 52.7053 52.6947 50.4851 50.3322 50.1889
threshold=15.500000000000007 3417.7500000000005 57.050000000000004 30.750000000000004 -1.0999999999999985 54.550000000000004 21.250000000000004 0.35000000000000003 -20.294999999999995 314.25000000000006 26.650000000000002 303.25000000000006 973.25000000000011 2550.7500000000005 36.850000000000001 -13.499999999999993 24.550000000000004 19.550000000000004 8.5000000000000018 93.500000000000014 59.050000000000004 -14.182185927007987 9.5000000000000018 989.1500000000002 36.050000000000004 9534.7500000000018 -0.9159756150367534 47.500000000000007 250.25000000000003 987.95000000000016 -287.49999999999994 -5.4664028463200003 0.81408451933196979 30.250000000000004 0.66913060635885813 9242.2500000000018 6.1998827635668512 5.2919278554815401 27.500000000000004 -94.374999999999986 91.050000000000011 4.5000000000000009 0.95500000000000018 203.25000000000003 973.6500000000002 147.20000000000002 36.95000000000001 20.500000000000004 -4.4334294095262221 987.45000000000016 9111.2500000000018 57.025000000000006 42.525000000000006 17.500000000000004 61.525000000000006 27.550000000000004 979.85000000000002 34.050000000000004 0.42261826174069955 0.79332313182700764 35.050000000000004 11.500000000000002 -0.13052122218260634
decision_type=10 2 10 2 2 10 2 2 8 2 2 2 2 2 2 8 8 2 2 2 2 2 2 2 2 2 2 2 10 2 2 2 2 2 2 2 2 2 2 2 10 2 2 10 2 10 8 2 2 2 2 2 10 2 2 8 2 8 2 2 10 2 2
left_child=1 6 3 5 17 25 7 11 -5 13 29 12 46 53 16 20 -10 31 58 49 27 -8 37 24 28 57 -23 -14 55 43 48 -2 61 -18 35 -35 -25 -22 -39 -33 42 -42 -17 -4 54 -46 -1 60 62 50 -7 -12 -53 -6 -19 -15 -57 -3 -16 -49 -29 -32 -28
right_child=4 2 10 8 9 19 21 -9 14 -11 51 -13 15 23 18 40 33 44 -20 -21 22 26 -24 36 -26 -27 30 47 -30 -31 32 39 -34 34 -36 -37 -38 38 -40 -41 41 -43 -44 -45 45 -47 -48 59 -50 -51 -52 52 -54 -55 -56 56 -58 -59 -60 -61 -62 -63 -64
leaf_value=0.038982471039235245 -0.92495366265578827 0.22921832856219543 -0.50730207213721923 0.3682067731521963 1.3177763277822105 -0.085478794388786181 -0.01485833609980558 -0.21424960541160259 0.1052685300945123 -5.8612066808533063 -0.058070517433353119 -2.4157902215806177 1.1340132705216615 -0.089143201350634985 -0.33823004312423033 0.092135662323103412 0.084956747694103552 -0.11284982296220908 0.25731938142934263 -0.40526317853850585 -0.25984695470182184 -0.012634396378879243 1.0843280985034507 -0.36063572544950412 -0.066743792231142685 -0.059089224564490041 0.90586123816064268 0.42928811345642776 -1.0973365257599628 -0.37527909519510572 0.59646614185796965 2.1982328903716257 -0.054140683675487813 0.016462941081631311 0.14248519580472169 -0.14134221681644696 0.59121513765401146 1.0359100519346625 -0.65518518973599438 0.45959727557281521 -0.41354929161517512 0.58536964016887849 0.37672845870100641 -1.7977535437922221 -0.0570480817755529 -4.7320047877880986 -0.19867035335784511 1.4277956788231441 1.0001949288224976 0.0063253233916580782 -0.21090931423205528 -0.62317882945415493 -0.25024736305472189 -0.22048796612547394 -0.96890723393734879 -0.46126075660424015 -0.30001536378506644 0.059104396803990357 0.086425453542408451 -0.26776727786656673 0.14214453977284244 5.1157394522464941 0.073217211108992139
leaf_weight=10000 1349 6575 6048 14039 655 25734 4064 8070 19957 5820 14752 4306 5810 4651 1061 62332 8789 3290 14459 4341 8056 2940 9843 5729 4848 13437 2227 4181 9187 5018 11473 1943 2963 9676 5507 20303 1244 4443 1491 4848 7104 2553 12998 3600 28546 1095 7644 1654 5916 10420 15403 4232 10280 20701 2493 15743 12522 17380 1148 272 11690 1065 1942
leaf_count=10000 1349 6575 6048 14039 655 25734 4064 8070 19957 5820 14752 4306 5810 4651 1061 62332 8789 3290 14459 4341 8056 2940 9843 5729 4848 13437 2227 4181 9187 5018 11473 1943 2963 9676 5507 20303 1244 4443 1491 4848 7104 2553 12998 3600 28546 1095 7644 1654 5916 10420 15403 4232 10280 20701 2493 15743 12522 17380 1148 272 11690 1065 1942
internal_value=-0.000393669 0.000759253 -0.000997915 0.000154997 -0.00434448 -0.00189785 0.00285087 0.00207498 0.00217218 -0.00609433 -0.00593786 0.00247883 0.00274787 -0.00546493 0.00129419 0.00331711 0.000254546 -0.00108691 0.00530058 -0.00395005 0.00537626 0.00671832 0.00310179 -0.00680402 -0.00757119 0.00117004 0.00771051 0.00767251 -0.00829929 -0.0102482 0.00863558 0.00407248 0.00641088 -0.00116827 -0.00219664 -0.00320474 -0.00163846 0.000553967 0.00473542 0.00623988 0.00216768 -0.0017785 0.00267357 -0.0129146 -0.00227247 -0.0013402 -0.0015246 0.00597713 0.012055 -0.00332399 -0.00419148 -0.00377768 -0.00607084 -0.00208372 -0.00705084 -0.00712875 -0.00795595 0.00295659 -0.00485514 0.0145119 0.0049414 0.00812331 0.00739386
internal_weight=551860 427196 232159 188229 124664 93290 195037 162447 94939 81100 43930 154377 150071 75280 80900 132427 64232 43564 16668 55898 47440 32590 23833 53924 46951 37392 28526 23607 42103 14666 25586 8140 15501 44275 35486 29979 6973 13990 5934 6791 84987 9657 75330 9648 35424 29641 17644 17797 10085 51557 41137 29264 14512 21356 5783 32916 28265 23955 2209 1926 15871 12538 4169
internal_count=551860 427196 232159 188229 124664 93290 195037 162447 94939 81100 43930 154377 150071 75280 80900 132427 64232 43564 16668 55898 47440 32590 23833 53924 46951 37392 28526 23607 42103 14666 25586 8140 15501 44275 35486 29979 6973 13990 5934 6791 84987 9657 75330 9648 35424 29641 17644 17797 10085 51557 41137 29264 14512 21356 5783 32916 28265 23955 2209 1926 15871 12538 4169
is_linear=0
shrinkage=0.05


Tree=25
num_leaves=64
num_cat=0
split_feature=8 33 44 8 0 27 27 8 42 11 0 19 27 23 13 37 11 44 29 14 31 0 42 37 16 0 23 0 25 29 31 13 0 21 12 23 17 27 37 13 26 37 27 0 0 0 43 27 26 43 7 9 31 14 43 11 9 9 0 14 28 43 37
split_gain=925.708 491.564 398.166 247.476 222.289 163.632 159.15 150.887 134.815 128.794 119.899 153.508 119.365 117.785 114.328 114.306 107.976 102.307 101.538 96.144 125.911 92.4728 89.5251 88.9128 84.9502 80.4079 85.2305 83.6402 79.773 77.1307 76.4549 91.2217 71.8716 71.7165 71.1974 68.2169 67.3535 66.1783 96.9942 80.2784 66.1511 61.864 61.3106 60.4682 58.6066 57.5633 56.4577 56.1623 68.5422 55.8813 54.3977 54.2551 65.8477 56.7546 53.9213 52.1741 52.0544 51.1954 50.8813 50.5314 50.3911 50.1646 49.9245
threshold=5.8000000000000034 20.250000000000004 1745.500000000002 -20.294999999999995 163.25000000000003 22.050000000000004 60.050000000000004 67.050000000000011 -6.0499999999999972 -0.78656609248549292 28.550000000000004 0.49240481012316861 46.050000000000004 23.750000000000004 4.5000000000000009 55.500000000000007 0.12940952255126045 523.75000000000011 18.054451535941453 8.5000000000000018 7.541527985475363 94.02500000000002 5.2000000000000028 92.500000000000014 17.257140596465611 24.725000000000005 18.850000000000005 65.725000000000009 985.55000000000007 0.53852169333459055 3.3233317863180183 3.5000000000000004 50.550000000000004 232.50000000000003 -0.78656609248549325 27.150000000000002 16.178045648204556 27.850000000000005 55.500000000000007 2.5000000000000004 41551.750000000007 33.500000000000007 39.550000000000004 10.042500000000002 80.225000000000009 181.25000000000003 1492.5000000000002 48.550000000000004 1513.7500000000002 152.50000000000003 60.422077922077925 59.95000000000001 -9.3292314415745548 8.5000000000000018 -927.49999999999989 -0.37940952255126065 34.050000000000004 149.25000000000003 175.25000000000003 9.5000000000000018 33.645000000000003 -23.749999999999996 32.500000000000007
decision_type=10 2 2 8 2 8 10 10 2 2 2 2 10 2 2 2 2 2 2 2 2 2 2 2 2 2 2 2 2 2 2 2 2 2 2 2 2 8 2 2 2 2 8 2 2 2 2 10 2 2 8 10 2 2 2 2 10 10 2 2 2 2 2
left_child=1 3 7 10 12 -5 23 9 35 42 18 17 51 14 24 16 30 55 56 25 58 46 -8 36 -11 -17 45 33 -9 59 31 32 -10 -28 -6 40 43 -15 54 -40 -7 -37 -2 -3 -19 -27 -18 48 -41 -45 -31 -4 53 -53 -39 -12 -1 -24 -21 -14 -49 -56 -13
right_child=2 6 4 5 34 8 22 28 15 13 11 62 29 37 -16 19 21 44 -20 20 -22 -23 57 -25 -26 26 27 -29 -30 50 -32 -33 -34 -35 -36 41 -38 38 39 47 -42 -43 -44 49 -46 -47 -48 60 -50 -51 -52 52 -54 -55 61 -57 -58 -59 -60 -61 -62 -63 -64
leaf_value=0.39933097520218114 -0.024231043898403328 0.24620309398542184 0.0077986031594893708 0.1218653632513286 -1.0568246123848688 0.36276974348744218 -0.099808622856760676 -1.5743825788678145 0.15234843487384062 -0.079517724326279196 0.35158806898755268 0.63920694864937644 -0.50216387080564595 0.091807042298822777 0.91835796214688803 0.00032887475099308006 0.38720381550568528 0.23062368185155765 0.99665684289713929 0.37628012270748168 -0.11737096706564126 -0.34290476259460645 -0.27843230745606123 -0.27402306141797333 1.0183123701895607 0.38795879144005052 -0.046843081673780755 -0.83938229304397793 -0.61237744607003486 -0.11916913783059294 -0.074602619521491595 0.36071750533234609 -0.38571766360422416 -0.21404657119928228 -3.2751064963930796 0.25034768077475578 0.44150254320630566 -0.26063331726414918 -0.035514126392376437 0.12695581375740744 -0.45428802222359821 -0.0093820613758320293 -0.38970450905659604 -0.0010017098527961288 -0.37386934250881332 -1.9931526346152371 -0.64671822569670256 -0.54952208591962204 -0.24069782081341351 -0.11984672176848524 -0.50877314973409948 -0.31534059833445316 -0.082968688982334227 0.31882944358643411 0.27109645792171427 1.0036723063894246 0.16115463302708724 -0.97423275972142565 -0.21704397826327818 0.98929872157658671 3.2819449514607086 -0.078584079202546786 -0.060121225212063936
leaf_weight=6665 5883 1436 9140 42333 2559 20394 3868 5783 5155 13639 9236 1788 9299 12789 7723 18787 12383 6816 3829 6984 6524 2968 4108 3607 2333 4388 13761 5185 8605 7408 20172 6994 4732 16201 6829 6668 1584 2700 11959 2735 333 21744 11743 19293 4878 1034 256 5619 7555 15030 11414 11361 16183 625 10632 16661 13072 6049 2270 339 156 9276 20387
leaf_count=6665 5883 1436 9140 42333 2559 20394 3868 5783 5155 13639 9236 1788 9299 12789 7723 18787 12383 6816 3829 6984 6524 2968 4108 3607 2333 4388 13761 5185 8605 7408 20172 6994 4732 16201 6829 6668 1584 2700 11959 2735 333 21744 11743 19293 4878 1034 256 5619 7555 15030 11414 11361 16183 625 10632 16661 13072 6049 2270 339 156 9276 20387
internal_value=-0.00039385 0.00111565 -0.00317198 0.00190583 -0.00602173 0.00102433 -0.00323374 -0.00137413 0.000356208 -0.000714613 0.00422527 0.00303433 -0.00499437 7.40392e-05 0.00308187 -0.000499632 0.00128656 0.00498058 0.00724561 -0.00175154 0.00171758 0.0047751 -0.00783066 -0.00165934 0.000666792 -0.0026737 -0.00392603 -0.00482616 -0.00617528 -0.00743324 -0.000182846 0.00229992 -0.000791443 -0.00381149 -0.013219 0.00258196 -0.000935249 -0.00104973 -0.00186147 -0.00382708 0.00476311 0.000990779 -0.0046125 -0.00138217 0.00109885 0.00190889 0.00664016 -0.00613601 -0.00392128 -0.00180273 -0.00557061 -0.00313396 -0.00422006 -0.00702903 0.000575018 0.00673341 0.00580002 -0.0102959 0.00546791 -0.0110708 -0.0100823 0.00147428 -0.000264938
internal_weight=551860 357573 194287 302598 75157 219266 54975 119130 176933 104742 83332 59766 65769 87116 23695 127794 52660 37591 23566 75134 15778 15607 14025 40950 15972 59356 40569 35147 14388 28460 37053 16881 9887 29962 9388 49139 37343 63421 50632 28024 20727 28412 17626 35759 11694 5422 12639 16065 10290 34323 18822 37309 28169 11986 22608 25897 19737 10157 9254 9638 5775 19908 22175
internal_count=551860 357573 194287 302598 75157 219266 54975 119130 176933 104742 83332 59766 65769 87116 23695 127794 52660 37591 23566 75134 15778 15607 14025 40950 15972 59356 40569 35147 14388 28460 37053 16881 9887 29962 9388 49139 37343 63421 50632 28024 20727 28412 17626 35759 11694 5422 12639 16065 10290 34323 18822 37309 28169 11986 22608 25897 19737 10157 9254 9638 5775 19908 22175
is_linear=0
shrinkage=0.05


Tree=26
num_leaves=64
num_cat=0
split_feature=8 41 38 0 44 39 9 18 37 23 0 0 25 11 31 12 27 37 42 13 2 13 44 27 8 25 38 11 27 43 0 8 11 0 9 5 25 38 29 17 16 44 41 42 14 14 44 44 19 38 15 23 13 33 13 14 34 17 13 12 14 8 0
split_gain=846.06 609.157 494.753 245.552 228.172 227.828 219.375 199.495 196.076 165.124 156.165 136.635 138.833 122.623 114.183 106.638 106.06 121.392 122.994 108.736 104.189 104.02 99.902 96.9991 94.6706 94.7231 93.378 115.106 92.6287 91.8099 89.6851 86.9809 84.109 83.9404 80.0808 79.7698 79.0156 82.496 75.4863 74.7485 74.3341 73.977 72.3293 69.2031 68.7178 66.8167 68.8654 66.5091 89.5499 64.7672 64.3044 61.5634 60.1255 59.6212 59.6196 58.5705 57.6246 56.987 56.986 56.6917 56.3771 55.7711 55.598
threshold=20.510000000000009 3417.7500000000005 26.650000000000002 30.950000000000003 1568.500000000002 0.25000000000000006 146.25000000000003 21.250000000000004 50.500000000000007 24.950000000000003 274.25000000000006 303.25000000000006 974.6500000000002 -0.78656609248549292 10.513351785336392 -0.5 88.050000000000011 50.500000000000007 8.4500000000000046 4.5000000000000009 38.525000000000006 3.5000000000000004 7048.5000000000009 32.95000000000001 147.20000000000002 974.45000000000016 38.650000000000013 -1.0000000180025095e-35 56.550000000000004 -45.624999999999993 37.025000000000006 -72.97499999999998 -0.9159756150367534 46.025000000000006 59.250000000000007 27.725000000000005 985.45000000000016 36.050000000000004 392.30966278619127 4.6759054247592831 -5.0465642028173816 8640.2500000000018 8703.7500000000018 -2.8999999999999986 9.5000000000000018 2.5000000000000004 6661.7500000000009 -12167.999999999998 0.82409480842201688 19.850000000000005 1.0000000180025095e-35 14.350000000000003 2.5000000000000004 13.750000000000002 1.5000000000000002 3.5000000000000004 0.36648727148060617 -1.2340627259146635 4.5000000000000009 -0.12940952255126037 9.5000000000000018 -33.894999999999989 93.02500000000002
decision_type=10 2 2 2 2 2 10 2 2 2 2 2 2 2 2 2 10 2 2 2 8 2 2 8 10 2 2 2 8 2 2 8 2 2 8 10 2 2 2 2 2 2 2 2 2 2 2 2 2 2 2 2 2 2 2 2 2 2 2 2 2 10 2
left_child=1 5 6 20 24 7 9 11 14 22 36 12 30 -14 21 -8 17 18 28 60 34 26 -3 -10 25 -2 27 44 -15 32 50 -19 -9 40 52 -36 37 -6 -16 43 -7 -29 -25 49 59 -38 -47 -34 -49 -27 56 -17 -4 -22 -40 -21 -1 -11 -20 -5 -18 -55 -53
right_child=4 2 3 8 10 33 15 29 23 57 -12 -13 13 16 38 51 19 31 58 55 53 -23 -24 42 -26 39 -28 41 -30 -31 -32 -33 47 -35 35 -37 45 -39 54 -41 -42 -43 -44 -45 -46 46 -48 48 -50 -51 -52 62 -54 61 -56 -57 -58 -59 -60 -61 -62 -63 -64
leaf_value=-0.036345874110164149 -0.39358874839118291 0.13173635366131489 0.16392913602918877 -0.34997634884664386 -0.50122202295865415 0.061812036267956533 -0.39158269983725558 -0.021985106492394359 -0.024067410345969945 -0.064404747405656965 -6.3493139375218641 -2.2702954517801004 0.0042942981404199719 1.1271953490391458 -0.1531958038595026 -0.056389838187547614 -0.34068136913140423 1.5005825774968196 0.36331610139862441 1.2033253318921764 0.28207233808804666 0.24794225517158328 -0.19966361445706077 -0.15919417721710283 -3.8388274676382359 1.2641424399909107 0.29980407731593023 0.2913360523576447 0.53840742077732284 0.026443851723183934 -0.2274892496254399 0.16631738226846493 0.79221852094376599 -0.70986550266695703 -0.059110646919333744 0.064504560763636407 -0.86101117420021289 0.01210616870962733 0.66105216332593364 -0.3336916252890918 -0.26525658810859137 -0.33631332529535318 -0.32784099338702721 -0.19190952249955845 0.67998622898670669 0.28852915991171335 -0.40976438001842497 0.79722606432658649 0.055811082384611369 0.031251795263266227 -0.38563318053670714 -0.59950173806183804 0.024069050717793108 0.41088057137717238 -0.011685502797246151 -0.0074547256870704627 0.16412870484838096 -0.2502471533162835 -1.37713829021505 -0.085081722954644612 0.91827305977046414 0.023734294915806892 -1.8164026067506649
leaf_weight=8540 7404 13970 12362 7170 23772 5387 5237 2782 14526 4658 3625 4434 25658 6779 19280 882 9739 4735 792 2437 11269 16667 5863 18794 3804 4149 4197 6633 9216 4922 9387 64684 6131 2284 19623 13258 3138 2753 1003 11951 3324 1290 11965 20616 1345 4242 3153 14160 4614 11614 812 5353 14353 2787 1730 1659 10146 13422 682 4526 1712 10008 4452
leaf_count=8540 7404 13970 12362 7170 23772 5387 5237 2782 14526 4658 3625 4434 25658 6779 19280 882 9739 4735 792 2437 11269 16667 5863 18794 3804 4149 4197 6633 9216 4922 9387 64684 6131 2284 19623 13258 3138 2753 1003 11951 3324 1290 11965 20616 1345 4242 3153 14160 4614 11614 812 5353 14353 2787 1730 1659 10146 13422 682 4526 1712 10008 4452
internal_value=-0.000384246 0.000537985 -0.00113625 4.72026e-05 -0.00454022 0.002552 -0.00537409 0.00294878 -0.00151522 -0.00330559 -0.00742632 0.00222815 0.00247264 0.00317875 0.000269811 -0.0102989 0.00395299 0.00463355 0.00835909 0.000149547 0.00208523 0.00180382 -0.000155045 -0.00403169 -0.00256811 -0.00204722 -0.000225547 -0.00158844 0.0096327 0.00651584 -0.000658646 0.00369603 0.00763445 -0.00444975 0.000963991 -0.000688087 -0.00645745 -0.00791235 -0.00264503 -0.00124043 -0.00221272 0.00316484 -0.00562193 -0.00011339 -0.00447627 -0.0027936 -0.000199459 0.00855551 0.00707894 0.00238057 0.00127449 -0.0131632 0.00299738 0.00486203 0.00513172 0.00714111 0.00187306 -0.00676162 -0.00546133 -0.00570708 -0.00235132 0.00252638 -0.0143014
internal_weight=551860 451639 246623 192786 100221 205016 53837 194021 109126 37913 40683 161412 156978 128093 63841 15924 102435 86888 17469 15547 83660 41828 19833 45285 59538 55734 25161 20964 15995 32609 28885 69419 27687 10995 59596 32881 37058 26525 22013 48330 8711 7923 30759 36379 13041 10533 7395 24905 18774 15763 19498 10687 26715 24064 2733 4096 18686 18080 1474 11696 11451 12795 9805
internal_count=551860 451639 246623 192786 100221 205016 53837 194021 109126 37913 40683 161412 156978 128093 63841 15924 102435 86888 17469 15547 83660 41828 19833 45285 59538 55734 25161 20964 15995 32609 28885 69419 27687 10995 59596 32881 37058 26525 22013 48330 8711 7923 30759 36379 13041 10533 7395 24905 18774 15763 19498 10687 26715 24064 2733 4096 18686 18080 1474 11696 11451 12795 9805
is_linear=0
shrinkage=0.05


Tree=27
num_leaves=64
num_cat=0
split_feature=42 8 0 42 33 19 27 8 0 9 39 23 38 23 28 22 27 14 0 5 0 28 16 25 13 23 22 0 5 23 27 23 0 37 11 25 0 25 35 36 35 25 35 11 23 36 34 0 31 16 38 37 36 35 44 25 31 14 36 14 25 11 28
split_gain=777.359 505.402 399.911 217.572 216.549 167.671 144.683 123.738 118.074 111.301 108.91 98.5957 96.5897 90.4345 89.3447 92.0596 86.9285 84.118 129.03 145.179 97.1484 83.5866 80.5638 79.5374 89.0507 77.5541 89.0639 76.9413 77.0921 76.6868 71.4802 70.7168 83.4768 73.9934 94.3674 70.4173 72.6868 65.1051 60.7555 60.4044 59.387 56.8425 56.7145 55.7108 54.9258 59.8426 54.5279 53.5558 52.5142 51.6748 50.7064 50.065 50.7248 58.7711 48.9085 48.2984 47.7709 83.3819 70.8401 47.6368 47.3658 47.2743 47.6227
threshold=4.5500000000000007 -4.4999999999999982 39.550000000000004 -5.3499999999999979 22.550000000000004 0.85260769842926931 58.550000000000004 76.720000000000013 33.925000000000004 237.25000000000003 1.0000000180025095e-35 18.650000000000002 27.750000000000004 26.450000000000003 14.615000000000002 32.500000000000007 14.050000000000002 9.5000000000000018 80.225000000000009 78.02500000000002 178.25000000000003 15.320000000000002 -7.6971695474311286 984.35000000000002 3.5000000000000004 14.350000000000003 31.500000000000004 458.25000000000006 86.02500000000002 27.950000000000003 44.050000000000004 19.550000000000004 20.550000000000004 53.500000000000007 0.12940952255126045 974.6500000000002 95.125000000000014 974.45000000000016 0.30069434954884205 201.25000000000003 -0.72534675097891077 986.95000000000016 0.84335933205092506 -0.9159756150367534 25.650000000000002 117.50000000000001 -0.22495105434386511 132.25000000000003 6.4680659710950605 -9.2386841761035843 28.550000000000004 23.500000000000004 131.25000000000003 0.58068084432175959 -6550.7499999999991 985.05000000000007 13.315245147336716 8.5000000000000018 2812.5000000000005 8.5000000000000018 982.45000000000016 -0.9159756150367534 0.33000000000000007
decision_type=2 8 2 2 2 2 10 10 2 10 2 2 2 2 2 2 8 2 2 10 2 2 2 2 2 2 2 2 8 2 8 2 2 2 2 2 2 2 2 2 2 2 2 2 2 2 2 2 2 2 2 2 2 2 2 2 2 2 2 2 2 2 2
left_child=1 5 12 11 7 14 16 10 54 25 23 22 13 -2 17 -16 -5 18 19 31 -19 27 -3 40 -25 -6 -27 28 56 -14 -13 -1 -33 34 46 -8 39 -32 59 -37 44 -20 43 -21 -4 -46 -34 -30 -26 -43 -35 -10 53 -53 -7 -38 57 -18 -58 -31 -9 -39 -63
right_child=2 3 4 6 9 8 35 60 51 -11 -12 30 29 -15 15 -17 21 20 41 42 -22 -23 -24 24 48 26 -28 -29 47 38 37 32 33 50 -36 36 55 61 -40 -41 -42 49 -44 -45 45 -47 -48 -49 -50 -51 -52 52 -54 -55 -56 -57 58 -59 -60 -61 -62 62 -64
leaf_value=0.64386720654789698 0.026365471179382774 -0.47355299811964491 0.78518445292784478 0.13531757459638838 0.023515785228744337 0.25888916494781739 -0.55000971422346578 -3.9106070047836123 0.46408840858436218 -1.5526966967679185 -0.45018168869895397 0.097142173537655654 0.19985072165388337 -0.16519320885929073 0.26141566646921077 1.5875404941652904 -0.087289250789340092 1.3863267858020181 -0.60408709976508335 -0.074018182936328045 0.43662838876171151 0.30823612516491949 0.97874506689123786 -0.27851118278746834 0.64249621097544152 0.016830663458658891 -0.58424582638197076 -7.1177479911219947 0.14560966411627133 -0.056574121107083465 -0.22624639345347744 0.17342510791391158 -0.066095518594653457 -0.14137231842081335 0.48719432445638344 0.10843378505998845 -0.98103201853989441 -0.30913649458805587 0.096445110177553514 -0.20803837093374408 -0.23565297401127427 -1.4092304858656071 0.022952639603907143 0.90495616113867516 -1.7134986576240991 0.13118265911849425 0.22639521618342348 -0.26864670706617366 0.014389469495450237 0.40392307248656956 0.054156354071488583 0.27433767819723653 -0.25595247730029308 -0.40775785234888301 0.048818619108620648 -0.44722185248550467 -0.15590966861971231 0.092017801494913037 0.25039765625351479 0.18646540856767521 -1.5634447227125996 -0.04254408664359928 0.2395539416027293
leaf_weight=3759 9440 1271 1031 7198 3115 6478 4869 1639 905 7433 6267 33252 5631 10242 5696 3562 54982 9218 5375 974 5304 4047 9658 14498 4456 2511 13847 1347 16792 17724 5911 19728 6632 9644 5060 8998 6693 3023 12384 10437 36794 554 1684 9087 679 1952 6471 11940 6627 5550 10003 4498 10639 3287 16418 7269 10893 11078 785 1395 4306 17942 10978
leaf_count=3759 9440 1271 1031 7198 3115 6478 4869 1639 905 7433 6267 33252 5631 10242 5696 3562 54982 9218 5375 974 5304 4047 9658 14498 4456 2511 13847 1347 16792 17724 5911 19728 6632 9644 5060 8998 6693 3023 12384 10437 36794 554 1684 9087 679 1952 6471 11940 6627 5550 10003 4498 10639 3287 16418 7269 10893 11078 785 1395 4306 17942 10978
internal_value=-0.000377813 0.000831711 -0.00328932 -0.000595852 -0.00511554 0.00310179 -0.00168438 -0.00378503 0.000429248 -0.00898498 -0.0032149 0.00149174 9.06435e-05 -0.00274108 0.00414378 0.008841 -0.00082478 0.0037047 0.00310071 0.00387517 0.00722008 -0.00116749 0.00591317 -0.00261709 -0.000434893 -0.00699815 -0.00837511 -0.00143229 -0.00128205 0.00159153 0.000812168 0.00289941 0.00246533 0.00108966 0.00339013 -0.00435896 -0.00353999 -0.000673641 0.000630892 -0.0015629 -0.00399693 -0.00182725 0.00896765 0.0103891 0.00207537 -0.00175789 0.0011505 0.000931018 0.00293919 0.00147444 -0.00103705 -0.00244839 -0.00301238 5.45922e-05 0.00285858 -0.00629208 -0.0021 -0.00157887 -0.00504795 -0.0011363 -0.0107191 0.000218358 0.000840249
internal_weight=551860 389889 161971 239363 105155 150526 157328 78249 42225 26906 72304 82035 56816 19682 108301 9258 119062 99043 84521 73042 14522 111864 10929 66037 25581 19473 16358 107817 106470 37134 71106 61297 57538 37810 18163 38266 33397 37854 31503 19435 40456 11479 11745 10061 3662 2631 13103 28732 11083 6104 19647 19329 18424 7785 22896 13962 77738 66060 11678 19119 5945 31943 28920
internal_count=551860 389889 161971 239363 105155 150526 157328 78249 42225 26906 72304 82035 56816 19682 108301 9258 119062 99043 84521 73042 14522 111864 10929 66037 25581 19473 16358 107817 106470 37134 71106 61297 57538 37810 18163 38266 33397 37854 31503 19435 40456 11479 11745 10061 3662 2631 13103 28732 11083 6104 19647 19329 18424 7785 22896 13962 77738 66060 11678 19119 5945 31943 28920
is_linear=0
shrinkage=0.05


Tree=28
num_leaves=64
num_cat=0
split_feature=0 41 5 0 12 28 0 0 40 5 37 36 43 37 25 0 14 14 41 38 14 32 31 37 11 0 35 38 13 0 13 25 11 15 8 14 23 38 36 38 5 21 43 36 13 43 14 31 41 9 14 35 21 29 23 37 32 31 22 36 37 36 16
split_gain=750.135 733.16 426.845 311.563 296.328 283.115 229.455 183.632 213.388 171.394 157.974 152.106 142.775 141.856 137.389 174.574 122.06 118.755 112.286 148.726 104.7 102.841 98.5024 97.9327 93.5051 92.1177 89.616 88.3606 86.4323 81.6491 80.661 79.4612 82.0992 79.7386 76.6481 76.0998 74.0448 72.3096 74.7919 71.8238 69.9698 67.6114 67.0025 66.2253 65.1202 64.6141 64.2344 63.1476 62.4925 60.3368 60.1452 96.8219 59.2042 98.3756 77.8602 67.0204 68.2845 59.6258 65.6828 58.9902 58.5484 58.1936 56.9732
threshold=58.525000000000006 1772.0000000000002 78.825000000000017 17.050000000000004 -0.3794095225512602 1.5050000000000001 128.25000000000003 327.25000000000006 984.55000000000007 30.925000000000004 74.500000000000014 196.25000000000003 -16.249999999999996 94.500000000000014 981.75000000000011 208.75000000000003 9.5000000000000018 9.5000000000000018 4508.2500000000009 36.550000000000004 5.5000000000000009 -14.741815179544437 2.6529202321761343 28.500000000000004 -0.60355339059327362 36.050000000000004 -0.38266886095259295 26.150000000000002 2.5000000000000004 7.1350000000000007 5.5000000000000009 977.25000000000011 -0.78656609248549292 1.0000000180025095e-35 0.8000000000000026 9.5000000000000018 17.250000000000004 41.45000000000001 180.62500000000003 27.250000000000004 38.95000000000001 297.50000000000006 127.50000000000001 305.62500000000006 3.5000000000000004 477.50000000000006 5.5000000000000009 1.4264748113697137 7938.7500000000018 66.225000000000009 6.5000000000000009 -0.078456108245891901 212.50000000000003 3.2018696878330712 33.250000000000007 21.500000000000004 5.5921883195207167 -9.0063648232596076 56.500000000000007 180.62500000000003 33.500000000000007 697.50000000000011 -4.5071867895974904
decision_type=2 2 10 2 2 2 2 2 2 8 2 2 2 2 2 2 2 2 2 2 2 2 2 2 2 2 2 2 2 2 2 2 2 2 8 2 2 2 2 2 10 2 2 2 2 2 2 2 2 8 2 2 2 2 2 2 2 2 2 2 2 2 2
left_child=2 7 3 29 14 9 11 8 10 25 30 36 -10 17 23 16 26 18 31 49 21 -4 28 -3 -23 39 45 -13 46 -1 52 33 -33 -11 -29 -12 -6 38 41 -5 -31 -24 -8 -26 -15 -16 61 -28 -49 -20 -34 -52 53 55 -54 -2 -57 -55 -59 -27 -18 -7 -22
right_child=1 4 20 5 6 22 42 -9 12 13 35 27 -14 44 15 -17 60 -19 19 -21 62 24 37 -25 43 59 47 34 -30 40 -32 32 50 -35 -36 -37 -38 -39 -40 -41 -42 -43 -44 -45 -46 -47 -48 48 -50 -51 51 -53 54 57 -56 56 -58 58 -60 -61 -62 -63 -64
leaf_value=0.2995242875551507 2.841212173373056 -0.048387077733488763 -0.077460109897763474 -0.11572912533282143 0.46034301089668483 0.16259725154218568 -1.6024685332067485 -2.627642644366615 0.94014129711391448 0.031645685813714013 -0.74233475743514432 -0.77025799789895 0.13573548063290339 -0.040452829594209753 0.37650158418801694 -1.9450209011564086 -0.06527925217553765 0.89761268002651529 0.045257658743275357 0.20829486466650168 -0.081816794491119477 0.24801196062147779 0.069484409556698698 -0.49448420304550078 1.4630856572452864 -0.048313591691013125 -0.63130285487053495 -0.11619833289389248 0.36957966425188182 0.069085781996836473 0.8134431330036751 -0.045619643794056287 0.52432748064982138 -0.59292359663486727 -0.49445379671237283 0.38758823545973198 -0.23895338590637893 0.57667183626846963 -0.036543187783794555 -0.014716614243934957 0.3105331767533282 0.79992043447911643 -2.1280291082957987 0.36961602606257493 -0.37256899553686229 -0.44549953847179719 0.41047702337077896 0.18892660736884148 -0.27768148686454891 -0.091781315077554743 0.39637181798886234 -0.061570306832838595 0.70108353865384543 0.3655426701351987 -0.82457254216077924 -0.14288112533268613 0.84994203192853246 -0.35341221951709917 -1.1309793323802642 -0.24137332084193905 1.0209301604634675 -0.26576352813931392 0.35063749552490492
leaf_weight=8393 432 6608 1910 15721 2646 4404 9966 6955 23605 25817 7367 10514 21425 3127 6149 7661 2993 2085 12454 7980 3470 3600 3095 14070 7814 7053 4495 7991 14331 35916 3093 5696 11540 956 15528 1766 14263 1054 14979 48552 6839 1658 7252 3029 3798 1120 1816 5475 9371 38991 4296 5183 3463 1891 569 6003 2049 5539 2885 19343 7350 2264 4202
leaf_count=8393 432 6608 1910 15721 2646 4404 9966 6955 23605 25817 7367 10514 21425 3127 6149 7661 2993 2085 12454 7980 3470 3600 3095 14070 7814 7053 4495 7991 14331 35916 3093 5696 11540 956 15528 1766 14263 1054 14979 48552 6839 1658 7252 3029 3798 1120 1816 5475 9371 38991 4296 5183 3463 1891 569 6003 2049 5539 2885 19343 7350 2264 4202
internal_value=-0.000378991 -0.00263885 0.00112474 0.000623005 -0.00496733 -8.83123e-05 -0.00727333 0.00093116 0.00160794 -0.000841048 -0.00131714 -0.00558675 0.00388519 0.000383234 -0.00256004 -0.000998565 0.000425541 0.000801753 0.000583414 -0.000912495 0.00754318 0.00980401 0.00358191 -0.00592901 0.0112459 -0.00248734 -0.00136603 -0.00751256 0.00585032 0.00418589 0.00067505 0.00224536 0.00417462 0.000320285 -0.00580913 -0.00697197 -0.00171063 0.00109208 0.000410501 -0.00146601 0.00330078 0.00587524 -0.0122633 0.0135641 -0.00656679 0.00336704 0.00185054 -0.00314487 -0.00157281 -0.00189766 0.00561754 0.00266642 -0.000351496 -0.00153067 0.00514633 0.00245757 0.00142822 -0.00481095 -0.00661206 -0.00497424 0.00503481 -0.000419916 0.00272419
internal_weight=551860 220494 331366 307341 133452 256193 68160 87042 80087 212592 35057 50942 45030 121923 65292 44614 36953 114998 112913 59425 24025 16353 43601 20678 14443 90669 26610 34033 22815 51148 25924 53488 26715 26773 23519 9133 16909 20786 19732 64273 42755 4753 17218 10843 6925 7269 8484 19341 14846 51445 21019 9479 22831 18799 4032 8484 8052 10315 8424 26396 10343 6668 7672
internal_count=551860 220494 331366 307341 133452 256193 68160 87042 80087 212592 35057 50942 45030 121923 65292 44614 36953 114998 112913 59425 24025 16353 43601 20678 14443 90669 26610 34033 22815 51148 25924 53488 26715 26773 23519 9133 16909 20786 19732 64273 42755 4753 17218 10843 6925 7269 8484 19341 14846 51445 21019 9479 22831 18799 4032 8484 8052 10315 8424 26396 10343 6668 7672
is_linear=0
shrinkage=0.05


Tree=29
num_leaves=64
num_cat=0
split_feature=0 41 36 27 12 22 5 0 27 31 19 0 40 37 28 25 0 0 36 0 41 38 43 30 8 26 13 12 17 41 11 38 11 25 38 9 5 37 44 23 13 8 37 35 39 37 29 20 3 29 34 17 27 23 12 22 29 11 44 38 5 0 23
split_gain=697.978 643.64 432.779 279.283 264.138 259.613 256.925 179.361 168.854 154.132 164.02 144.999 174.434 142.405 133.776 133.527 151.925 123.142 120.429 116.205 113.163 112.647 112.006 111.106 100.198 94.9208 93.7787 93.3562 96.4357 87.153 79.76 76.3104 73.7914 73.1688 72.7897 79.4908 72.292 72.2112 69.122 63.2335 62.0251 60.8296 59.6565 59.4814 59.1337 56.0785 56.6763 57.6515 55.8153 54.2962 53.6316 52.8319 52.2938 51.491 50.7659 50.2526 53.1907 50.0528 49.7496 49.6287 49.0343 57.3914 48.5771
threshold=69.825000000000017 1270.7500000000002 180.62500000000003 24.350000000000005 -0.3794095225512602 44.500000000000007 51.550000000000004 27.950000000000003 141.25000000000003 8.8291495629105174 0.86159635224327558 458.25000000000006 984.95000000000016 92.500000000000014 3.8150000000000008 981.45000000000016 208.75000000000003 15.050000000000002 207.50000000000003 327.25000000000006 9687.7500000000018 25.350000000000005 -16.249999999999996 86.500000000000014 -77.949999999999974 11517.500000000002 3.5000000000000004 0.1294095225512602 -0.28098374364026207 8186.5000000000009 0.25881904510252091 37.250000000000007 0.12940952255126045 974.55000000000007 31.050000000000004 46.050000000000004 24.750000000000004 77.500000000000014 50.749999999999893 18.850000000000005 1.5000000000000002 67.050000000000011 31.500000000000004 0.96359376111369366 1.0000000180025095e-35 15.500000000000002 70.955359379013345 0.35019404643548474 169.25000000000003 52.84777220821703 -0.93663652364155492 9.0616305104452479 64.050000000000011 20.950000000000003 0.60355339059327384 65.500000000000014 5.0054353637511158 0.12940952255126045 12380.250000000002 25.950000000000003 114.25000000000001 31.050000000000004 22.850000000000005
decision_type=2 2 2 8 2 2 8 2 10 2 2 2 2 2 2 2 2 2 2 2 2 2 2 2 8 2 2 2 2 2 2 2 2 2 2 10 8 2 2 2 2 10 2 2 2 2 2 2 10 2 2 2 8 2 2 2 2 2 2 2 10 2 2
left_child=2 11 6 34 15 9 17 -7 18 10 26 12 33 20 24 42 29 -1 19 45 36 -20 -14 30 -8 37 31 28 -28 -17 -11 32 62 -2 35 -4 -9 -19 -39 -10 -25 55 -3 50 60 -6 47 -47 -31 -33 -22 -48 -16 -38 -36 56 57 -35 -34 -15 61 -26 -5
right_child=1 4 3 5 8 7 14 13 39 23 -12 -13 22 59 52 16 -18 25 21 -21 43 -23 -24 40 44 -27 27 -29 -30 48 -32 49 58 41 54 -37 53 38 -40 -41 -42 -43 -44 -45 -46 46 51 -49 -50 -51 -52 -53 -54 -55 -56 -57 -58 -59 -60 -61 -62 -63 -64
leaf_value=0.24959347367363771 -1.0227707877527681 -0.17342859252193393 0.11474891213737433 1.1855536179291011 0.98208825245373932 -0.0010811934534852297 1.785380856412722 -0.22019039674517407 -0.93933700302671641 -0.14465786924183677 -0.14652973350573442 -5.6374144610503194 1.0440097247254752 -0.54105158799477537 1.7928326980982812 0.32154955254311024 -1.8090997874516874 0.11371515420703159 -1.1405786528050044 -5.9063425574714792 -0.0023220262397698034 -0.46650904565042706 0.17317350251744601 0.67706240967907627 0.40386404349235633 0.38535337113890339 0.3569865967018287 0.91447995264006399 -0.062488516371579976 -0.30267105330064092 0.14211863108784387 0.38714461786932453 0.35127145178574359 0.066192122444162754 0.13059627830850729 -0.024404005115974205 0.30597236812852135 -0.11385485728989755 0.070194157679448949 -1.8648723829435874 0.037431287573774841 -1.313478103355554 -0.69416514038473265 0.93735088950192358 -0.11565141801197165 -0.49703030504607498 -1.5300801887658761 -0.034824063396970396 0.23957736694318071 0.051287167600280827 -0.24576748827141098 0.9041281187272564 0.65123397721556953 -0.057540029454349911 1.2411063454070772 -0.35542027966824907 -0.11824211329636232 1.0647410310728576 -0.39682743618020977 -0.20466209892941684 0.78553987676982473 0.20375194361995003 -0.10134340130131025
leaf_weight=9108 1575 4549 15737 363 649 45520 2914 8901 2419 19777 6673 2353 18282 4405 4238 15658 8386 22328 7413 1989 3045 17398 17278 1408 7226 3515 9757 2844 3436 12290 3511 3602 3923 2887 28046 21631 2400 21096 9215 6277 2201 2162 7350 292 2572 13494 2314 11246 4641 2370 21968 249 2918 37016 571 7702 6023 3041 330 3073 4001 22328 9976
leaf_count=9108 1575 4549 15737 363 649 45520 2914 8901 2419 19777 6673 2353 18282 4405 4238 15658 8386 22328 7413 1989 3045 17398 17278 1408 7226 3515 9757 2844 3436 12290 3511 3602 3923 2887 28046 21631 2400 21096 9215 6277 2201 2162 7350 292 2572 13494 2314 11246 4641 2370 21968 249 2918 37016 571 7702 6023 3041 330 3073 4001 22328 9976
internal_value=-0.000368844 -0.00294989 0.000856213 -0.000251164 -0.00513488 -0.00119505 0.00346697 -0.00254699 -0.00730992 0.00124446 0.00309193 0.00119611 0.00168193 -0.00395684 0.00632022 -0.00252487 -0.00117084 0.00144724 -0.00628196 -0.00414732 -0.0032891 -0.00885797 0.0038878 -0.00172789 0.00516828 0.000572533 0.0044063 0.00727225 0.00550102 0.000373592 -0.00299296 0.00217127 0.000222725 -0.00167165 0.00256384 0.00111058 -0.00187046 4.13192e-05 -0.00154812 -0.0137822 0.0064353 -0.000920238 -0.00718758 -0.00599783 0.00444889 -0.0033164 -0.00366169 -0.00292846 -0.00211299 0.00693235 -0.00625974 -0.0107394 0.0126048 -0.00095139 0.00446151 -4.45225e-05 0.00198519 0.0053475 0.00576652 -0.0105309 0.00500894 0.00430568 -0.00205774
internal_weight=551860 177625 374235 262776 116322 196791 111459 126620 63448 70171 43274 61303 58950 81100 46197 52874 40975 65262 54752 29941 73622 24811 35560 26897 39041 56154 36601 16037 13193 32589 23288 20564 14592 23390 65985 37368 48317 52639 30311 8696 3609 21815 11899 25305 36127 27952 27303 24740 16931 5972 25013 2563 7156 39416 28617 19653 11951 5928 4253 7478 33555 29554 10339
internal_count=551860 177625 374235 262776 116322 196791 111459 126620 63448 70171 43274 61303 58950 81100 46197 52874 40975 65262 54752 29941 73622 24811 35560 26897 39041 56154 36601 16037 13193 32589 23288 20564 14592 23390 65985 37368 48317 52639 30311 8696 3609 21815 11899 25305 36127 27952 27303 24740 16931 5972 25013 2563 7156 39416 28617 19653 11951 5928 4253 7478 33555 29554 10339
is_linear=0
shrinkage=0.05


Tree=30
num_leaves=64
num_cat=0
split_feature=8 33 23 27 29 44 38 8 14 25 0 38 28 0 35 21 27 16 38 0 8 29 14 13 36 9 38 17 16 11 0 36 38 14 15 4 28 34 12 23 13 31 34 16 37 12 0 0 21 23 14 43 14 36 14 9 36 0 30 13 21 38 38
split_gain=652.366 467.84 247.386 238.817 217.149 192.728 206.64 184.766 169.881 141.182 136.821 131.652 126.894 146.537 125.361 125.223 121.631 120.539 109.746 107.201 136.928 97.9692 97.8273 204.584 102.786 95.0149 93.74 92.7534 92.1141 89.8709 86.6371 87.2785 96.812 84.9264 84.8039 81.7081 76.1691 70.9248 70.1145 67.3781 76.4671 66.0276 65.9765 101.27 63.9831 62.1064 71.6524 61.7316 59.6738 59.6627 65.2953 57.1583 72.4612 56.0564 55.9184 65.48 54.2744 52.1643 51.8387 51.8236 54.574 51.6474 51.4351
threshold=23.025000000000009 17.050000000000004 27.050000000000004 44.050000000000004 3.619773143742564 5415.7500000000009 28.150000000000002 167.85000000000005 9.5000000000000018 985.45000000000016 200.25000000000003 34.95000000000001 0.60500000000000009 49.050000000000004 -0.46947156278589081 1367.5000000000002 14.550000000000002 16.06335055468109 27.850000000000005 79.52500000000002 -30.989999999999991 1.8451178959059249 7.5000000000000009 4.5000000000000009 86.250000000000014 145.25000000000003 27.250000000000004 7.9111809767249825 5.6167587397983363 0.25881904510252091 149.12500000000003 201.25000000000003 36.650000000000013 2.5000000000000004 1.0000000180025095e-35 97.52500000000002 14.935000000000002 0.87032255546191739 0.25881904510252057 30.650000000000002 1.0000000180025095e-35 9.8635212955800675 -0.46173103126271881 10.35174185195366 18.500000000000004 -0.3794095225512602 75.925000000000026 359.25000000000006 402.50000000000006 19.450000000000003 2.5000000000000004 -1417.4999999999998 8.5000000000000018 46.250000000000007 8.5000000000000018 43.050000000000004 2967.5000000000005 499.50000000000006 3.5000000000000004 1.5000000000000002 677.50000000000011 36.45000000000001 25.950000000000003
decision_type=10 2 2 8 2 2 2 10 2 2 2 2 2 2 2 2 10 2 2 2 10 2 2 2 2 10 2 2 2 2 2 2 2 2 2 8 2 2 2 2 2 2 2 2 2 2 2 2 2 2 2 2 2 2 2 10 2 2 2 2 2 2 2
left_child=1 2 10 4 11 19 25 9 12 30 15 16 13 61 -8 17 -4 18 22 20 -3 47 23 24 37 59 -18 56 33 -14 31 44 -33 -11 39 -31 45 -1 58 -28 -41 48 51 62 -2 -26 -47 -21 54 50 -19 -22 -53 57 55 -24 -16 -12 -6 -7 -61 -5 -44
right_child=7 5 3 8 38 6 14 -9 -10 28 53 -13 29 -15 27 -17 26 49 -20 21 42 -23 41 -25 36 -27 34 -29 -30 35 -32 32 -34 -35 -36 -37 -38 -39 -40 40 -42 -43 43 -45 -46 46 -48 -49 -50 -51 -52 52 -54 -55 -56 -57 -58 -59 -60 60 -62 -63 -64
leaf_value=0.05079173871734613 0.99675636228670317 0.27562892717400134 0.14388863990733838 -0.069195712374571144 0.47110793805005929 -0.0097426304926467658 -0.37767512756822558 -5.507210979533868 0.65258850004159452 -0.92819944522576392 0.63764830272830153 0.25739545635709699 -0.074333403213870761 -0.38681356327947825 -0.085182311287445023 -0.40407963737604613 -0.18930154935281959 0.4041976649427661 0.34784943348158875 -0.045442571692595739 -0.34037162647177555 -0.80790380983205123 0.27543954763070627 0.45133280018492672 -0.0043649462166991176 -0.84930845698442559 0.070245490441373334 0.17555589552942541 0.22864199993699252 0.38719530891047482 -1.5659240813143029 -0.37649622565709739 0.096143330199173316 -0.16117174951480187 -0.30000855598983689 -0.22051399973638472 0.67742115247787682 0.77033897218837089 0.86473529179224262 -0.26836461077540341 -0.012664454314667652 -0.030598854415033253 -0.14850573820673404 0.35657715351655472 -0.17139860769652926 -0.18560181818633026 -1.3038668170795398 -5.5040831868587858 0.73843696951134596 0.25557089501679092 1.5245981440649017 -0.017424045743208039 -0.19235905017837093 -1.6353112004132067 0.53178272699017726 -0.1507337997785313 0.11111640670346118 -6.8894104055767276 0.15139355332780846 -0.25811703008119585 0.0070589215332052648 0.18751089282008238 0.03555147452831129
leaf_weight=13699 1176 15224 13025 36896 2525 3231 3690 5257 7731 4658 5728 7842 15941 20220 19773 1706 8477 2160 13006 15143 1106 7700 1728 14252 5724 6849 33070 4358 13420 7239 7280 25007 3433 13705 2368 2404 956 3023 4727 3421 24168 4420 5964 4189 15989 8794 2220 935 5156 8132 5090 13097 4200 4623 12340 3303 3257 475 17179 10799 2019 2349 14284
leaf_count=13699 1176 15224 13025 36896 2525 3231 3690 5257 7731 4658 5728 7842 15941 20220 19773 1706 8477 2160 13006 15143 1106 7700 1728 14252 5724 6849 33070 4358 13420 7239 7280 25007 3433 13705 2368 2404 956 3023 4727 3421 24168 4420 5964 4189 15989 8794 2220 935 5156 8132 5090 13097 4200 4623 12340 3303 3257 475 17179 10799 2019 2349 14284
internal_value=-0.000356975 0.000401518 0.0014284 0.000401513 0.00190579 -0.00206416 -0.00438343 -0.00425327 -0.00149224 -0.00368852 0.0032752 0.000797058 -0.0021373 -0.0034041 -0.00172791 0.00382347 0.000222113 0.00404387 0.00333471 -0.000534567 0.00062345 -0.00336235 0.00260497 0.00126675 -0.000819386 -0.0079876 -0.00058738 -0.00056229 -0.00105481 0.000807145 -0.00527134 -0.00446278 -0.0061621 -0.00335593 7.65545e-05 0.00461734 -0.00347575 0.00199139 0.00609779 0.000438929 -0.00138552 0.00502189 -0.000823996 0.00087879 -0.00164725 -0.00425977 -0.00645542 -0.00114131 0.00611821 0.00812963 0.0114276 -0.00308509 -0.00238047 -0.00207833 0.00471619 0.000273306 -0.00182805 0.00102773 0.00478583 -0.00588354 -0.00731003 -0.0016225 -0.000585243
internal_weight=551860 461935 326117 209582 116802 135818 53976 89925 92780 84668 116535 92371 85049 59465 31078 105709 84529 104003 88621 81842 58064 23778 75615 48668 34416 22898 71504 27388 31783 25584 52885 45605 28440 18363 63027 9643 17694 16722 24431 60659 27589 26947 42840 24437 17165 16738 11014 16078 22527 15382 7250 18403 17297 10826 17371 5031 23030 6203 19704 16049 12818 39245 20248
internal_count=551860 461935 326117 209582 116802 135818 53976 89925 92780 84668 116535 92371 85049 59465 31078 105709 84529 104003 88621 81842 58064 23778 75615 48668 34416 22898 71504 27388 31783 25584 52885 45605 28440 18363 63027 9643 17694 16722 24431 60659 27589 26947 42840 24437 17165 16738 11014 16078 22527 15382 7250 18403 17297 10826 17371 5031 23030 6203 19704 16049 12818 39245 20248
is_linear=0
shrinkage=0.05


Tree=31
num_leaves=64
num_cat=0
split_feature=0 41 5 27 12 0 37 31 41 16 11 23 0 36 39 9 25 0 30 14 39 19 37 14 9 35 7 25 14 32 32 38 8 8 0 30 5 15 13 23 27 36 36 34 14 11 14 31 11 13 14 12 37 31 13 23 13 38 11 23 25 31 9
split_gain=607.936 601.873 378.901 260.494 248.669 222.664 204.765 225.716 186.52 157.318 154.397 128.851 126.531 123.277 119.26 118.015 115.114 137.105 103.448 97.9988 93.1935 93.104 85.9779 82.9637 100.069 82.8951 80.6572 80.0816 78.8428 104.327 77.154 77.0027 73.1352 71.6888 70.0377 105.888 91.1787 68.4001 69.7792 68.1163 66.5398 64.642 63.8848 63.7202 68.2728 62.2633 59.681 59.641 59.4482 58.0595 57.8426 54.5247 54.4779 58.913 68.1345 53.5188 51.8105 50.8664 50.5173 50.053 50.0241 49.2799 49.0097
threshold=58.525000000000006 1772.0000000000002 88.02500000000002 22.050000000000004 -0.3794095225512602 128.25000000000003 52.500000000000007 3.8564037720275595 4929.5000000000009 14.161056002216833 0.12940952255126045 17.450000000000003 499.50000000000006 196.25000000000003 1.0000000180025095e-35 54.550000000000004 981.75000000000011 234.25000000000003 89.500000000000014 9.5000000000000018 0.55000000000000016 0.82409480842201688 28.500000000000004 6.5000000000000009 36.050000000000004 -0.38266886095259295 27.497916666666672 974.55000000000007 5.5000000000000009 -14.741815179544437 10.947244603802046 26.250000000000004 -12.999999999999993 0.8000000000000026 132.25000000000003 2.5000000000000004 126.07500000000002 1.0000000180025095e-35 4.5000000000000009 17.250000000000004 124.25000000000001 457.50000000000006 41.250000000000007 0.11319890333640062 7.5000000000000009 -0.78656609248549292 9.5000000000000018 1.9705954902745093 0.25881904510252091 2.5000000000000004 11.500000000000002 0.78656609248549303 71.500000000000014 -5.2588788304993344 3.5000000000000004 14.350000000000003 2.5000000000000004 31.050000000000004 0.60355339059327384 19.050000000000004 982.45000000000016 9.5087877416535669 102.12500000000001
decision_type=2 2 10 8 2 2 2 2 2 2 2 2 2 2 2 8 2 2 2 2 2 2 2 2 8 2 8 2 2 2 2 2 8 8 2 2 10 2 2 2 10 2 2 2 2 2 2 2 2 2 2 2 2 2 2 2 2 2 2 2 2 2 8
left_child=2 9 3 23 16 13 7 21 11 12 18 -8 14 39 27 49 22 19 46 25 37 26 -3 41 -25 -18 -5 56 29 -4 -17 55 -12 -33 36 42 -29 43 -39 -6 -7 -1 -36 -13 -45 -31 51 -27 -49 -10 -11 62 53 54 -41 -15 -2 -43 -23 -42 -37 -21 -9
right_child=1 4 28 6 5 40 8 10 15 50 32 20 -14 31 -16 30 17 -19 -20 61 -22 58 -24 24 -26 47 -28 34 -30 45 -32 33 -34 -35 35 60 -38 38 -40 52 59 57 -44 44 -46 -47 -48 48 -50 -51 -52 -53 -54 -55 -56 -57 -58 -59 -60 -61 -62 -63 -64
leaf_value=0.54624603027119167 0.074263908045632196 -0.040426030724791673 -0.10661990826820045 -0.059105984179991647 0.44534805405686773 -1.4092738131237015 0.66378281942536344 -0.028918662493309266 0.10840050252564284 0.58427104917688599 0.66589872682429807 -0.038347371778034343 -7.3065196874667722 0.1043051125709142 -0.93094346023956109 -0.10970366235958973 0.24096261306724159 -2.1622553329687979 0.24840444679309776 0.89346134883400818 -0.21463060285306268 -0.034942995661606982 -0.44416325754356373 0.20779293257406675 0.032916451551510219 -0.58545372513676386 0.33697212595791626 0.12521266606698012 0.14003578131498803 0.18474811066324179 -0.28703243257232175 -0.090898465784217744 0.097680732443921864 -0.43792783220986142 0.53478783632724014 -3.0310184192393503 1.0478158831790194 0.020051950500312277 -0.50834448663133103 -0.14215264024846724 -1.3412757837215681 -0.027150776517844366 -0.36985925178491696 0.011008378375817519 0.1579206553924121 1.0941443663959067 0.99154332794153377 -0.39600131093571656 0.075291955744685793 -0.063143874421000223 3.2250711568578314 0.18775315602088175 -0.59616189456823221 -0.34543730771998921 0.75682630868779288 -0.73870354800249172 -0.95135937713854135 0.20415163147936852 0.72847470797979563 -2.6704946780807948 -0.71173738198139103 -0.12355698478640242 -0.1626011048821118
leaf_weight=5897 1114 6608 1563 2829 2646 12053 3994 11295 7426 12759 2883 32622 1891 856 1675 42462 7429 5952 3510 7782 5882 7939 14070 13655 40567 4718 26318 29918 4934 1804 6075 7929 8236 15377 13056 1275 5909 1745 1750 2319 1579 3221 13159 29175 16762 9248 695 6531 8677 9120 1786 2465 3519 6390 2035 9871 1846 7267 857 3586 2654 3525 19170
leaf_count=5897 1114 6608 1563 2829 2646 12053 3994 11295 7426 12759 2883 32622 1891 856 1675 42462 7429 5952 3510 7782 5882 7939 14070 13655 40567 4718 26318 29918 4934 1804 6075 7929 8236 15377 13056 1275 5909 1745 1750 2319 1579 3221 13159 29175 16762 9248 695 6531 8677 9120 1786 2465 3519 6390 2035 9871 1846 7267 857 3586 2654 3525 19170
internal_value=-0.000347733 -0.00238215 0.00100599 0.000606165 -0.00449188 -0.00660431 -0.000170018 0.00178806 -0.00124496 0.000852462 -0.000480789 0.000205047 -9.96593e-05 -0.00494288 0.000242189 -0.0032931 -0.00228665 -0.000857354 -0.00202841 0.0002302 -0.000193891 0.00467346 -0.00537044 0.00327977 0.00233761 -0.00138823 0.00603407 0.000562519 0.00815574 0.0102517 -0.00453623 -0.00667661 0.00468792 -0.00506307 0.000923512 -0.000852574 0.00241787 0.000241914 -0.00660229 -0.00145337 -0.0115199 0.00639762 0.000294679 0.000546405 0.00174641 0.0119616 -0.00288104 -0.00306885 -0.00154524 0.00035356 0.00559814 -0.00318706 -0.00282023 -0.00105175 0.00343362 -0.0101823 -0.00748311 0.00404272 0.000164848 -0.0162682 -0.00850725 0.00414566 -0.0037658
internal_weight=551860 220494 331366 313817 133452 68160 243210 86197 157013 87042 48254 91930 72497 50942 70606 65083 65292 44614 37135 38662 87936 37943 20678 70607 54222 27355 29147 68931 17549 12615 48537 34033 11119 23306 65971 30144 35827 82054 3495 16909 17218 16385 26215 78559 45937 11052 33625 19926 15208 16546 14545 32930 14263 10744 4354 10727 2960 10488 8796 5165 3929 11307 30465
internal_count=551860 220494 331366 313817 133452 68160 243210 86197 157013 87042 48254 91930 72497 50942 70606 65083 65292 44614 37135 38662 87936 37943 20678 70607 54222 27355 29147 68931 17549 12615 48537 34033 11119 23306 65971 30144 35827 82054 3495 16909 17218 16385 26215 78559 45937 11052 33625 19926 15208 16546 14545 32930 14263 10744 4354 10727 2960 10488 8796 5165 3929 11307 30465
is_linear=0
shrinkage=0.05


Tree=32
num_leaves=64
num_cat=0
split_feature=0 41 36 38 0 14 28 9 8 27 19 8 39 40 0 26 28 0 39 43 27 13 25 38 12 36 32 14 31 30 8 39 0 30 15 43 20 41 19 25 0 41 14 14 31 40 31 22 28 13 40 41 22 32 41 14 37 22 13 35 28 38 25
split_gain=561.094 521.374 348.634 253.013 246.093 352.097 187.489 175.972 169.608 168.044 155.27 139.082 132.648 125.217 126.356 105.91 104.46 103.779 102.006 96.37 96.3199 85.3831 83.9932 82.3166 93.3183 86.2584 84.5508 71.0716 66.8982 93.8845 66.8939 65.6556 69.1163 64.9666 64.2667 83.1386 62.4186 61.7584 61.3118 59.8991 63.6726 57.5059 76.094 67.2045 56.4716 54.6919 57.1106 54.1507 54.1173 65.4646 63.0141 51.9697 50.3101 50.0944 67.6342 49.918 48.4735 47.8783 51.0781 47.0944 46.3459 45.9267 45.9055
threshold=69.825000000000017 1270.7500000000002 180.62500000000003 28.150000000000002 342.25000000000006 9.5000000000000018 3.8150000000000008 45.050000000000004 -3.2849999999999988 114.25000000000001 -0.26722820045975981 -51.694999999999986 1.0000000180025095e-35 984.95000000000016 458.25000000000006 11517.500000000002 0.58500000000000008 184.75000000000003 1.0000000180025095e-35 -16.249999999999996 30.350000000000005 3.5000000000000004 972.6500000000002 30.750000000000004 0.25881904510252057 547.50000000000011 3.2334193441840928 4.5000000000000009 8.6529980180784527 13.500000000000002 -11 1.0000000180025095e-35 134.25000000000003 151.50000000000003 1.0000000180025095e-35 -167.49999999999997 -0.25037047035109417 12708.250000000002 0.83385407025023295 974.45000000000016 169.25000000000003 9242.2500000000018 7.5000000000000009 6.5000000000000009 14.366307529316794 987.75000000000011 9.8635212955800675 88.500000000000014 7.3200000000000012 4.5000000000000009 989.05000000000007 33465.250000000007 6.5000000000000009 -13.711510409329277 6351.7500000000009 7.5000000000000009 18.500000000000004 65.500000000000014 5.5000000000000009 -0.54463903501502697 0.33000000000000007 36.850000000000001 972.25000000000011
decision_type=2 2 2 2 2 2 2 10 10 10 2 8 2 2 2 2 2 2 2 2 8 2 2 2 2 2 2 2 2 2 10 2 2 2 2 2 2 2 2 2 2 2 2 2 2 2 2 2 2 2 2 2 2 2 2 2 2 2 2 2 2 2 2
left_child=2 13 6 7 5 9 11 41 23 10 48 -1 37 39 19 18 20 45 22 -15 -10 -11 -13 25 26 36 44 53 29 -18 -24 32 56 -30 35 -8 -5 47 -26 -2 57 42 43 -4 61 46 -7 -9 49 50 -3 -39 -31 -23 -55 -20 -12 58 -41 -51 -59 -25 -22
right_child=1 4 3 8 -6 17 34 12 16 21 31 15 -14 14 -16 -17 28 -19 55 -21 62 27 30 24 38 -27 -28 -29 33 52 -32 -33 -34 -35 -36 -37 -38 51 -40 40 -42 -43 -44 -45 -46 -47 -48 -49 -50 59 -52 -53 -54 54 -56 -57 -58 60 -60 -61 -62 -63 -64
leaf_value=0.90291710846882856 -0.97304903732709769 -0.51987308069449067 0.19057136252191689 0.20318981445776468 -6.4864400148856207 0.47693513329572834 1.0787594963402627 -0.012125643079630564 0.021684548202571086 -1.2406075505990992 0.22687980237367322 -0.10109871079540539 -0.27679192451194162 0.95642548022577578 -4.7926828798066641 0.36622163654007622 0.29493470055259269 -0.58986427741290215 -0.26064160064130792 0.15942893122786952 -0.22701274966811821 -1.6140974417118323 0.25297020701888845 0.15459863689261988 0.71606151562004539 -0.098253095360168019 -0.016453286816567325 -1.1886566120680817 -0.090478404208588881 0.72192031894322628 0.055048567751576051 -0.95381033557708705 -1.3733853770998858 0.24215555221740503 2.2790889241871448 0.28452415201026177 -0.016896686922693725 -0.2630975220565594 0.051899012250451015 0.10353833029388895 -1.2746511521072006 -0.081867753327348747 0.19851237461917814 -0.15160957963763066 0.007412038902671403 0.85734425766507061 -0.53214468304722207 -0.14092546471387191 0.23110173051747812 0.73574181933689309 -0.044494731776855902 0.06683898533791735 -0.044259242102150431 0.56918558992838342 -0.71081262824054914 0.030357174978376558 -0.37428269790996893 -0.061387648564175883 1.0516857188768338 -0.060841519119370795 -0.96485169120538361 0.35393581573880811 -0.071829873885592629
leaf_weight=6405 1545 13048 3040 8802 5482 4534 4083 21828 26201 9914 1675 9325 14709 18282 1975 7155 8541 8280 4645 17278 7541 645 25169 25481 3404 11782 14699 1692 7627 592 42872 3011 6627 1958 1563 7235 9260 6664 1312 9569 4488 4886 8572 3687 8336 7191 2129 9964 5030 1493 7015 1340 7191 2172 1123 3007 29663 4966 1506 5598 1694 6732 38627
leaf_count=6405 1545 13048 3040 8802 5482 4534 4083 21828 26201 9914 1675 9325 14709 18282 1975 7155 8541 8280 4645 17278 7541 645 25169 25481 3404 11782 14699 1692 7627 592 42872 3011 6627 1958 1563 7235 9260 6664 1312 9569 4488 4886 8572 3687 8336 7191 2129 9964 5030 1493 7015 1340 7191 2172 1123 3007 29663 4966 1506 5598 1694 6732 38627
internal_value=-0.000336227 -0.00265039 0.000762155 -0.000231756 -0.00461693 -0.00410547 0.0031054 -0.0026938 0.000745935 -0.00551316 -0.00450998 0.00236412 -0.00417072 0.00108111 0.00287931 0.00186904 -0.000689371 0.0015361 0.00137736 0.00356299 -0.00166473 -0.0102341 0.00192203 0.00231661 0.00338453 0.000170889 0.00280825 -0.00531783 0.00203501 0.00398187 0.00253193 -0.0065514 -0.00598775 -0.00128065 0.00877843 0.00746598 0.00234193 -0.00267112 0.0101357 -0.00175867 -0.00109684 0.00129428 0.00280247 -0.00117809 0.00398592 0.00418291 0.000919256 -0.00168281 -0.00191089 -0.00279333 -0.00425285 -0.0065967 9.63639e-06 -0.00163706 0.00085736 -0.00412964 -0.0050067 0.000249507 0.00226411 0.0013362 -0.0031006 0.00493512 -0.0030389
internal_weight=551860 177625 374235 262776 116322 110840 111459 74690 188086 88706 73160 98578 54505 61303 37535 92173 98278 22134 85018 35560 72369 15546 77366 89808 59964 29844 55248 5632 25909 16324 68041 40976 37965 9585 12881 11318 18062 39796 4716 23768 22223 20185 15299 6727 40549 13854 6663 31792 32184 27154 20063 8004 7783 3940 3295 7652 31338 17735 11075 7091 6660 32213 46168
internal_count=551860 177625 374235 262776 116322 110840 111459 74690 188086 88706 73160 98578 54505 61303 37535 92173 98278 22134 85018 35560 72369 15546 77366 89808 59964 29844 55248 5632 25909 16324 68041 40976 37965 9585 12881 11318 18062 39796 4716 23768 22223 20185 15299 6727 40549 13854 6663 31792 32184 27154 20063 8004 7783 3940 3295 7652 31338 17735 11075 7091 6660 32213 46168
is_linear=0
shrinkage=0.05


Tree=33
num_leaves=64
num_cat=0
split_feature=0 41 0 37 5 12 16 31 29 13 0 27 25 0 6 11 37 36 34 13 30 41 30 29 0 9 9 25 5 25 0 40 14 31 13 17 43 40 23 0 17 36 38 23 23 17 16 14 23 32 32 14 11 27 14 29 38 44 13 25 38 23 37
split_gain=532.844 514.235 319.336 317.473 254.16 201.545 185.598 165.765 149.762 148.875 135.514 131.289 128.18 139.497 110.26 107.651 100.364 119.556 107.29 122.629 98.3092 94.7258 92.4304 91.745 118.984 91.2354 89.8041 87.0025 85.3525 82.9499 80.1491 88.4485 78.7912 88.5098 78.6259 73.2427 72.1444 71.5706 67.7319 67.6801 70.9009 67.2731 65.0157 85.9388 71.3718 64.5778 90.9984 66.4977 133.314 63.806 62.3136 61.8481 59.5651 58.5151 58.2517 56.5256 56.2432 55.8961 54.9856 51.7898 56.7118 50.7463 50.7046
threshold=33.550000000000004 2028.7500000000002 116.25000000000001 52.500000000000007 46.025000000000006 -0.60355339059327384 14.161056002216833 6.1215248561035134 29.932610262951872 3.5000000000000004 7.1350000000000007 44.550000000000004 973.6500000000002 228.25000000000003 36.916666666666679 -0.78656609248549292 74.500000000000014 46.250000000000007 0.87878364999916148 5.5000000000000009 88.500000000000014 2550.7500000000005 119.50000000000001 1.5181668923115823 69.825000000000017 166.25000000000003 36.050000000000004 981.05000000000007 136.25000000000003 985.55000000000007 327.25000000000006 988.05000000000007 8.5000000000000018 10.739404051629725 1.5000000000000002 2.6971674725945682 -31.249999999999996 979.45000000000016 15.250000000000002 378.75000000000006 1.9928691531833587 512.50000000000011 27.850000000000005 28.350000000000005 27.650000000000002 7.3558899340034296 -1.7916595478910848 3.5000000000000004 25.750000000000004 -11.323679322056572 -8.1652484880493592 1.5000000000000002 -0.37940952255126065 58.050000000000004 7.5000000000000009 0.73055832397448295 25.150000000000002 -8129.7499999999991 3.5000000000000004 985.45000000000016 30.750000000000004 37.850000000000001 93.500000000000014
decision_type=2 2 2 2 10 2 2 2 2 2 2 10 2 2 10 2 2 2 2 2 2 2 2 2 2 10 8 2 10 2 2 2 2 2 2 2 2 2 2 2 2 2 2 2 2 2 2 2 2 2 2 2 2 10 2 2 2 2 2 2 2 2 2
left_child=4 6 3 7 10 39 12 9 21 20 -1 28 -2 15 26 54 18 -18 19 23 45 -6 25 37 -25 52 -12 -8 32 -15 31 49 51 -34 -24 -11 -29 -17 -13 40 -4 -37 43 57 -44 46 53 48 -48 -7 -22 -5 -9 -3 -14 -19 -23 -28 -31 60 -27 -62 -40
right_child=1 2 5 11 8 30 27 22 -10 35 14 38 13 29 -16 16 17 55 -20 -21 50 56 34 24 -26 59 42 36 -30 58 -32 -33 33 -35 -36 41 -38 -39 62 -41 -42 -43 44 -45 -46 -47 47 -49 -50 -51 -52 -53 -54 -55 -56 -57 -58 -59 -60 -61 61 -63 -64
leaf_value=0.24323089808321835 -0.28815872634364526 -0.029580053041720067 -0.047281494037804267 0.84758271490157588 0.43933857104162044 -1.7872736735841259 -0.097282043086557884 -0.15585542746096193 0.87574737001843173 0.35219867291171508 0.09648209737056479 0.38529484711930673 -0.35797768127060031 -3.3316348272096579 0.15016425767926253 0.89045759803796365 0.41386672614688697 -0.043776459752983589 0.79084176931110339 0.87424348336781643 0.4094524410703107 -0.12895634382355656 0.93590282023064053 0.30588242002759219 -0.39074027990930998 -0.8189357019635729 0.25735548408032 1.0155892567758493 0.62101900703686863 -1.1686009914032807 -7.1291013571538846 -0.45787913474372322 0.32320363909411731 -0.12045101882642545 0.0041716714254007364 0.41327469580830095 0.14877882424738484 0.29170026746590638 -0.30393062840915491 -6.9157114913208293 -0.90040384245576155 -0.16923544949194158 0.13617621041538139 -0.19794863671055862 -0.0045285794286112459 0.31679376957216104 0.43063872230243994 0.24428226400422393 -0.69780873915110364 -0.89779883043314757 -0.70355020417426273 -0.16935605930208855 0.070393994524722017 -0.38755889836367158 0.087938806399620442 -0.38826324699766651 0.12416137020379381 -0.049466915707495979 0.59735424823560423 -0.06148960774311734 -0.10870418245501301 -0.41356806318264439 -0.64386349648007657
leaf_weight=7656 8750 6451 13569 859 9784 5079 3748 14824 5053 15997 20250 1064 7852 3045 18507 2672 10174 12069 7673 6079 484 2419 1378 8641 11554 4121 2642 13710 2024 7218 2491 5957 3951 4039 2675 1783 4343 8749 34411 1576 4268 3313 9000 6018 63917 4335 1630 8812 2024 9545 2375 41849 12813 4312 7139 5561 14830 25201 4600 4499 5941 2343 2214
leaf_count=7656 8750 6451 13569 859 9784 5079 3748 14824 5053 15997 20250 1064 7852 3045 18507 2672 10174 12069 7673 6079 484 2419 1378 8641 11554 4121 2642 13710 2024 7218 2491 5957 3951 4039 2675 1783 4343 8749 34411 1576 4268 3313 9000 6018 63917 4335 1630 8812 2024 9545 2375 41849 12813 4312 7139 5561 14830 25201 4600 4499 5941 2343 2214
internal_value=-0.000324267 -0.0014288 -0.00284671 -0.00197262 0.00186113 -0.00676651 0.00104453 -3.29637e-05 0.00590756 0.00194309 0.0010136 -0.00412035 0.000221425 0.000714868 0.000672519 0.00147029 0.00226111 -0.000104302 0.00371077 0.00261374 -0.000295007 0.0044307 -0.00212783 0.00136323 -0.000662293 -0.00278564 0.000147212 0.00526467 -0.00250939 -0.00376606 -0.00992545 -0.0089002 -0.00291136 0.00164581 0.00510116 0.00517115 0.00670387 0.00494484 -0.00637388 -0.00301216 -0.00213461 -4.90581e-05 -0.000431737 -0.00224226 0.000409027 0.000620374 -0.000425115 0.00248275 -0.00318829 -0.0109922 -0.00912032 -0.00376393 -0.00101585 -0.00379309 -0.00238977 -0.00259501 0.00220158 -0.00107118 -0.00187003 -0.00567913 -0.00734583 -0.00496137 -0.00673515
internal_weight=551860 366583 233006 190521 185277 42485 133577 100110 32086 51516 153191 90411 111776 103026 145535 88163 73172 27804 45368 37695 30423 27033 48594 31616 20195 44541 127028 21801 52722 14863 23072 20581 50698 7990 4053 21093 18053 11421 37689 19413 17837 5096 106778 33861 72917 27564 23229 12466 3654 14624 2859 42708 27637 10763 14991 17630 17249 27843 11818 16904 12405 8284 36625
internal_count=551860 366583 233006 190521 185277 42485 133577 100110 32086 51516 153191 90411 111776 103026 145535 88163 73172 27804 45368 37695 30423 27033 48594 31616 20195 44541 127028 21801 52722 14863 23072 20581 50698 7990 4053 21093 18053 11421 37689 19413 17837 5096 106778 33861 72917 27564 23229 12466 3654 14624 2859 42708 27637 10763 14991 17630 17249 27843 11818 16904 12405 8284 36625
is_linear=0
shrinkage=0.05


Tree=34
num_leaves=64
num_cat=0
split_feature=27 8 41 33 0 28 9 0 16 28 5 0 13 12 41 32 36 14 0 20 39 0 25 36 37 20 11 14 39 8 35 11 14 28 0 40 25 34 0 28 45 22 11 37 0 32 13 0 39 13 9 33 37 28 13 11 40 22 43 14 11 39 13
split_gain=510.71 343.102 309.977 263.658 161.52 146.171 150.899 124.711 114.411 106.832 101.837 116.842 100.885 99.0864 94.9926 103.767 87.452 86.7089 93.5022 86.1925 86.1608 92.4341 83.5782 81.855 81.227 75.3327 71.589 71.3095 70.4198 69.6294 69.5655 65.2039 64.8925 64.2354 64.8103 63.8913 63.8458 62.9666 61.9469 61.1908 56.6732 56.4646 53.6679 53.3588 52.732 52.6406 76.2002 51.7413 51.6394 51.443 50.6688 50.4181 49.9361 49.8446 48.3867 75.2353 65.6878 48.2166 54.69 51.4616 47.6167 46.7832 46.7126
threshold=57.050000000000004 -25.084999999999994 2428.0000000000005 16.950000000000003 99.325000000000003 0.58500000000000008 45.050000000000004 342.25000000000006 13.448460418735783 0.30000000000000004 29.050000000000004 303.25000000000006 5.5000000000000009 -0.3794095225512602 8568.5000000000018 9.3261652939940287 2967.5000000000005 9.5000000000000018 44.525000000000006 -0.5663846699108962 0.15000000000000005 132.25000000000003 976.55000000000007 136.25000000000003 15.500000000000002 0.34202014332566893 -0.37940952255126065 9.5000000000000018 1.0000000180025095e-35 64.750000000000014 0.91702515554752073 -0.37940952255126065 3.5000000000000004 17.270000000000007 91.02500000000002 982.45000000000016 980.25000000000011 0.76037701167087512 149.12500000000003 0.69500000000000006 1.5000000000000002 38.500000000000007 0.37940952255126054 68.500000000000014 45.050000000000004 12.277044644297876 4.5000000000000009 40.025000000000006 0.15000000000000005 1.0000000180025095e-35 31.625000000000004 11.050000000000002 90.500000000000014 2.7050000000000005 2.5000000000000004 0.12940952255126045 982.35000000000002 63.500000000000007 -387.49999999999994 3.5000000000000004 -0.37940952255126065 1.0000000180025095e-35 1.0000000180025095e-35
decision_type=10 8 2 2 2 2 8 2 2 2 8 2 2 2 2 2 2 2 2 2 2 2 2 2 2 2 2 2 2 10 2 2 2 2 2 2 2 2 2 2 2 2 2 2 2 2 2 2 2 2 10 2 2 2 2 2 2 2 2 2 2 2 2
left_child=1 20 8 5 9 6 40 14 12 27 47 17 29 -6 24 16 19 18 62 32 21 23 -14 31 -5 -7 -20 60 -28 33 -21 -1 -16 48 -35 -17 -10 49 -19 -11 -3 42 53 -39 -33 -26 -47 -8 -2 -15 -25 -23 -48 -41 55 -27 -56 58 -52 -60 -4 -62 -12
right_child=2 3 4 7 13 25 10 -9 36 39 11 -13 22 37 15 35 -18 38 26 30 -22 51 -24 50 45 54 28 -29 -30 -31 -32 44 -34 34 -36 -37 -38 43 -40 41 -42 -43 -44 -45 -46 46 52 -49 -50 -51 57 -53 -54 -55 56 -57 -58 -59 59 -61 61 -63 -64
leaf_value=0.32139998424759536 -0.14238850034665732 0.14995664993070515 -0.36319039146292043 0.61338303312713149 -0.46153944694768462 0.053537914254264622 -0.037553440937033056 -5.2606594730515281 -0.36991171450386195 0.233428278264741 -0.060346808576989666 -2.411378687333555 -0.52664591840767017 -0.0062955997432467825 -0.25373477886982271 -0.29974326531588336 0.14010134645189021 0.65076905928393103 -0.23784258012313897 -0.1399512602443311 -0.09299773401595246 0.90295666316244838 0.64678458703993069 0.38123350286292196 -0.061657105956493145 -0.035147197690307545 0.06104810787466293 1.3152838939911806 -0.34167705954105376 -1.3669066602350315 0.5821399003885962 1.1862899830788105 0.084685632296846142 0.67470431741523329 -0.62556388412841291 0.13465720076079377 0.72587485981351341 -0.30368991369742848 0.16985036674819209 -0.30936909167055132 -0.065090541628957291 -0.26959836687017841 0.30353988217379491 -1.2983991404727846 0.8001657628182155 -0.048781767300038671 0.793787141011979 -0.21441218365938455 -0.54644907742768534 -1.7420941400394512 -0.055009212115968348 -0.47294353001149841 -0.09838421222473609 0.025337073851651404 0.12132110073330703 0.44402920318682126 0.50876033418600553 -0.0021450815298351966 0.044811784598068519 0.44262734274335858 -0.12495191380909372 -0.41096282111285753 0.079507034177916658
leaf_weight=6046 31982 24768 13234 1148 9021 23824 42679 2187 1332 3277 7885 5695 949 588 2207 7544 3503 11501 16156 29618 4251 4606 5754 6538 35828 5555 25878 430 3148 3464 742 5253 7244 2593 1133 1091 7646 3907 10329 3230 3944 9297 3289 1681 5348 3987 2104 12724 1098 7087 3294 6953 533 6900 6144 2590 8486 8966 3544 8474 14568 2772 44313
leaf_count=6046 31982 24768 13234 1148 9021 23824 42679 2187 1332 3277 7885 5695 949 588 2207 7544 3503 11501 16156 29618 4251 4606 5754 6538 35828 5555 25878 430 3148 3464 742 5253 7244 2593 1133 1091 7646 3907 10329 3230 3944 9297 3289 1681 5348 3987 2104 12724 1098 7087 3294 6953 533 6900 6144 2590 8486 8966 3544 8474 14568 2772 44313
internal_value=-0.000316928 0.000549651 -0.00298672 -5.75201e-05 -0.00499773 0.000787011 0.000222467 -0.00226631 -0.000137174 -0.00358659 -0.00031363 0.000477763 -0.00112565 -0.00860707 -0.0019961 -0.00344039 -0.00244263 0.000812012 0.000173547 -0.00310907 0.00394046 0.00443563 0.00455393 0.00541211 -0.000275229 0.00331928 -0.00149174 -0.00556864 -6.89037e-06 -0.00207102 -0.00440711 0.00823722 0.00106073 -0.00143319 0.00479066 -0.00844528 0.00503453 -0.0113568 0.0036601 -0.00122244 0.00358909 -0.00214386 -6.89321e-05 -0.00731926 0.0106004 -0.000630123 0.00346467 -0.00209781 -0.00213422 -0.0142964 0.00388597 0.000426075 0.0100588 -0.00187068 0.00537541 0.00228668 0.00709501 0.00283384 0.00453892 0.00610334 -0.00585301 -0.00412918 0.001615
internal_weight=551860 416628 135232 353355 79281 255619 209020 97736 55951 56997 180308 124905 46973 22284 95549 51949 43314 119210 97380 39811 63273 59022 6703 47463 43600 46599 45182 31004 29026 40270 30360 16647 9451 36806 3726 8635 8978 13263 21830 25993 28712 22716 13419 5588 10601 42452 6624 55403 33080 7675 30816 11559 2637 10130 22775 8145 14630 24278 15312 12018 30574 17340 52198
internal_count=551860 416628 135232 353355 79281 255619 209020 97736 55951 56997 180308 124905 46973 22284 95549 51949 43314 119210 97380 39811 63273 59022 6703 47463 43600 46599 45182 31004 29026 40270 30360 16647 9451 36806 3726 8635 8978 13263 21830 25993 28712 22716 13419 5588 10601 42452 6624 55403 33080 7675 30816 11559 2637 10130 22775 8145 14630 24278 15312 12018 30574 17340 52198
is_linear=0
shrinkage=0.05


Tree=35
num_leaves=64
num_cat=0
split_feature=0 41 5 27 16 0 14 33 13 39 22 0 40 14 39 43 13 16 43 27 23 14 37 25 34 36 0 37 32 32 0 14 25 35 15 30 15 11 5 17 36 8 0 18 11 34 29 14 43 14 13 37 14 41 33 7 32 44 14 23 41 0 13
split_gain=470.949 456.215 306.399 242.454 195.824 190.142 143.612 154.669 146.212 138.163 131.447 130.104 120.052 115.854 114.966 112.742 109.89 108.367 121.059 103.841 102.895 107.264 134.828 111.086 102.001 100.576 99.7609 94.0337 87.2865 86.3348 85.5963 105.714 84.8208 90.1888 80.5101 78.5263 79.2006 76.6333 75.1748 72.9372 71.2061 70.4598 69.2871 66.8283 66.0745 74.6053 82.9821 65.6304 65.5067 67.5629 132.642 64.046 63.2486 65.0575 63.0755 62.767 62.2172 58.6325 58.1434 57.2767 54.5402 54.5086 54.1989
threshold=49.050000000000004 1740.2500000000002 76.52500000000002 108.12500000000001 2.7529393244731661 14.050000000000002 6.5000000000000009 16.550000000000004 3.5000000000000004 1.0000000180025095e-35 48.500000000000007 499.50000000000006 984.55000000000007 5.5000000000000009 1.0000000180025095e-35 -16.249999999999996 2.5000000000000004 -16.87649812543258 -86.249999999999986 37.550000000000004 18.450000000000003 3.5000000000000004 51.500000000000007 983.05000000000007 0.86159635224327558 937.50000000000011 292.25000000000006 74.500000000000014 -11.803723063378948 -14.741815179544437 138.25000000000003 9.5000000000000018 974.35000000000002 -0.36648727148060634 1.0000000180025095e-35 10.500000000000002 1.0000000180025095e-35 -0.78656609248549292 49.025000000000006 -7.6281122787994287 1327.5000000000002 147.20000000000002 163.25000000000003 10.65 -0.37940952255126065 0.79332313182700753 3.1215224221862297 5.5000000000000009 -172.49999999999997 4.5000000000000009 2.5000000000000004 91.500000000000014 3.5000000000000004 5545.0000000000009 9.4500000000000011 27.729800724637688 -2.2682676529080745 9397.0000000000018 4.5000000000000009 19.050000000000004 7455.5000000000009 78.825000000000003 4.5000000000000009
decision_type=2 2 10 10 2 2 2 2 2 2 2 2 2 2 2 2 2 2 2 8 2 2 2 2 2 2 2 2 2 2 2 2 2 2 2 2 2 2 8 2 2 10 2 2 2 2 2 2 2 2 2 2 2 2 2 10 2 2 2 2 2 2 2
left_child=2 9 5 4 14 -1 8 10 20 11 -8 12 27 29 30 -14 24 56 -19 -10 -7 23 35 -22 -9 -24 32 42 59 -4 31 38 -6 40 43 55 47 -31 -3 -40 -34 -30 44 51 -2 46 -46 -37 -48 62 -51 -20 53 -35 -32 -23 -12 58 -21 -5 -45 -41 -50
right_child=1 3 13 28 26 6 7 16 19 -11 17 -13 15 -15 -16 -17 -18 18 34 57 21 22 25 -25 -26 -27 -28 -29 41 37 54 -33 33 52 -36 36 -38 -39 39 61 -42 -43 -44 60 45 -47 48 -49 49 50 -52 -53 -54 -55 -56 -57 -58 -59 -60 -61 -62 -63 -64
leaf_value=0.124218626793495 -0.16914459122376935 -0.26945362606443396 -0.083165088486800445 -0.47153605229213036 -0.35393452676026516 0.53828862552118761 0.38153112603355194 -0.079378163033716143 0.26804630935844809 -0.64784438911709419 -0.130600972316254 -6.3931897644879419 0.70021385825034488 0.076087774564826571 -0.50052843786437506 0.092258058449829594 -0.14829327233918974 -0.11001037841958533 0.1184942437937468 0.2506084282603645 -0.42851775273405868 -0.1094652405139513 -0.03175007537027049 -0.07665591307809505 0.13422325779331185 -0.33947254004523203 -3.1073514358236611 -0.34013905767290598 -0.45166955766784417 0.14277302677502193 -0.16355048721046916 0.50958485893410321 0.44507634932951262 0.05820974278301394 -0.25180415930945987 -0.05742581096196258 0.73128384775874966 1.0301277299444851 -0.42272168789886105 0.019847864717278618 -0.1331895162713693 -8.6658486823515766 -1.113623681901887 0.027015661246263492 0.58768105553437022 0.87067113460022194 1.0611439820854309 0.40198370800002881 -0.12294068432938837 1.3329885491201625 -1.4662334716321634 -0.13629650323211795 0.096663707949142808 -0.35466874585050062 -1.5444071710115583 0.39420232867947408 0.2803685676537776 -0.099588990240579323 0.012297062774975699 -1.3798797731227201 -0.092775222160056611 -0.2849985073365538 1.5753836655523985
leaf_weight=33723 8122 21500 1365 1556 5013 2726 3033 8003 17324 2390 1687 2018 27320 6426 8804 24765 21977 30257 22890 11015 2435 1167 15570 11235 5601 2669 2523 10611 14556 1905 2675 3274 8427 8100 2564 9611 954 9050 6430 21107 2845 1030 3148 19521 6622 3909 885 1382 4916 575 1976 3149 22655 11270 8733 7106 7785 4679 10992 4789 8300 12653 562
leaf_count=33723 8122 21500 1365 1556 5013 2726 3033 8003 17324 2390 1687 2018 27320 6426 8804 24765 21977 30257 22890 11015 2435 1167 15570 11235 5601 2669 2523 10611 14556 1905 2675 3274 8427 8100 2564 9611 954 9050 6430 21107 2845 1030 3148 19521 6622 3909 885 1382 4916 575 1976 3149 22655 11270 8733 7106 7785 4679 10992 4789 8300 12653 562
internal_value=-0.00030823 -0.00182374 0.00109952 -0.00340479 -0.0026685 0.000666249 0.000159653 -0.000902113 0.00160699 0.000890676 0.000112415 0.00118806 0.00145941 0.00727889 -0.00421598 0.00305606 -0.00373022 -0.000210862 -0.000765739 0.00375369 -0.000115304 -0.000610505 0.000741699 -0.00441478 -0.000198471 -0.0023754 -0.000501784 -0.000552921 -0.00830673 0.0101177 -0.00359229 -0.00289083 -8.06037e-05 0.00050425 0.00060258 0.00355341 0.000960492 0.0115952 -0.00335549 -0.00207888 0.00447569 -0.00629411 0.000848934 0.00101467 0.00165143 0.00323348 0.00167997 -0.000238788 -0.0014696 -0.00289264 -0.00961388 0.00283517 -0.000560976 -0.00265875 -0.00758678 0.00729784 0.00486698 0.00179682 0.00287749 -0.0132506 -0.000689228 -0.00114929 0.000237313
internal_weight=551860 265759 286101 167940 146009 267355 233632 134767 98865 97819 99186 95429 93411 18746 85176 52085 35581 96153 86681 44010 54855 52129 38459 13670 13604 18239 60833 41326 21931 12320 76372 64964 58310 53297 56424 20220 11947 10955 61690 40190 11272 15586 30715 53860 27567 19445 15536 10993 8914 8029 2551 26039 42025 19370 11408 8273 9472 26686 22007 6345 27821 33760 5478
internal_count=551860 265759 286101 167940 146009 267355 233632 134767 98865 97819 99186 95429 93411 18746 85176 52085 35581 96153 86681 44010 54855 52129 38459 13670 13604 18239 60833 41326 21931 12320 76372 64964 58310 53297 56424 20220 11947 10955 61690 40190 11272 15586 30715 53860 27567 19445 15536 10993 8914 8029 2551 26039 42025 19370 11408 8273 9472 26686 22007 6345 27821 33760 5478
is_linear=0
shrinkage=0.05


Tree=36
num_leaves=64
num_cat=0
split_feature=27 8 41 33 0 28 9 23 13 0 12 41 32 25 39 0 19 44 37 26 28 13 25 39 0 26 20 11 16 38 19 31 28 37 14 29 22 14 0 14 25 13 40 6 39 17 14 41 38 38 11 16 11 41 45 23 38 16 35 40 35 14 22
split_gain=450.683 304.474 257.994 231.497 146.28 128.324 128.333 118.315 183.014 115.484 96.785 93.5812 95.8216 89.4381 97.7131 100.223 88.2419 86.286 84.3817 86.1208 80.2952 76.7027 104.674 75.5366 84.1488 75.4706 81.751 72.2457 72.1976 74.6008 68.2644 75.6556 70.2475 66.8174 65.576 65.1784 63.8852 59.3386 67.6469 57.8363 57.451 56.5239 55.9141 55.8516 55.713 60.7867 54.4666 53.936 64.0924 57.0006 84.6168 55.653 53.8238 60.4102 52.9852 52.7415 52.4994 52.3018 51.2502 49.9558 49.4259 48.4404 47.6314
threshold=57.050000000000004 -25.084999999999994 2428.0000000000005 16.950000000000003 124.25000000000001 0.58500000000000008 45.050000000000004 23.750000000000004 4.5000000000000009 274.25000000000006 -0.3794095225512602 8568.5000000000018 10.062186938661261 972.85000000000002 0.35000000000000003 378.75000000000006 0.1993603430971522 -6148.4999999999991 72.500000000000014 1700.7500000000002 2.7650000000000006 2.5000000000000004 983.1500000000002 0.15000000000000005 21.950000000000003 57099.750000000007 -0.55191596924288677 -0.37940952255126065 13.293329468144124 23.650000000000002 0.68832836526074803 0.70710678118654768 0.76000000000000012 15.500000000000002 5.5000000000000009 40.453981747828188 44.500000000000007 9.5000000000000018 149.12500000000003 3.5000000000000004 981.25000000000011 2.5000000000000004 982.45000000000016 215.72500000000002 1.0000000180025095e-35 -8.8215629471470525 5.5000000000000009 4369.0000000000009 37.95000000000001 27.950000000000003 -0.78656609248549292 19.379507826676939 -0.78656609248549292 1877.5000000000002 1.5000000000000002 26.250000000000004 18.450000000000003 -6.8250451130112078 0.52247866957162958 987.35000000000002 0.30069434954884205 5.5000000000000009 62.500000000000007
decision_type=10 8 2 2 2 2 8 2 2 2 2 2 2 2 2 2 2 2 2 2 2 2 2 2 2 2 2 2 2 2 2 2 2 2 2 2 2 2 2 2 2 2 2 8 2 2 2 2 2 2 2 2 2 2 2 2 2 2 2 2 2 2 2
left_child=1 23 7 5 16 6 54 8 28 11 -6 33 25 17 15 37 20 -8 19 21 34 -9 61 24 35 26 39 -21 29 -2 31 41 -33 -5 40 -1 -20 47 59 -13 -4 46 -14 -29 45 -18 -7 49 51 50 -15 58 -26 -54 -3 -52 -10 -19 -49 -39 -31 -23 -55
right_child=2 3 4 9 10 30 13 18 56 -11 -12 12 42 14 -16 -17 44 57 36 27 -22 22 -24 -25 52 -27 -28 43 -30 60 -32 32 -34 -35 -36 -37 -38 38 -40 -41 -42 -43 -44 -45 -46 -47 -48 48 -50 -51 55 -53 53 62 -56 -57 -58 -59 -60 -61 -62 -63 -64
leaf_value=0.26908285680428057 -0.33858756755655023 0.13924276214692935 -0.52039504020080485 0.57011424457579218 -0.53705430945935007 -0.11290938614272933 0.10476082842140651 0.12216263869917605 0.20415175078739589 -3.2353932961819556 -1.5072336968395945 -0.22804155874401461 -0.28252921783711832 -0.34343871500099282 -0.20621062113383526 -3.8010415588552884 -0.60848750067612123 -0.037953949879240501 -1.9549937572910645 -0.16000279646851923 0.10004405828226411 -1.4140383427651937 0.35872377418106044 -0.084459869981126812 0.02214117483290768 0.31829186955564048 -0.11610670371506862 0.53695114571683378 0.80740738526997569 0.73536898906188775 -0.052697768240641811 0.59104820470578534 0.043655000429284566 -0.016843157871402781 0.02524648551406701 1.1419414059799557 -0.28910439840543117 0.28799003583130228 0.067830839678117455 0.07923367565523165 -0.17956695869097922 0.38616177770678561 0.13599386352884066 -5.2139604660213905 -0.49356928060690602 -0.18829239106997733 0.33788069568665596 -0.060252482968320892 0.29927425549189834 0.10485635030401751 0.18189623796041077 -0.2049466623651407 0.80794053648716302 0.26769909685977566 -0.063829018221979311 -0.063855745640811049 1.0107110430629955 -0.20840687745933162 0.091099480165981822 1.1362917767776954 -0.62891448206406064 -0.2382290192152676 -0.032998935116143178
leaf_weight=9712 13431 24768 4021 1148 6136 3236 5216 3538 2718 3660 7840 2179 6871 4001 7364 3411 3423 8485 702 4485 10346 3057 1577 4251 11648 1681 32193 6422 3175 1883 7698 1403 20622 41199 6819 1496 6533 7030 12102 7873 11371 11483 932 271 3840 25485 2157 35779 2881 31995 16386 2242 15636 12694 3944 15185 6417 14745 8833 4653 619 1123 7836
leaf_count=9712 13431 24768 4021 1148 6136 3236 5216 3538 2718 3660 7840 2179 6871 4001 7364 3411 3423 8485 702 4485 10346 3057 1577 4251 11648 1681 32193 6422 3175 1883 7698 1403 20622 41199 6819 1496 6533 7030 12102 7873 11371 11483 932 271 3840 25485 2157 35779 2881 31995 16386 2242 15636 12694 3944 15185 6417 14745 8833 4653 619 1123 7836
internal_value=-0.000305693 0.000508367 -0.00281368 -6.36046e-05 -0.00464834 0.000727743 0.000198785 -0.000214027 0.00206334 -0.0021333 -0.00929093 -0.00179429 -0.00322111 -0.000295605 0.000186353 0.000472671 -0.00365477 -0.00286859 -0.00253537 -0.000895081 -0.00181144 -0.00445132 -0.00801199 0.00370261 0.00416624 -0.00231412 -0.00272754 0.00206209 -0.000719594 -0.00209157 0.00310039 0.0039517 0.00202157 -5.13614e-05 -0.00350615 0.00806567 -0.00717692 0.000677419 0.00295459 0.00120871 -0.00531445 0.00647073 -0.00832693 0.00535261 -0.00548736 -0.00473571 0.00224828 0.000215683 -0.00103398 0.00113554 -0.000241763 -0.00147906 0.00325219 0.00420422 0.0033035 0.000626366 0.00788451 -0.00417348 -0.00109276 0.00566849 0.00583533 -0.0121531 0.00242085
internal_weight=551860 416628 135232 353355 79281 255619 209020 55951 28243 97736 13976 94076 51729 180308 151862 144498 65305 28446 27708 20473 32557 9295 5757 63273 59022 43926 42245 11178 19108 15933 46599 38901 22025 42347 22211 11208 7235 141087 23785 10052 15392 16876 7803 6693 32748 28908 5393 117302 49735 67567 35572 46854 47814 36166 28712 31571 9135 23230 44612 11683 2502 4180 20530
internal_count=551860 416628 135232 353355 79281 255619 209020 55951 28243 97736 13976 94076 51729 180308 151862 144498 65305 28446 27708 20473 32557 9295 5757 63273 59022 43926 42245 11178 19108 15933 46599 38901 22025 42347 22211 11208 7235 141087 23785 10052 15392 16876 7803 6693 32748 28908 5393 117302 49735 67567 35572 46854 47814 36166 28712 31571 9135 23230 44612 11683 2502 4180 20530
is_linear=0
shrinkage=0.05


Tree=37
num_leaves=64
num_cat=0
split_feature=0 14 5 0 27 27 16 37 34 11 23 0 0 33 37 30 23 42 41 25 32 22 23 41 13 22 14 9 32 14 0 41 16 21 41 14 23 16 17 13 7 22 31 14 29 35 37 14 9 14 32 23 33 13 0 13 11 13 35 13 14 13 29
split_gain=425.42 406.662 317.671 282.731 225.622 219.114 214.46 166.418 179.209 136.691 132.408 144.087 107.048 101.648 103.469 95.2453 92.3536 92.1859 89.7223 89.304 88.5564 87.8293 81.9572 77.0138 77.843 75.7953 75.5525 85.6119 74.8124 73.3547 71.7822 68.4434 68.02 65.9774 63.7055 60.0052 63.0501 58.6271 56.5698 54.6707 88.5174 68.8217 53.4663 56.5641 52.9766 51.5496 51.4878 49.9075 62.0169 49.7245 87.3504 48.9106 48.4082 48.0308 47.5308 47.2841 55.7606 87.2357 47.3444 45.3612 44.6065 66.0155 74.9296
threshold=67.325000000000003 9.5000000000000018 89.050000000000011 234.25000000000003 24.350000000000005 152.25000000000003 5.6167587397983363 52.500000000000007 -0.24192189559966767 0.12940952255126045 17.450000000000003 27.950000000000003 458.25000000000006 23.050000000000004 74.500000000000014 108.50000000000001 20.950000000000003 -12.049999999999995 4857.7500000000009 982.45000000000016 -5.1175413079286871 50.500000000000007 13.750000000000002 2550.7500000000005 5.5000000000000009 51.500000000000007 6.5000000000000009 36.050000000000004 -15.259380631152551 5.5000000000000009 41.025000000000006 9381.7500000000018 4.3787469662239955 67.500000000000014 842.50000000000011 5.5000000000000009 31.250000000000004 20.896388674756746 7.1045690058709052 2.5000000000000004 86.664583333333354 64.500000000000014 7.8715773642545637 8.5000000000000018 1.8451178959059249 -0.47714059151611382 34.500000000000007 9.5000000000000018 126.25000000000001 4.5000000000000009 -6.4721608939155528 12.550000000000002 17.050000000000004 3.5000000000000004 196.25000000000003 2.5000000000000004 0.12940952255126045 1.5000000000000002 -0.20791169081775954 1.0000000180025095e-35 6.5000000000000009 3.5000000000000004 1.0000000180025095e-35
decision_type=2 2 10 2 8 10 2 2 2 2 2 2 2 2 2 2 2 2 2 2 2 2 2 2 2 2 2 8 2 2 2 2 2 2 2 2 2 2 2 2 8 2 2 2 2 2 2 2 8 2 2 2 2 2 2 2 2 2 2 2 2 2 2
left_child=2 5 4 17 26 6 13 8 9 15 37 -12 34 14 23 47 20 -3 55 -7 22 -18 -8 24 39 -16 31 -28 -4 30 -30 53 35 -22 -5 49 -37 -9 52 40 44 45 43 60 -2 -41 -19 48 -6 -10 -51 54 -11 -1 -27 56 -13 -58 -57 -15 61 -20 -63
right_child=1 3 28 12 7 19 16 10 32 38 11 18 -14 59 25 -17 21 46 42 -21 33 -23 -24 -25 -26 51 27 -29 29 -31 -32 -33 -34 -35 -36 36 -38 -39 -40 41 -42 -43 -44 -45 -46 -47 -48 -49 -50 50 -52 -53 -54 -55 -56 58 57 -59 -60 -61 -62 62 -64
leaf_value=0.2082333078722324 1.0879283810929141 2.3788087353165253 -0.14528127266249211 0.46201670575232623 -0.032138500167013716 -1.8131607033711328 0.56052252308233652 0.18547531361955871 0.12440119229796404 0.18000347218493609 0.0080272987720964809 -0.089089245070058443 -5.8697388874636358 -0.050926263729690648 -1.6640433879106049 0.22897480422799404 -0.071815292134495765 -0.19882718596508153 -0.22758125296049828 -0.85929978822572473 0.053455259143516724 -0.67030420584191297 -0.46411901717335824 -0.29412459325812906 0.73867713322198925 0.77540789622016293 0.17001245323878483 0.020965577223675515 1.1179887727742219 0.14191579519239475 0.49078525473026302 0.060953125405671466 0.29539974785734241 1.0859238261875526 -1.1892830794995164 0.85517034220855281 0.09634454442750523 1.1210419156611473 0.58813065238992468 -0.65760264370841814 -0.60583996994083567 -1.0128785573795758 -0.027116961484966631 0.1923766468134796 0.1522775704792618 0.20259537496253432 0.54311640526370297 0.75448739253971597 -0.16961815834899446 0.50463877406774249 -0.16167882273279718 -0.62745920758914664 -0.097148374833731357 0.53098378856393103 -1.5805182122999391 -0.04284393836503711 -0.014639409000079345 0.45503582125943592 -0.18138723887592356 -0.9213173686202647 -0.25564415695871168 0.5780639293071248 -0.13388996168419687
leaf_weight=5569 1407 2662 2034 6308 19062 4284 4713 4665 9042 7975 57416 12688 3770 1252 1850 3688 19169 4503 9750 6983 3450 4843 6366 30553 2770 1365 14913 50412 5131 5806 8990 10423 18389 5702 7646 1764 2644 1429 3173 2110 3077 3333 7539 1241 3850 3920 29115 1089 18918 1296 6756 12356 3267 5522 1235 15631 7930 3755 16293 7627 16971 1538 2932
leaf_count=5569 1407 2662 2034 6308 19062 4284 4713 4665 9042 7975 57416 12688 3770 1252 1850 3688 19169 4503 9750 6983 3450 4843 6366 30553 2770 1365 14913 50412 5131 5806 8990 10423 18389 5702 7646 1764 2644 1429 3173 2110 3077 3333 7539 1241 3850 3920 29115 1089 18918 1296 6756 12356 3267 5522 1235 15631 7930 3755 16293 7627 16971 1538 2932
internal_value=-0.000292284 -0.00223755 0.000698431 0.00141841 0.000325885 -0.00373086 -0.0031096 -0.000419034 0.0012139 -0.000580704 -0.00141102 -0.00169764 -0.00375762 -0.00470862 -0.00405007 -0.00200026 -0.000337342 0.00394708 -0.00287998 -0.0103998 0.0021514 -0.0024342 -0.000855222 -0.00292924 -0.000555773 -0.0074527 0.00252911 0.00168274 0.00652862 0.00746098 0.0094062 0.00509901 0.00378594 0.00579108 -0.00173785 0.00187657 0.00707804 0.0058172 0.0036299 -0.00177572 0.00116991 -0.00439763 -0.00469153 -0.0055732 0.00511223 -0.00121061 0.00323785 -0.00272531 -0.00302791 0.000535276 -0.0023224 -0.00627173 0.00196584 0.00783293 -3.84615e-05 -0.00159378 6.46207e-05 0.0025567 -0.00285992 -0.00973927 -0.00598971 -0.00392405 0.00110738
internal_weight=551860 186219 365641 54004 343680 132215 120948 256841 97063 57172 159778 153684 17724 76705 67826 42757 44243 36280 96268 11267 20231 24012 11079 51020 20467 16806 86839 65325 21961 19927 14121 21514 39891 9152 13954 21502 4408 6094 14415 17697 8334 9363 39971 32432 5257 6030 33618 39069 37980 17094 8052 14956 11242 11091 2600 56297 24373 11685 31924 8879 31191 14220 4470
internal_count=551860 186219 365641 54004 343680 132215 120948 256841 97063 57172 159778 153684 17724 76705 67826 42757 44243 36280 96268 11267 20231 24012 11079 51020 20467 16806 86839 65325 21961 19927 14121 21514 39891 9152 13954 21502 4408 6094 14415 17697 8334 9363 39971 32432 5257 6030 33618 39069 37980 17094 8052 14956 11242 11091 2600 56297 24373 11685 31924 8879 31191 14220 4470
is_linear=0
shrinkage=0.05


Tree=38
num_leaves=64
num_cat=0
split_feature=0 36 0 12 37 41 5 31 38 39 36 23 5 0 16 29 33 37 6 0 0 11 11 43 23 38 36 38 8 13 27 13 23 14 27 13 16 13 0 9 7 11 22 17 13 25 44 22 11 8 29 11 14 22 41 15 11 0 43 23 37 30 22
split_gain=391.676 381.938 286.724 296.672 273.959 213.032 206.26 147.375 135.387 128.184 124.474 113.584 108.962 104.033 103.648 102.876 96.7768 90.5057 88.9292 89.7579 85.9521 84.3025 78.9646 83.9416 77.1314 80.689 106.371 74.1255 72.4235 67.6433 66.1402 65.7257 64.9361 64.1182 68.3128 62.5284 101.84 58.1294 57.3623 56.6478 71.5101 50.4258 55.3359 50.1907 49.4896 49.1432 51.802 48.9175 47.9327 46.7077 46.4175 45.9295 57.4665 45.7657 44.8856 62.1129 44.2038 43.7674 43.6584 52.8097 71.1633 46.0294 58.8857
threshold=30.950000000000003 86.250000000000014 92.02500000000002 -0.3794095225512602 53.500000000000007 10292.250000000002 36.525000000000006 -4.584186983966692 38.150000000000013 0.25000000000000006 196.25000000000003 34.850000000000001 116.25000000000001 458.25000000000006 21.933959198780077 4.1094341318104926 10.750000000000002 10.500000000000002 33.270833333333343 7.1350000000000007 292.25000000000006 -0.9159756150367534 -0.60355339059327362 62.500000000000007 14.350000000000003 24.850000000000005 217.50000000000003 31.250000000000004 -25.984999999999992 4.5000000000000009 58.050000000000004 3.5000000000000004 23.850000000000005 9.5000000000000018 34.650000000000013 4.5000000000000009 15.31777207645654 4.5000000000000009 327.25000000000006 65.550000000000011 27.948958333333341 0.12940952255126045 13.500000000000002 1.4307820134296534 2.5000000000000004 983.35000000000002 -6550.7499999999991 29.500000000000004 -1.0000000180025095e-35 3.0000000000000013 0.30461949093580026 -0.60355339059327362 5.5000000000000009 6.5000000000000009 7577.2500000000009 1.0000000180025095e-35 -0.37940952255126065 378.75000000000006 -28.124999999999996 13.450000000000001 77.500000000000014 4.5000000000000009 57.500000000000007
decision_type=2 2 2 2 2 2 10 2 2 2 2 2 10 2 2 2 2 2 8 2 2 2 2 2 2 2 2 2 8 2 10 2 2 2 8 2 2 2 2 8 10 2 2 2 2 2 2 2 2 8 2 2 2 2 2 2 2 2 2 2 2 2 2
left_child=6 13 4 16 5 7 18 31 30 11 15 12 33 14 21 -8 50 53 19 -1 24 -2 -9 -24 -5 26 32 -12 -23 -13 -7 51 37 34 -6 -19 -37 -26 43 45 -41 42 -32 -18 -11 46 -21 -16 -17 -31 57 52 -3 -10 55 -36 -39 -4 59 -30 -61 62 -60
right_child=1 2 3 20 9 8 10 22 17 44 27 29 -14 -15 47 48 38 35 -20 39 -22 28 23 -25 25 -27 -28 -29 58 49 41 -33 -34 -35 54 36 -38 56 -40 40 -42 -43 -44 -45 -46 -47 -48 -49 -50 -51 -52 -53 -54 -55 -56 -57 -58 -59 61 60 -62 -63 -64
leaf_value=0.1854594922400731 -0.24778815292644651 -0.17648428930923032 0.51472107808266399 -0.12414832293973294 -0.014621730023426462 -0.06671044278129494 0.23705915839700939 -0.096059282002162405 0.23514535365013398 -0.12017158202171241 0.020893192916658213 -0.52945198313644881 0.42464729320524619 -4.4855507662867415 -0.32113131565398928 0.3681294514884238 -0.16731934492174327 0.26968651005504257 0.13131840554086355 0.19989861424358388 -5.5582477048154617 0.64399511992439862 0.34187768921792738 -0.048850887867128101 -0.87951298400794331 -0.49141944587794673 -1.3757034796100982 0.2242568668137368 1.3069570702091609 0.24807270856217967 0.14441768775023986 0.6161574676569308 -1.8130640360789625 0.78435537052481363 -0.088104440881526663 -0.22772247442054311 0.62106710983681701 -1.0464452118128857 -4.7038707277925349 -0.069431655476905871 0.030092193920618151 -0.036329918037037244 -0.47437107100375564 -0.63886633838155837 -0.35970007062089276 -0.067929902658877772 0.020140985276653069 1.6801015063854772 1.4838243464518142 -0.36528433304430863 -0.29694308099294303 0.39711179553415532 0.64951950421983984 -0.34576230248221979 -0.20517518820174807 -0.41189373787371553 1.2251605309360662 -3.4991901858578012 0.73652610333494639 0.29023427275503028 -0.12105904630847074 -0.28866129015202463 0.0066596998405279778
leaf_weight=6455 10251 2851 12357 4510 29355 31027 9726 11761 793 3808 17814 3686 4814 2388 656 1697 13173 8114 18117 8280 3285 16411 14451 8033 5581 14832 4791 11079 3026 1034 648 7351 1992 959 39754 2748 821 509 1581 28966 16465 2838 6345 5859 9117 8474 33525 3929 3468 1292 4443 4029 994 2338 16281 2972 976 1181 3657 18034 7455 8173 20530
leaf_count=6455 10251 2851 12357 4510 29355 31027 9726 11761 793 3808 17814 3686 4814 2388 656 1697 13173 8114 18117 8280 3285 16411 14451 8033 5581 14832 4791 11079 3026 1034 648 7351 1992 959 39754 2748 821 509 1581 28966 16465 2838 6345 5859 9117 8474 33525 3929 3468 1292 4443 4029 994 2338 16281 2972 976 1181 3657 18034 7455 8173 20530
internal_value=-0.000283677 -0.0011501 -0.00204085 -0.00470627 -0.0011239 0.000713321 0.00176423 0.00310087 -0.00140825 -0.00283227 0.00470263 -0.00222748 -0.00180193 0.00161411 0.0018812 0.00841616 -0.00165052 0.00268665 0.000694618 0.000122106 -0.00793947 0.00149737 0.00128121 0.0030177 -0.00717589 -0.00813169 -0.0108762 0.00278874 0.00206247 -0.00889055 -0.00289295 0.00719376 -0.00768934 -0.00219685 -0.00233641 0.00470983 -0.000805548 -0.00544155 -0.00398899 -0.000262773 -0.00154245 -0.00646679 -0.00874803 -0.00322877 -0.00751838 0.000893514 0.0015973 0.00920938 0.0141191 -0.0022141 0.00103025 0.00401956 0.000110533 -0.00486266 -0.00331698 -0.00246571 0.00335017 0.0024856 0.00126776 0.0026942 0.0019528 1.08158e-05 0.001107
internal_weight=551860 387794 293284 75070 218214 105142 164066 49470 55672 113072 43784 100147 94135 94510 92122 14891 38594 14814 120282 102165 36476 87537 34245 22484 33191 28681 13849 28893 77286 6012 40858 15225 9058 89321 88362 11683 3569 7066 20613 95710 45431 9831 6993 19032 12925 50279 41805 4585 5165 2326 17981 7874 3845 3131 59007 42726 1485 13538 60875 28515 25489 32360 24187
internal_count=551860 387794 293284 75070 218214 105142 164066 49470 55672 113072 43784 100147 94135 94510 92122 14891 38594 14814 120282 102165 36476 87537 34245 22484 33191 28681 13849 28893 77286 6012 40858 15225 9058 89321 88362 11683 3569 7066 20613 95710 45431 9831 6993 19032 12925 50279 41805 4585 5165 2326 17981 7874 3845 3131 59007 42726 1485 13538 60875 28515 25489 32360 24187
is_linear=0
shrinkage=0.05


Tree=39
num_leaves=64
num_cat=0
split_feature=0 14 5 0 27 23 27 28 14 37 39 36 38 37 0 44 14 27 0 11 23 37 42 15 14 36 9 25 22 0 44 17 15 38 32 36 0 38 11 13 29 31 23 35 13 17 16 26 0 31 40 37 11 11 23 11 43 27 7 19 16 13 23
split_gain=369.833 375.18 322.019 229.838 217.961 190.379 187.305 182.856 168.761 151.279 135.135 125.396 161.133 120.295 106.822 101.296 91.826 88.3769 86.8866 94.9298 84.7387 82.5918 81.249 79.9976 79.1665 78.7295 73.9064 72.5888 71.6164 70.4715 70.2202 67.1334 65.1583 64.3853 63.7346 66.5823 63.5319 62.5158 61.9611 61.0089 58.82 58.6259 58.3429 57.9482 57.6515 57.2371 57.1481 54.4064 57.1054 53.1736 61.6834 51.374 51.025 50.9032 50.0857 48.7463 48.7211 48.1198 44.6229 43.4662 43.183 43.1464 64.6842
threshold=75.925000000000026 9.5000000000000018 110.10000000000001 303.25000000000006 24.350000000000005 18.450000000000003 141.25000000000003 15.320000000000002 9.5000000000000018 53.500000000000007 0.25000000000000006 427.50000000000006 36.850000000000001 49.500000000000007 200.25000000000003 6455.5000000000009 3.5000000000000004 54.550000000000004 27.950000000000003 -1.0000000180025095e-35 17.450000000000003 8.5000000000000018 -10.049999999999995 1.0000000180025095e-35 6.5000000000000009 196.25000000000003 39.050000000000004 986.1500000000002 59.500000000000007 23.650000000000006 4480.2500000000009 9.6396682892465133 1.0000000180025095e-35 24.750000000000004 -15.259380631152551 305.62500000000006 175.25000000000003 27.850000000000005 -0.60355339059327362 2.5000000000000004 68.342061408448188 -9.5822628664674117 26.350000000000005 0.64942331933852337 2.5000000000000004 8.8046846850156033 5.7744898933964146 11328.250000000002 166.25000000000003 8.3156905719503325 990.55000000000007 93.500000000000014 -0.70710678118654735 -0.78656609248549292 26.850000000000005 1.0000000180025095e-35 42.500000000000007 46.550000000000004 170.00208333333339 -0.55191596924288666 7.186830382490224 4.5000000000000009 21.450000000000003
decision_type=2 2 10 2 8 2 10 2 2 2 2 2 2 2 2 2 2 8 2 2 2 2 2 2 2 2 8 2 2 2 2 2 2 2 2 2 2 2 2 2 2 2 2 2 2 2 2 2 2 2 2 2 2 2 2 2 2 10 8 2 2 2 2
left_child=2 5 4 22 24 14 9 8 10 15 11 13 18 17 30 28 60 38 -13 57 -15 -14 59 29 25 52 -26 -5 47 -22 31 53 43 -17 -4 -36 -8 44 -6 45 -30 -21 -39 -18 -31 -12 -16 48 -7 -24 -51 -41 -1 -2 -25 -49 -29 -20 -32 -3 -9 -46 -63
right_child=1 3 34 27 7 6 36 16 -10 -11 39 12 21 20 46 33 32 -19 19 41 23 -23 49 54 26 -27 -28 56 40 37 58 -33 -34 -35 35 -37 -38 42 -40 51 -42 -43 -44 -45 61 -47 -48 55 -50 50 -52 -53 -54 -55 -56 -57 -58 -59 -60 -61 -62 62 -64
leaf_value=0.068693323574747098 -0.4309594431033168 2.3065778615039902 -0.09024661153940064 -4.3726176908413796 0.13328036090533599 0.15100908440800931 -0.8081921593509187 -0.080042769377433667 0.66619485822367841 -0.60757383574294366 -0.1053277351801218 -0.010780982324267052 -0.26342906264078519 0.36443789490702994 -2.314761439827469 -1.1434199867284029 -0.018720644212492445 0.066649403434332372 -0.14446099424758066 -0.16361514134624255 0.067889893891536587 0.13557950175673847 0.50501431409643549 -0.063510461314032415 0.1445101825783863 0.11144717859666264 0.016771025267676234 -0.367863074101971 -0.40408533095608484 -0.015507240915146625 -0.56586811005760806 -0.97874847503570739 0.73597719638905068 -0.31759853551417977 0.94439398502018335 0.19505826207764931 -3.5203643769574833 0.39281156979332654 0.67062599787870303 -0.14779386227945832 -1.7922748465116507 0.0009390735188267871 -0.0062787305591541004 0.39005447402424193 -0.28665999725195779 0.33927727487682241 -0.15560841424275937 -0.6266155031102919 -0.86840756601334523 -0.38375849100706905 0.57011779633421045 -0.34418489988089895 0.89551037616379503 0.49250922856636542 -0.47966815042758376 0.042469032384712828 -3.0684925916215309 -0.3210270107617017 1.7895771698774501 0.24177764992652337 0.78894147526760039 0.5451042729429334 -0.1314553794734182
leaf_weight=1255 2461 3222 1770 2281 4986 19401 6610 489 5565 27053 5312 32078 1583 6621 4026 2484 9645 17728 23647 10820 19979 16299 24982 1946 17236 17732 48968 6013 2397 16078 2032 1337 1548 6782 9617 3729 2798 2246 5838 8417 924 20001 31157 3034 9376 1098 3055 4453 2663 8101 4107 4693 4074 14897 2342 3102 2080 11992 243 1448 3120 1406 9483
leaf_count=1255 2461 3222 1770 2281 4986 19401 6610 489 5565 27053 5312 32078 1583 6621 4026 2484 9645 17728 23647 10820 19979 16299 24982 1946 17236 17732 48968 6013 2397 16078 2032 1337 1548 6782 9617 3729 2798 2246 5838 8417 924 20001 31157 3034 9376 1098 3055 4453 2663 8101 4107 4693 4074 14897 2342 3102 2080 11992 243 1448 3120 1406 9483
internal_value=-0.000278875 -0.00231391 0.000544402 0.00115825 0.000258079 -0.00401338 -0.00527445 -0.000409927 -0.000733031 -0.00437524 -0.000913905 -0.000595669 -0.00178578 0.000476832 -0.00047681 -0.00250438 0.00449372 0.00334127 -0.00257819 -0.00360969 -0.000335871 0.00258081 0.00280936 -0.000720911 0.00241724 0.00494016 0.00153843 -0.00550414 -0.00120522 -0.000402062 0.00131617 0.00232549 0.00268679 -0.00712281 0.00770045 0.00888281 -0.0118941 -0.00115204 0.00690133 -0.00491803 -0.00816772 -0.00157766 0.000409394 0.00150446 -0.00258716 -0.000920437 -0.00578661 -0.000424559 0.000829405 0.00202877 -0.000675786 -0.00687262 0.0102693 0.00315705 -0.00739272 -0.0040867 -0.0032837 -0.00536701 -0.00697802 0.0090257 0.0116168 -0.00436097 -0.00222013
internal_weight=551860 158952 392908 52234 377792 106718 78667 288527 270691 69259 265126 245606 116420 129186 28051 42206 17836 28552 98538 66460 100634 17882 41860 94013 89265 23061 66204 10374 32940 89725 20970 18695 14227 9266 15116 13346 9408 69746 10824 19520 3321 30821 33403 12679 36343 6410 7081 29619 22064 37190 12208 13110 5329 17358 4288 7555 8093 35639 2275 4670 3609 20265 10889
internal_count=551860 158952 392908 52234 377792 106718 78667 288527 270691 69259 265126 245606 116420 129186 28051 42206 17836 28552 98538 66460 100634 17882 41860 94013 89265 23061 66204 10374 32940 89725 20970 18695 14227 9266 15116 13346 9408 69746 10824 19520 3321 30821 33403 12679 36343 6410 7081 29619 22064 37190 12208 13110 5329 17358 4288 7555 8093 35639 2275 4670 3609 20265 10889
is_linear=0
shrinkage=0.05


Tree=40
num_leaves=64
num_cat=0
split_feature=0 36 0 14 39 5 25 28 0 5 36 27 23 38 23 0 1 23 29 40 13 14 0 1 38 12 44 38 33 27 25 14 36 38 36 37 5 15 42 3 27 41 40 35 21 44 40 25 15 28 16 37 37 23 42 34 35 16 22 4 21 34 15
split_gain=349.058 324.041 269.932 296.084 230.675 214.138 186.775 139.704 124.228 129.907 122.392 119.794 111.089 91.7091 114.074 89.8045 87.0178 87.4727 78.8631 77.8792 76.1974 126.822 72.9893 72.0495 71.4634 91.8927 71.0084 62.8761 61.9114 61.8684 61.7681 60.6781 57.9085 65.1097 57.8833 56.8558 56.1212 55.4496 53.9533 51.5304 51.1064 49.4119 47.8669 45.1068 44.3019 44.2865 42.8284 42.4485 42.3089 42.2873 42.1165 45.7664 41.61 41.2579 40.5418 40.3424 39.7981 54.0412 38.9097 38.1159 38.0578 37.7972 37.2202
threshold=39.95000000000001 52.500000000000007 160.25000000000003 9.5000000000000018 1.0000000180025095e-35 59.525000000000006 984.1500000000002 15.320000000000002 74.325000000000003 114.25000000000001 112.50000000000001 14.550000000000002 18.250000000000004 27.850000000000005 28.350000000000005 378.75000000000006 42.025000000000006 27.850000000000005 27.257759133453188 985.1500000000002 4.5000000000000009 4.5000000000000009 499.50000000000006 77.325000000000017 23.450000000000003 -0.12940952255126037 -6776.2499999999991 19.650000000000002 9.7500000000000018 42.050000000000004 982.45000000000016 5.5000000000000009 417.50000000000006 37.250000000000007 356.87500000000006 56.500000000000007 21.050000000000004 1.0000000180025095e-35 -10.449999999999998 97.02500000000002 196.50000000000003 10644.000000000002 987.35000000000002 0.9426055981926128 1867.5000000000002 5918.2500000000009 979.6500000000002 986.6500000000002 1.0000000180025095e-35 3.8150000000000008 -11.422266713546877 33.500000000000007 10.500000000000002 33.250000000000007 4.0500000000000007 0.034899496702501066 0.30069434954884205 -12.705097661614213 6.5000000000000009 103.02500000000002 287.50000000000006 -0.71322329076259938 1.0000000180025095e-35
decision_type=2 2 2 2 2 10 2 2 2 10 2 8 2 2 2 2 10 2 2 2 2 2 2 10 2 2 2 2 2 8 2 2 2 2 2 2 8 2 2 8 10 2 2 2 2 2 2 2 2 2 2 2 2 2 2 2 2 2 2 8 2 2 2
left_child=5 19 3 4 7 11 40 8 9 23 49 -1 27 14 26 28 17 44 -12 -2 24 41 38 32 25 -14 34 39 -8 -6 37 -23 35 -34 -13 55 -19 58 -21 -10 -4 50 61 -11 -15 56 62 -27 -37 59 51 -22 -35 -26 -32 -3 -30 -58 -9 -7 -28 -5 -38
right_child=1 2 6 42 29 10 15 30 12 43 18 13 20 16 -16 -17 -18 36 -20 22 21 31 -24 -25 53 47 60 -29 45 -31 54 -33 33 52 -36 48 46 -39 -40 -41 -42 -43 -44 -45 -46 -47 -48 -49 -50 -51 -52 -53 -54 -55 -56 -57 57 -59 -60 -61 -62 -63 -64
leaf_value=0.11643689226801786 0.00020828757696143008 -0.015055908780645711 -1.6810549080713297 -0.20266345577424294 -0.16203064473324957 0.45551212651768902 0.20163473300870649 0.66086647185426428 -0.35607504495038339 0.54119468159015083 0.074712512109307919 0.29742267985023302 -0.30134891806793701 0.129305862994989 -0.17549262099570273 -4.8748193802705515 0.16114899888320278 -0.054359666334281367 0.55542799882424954 1.1980255017246912 0.79197283138438102 -0.72457748988257942 -4.3635656501655848 0.11719644768505255 -0.25216431337789791 -1.2783441491441161 -0.0085735929597729136 0.80755608299699011 -0.027280906707502606 -0.452021734829746 0.67635868025112522 -0.0340031685218996 -0.16006539845391582 -0.26925773787464125 -0.16908427570580331 -0.066175336566673848 0.0580422525917791 0.54447233449092813 0.43758611933384944 0.28338698373919541 -5.1017667806036515 -0.25074981056922335 0.84775429557016002 -0.26613996660059386 -0.46652911618133586 -1.4997270012654227 -0.036318457705315943 -0.63792638191687601 -0.44295774031597301 3.7304463109413293 0.72790746247816174 -1.2072491436869346 0.077829305182967101 -0.46725946617007957 -0.035354788827137718 0.28612880913489447 -2.45051037704867 -0.70839587833441764 -0.053250146234175011 1.9421535625799902 -0.10031872169032346 0.45486862532236039 -0.20433600736974658
leaf_weight=24905 22250 11180 6200 3043 7797 3851 6503 629 3694 5773 15009 5628 4482 15814 10107 4183 15411 26870 3573 7463 278 4077 1092 12756 21720 4231 31188 1855 5593 11676 4432 3049 35950 1320 1058 28728 43200 1396 21737 4433 1475 1673 8564 764 214 2801 18260 2560 1818 1289 3934 469 7481 7025 1125 7463 1254 8423 11760 1166 10848 5858 1502
leaf_count=24905 22250 11180 6200 3043 7797 3851 6503 629 3694 5773 15009 5628 4482 15814 10107 4183 15411 26870 3573 7463 278 4077 1092 12756 21720 4231 31188 1855 5593 11676 4432 3049 35950 1320 1058 28728 43200 1396 21737 4433 1475 1673 8564 764 214 2801 18260 2560 1818 1289 3934 469 7481 7025 1125 7463 1254 8423 11760 1166 10848 5858 1502
internal_value=-0.000278784 -0.00134136 -0.00204185 -0.00141603 -0.00192342 0.00120937 -0.00604414 -0.0014079 -0.00184947 -0.000856862 0.00558904 0.000677666 -0.00362004 0.000228207 -0.00139175 -0.00419463 0.00101405 0.000503023 0.00354644 0.00225058 -0.00452353 -0.00127226 0.00390037 -0.00127606 -0.00561872 -0.00899273 -0.000388941 0.0012222 -0.00304183 -0.0071137 0.00262641 -0.00585181 -0.00175484 -0.00305636 0.00439725 -0.000570758 -0.000104083 0.000832427 0.004375 -0.00067368 -0.0129739 0.00386371 0.00484541 0.00598516 0.00390567 -0.00454734 0.000712334 -0.0126601 -0.00189878 0.011608 0.00649968 -0.0043842 0.000798205 -0.00429553 0.00707666 0.00160516 -0.00348723 -0.00542782 -0.000232061 0.00953259 -0.0011502 0.00227783 0.00154579
internal_weight=551860 321967 269425 232993 215528 229893 36432 196055 176713 113233 24888 205005 63480 180100 58829 28757 121271 105860 18582 52542 53498 13480 30292 106696 40018 11273 48722 9982 24574 19473 19342 7126 93940 44751 6686 49189 89832 13785 29200 8127 7675 6354 17465 6537 16028 18071 62962 6791 30546 6306 4681 747 8801 28745 5557 18643 15270 9677 12389 5017 42036 8901 44702
internal_count=551860 321967 269425 232993 215528 229893 36432 196055 176713 113233 24888 205005 63480 180100 58829 28757 121271 105860 18582 52542 53498 13480 30292 106696 40018 11273 48722 9982 24574 19473 19342 7126 93940 44751 6686 49189 89832 13785 29200 8127 7675 6354 17465 6537 16028 18071 62962 6791 30546 6306 4681 747 8801 28745 5557 18643 15270 9677 12389 5017 42036 8901 44702
is_linear=0
shrinkage=0.05


Tree=41
num_leaves=64
num_cat=0
split_feature=0 41 5 0 14 39 27 0 11 29 11 38 41 16 12 5 22 29 13 35 28 36 38 27 32 39 0 29 27 36 38 41 3 26 30 35 23 43 23 22 23 42 21 14 16 15 22 14 6 5 31 23 15 22 36 22 28 13 38 17 34 13 44
split_gain=323.29 297.042 208.452 193.598 212.733 134.548 124.763 115.762 119.613 113.635 110.63 105.315 130.999 98.4061 91.9537 77.861 76.3356 73.7789 76.5004 72.7693 75.6795 67.8099 93.8162 80.2842 67.1109 63.9227 65.1274 62.6788 82.8772 62.4437 62.3763 59.9586 59.1056 57.9396 57.2135 57.0822 56.1089 63.6658 55.1597 54.7209 53.8492 52.1117 51.6886 50.6674 48.6774 46.6414 46.4931 46.3814 53.4797 45.7606 45.1088 44.9128 44.1349 42.5727 74.8248 42.3197 42.0083 41.5346 41.4762 44.2575 50.7049 41.4315 41.2731
threshold=46.025000000000006 1772.0000000000002 68.325000000000003 178.25000000000003 9.5000000000000018 1.0000000180025095e-35 14.550000000000002 100.90000000000002 -1.0000000180025095e-35 28.63899751774785 -0.9159756150367534 36.850000000000001 9985.7500000000018 14.161056002216833 -0.78656609248549325 30.925000000000004 37.500000000000007 109.0701924861656 2.5000000000000004 -0.46947156278589081 4.8650000000000011 305.62500000000006 38.650000000000013 50.050000000000004 -12.301238371711058 1.0000000180025095e-35 499.50000000000006 3.619773143742564 52.550000000000004 122.50000000000001 27.150000000000002 33465.250000000007 24.725000000000005 27378.500000000004 33.500000000000007 0.66913060635885813 27.450000000000003 -86.249999999999986 13.750000000000002 50.500000000000007 20.750000000000004 9.5500000000000043 472.50000000000006 11.500000000000002 8.1749998030374638 1.0000000180025095e-35 18.500000000000004 9.5000000000000018 164.04166666666671 56.050000000000004 7.6893758342079837 28.250000000000004 1.0000000180025095e-35 22.500000000000004 1467.5000000000002 28.500000000000004 4.3050000000000006 5.5000000000000009 28.150000000000002 7.9111809767249825 0.93663652364155514 4.5000000000000009 4608.2500000000009
decision_type=2 2 10 2 2 2 8 2 2 2 2 2 2 2 2 8 2 2 2 2 2 2 2 10 2 2 2 2 8 2 2 2 8 2 2 2 2 2 2 2 2 2 2 2 2 2 2 2 10 8 2 2 2 2 2 2 2 2 2 2 2 2 2
left_child=2 10 6 4 5 7 -1 8 21 29 47 12 15 17 -5 30 -10 25 56 20 -14 39 23 -23 38 26 32 -17 -29 -4 51 -13 -12 35 -16 58 57 -38 -9 -3 62 49 -7 -15 -22 -39 -25 -2 -49 -18 -35 -8 -24 54 -52 -11 -19 -32 -21 60 -60 -33 -26
right_child=1 3 9 14 -6 42 11 24 16 55 13 31 19 43 34 27 41 18 -20 33 44 22 52 46 40 -27 -28 28 -30 -31 36 61 -34 50 -36 -37 37 45 -40 -41 -42 -43 -44 -45 -46 -47 -48 48 -50 -51 53 -53 -54 -55 -56 -57 -58 -59 59 -61 -62 -63 -64
leaf_value=0.11517552011587109 -0.60239008370480807 0.20951121865211322 0.61109459188686821 -0.56816125190759126 0.40007163229644349 -0.55141613691873581 -0.056554556070284659 0.22858828147502808 0.15787348688732411 0.18004512489606289 -0.2669179889039856 0.28303022011745294 -0.18089625513976854 0.47439110634981835 -1.661740938393875 0.033988762850560315 -0.10935546897951634 -0.80932939519718128 -1.236750903918318 -0.10842917865608129 -0.13008871836218844 -0.17039120782640216 0.13209715112588569 -0.023152837041212938 0.31891274582192441 -0.39419168814464084 -4.6904528833789678 0.33236017443605487 0.033543058989263665 0.068615204121985005 0.15267378660664052 0.093276417049979146 0.18721239145654389 0.075675938634476886 -4.8585193455141233 0.13151846230624553 -0.082920944386378717 0.056280854973618726 -1.0509416572912447 -0.16424819587626627 -0.42289291368353354 -0.24207193033456009 -0.20775244834006867 3.0716311950510375 0.60483808776391357 -0.22544426404711404 -0.49278749805075217 0.26887211704308073 -2.0814453135871531 0.085734834968732354 -0.3006519533957398 -0.2447208420479513 -0.4530802791092951 -0.20146734546073436 0.10836056631961616 1.097859478253665 1.546271956809284 -0.11862476615703071 0.0059980166840873711 0.10886114395667126 -0.14509106507923236 -0.2058803801982439 -0.53456182676277064
leaf_weight=26766 5166 6741 5374 7459 13583 6715 18859 779 16838 1030 5104 7765 9874 13976 11394 54950 14049 235 2398 6775 545 17076 4888 1652 3978 2259 1725 10392 8557 12694 9376 4682 64009 1611 1329 5424 17497 21331 5206 7620 16751 6550 5858 1487 757 1077 11750 4072 1749 17107 820 2895 1019 3887 1675 4186 738 1513 16545 3884 7077 1663 1119
leaf_count=26766 5166 6741 5374 7459 13583 6715 18859 779 16838 1030 5104 7765 9874 13976 11394 54950 14049 235 2398 6775 545 17076 4888 1652 3978 2259 1725 10392 8557 12694 9376 4682 64009 1611 1329 5424 17497 21331 5206 7620 16751 6550 5858 1487 757 1077 11750 4072 1749 17107 820 2895 1019 3887 1675 4186 738 1513 16545 3884 7077 1663 1119
internal_value=-0.000269815 -0.00145204 0.000968992 -0.00268011 -0.00209554 -0.00265347 0.000541335 -0.00218651 -0.00142844 0.0054909 0.000689384 0.000148224 -0.000138929 0.00125611 -0.00729363 0.000661844 0.000197089 0.000520479 -0.00671166 -0.00213082 -0.00576235 -0.00317562 -0.0043239 -0.00544163 -0.00505425 0.000854002 0.00111804 0.00180415 0.00428387 0.00361412 -0.000501737 0.00432672 0.00135756 -0.00127993 -0.00987778 -0.000498048 0.000457731 -0.00041035 -0.0097452 -0.000266346 -0.00376922 -0.00105288 -0.00759763 0.00489394 0.00556836 0.00135443 -0.00833831 -0.00405252 -0.000992098 -0.000200603 -0.00516389 -0.00274202 0.0014432 -0.00705108 -0.00195391 0.0119919 0.00511305 0.00363899 -0.00125215 -0.000389006 -0.00120227 0.00072104 0.000730822
internal_weight=551860 282379 269481 179461 159279 145696 246197 133123 105290 23284 102918 219431 205321 91931 20182 146447 54544 76468 3371 58874 11176 50746 36385 30478 27833 73097 70838 73899 18949 18068 72548 14110 69113 47698 12723 39705 50794 39905 5985 14361 21848 37706 12573 15463 1302 22408 13402 10987 5821 31156 7993 21754 5907 6382 2495 5216 973 10889 34281 27506 23622 6345 5097
internal_count=551860 282379 269481 179461 159279 145696 246197 133123 105290 23284 102918 219431 205321 91931 20182 146447 54544 76468 3371 58874 11176 50746 36385 30478 27833 73097 70838 73899 18949 18068 72548 14110 69113 47698 12723 39705 50794 39905 5985 14361 21848 37706 12573 15463 1302 22408 13402 10987 5821 31156 7993 21754 5907 6382 2495 5216 973 10889 34281 27506 23622 6345 5097
is_linear=0
shrinkage=0.05


Tree=42
num_leaves=64
num_cat=0
split_feature=27 8 33 36 0 39 25 12 0 27 0 20 28 14 35 23 9 31 0 30 29 39 11 5 11 37 36 35 14 14 20 36 37 35 14 19 32 12 38 43 0 26 38 28 44 23 38 26 11 38 14 30 13 19 32 21 36 44 23 13 31 21 22
split_gain=304.573 227.486 183.459 159.453 135.839 104.35 102.416 97.9238 97.5101 95.7242 91.2894 83.6961 81.8857 89.7074 77.5775 111.193 75.9137 75.6442 63.3353 72.0974 63.1359 62.283 72.1087 64.0942 61.9037 60.0496 57.164 91.5887 62.3043 74.0129 88.0255 60.9417 59.4064 61.2038 54.649 54.6484 54.3867 52.512 52.4851 52.3884 58.1685 52.2811 50.523 48.9797 45.9295 75.986 55.2267 45.7914 45.6291 45.5269 50.2211 72.7299 47.0116 45.2154 44.391 43.896 43.7668 42.6563 41.6915 41.5952 41.0775 40.4276 39.941
threshold=57.050000000000004 -32.979999999999997 16.950000000000003 86.250000000000014 151.75000000000003 1.0000000180025095e-35 973.55000000000007 -0.3794095225512602 252.75000000000003 37.050000000000004 342.25000000000006 0.42261826174069955 15.320000000000002 9.5000000000000018 0.54463903501502697 25.450000000000003 31.625000000000004 7.541527985475363 25.950000000000003 13.500000000000002 3.3772538857783778 0.35000000000000003 -1.0000000180025095e-35 33.45000000000001 -0.78656609248549292 65.500000000000014 397.50000000000006 -0.46947156278589081 3.5000000000000004 6.5000000000000009 -0.52247866957162936 3117.5000000000005 15.500000000000002 -0.12186934340514725 3.5000000000000004 -0.3090169943749474 4.1722878787868938 0.37940952255126048 31.250000000000004 42.500000000000007 85.02500000000002 8547.2500000000018 33.550000000000004 0.35000000000000003 4480.2500000000009 18.250000000000004 25.550000000000004 4715.5000000000009 -0.78656609248549292 23.250000000000004 4.5000000000000009 26.500000000000004 2.5000000000000004 0.47714059151611399 6.1200473719676713 2012.5000000000002 1342.5000000000002 9397.0000000000018 29.250000000000004 2.5000000000000004 4.1773769514550283 3642.5000000000005 67.500000000000014
decision_type=10 8 2 2 2 2 2 2 2 8 2 2 2 2 2 2 8 2 2 2 2 2 2 8 2 2 2 2 2 2 2 2 2 2 2 2 2 2 2 2 2 2 2 2 2 2 2 2 2 2 2 2 2 2 2 2 2 2 2 2 2 2 2
left_child=1 18 6 20 5 12 9 -6 11 41 26 16 13 14 15 -5 -8 57 19 -1 48 22 37 60 36 39 32 34 31 61 47 -29 -4 -34 -28 -22 42 38 -18 40 -25 56 -17 -13 45 -16 -47 -31 -2 -26 -51 52 -52 -20 -53 -45 -3 -14 -57 -23 -24 -30 -50
right_child=3 2 10 4 7 -7 8 -9 -10 -11 -12 43 17 -15 44 24 21 -19 53 -21 35 59 23 25 49 -27 27 28 29 30 -32 -33 33 -35 -36 -37 -38 -39 -40 -41 -42 -43 -44 55 -46 46 -48 -49 62 50 51 54 -54 -55 -56 58 -58 -59 -60 -61 -62 -63 -64
leaf_value=0.20445739296307566 -0.28489095362679201 -0.048808114847830049 0.55464235999753153 0.13191617769760375 -0.47740177272681239 -0.36751616718155966 0.18768790432767335 -1.9137281881055728 -1.2751011717086718 -0.15408177129504833 -4.0703581703133338 0.09144886580214201 0.34586073677271545 0.98310880172356441 0.69098425870477775 -0.35480298395416499 -0.1641218812224351 -0.34994913799630356 0.37076473107876196 0.961817956944369 0.14939921055182978 0.0022193092053002018 0.044772576006290699 0.55560380165910894 -0.98924460776344858 0.058590598837702859 0.47940548725086335 -0.17579101179896794 0.055944754330203905 -0.083031599205174098 -0.11390544149573772 0.3329279479673346 0.070824227702063605 -0.095405475292332051 -0.24301123486619036 -0.2916289422315414 -0.65572086583781131 0.058586940603613594 -0.010962977429096266 0.069201360940341419 0.20019888366709077 0.11433864422966469 0.039424434622982667 0.28961546911097819 -0.45075928786766006 -0.59680254414850264 -0.10666574893940935 0.11937967811633753 0.80248897791038276 0.059078818563602753 0.057461527948357731 -0.23667075638882007 -0.18133819728915429 0.024478757407927001 -1.1154266004204467 -0.51379076075659491 0.57125723362088365 -0.2273881784324786 0.069352292609238739 -0.24003243522762446 -0.074031403835132292 0.74559309646267891 0.24910878884686449
leaf_weight=8620 2823 18914 1319 12100 5516 7032 9858 6331 8890 18455 2212 44694 6863 1589 1103 3372 13662 2168 23012 2286 8853 3536 18009 8675 906 23943 576 11144 12526 2328 15627 364 16523 27190 7611 9286 2469 18994 21079 8375 3875 9419 2403 15867 5123 5934 6130 4170 4719 8814 8201 2483 10462 13558 2196 439 523 1050 4265 4274 11053 763 7306
leaf_count=8620 2823 18914 1319 12100 5516 7032 9858 6331 8890 18455 2212 44694 6863 1589 1103 3372 13662 2168 23012 2286 8853 3536 18009 8675 906 23943 576 11144 12526 2328 15627 364 16523 27190 7611 9286 2469 18994 21079 8375 3875 9419 2403 15867 5123 5934 6130 4170 4719 8814 8201 2483 10462 13558 2196 439 523 1050 4265 4274 11053 763 7306
internal_value=-0.00027054 0.000398677 -2.03168e-05 -0.00233229 -0.0033075 -0.00264774 0.000670074 -0.00834177 0.00112489 -0.00143994 -0.00181993 0.00134142 -0.00215436 -0.00273555 -0.00299598 -0.00203348 0.000673453 0.00207073 0.00365658 0.00700073 0.000690424 0.000365197 0.000630361 0.00164345 -0.00326829 0.0028283 -0.001598 -0.00267787 -0.00182644 -0.000787824 -0.00255932 -0.00502259 -0.00027647 -0.000591929 -0.00755771 -0.00128866 -0.00714459 -0.000763469 -0.0019192 0.00478495 0.00682869 0.000358678 -0.00448918 0.00282885 -0.00580645 -0.00424356 -0.00539208 0.00233149 0.00310816 -0.00230174 -0.0019903 -0.00320452 -0.00180705 0.00265928 -0.00877859 0.00484784 -0.00112286 0.0043378 0.000605867 -0.00396927 -0.00018581 0.00216156 0.00445114
internal_weight=551860 416628 369152 135232 102245 90398 266799 11847 219488 47311 102353 210598 83366 73285 71696 53406 145333 10081 47476 10906 32987 135475 127665 73930 41306 44868 100141 55109 46922 35414 22125 11508 45032 43713 8187 18139 8244 53735 34741 20925 12550 28856 5775 65265 18290 13167 12064 6498 14848 33062 32156 23342 18663 36570 4679 20571 19437 7913 4704 7810 29062 13289 12025
internal_count=551860 416628 369152 135232 102245 90398 266799 11847 219488 47311 102353 210598 83366 73285 71696 53406 145333 10081 47476 10906 32987 135475 127665 73930 41306 44868 100141 55109 46922 35414 22125 11508 45032 43713 8187 18139 8244 53735 34741 20925 12550 28856 5775 65265 18290 13167 12064 6498 14848 33062 32156 23342 18663 36570 4679 20571 19437 7913 4704 7810 29062 13289 12025
is_linear=0
shrinkage=0.05


Tree=43
num_leaves=64
num_cat=0
split_feature=8 41 38 28 9 27 8 8 23 25 32 5 27 37 22 23 38 23 2 25 37 13 27 37 31 13 30 23 23 42 13 14 16 38 34 26 16 14 15 32 14 28 30 9 30 13 26 19 27 14 9 19 30 19 44 25 19 38 16 26 36 37 36
split_gain=287.873 231.625 251.495 138.833 135.793 117.914 113.773 111.157 105.691 100.887 95.6846 90.766 84.2923 93.097 82.4201 82.1368 93.9688 78.2348 74.0974 73.2572 68.9084 67.8893 74.1044 67.2005 94.9524 121.064 83.3234 79.763 65.3359 61.1293 60.661 67.2571 60.9462 60.0802 58.6402 66.0019 56.8532 57.4839 56.2309 54.8753 52.4815 63.4549 52.4732 51.4893 49.3972 76.2857 53.4175 48.2152 45.6606 44.8589 44.7698 47.786 44.3074 44.1808 43.6495 43.4646 42.6783 42.483 77.9372 42.4376 40.9163 40.7844 40.5972
threshold=27.815000000000005 2349.2500000000005 26.650000000000002 14.025000000000002 231.25000000000003 32.95000000000001 -47.959999999999987 200.25000000000003 24.950000000000003 985.95000000000016 -6.8886198044003244 126.07500000000002 43.95000000000001 46.500000000000007 31.500000000000004 26.250000000000004 27.950000000000003 26.450000000000003 40.050000000000004 987.85000000000002 17.500000000000004 1.5000000000000002 22.350000000000005 49.500000000000007 1.9705954902745093 3.5000000000000004 34.500000000000007 34.850000000000001 34.250000000000007 2.3500000000000001 4.5000000000000009 4.5000000000000009 -7.9700619724235251 23.250000000000004 0.87878364999916148 13159.000000000002 2.9023244961763983 2.5000000000000004 1.0000000180025095e-35 6.874724795220204 3.5000000000000004 3.6850000000000009 31.500000000000004 65.550000000000011 125.50000000000001 1.5000000000000002 25584.500000000004 0.061046214993534575 177.25000000000003 3.5000000000000004 71.850000000000009 0.79332313182700753 65.500000000000014 -0.55191596924288666 -1489.7499999999998 971.45000000000016 0.89490028524376752 25.150000000000002 -7.5473619290099547 24844.500000000004 727.50000000000011 18.500000000000004 647.50000000000011
decision_type=10 2 2 2 10 8 8 10 2 2 2 10 8 2 2 2 2 2 8 2 2 2 10 2 2 2 2 2 2 2 2 2 2 2 2 2 2 2 2 2 2 2 2 10 2 2 2 2 10 2 8 2 2 2 2 2 2 2 2 2 2 2 2
left_child=1 3 4 6 8 18 50 9 10 20 21 23 13 -8 -5 -15 34 30 43 -6 49 -3 -23 24 25 26 40 -25 -28 47 31 32 -14 -19 35 -17 37 -11 -18 -30 41 -7 -9 -4 46 -46 -26 -16 -22 -2 -1 -52 54 -21 -33 -35 -42 58 -10 -20 -27 -62 -60
right_child=7 2 5 14 19 11 12 42 57 36 -12 -13 17 15 29 16 38 33 59 53 48 22 -24 27 44 60 28 -29 39 -31 -32 52 -34 55 -36 -37 -38 -39 -40 -41 56 -43 -44 -45 45 -47 -48 -49 -50 -51 51 -53 -54 -55 -56 -57 -58 -59 62 -61 61 -63 -64
leaf_value=0.95701096322364831 -0.65366974120356758 0.091731861801986989 0.052984289589582304 0.058591001761555676 -1.0012461884961288 -0.7736275183418031 0.73170142876598521 -3.6719407499694641 -0.41240150379852691 -0.95477243511736243 0.1505352475250602 0.44301591041185306 -0.48136931738620814 0.25503284313396657 1.6482995429146752 -0.15995282182915549 0.11488148944235883 -1.7967318532509104 0.17034851823676514 0.18222289254943214 -0.27605984323262112 -0.045665071622714409 -0.31410889477319071 -0.049582556502048014 -0.039060802572764612 0.55691219494417676 0.14152700631319018 -0.3105570601813506 -0.22089107755888115 -0.51787265392632076 0.31606989588306655 0.57277447642120338 -0.055830258996795834 -0.32686209317931891 0.11722425498935554 0.44279101974546076 0.20806332888431706 -0.094667943636649168 -0.30057509654933273 -0.99961487068044619 0.20276824864113152 0.34321608350199356 -9.78955408759896 -0.030275118549012769 0.65952433172470304 -0.041911252154124362 -0.16999700755105995 0.42736869581235964 -1.710617807752594 0.51839233237920546 0.83473634750100756 -0.076418088486434443 -1.3143144380862291 -0.91916517995395353 0.10549026257787042 -0.059391328606831321 -0.091498908678374347 -0.10223879254239723 -0.20682222854148696 0.0050331933010663299 0.60354403860153549 0.085815502915736142 0.23460346804429988
leaf_weight=1893 279 6257 30696 3295 6010 1073 4544 3107 4792 3151 14444 5824 4289 10632 3967 11673 21199 596 25041 2158 39479 6593 7474 62116 25631 4351 1626 6131 2567 579 17158 4108 16217 2965 4461 894 14207 9476 823 1227 8938 507 762 25722 1489 2778 9301 2603 2042 2200 13046 3884 244 2001 13636 27879 2930 19130 2850 7331 1093 7197 1294
leaf_count=1893 279 6257 30696 3295 6010 1073 4544 3107 4792 3151 14444 5824 4289 10632 3967 11673 21199 596 25041 2158 39479 6593 7474 62116 25631 4351 1626 6131 2567 579 17158 4108 16217 2965 4461 894 14207 9476 823 1227 8938 507 762 25722 1489 2778 9301 2603 2042 2200 13046 3884 244 2001 13636 27879 2930 19130 2850 7331 1093 7197 1294
internal_value=-0.000266009 0.00018584 -0.000635903 0.00166266 -0.00319747 0.000164726 0.00129839 -0.00315215 -0.00232995 -0.00270139 -0.000487517 -0.000715055 0.000811998 0.00235957 0.00724818 0.00173302 0.000672215 -0.000151564 0.00159928 -0.00855787 -0.004175 -0.00269878 -0.00462608 -0.000971358 0.000108899 0.00215256 -0.000384248 -0.00209057 -0.00561808 0.0102637 0.000974808 -0.000127293 -0.00208476 -0.00214536 -0.0021171 -0.00386528 -0.000285086 -0.0027263 0.00282899 -0.00921191 0.00172516 -0.00683544 -0.0114048 0.000505158 -0.00153384 0.00354464 -0.00215419 0.0116362 -0.00465849 0.00392295 0.00495006 0.00413467 0.00210418 -0.00345636 0.00239518 -0.00184153 0.00286485 -0.00461234 -0.00745859 0.00350612 0.00593901 0.00387817 -0.00243726
internal_weight=551860 477157 306572 170585 73003 233569 160141 74703 62834 70834 34768 144779 141318 54226 10444 49682 39050 87092 88790 10169 44000 20324 14067 138955 70708 31509 18868 68247 5420 7149 55652 38494 20506 31440 17028 12567 26834 12627 22022 3794 13448 1580 3869 56418 39199 4267 34932 6570 41521 2479 18823 16930 17988 4159 17744 30844 11868 28066 8936 32372 12641 8290 4144
internal_count=551860 477157 306572 170585 73003 233569 160141 74703 62834 70834 34768 144779 141318 54226 10444 49682 39050 87092 88790 10169 44000 20324 14067 138955 70708 31509 18868 68247 5420 7149 55652 38494 20506 31440 17028 12567 26834 12627 22022 3794 13448 1580 3869 56418 39199 4267 34932 6570 41521 2479 18823 16930 17988 4159 17744 30844 11868 28066 8936 32372 12641 8290 4144
is_linear=0
shrinkage=0.05


Tree=44
num_leaves=64
num_cat=0
split_feature=0 36 0 5 37 31 7 14 0 13 12 39 23 27 0 36 11 16 31 33 38 11 23 5 9 14 33 14 44 38 13 30 14 32 31 30 40 32 34 12 9 16 5 37 34 38 44 27 14 11 0 40 27 8 14 32 20 32 14 33 23 0 15
split_gain=285.295 269.713 259.557 222.767 184.768 163.796 152.473 141.848 134.853 122.86 106.037 99.3818 105.065 94.4121 87.3064 82.3216 80.5151 80.2845 79.2815 77.6869 77.1666 93.2485 76.7019 73.8317 72.2707 71.5248 70.7013 70.6778 69.9162 69.0866 68.8792 64.4155 63.6954 61.918 59.966 59.0599 68.0546 56.6417 55.6498 54.7061 54.0783 53.9725 53.4348 51.4504 49.6935 49.6237 48.2925 48.1138 57.8367 56.3724 47.3153 46.6317 45.4192 45.404 45.2405 44.9082 43.5105 53.8368 43.5102 42.9316 42.3226 42.4339 41.7846
threshold=29.525000000000002 52.500000000000007 122.25000000000001 124.25000000000001 53.500000000000007 6.1215248561035134 39.476630434782614 9.5000000000000018 401.25000000000006 3.5000000000000004 0.78656609248549303 0.25000000000000006 34.850000000000001 203.25000000000003 8.0100000000000016 217.50000000000003 -0.37940952255126065 22.517314958084466 -1.1415955113331102 16.350000000000005 38.350000000000001 0.25881904510252091 15.250000000000002 29.950000000000003 882.75000000000011 3.5000000000000004 22.650000000000002 3.5000000000000004 5576.0000000000018 30.750000000000004 4.5000000000000009 33.500000000000007 5.5000000000000009 -16.278697562079149 12.959661608133862 363.50000000000006 985.1500000000002 -7.9919871205965656 0.92384435400961407 0.78656609248549303 145.25000000000003 -3.934578956497178 63.625000000000007 20.500000000000004 0.78257835753184668 25.850000000000005 13202.750000000002 37.050000000000004 9.5000000000000018 -0.78656609248549292 499.50000000000006 988.95000000000016 48.550000000000004 3.0000000000000013 5.5000000000000009 2.2061757303634275 0.19080899537654503 4.2963961487018452 3.5000000000000004 13.350000000000003 18.850000000000005 67.325000000000003 1.0000000180025095e-35
decision_type=2 2 2 10 2 2 10 2 2 2 2 2 2 10 2 2 2 2 2 2 2 2 2 10 8 2 2 2 2 2 2 2 2 2 2 2 2 2 2 2 8 2 10 2 2 2 2 8 2 2 2 2 8 8 2 2 2 2 2 2 2 2 2
left_child=6 17 3 4 5 9 14 13 37 10 20 12 22 28 -1 42 27 35 25 -18 21 31 -6 24 -16 -11 47 -7 41 -17 -14 -3 -26 -5 -31 36 -2 -9 -28 -20 -21 -4 -8 -33 -27 -13 58 -24 49 62 -38 -43 -47 -32 -12 -29 -45 -58 -23 -46 -51 -62 -49
right_child=1 2 7 33 11 16 15 8 -10 18 54 45 30 -15 23 29 19 -19 39 40 -22 46 26 -25 32 44 38 55 -30 34 53 43 -34 -35 -36 -37 50 -39 -40 -41 -42 51 -44 56 59 52 -48 48 -50 60 -52 -53 -54 -55 -56 -57 57 -59 -60 -61 61 -63 -64
leaf_value=0.16291841301346 -0.027233766981367369 -0.097489251570889585 -1.0182191188857594 -0.25768275557318393 0.3589044672717614 -0.2866580144103032 0.3373991289717379 -0.51385925043999714 -4.7751620418590646 0.7679825977442184 0.20145350835413575 -0.43399849144638702 -0.48510221057988812 -2.7700163009008545 0.00058764265522246036 -0.0025062883865641151 0.14982668759408033 1.5316061742386002 0.051978812352027282 0.046754249620517108 0.21141482033449949 -0.2185534682067384 -0.0062468682667190635 0.066829529227724366 -0.22005237064279398 0.39052608374691189 -0.34407321196129942 -0.024210116365426828 -1.0448810583231427 0.2981443980720867 0.25821796325137031 0.41629282891287556 -0.058697835265575565 0.50178278056182579 -0.0036204045920497085 12.014645629081937 0.49274754417464606 0.24503449743176448 -0.003264023184454823 -1.0468591759942716 -0.23547614645593029 -0.62169898981880434 1.4412327124150419 -0.16112646206988776 -0.041944550668491946 -0.051868057533394275 -0.38296146402415543 -0.20393293583298533 0.61640112180240914 0.24285921483709069 -3.4961594030620007 0.057222429303652692 -0.33176856787271236 -0.32715962382391717 0.66596323257790202 -0.41528473729652798 -0.30098936738511795 -1.1432851582675596 0.2552180670633814 0.29249579366643053 -0.056739858583413752 -0.28580916417529773 -0.6936621610839685
leaf_weight=9932 24999 13393 8227 2055 4076 11929 4692 7803 3104 4363 3998 5168 3985 3029 68864 8862 13993 2958 7500 6478 4805 2126 38363 38762 1363 5970 5833 14834 6018 9715 1045 465 5807 14862 3173 454 28642 13571 2544 556 9280 10772 2504 1899 4638 5844 696 9332 1911 3203 1044 6215 3612 1402 1385 2187 1753 1441 7217 4849 36353 14924 1083
leaf_count=9932 24999 13393 8227 2055 4076 11929 4692 7803 3104 4363 3998 5168 3985 3029 68864 8862 13993 2958 7500 6478 4805 2126 38363 38762 1363 5970 5833 14834 6018 9715 1045 465 5807 14862 3173 454 28642 13571 2544 556 9280 10772 2504 1899 4638 5844 696 9332 1911 3203 1044 6215 3612 1402 1385 2187 1753 1441 7217 4849 36353 14924 1083
internal_value=-0.000257493 -0.000963746 -0.00150159 -0.000870446 -0.0012263 0.000161624 0.00157248 -0.00452468 -0.00161778 0.00185 4.46679e-05 -0.00248489 -0.00202533 -0.00660153 0.000813771 0.00484177 -0.00176701 0.00218471 0.00438729 5.96619e-05 -0.00099349 -0.0019662 -0.00168506 0.000424666 -0.000480706 0.00608729 -0.00192697 -0.00364421 -0.00578413 0.00330805 -0.00824782 -0.00403013 -0.00525802 0.00469203 0.00564479 0.0017542 0.0016051 -0.000203518 -0.00634774 0.000204816 -0.00234801 -0.00462838 0.00947749 -0.00855524 0.00449149 -0.00638334 0.00192997 -0.00157485 -0.00238526 -0.00263772 0.00322374 -0.00301848 -0.00423012 -0.00164487 0.00656233 -0.00157599 -0.0100088 -0.0135723 0.00287649 0.00224254 -0.00199339 -0.00234169 -0.00600816
internal_weight=551860 398186 340089 281350 264433 125755 153674 58739 24478 67054 39178 138678 124054 34261 124728 28946 58701 58097 27876 29751 33795 28990 117622 114796 76034 19820 113546 28950 31232 21750 6432 18951 7170 16917 12888 55139 54685 21374 8377 8056 15758 25214 7196 5558 15457 14624 10039 105169 66806 64895 29686 16987 9456 2447 5383 17021 5093 3194 9343 9487 54480 51277 10415
internal_count=551860 398186 340089 281350 264433 125755 153674 58739 24478 67054 39178 138678 124054 34261 124728 28946 58701 58097 27876 29751 33795 28990 117622 114796 76034 19820 113546 28950 31232 21750 6432 18951 7170 16917 12888 55139 54685 21374 8377 8056 15758 25214 7196 5558 15457 14624 10039 105169 66806 64895 29686 16987 9456 2447 5383 17021 5093 3194 9343 9487 54480 51277 10415
is_linear=0
shrinkage=0.05


Tree=45
num_leaves=64
num_cat=0
split_feature=0 14 5 0 27 0 16 5 37 6 25 35 11 14 16 41 31 0 29 36 32 27 13 38 0 37 32 23 11 23 37 38 5 9 41 23 33 22 43 5 22 14 11 31 32 23 14 27 37 28 31 31 11 43 37 45 31 38 2 41 35 37 16
split_gain=269.963 276.987 215.07 180.523 154.336 146.478 145.892 126.834 99.4965 90.7218 90.4685 141.475 90.1928 85.5787 81.1046 76.9288 69.1174 69.0298 68.0974 67.0932 70.9707 63.4188 63.0193 69.1704 62.2754 67.6661 74.1068 64.3036 59.6763 58.0135 54.2694 53.922 52.9225 61.5025 50.0196 49.2 47.7643 48.541 47.2669 57.4555 46.5549 45.5166 45.279 44.6418 48.9005 44.566 44.4313 53.7019 43.8939 42.0078 43.2476 39.9481 38.9008 44.4161 38.0814 38.0109 37.6758 37.6046 37.0878 37.1452 39.6566 37.3275 36.315
threshold=69.825000000000017 9.5000000000000018 88.02500000000002 401.25000000000006 152.25000000000003 24.725000000000005 -2.1449124423318664 28.925000000000004 94.500000000000014 27.496999999999996 980.35000000000002 -0.36648727148060634 -0.37940952255126065 4.5000000000000009 17.474490361786735 4857.7500000000009 8.3156905719503325 7.1350000000000007 515.9082932769328 305.62500000000006 -14.741815179544437 46.050000000000004 4.5000000000000009 18.450000000000003 130.12500000000003 50.500000000000007 -13.026932094731633 33.850000000000001 -0.78656609248549292 17.250000000000004 51.500000000000007 37.150000000000013 24.450000000000003 768.50000000000011 972.50000000000011 34.850000000000001 17.150000000000002 40.500000000000007 -172.49999999999997 75.050000000000011 33.500000000000007 11.500000000000002 -0.70710678118654735 -8.2993679348990224 -6.6996639568839624 36.250000000000007 5.5000000000000009 55.550000000000004 17.500000000000004 0.62500000000000011 -4.4334294095262221 6.6435127057504939 -0.9159756150367534 -41.249999999999993 8.5000000000000018 1.0000000180025095e-35 -2.8872085257089126 34.850000000000001 76.950000000000017 6253.5000000000009 -0.43049470426488839 77.500000000000014 14.690834875739299
decision_type=2 2 10 2 10 2 2 8 2 8 2 2 2 2 2 2 2 2 2 2 2 10 2 2 2 2 2 2 2 2 2 2 10 8 2 2 2 2 2 8 2 2 2 2 2 2 2 10 2 2 2 2 2 2 2 2 2 2 10 2 2 2 2
left_child=2 4 5 14 6 9 24 58 12 17 49 -12 21 22 16 52 -3 -1 -6 20 -4 31 29 -24 25 26 -2 38 -28 -14 -18 35 33 -19 -5 -9 37 -15 -27 -40 -41 51 -22 44 -17 48 47 -44 -30 -8 -51 -16 -13 -54 -25 -35 -50 -52 59 61 -61 -7 -23
right_child=1 3 19 34 18 7 10 8 -10 -11 11 15 13 36 41 43 30 32 -20 -21 42 62 23 54 -26 27 28 -29 45 -31 -32 -33 -34 55 -36 -37 -38 -39 39 40 -42 -43 46 -45 -46 -47 -48 -49 56 50 57 -53 53 -55 -56 -57 -58 -59 -60 60 -62 -63 -64
leaf_value=0.17394676341013762 -0.8412038318259889 0.41100693609575034 -0.093492829677818357 -0.98867660018251713 -0.78790282206888362 0.014648638256607262 -0.47265432520583295 0.0078853492517806829 -0.22520835507045894 0.14700819453800545 0.44459277955452792 -0.7256886312922769 0.54313424434272461 0.20683589391024548 2.1182271529288035 -1.4278331942405034 -0.63474946794499676 0.00029454057310008831 -5.3658813844754949 0.062956149306048967 0.18717366552252243 -0.15802311501885069 -0.048580326762295206 -0.29560533219595986 -1.0745819660954177 0.11886195443007637 -0.39046351591557055 -0.92288733027769398 1.1610493581923644 0.035668722114617912 0.19365465869510456 0.18768289383482997 0.059242578329138332 0.056691618493655116 -4.9019814393763781 -0.1710600956545254 -0.064590770549458706 0.022850819363340592 -0.53590161362865985 -1.3866926428201936 -0.11750221272507783 3.0923761317768048 1.1341976837566055 -0.24589795713287563 -0.31060176288579427 -0.29630280058057518 0.22004541440244357 0.49064431571902073 0.33127685418517921 0.10076211314887634 -0.90955971577316097 -0.093485096504129284 0.47643362147183138 -0.082014721077766514 0.5264797631351662 -0.12026995758837822 -0.094044106274675104 0.011807633928136864 0.069220448242240232 -0.22589255975223607 -0.089925082171033663 -0.10431358097611219 0.067115088246968088
leaf_weight=7326 1593 31510 2095 2746 10035 13995 7042 37500 6874 23970 11571 2374 3075 7219 1203 1017 5432 39040 1045 7751 3123 22389 2149 286 10687 2861 2770 2170 771 15184 6862 6119 34322 977 2753 5059 14983 41759 8835 678 8055 1615 5837 10779 1846 1339 2492 2837 4269 4193 2112 1416 7536 14565 8200 3671 4461 1484 4945 6902 20961 19748 3447
leaf_count=7326 1593 31510 2095 2746 10035 13995 7042 37500 6874 23970 11571 2374 3075 7219 1203 1017 5432 39040 1045 7751 3123 22389 2149 286 10687 2861 2770 2170 771 15184 6862 6119 34322 977 2753 5059 14983 41759 8835 678 8055 1615 5837 10779 1846 1339 2492 2837 4269 4193 2112 1416 7536 14565 8200 3671 4461 1484 4945 6902 20961 19748 3447
internal_value=-0.00025251 -0.00185771 0.000509372 0.00114827 -0.00315462 0.000194659 -0.00260247 -0.000494406 0.000214786 0.00171262 -0.00104504 -2.21381e-05 0.000456925 0.00149669 0.0021306 -0.00149212 0.00149187 0.000949189 -0.0087861 0.00507458 0.00688782 -0.000838769 0.0037551 0.00681476 -0.00467477 -0.00372203 -0.00114287 -0.0054571 5.14328e-05 0.001973 -0.00168782 0.00022392 0.000513396 -0.000640908 -0.00743317 -0.000407082 0.000476462 0.00123219 -0.00458784 -0.0055584 -0.00268235 0.00873878 0.00814788 -0.00450081 -0.0100506 0.00172509 0.0096364 0.011327 0.00292864 -0.00447205 -0.00194184 0.00466781 0.000184883 0.000838197 0.00884398 -0.00607788 0.00191867 -0.00596496 -0.0023512 -0.00268562 -0.00403672 -0.00156996 -0.002841
internal_weight=551860 177625 374235 53537 124088 350100 113008 240794 174243 109306 64519 49688 167369 92855 48038 38117 43804 85336 11080 24135 16384 74514 28894 10635 48489 37802 15203 22599 13610 18259 12294 48678 78010 43688 5499 42559 63961 48978 20429 17568 8733 4234 14289 13642 2863 10840 11166 8674 9501 14831 7789 2619 24475 22101 8486 4648 8730 3596 66551 61606 27863 33743 25836
internal_count=551860 177625 374235 53537 124088 350100 113008 240794 174243 109306 64519 49688 167369 92855 48038 38117 43804 85336 11080 24135 16384 74514 28894 10635 48489 37802 15203 22599 13610 18259 12294 48678 78010 43688 5499 42559 63961 48978 20429 17568 8733 4234 14289 13642 2863 10840 11166 8674 9501 14831 7789 2619 24475 22101 8486 4648 8730 3596 66551 61606 27863 33743 25836
is_linear=0
shrinkage=0.05


Tree=46
num_leaves=64
num_cat=0
split_feature=0 25 0 5 39 43 27 5 0 11 13 14 29 38 14 28 30 25 14 42 0 14 13 33 5 28 16 43 8 0 27 16 13 44 13 0 3 44 31 15 10 27 37 11 14 13 12 28 23 38 14 14 1 5 6 1 6 14 19 34 25 13 18
split_gain=250.049 258.665 180.23 180.182 149.412 126.53 113.508 95.2406 93.1388 90.0392 79.8146 77.8507 75.2243 71.7337 71.8081 71.2518 70.9584 68.4858 68.1235 67.7169 66.1057 65.6667 85.3233 65.5298 67.166 63.8591 63.723 71.8479 69.2928 59.7216 57.5434 55.8758 65.3968 80.6375 72.1271 55.6879 54.3008 47.8309 46.6916 44.0194 43.1805 42.0132 41.3508 44.316 60.6168 67.0912 54.5964 51.1068 43.5456 42.2851 41.1163 40.8624 42.3585 40.4224 40.3476 40.122 37.9092 37.6414 61.8728 37.0543 43.1563 37.0417 45.1239
threshold=54.525000000000006 984.85000000000002 154.25000000000003 77.225000000000009 1.0000000180025095e-35 27.500000000000004 14.550000000000002 32.550000000000004 283.75000000000006 -0.78656609248549292 3.5000000000000004 5.5000000000000009 0.28305743090441415 36.850000000000001 9.5000000000000018 12.305000000000001 24.500000000000004 971.45000000000016 10.500000000000002 -4.9499999999999993 26.975000000000005 5.5000000000000009 1.0000000180025095e-35 23.050000000000004 67.825000000000003 21.160000000000007 -7.6971695474311286 -177.49999999999997 -53.989999999999988 22.950000000000003 42.050000000000004 -11.271763713937322 3.5000000000000004 6661.7500000000009 1.0000000180025095e-35 83.325000000000003 81.02500000000002 8134.7500000000018 8.4977817612202653 1.0000000180025095e-35 1.0000000180025095e-35 233.25000000000003 95.500000000000014 -1.0000000180025095e-35 4.5000000000000009 4.5000000000000009 0.1294095225512602 1.0550000000000004 17.050000000000004 33.650000000000013 2.5000000000000004 9.5000000000000018 195.25000000000003 56.525000000000006 65.666666666666728 52.525000000000006 34.083333333333364 4.5000000000000009 0.95878322595067733 0.35019404643548463 998.75000000000011 1.0000000180025095e-35 17.050000000000004
decision_type=2 2 2 10 2 2 8 8 2 2 2 2 2 2 2 2 2 2 2 2 2 2 2 2 8 2 2 2 8 2 10 2 2 2 2 2 8 2 2 2 10 10 2 2 2 2 2 2 2 2 2 2 10 8 10 10 8 2 2 2 2 2 2
left_child=3 2 4 6 15 9 61 20 11 51 26 31 18 14 25 16 17 -2 -4 53 40 22 -5 24 57 29 27 -11 -28 -9 -24 -7 34 -34 -33 -26 -21 42 50 -17 -8 -14 43 46 45 48 47 -31 -45 -48 -12 -3 -53 -18 -22 -39 -42 58 -19 -36 -61 62 -1
right_child=1 5 12 21 -6 8 7 13 -10 10 38 -13 41 -15 -16 39 19 23 -20 36 54 -23 30 -25 35 -27 28 -29 -30 37 -32 32 33 -35 59 -37 -38 55 -40 -41 56 -43 -44 44 -46 -47 49 -49 -50 -51 -52 52 -54 -55 -56 -57 -58 -59 -60 60 -62 -63 -64
leaf_value=-0.14275656860550853 -0.43497913945353733 -0.51501751549097674 -0.31082616188938844 2.0350936527544596 -0.46397240368383641 -0.71188748251902667 -0.071433731759644722 0.081440980520795556 -2.3979907817868771 0.46286304516117466 0.2546469158689883 0.29090272270728867 -1.4316180610002627 0.17679384580768132 0.74434137910957254 0.034864303490847105 0.40709764897131129 -0.06577424154586535 -2.8607064975480099 -0.69012915127482821 -0.079752099873072815 0.046818464432937683 0.56702829488012307 -0.38288122808898323 0.17865052782231122 0.28593017497205481 1.5762023041907232 -0.78245978576964637 0.073605339738723741 -0.055003319192390349 0.096276904457707521 0.12569204765345102 0.39652252173489633 -0.26675114470893607 -0.29099875106088646 -0.12300994966902704 -0.14776841455517553 -0.13328176537646846 0.10596924431623078 0.62994386441516237 0.0032040986980518271 -5.9134653321576609 -0.23398997479998804 0.52175541826072769 0.013757486266700881 0.59934680835624299 0.011174072140586928 -0.27648066266399385 -0.05707534813745796 0.67713790774169746 0.9953473536109716 0.44758249538218192 -2.3682629863094102 -0.24665581518777044 0.11484794580564819 0.06643349747017939 0.14722981142317285 -0.19236259532713929 1.1528336939616308 -0.7710300061143649 1.5669618639902048 0.12792145636217697 0.14043284044934287
leaf_weight=2264 4539 6046 5069 1852 8494 2450 6156 23891 5137 1437 5796 10623 5300 12828 1720 14441 1481 5632 1984 8497 57915 7384 7624 5582 15397 4074 3998 4524 24152 14388 5370 3480 6278 3048 7331 14905 4800 9114 7457 1182 54311 1027 3067 1124 29039 3941 20222 3675 3837 1270 12294 4799 1164 1649 3055 2550 6167 23450 859 4567 155 23990 2008
leaf_count=2264 4539 6046 5069 1852 8494 2450 6156 23891 5137 1437 5796 10623 5300 12828 1720 14441 1481 5632 1984 8497 57915 7384 7624 5582 15397 4074 3998 4524 24152 14388 5370 3480 6278 3048 7331 14905 4800 9114 7457 1182 54311 1027 3067 1124 29039 3941 20222 3675 3837 1270 12294 4799 1164 1649 3055 2550 6167 23450 859 4567 155 23990 2008
internal_value=-0.000244174 -0.00146178 -0.00304213 0.000686142 -0.0023808 0.000250139 0.00035426 2.99225e-05 -0.00189173 0.00153732 0.00233246 -0.00103606 -0.00852392 0.000957028 0.000582797 -0.00185229 -0.00241183 -0.00172105 -0.00497306 -0.00537073 -0.00094903 0.00502474 0.00694126 -0.00131143 -0.000831217 0.000437633 0.000749758 -0.00394649 0.00174423 0.000221757 0.00551024 -0.00244883 -0.00173881 0.00157088 -0.00372594 0.000828328 -0.00692825 -0.000355373 0.00444573 0.00125616 0.000139568 -0.0124822 7.78894e-05 0.000303241 0.00152408 0.00513368 -0.000867779 -0.00289404 0.00126487 0.000835194 0.00581813 -0.00241277 0.000524065 0.00124601 -0.00213876 -0.00334791 0.000545653 -0.00251077 0.000858882 -0.00555671 -0.00901101 0.00336494 -0.000924625
internal_weight=551860 239024 124288 312836 110908 114736 290606 262344 43069 71667 59658 37932 13380 134740 121912 102414 86791 70364 7053 16427 127604 22230 14846 65825 60243 120192 34111 5961 28150 116118 12994 27309 24859 9326 15533 30302 13297 92227 25547 15623 66634 6327 80563 77496 37941 8902 39555 18063 4961 21492 18090 12009 5963 3130 60970 11664 60478 29941 6491 12053 4722 28262 4272
internal_count=551860 239024 124288 312836 110908 114736 290606 262344 43069 71667 59658 37932 13380 134740 121912 102414 86791 70364 7053 16427 127604 22230 14846 65825 60243 120192 34111 5961 28150 116118 12994 27309 24859 9326 15533 30302 13297 92227 25547 15623 66634 6327 80563 77496 37941 8902 39555 18063 4961 21492 18090 12009 5963 3130 60970 11664 60478 29941 6491 12053 4722 28262 4272
is_linear=0
shrinkage=0.05


Tree=47
num_leaves=64
num_cat=0
split_feature=0 14 5 0 27 27 16 14 14 13 11 0 25 32 23 37 27 41 13 31 33 8 25 34 36 36 14 26 32 37 31 22 16 40 12 43 26 14 9 9 40 44 29 23 31 13 8 36 8 11 13 13 32 36 27 37 13 16 31 10 0 22 41
split_gain=232.388 244.329 213.999 158.117 140.759 124.212 129.031 110.875 117.537 164.144 138.375 113.29 83.4914 109.888 104.742 81.3845 93.5765 100.126 72.1189 158.961 84.3982 73.0599 71.0882 70.8388 70.4767 108.708 68.6055 82.5601 68.4526 75.6444 67.315 63.8305 63.4112 59.8296 59.3999 58.0147 57.8189 57.7395 57.416 54.9764 54.0599 53.8016 51.188 50.5145 49.8176 53.2335 49.2608 47.4412 47.1713 46.959 45.8027 59.9311 44.9622 54.3966 43.3897 42.2694 41.8771 43.0003 41.3659 40.7575 39.7189 44.3083 39.261
threshold=75.925000000000026 9.5000000000000018 110.10000000000001 427.25000000000006 26.950000000000003 203.25000000000003 -2.1449124423318664 9.5000000000000018 6.5000000000000009 2.5000000000000004 -1.0000000180025095e-35 35.550000000000004 980.85000000000002 -1.0103336092965662e-15 14.350000000000003 69.500000000000014 73.825000000000003 9242.2500000000018 3.5000000000000004 2.6529202321761343 12.550000000000002 3.0000000000000013 971.45000000000016 0.72534675097891099 2002.5000000000002 747.50000000000011 6.5000000000000009 19717.500000000004 -13.971827001444428 53.500000000000007 6.4680659710950605 50.500000000000007 16.795125637698231 990.75000000000011 0.78656609248549303 261.25000000000006 1633.7500000000002 7.5000000000000009 50.050000000000004 51.550000000000004 980.25000000000011 -12684.249999999998 515.9082932769328 17.450000000000003 -10.665568021823754 2.5000000000000004 7.4000000000000004 3032.5000000000005 -65.34999999999998 0.60355339059327384 1.5000000000000002 4.5000000000000009 -15.259380631152551 305.62500000000006 40.95000000000001 74.500000000000014 3.5000000000000004 1.578823896973794 -1.0000000180025095e-35 32.025000000000006 181.25000000000003 67.500000000000014 972.50000000000011
decision_type=2 2 10 2 8 10 2 2 2 2 2 2 2 2 2 2 8 2 2 2 2 8 2 2 2 2 2 2 2 2 2 2 2 2 2 2 2 2 10 10 2 2 2 2 2 2 8 2 10 2 2 2 2 2 8 2 2 2 2 10 2 2 2
left_child=2 5 4 30 26 6 28 8 10 23 18 36 60 14 -14 16 17 22 24 20 47 -21 -12 -10 25 54 27 56 58 34 32 55 -3 -32 -30 -15 -11 49 -28 -17 46 -38 -7 -41 45 -16 -26 -20 -27 -25 -46 -52 -4 -54 -6 -31 57 -1 -2 -60 61 -8 -5
right_child=1 3 52 62 7 42 12 -9 9 11 15 -13 13 35 44 39 -18 -19 19 21 -22 -23 -24 37 40 48 38 -29 29 31 33 -33 -34 -35 -36 -37 41 -39 -40 43 -42 -43 -44 -45 50 -47 -48 -49 -50 -51 51 -53 53 -55 -56 -57 -58 -59 59 -61 -62 -63 -64
leaf_value=0.026024700604880071 -0.05711093866644399 0.40174980419710526 -0.089933781549044106 -1.3877069732567009 0.11574947499575428 -1.1683626962693687 -0.18502684176800521 0.56172621739836937 -0.032568883680308629 0.042874923730457939 -0.38344734371618927 -0.2246764618982284 0.35795506397537696 0.44901927759553151 -1.1142104544755467 0.20409236737275693 0.012145088238563207 0.037552699945310811 -0.015604565444597896 -0.010365218210104256 0.32955761242384174 -0.28977454986182982 0.40621347867544738 0.057278621752547165 0.016169551955945095 0.040121323103272571 0.07655667188336733 -0.010563875826156989 -0.25577705624980995 -0.62784997640351481 -0.33691441971695379 -0.42910694866302035 2.8482178364538613 0.51633584935523369 0.23231425671040318 -0.27015961062953464 0.11973604392805617 0.17902863730037211 -0.0082565000819282749 0.28651038143915492 -0.093937924463886477 -0.085829341044691462 -6.4167722269187113 -0.13451818375958111 0.060295510459270757 0.25232408543560592 0.34360758766269806 0.50564555132482547 -0.28527627257812815 -0.22005605785808502 -0.63385665915305522 0.0570568564055332 0.77897352149909305 0.1367329097825476 -0.11498670036905737 -1.7866495596060048 0.32604668852169505 0.32108832404873078 -0.44319249800928517 -1.3947945932538666 -2.7964114938217874 -0.86513390326790651 -5.3098158193464533
leaf_weight=6411 809 27973 1770 2340 5280 3973 11248 5551 26030 9599 730 25024 8695 13239 1936 3759 21624 13099 11067 9283 10224 6937 19620 3385 3373 1555 34781 8069 11410 3193 11755 16775 2280 5564 4674 2132 2450 11362 42206 2861 3341 24976 750 13706 5641 607 2361 755 11552 1605 9873 3970 9617 3729 21080 1158 10584 3552 1121 2754 956 1804 2322
leaf_count=6411 809 27973 1770 2340 5280 3973 11248 5551 26030 9599 730 25024 8695 13239 1936 3759 21624 13099 11067 9283 10224 6937 19620 3385 3373 1555 34781 8069 11410 3193 11755 16775 2280 5564 4674 2132 2450 11362 42206 2861 3341 24976 750 13706 5641 607 2361 755 11552 1605 9873 3970 9617 3729 21080 1158 10584 3552 1121 2754 956 1804 2322
internal_value=-0.000241184 -0.00185433 0.000411419 0.000947659 0.000178008 -0.00322579 -0.00285872 -0.000423143 -0.000568749 -0.00187708 0.00027357 -0.00351537 -0.00137394 -0.000346582 -0.00207343 0.00184054 0.00283851 0.00449565 -0.00108746 0.000535724 0.00329992 -0.00322133 0.00669042 0.000521448 -0.00236702 -0.00328059 0.00172746 0.00381779 -0.00498878 -0.0042717 0.00180884 -0.00623876 0.00323191 -0.000677002 -0.00168801 0.00310487 -0.00175895 0.00310054 0.000950485 -0.000863426 0.00160606 -0.00292788 -0.0111529 -0.00210207 -0.0039077 -0.0104896 0.0045518 0.00042294 -0.00700198 -0.00138277 -0.00304866 -0.00459619 0.00624504 0.00723812 -0.0014302 -0.0116353 0.0055008 0.00317424 -0.0106853 -0.0128323 -0.00475443 -0.00403386 -0.00783998
internal_weight=551860 158952 392908 52234 377792 106718 101995 272189 266638 104431 162207 62049 60101 46093 30722 75399 55073 33449 86808 38266 22046 16220 20350 42382 48542 39467 105603 28616 41894 37210 47572 21126 30253 17319 16084 15371 37025 16352 76987 20326 9075 27426 4723 16567 22027 2543 5734 11822 13107 4990 19484 13843 15116 13346 26360 4351 20547 9963 4684 3875 14008 13052 4662
internal_count=551860 158952 392908 52234 377792 106718 101995 272189 266638 104431 162207 62049 60101 46093 30722 75399 55073 33449 86808 38266 22046 16220 20350 42382 48542 39467 105603 28616 41894 37210 47572 21126 30253 17319 16084 15371 37025 16352 76987 20326 9075 27426 4723 16567 22027 2543 5734 11822 13107 4990 19484 13843 15116 13346 26360 4351 20547 9963 4684 3875 14008 13052 4662
is_linear=0
shrinkage=0.05


Tree=48
num_leaves=64
num_cat=0
split_feature=0 25 5 0 27 28 14 16 43 41 38 37 0 14 32 9 8 15 11 37 29 12 35 14 27 11 14 3 23 37 11 37 9 25 39 34 14 38 36 38 14 32 23 1 41 14 37 0 14 44 43 31 11 35 34 30 11 15 0 15 32 23 38
split_gain=220.42 237.625 216.175 137.394 136.692 117.65 124.739 112.369 110.983 80.1227 110.3 86.4711 75.3193 74.0646 73.9335 70.3517 65.4667 65.3868 63.1997 63.0519 61.9736 80.9246 56.9878 56.9402 56.8607 52.7631 52.1901 50.5765 49.0815 48.9643 59.4048 49.7722 47.3992 47.0499 46.2537 50.8248 67.6735 51.2455 46.1513 64.9073 52.5676 68.8386 46.1485 45.4531 45.3663 44.8051 69.5759 67.337 48.5181 43.5116 41.9422 41.8744 41.1656 40.535 39.8513 39.5023 39.3187 39.1832 38.4777 37.9517 37.7854 37.5725 46.6336
threshold=84.02500000000002 985.1500000000002 110.10000000000001 292.25000000000006 26.950000000000003 15.320000000000002 9.5000000000000018 -13.16856534889232 46.250000000000007 4929.5000000000009 35.750000000000007 50.500000000000007 378.75000000000006 3.5000000000000004 -15.259380631152551 94.050000000000011 -61.949999999999982 1.0000000180025095e-35 -0.78656609248549292 8.5000000000000018 5.4859570727000166 1.0000000180025095e-35 0.64942331933852337 4.5000000000000009 54.550000000000004 0.78656609248549325 5.5000000000000009 30.525000000000002 17.250000000000004 90.500000000000014 0.12940952255126045 62.500000000000007 36.050000000000004 975.95000000000016 0.45000000000000007 0.078456108245891859 7.5000000000000009 27.150000000000002 747.50000000000011 38.650000000000013 4.5000000000000009 4.2963961487018452 18.450000000000003 32.525000000000006 2592.7500000000005 9.5000000000000018 74.500000000000014 154.25000000000003 10.500000000000002 4608.2500000000009 1697.5000000000002 -17.229535487379277 -1.0000000180025095e-35 -0.46947156278589081 0.21643137258081221 4.5000000000000009 -0.37940952255126065 1.0000000180025095e-35 561.75000000000011 1.0000000180025095e-35 -14.182185927007987 24.950000000000003 25.850000000000005
decision_type=2 2 10 2 8 2 2 2 2 2 2 2 2 2 2 10 8 2 2 2 2 2 2 2 8 2 2 8 2 2 2 2 8 2 2 2 2 2 2 2 2 2 2 8 2 2 2 2 2 2 2 2 2 2 2 2 2 2 2 2 2 2 2
left_child=2 3 4 14 20 6 9 23 16 11 15 24 26 54 -2 53 -9 34 -18 -12 32 55 50 -3 25 -6 49 -26 -16 30 -17 -32 -1 -19 35 42 61 52 -21 40 -40 -42 -13 -34 -4 46 47 -30 -47 -10 56 -43 -38 -11 -7 -22 -15 -41 -20 -28 -46 62 -37
right_child=1 7 44 -5 5 13 -8 8 12 10 19 17 -14 22 28 29 18 33 58 38 21 -23 -24 -25 27 -27 59 -29 45 -31 31 -33 43 -35 -36 36 37 -39 39 57 41 51 -44 -45 60 48 -48 -49 -50 -51 -52 -53 -54 -55 -56 -57 -58 -59 -60 -61 -62 -63 -64
leaf_value=0.11830905720238732 -0.89755552473888123 -1.2368371580598012 0.82815597972513888 -5.3568753238131883 0.20583875363018406 0.12483797633915142 0.52796457049176215 1.3190533176687391 -0.15979331441729872 -0.10730915852488421 -0.24599524019094315 0.18861771283448692 -4.6568309394182208 -0.11167938971917471 0.31822437903732814 -0.16442301392641948 -0.52242262582898291 -0.51110352250844837 0.25522554160040362 0.47644615068525326 0.49350030996352734 0.67568329323508936 0.39928452736375064 -0.17867900720283655 -0.20321169510555104 0.96861254031351829 0.07861338267361917 0.12820828354505825 -0.19333427132160352 -0.34026521755406447 0.037029846164227997 -0.14249367654724762 -0.009502134358337383 -0.11715014672694224 -0.16770615833038724 0.07250823171402794 -0.20965209115523345 0.23423488697730127 0.10447004144549117 0.19166948228618735 -0.013080570877136322 0.11508193554303192 -0.080989483345079188 0.076156775083008735 -0.2357896320499803 0.094373390341223704 -0.8750755931176043 -1.134401069390484 -1.5524124186519579 -0.54523948869270489 -0.49167425823463451 -0.59699277389108896 0.099274210484586234 -0.010761662509167403 0.94137803558861188 0.040346477555923577 0.14784571541058719 -0.13103463650663177 -4.3645033403806917 1.9009787890020178 0.31872138942743561 -0.040441450797835371 0.81190177484955584
leaf_weight=16989 4859 3501 8777 3088 9105 1357 6919 7153 8900 13389 1801 5198 1767 4065 3091 32148 6640 1468 37656 1978 1095 4692 3403 2665 4791 1650 7822 14751 26130 3074 10755 6726 46465 2954 6288 5280 1746 9227 4250 7905 5278 434 33087 27609 1577 7880 4975 4754 1066 5067 637 2126 3902 40320 2279 9630 7329 1357 1080 410 7433 30935 1177
leaf_count=16989 4859 3501 8777 3088 9105 1357 6919 7153 8900 13389 1801 5198 1767 4065 3091 32148 6640 1468 37656 1978 1095 4692 3403 2665 4791 1650 7822 14751 26130 3074 10755 6726 46465 2954 6288 5280 1746 9227 4250 7905 5278 434 33087 27609 1577 7880 4975 4754 1066 5067 637 2126 3902 40320 2279 9630 7329 1357 1080 410 7433 30935 1177
internal_value=-0.00023756 -0.00196384 0.000340868 -0.00448355 9.84026e-05 -0.000465687 -0.000733745 -0.000261611 0.000261782 -0.00090802 -0.00178062 -3.55354e-05 -0.00255779 0.00332984 -0.00388352 -0.00248421 0.00154819 -0.000736703 0.000847364 0.00119881 0.00162988 0.00456152 0.00181742 -0.00675478 0.00230798 0.0052278 -0.00176697 0.000701054 -0.00328733 -0.00378204 -0.00340275 -0.00105686 0.00113356 -0.0066825 -0.0004652 -0.000177246 0.00083657 0.00368908 0.00189472 0.0012178 -0.0011954 -0.00362337 -0.00156132 0.000587251 0.00573312 -0.00370773 -0.00449748 -0.00361352 -0.000542142 -0.0036282 0.000201563 -0.0103516 -6.19688e-05 -0.00121069 0.00974972 0.0021655 0.000899596 0.00436731 0.00161994 0.00139091 0.00324084 -0.000298192 0.00317098
internal_weight=551860 138504 413356 55843 395569 289089 270019 82661 76495 263100 131541 131559 23966 19070 52755 106412 52529 101262 45376 25129 106480 15417 15434 6166 30297 10755 22199 19542 47896 52703 49629 17481 91063 4422 96840 90552 52267 14875 23328 21350 12088 7838 38285 74074 17787 44805 35859 30884 8946 13967 12031 2560 5648 53709 3636 10725 11394 9262 38736 8232 9010 37392 6457
internal_count=551860 138504 413356 55843 395569 289089 270019 82661 76495 263100 131541 131559 23966 19070 52755 106412 52529 101262 45376 25129 106480 15417 15434 6166 30297 10755 22199 19542 47896 52703 49629 17481 91063 4422 96840 90552 52267 14875 23328 21350 12088 7838 38285 74074 17787 44805 35859 30884 8946 13967 12031 2560 5648 53709 3636 10725 11394 9262 38736 8232 9010 37392 6457
is_linear=0
shrinkage=0.05


Tree=49
num_leaves=64
num_cat=0
split_feature=0 36 0 14 7 37 31 13 25 12 11 26 41 14 11 0 30 14 41 37 44 27 13 5 22 29 27 33 13 13 31 27 30 40 22 44 32 22 0 32 17 7 9 34 13 9 44 13 22 9 37 30 11 43 14 16 17 12 36 1 41 30 14
split_gain=212.414 205.108 211.535 181.901 144.529 132.741 170.261 192.851 128.934 125.58 99.4901 96.0518 90.9839 90.8377 82.7114 81.0928 80.3119 79.1219 77.8844 76.5037 81.2639 69.4552 69.2813 65.4745 64.6658 63.4074 77.9076 62.4063 61.5187 63.1628 60.3881 59.5445 59.4323 59.2143 58.6164 91.7449 79.4141 57.9151 56.1888 54.738 62.7246 53.9219 55.4133 53.2273 51.0492 50.0848 49.5934 48.2343 54.7728 47.7472 47.1963 46.7802 45.727 45.5416 44.9504 44.7259 43.9848 43.4926 43.1978 41.3198 41.0618 39.4135 38.5516
threshold=37.025000000000006 46.250000000000007 178.25000000000003 9.5000000000000018 40.075595238095246 55.500000000000007 -1.462181853235123 3.5000000000000004 982.75000000000011 0.60355339059327384 0.25881904510252091 1289.0000000000002 9842.2500000000018 5.5000000000000009 -0.37940952255126065 7.1350000000000007 112.50000000000001 3.5000000000000004 4929.5000000000009 74.500000000000014 -1489.7499999999998 50.550000000000004 1.0000000180025095e-35 37.025000000000006 63.500000000000007 3.3772538857783778 39.550000000000004 9.6500000000000004 4.5000000000000009 1.5000000000000002 13.814260479298996 54.050000000000004 39.500000000000007 985.1500000000002 73.500000000000014 -6776.2499999999991 -1.1410716369843574 42.500000000000007 401.25000000000006 4.7488056157657601 -2.8741953937737406 27.729800724637688 768.50000000000011 0.78257835753184668 2.5000000000000004 146.25000000000003 3023.7500000000005 1.5000000000000002 51.500000000000007 68.15000000000002 36.500000000000007 10.500000000000002 0.78656609248549325 -1302.4999999999998 3.5000000000000004 25.631278645851207 3.1747375747925832 -0.78656609248549325 597.50000000000011 30.050000000000004 2349.2500000000005 277.50000000000006 5.5000000000000009
decision_type=2 2 2 2 10 2 2 2 2 2 2 2 2 2 2 2 2 2 2 2 2 10 2 10 2 2 8 2 2 2 2 10 2 2 2 2 2 2 2 2 2 10 8 2 2 8 2 2 2 10 2 2 2 2 2 2 2 2 2 10 2 2 2
left_child=4 33 3 5 15 6 7 9 -4 32 16 13 25 22 31 -1 21 -9 19 20 52 45 -12 34 30 -6 -27 -10 29 -22 -14 -7 50 61 41 36 -36 -21 -29 -34 -41 42 -17 -19 -39 -8 -31 51 -49 -20 -3 -23 -16 -32 -30 -35 -38 -37 -45 -59 -25 -2 -13
right_child=1 2 8 -5 12 14 10 17 27 -11 11 62 24 -15 18 23 -18 43 49 37 28 47 -24 60 -26 26 -28 38 54 46 53 -33 39 55 35 57 56 44 -40 40 -42 -43 -44 58 -46 -47 -48 48 -50 -51 -52 -53 -54 -55 -56 -57 -58 59 -60 -61 -62 -63 -64
leaf_value=0.16293455661239051 -0.02585977833359028 0.11064720665869719 -2.5167065608791095 0.35794208975656616 0.13825783410216949 -0.15649107724795128 0.016133439485857794 0.79522846487111287 0.022219761038595111 0.27757832505478608 0.28545682864043193 0.19184164983803884 0.14746010805961376 0.70877473261341895 0.15277785101003394 -0.066561814552109327 0.19945036183710699 0.39573187986992353 0.015898318901156474 -1.332946687221221 0.098887709978265514 0.10806214398507362 -0.7021954566912213 0.18265855445179577 -0.1445343905657652 0.73296804571381535 0.22696854602411856 -0.81806936434219224 0.91120335259491747 -0.55897293429970263 -0.24030220101991784 -0.450802405969849 -0.15107159215919685 0.47721981216475506 -0.087784614279762349 0.12068814410809631 0.069801572278152313 0.041869135886645384 -4.8790208931280148 -1.0748168641199283 -0.21028938755393725 0.0017150522449213669 -0.14112197663707599 0.27212021375345119 -0.19727416566486139 -0.20008461922843168 0.17061198553141407 -0.26968871299048497 -0.65342033779436759 -0.19153836829379678 -0.17776720356107428 -0.5606976110171219 0.84321108847051185 -0.0026053063376832333 -0.014590459035436477 3.1094373541727629 0.52430512751441716 -0.035606937515709848 -0.063345419895827246 0.04952133426979706 0.020235980107677645 11.186238184236068 -0.091449545119139747
leaf_weight=7788 20063 5257 4307 20917 15404 22654 11821 5019 6668 7094 925 17369 12009 725 4831 24659 3519 5621 5531 700 4243 2838 4686 12698 3893 5989 6402 16975 1880 4642 779 10030 2765 26799 1943 5380 1991 11504 3033 1286 1033 20832 3312 5871 17569 15060 1058 10272 4125 25090 9836 1765 3256 5765 2247 733 3912 42367 4737 13001 23249 327 3806
leaf_count=7788 20063 5257 4307 20917 15404 22654 11821 5019 6668 7094 925 17369 12009 725 4831 24659 3519 5621 5531 700 4243 2838 4686 12698 3893 5989 6402 16975 1880 4642 779 10030 2765 26799 1943 5380 1991 11504 3033 1286 1033 20832 3312 5871 17569 15060 1058 10272 4125 25090 9836 1765 3256 5765 2247 733 3912 42367 4737 13001 23249 327 3806
internal_value=-0.000234117 -0.00100701 -0.00150368 -0.00104097 0.00101089 -0.00142968 -0.000304154 0.00201519 -0.00541022 -0.000767299 -0.0017673 0.00064247 0.00335234 -0.00475852 -0.00265479 0.000280826 -0.00310931 0.00558641 -0.00181191 -0.000632582 0.00159205 -0.00366764 -0.00691053 2.80415e-05 0.000984585 0.00526444 0.00792712 -0.00411419 -0.000703625 -0.00283365 0.00221393 -0.00478369 -0.00277915 0.00202517 -0.000543668 0.000398723 0.00548687 -0.00228815 -0.0055103 -0.00745476 -0.0131199 -0.00186823 -0.00330253 0.00388964 -0.00194596 -0.0020321 -0.00627193 -0.00598158 -0.00740606 -0.00381193 -0.0012042 -0.00152618 0.00558613 -0.00165037 0.00442816 0.0035377 0.00837286 -0.000258445 0.00180524 -0.00067548 0.00189515 -1.71653e-05 0.00225856
internal_weight=551860 340487 292565 261582 211373 240665 125430 48519 30983 27271 76911 27511 50241 6336 115235 161132 49400 21248 82551 51930 22157 45881 5611 153344 22446 27795 12391 26676 14070 9943 18553 32684 20177 47922 117397 68594 7846 29773 20008 5084 2319 48803 27971 16229 29073 26881 5700 19000 14397 30621 15093 4603 8087 6544 4127 27532 5903 60748 10608 55368 35947 20390 21175
internal_count=551860 340487 292565 261582 211373 240665 125430 48519 30983 27271 76911 27511 50241 6336 115235 161132 49400 21248 82551 51930 22157 45881 5611 153344 22446 27795 12391 26676 14070 9943 18553 32684 20177 47922 117397 68594 7846 29773 20008 5084 2319 48803 27971 16229 29073 26881 5700 19000 14397 30621 15093 4603 8087 6544 4127 27532 5903 60748 10608 55368 35947 20390 21175
is_linear=0
shrinkage=0.05


Tree=50
num_leaves=64
num_cat=0
split_feature=0 14 0 23 5 32 37 25 27 23 32 28 36 14 26 13 42 13 14 38 29 19 13 25 14 14 0 33 9 38 27 14 13 14 32 23 36 27 0 37 37 33 42 29 32 27 40 9 16 38 31 23 38 28 31 40 6 40 13 16 35 14 23
split_gain=201.583 191.163 236.765 148.434 143.631 141.922 130.593 125.047 124.392 85.4726 92.9185 77.9676 70.0509 68.7668 71.6603 66.4753 64.0332 62.5819 92.46 87.4542 71.5471 102.281 67.3505 60.5474 69.538 78.27 59.785 59.5296 58.2469 57.3112 55.383 48.9832 48.534 48.035 57.7961 56.5792 46.5235 46.1321 46.0973 54.9567 45.8821 45.7272 45.1959 46.6916 48.2141 44.2006 43.4844 43.3435 43.2162 43.192 42.6671 43.4953 42.6448 42.4841 42.1527 42.1367 41.3625 41.4326 41.0611 41.8051 40.8691 114.593 40.7209
threshold=240.25000000000003 9.5000000000000018 75.925000000000026 14.350000000000003 96.325000000000003 -13.026932094731633 74.500000000000014 984.05000000000007 30.550000000000004 23.150000000000002 -4.6417181498021733 0.33000000000000007 417.50000000000006 6.5000000000000009 19717.500000000004 1.0000000180025095e-35 -14.199999999999996 2.5000000000000004 6.5000000000000009 25.950000000000003 0.15972197753656125 0.37460659341591218 3.5000000000000004 973.35000000000002 7.5000000000000009 5.5000000000000009 46.025000000000006 8.8500000000000032 39.050000000000004 36.850000000000001 88.050000000000011 2.5000000000000004 1.0000000180025095e-35 6.5000000000000009 -15.259380631152551 34.050000000000004 67.500000000000014 78.550000000000011 53.050000000000004 40.500000000000007 8.5000000000000018 12.450000000000001 -15.449999999999998 5.4859570727000166 -9.4826253041898809 50.550000000000004 979.35000000000002 278.25000000000006 5.4207180025972628 38.550000000000004 -8.2993679348990224 32.350000000000001 32.550000000000004 15.675000000000001 -5.5844670202224682 987.1500000000002 61.400000000000027 980.1500000000002 3.5000000000000004 1.578823896973794 -0.19936034309715203 7.5000000000000009 29.650000000000002
decision_type=2 2 2 2 10 2 2 2 8 2 2 2 2 2 2 2 2 2 2 2 2 2 2 2 2 2 2 2 8 2 8 2 2 2 2 2 2 8 2 2 2 2 2 2 2 10 2 10 2 2 2 2 2 2 2 2 8 2 2 2 2 2 2
left_child=1 2 4 55 8 37 9 -2 13 10 -7 17 30 14 31 -6 -3 23 20 -20 21 -19 49 24 25 -10 50 -9 -15 32 48 -1 41 34 -17 45 -29 -5 -18 -40 -31 -14 -30 -44 -45 -36 -23 -8 -13 -22 -21 -52 -16 -11 -50 -4 57 60 59 -33 61 -25 -34
right_child=7 16 3 5 15 6 47 27 11 53 -12 12 29 28 52 33 38 18 19 26 22 46 -24 56 -26 -27 -28 36 42 40 -32 58 62 -35 35 -37 -38 -39 39 -41 -42 -43 43 44 -46 -47 -48 -49 54 -51 51 -53 -54 -55 -56 -57 -58 -59 -60 -61 -62 -63 -64
leaf_value=-0.19723043319899813 -4.0581142351417601 2.6659787859731758 -0.22412721171591779 -0.29811320042535439 1.1630497811300085 -0.28098956044128071 -0.49600319732385856 0.21307598388272037 0.24148883504835178 -0.25539823774382242 0.42287574268884659 0.080326735987117315 0.14831055049970268 0.094615152943220579 -0.10620856406477089 -0.20790534161386243 0.75262366556088434 -0.078909851688824792 -0.27372094669887997 -0.11592901611806959 -0.2653194382716339 0.40275365056868612 -0.022537818046312854 -0.1080644771422576 0.32601461953898075 -0.18222796637575792 -0.27996279739291619 -0.4691965221855533 0.31483041877182449 -0.17927840558897534 -0.037732584594293364 0.027656350542123675 0.06140920653056095 -0.21169287899879366 0.61292688087195035 -0.21579097373541109 -1.7342351673112504 -0.87221226892720127 -0.11057966236124202 0.45718297158569998 0.11218369621414173 -0.38216767551069941 -0.013730971153235095 -0.066511555982778789 0.78031213461788074 0.18930154681661035 -0.039026637721401247 -1.3820822180558316 0.5699066260324589 0.3929720320131021 0.018064653571319124 -0.13376889109299281 0.073056343244489091 0.029328623375280395 0.20227744084274291 0.59906953666632323 0.16931332099896759 -0.061749284625127646 0.29490741095936474 0.28646580136351407 0.10832186061064773 0.27828287286697523 -0.095201463377959206
leaf_weight=1020 3342 2018 3632 2992 2641 8468 9081 6482 1728 35996 11412 11248 714 19976 4416 2057 2461 6476 6094 12284 7757 4862 28237 10446 1377 10732 8484 6297 1988 2067 10644 8131 7028 1592 7431 1430 8717 8225 8988 28818 11236 2613 69035 625 818 4909 1279 2325 3599 577 16580 4141 6153 8221 8140 8373 8777 19339 12996 4493 12999 3806 13037
leaf_count=1020 3342 2018 3632 2992 2641 8468 9081 6482 1728 35996 11412 11248 714 19976 4416 2057 2461 6476 6094 12284 7757 4862 28237 10446 1377 10732 8484 6297 1988 2067 10644 8131 7028 1592 7431 1430 8717 8225 8988 28818 11236 2613 69035 625 818 4909 1279 2325 3599 577 16580 4141 6153 8221 8140 8373 8777 19339 12996 4493 12999 3806 13037
internal_value=-0.000230131 -2.26746e-05 -0.000303928 -0.00248898 0.000254914 -0.00321033 -0.0024307 -0.00463202 2.91022e-05 -0.0015535 0.00116952 -0.000653721 0.000741547 0.00127361 0.00308863 0.00437438 0.00320149 -0.00124492 -0.00206596 -0.00363733 -0.000545865 0.00270072 -0.00166594 -9.68152e-05 -0.00305521 -0.00423355 -0.00281581 -0.00323316 0.000543043 -0.000769178 0.00238991 0.00447072 -0.00225932 0.00325363 0.00408637 0.00525418 -0.00496204 -0.00845814 0.00276591 0.00233429 0.00185109 -0.00785242 -0.000115916 -0.000325634 0.00857588 0.00634522 0.00732373 -0.00736016 0.00377061 -0.00561555 -0.00185351 -0.000469331 -0.000395023 -0.00277778 0.00589275 0.00272178 0.000642531 4.93668e-05 0.00489852 0.00286755 0.00130546 -0.000543783 -0.00133192
internal_weight=551860 527022 484737 98725 386012 86720 75503 24838 365952 64097 19880 236301 70326 129651 37209 20060 42285 165975 96771 47583 49188 12617 36571 69204 13837 12460 41489 21496 92442 36695 33631 26640 23392 17419 15827 13770 15014 11217 40267 37806 13303 3327 72466 70478 1443 12340 6141 11406 22987 8334 33005 20721 10569 44217 11739 12005 55367 46590 25620 12624 27251 14252 20065
internal_count=551860 527022 484737 98725 386012 86720 75503 24838 365952 64097 19880 236301 70326 129651 37209 20060 42285 165975 96771 47583 49188 12617 36571 69204 13837 12460 41489 21496 92442 36695 33631 26640 23392 17419 15827 13770 15014 11217 40267 37806 13303 3327 72466 70478 1443 12340 6141 11406 22987 8334 33005 20721 10569 44217 11739 12005 55367 46590 25620 12624 27251 14252 20065
is_linear=0
shrinkage=0.05


Tree=51
num_leaves=64
num_cat=0
split_feature=0 14 25 41 38 11 37 27 9 23 14 35 14 22 8 9 27 0 33 39 34 44 19 13 14 13 26 14 34 30 35 13 13 14 0 7 14 35 44 26 14 36 0 30 11 24 16 43 14 26 11 29 27 16 40 38 22 8 33 7 28 9 13
split_gain=190.114 209.369 168.916 158.601 165.824 137.029 161.94 161.663 116.532 109.823 108.754 106.493 124.496 92.8286 90.2867 82.619 82.3089 77.7725 74.3822 73.102 70.0283 100 69.3074 69.2488 66.1527 123.442 106.619 78.5882 65.8778 64.3855 62.0668 63.9418 60.3154 59.9449 54.5883 53.9644 53.4686 75.9196 58.535 53.783 62.9211 52.8328 52.7904 51.4086 55.7767 51.0223 50.8082 56.092 49.792 60.2323 49.0137 46.3612 53.5687 53.6378 46.1741 44.7795 44.0885 43.9477 43.8359 50.9144 43.2985 43.2896 43.0441
threshold=132.25000000000003 10.500000000000002 985.85000000000002 6661.5000000000009 30.750000000000004 -0.78656609248549292 70.500000000000014 61.050000000000004 51.550000000000004 14.550000000000002 6.5000000000000009 -0.43049470426488839 4.5000000000000009 35.500000000000007 -9.4999999999999929 87.850000000000009 260.25000000000006 40.975000000000009 12.350000000000003 0.65000000000000002 0.34202014332566882 185.25000000000014 0.87878364999916148 1.5000000000000002 7.5000000000000009 1.5000000000000002 13159.000000000002 6.5000000000000009 0.16504132135358066 29.500000000000004 -0.034899496702500851 1.5000000000000002 3.5000000000000004 4.5000000000000009 47.050000000000004 28.193333333333339 7.5000000000000009 -0.10452846326765344 -11338.249999999998 1482.7500000000002 8.5000000000000018 46.250000000000007 427.25000000000006 35.500000000000007 0.37940952255126054 1.0000000180025095e-35 -13.494905050439263 145.62500000000003 6.5000000000000009 1733.2500000000002 -0.37940952255126065 643.90685501882865 34.45000000000001 11.166300407983568 981.35000000000002 28.950000000000003 84.500000000000014 -107.64999999999999 14.15 26.354940476190482 15.675000000000001 35.050000000000004 3.5000000000000004
decision_type=2 2 2 2 2 2 2 8 10 2 2 2 2 2 10 10 10 2 2 2 2 2 2 2 2 2 2 2 2 2 2 2 2 2 2 10 2 2 2 2 2 2 2 2 2 2 2 2 2 2 2 2 8 2 2 2 2 8 2 8 2 8 2
left_child=1 3 16 5 15 17 7 10 24 -10 34 12 28 -11 61 22 41 -1 -4 36 21 -9 -5 -23 25 27 48 -8 -6 -25 31 45 60 -34 35 -7 38 39 -15 -38 54 -2 46 -14 -45 -26 -20 -48 -27 -50 -17 52 53 -16 -41 -29 -52 -40 59 -55 -22 -13 -19
right_child=2 -3 18 4 11 6 8 20 9 13 -12 14 43 19 51 50 -18 62 42 -21 32 23 -24 29 30 26 -28 55 -30 -31 -32 -33 33 -35 -36 -37 37 -39 57 40 -42 -43 -44 44 -46 -47 47 -49 49 -51 56 -53 -54 58 -56 -57 -58 -59 -60 -61 -62 -63 -64
leaf_value=0.0044833801815821637 -0.10126129615833296 0.88381514155373964 0.23169752533301172 0.0062617833346211224 -0.10016905744043854 0.12342279446371363 0.17002997202614739 0.12237460381325836 0.77378729423262982 -1.5104927956789416 0.014300227862713122 0.3979030468663497 -0.14426006980339043 0.43219177951331783 0.09418568274951801 -0.27502891505284283 -3.6938808329411481 -0.29962262265496314 -1.2759624965093617 -0.22305524883673522 -0.030087729242535735 0.17868408804440272 -0.10703418184033958 -0.22064502312090384 0.2687217251123144 0.26808882776119625 0.58599857813352274 -0.33277106079688734 0.23400422942729829 -1.0889215588478227 0.033820311457194933 0.12624663833481384 0.58902643150355982 0.029198383598976071 0.28243031093718757 0.56293434765001127 0.26126071588213368 -0.06839877881797167 0.85124545991948652 0.00054028444674259488 0.34054303386993534 -0.84435294176864173 -4.6295769464781058 -0.71970861973238687 0.284229548199885 1.0632587209524256 -0.046176857942904895 -0.87613736141295362 0.14060629230920371 -0.12226387696809611 -0.091220436506079305 0.19369674091563938 -0.058872164637889135 -0.13586362792790227 -0.4500954316632127 0.12301408318301039 -0.25865640175747384 -0.1151344659790111 -0.10070946111603907 0.19168550095123715 0.71453586338113861 0.10620050232148115 -0.074994078408881212
leaf_weight=33088 5183 9629 22642 23862 4151 3128 1953 20801 3302 665 10691 1917 12991 1397 13848 12966 1793 14238 2221 6692 10942 2794 13211 8235 1472 5752 1960 3544 5355 2353 6770 7352 7544 3826 18095 14456 5526 13024 538 8103 3169 17437 2053 1924 351 1864 19128 3590 3668 5807 18869 3644 34967 1051 819 588 4115 37485 4850 2320 1857 24223 10071
leaf_count=33088 5183 9629 22642 23862 4151 3128 1953 20801 3302 665 10691 1917 12991 1397 13848 12966 1793 14238 2221 6692 10942 2794 13211 8235 1472 5752 1960 3544 5355 2353 6770 7352 7544 3826 18095 14456 5526 13024 538 8103 3169 17437 2053 1924 351 1864 19128 3590 3668 5807 18869 3644 34967 1051 819 588 4115 37485 4850 2320 1857 24223 10071
internal_value=-0.000225057 0.000140275 -0.00258248 -9.8252e-06 -0.00115037 0.000732714 0.00128641 0.00272722 4.4051e-05 -0.00105612 0.00493099 6.18324e-05 -0.00282981 -0.001437 0.000886892 -0.00300282 -0.00598759 -0.00144912 -0.000907644 -0.00127585 0.000975973 -0.000480502 -0.00134667 -0.00385219 0.0022244 0.000479117 0.0026459 -0.00564092 0.00166211 -0.00569985 0.00455092 0.00692365 0.00303591 0.00568602 0.00625648 0.00824045 -0.000798947 0.000767762 -0.00201674 0.0029077 0.00104003 -0.0051702 -0.00268042 -0.00562688 -0.0125604 0.0126649 -0.00204599 -0.00134035 0.00123301 -0.000994723 -0.00471071 -0.000171391 -0.000520724 0.00140808 -0.00110962 -0.00954743 -0.00332405 -0.00238606 -0.00179114 0.00258825 0.000681694 0.00334353 -0.0035964
internal_weight=551860 477813 74047 468184 184615 283569 226172 104722 121450 80720 46370 111592 24772 77418 86820 73023 24413 57397 49634 76753 58352 34183 37073 13382 40730 23272 17187 6085 9506 10588 17458 10688 24169 11370 35679 17584 70061 30641 39420 17617 12091 22620 26992 15266 2275 3336 24939 22718 15227 9475 35950 60680 57036 22069 8922 4132 22984 38023 8221 3371 12799 26140 24309
internal_count=551860 477813 74047 468184 184615 283569 226172 104722 121450 80720 46370 111592 24772 77418 86820 73023 24413 57397 49634 76753 58352 34183 37073 13382 40730 23272 17187 6085 9506 10588 17458 10688 24169 11370 35679 17584 70061 30641 39420 17617 12091 22620 26992 15266 2275 3336 24939 22718 15227 9475 35950 60680 57036 22069 8922 4132 22984 38023 8221 3371 12799 26140 24309
is_linear=0
shrinkage=0.05


Tree=52
num_leaves=64
num_cat=0
split_feature=8 33 25 9 8 36 38 9 32 8 11 39 43 38 38 30 41 22 30 20 28 23 12 4 38 32 37 23 38 37 25 37 14 38 23 9 13 34 23 38 16 21 32 30 30 43 13 14 15 18 28 23 32 40 20 40 32 16 23 7 22 13 35
split_gain=174.574 138.955 91.1878 88.7861 84.4163 74.6899 103.6 79.2947 69.8058 69.4629 78.6075 79.1714 67.1549 84.0803 84.064 108.666 76.9125 65.0046 63.4308 57.3332 56.7537 54.5309 52.6845 67.8967 76.8439 48.1047 59.8572 45.8513 63.6852 45.3158 44.1914 44.0894 43.4244 65.2319 56.2815 52.8282 43.0511 60.8554 43.571 71.608 42.7464 41.8414 50.2115 38.9287 38.7036 37.8506 37.1446 87.3698 38.8882 35.7722 35.2781 34.5382 48.0032 73.1371 40.8521 50.775 40.7894 37.1802 34.2952 34.9952 37.7024 36.3217 34.1556
threshold=-25.984999999999992 16.550000000000004 973.1500000000002 98.450000000000017 167.85000000000005 86.250000000000014 32.750000000000007 48.050000000000004 -15.259380631152551 89.65000000000002 -1.0000000180025095e-35 0.65000000000000002 277.50000000000006 25.950000000000003 34.050000000000004 29.500000000000004 11336.250000000002 45.500000000000007 295.50000000000006 -0.47714059151611382 13.075000000000001 34.750000000000007 0.37940952255126048 39.050000000000004 28.750000000000004 1.0797650608505529 14.500000000000002 25.350000000000005 25.950000000000003 75.500000000000014 987.6500000000002 26.500000000000004 8.5000000000000018 38.650000000000013 36.95000000000001 168.25000000000003 3.5000000000000004 -0.18222858652173754 34.250000000000007 34.050000000000004 -3.1188281761079431 487.50000000000006 -15.259380631152551 47.500000000000007 30.500000000000004 207.50000000000003 1.5000000000000002 7.5000000000000009 1.0000000180025095e-35 25.550000000000004 0.71500000000000008 28.350000000000005 6.0215670670235157 973.05000000000007 -0.078456108245891901 978.75000000000011 10.233140353522801 19.067701893198521 11.550000000000002 100.15625 87.500000000000014 5.5000000000000009 -0.38266886095259295
decision_type=8 2 2 10 10 2 2 10 2 10 2 2 2 2 2 2 2 2 2 2 2 2 2 8 2 2 2 2 2 2 2 2 2 2 2 10 2 2 2 2 2 2 2 2 2 2 2 2 2 2 2 2 2 2 2 2 2 2 2 8 2 2 2
left_child=5 2 3 46 12 18 7 -7 -9 10 22 20 14 40 15 16 25 19 -1 -17 -12 29 23 24 -4 26 -3 -27 -29 45 -19 -18 33 35 -35 -25 38 -38 39 62 -14 -16 -43 -11 -6 -10 47 -2 -48 -13 -31 56 53 -53 55 -55 -26 -56 -28 60 61 -60 -24
right_child=1 4 9 -5 44 6 -8 8 21 43 11 49 13 -15 41 17 31 30 -20 -21 -22 -23 36 32 51 27 58 28 -30 50 -32 -33 -34 34 -36 -37 37 -39 -40 -41 -42 42 -44 -45 -46 -47 48 -49 -50 -51 -52 52 -54 54 57 -57 -58 -59 59 -61 -62 -63 -64
leaf_value=0.43189468707787182 -0.15800659815976656 0.57170363229700127 -0.17382416359398964 -0.2224287431478949 -2.7964631967655538 0.16711968096027513 0.31275687604009428 -0.44042338197186459 0.13170897016834626 -0.54696652947576041 0.055084335327076954 -0.19624364301601338 -0.45659046864734965 -0.059349150274529278 0.44638702326196822 0.52679450054959853 -0.2741480338901055 -0.78733025989278682 12.281128133639143 -0.34510996660903459 0.31248462342983885 -0.31984773632421248 0.107039988463311 -0.13530744455566868 0.097558633713955178 0.26867998328699311 0.34551486216340666 -0.19271367382107574 0.040401356661290501 -0.10185101751691289 0.011828948794744899 -0.080635837453979467 0.0056972698947611814 0.62670281499505143 -0.039886328682544742 -0.47109593014217777 -0.072536519063959901 0.2504036118499024 -0.86602162536493532 1.4503471743387959 -0.21151974559277953 0.50856759955005526 -0.00093438388865620949 -2.2560164175366366 -9.0228091467543354 -0.11384912015216618 0.03570012864879215 0.31067116289691926 -0.28236852458055128 0.97111582931163243 -0.60014542101178403 0.35413864796357192 -0.11355155520573693 0.027893620087937498 0.071056613774536537 -0.20685506205182716 0.69143013646632212 -0.12703994869475707 -0.041947555713666596 -0.53665043236106558 -0.13030510214846489 0.31813603438679472 -0.088463263209472925
leaf_weight=23858 7595 1154 6058 14777 1692 15646 8755 3499 16133 8136 130828 4918 3697 28391 1962 901 3650 3830 473 3515 11579 1527 7258 17177 3125 9093 3873 3658 17679 6564 734 14434 9881 1004 3007 6954 5166 11469 636 598 5558 1379 7097 880 496 4777 20302 1513 1023 191 706 2753 4243 4228 15552 2862 538 1345 16911 10399 6071 2742 15410
leaf_count=23858 7595 1154 6058 14777 1692 15646 8755 3499 16133 8136 130828 4918 3697 28391 1962 901 3650 3830 473 3515 11579 1527 7258 17177 3125 9093 3873 3658 17679 6564 734 14434 9881 1004 3007 6954 5166 11469 636 598 5558 1379 7097 880 496 4777 20302 1513 1023 191 706 2753 4243 4228 15552 2862 538 1345 16911 10399 6071 2742 15410
internal_value=-0.000226416 -0.000597759 -1.21493e-05 -0.00209356 -0.00186011 0.00190327 0.000922197 2.4564e-05 -0.00135819 0.000329048 0.000474923 0.00124664 -0.00171474 -0.00353557 -0.00108634 -0.00153785 -0.00101267 -0.00678174 0.00422609 -0.00245697 0.00146604 -0.000571414 -0.000479608 -0.00123369 0.000185485 -0.000276614 -0.00139125 0.00123069 -3.63219e-05 -7.27466e-05 -0.0109663 -0.00392612 -0.00275294 -0.00375418 0.00215034 -0.00473561 0.000984903 0.00293808 -0.000374446 -2.14906e-05 -0.00767423 0.00318069 0.00165762 -0.00398736 -0.0116088 0.00110952 -0.000549568 -0.00322244 0.000592028 -0.00486886 -0.00347318 0.00109392 0.000551109 0.00133508 0.000449202 -0.00273625 0.00568523 0.00178582 -0.00171517 -0.00219459 -0.0012051 -0.0001412 -0.000472031
internal_weight=551860 469922 321006 45210 148916 81938 57607 48852 33206 275796 266780 147516 146728 37646 109082 98644 89664 8980 24331 4416 142407 29707 119264 78727 40704 71580 41150 30430 21337 28180 4564 18084 38023 28142 4011 24131 40537 16635 23902 23266 9255 10438 8476 9016 2188 20910 30433 9108 21325 5109 7270 34646 30983 26740 23987 7090 3663 16897 39996 36123 25724 19653 22668
internal_count=551860 469922 321006 45210 148916 81938 57607 48852 33206 275796 266780 147516 146728 37646 109082 98644 89664 8980 24331 4416 142407 29707 119264 78727 40704 71580 41150 30430 21337 28180 4564 18084 38023 28142 4011 24131 40537 16635 23902 23266 9255 10438 8476 9016 2188 20910 30433 9108 21325 5109 7270 34646 30983 26740 23987 7090 3663 16897 39996 36123 25724 19653 22668
is_linear=0
shrinkage=0.05


Tree=53
num_leaves=64
num_cat=0
split_feature=27 16 11 14 36 41 14 8 38 13 13 44 21 21 24 18 21 22 38 11 8 11 38 22 40 29 15 23 38 38 16 22 23 31 43 30 25 31 9 23 8 30 38 18 14 11 31 31 3 43 23 8 14 35 14 44 28 22 37 38 13 13 35
split_gain=166.231 153.239 122.455 109.083 114.864 104.922 95.3871 84.8339 78.1932 75.7077 74.9472 85.1883 98.3154 91.784 81.0122 78.6409 74.6497 71.1875 68.9505 68.2616 81.2832 66.045 63.6887 61.8133 61.4315 61.3955 106.686 61.15 60.9251 60.1358 112.22 58.8009 76.3098 76.0131 58.6509 57.6329 56.0203 53.1944 53.05 51.3618 56.0809 51.2008 50.0947 84.8448 48.822 76.7372 58.0523 49.9729 47.0044 48.0974 47.1529 46.9295 45.4625 44.223 66.358 47.1632 43.9802 48.7135 52.7877 43.8342 43.2901 56.1036 42.9582
threshold=44.550000000000004 13.99893386609474 -0.78656609248549292 6.5000000000000009 351.25000000000006 1989.2500000000002 11.500000000000002 200.25000000000003 35.550000000000004 3.5000000000000004 3.5000000000000004 -12167.999999999998 267.50000000000006 1522.5000000000002 0.15000000000000005 9.5500000000000025 777.50000000000011 8.5000000000000018 31.650000000000002 0.12940952255126045 -15.499999999999993 -0.78656609248549292 27.650000000000002 96.500000000000014 973.55000000000007 109.0701924861656 1.0000000180025095e-35 35.550000000000004 26.650000000000002 26.250000000000004 -3.4125660924301768 57.500000000000007 17.650000000000002 5.926543088209276 -108.12499999999999 4.5000000000000009 973.55000000000007 12.207406459898644 263.25000000000006 35.550000000000004 29.815000000000005 45.500000000000007 30.650000000000002 9.3500000000000032 7.5000000000000009 0.60355339059327384 7.541527985475363 -17.446533027119244 27.750000000000004 -43.749999999999993 12.250000000000002 -34.794999999999995 7.5000000000000009 0.06104621499353461 7.5000000000000009 -4124.2499999999991 2.1400000000000001 65.500000000000014 85.500000000000014 35.150000000000013 1.5000000000000002 4.5000000000000009 -0.29237170472273682
decision_type=8 2 2 2 2 2 2 10 2 2 2 2 2 2 2 2 2 2 2 2 10 2 2 2 2 2 2 2 2 2 2 2 2 2 2 2 2 2 10 2 8 2 2 2 2 2 2 2 8 2 2 8 2 2 2 2 2 2 2 2 2 2 2
left_child=3 2 -2 4 18 25 31 17 9 27 14 16 62 28 15 22 -12 -7 19 -1 -21 -20 -5 53 -10 36 -27 42 -14 30 38 33 -33 41 -24 -34 -4 -11 -19 40 -31 -3 -6 -44 45 47 -46 -17 -38 50 -50 -45 -25 54 -16 -56 57 58 -51 -41 -35 -62 -13
right_child=1 6 5 10 8 7 -8 -9 24 37 11 12 13 -15 23 44 -18 29 21 20 -22 -23 34 52 -26 26 -28 -29 -30 39 -32 32 35 60 -36 -37 48 -39 -40 59 -42 -43 43 51 46 -47 -48 -49 49 56 -52 -53 -54 -55 55 -57 -58 -59 -60 -61 61 -63 -64
leaf_value=0.04493863505684495 -0.1748843825929193 0.38070812861856324 -0.20108821276508282 -0.074997638326944838 -0.14728366421513261 0.40739738710571871 2.0336450812697504 -4.9458746989881064 0.55032469792852978 0.13725435347120993 0.84370102883447218 0.068505328274516761 -0.27691921280435644 0.3488592237124381 0.076751545461365409 0.24246869791701597 0.060032658089058756 -0.22154067567307917 0.13246284711206241 0.60360847202071444 0.11602517419705799 0.93372888175865865 -0.05802770121684786 -0.26175976681899993 0.080315019849189637 -0.82118756749883848 3.6091124326333972 -0.28610484962934918 -0.088675920129663341 0.016436920646651754 -0.077595934397456851 0.20866223613132898 -0.1191628320468377 0.1556965336668944 0.22917541247779535 -1.6081699638667333 -0.092998420742716803 -0.08628698506792648 -1.099608421028833 -0.31901192044572191 -0.13903694180296605 -0.10449940698927557 -0.2022718331275204 0.77102613721953395 0.061180830908280193 -0.24157845648777201 -0.067790562238373347 -0.059762227399479541 3.3366845269178742 0.47634751059313979 0.2359365399436778 0.078917594742468025 0.096011000608679981 0.038746959120990909 0.8575683903694995 0.23921347858867464 -0.37002921243740905 0.0063496604306358508 -1.9031205131015367 -0.052957133000890444 -0.26502244599195102 0.16827153111138374 -0.054427780337545355
leaf_weight=13554 55090 14028 4835 4211 8363 967 3027 1828 2407 11901 915 12289 4729 1103 4403 848 3354 15308 1861 8828 7283 2855 2920 916 14723 3251 563 2533 23868 55152 29399 8350 5187 4857 10685 1034 11965 3815 3905 5282 20981 2578 2568 935 19584 4752 8936 9324 987 11707 20327 6415 1311 4366 2038 3089 4070 26380 475 9211 6379 2991 10064
leaf_count=13554 55090 14028 4835 4211 8363 967 3027 1828 2407 11901 915 12289 4729 1103 4403 848 3354 15308 1861 8828 7283 2855 2920 916 14723 3251 563 2533 23868 55152 29399 8350 5187 4857 10685 1034 11965 3815 3905 5282 20981 2578 2568 935 19584 4752 8936 9324 987 11707 20327 6415 1311 4366 2038 3089 4070 26380 475 9211 6379 2991 10064
internal_value=-0.000214819 -0.000926044 -0.00137273 0.000843984 0.00221062 -0.000858698 0.00167197 -0.00168887 0.000765002 -0.00054202 -5.59067e-05 -0.00144349 -0.00200037 -0.00388552 0.000954021 0.000124061 0.00534669 -0.00154934 0.00446686 0.00357408 0.00577401 0.0100827 0.00292153 0.00410749 0.00355225 0.000535714 -0.00566335 -0.00251994 -0.00443141 -0.00164323 -0.003062 0.00109902 -0.00151843 0.00233597 0.00458471 -0.0057105 0.000828524 0.0020775 -0.00603368 -0.000882197 -0.000362852 0.00463387 -0.00151113 0.000892317 -0.00102316 -0.00334026 0.000189341 -0.000889697 0.0011609 0.00169909 0.00363845 0.00362585 -0.00362595 0.00534686 0.00725603 0.0111225 0.000729499 0.00125123 0.00386636 -0.00361036 -0.000346173 -0.00233191 0.000504407
internal_weight=551860 330114 281683 221746 88041 226593 48431 142033 53660 36530 133705 56322 52053 29700 77383 61260 4269 140205 34381 29665 16111 4716 17816 16123 17130 84560 3814 20814 28597 139238 48612 45404 14571 30833 13605 6221 80746 15716 19213 90626 76133 16606 18281 9918 43444 14924 28520 10172 75911 63946 21314 7350 2227 13896 9530 5127 42632 38562 12182 14493 14227 9370 22353
internal_count=551860 330114 281683 221746 88041 226593 48431 142033 53660 36530 133705 56322 52053 29700 77383 61260 4269 140205 34381 29665 16111 4716 17816 16123 17130 84560 3814 20814 28597 139238 48612 45404 14571 30833 13605 6221 80746 15716 19213 90626 76133 16606 18281 9918 43444 14924 28520 10172 75911 63946 21314 7350 2227 13896 9530 5127 42632 38562 12182 14493 14227 9370 22353
is_linear=0
shrinkage=0.05


Tree=54
num_leaves=64
num_cat=0
split_feature=0 39 0 14 0 11 7 23 5 14 13 13 36 23 14 19 11 15 13 28 12 22 0 0 22 31 16 14 13 25 5 22 26 13 44 31 25 31 6 21 37 35 27 28 36 40 9 13 14 31 37 7 17 8 31 14 23 13 14 40 17 35 23
split_gain=177.626 154.17 148.209 154.502 158.555 148.747 123.03 112.853 92.001 88.6846 124.045 84.9454 80.9721 76.4181 104.852 73.6723 73.1792 72.4156 78.0007 126.23 72.4136 102.049 70.0204 66.0697 65.9186 70.678 63.815 62.5335 60.8258 77.217 57.1107 55.6648 59.8458 55.3372 73.076 55.1337 54.5404 54.3767 54.0322 53.301 50.726 50.3037 50.1663 55.3065 51.5729 49.7913 47.7478 47.4589 43.8605 43.2062 43.1615 42.199 41.5512 41.1998 41.0671 40.7568 72.7419 38.2936 47.1803 43.5575 38.1217 41.6686 37.7884
threshold=37.025000000000006 1.0000000180025095e-35 401.25000000000006 9.5000000000000018 100.90000000000002 -0.37940952255126065 40.075595238095246 12.550000000000002 126.07500000000002 4.5000000000000009 3.5000000000000004 5.5000000000000009 107.50000000000001 29.750000000000004 5.5000000000000009 -0.88697705852364728 -0.60355339059327362 1.0000000180025095e-35 1.0000000180025095e-35 4.8650000000000011 -0.70710678118654757 87.500000000000014 169.25000000000003 7.1350000000000007 67.500000000000014 13.315245147336716 19.067701893198521 6.5000000000000009 2.5000000000000004 978.45000000000016 28.925000000000004 73.500000000000014 12300.750000000002 4.5000000000000009 10872.500000000002 9.1774782307652885 981.95000000000016 -5.2588788304993344 42.583333333333364 57.500000000000007 82.500000000000014 -0.13917310096006555 53.050000000000004 0.28500000000000009 532.50000000000011 990.25000000000011 768.50000000000011 4.5000000000000009 5.5000000000000009 12.959661608133862 32.500000000000007 24.039583333333336 -10.597624967482988 -58.974999999999994 -9.7347084147769447 3.5000000000000004 17.250000000000004 2.5000000000000004 4.5000000000000009 983.1500000000002 7.1045690058709052 -0.25881904510252068 26.150000000000002
decision_type=2 2 2 2 2 2 10 2 10 2 2 2 2 2 2 2 2 2 2 2 2 2 2 2 2 2 2 2 2 2 10 2 2 2 2 2 2 2 10 2 2 2 10 2 2 2 8 2 2 2 2 8 2 10 2 2 2 2 2 2 2 2 2
left_child=6 2 3 4 5 42 23 39 9 33 17 15 16 14 37 -9 -8 18 19 -11 -20 28 -17 -1 25 53 35 47 38 -30 31 46 -33 55 52 -5 -4 -12 -22 -6 -3 -34 -2 54 -45 -37 -25 -16 -48 -28 -46 -50 -35 -14 -44 56 -7 58 -55 -59 61 -29 -57
right_child=1 40 36 26 7 8 12 11 -10 10 13 -13 24 -15 27 22 -18 -19 20 -21 21 -23 -24 30 -26 -27 49 60 29 -31 -32 32 41 34 -36 45 -38 -39 -40 -41 -42 -43 43 44 50 -47 48 -49 51 -51 -52 -53 -54 57 -56 62 -58 59 -60 -61 -62 -63 -64
leaf_value=0.14553102121745518 -0.04969765983168202 -0.099652162207859885 -11.944614168973546 0.35751044889093603 -0.15978132015563695 0.29591793490928187 0.018455895738612237 -0.11230910359440825 0.48110146688623812 -0.054719442814550059 -0.33526638603464892 0.11424328698101292 0.54315379982546019 -0.019916414490310563 1.307267554205888 -0.41452994921209374 0.97155332797846305 2.5224191055872214 -0.091861218018398916 -1.044185477432104 0.026714190545198559 -0.11822122779368714 -1.5536262545024588 -0.04272366329978923 -0.02763231484703299 -0.0081941205667535929 2.7148507033958178 0.055890600382197619 -0.20848444479991982 0.38307658102398873 0.037842981993743946 -0.0070393091411576018 0.34592671474999154 0.10962463799728024 -0.1209726428421094 -0.41621995050672078 -2.7864329344462178 -1.1507266235537077 0.45863633016525923 1.1545244900366054 -0.31394420124791211 -0.037793772412540963 -0.085295181932965036 0.078172043750382877 -0.053614412182337978 0.37567195754236438 -0.21234507968845329 0.034003460574335544 -0.10478858254360023 -0.010704147592201885 -0.51014473275648664 0.10079374637448089 0.47789025180874989 -0.10810778656622777 -0.37659832456103182 -0.072758902561312386 -0.12407901899041143 0.1212148338259763 0.17371037011598561 0.37559762737854813 -0.51727001613116097 -0.25150867157901857 0.26279437121748561
leaf_weight=7788 46443 10360 639 36340 5452 5332 2032 9830 7773 7409 2322 6212 3491 12994 486 25664 4812 591 6360 917 2283 5186 8830 34517 11681 8793 2485 2804 2621 2887 60590 49090 3381 3644 2365 8225 6418 2310 8945 3528 13014 1862 4899 8093 2837 4429 1415 1754 1405 982 1731 1084 9479 3123 11032 3676 15428 7892 3906 4511 1653 3926 9899
leaf_count=7788 46443 10360 639 36340 5452 5332 2032 9830 7773 7409 2322 6212 3491 12994 486 25664 4812 591 6360 917 2283 5186 8830 34517 11681 8793 2485 2804 2621 2887 60590 49090 3381 3644 2365 8225 6418 2310 8945 3528 13014 1862 4899 8093 2837 4429 1415 1754 1405 982 1731 1084 9479 3123 11032 3676 15428 7892 3906 4511 1653 3926 9899
internal_value=-0.000200232 -0.00090701 -0.000618155 -0.000455079 -0.000958772 -0.000278803 0.00093827 -0.00322182 0.00079118 0.000436146 -0.000773897 -0.00413962 0.00309856 -0.0032718 -0.00567191 -0.00490705 0.00815313 0.00112301 0.000842712 -0.003411 0.00209497 0.00345771 -0.00599525 0.00026469 0.00230143 0.00348405 0.00201817 -0.00293467 0.00535672 0.00105301 3.65192e-05 -0.000743364 0.000286658 0.00202567 0.00450671 0.00155427 -0.00778305 -0.0119495 0.00746794 0.00194321 -0.00482587 0.0053643 -0.00203338 -0.0036811 -0.00121436 -0.00128813 -0.00219997 0.00448661 -0.00744109 0.00857369 -0.00546191 -0.00344516 0.00596472 0.00494591 -0.00564152 0.000906509 -0.000486513 0.00404745 0.00109902 0.00571837 -0.00491769 -0.00324666 0.00303683
internal_weight=551860 340487 317113 310056 257595 198079 211373 59516 123044 115271 65448 50536 50241 28249 15255 44324 6844 37199 36608 8326 28282 21922 34494 161132 43397 31716 52461 10623 16736 5508 153344 92754 54333 49823 15488 48994 7057 4632 11228 8980 23374 5243 75035 28592 12661 12654 38421 2240 3904 3467 4568 2489 13123 22923 15931 34335 20760 19432 7029 12403 8383 6730 13575
internal_count=551860 340487 317113 310056 257595 198079 211373 59516 123044 115271 65448 50536 50241 28249 15255 44324 6844 37199 36608 8326 28282 21922 34494 161132 43397 31716 52461 10623 16736 5508 153344 92754 54333 49823 15488 48994 7057 4632 11228 8980 23374 5243 75035 28592 12661 12654 38421 2240 3904 3467 4568 2489 13123 22923 15931 34335 20760 19432 7029 12403 8383 6730 13575
is_linear=0
shrinkage=0.05


Tree=55
num_leaves=64
num_cat=0
split_feature=0 36 0 8 40 37 32 22 5 11 16 36 38 12 38 28 41 32 27 41 31 44 0 1 22 30 5 29 1 30 40 32 10 37 43 9 31 37 27 29 20 31 13 17 12 10 22 16 18 45 37 33 40 13 5 16 44 30 13 9 29 41 0
split_gain=168.182 145.675 146.223 132.529 102.505 87.0652 98.5651 98.1967 86.0608 78.7506 70.7769 66.0447 79.3412 82.4213 65.7294 65.3352 63.4995 63.3099 61.3253 56.6698 59.6505 84.3426 56.1842 59.682 55.3594 70.0602 53.2136 51.2159 50.9263 49.9474 45.8615 45.6447 45.4482 44.8818 43.1836 42.8931 54.4812 42.5413 41.7741 41.7518 41.1558 38.8701 38.7426 37.6881 37.5675 37.4587 37.3965 37.31 35.9545 35.7051 35.6696 35.603 35.545 34.9597 34.8619 34.2901 34.2 34.1289 33.7963 43.3928 43.2579 33.1616 32.9748
threshold=54.525000000000006 46.250000000000007 359.25000000000006 -58.974999999999994 990.05000000000007 77.500000000000014 -15.259380631152551 47.500000000000007 32.550000000000004 -0.78656609248549292 -4.8000684419659132 86.250000000000014 30.750000000000004 0.60355339059327384 30.050000000000004 3.0550000000000002 9534.7500000000018 -4.7042210004103548 141.25000000000003 6253.5000000000009 -4.584186983966692 -101.24999999999999 24.725000000000005 51.550000000000004 51.500000000000007 41.500000000000007 42.050000000000004 1.0105413039003117 30.050000000000004 6.5000000000000009 985.1500000000002 3.3145880551677291 16.725000000000005 70.500000000000014 322.50000000000006 47.050000000000004 -5.7446769917272293 37.500000000000007 75.850000000000009 100.68547057746612 -0.58068084432175959 15.493006462501365 1.0000000180025095e-35 13.980176688153714 -0.12940952255126037 1.6050000000000002 33.500000000000007 5.2919278554815401 9.0500000000000025 1.5000000000000002 24.500000000000004 22.350000000000005 979.55000000000007 5.5000000000000009 140.75000000000003 -5.7717804557247314 -10868.249999999998 254.50000000000003 1.0000000180025095e-35 44.050000000000004 3.3772538857783778 36821.750000000007 561.75000000000011
decision_type=2 2 2 8 2 2 2 2 10 2 2 2 2 2 2 2 2 2 10 2 2 2 2 10 2 2 8 2 10 2 2 2 10 2 2 10 2 2 8 2 2 2 2 2 2 10 2 2 2 2 2 2 2 2 10 2 2 2 2 10 2 2 2
left_child=3 30 4 58 5 6 14 44 22 -8 -6 15 16 31 34 56 35 27 19 20 33 50 28 -24 55 -26 -21 -12 45 -29 -2 41 -9 42 -3 36 -13 -37 -17 53 -15 51 48 -39 -7 -5 -35 -27 -11 -19 -22 -14 -44 -4 -52 -23 -10 -20 60 -60 -1 -18 -32
right_child=1 2 39 8 10 7 9 32 11 18 17 12 13 40 -16 38 61 49 57 26 21 24 23 -25 25 47 -28 29 -30 -31 62 -33 -34 46 -36 37 -38 43 -40 -41 -42 -43 52 -45 -46 -47 -48 -49 -50 -51 54 -53 -54 -55 -56 -57 -58 -59 59 -61 -62 -63 -64
leaf_value=0.074494592104891066 -0.065327310886455867 -0.4727482011967073 -2.3154243078923571 -0.060851094064070514 -0.41057985440182371 -0.26291782657060125 -0.26458897721862912 -0.012737271233075732 0.55748796458655647 0.70712431911549756 0.18190038745760165 0.20019544069303336 0.12090866416403315 0.86056635136180193 0.29626946097151396 1.265313389824269 -0.10677330677368327 0.68930396351239587 -0.31570254097002481 -0.22208590866483002 0.60745820087015245 0.79898330464990941 -0.056658171003909699 0.066798799998645686 -0.29573011425586265 -1.6268816285979515 -0.032858514746621673 -0.75632449483686126 0.12291490256066351 0.00074607349873678785 0.51873613732185653 -0.030334272941168507 -0.34317576928582655 -1.6020798052070626 -0.83149465704375902 0.23907392193446678 -0.026483223004443879 -0.019787223339060179 0.076830228158459246 -9.5539450109595094 0.20075690710653024 -0.02456920055983719 0.13409866442617441 -0.31760164724410389 -1.6579126241620785 0.012595647031899949 -0.052531231371561217 0.5515522066919113 -0.23737449575724462 0.12663552646092333 -0.013191890808217721 0.50018172033541175 0.56747326444439927 -6.7204203740429591 0.77697517780790371 -0.047235877883655158 0.10074269842698498 -2.137214750081879 0.81403159853782681 0.15038970401343832 1.6974008737501549 0.10933665851356107 -4.1469493434841125
leaf_weight=522 15474 7559 4949 7137 5380 505 22706 6369 1191 405 11283 8025 26634 1452 1455 2727 12814 6993 8151 9105 2571 717 76985 13543 8616 1000 33020 1354 10305 1749 24565 11960 17934 227 1884 4104 5469 34025 932 495 1881 5881 6328 1544 1203 60502 3400 158 2018 3575 10511 881 8771 870 2287 4247 14385 521 2097 5915 981 944 669
leaf_count=522 15474 7559 4949 7137 5380 505 22706 6369 1191 405 11283 8025 26634 1452 1455 2727 12814 6993 8151 9105 2571 717 76985 13543 8616 1000 33020 1354 10305 1749 24565 11960 17934 227 1884 4104 5469 34025 932 495 1881 5881 6328 1544 1203 60502 3400 158 2018 3575 10511 881 8771 870 2287 4247 14385 521 2097 5915 981 944 669
internal_value=-0.000196698 -0.00119528 -0.00175452 0.000566271 -0.00150832 -0.00200875 -0.00150066 -0.00465861 0.000383999 -0.00110233 0.00115877 0.00132537 0.000874029 0.00240968 -0.00606075 0.00403821 -0.000243183 0.0022802 -0.000509784 -0.00013627 0.000980373 -0.000449231 -0.000369498 -0.00121675 -0.00315172 -0.00533558 -0.00149496 0.000121646 0.000614544 -0.00556719 0.00152918 0.00185202 -0.00384418 0.00301551 -0.00758498 0.000540279 0.0029754 -0.000287979 0.0100506 -0.00924137 0.0099985 0.00280123 0.00406346 -0.000844134 -0.0162471 0.000115688 -0.00204715 -0.0168826 -0.00180561 0.00521858 0.0021423 0.00358986 0.0050053 -0.00805551 0.00106267 0.00114827 0.00262583 -0.00453183 0.00637677 0.00508612 0.0132568 -0.00327082 0.00284339
internal_weight=551860 239024 198316 312836 192002 161668 135657 26011 303321 124759 30334 134849 115614 48689 10898 19235 66925 24954 102053 93381 51256 30107 168472 90528 14738 9774 42125 14386 77944 3103 40708 45356 24303 21149 9443 53167 13494 39673 3659 6314 3333 33396 17522 35569 1708 67639 3627 1158 2423 10568 15369 27515 15099 5819 12798 4964 15576 8672 9515 8012 1503 13758 25234
internal_count=551860 239024 198316 312836 192002 161668 135657 26011 303321 124759 30334 134849 115614 48689 10898 19235 66925 24954 102053 93381 51256 30107 168472 90528 14738 9774 42125 14386 77944 3103 40708 45356 24303 21149 9443 53167 13494 39673 3659 6314 3333 33396 17522 35569 1708 67639 3627 1158 2423 10568 15369 27515 15099 5819 12798 4964 15576 8672 9515 8012 1503 13758 25234
is_linear=0
shrinkage=0.05


Tree=56
num_leaves=64
num_cat=0
split_feature=0 25 8 0 28 0 1 16 8 27 23 23 37 31 32 23 11 38 36 38 6 33 11 32 13 13 29 6 23 13 0 11 24 13 30 37 13 36 40 29 22 23 11 0 39 27 0 38 21 36 29 12 31 29 13 0 33 22 37 31 22 25 20
split_gain=160.168 170.222 123.253 100.097 91.7522 91.2756 102.551 88.5299 74.8758 68.8564 65.7558 61.9726 61.7398 60.898 60.0236 55.9477 55.8713 54.564 69.3372 77.7785 53.5973 53.5592 52.7279 52.5163 52.1609 51.323 52.7885 51.2539 49.1592 49.7599 51.1649 46.4471 45.3844 53.1656 45.0426 43.2243 43.1391 41.5489 40.2417 40.065 38.7359 38.7179 37.7335 37.2851 37.1443 38.8957 37.035 36.4092 41.8146 36.3224 36.3013 42.7274 39.0537 45.8806 41.4112 36.2609 36.1967 36.0923 35.4269 41.0699 34.8089 34.549 39.6581
threshold=89.02500000000002 986.05000000000007 -51.694999999999986 314.25000000000006 15.320000000000002 24.725000000000005 85.02500000000002 -10.440944703380501 -58.974999999999994 46.550000000000004 33.350000000000001 24.850000000000005 51.500000000000007 8.8291495629105174 -15.259380631152551 34.850000000000001 -0.25881904510252113 36.850000000000001 462.50000000000006 28.550000000000004 26.266666666666676 21.650000000000002 -0.78656609248549292 -5.3740115370177595 2.5000000000000004 3.5000000000000004 1.222952163770038 78.90833333333336 16.850000000000005 1.0000000180025095e-35 20.550000000000004 0.37940952255126054 1.0000000180025095e-35 4.5000000000000009 725.50000000000011 11.500000000000002 1.5000000000000002 32.500000000000007 983.95000000000016 95.880698278289188 96.500000000000014 24.950000000000003 -0.9159756150367534 6.0100000000000007 1.0000000180025095e-35 196.50000000000003 184.75000000000003 29.650000000000002 1247.5000000000002 86.250000000000014 8.6803044258839162 0.60355339059327384 9.8635212955800675 194.9430095942275 1.5000000000000002 68.725000000000009 14.850000000000003 80.500000000000014 36.500000000000007 -1.462181853235123 39.500000000000007 980.85000000000002 0.85260769842926909
decision_type=2 2 8 2 2 2 10 2 8 8 2 2 2 2 2 2 2 2 2 2 8 2 2 2 2 2 2 10 2 2 2 2 2 2 2 2 2 2 2 2 2 2 2 2 2 10 2 2 2 2 2 2 2 2 2 2 2 2 2 2 2 2 2
left_child=2 3 28 14 5 20 9 37 -9 17 13 39 31 34 49 55 -17 18 19 41 32 22 -10 -12 -25 26 46 -26 -1 57 -31 50 43 40 61 -19 -15 -3 -38 -11 -34 -7 -21 -4 45 -16 -24 -20 -49 -2 51 -13 54 -54 -52 -14 -56 -30 -43 -60 -44 -6 -63
right_child=1 7 4 -5 10 6 -8 8 21 11 23 12 15 36 44 16 -18 35 47 42 -22 -23 25 24 27 -27 -28 -29 29 30 -32 -33 33 -35 -36 -37 38 -39 -40 -41 -42 58 60 -45 -46 -47 -48 48 -50 -51 52 -53 53 -55 56 -57 -58 -59 59 -61 -62 62 -64
leaf_value=1.4577804035886102 -0.071202299310067371 0.92530144629454181 0.17601749354666085 -4.1896559502313693 0.10300534337480319 0.15209942931296183 0.15585768020482194 0.96209629155820764 -0.56153479792164129 0.035459014165744755 0.18864120682421801 -0.045575951643421764 -0.090597592857360049 1.4183805067336834 -0.19066321159619568 -0.63765834315775793 -0.082315789323569893 -0.22977318378734429 -0.11301214438546588 -0.016521788992155284 0.097510319187014055 -0.39676991998922423 0.34692510073181815 -0.33317763884292689 -0.086605599407616127 0.4683063198572659 -0.412998189186016 0.42228236664958185 1.1068472016440123 0.46483879487210977 0.066002509542539264 0.14878709569638557 0.12378152318665965 -0.050862324670806786 7.334273095210019 0.19077373093231031 -0.33811485020304566 -0.8625515553215366 0.14096954834377326 -0.40171213516698789 -0.081870843754383874 0.65421100892978279 0.63617676080504415 -0.014703360758713126 -1.0646814692925859 -0.90993794055562283 -0.21456029067892005 0.009718477597219978 -0.096812118543430026 -0.86393055829510268 -0.31982187109464166 0.26104088941029607 -0.36026967476947197 0.19161021545606452 -0.091239878183965895 -0.34847865544310036 0.16836856690517699 -0.27876711798342341 -0.0042939719913178132 -0.12045975431788102 0.13585885780287976 0.59973611985528008 -0.14905801635468802
leaf_weight=1594 1110 1103 2769 3556 2891 7245 21085 8301 6197 30178 4265 13779 45288 386 44035 2557 1809 863 13074 5733 25569 7865 9170 2509 2551 16689 5575 1049 2019 2596 12928 7199 17262 5115 610 7261 1552 6379 669 937 2212 985 1640 52142 1272 2689 10215 27180 13671 4044 3712 3005 4552 696 5013 7232 3317 283 20540 12200 15590 5808 540
leaf_count=1594 1110 1103 2769 3556 2891 7245 21085 8301 6197 30178 4265 13779 45288 386 44035 2557 1809 863 13074 5733 25569 7865 9170 2509 2551 16689 5575 1049 2019 2596 12928 7199 17262 5115 610 7261 1552 6379 669 937 2212 985 1640 52142 1272 2689 10215 27180 13671 4044 3712 3005 4552 696 5013 7232 3317 283 20540 12200 15590 5808 540
internal_value=-0.000193709 -0.0017422 0.000274867 -0.00378796 8.79428e-05 -9.6353e-05 -0.000573295 -0.00011959 0.000481941 -0.000850127 0.00316689 -0.00166081 -0.00227717 0.00561577 -0.00324459 -0.00334529 -0.00878378 -1.82566e-05 -0.000291452 0.000822345 0.00115805 -0.000178152 0.000450403 0.000226528 -0.00274595 0.00109066 -0.000344551 0.00111111 0.00416581 0.00341355 0.00239629 -0.000805006 0.00051761 0.00230286 0.00741446 0.0039451 -0.00117952 -0.00526597 -0.00386087 0.000283625 0.0034944 -0.00048328 0.00315181 -0.00028182 -0.00269397 -0.00246447 0.000888574 -0.00161196 -0.000876968 -0.00837214 -0.00157598 8.04337e-05 -0.00318392 -0.00678354 -0.00161518 -0.00289318 0.000342137 0.0102737 -0.0011957 -0.00147679 0.00432095 0.00654562 0.00860901
internal_weight=551860 128200 423660 56706 404240 381410 276341 71494 64012 255256 22830 129274 98159 12456 53150 56886 4366 125982 117858 63933 105069 55711 47846 10374 6109 41649 24960 3600 19420 17826 15524 41273 79500 24589 9849 8124 2607 7482 2221 31115 19474 40970 22963 54911 47996 46724 19385 53925 40851 5154 34074 16784 17290 5248 12042 52520 8330 2302 33725 32740 17230 9239 6348
internal_count=551860 128200 423660 56706 404240 381410 276341 71494 64012 255256 22830 129274 98159 12456 53150 56886 4366 125982 117858 63933 105069 55711 47846 10374 6109 41649 24960 3600 19420 17826 15524 41273 79500 24589 9849 8124 2607 7482 2221 31115 19474 40970 22963 54911 47996 46724 19385 53925 40851 5154 34074 16784 17290 5248 12042 52520 8330 2302 33725 32740 17230 9239 6348
is_linear=0
shrinkage=0.05


Tree=57
num_leaves=64
num_cat=0
split_feature=0 5 14 0 6 23 32 38 0 30 27 44 11 13 43 38 22 21 18 23 11 32 14 11 16 11 5 6 12 34 38 33 21 0 21 13 0 5 32 21 23 40 22 44 36 32 14 30 34 14 27 9 14 8 38 26 34 16 14 30 32 43 18
split_gain=150.796 218.474 131.66 121.865 109.319 94.2721 168.694 112.043 84.6396 77.216 69.8068 68.0855 67.4371 77.4108 82.1099 75.9335 67.7453 65.1899 62.3994 62.1641 59.0434 68.5274 58.5259 55.7884 55.785 54.9579 54.0909 53.9016 54.0096 50.6678 50.6392 50.5469 46.7104 45.3385 44.5495 53.6139 43.9554 43.6276 43.0931 42.6727 41.6967 40.289 39.738 38.525 37.7044 35.8614 35.8548 34.4504 34.3957 33.6242 33.5845 33.3217 38.3216 32.2395 31.7231 43.3332 31.3823 31.3729 31.0231 82.1789 53.2978 37.0408 33.8449
threshold=132.25000000000003 136.25000000000003 9.5000000000000018 28.550000000000004 31.100000000000019 24.850000000000005 -4.3114084166034781 28.150000000000002 499.50000000000006 295.50000000000006 49.550000000000004 5576.0000000000018 -0.70710678118654735 2.5000000000000004 -277.49999999999994 23.450000000000003 89.500000000000014 112.50000000000001 10.450000000000001 14.550000000000002 0.37940952255126054 -2.1808523235359125 8.5000000000000018 -0.78656609248549292 -2.1449124423318664 -0.78656609248549292 29.950000000000003 36.319166666666682 1.0000000180025095e-35 0.2672282004597602 36.850000000000001 24.250000000000004 887.50000000000011 43.550000000000004 155.62500000000003 3.5000000000000004 9.0050000000000008 118.12500000000001 -15.259380631152551 1397.5000000000002 28.850000000000005 987.05000000000007 51.500000000000007 1978.2500000000002 77.500000000000014 -7.3882654717687331 9.5000000000000018 1.0000000180025095e-35 -0.061046214993534818 3.5000000000000004 221.25000000000003 177.25000000000003 5.5000000000000009 -134.85499999999999 27.050000000000004 24844.500000000004 0.52247866957162981 14.839772548735247 4.5000000000000009 24.500000000000004 7.0934576665549267 -113.74999999999999 24.350000000000005
decision_type=2 10 2 2 8 2 2 2 2 2 8 2 2 2 2 2 2 2 2 2 2 2 2 2 2 2 10 10 2 2 2 2 2 2 2 2 2 8 2 2 2 2 2 2 2 2 2 2 2 2 8 8 2 8 2 2 2 2 2 2 2 2 2
left_child=1 3 9 4 26 6 19 12 23 11 17 24 22 15 40 18 27 -9 -14 -5 21 -12 -7 48 -2 -23 51 -17 -29 -8 32 39 -19 -16 35 -31 -28 -25 -3 42 -15 45 43 -21 -6 56 -35 -18 -4 -37 -39 -1 -53 -40 -46 -56 -26 -34 -27 61 -61 62 -60
right_child=2 38 8 5 44 7 29 10 -10 -11 20 -13 13 14 33 16 47 30 -20 31 -22 25 -24 37 41 58 36 28 -30 34 -32 -33 57 46 -36 49 -38 50 53 -41 -42 -43 -44 -45 54 -47 -48 -49 -50 -51 -52 52 -54 -55 55 -57 -58 -59 59 60 -62 -63 -64
leaf_value=0.00046898705586290168 -0.84172053588631845 -0.055133471393362402 -1.4715244990305241 0.25799289238516004 0.54018022610423255 -0.33793233516257376 0.10322426818955016 0.20828900914789147 -4.3481447839468004 -3.8542610778312283 -0.012709719768559459 -0.9222104812748434 0.14503620622130295 0.56806715081895087 -0.059471640191235103 -0.11324732650923358 -0.077599574437966015 0.028689839869842193 -0.78316514266424953 -0.0082994918560809882 0.041873466644148039 -0.31316180408531258 0.1094324923233673 -0.48380940367360897 -0.91805940273502074 0.014423600988516406 0.26343161551585975 -0.058138439383768462 0.32213846402408453 -0.026651178858001681 0.12134458071469355 -0.27132974361381218 -0.047858275000936513 -0.32494729098199626 0.62322018573063698 0.74704105773769913 0.045039161446833821 0.94823000589932094 1.7532628552498748 -0.50182853451888743 -0.076435763195682863 0.072365437594002199 -0.14877086907958548 0.39092924539836665 -0.0034046218541050168 -0.21169213026514344 0.37529185808578114 -0.44122302734946006 -0.02602190168275147 0.11763542848621551 0.24468662288683271 -0.16848313420475969 -0.03126118693257831 0.48514506364517151 0.18972450745050529 -0.0021723190414870293 -2.5280989189124825 -0.215084824569231 -0.28663569814089512 -0.19012440960800256 -0.99633556157096936 -0.0078998858886491167 0.47676470807277033
leaf_weight=68645 10060 2531 2814 5275 2231 10241 14125 8957 2862 1073 27665 5273 711 2114 11905 3650 5680 35846 1351 8514 21507 10187 1980 3471 2386 7542 3694 3488 9569 4781 12152 4737 24732 18817 5975 4276 35900 3088 1227 561 2151 10593 16099 2104 5221 5871 931 923 2768 2264 23275 1506 6362 16175 15971 4384 513 3653 4459 2054 1833 10823 334
leaf_count=68645 10060 2531 2814 5275 2231 10241 14125 8957 2862 1073 27665 5273 711 2114 11905 3650 5680 35846 1351 8514 21507 10187 1980 3471 2386 7542 3694 3488 9569 4781 12152 4737 24732 18817 5975 4276 35900 3088 1227 561 2151 10593 16099 2104 5221 5871 931 923 2768 2264 23275 1506 6362 16175 15971 4384 513 3653 4459 2054 1833 10823 334
internal_value=-0.000193256 0.000132112 -0.0022928 -9.09627e-05 0.00111386 -0.000643223 0.000993655 -0.00110181 -0.000254716 -0.00447385 -0.000402634 -0.00406531 -0.0027353 -0.00205906 -0.00355254 5.51789e-05 0.000868726 0.000611671 -0.00914161 -0.0012805 -0.00140445 -0.00215688 -0.00612675 0.000413655 -0.00312766 -0.00355742 0.000439465 0.0025633 0.00406487 0.00369259 0.000138447 -0.00210917 -0.000421525 -0.00443007 0.00550705 0.00366355 0.00193969 0.00127204 0.00525636 -0.00128125 0.00296014 -0.00155838 -0.000994685 0.00137973 0.00392977 -0.00406499 -0.00589933 -0.0034189 -0.00417413 0.0066055 0.00196582 -0.000336871 -0.00341891 0.00614297 0.00338599 0.00427782 -0.00861504 -0.00193676 -0.00237844 -0.00343152 -0.00993697 -0.00181224 -0.00547152
internal_weight=551860 477813 74047 457880 143914 313966 68711 245255 38278 35769 171744 34696 73511 61290 35918 25372 23310 85340 2062 37290 86404 64897 12221 35416 29423 37232 116107 16707 13057 31421 76383 32015 64231 31653 17296 11321 39594 29834 19933 27278 4265 19363 26717 10618 27807 8770 19748 6603 5582 6540 26363 76513 7868 17402 25576 20355 2899 28385 27045 19503 3887 15616 4793
internal_count=551860 477813 74047 457880 143914 313966 68711 245255 38278 35769 171744 34696 73511 61290 35918 25372 23310 85340 2062 37290 86404 64897 12221 35416 29423 37232 116107 16707 13057 31421 76383 32015 64231 31653 17296 11321 39594 29834 19933 27278 4265 19363 26717 10618 27807 8770 19748 6603 5582 6540 26363 76513 7868 17402 25576 20355 2899 28385 27045 19503 3887 15616 4793
is_linear=0
shrinkage=0.05


Tree=58
num_leaves=64
num_cat=0
split_feature=8 27 41 37 31 11 38 35 14 23 26 8 37 33 14 29 34 15 38 14 9 16 23 14 14 29 16 30 8 9 35 35 37 14 19 18 23 37 23 38 35 21 12 16 34 14 11 38 19 25 15 32 36 32 30 15 44 19 9 22 23 22 11
split_gain=135.053 146.768 99.877 101.041 121.55 85.0985 84.0739 93.2978 100.955 80.8625 103.407 79.5734 79.2476 84.6195 67.4837 80.8921 74.419 71.0087 78.549 77.8185 65.7003 59.576 59.5367 62.6275 56.6113 55.9367 65.366 54.4684 52.0327 51.6022 51.5177 51.4993 51.3199 49.3568 48.4724 47.7955 46.4683 45.6023 44.4462 89.9846 71.1336 64.9751 57.852 63.3615 43.7794 42.9049 42.7402 42.6461 43.0681 42.5688 53.6733 49.3549 52.8535 42.3701 41.6339 44.4002 53.0192 42.4941 40.6686 42.8948 74.5633 40.5053 40.2396
threshold=-58.974999999999994 92.050000000000011 7098.5000000000009 65.500000000000014 -5.7446769917272293 -0.60355339059327362 30.750000000000004 -0.43049470426488839 4.5000000000000009 32.95000000000001 12705.750000000002 251.67500000000004 22.500000000000004 19.150000000000002 7.5000000000000009 4.1094341318104926 -0.89879404629916682 1.0000000180025095e-35 28.650000000000002 2.5000000000000004 65.550000000000011 -7.6971695474311286 28.650000000000002 3.5000000000000004 6.5000000000000009 1.0000000180025095e-35 9.8219965792408441 584.50000000000011 16.005000000000006 291.25000000000006 0.90255091666790865 -0.16504132135358066 25.500000000000004 5.5000000000000009 0.87878364999916148 14.950000000000001 29.950000000000003 7.5000000000000009 27.350000000000005 26.950000000000003 -0.18222858652173743 497.50000000000006 0.25881904510252057 14.161056002216833 0.70088257582277247 7.5000000000000009 -0.78656609248549292 33.350000000000001 -0.64278760968653936 981.6500000000002 1.0000000180025095e-35 -7.0395269957315474 221.25000000000003 -15.259380631152551 16.500000000000004 1.0000000180025095e-35 -3153.7499999999995 0.63605400036818838 87.850000000000009 37.500000000000007 29.650000000000002 75.500000000000014 -0.25881904510252113
decision_type=8 10 2 2 2 2 2 2 2 2 2 10 2 2 2 2 2 2 2 2 8 2 2 2 2 2 2 2 10 10 2 2 2 2 2 2 2 2 2 2 2 2 2 2 2 2 2 2 2 2 2 2 2 2 2 2 2 2 10 2 2 2 2
left_child=-1 2 3 4 46 -6 32 8 22 10 14 21 -7 27 17 16 -16 18 24 -19 -9 53 -8 -24 29 26 35 54 -11 -5 -22 36 -4 49 58 -20 -12 -25 41 -40 42 -18 -41 -44 -28 -38 47 48 -2 -23 51 52 -51 -3 -14 56 -56 -58 -34 60 -60 -48 -10
right_child=1 11 6 9 5 12 7 20 62 28 31 -13 13 -15 15 -17 38 19 25 -21 30 33 23 37 -26 -27 44 -29 -30 -31 -32 -33 34 -35 -36 -37 45 -39 39 40 -42 -43 43 -45 -46 -47 61 -49 -50 50 -52 -53 -54 -55 55 -57 57 -59 59 -61 -62 -63 -64
leaf_value=0.27223430542178678 0.47693004112989201 -0.9195943182092231 -0.23256940245892199 -0.020039912130464833 -0.077818702670773052 0.54395995888632453 0.56297578075802046 0.11290078532782429 -0.27754219018242043 -0.10180416749414772 0.4794708606674748 -6.9879775729757929 0.15055078757553508 -0.26999336380001665 -0.086882817621784209 0.58479773779388255 0.10245992802810076 -0.019727125033437789 0.17139317000303508 -0.77529464668483905 -0.013158111065474288 -0.40192690180085705 -0.21913189841002201 -0.59452127498178864 -0.13540063624701548 -0.11779277327587 0.07733990266091606 3.5382722774670379 -0.6024752560299339 -1.2301444734606819 0.19204272040520165 0.023146288771295744 0.0097326083122549322 0.10879835663753334 -0.11523393071124462 -0.093642325028689077 0.47885139101780949 0.15631628910875811 -0.22766245270425031 -0.0010293624681732894 -0.053421749541522456 0.90949527388179985 0.36159688432908449 -0.13709236658361595 -0.57479370514873551 -0.17028951313279905 0.30183579284792794 0.49921322505463056 -0.12210805155005647 -0.055807640223284771 -0.73178143151248531 0.10471529403812348 -0.53144343454869991 -0.3323545210936566 0.10708346454147244 1.5228507088718755 -0.16965640222367129 -0.94839085106337606 0.21992090243830492 -0.14847257857249718 -0.3176564157053926 0.91443306365780741 -0.12078770333405274
leaf_weight=30102 1232 1556 6258 33373 29165 5711 736 14282 5859 8501 4291 892 37803 6853 14338 1308 33067 1401 14091 1600 61803 7775 2388 311 21833 4660 607 981 1535 2522 6462 4594 24142 9378 18412 2414 925 5442 4309 4625 10494 1096 4790 731 852 1004 18283 1781 4939 4813 1627 11470 3130 10916 2483 658 2127 1398 3791 16267 1961 1646 8066
leaf_count=30102 1232 1556 6258 33373 29165 5711 736 14282 5859 8501 4291 892 37803 6853 14338 1308 33067 1401 14091 1600 61803 7775 2388 311 21833 4660 607 981 1535 2522 6462 4594 24142 9378 18412 2414 925 5442 4309 4625 10494 1096 4790 731 852 1004 18283 1781 4939 4813 1627 11470 3130 10916 2483 658 2127 1398 3791 16267 1961 1646 8066
internal_value=-0.000188544 -0.00037642 -9.87344e-05 0.000465358 0.00162133 0.000702291 -0.00104013 -0.00014452 -0.00297562 -0.000277854 -1.87953e-05 -0.00290892 0.00180991 0.00119926 -0.000342323 0.000748415 0.000528931 -0.00132059 -0.00103856 -0.00887204 0.000637516 -0.00264828 0.00119128 -3.99214e-05 -0.00201722 0.00145863 0.00272489 0.0019802 -0.0046383 -0.000796072 -7.69062e-06 0.00471149 -0.0023722 -0.0016685 -0.00195322 0.00362163 0.00767685 0.0027855 0.00131276 -0.000291595 0.00108043 0.00248441 0.00406564 0.00752128 -0.00741947 0.00123121 0.004495 0.00139588 -0.00057122 -0.00269391 -0.00152567 -0.000794571 -0.00382412 -0.00564865 0.00172311 -0.00192019 -0.00327064 -0.00721277 -0.00108804 -0.00264204 0.00106919 0.0057316 -0.00563196
internal_weight=551860 521758 470201 294021 115060 87179 176180 105349 22802 178961 168925 51557 58014 52303 158111 74758 73450 83353 80352 3001 82547 50665 8877 8141 57728 22624 17964 45450 10036 35895 68265 10814 70831 38193 64573 16505 6220 5753 59112 24949 20640 34163 10146 5521 1459 1929 27881 7952 6171 28815 21040 19413 7943 12472 44469 6666 6008 3525 46161 22019 5752 19929 13925
internal_count=551860 521758 470201 294021 115060 87179 176180 105349 22802 178961 168925 51557 58014 52303 158111 74758 73450 83353 80352 3001 82547 50665 8877 8141 57728 22624 17964 45450 10036 35895 68265 10814 70831 38193 64573 16505 6220 5753 59112 24949 20640 34163 10146 5521 1459 1929 27881 7952 6171 28815 21040 19413 7943 12472 44469 6666 6008 3525 46161 22019 5752 19929 13925
is_linear=0
shrinkage=0.05


Tree=59
num_leaves=64
num_cat=0
split_feature=0 5 0 29 7 39 11 44 25 0 41 41 32 40 24 1 37 30 11 26 43 28 28 29 26 37 32 38 37 27 32 36 27 0 38 12 41 27 38 38 14 15 40 15 0 23 24 34 38 0 41 36 38 28 26 32 25 21 35 37 40 32 3
split_gain=142.096 149.074 137.444 107.021 100.598 91.6995 92.2263 83.5287 68.5221 68.6069 61.3314 58.5688 56.8376 54.5589 52.501 55.0676 46.0731 51.7951 48.3945 45.6703 45.1811 53.3842 54.5365 55.7602 49.146 44.7084 54.6539 50.1665 44.5536 44.0482 43.2018 42.9292 60.6709 42.6332 41.6703 58.4166 85.3151 54.2421 40.7247 37.3892 36.9345 36.5682 36.4123 49.8669 36.1021 45.9739 35.5735 35.5156 35.1372 34.4213 34.2897 33.7563 33.5038 32.4814 32.2739 32.0291 30.762 30.7582 30.7368 30.3796 29.9051 29.371 29.3169
threshold=223.25000000000003 164.25000000000003 33.550000000000004 73.789622623031264 40.075595238095246 1.0000000180025095e-35 -0.37940952255126065 7483.2500000000009 974.05000000000007 104.07500000000002 998.25000000000011 9842.2500000000018 -11.323679322056572 988.95000000000016 1.0000000180025095e-35 29.650000000000002 73.500000000000014 13.500000000000002 -0.60355339059327362 9361.7500000000018 1797.5000000000002 13.075000000000001 6.1850000000000014 86.927732563502829 2244.2500000000005 62.500000000000007 -8.6802877542577566 14.550000000000002 55.500000000000007 44.050000000000004 -8.2883025905820915 180.62500000000003 68.550000000000011 18.550000000000004 39.750000000000007 0.37940952255126048 8829.7500000000018 39.95000000000001 31.450000000000003 31.650000000000002 3.5000000000000004 1.0000000180025095e-35 978.35000000000002 1.0000000180025095e-35 130.12500000000003 24.150000000000002 2.1500000000000008 -0.66259481767468265 34.050000000000004 427.25000000000006 40972.250000000007 112.50000000000001 22.750000000000004 6.245000000000001 19294.000000000004 -17.572445907063187 987.85000000000002 126.25000000000001 0.54463903501502697 37.500000000000007 982.6500000000002 6.4307804087480704 32.525000000000006
decision_type=2 10 2 2 10 2 2 2 2 2 2 2 2 2 2 10 2 2 2 2 2 2 2 2 2 2 2 2 2 8 2 2 8 2 2 2 2 10 2 2 2 2 2 2 2 2 2 2 2 2 2 2 2 2 2 2 2 2 2 2 2 2 8
left_child=1 2 4 10 14 6 34 8 -8 20 58 16 51 -11 15 33 18 -18 -6 55 21 22 23 25 -25 26 -10 -27 53 -7 -12 32 -28 54 35 37 48 -4 50 -38 47 -36 43 -23 45 -14 60 -33 -37 -32 -13 -3 -47 -24 -1 -9 -49 -17 -2 -31 -16 -48 -54
right_child=3 12 5 -5 11 29 7 19 9 13 30 38 44 -15 46 57 17 -19 -20 -21 -22 42 28 24 -26 27 31 -29 -30 59 49 40 -34 -35 41 36 39 -39 -40 -41 -42 -43 -44 -45 -46 52 61 56 -50 -51 -52 -53 62 -55 -56 -57 -58 -59 -60 -61 -62 -63 -64
leaf_value=0.028034943672412018 -0.68413683528940439 0.47101213526571328 -0.086070406406400499 -4.0818815391482337 0.17386102893492739 -0.063948262172978873 -0.12207664569212394 -0.61571221326769487 -0.047659600812587313 -0.21988444383664058 -1.8816418630400336 -0.10780758187825841 1.3370878030025581 0.25458907323040469 0.084915456241682827 0.14494387588828453 0.025268489734463065 1.1276292116439119 0.54141644765505637 0.024583554458093237 -0.81311752118935032 -0.13101303702409378 -0.61789128668333304 -0.76387593396875375 0.019698770012953972 0.53436961703835406 0.74257505140225055 0.0029237684129602482 -0.60072621661224979 0.3593973183519964 -0.27929612667878206 0.12531409964713022 0.23817489690215618 -0.049089412779410972 0.16168494989335336 -0.010335572226305835 -0.51412048010887401 -0.22130044264382889 0.086666872101116441 0.0089795007011482571 0.1680808902246346 -0.29193084973602795 0.39531702318364687 2.4691818011719118 0.45841432752090017 -1.3104096598698314 0.0038874617555496372 -0.70100060491576555 0.40383526898822719 -3.5970125307125316 0.14339619482974361 -0.32520140852989587 -0.20688961573192205 0.067421547678890956 -0.064146945764975261 -0.13645244296185055 -0.032738821515172802 0.024193934490080751 0.51359465092212264 -0.26210517595459315 -0.056699086330126991 -0.25256550570258157 0.43207028905545786
leaf_weight=28509 6163 3784 35535 1317 6252 13004 14632 1372 7970 24792 5909 5431 4444 9676 30752 5705 7132 556 6516 7115 350 2726 301 1973 2628 3506 5759 38395 1792 293 7665 3483 7844 49584 4635 34060 2434 25425 11393 987 13867 952 9327 376 10979 226 3345 1116 2365 1841 863 3247 545 3204 4691 14841 1784 18835 6110 13475 3445 1243 3384
leaf_count=28509 6163 3784 35535 1317 6252 13004 14632 1372 7970 24792 5909 5431 4444 9676 30752 5705 7132 556 6516 7115 350 2726 301 1973 2628 3506 5759 38395 1792 293 7665 3483 7844 49584 4635 34060 2434 25425 11393 987 13867 952 9327 376 10979 226 3345 1116 2365 1841 863 3247 545 3204 4691 14841 1784 18835 6110 13475 3445 1243 3384
internal_value=-0.000188635 3.34701e-07 -0.000195165 -0.00359507 0.000887643 -0.000834631 -0.000572011 0.000121485 0.000540029 0.000878298 -0.00293268 0.00317424 0.00364632 -0.0010604 0.000290708 -0.000279062 0.00499609 0.00193809 0.00683741 -0.00266847 0.00150633 0.00156552 0.00115678 0.00145231 -0.00390676 0.00174681 0.00290331 0.000592468 -0.003771 -0.00363253 -0.00503244 0.00378031 0.00595273 -0.000895704 -0.00173766 -0.00197062 -0.000481855 -0.00294373 0.00106717 -0.00803128 0.00232099 0.00246555 0.00464438 -4.83559e-05 0.00503116 0.00745726 0.00186735 -0.000826414 0.000227179 -0.00294551 -0.00216079 -0.000209785 0.00367629 -0.000492154 0.000490964 -0.00413403 -0.00491379 0.00180114 -0.000295364 -0.00560357 0.002422 -0.00226678 0.00475312
internal_weight=551860 522855 496246 29005 184252 311994 285222 178829 155501 140869 27688 38143 26609 34468 146109 107324 20456 7688 12768 23328 106401 106051 93622 88325 4601 83724 41823 41901 5297 26772 15415 33853 13603 82784 106393 100806 39846 60960 17687 3421 20250 5587 12429 3102 19578 8599 38785 6383 36425 9506 6294 7031 4155 3505 33200 16213 2900 24540 12273 13768 34197 4588 3929
internal_count=551860 522855 496246 29005 184252 311994 285222 178829 155501 140869 27688 38143 26609 34468 146109 107324 20456 7688 12768 23328 106401 106051 93622 88325 4601 83724 41823 41901 5297 26772 15415 33853 13603 82784 106393 100806 39846 60960 17687 3421 20250 5587 12429 3102 19578 8599 38785 6383 36425 9506 6294 7031 4155 3505 33200 16213 2900 24540 12273 13768 34197 4588 3929
is_linear=0
shrinkage=0.05


Tree=60
num_leaves=64
num_cat=0
split_feature=8 27 16 11 29 22 38 12 37 36 8 8 25 31 13 32 7 34 37 29 4 44 41 38 37 30 23 4 34 32 38 15 21 20 44 35 13 9 29 25 38 23 26 32 38 18 34 21 31 16 37 22 13 38 29 26 8 11 37 43 28 31 44
split_gain=120.748 132.693 93.7384 72.138 80.5892 100.335 71.9179 104.862 80.6927 68.8455 67.8276 66.6198 64.3337 65.1525 70.55 84.5887 60.8784 58.2478 58.2306 75.8981 68.1742 57.7259 56.9817 64.8182 63.1997 56.2382 51.4586 49.9008 47.4215 45.8036 45.7209 43.0787 43.0783 42.6423 40.95 42.3848 46.2914 39.1586 51.5964 47.6849 38.975 49.0758 84.8519 56.5894 59.0173 61.379 49.9209 44.818 39.1174 43.6397 38.857 48.4175 44.3418 65.4674 42.6017 38.2827 37.6102 37.9225 36.1106 56.407 43.3916 44.8236 35.8603
threshold=-72.97499999999998 44.550000000000004 2.7529393244731661 -0.78656609248549292 80.146998816415746 53.500000000000007 27.750000000000004 1.0000000180025095e-35 43.500000000000007 77.500000000000014 89.65000000000002 251.67500000000004 974.05000000000007 6.2923644806432373 3.5000000000000004 -6.5760219609353578 36.617250000000006 0.23343647497176648 18.500000000000004 0.28305743090441415 94.225000000000009 -10868.249999999998 2206.5000000000005 25.950000000000003 21.500000000000004 69.500000000000014 35.550000000000004 114.25000000000001 -0.11319890333640036 13.67911994715819 13.350000000000003 1.0000000180025095e-35 52.500000000000007 -0.36648727148060634 -1015.7500000000035 -0.28400453026986777 2.5000000000000004 89.350000000000009 3.3772538857783778 986.95000000000016 38.150000000000013 29.950000000000003 30329.250000000004 2.3241907860330957 30.650000000000002 18.850000000000005 -0.47714059151611382 577.50000000000011 7.541527985475363 -23.405023418018498 75.500000000000014 44.500000000000007 5.5000000000000009 24.350000000000005 2.472109155490045 8414.2500000000018 8.3150000000000031 -0.60355339059327362 49.500000000000007 272.50000000000006 6.6200000000000019 -11.509772850391935 -5236.2499999999991
decision_type=8 8 2 2 2 2 2 2 2 2 10 10 2 2 2 2 10 2 2 2 10 2 2 2 2 2 2 10 2 2 2 2 2 2 2 2 2 8 2 2 2 2 2 2 2 2 2 2 2 2 2 2 2 2 2 2 10 2 2 2 2 2 2
left_child=37 6 3 -3 22 10 9 29 56 21 -6 12 -4 14 15 18 -16 -7 -14 -20 -21 -2 24 27 -5 -17 58 -24 -18 40 -15 -27 -32 -30 55 36 -36 38 -1 -39 41 42 47 44 -43 -46 -47 -8 49 -49 52 -52 53 54 -26 -10 57 -9 59 -25 -60 -62 -45
right_child=1 2 11 4 5 17 7 8 34 -11 -12 -13 13 30 16 25 28 -19 19 20 -22 -23 23 26 50 31 -28 -29 33 -31 32 -33 -34 -35 35 -37 -38 39 -40 -41 -42 43 -44 62 45 46 -48 48 -50 -51 51 -53 -54 -55 -56 -57 -58 -59 60 -61 61 -63 -64
leaf_value=0.088269115295159559 0.60303751866047584 -0.16987404779338044 -0.14436442219686932 1.1368552794205975 -0.034037496628375789 -1.1390476846418125 0.026648711475285504 0.35986026368642343 -0.038037796482052785 -0.046846684201868882 -3.8630315885513569 -4.7065018184729812 0.44137284331627491 0.3122216423582112 -0.095337506312283937 0.1513654594383565 0.030189921892436546 -0.1367402161893089 0.026406052399452221 -0.23878202481607894 -1.2671780899577421 0.052218070982075919 -0.11188283923176084 0.21574975800616281 0.057219708993157203 -0.55534847343809435 -0.17242131690527052 -0.76685079170387327 -0.083641135869397587 -0.18681326713030028 -0.40156751809399377 8.3938087475946546 -0.035543746107438247 0.47668012237384905 0.0624762583138634 0.048042855211203467 0.28041269904502458 0.021094104642786961 0.98862095116058102 0.88546726727217873 0.13876547343978896 -0.11084100044411918 -0.24403096951737757 0.013044938556264186 0.066991549834820849 -0.12858203332857923 0.15605728182977865 -0.1752799146401911 0.027441824759496098 0.27297872062796058 -1.2067453905139396 -0.062892295238992757 0.65325741496490808 0.20337371686441585 -0.42054533007626721 0.20188078131761708 0.019712618789840076 1.6675225302054528 -0.027212032602881478 -0.093669274162094543 -0.95917480703851732 0.26097204364875887 -0.11768653964536611
leaf_weight=1334 1847 35899 9617 1026 7654 2646 16866 2023 9310 56857 640 1232 1121 6974 3849 25254 6427 1248 4689 4083 1946 10237 15522 9925 5862 1602 7109 6476 1918 1875 6033 126 41940 16925 4174 11559 7781 10076 1674 8716 8735 7612 1634 7167 32433 4379 1294 514 3890 7154 498 22062 3455 13215 4481 2181 912 2084 34592 5140 798 318 15240
leaf_count=1334 1847 35899 9617 1026 7654 2646 16866 2023 9310 56857 640 1232 1121 6974 3849 25254 6427 1248 4689 4083 1946 10237 15522 9925 5862 1602 7109 6476 1918 1875 6033 126 41940 16925 4174 11559 7781 10076 1674 8716 8735 7612 1634 7167 32433 4379 1294 514 3890 7154 498 22062 3455 13215 4481 2181 912 2084 34592 5140 798 318 15240
internal_value=-0.000183652 -0.000333641 -0.00099423 -0.00174389 -0.00123978 -0.00512799 0.000613755 0.00123222 0.00342045 -0.000721269 -0.00201953 6.72968e-06 0.000114336 0.000422543 0.0014579 6.24662e-05 0.00331828 -0.0117488 -0.00346102 -0.00459507 -0.00830569 0.00270606 -0.000876578 -0.00170819 0.000436273 0.00160848 -0.000830137 -0.00401855 0.00421053 0.000427187 -0.000857645 -0.00711806 -0.00140756 0.00547551 0.00257035 0.00376584 0.0058532 0.0034633 0.00875997 0.00261547 0.000563048 0.000278307 0.00196121 -0.00046422 0.000544643 0.00134756 -0.00345056 0.00259816 0.00499654 0.00706834 0.000182055 -0.00134973 0.00146133 0.000685542 -0.00229382 0.00012401 0.00934947 0.0113891 -0.00027229 0.00178062 -0.0011384 -0.0108423 -0.00252265
internal_weight=551860 530060 312302 178566 142667 12188 217758 148817 40024 68941 8294 133736 132504 122887 67940 38821 29119 3894 11839 10718 6029 12084 130479 79880 50599 26982 57882 21998 25270 108793 54947 1728 47973 18843 35005 23514 11955 21800 3008 18792 106918 98183 30058 68125 45718 38106 5673 28424 11558 7668 49573 22560 27013 23558 10343 11491 5019 4107 50773 15065 35708 1116 22407
internal_count=551860 530060 312302 178566 142667 12188 217758 148817 40024 68941 8294 133736 132504 122887 67940 38821 29119 3894 11839 10718 6029 12084 130479 79880 50599 26982 57882 21998 25270 108793 54947 1728 47973 18843 35005 23514 11955 21800 3008 18792 106918 98183 30058 68125 45718 38106 5673 28424 11558 7668 49573 22560 27013 23558 10343 11491 5019 4107 50773 15065 35708 1116 22407
is_linear=0
shrinkage=0.05


Tree=61
num_leaves=64
num_cat=0
split_feature=0 14 0 23 37 32 25 5 0 13 14 11 5 13 16 0 5 16 15 8 37 31 14 37 12 11 38 12 23 42 41 14 27 36 6 38 43 5 1 13 9 37 38 11 5 23 36 16 43 14 35 13 11 23 13 19 15 20 31 14 32 27 16
split_gain=133.255 115.86 169.313 97.9631 97.1641 103.637 88.9986 86.9055 73.7481 65.5516 74.0784 64.7858 63.6525 60.0485 56.2029 54.5671 54.7974 53.4064 50.783 51.8046 46.6664 52.3059 80.6482 63.7734 59.2113 47.7395 59.4435 52.3591 47.7763 47.2169 47.1472 46.5917 45.4219 45.3609 47.4714 45.2339 44.4572 43.2606 43.7332 42.956 42.5152 42.3186 40.2206 50.9446 39.9795 39.6219 39.594 39.3408 39.0127 38.6022 79.9157 71.1881 73.2972 58.7301 56.9067 49.2244 45.1394 42.6375 39.6629 38.5992 42.3286 45.2059 37.4676
threshold=274.25000000000006 9.5000000000000018 69.825000000000017 14.350000000000003 74.500000000000014 -15.259380631152551 984.05000000000007 88.02500000000002 17.050000000000004 5.5000000000000009 3.5000000000000004 -0.78656609248549292 27.050000000000004 1.0000000180025095e-35 -11.535890304291815 122.25000000000001 122.25000000000001 14.488725739337445 1.0000000180025095e-35 -56.374999999999993 94.500000000000014 -0.70169209133456789 8.5000000000000018 51.500000000000007 -0.12940952255126037 0.78656609248549325 31.050000000000004 0.78656609248549303 30.350000000000005 11.750000000000004 9534.7500000000018 5.5000000000000009 40.95000000000001 1252.5000000000002 62.450000000000024 30.250000000000004 52.500000000000007 38.95000000000001 22.950000000000003 3.5000000000000004 255.25000000000003 26.500000000000004 37.95000000000001 0.25881904510252091 118.12500000000001 34.45000000000001 136.25000000000003 15.859207764339061 -31.249999999999996 4.5000000000000009 0.30069434954884205 3.5000000000000004 0.60355339059327384 28.750000000000004 1.5000000000000002 0.53727914962411616 1.0000000180025095e-35 0.72534675097891099 -6.1519519251641013 6.5000000000000009 -14.414952982254944 50.550000000000004 -15.453478342077812
decision_type=2 2 2 2 2 2 2 10 2 2 2 2 8 2 2 2 8 2 2 10 2 2 2 2 2 2 2 2 2 2 2 2 8 2 10 2 2 10 8 2 10 2 2 2 10 2 2 2 2 2 2 2 2 2 2 2 2 2 2 2 2 10 2
left_child=1 2 7 48 5 35 -2 8 37 11 14 -7 -10 18 -11 17 -17 44 19 -9 21 22 23 24 42 26 28 -28 -23 -29 32 39 -25 34 -32 -5 -8 38 -1 -26 -6 -27 43 -14 -3 59 -41 -34 -4 50 -13 52 56 55 58 -53 -51 -56 -52 60 -15 -62 -54
right_child=6 15 3 4 40 9 36 13 12 10 -12 49 20 45 -16 16 -18 -19 -20 -21 -22 25 -24 30 31 41 27 29 -30 -31 33 -33 47 -35 -36 -37 -38 -39 -40 46 -42 -43 -44 -45 -46 -47 -48 -49 -50 51 54 53 62 -55 57 -57 -58 -59 -60 -61 61 -63 -64
leaf_value=0.0066974614588792393 -4.3112604094597602 0.16361650159675711 1.0762669329503713 -0.63801461271243343 -0.35344202877242464 -0.39767490894013791 -0.42808613082809227 1.307803343680453 -0.03950835269210709 -0.78416720034464849 -0.061656477410670263 0.10061304282156364 -0.088966012140118261 -0.15770214340976443 0.87840100573274249 -0.43900512996471125 0.31854363281534454 1.4608287189801847 10.500066039183665 0.074764747691254657 -0.1240216214161237 -0.05188132897842488 0.36789388539704726 0.080469526314833492 0.052858694271212953 0.75500574155305322 0.0033380809624062647 1.0968095993909519 -0.18872140096631249 -1.024797091962153 -0.13042088375126754 0.66589912384949901 -0.043323631976435031 0.25066510092600647 0.1717794789591256 0.36095716000535943 -1.7724078328625765 0.18749568340281933 0.12501552873170702 0.20937004056870309 -0.96675395155372501 0.052351881851025087 0.20605526782347594 0.18179066516607648 0.78232552520666065 -0.23389439490932498 0.6633025243384375 0.47124121730545199 0.035228908183823564 -0.22918284696934821 -0.62337196405487705 -0.42180115095663651 1.1802781961252462 -0.23527608002386771 -0.57567619307809792 -1.5241240455815168 2.8183792977175077 0.0591010069227111 0.21323204752148259 -0.15806484044338279 0.44503694051874298 0.070341034738788721 0.16209862783904044
leaf_weight=32679 2452 11229 3788 6523 12222 9577 11628 850 86772 439 6013 23994 8533 2350 4274 4816 23115 3311 614 1598 8977 33589 3653 27545 5123 1139 39249 1328 7470 138 11104 1824 26611 1111 1693 668 4319 8444 10308 2379 4142 13644 4323 4579 3863 1632 2409 1489 9857 8132 981 1243 882 4920 8022 1477 202 2296 5007 2035 8388 5062 3826
leaf_count=32679 2452 11229 3788 6523 12222 9577 11628 850 86772 439 6013 23994 8533 2350 4274 4816 23115 3311 614 1598 8977 33589 3653 27545 5123 1139 39249 1328 7470 138 11104 1824 26611 1111 1693 668 4319 8444 10308 2379 4142 13644 4323 4579 3863 1632 2409 1489 9857 8132 981 1243 882 4920 8022 1477 202 2296 5007 2035 8388 5062 3826
internal_value=-0.000182111 -3.78191e-05 -0.000265075 -0.00190931 -0.00242799 -0.00177336 -0.00436573 0.000263399 6.75357e-05 -0.00126438 0.0023774 -0.00181798 -0.000237375 0.00327245 0.00707087 0.00235141 0.000958612 0.0044653 0.00978119 0.00655637 0.000237362 0.00039649 0.00118387 0.000913921 0.00287624 -0.000438342 -0.000911048 0.000442712 -0.00225346 0.00972033 9.09378e-05 0.00562207 0.000741756 -0.00251294 -0.0033543 -0.00752677 -0.00300213 0.00181457 0.00117187 0.00427051 -0.00596737 0.00217649 0.0010281 -0.000350824 0.00320368 0.00224868 0.00767544 -0.000672598 0.00207585 -0.00121757 -0.000316377 -0.0029736 -0.000728416 -0.00680628 -0.00301729 -0.0127022 -0.00354572 -0.00526749 0.000860053 0.00293103 0.00376582 0.00484758 0.00425871
internal_weight=551860 533461 487127 118485 104840 88476 18399 368642 346113 81285 10726 70559 294682 22529 4713 46334 27931 18403 3062 2448 207910 198933 102376 98723 29170 96557 81774 40715 41059 1466 69553 11735 55645 13908 12797 7191 15947 51431 42987 9911 16364 14783 17435 13112 15092 19467 4788 28100 13645 60982 40300 20682 13042 7640 16306 2720 8334 10318 5988 17835 15800 13450 4708
internal_count=551860 533461 487127 118485 104840 88476 18399 368642 346113 81285 10726 70559 294682 22529 4713 46334 27931 18403 3062 2448 207910 198933 102376 98723 29170 96557 81774 40715 41059 1466 69553 11735 55645 13908 12797 7191 15947 51431 42987 9911 16364 14783 17435 13112 15092 19467 4788 28100 13645 60982 40300 20682 13042 7640 16306 2720 8334 10318 5988 17835 15800 13450 4708
is_linear=0
shrinkage=0.05


Tree=62
num_leaves=64
num_cat=0
split_feature=0 8 0 11 2 33 25 39 43 30 37 19 30 43 22 0 21 13 5 12 41 38 39 27 41 22 12 37 5 31 0 37 25 0 25 38 31 13 22 22 38 9 28 13 22 32 12 21 23 16 36 38 11 38 31 19 23 13 36 27 12 38 22
split_gain=125.268 107.913 107.949 87.275 77.7846 74.1193 74.5577 82.3856 53.9988 58.2478 50.9502 48.4512 47.817 60.4228 58.4164 48.3713 48.329 68.2703 47.6959 46.0813 73.3709 62.9846 55.4847 48.2022 44.8999 59.3669 44.4481 40.4952 39.742 38.0555 37.842 37.8062 37.1961 37.0636 48.6026 40.8426 36.9682 39.8641 38.9041 35.5589 35.2508 34.3969 34.2972 42.4556 34.1798 36.5604 33.8042 33.6058 33.5443 33.4456 33.3669 45.1733 47.7609 33.3084 33.3004 34.9341 33.1026 32.8476 30.8659 31.6121 30.401 30.2479 30.1973
threshold=427.25000000000006 -72.97499999999998 33.925000000000004 -0.37940952255126065 43.550000000000004 16.950000000000003 974.45000000000016 0.15000000000000005 -73.749999999999986 6.5000000000000009 92.500000000000014 -0.90255091666790832 31.500000000000004 277.50000000000006 40.500000000000007 151.75000000000003 262.50000000000006 1.0000000180025095e-35 29.950000000000003 0.37940952255126048 8829.7500000000018 38.350000000000001 1.0000000180025095e-35 39.95000000000001 2386.7500000000005 81.500000000000014 0.25881904510252057 48.500000000000007 41.525000000000006 -4.116627886342183 151.75000000000003 15.500000000000002 982.95000000000016 39.025000000000006 986.95000000000016 25.050000000000004 -5.2588788304993344 3.5000000000000004 83.500000000000014 25.500000000000004 25.450000000000003 66.225000000000009 2.2950000000000004 3.5000000000000004 88.500000000000014 6.6422012676113011 0.37940952255126048 36.250000000000007 28.450000000000003 -10.973473248571668 310.62500000000006 30.750000000000004 -0.78656609248549292 27.250000000000004 -18.424041521844309 0.49240481012316861 36.050000000000004 5.5000000000000009 77.500000000000014 28.850000000000005 1.0000000180025095e-35 30.850000000000005 68.500000000000014
decision_type=2 8 2 2 10 2 2 2 2 2 2 2 2 2 2 2 2 2 10 2 2 2 2 10 2 2 2 2 10 2 2 2 2 2 2 2 2 2 2 2 2 8 2 2 2 2 2 2 2 2 2 2 2 2 2 2 2 2 2 10 2 2 2
left_child=1 33 4 10 18 6 49 8 24 42 19 60 13 -7 15 -14 17 -15 32 21 22 23 36 -4 25 29 28 -2 -26 48 -13 -23 41 35 -35 39 37 47 -39 -1 -9 -3 44 53 45 -10 -27 -21 -8 -5 51 -20 -53 -44 -16 -56 -38 -25 -6 -60 -11 -52 -24
right_child=27 2 3 5 58 12 7 40 9 11 -12 30 14 16 54 -17 -18 -19 50 20 -22 31 62 57 26 46 -28 -29 -30 -31 -32 -33 -34 34 -36 -37 56 38 -40 -41 -42 -43 43 -45 -46 -47 -48 -49 -50 -51 61 52 -54 -55 55 -57 -58 -59 59 -61 -62 -63 -64
leaf_value=-0.6839684133539955 -7.9218975298865475 0.027032884325768336 -0.10144183757259027 0.05189910538215279 0.51553086756374311 -0.012354871619572983 1.0614345485560004 -0.5853810426193955 0.094116471032161433 0.35928348133811711 -0.44397538319407048 -0.1070088127217977 0.021558976290743461 0.18807780518798475 -0.14428555235732823 -1.3565021883877408 0.0018870804210265213 -0.35809526054753926 0.076397787381275881 0.5828639691799975 -0.32359938131508986 -0.085337841862798636 -1.1477963611626472 -0.25498791756694245 -0.065247511604976174 0.28119176018189107 -0.49322392026302114 -2.3365799170119481 0.19539700152763412 0.32544786276323534 -1.3146083250148211 0.16859147807110891 -0.0680671936891553 -0.0092183431345289179 0.84187886836193826 0.15445289304278662 -0.048118135664505249 0.4094529051962198 -0.11300435037189126 1.3929377645072218 -0.12919714482544969 -0.024402470758317044 -0.79711177768058306 0.29028494304065389 -0.061249915112360089 0.30063061728133689 -0.29375920778041653 -0.067018000791509325 0.13951910026838021 -0.1670651782088482 -0.032916422326527715 0.082770102010471816 0.74350251420860847 -0.003753624730889893 -0.047241236281192665 -1.1089847514119986 -1.1397111577443519 -0.0012187745556428986 0.13662766222885675 0.021452941480788204 -0.38585201185264589 0.059181954762932289 -0.092390986445379741
leaf_weight=121 1326 40449 40522 4258 1956 47293 4436 1142 37302 3094 1789 18934 4433 977 997 737 4206 6681 24675 1667 3523 3666 612 23181 6809 1834 1161 4654 11316 12212 2093 4891 14943 9030 8177 2245 21885 7133 1158 1606 3930 39696 2072 1168 10309 9282 2554 7682 1347 13154 15774 1577 1356 1608 497 2060 216 3378 16466 11898 1016 15195 501
leaf_count=121 1326 40449 40522 4258 1956 47293 4436 1142 37302 3094 1789 18934 4433 977 997 737 4206 6681 24675 1667 3523 3666 612 23181 6809 1834 1161 4654 11316 12212 2093 4891 14943 9030 8177 2245 21885 7133 1158 1606 3930 39696 2072 1168 10309 9282 2554 7682 1347 13154 15774 1577 1356 1608 497 2060 216 3378 16466 11898 1016 15195 501
internal_value=-0.000177219 -9.83733e-05 -0.000239613 -0.000766621 0.000736337 -0.000169703 0.000447094 0.00084812 0.00109474 0.000385023 -0.00183943 -0.00164399 -0.00154204 -0.00103242 -0.00499771 -0.00160542 -0.00422286 -0.00658788 0.000279667 -0.00171458 -0.000435473 -0.00246503 0.000161551 -0.00298035 0.00257446 0.00409798 0.000806284 -0.00737458 0.00141379 0.00536955 -0.0026145 0.00157473 -0.000411724 0.00340077 0.00239583 0.00775428 0.000469918 0.00217687 0.00470088 0.013535 -0.00540221 1.52848e-05 0.00121111 -0.00282591 0.00155511 0.00213163 -0.00111668 -6.15039e-05 0.00871088 -0.00263037 0.001402 0.00266589 0.00853222 -0.00546196 -0.00993247 -0.0129546 -0.000892494 -0.0046359 0.00305079 0.00263186 0.00332117 0.000275275 -0.0108491
internal_weight=551860 545880 524701 340716 183985 218912 151031 133619 128547 86878 121804 25137 67881 59157 8724 5170 11864 7658 153665 120015 44377 75638 40854 67081 41669 22383 19286 5980 18125 17995 21027 8557 95088 21179 17207 3972 39741 17640 8291 1727 5072 80145 61741 4848 56893 46584 4388 9349 5783 17412 58577 27608 2933 3680 3554 2557 22101 26559 30320 28364 4110 30969 1113
internal_count=551860 545880 524701 340716 183985 218912 151031 133619 128547 86878 121804 25137 67881 59157 8724 5170 11864 7658 153665 120015 44377 75638 40854 67081 41669 22383 19286 5980 18125 17995 21027 8557 95088 21179 17207 3972 39741 17640 8291 1727 5072 80145 61741 4848 56893 46584 4388 9349 5783 17412 58577 27608 2933 3680 3554 2557 22101 26559 30320 28364 4110 30969 1113
is_linear=0
shrinkage=0.05


Tree=63
num_leaves=64
num_cat=0
split_feature=0 14 5 27 0 16 27 1 0 1 23 25 35 13 27 0 15 37 4 0 23 32 34 33 14 37 37 13 26 44 3 38 38 26 23 44 11 23 2 34 5 5 3 41 35 44 36 18 33 38 36 38 11 3 44 37 1 33 25 13 33 23 10
split_gain=121.442 129.026 120.934 91.3546 82.0409 73.799 70.3635 64.9161 55.9231 76.6021 53.3179 51.8464 83.2412 50.8373 50.1379 48.4371 47.4723 44.5991 44.2113 43.7545 42.2615 43.1398 54.5563 41.3653 42.4204 39.875 38.7708 38.6748 40.0695 37.1429 36.2942 35.5192 34.7911 56.7869 48.5361 42.5697 34.4231 36.1066 34.0704 32.9622 32.9413 32.846 32.6718 38.1522 32.6628 32.599 32.4051 32.0463 31.6344 29.7248 29.6537 35.8648 32.108 34.592 29.294 28.9935 28.6806 28.4102 28.4089 27.25 27.0172 26.8749 26.6303
threshold=80.225000000000009 9.5000000000000018 97.52500000000002 203.25000000000003 499.50000000000006 -2.1449124423318664 14.050000000000002 89.02500000000002 45.050000000000004 40.050000000000004 24.850000000000005 980.35000000000002 -0.38266886095259295 1.0000000180025095e-35 196.50000000000003 314.25000000000006 1.0000000180025095e-35 51.500000000000007 96.325000000000003 19.050000000000004 11.950000000000001 -7.3882654717687331 0.41467745240824999 10.65 11.500000000000002 50.500000000000007 20.500000000000004 1.0000000180025095e-35 4093.0000000000005 -4511.25 30.525000000000002 27.650000000000002 28.550000000000004 1100.2500000000002 26.950000000000003 -6148.4999999999991 -0.78656609248549292 36.750000000000007 193.25000000000003 0.44618082326431224 301.25000000000006 38.525000000000006 24.725000000000005 5141.7500000000009 0.28400453026986811 -3153.7499999999995 417.50000000000006 2.8500000000000001 7.5500000000000007 34.850000000000001 887.50000000000011 34.45000000000001 -0.37940952255126065 33.425000000000004 1110.2499999999984 57.500000000000007 85.02500000000002 6.9500000000000011 989.05000000000007 5.5000000000000009 7.4500000000000011 28.250000000000004 1.6050000000000002
decision_type=2 2 10 10 2 2 8 10 2 10 2 2 2 2 8 2 2 2 8 2 2 2 2 2 2 2 2 2 2 2 10 2 2 2 2 2 2 2 8 2 8 10 8 2 2 2 2 2 2 2 2 2 2 8 2 2 10 2 2 2 2 2 10
left_child=2 3 6 5 14 18 27 8 9 19 44 39 -13 16 -3 -5 -4 23 26 41 -14 22 40 54 -25 50 -2 29 -29 -1 -30 58 34 61 35 46 37 48 45 49 -22 62 -15 -44 -10 -19 -21 -35 -27 -7 51 52 -12 -54 -16 -45 -28 -31 -24 -6 -40 -34 -8
right_child=1 4 13 15 59 11 7 -9 10 -11 25 12 20 42 17 -17 -18 38 -20 32 21 -23 31 24 -26 36 56 28 30 57 -32 -33 33 47 -36 -37 -38 -39 60 -41 -42 -43 43 55 -46 -47 -48 -49 -50 -51 -52 -53 53 -55 -56 -57 -58 -59 -60 -61 -62 -63 -64
leaf_value=0.15224118626068642 0.65629792918601026 0.79250823704759987 0.50714624870064395 -0.75433924155835896 -2.6707013932211119 -0.81731192939569974 -0.059608033597240317 0.17262036096580938 0.20875416886537468 0.069556460418065069 -0.13403897420648353 0.35753314967867345 0.35362374089931703 -0.19887746465885314 -0.11012619816892411 -5.7473899648399085 10.108903441886712 3.4736738984449369 -0.52815134649869167 0.3026817953291408 -0.15048095010137061 -0.02990218440281547 -1.5413611194008552 -0.22133393561306672 -1.4486684554958265 -0.54080928235096748 -0.30387181765910587 0.19179177698473787 -0.014039487849446093 -0.35124767108557298 0.1439230010079999 0.76889027213610239 0.28814803483333273 -0.19105562240906515 -0.097307116434536933 -0.034145182723867122 -0.094306858401860982 -0.93330429263628933 0.836359199479626 -0.071325334611628405 -0.78366241657886171 0.13371873308353374 0.35323033040026697 0.11989849812499337 -0.034926272244993409 0.38428404439548064 -0.18991427718377493 -0.010059647483641233 -0.12856319874975716 -0.0012160820303648734 -0.076900420336170339 0.2455096640547943 -0.39808899098950534 0.22618489011433107 1.186832732308128 -0.2606136822029716 -0.054346963429596329 -0.056909059446833027 -0.40705656102772586 -10.313796503241338 -0.20813555810272355 0.073332944819761145 0.020189311207976159
leaf_weight=1688 822 5262 2381 3761 2404 3965 4208 12927 9911 45379 7944 10110 6095 1809 5512 859 602 900 18082 3815 9033 14134 1164 5288 2010 1578 8799 9775 8346 644 5800 198 2206 1553 27287 23024 40983 714 3820 5894 2441 8257 12968 3796 12815 13590 578 68245 5864 1203 21953 3937 1150 5751 1585 1509 9083 1969 674 458 10406 5446 37496
leaf_count=1688 822 5262 2381 3761 2404 3965 4208 12927 9911 45379 7944 10110 6095 1809 5512 859 602 900 18082 3815 9033 14134 1164 5288 2010 1578 8799 9775 8346 644 5800 198 2206 1553 27287 23024 40983 714 3820 5894 2441 8257 12968 3796 12815 13590 578 68245 5864 1203 21953 3937 1150 5751 1585 1509 9083 1969 674 458 10406 5446 37496
internal_value=-0.000173414 -0.0014012 0.000274667 -0.00247957 0.000626037 -0.00213393 6.19684e-05 -0.000130091 -0.00026228 0.000188796 -0.00117362 -0.000972938 -0.000201259 0.00379038 0.00111271 -0.00933983 0.00988099 0.000550324 -0.00386696 -0.000269198 -0.00139379 -0.00222471 -0.004245 -0.00172108 -0.00436421 -0.00172074 -0.00216264 0.00246439 0.00324924 -0.00190072 0.00154814 -0.0117878 -0.000745721 -6.39122e-05 -0.00171103 -0.000225225 -0.00267964 -0.00564615 0.00168895 -0.00403182 -0.00290657 0.000991273 0.00288567 0.00352022 0.000990055 0.00339545 0.00428523 -0.000512192 -0.00461569 -0.00694659 -0.000564011 0.000894473 -0.000230717 0.00226416 0.0009969 -5.18379e-05 -0.00265071 -0.00563529 -0.0139554 -0.00759958 -4.92057e-05 0.00402509 0.000420823
internal_weight=551860 147552 404308 96317 51235 91697 381243 353021 340094 227494 112600 54911 43849 23065 48373 4620 2983 43111 36786 182115 33739 27644 13510 14395 7298 89874 18704 28222 23921 4301 14146 2036 132154 77450 54704 27417 49139 8156 28716 11062 11474 49961 20082 18273 22726 14490 4393 69798 7442 5168 40735 18782 14845 6901 7097 5305 17882 2613 1838 2862 14226 7652 41704
internal_count=551860 147552 404308 96317 51235 91697 381243 353021 340094 227494 112600 54911 43849 23065 48373 4620 2983 43111 36786 182115 33739 27644 13510 14395 7298 89874 18704 28222 23921 4301 14146 2036 132154 77450 54704 27417 49139 8156 28716 11062 11474 49961 20082 18273 22726 14490 4393 69798 7442 5168 40735 18782 14845 6901 7097 5305 17882 2613 1838 2862 14226 7652 41704
is_linear=0
shrinkage=0.05


Tree=64
num_leaves=64
num_cat=0
split_feature=0 5 29 0 6 41 37 11 27 41 43 29 37 0 31 13 17 9 22 28 14 23 38 0 25 31 30 30 38 14 13 37 3 13 38 12 30 38 13 41 28 28 14 31 44 14 29 22 41 11 35 24 13 14 23 32 13 22 37 17 23 7 0
split_gain=118.277 171.008 107.671 94.7266 74.0602 69.8093 66.6444 67.2023 57.5239 54.557 65.115 95.1896 57.5618 53.5969 53.4806 61.6617 52.3596 50.7466 50.1904 62.6605 50.1771 46.5599 53.3196 45.9089 45.3855 46.7173 67.8829 56.7273 51.9584 48.176 72.001 47.6616 42.8771 40.7312 40.4201 47.1094 44.5094 39.8179 39.7568 38.6379 38.5319 42.3206 37.5607 36.9816 35.5018 35.4708 35.2235 35.8275 42.973 34.4029 40.8128 34.2991 46.8942 37.6621 74.471 56.5108 43.8474 33.985 60.9534 33.7159 33.4474 33.2583 35.9408
threshold=151.75000000000003 140.75000000000003 4.7686172292052929 26.975000000000005 31.100000000000019 998.25000000000011 92.500000000000014 -0.37940952255126065 53.550000000000004 2277.5000000000005 -197.49999999999997 3.7863405273500339 15.500000000000002 427.25000000000006 -10.277487808679352 1.5000000000000002 1.8919651851445278 31.625000000000004 37.500000000000007 6.4650000000000007 4.5000000000000009 27.350000000000005 33.350000000000001 7.1350000000000007 972.45000000000016 -4.584186983966692 11.500000000000002 363.50000000000006 28.850000000000005 4.5000000000000009 3.5000000000000004 37.500000000000007 42.550000000000004 5.5000000000000009 38.150000000000013 0.37940952255126048 6.5000000000000009 33.750000000000007 3.5000000000000004 11512.000000000002 0.53500000000000014 0.69500000000000006 9.5000000000000018 -9.7347084147769447 -656.99999999999977 4.5000000000000009 80.146998816415746 87.500000000000014 5965.7500000000009 -0.9159756150367534 0.47714059151611404 1.0000000180025095e-35 4.5000000000000009 7.5000000000000009 26.850000000000005 -1.0103336092965662e-15 2.5000000000000004 6.5000000000000009 9.5000000000000018 15.574850815836376 26.650000000000002 184.01562500000003 63.725000000000009
decision_type=2 10 2 2 10 2 2 2 10 2 2 2 2 2 2 2 2 10 2 2 2 2 2 2 2 2 2 2 2 2 2 2 10 2 2 2 2 2 2 2 2 2 2 2 2 2 2 2 2 2 2 2 2 2 2 2 2 2 2 2 2 8 2
left_child=1 3 5 4 23 49 7 8 34 10 11 -9 -12 16 15 39 -7 -4 57 46 44 -17 -23 -1 38 59 28 29 -27 -28 31 -31 51 -18 35 61 -36 -37 -14 -10 42 -42 -16 -22 -21 -41 47 48 -20 -2 -51 60 53 54 -53 -55 -57 -11 -59 -26 -25 62 -5
right_child=2 -3 17 6 -6 13 -8 9 14 18 12 -13 24 -15 40 21 33 -19 19 20 43 22 -24 32 25 26 27 -29 -30 30 -32 -33 -34 -35 36 37 -38 -39 -40 45 41 -43 -44 -45 -46 -47 -48 -49 -50 50 -52 52 -54 55 -56 56 -58 58 -60 -61 -62 -63 -64
leaf_value=0.12958274006568776 -1.2944527303841178 0.3889612006829799 -3.5237856022970875 -0.04570326677737846 0.12623270574565279 -0.13876860449752604 -0.14705773703225142 -0.0065629156326702191 -0.087593171340085804 0.46903016845408924 1.0063298481740766 0.74188018860632432 0.027278878791041274 -3.9178809998028075 -0.30829735747958709 0.57906544467811549 -1.0468197391007095 -0.78126260264766312 0.054370496534796746 0.43984356278667136 -0.91264636142304845 -0.11499661450458649 0.30035382299728275 0.036084088544853302 0.24772316275171591 0.0019862255765647264 -0.1823843731756436 5.1878706218868329 0.31644175744419645 2.2693089357414329 -1.3051358301429532 -0.35946253157730956 0.081256702327266728 0.46650695810663412 0.38801220369098544 0.018282274227012184 0.019464126410939555 0.69332862583108745 -0.47263875036876846 0.27070657166983042 0.49463752965216079 -0.12247286183298584 0.30802349280280078 -0.18265200059696887 -0.30549365263841405 -0.59304891054964637 -0.31130560559856307 -0.096789786494638541 -0.044158800668194824 -0.17383454071820115 0.7285031764762131 -0.17334092160874681 -0.066066909145197569 0.0058625550382849006 0.091965320721239072 0.38434673537767522 0.030889710336620635 -0.39267414568717901 0.066398336689416484 -0.58215654219190827 -0.034871430643325228 0.26537544374789929 -0.32872186068163328
leaf_weight=7875 2032 22960 968 43834 21100 19448 18768 4883 2468 615 811 5664 1773 2950 15285 1621 6131 7448 30178 952 1462 4110 2030 12882 15369 24645 5121 348 5174 210 1205 1018 14501 1118 1919 23888 5357 1333 1860 141 645 10173 1275 1480 725 948 2549 12611 37700 9265 10506 2701 5659 4236 5625 4134 1604 1354 33773 387 48303 3530 11222
leaf_count=7875 2032 22960 968 43834 21100 19448 18768 4883 2468 615 811 5664 1773 2950 15285 1621 6131 7448 30178 952 1462 4110 2030 12882 15369 24645 5121 348 5174 210 1205 1018 14501 1118 1919 23888 5357 1333 1860 141 645 10173 1275 1480 725 948 2549 12611 37700 9265 10506 2701 5659 4236 5625 4134 1604 1354 33773 387 48303 3530 11222
internal_value=-0.000174138 8.12002e-05 -0.00227258 -0.000125044 0.00103094 -0.00141497 -0.000561816 -0.000392823 -0.00127158 0.000201572 0.00133347 0.0049469 0.000675489 -0.0029944 -0.0028866 4.41774e-06 -0.00228771 -0.00751545 -0.000426462 -0.00107037 -0.00673847 0.0025029 0.000513029 0.000499442 0.000487655 0.00085504 -0.000100077 -0.00422045 0.000991817 -0.00512973 -0.0109227 -0.00240228 0.000208992 -0.00591461 -0.000585455 -0.000895808 0.00298928 0.000910947 -0.00492018 -0.00544701 -0.00408174 -0.00176095 -0.00559783 -0.010673 0.000163983 -0.013292 -0.000755076 -0.000571817 -0.000117122 0.000732697 0.00136943 -0.000219041 0.00138466 0.00261475 0.000132116 0.00468719 0.00792088 0.00115271 0.0009487 0.00314166 -0.000847021 -0.00167361 -0.00197526
internal_weight=551860 491994 59866 469034 128620 51450 340414 321646 129779 191867 68468 10547 57921 29647 38696 11318 26697 8416 123399 87657 4619 7761 6140 107520 57110 53477 37721 7902 29819 7554 2433 1228 99645 7249 91083 83807 7276 25221 3633 3557 27378 10818 16560 2942 1677 1089 83038 80489 67878 21803 19771 85144 23959 18300 8326 9974 5738 35742 35127 15756 61185 58586 55056
internal_count=551860 491994 59866 469034 128620 51450 340414 321646 129779 191867 68468 10547 57921 29647 38696 11318 26697 8416 123399 87657 4619 7761 6140 107520 57110 53477 37721 7902 29819 7554 2433 1228 99645 7249 91083 83807 7276 25221 3633 3557 27378 10818 16560 2942 1677 1089 83038 80489 67878 21803 19771 85144 23959 18300 8326 9974 5738 35742 35127 15756 61185 58586 55056
is_linear=0
shrinkage=0.05


Tree=65
num_leaves=64
num_cat=0
split_feature=0 14 0 29 23 32 38 23 1 33 8 11 13 12 37 15 0 38 12 23 43 32 38 20 23 38 37 36 31 37 26 38 23 35 23 21 32 40 22 33 42 37 38 36 36 43 18 16 37 15 29 22 16 23 31 14 13 13 14 41 22 37 38
split_gain=111.647 123.417 95.2156 93.5541 91.7839 97.6837 90.8666 86.4322 79.6005 64.1885 62.0733 58.0441 80.8946 97.9948 57.8056 56.9725 56.186 57.9776 105.398 87.606 55.8009 76.2916 54.0112 54.2427 51.7728 51.5138 51.4556 60.4426 86.6753 51.4513 53.3862 47.0982 46.9098 45.5159 44.8185 85.5163 70.4175 50.7309 44.7789 42.3607 54.4446 42.2115 41.8843 41.5712 41.3369 41.1924 40.4668 39.9617 42.5276 39.4801 47.4698 75.232 47.5067 38.7726 38.5901 70.4316 36.1407 46.5465 35.416 41.7701 34.8017 34.3953 34.3924
threshold=188.25000000000003 10.500000000000002 57.025000000000006 2.472109155490045 23.850000000000005 -7.3882654717687331 23.450000000000003 14.350000000000003 56.025000000000006 9.0500000000000025 -97.899999999999991 0.25881904510252091 2.5000000000000004 0.37940952255126048 48.500000000000007 1.0000000180025095e-35 7.1350000000000007 27.850000000000005 1.0000000180025095e-35 28.350000000000005 -252.49999999999997 -0.36273366346945113 30.750000000000004 -0.59480013772226059 27.750000000000004 27.250000000000004 55.500000000000007 532.50000000000011 -4.8480776220945137 33.500000000000007 4034.0000000000005 38.350000000000001 35.050000000000004 0.92384435400961407 29.650000000000002 1782.5000000000002 3.3145880551677291 977.45000000000016 58.500000000000007 23.350000000000005 3.0000000000000018 31.500000000000004 30.150000000000002 837.50000000000011 46.250000000000007 -1.0000000180025095e-35 19.850000000000005 7.186830382490224 69.500000000000014 1.0000000180025095e-35 6.7817769799135315 52.500000000000007 -6.9551053418526276 17.850000000000005 -0.17710577812128581 8.5000000000000018 1.5000000000000002 2.5000000000000004 7.5000000000000009 30677.500000000004 43.500000000000007 85.500000000000014 26.450000000000003
decision_type=2 2 2 2 2 2 2 2 10 2 8 2 2 2 2 2 2 2 2 2 2 2 2 2 2 2 2 2 2 2 2 2 2 2 2 2 2 2 2 2 2 2 2 2 2 2 2 2 2 2 2 2 2 2 2 2 2 2 2 2 2 2 2
left_child=1 2 8 9 5 7 44 -4 10 -2 -1 26 43 25 62 38 -12 19 33 20 21 53 24 -24 -20 -14 27 28 -8 -3 -31 58 -28 34 35 -19 37 45 -7 40 56 -26 -39 -13 -6 -36 -44 48 -47 50 52 -52 -30 -18 55 61 -9 -58 59 -29 -59 -43 -11
right_child=3 29 4 -5 6 15 11 39 -10 14 16 12 13 -15 -16 -17 17 18 22 -21 -22 -23 23 -25 41 -27 32 31 49 30 -32 -33 -34 -35 36 -37 -38 42 -40 -41 -42 54 46 -45 -46 47 -48 -49 -50 -51 51 -53 -54 -55 -56 -57 57 60 -60 -61 -62 -63 -64
leaf_value=0.64891825006498094 0.29687349385918582 -0.3605991651896549 0.32664435184556578 -1.6504358382203279 0.6195311120519652 0.45430313657028343 0.23545007890152694 0.0010191336040389243 0.11152576393559609 -1.9595463147070971 0.12815830624715324 0.23037594274278989 -0.27834643681919008 -0.46836544784546907 -0.45756720170145559 -0.39986467743332332 0.27486632746204692 0.047544036651050892 0.12942422886340849 -0.13747155206862277 -0.030846754317057447 0.34793537874881936 0.5011180954961113 0.12612800345057459 0.79805894631285135 0.072989026526150455 -0.22576970051404768 -0.37098155242230046 0.4132603860803401 0.37397413798098 1.6144542206669024 0.044517272872936921 -0.66776397925104147 0.1570162963945993 -0.017681974723164774 -0.31397767239905844 -0.092423748928354907 -0.16496096958158787 0.11218792627679522 -0.42503115487128262 0.099503835646947369 -0.045702809289305812 -0.0018569702362426278 -0.12471270205273868 -0.57887575678380832 0.19408297677629394 -0.11292526398667846 -0.019639905900090928 -0.075271630142635104 0.49695879739346671 -0.26736551546738341 -1.2403965799992733 -0.32741487668006303 -0.10462737175739385 -0.10841207784390253 0.67914803718987615 -1.360311810866544 0.48580642046909317 -0.047243463317557848 0.025075665159772689 -0.51976244585375031 0.14603046684796858 -0.31192300317235927
leaf_weight=2550 11075 1806 6295 4516 506 12109 9452 2832 34289 3360 8332 13709 4731 6885 20391 2159 1606 28577 14065 16125 68214 5643 3269 11167 838 14869 17519 10588 1845 11001 5172 4838 2089 6412 17621 990 26905 4232 17670 4161 6314 10851 22625 4087 5583 9868 4653 5054 2127 1192 4442 1224 2409 5434 7468 1008 1387 965 3647 1944 3864 4057 1244
leaf_count=2550 11075 1806 6295 4516 506 12109 9452 2832 34289 3360 8332 13709 4731 6885 20391 2159 1606 28577 14065 16125 68214 5643 3269 11167 838 14869 17519 10588 1845 11001 5172 4838 2089 6412 17621 990 26905 4232 17670 4161 6314 10851 22625 4087 5583 9868 4653 5054 2127 1192 4442 1224 2409 5434 7468 1008 1387 965 3647 1944 3864 4057 1244
internal_value=-0.000168883 3.149e-05 -0.000116817 -0.00269305 -0.00107772 0.000540204 -0.00191535 -0.00174684 0.000385363 -0.00184364 0.000115727 -0.00157249 -0.00019365 -0.00194544 -0.00324765 0.002389 4.6754e-05 -7.41547e-05 0.00045259 -0.0010611 -0.000390311 0.00265513 0.00233627 0.0049425 0.00135359 -0.000142857 -0.00257031 -0.00157464 0.000352558 0.00410062 0.00499444 -0.00346029 -0.00468176 -0.000316897 -0.000531585 0.0011643 -0.00107026 -0.000193412 0.00295762 -0.00338959 -0.00217745 -4.74775e-05 -0.00164551 0.00241346 -0.00785433 0.00112633 -0.000927487 0.00287847 0.00444977 -0.00264129 -0.0036744 -0.00667137 0.000317348 -0.000816761 -0.00044261 0.000948731 -0.00466401 -0.00679698 -0.00475462 -0.0060166 -0.00447815 8.38476e-05 -0.00830799
internal_weight=551860 511274 493295 40586 169315 57756 111559 25818 323980 36070 289691 105470 44281 26485 24995 31938 287141 278809 181787 97022 80897 12683 52723 14436 38287 19600 61189 41581 20564 17979 16173 21017 19608 129064 122652 29567 93085 66180 29779 19523 15362 24222 31510 17796 6089 34670 27278 17049 11995 11112 9920 5666 4254 7040 23384 15916 9048 6216 16179 12532 4829 14908 4604
internal_count=551860 511274 493295 40586 169315 57756 111559 25818 323980 36070 289691 105470 44281 26485 24995 31938 287141 278809 181787 97022 80897 12683 52723 14436 38287 19600 61189 41581 20564 17979 16173 21017 19608 129064 122652 29567 93085 66180 29779 19523 15362 24222 31510 17796 6089 34670 27278 17049 11995 11112 9920 5666 4254 7040 23384 15916 9048 6216 16179 12532 4829 14908 4604
is_linear=0
shrinkage=0.05


Tree=66
num_leaves=64
num_cat=0
split_feature=0 25 5 0 16 36 27 14 8 39 8 11 44 0 1 1 0 36 38 38 13 16 13 27 1 28 31 25 14 0 32 24 11 44 11 31 43 38 32 26 44 22 5 3 0 11 13 39 13 31 13 22 14 11 38 40 13 25 33 22 13 16 32
split_gain=107.073 115.566 103.272 84.0006 75.1696 61.3541 58.2361 55.8118 54.8058 46.4295 46.1039 46.0266 49.6396 44.5073 49.6 42.171 40.4476 39.0977 54.0451 49.5112 39.3874 79.6689 38.8748 38.7221 37.9897 37.6291 36.8152 36.5304 35.9167 35.8789 35.3972 34.337 34.5775 34.8241 34.31 33.8655 31.9118 31.4566 33.9939 49.0816 33.3207 31.937 31.0274 30.4011 28.9691 28.8097 39.7137 43.8238 36.6504 34.2823 32.7856 29.4738 28.8352 28.6819 27.8547 27.7936 27.554 27.4666 33.0324 25.664 25.5521 70.4798 61.1219
threshold=80.225000000000009 985.85000000000002 76.52500000000002 327.25000000000006 -13.16856534889232 57.500000000000007 26.950000000000003 10.500000000000002 -72.97499999999998 1.0000000180025095e-35 -119.24999999999999 -0.78656609248549292 6279.5000000000009 13.550000000000002 73.825000000000003 35.95000000000001 228.25000000000003 512.50000000000011 33.350000000000001 37.650000000000013 4.5000000000000009 15.31777207645654 3.5000000000000004 196.50000000000003 91.02500000000002 15.320000000000002 -8.4530917045626826 981.05000000000007 6.5000000000000009 57.525000000000006 -14.182185927007987 1.4500000000000002 -0.9159756150367534 -10518.999999999998 0.25881904510252091 -3.1997434936258244 56.250000000000007 29.750000000000004 0.87195592180156833 25584.500000000004 -5236.2499999999991 75.500000000000014 170.25000000000003 21.750000000000004 32.95000000000001 -1.0000000180025095e-35 2.5000000000000004 1.1500000000000001 3.5000000000000004 -18.424041521844309 3.5000000000000004 87.500000000000014 5.5000000000000009 -0.70710678118654735 32.050000000000004 985.6500000000002 4.5000000000000009 974.25000000000011 11.250000000000002 69.500000000000014 1.0000000180025095e-35 -15.64759449391808 -4.3114084166034781
decision_type=2 2 10 2 2 2 8 2 8 2 8 2 2 2 10 10 2 2 2 2 2 2 2 10 8 2 2 2 2 2 2 2 2 2 2 2 2 2 2 2 2 2 10 8 2 2 2 2 2 2 2 2 2 2 2 2 2 2 2 2 2 2 2
left_child=2 3 6 9 28 25 15 13 -6 23 -7 -10 16 -8 17 60 22 18 31 29 -21 -22 42 30 43 -4 -20 -5 -3 37 56 32 -15 -34 -31 -24 -18 -19 39 -39 41 -40 -13 -12 -17 48 47 51 49 -45 -48 55 -50 -28 -42 -47 -2 58 -32 -52 61 -1 -63
right_child=1 4 5 27 8 10 7 -9 11 -11 24 12 -14 14 -16 44 36 19 26 20 21 -23 35 -25 -26 -27 53 -29 -30 34 57 -33 33 -35 -36 -37 -38 38 40 -41 54 -43 -44 45 -46 46 50 -49 52 -51 59 -53 -54 -55 -56 -57 -58 -59 -60 -61 -62 62 -64
leaf_value=0.1355215047048608 -0.55607276009635598 -0.87752963507465687 0.4908196200656878 -6.9654962258240181 0.91241903274209446 0.73657310731966674 0.062901306046715288 1.2933147127939266 -0.40791458636293476 -0.72566731049505762 -0.21212667664603019 -0.036530926572765847 -0.29611497416526761 -0.091047834762461033 0.082356035102989375 0.17023740561344691 0.019132945863061936 -0.10000592837650686 0.5221485400281719 0.089097739187857447 -0.19503772397693539 0.39534947183884245 0.93531708559185001 -0.7252773354375841 0.37698128943716774 3.1034085672530889 -0.04876201843174055 -2.3643857981446277 -0.060885878710563369 -0.30792637244503385 -0.96649511243563746 -0.2032623609815509 0.16948975832293467 -0.0098383065681499904 -0.03566983071167993 0.25816025017064742 -1.1178317610837689 0.025263886730953956 -0.017439142314242373 -0.10324231159097388 -0.042128806169263379 0.49031711394626126 0.58533488763294883 0.51488529053541654 0.060117288755665979 0.50354996261572849 -0.2807761905535438 -0.79637527779112738 0.21445037334899097 -0.20090113668682472 0.20828410268744904 -0.25970213105194706 -0.12175358188235351 0.49162850458072072 -0.1568717845361067 -0.12442993400309127 0.29221038621154738 -0.09231060121351789 -0.13606619160980601 -0.096166517205252697 0.018626453335400583 0.07396515934000307 -0.22210264521777462
leaf_weight=3184 5575 3612 5400 908 7405 1763 13214 1026 9295 2129 2046 17475 6125 16591 23113 9485 10631 16051 1845 10960 3917 866 4236 3338 4268 1028 2910 2162 2142 6789 1421 2479 4596 97631 3407 10807 3418 23887 5395 5824 6433 464 4133 520 17609 4420 1671 218 5236 6070 6275 511 1983 1182 9092 645 849 49020 2871 2601 64765 2089 4849
leaf_count=3184 5575 3612 5400 908 7405 1763 13214 1026 9295 2129 2046 17475 6125 16591 23113 9485 10631 16051 1845 10960 3917 866 4236 3338 4268 1028 2910 2162 2142 6789 1421 2479 4596 97631 3407 10807 3418 23887 5395 5824 6433 464 4133 520 17609 4420 1671 218 5236 6070 6275 511 1983 1182 9092 645 849 49020 2871 2601 64765 2089 4849
internal_value=-0.000168702 -0.00132157 0.000252036 -0.00282945 -2.302e-05 0.00251987 -2.95424e-05 -0.00042981 0.000407684 -0.00244889 0.00175988 -4.91531e-05 0.000484382 -0.000476337 -0.000629745 0.000981801 0.000998028 -0.000860911 -0.000291196 -0.00163963 0.00091628 -0.00286954 0.00187239 -0.00220376 0.00137807 0.00703951 0.00436668 -0.0109121 -0.00552659 -0.00215989 -0.00191091 -0.00051918 -0.000397667 -5.40464e-05 -0.0049235 0.00382404 -0.00128301 -0.00174024 -0.00113367 -3.95476e-05 -0.00265385 0.000558969 0.000513699 0.000790471 0.00267218 0.00119071 0.00261153 0.00593718 -0.000490622 -0.00318665 0.000784583 0.00679699 0.00197049 0.00172287 -0.00386634 0.00795163 -0.00541719 -0.00148841 -0.00532386 0.00199414 0.000370224 -0.00196601 -0.00479245
internal_weight=551860 147552 404308 68273 79279 44655 359653 257672 73525 65203 38227 66120 56825 256646 243432 101981 50700 220319 127234 93085 15743 4783 36651 63074 36464 6428 5937 3070 5754 77342 59736 121297 118818 102227 10196 15043 14049 67146 51095 29711 21384 5859 21608 32196 27094 30150 16341 5794 13809 6590 10547 5576 7219 4092 15525 5065 6424 53312 4292 8876 74887 10122 6938
internal_count=551860 147552 404308 68273 79279 44655 359653 257672 73525 65203 38227 66120 56825 256646 243432 101981 50700 220319 127234 93085 15743 4783 36651 63074 36464 6428 5937 3070 5754 77342 59736 121297 118818 102227 10196 15043 14049 67146 51095 29711 21384 5859 21608 32196 27094 30150 16341 5794 13809 6590 10547 5576 7219 4092 15525 5065 6424 53312 4292 8876 74887 10122 6938
is_linear=0
shrinkage=0.05


Tree=67
num_leaves=64
num_cat=0
split_feature=0 8 27 41 37 34 23 38 22 45 15 35 14 14 34 38 23 14 28 28 16 37 14 0 14 0 23 35 38 28 33 44 25 44 25 7 0 19 35 20 25 37 16 16 32 31 38 11 22 7 38 22 21 43 32 17 29 5 14 38 23 38 16
split_gain=102.223 87.7019 93.2359 61.5548 77.2244 74.5973 81.9953 75.1358 72.5791 65.8096 67.2369 60.8314 127.289 63.372 62.2882 60.1948 65.9856 57.3323 55.765 53.8372 51.0733 49.5717 49.1972 47.4106 46.8986 72.1961 53.9288 56.9129 45.8842 45.1814 60.0922 44.5315 44.1065 45.3461 43.0087 41.7183 58.0972 41.5713 40.3267 48.4901 46.2871 41.842 39.6377 39.5659 94.8963 46.7784 39.4742 38.8017 38.3309 38.0428 37.9991 50.9211 37.7461 69.2748 63.1174 37.1339 36.8579 37.4612 36.8318 36.7096 37.1047 80.7153 35.9928
threshold=499.50000000000006 -58.974999999999994 88.050000000000011 6059.5000000000009 31.500000000000004 0.14780378300014818 25.550000000000004 25.550000000000004 67.500000000000014 1.5000000000000002 1.0000000180025095e-35 -0.43049470426488839 4.5000000000000009 3.5000000000000004 0.16504132135358066 27.050000000000004 33.850000000000001 8.5000000000000018 1.0550000000000004 36.725000000000001 22.517314958084466 56.500000000000007 8.5000000000000018 57.025000000000006 9.5000000000000018 292.25000000000006 16.250000000000004 0.60181502315204816 23.250000000000004 0.22500000000000001 13.65 -4651.7499999999991 978.25000000000011 -6776.2499999999991 974.95000000000016 27.279800724637685 44.025000000000006 -0.94828754594723508 0.90255091666790865 -0.608738249238853 978.25000000000011 9.5000000000000018 13.1038422552698 -7.6971695474311286 -5.7843460965741142 12.469776187822729 32.95000000000001 0.25881904510252091 59.500000000000007 36.060416666666676 30.450000000000003 62.500000000000007 292.50000000000006 -272.49999999999994 4.2963961487018452 13.980176688153714 50.441916240147641 37.95000000000001 4.5000000000000009 33.750000000000007 27.050000000000004 27.050000000000004 12.157213929237605
decision_type=2 8 10 2 2 2 2 2 2 2 2 2 2 2 2 2 2 2 2 2 2 2 2 2 2 2 2 2 2 2 2 2 2 2 2 8 2 2 2 2 2 2 2 2 2 2 2 2 2 10 2 2 2 2 2 2 2 8 2 2 2 2 2
left_child=1 -1 3 4 8 34 7 20 35 10 15 12 14 18 -5 22 32 23 29 37 -7 -11 28 -14 25 26 -4 -28 -8 -13 -31 -12 33 42 50 -3 58 -20 39 41 -40 -15 -17 44 -36 -46 -18 -25 62 -16 51 -6 -30 54 -54 -34 57 -51 -37 60 61 -45 -29
right_child=-2 2 24 11 5 6 9 -9 -10 21 31 13 17 38 49 16 46 -19 19 -21 -22 -23 -24 47 -26 -27 27 48 52 30 -32 -33 55 -35 43 36 -38 -39 40 -41 -42 -43 -44 59 45 -47 -48 -49 -50 56 -52 -53 53 -55 -56 -57 -58 -59 -60 -61 -62 -63 -64
leaf_value=0.21279059677064716 -4.508221117395709 -0.17840565165489411 0.25338139764507556 -0.089384557594252192 -0.4724643667276226 0.11512588714311854 -1.3262524187036027 0.39029704198416248 -0.7756304478178877 0.34005061026195627 0.13945150876149823 -0.07344206457115221 -0.10312043041220642 -0.35761747242517955 -0.096573945992067811 0.2313843404731446 -0.18130856310275109 0.14726799910216357 -0.42493240256612808 0.23953853497514516 1.1505396319385364 -0.26271180163419366 0.31158691994186771 -0.67758712126663101 0.21358651699817785 -3.31177985152239 -0.11410898988050527 -0.38479842720139007 0.0047240071462339474 0.50461845544312156 0.018464282353675067 -0.25398893057446986 0.23852965110971125 0.024394447752918991 -0.32741842370983648 0.32454223128104054 0.21091944195431936 -0.13769152970110526 0.3622195353011971 -0.014291365767469134 0.027027234837902637 0.084186822169997733 -0.31854102780078347 0.015351334344746538 0.072296397223926334 -0.19811604563957008 0.084516247693346105 -0.2144254682413898 -0.62708979487491934 0.53271583120560351 0.013723854815140629 -0.087666995619027688 -0.18969690672306891 -0.2953388868532848 0.46318151513200007 -0.35371575013469014 -0.016459840047844666 0.28166737277368425 1.8895683853713721 0.63959738207289885 -0.05130605388936893 0.24404349918835086 0.13789741554943682
leaf_weight=29744 3582 1123 4683 5313 2674 23909 436 7649 554 874 1018 17111 22299 705 1188 7280 4906 2073 1348 424 1358 4212 2410 3385 7242 1248 31051 5467 12949 1047 3458 4605 14564 35935 7936 4748 12517 8699 3189 85131 4869 22303 519 44169 11595 2686 2486 2598 4309 1415 6840 11129 1920 4923 1585 684 1936 4117 1524 767 22004 5659 1779
leaf_count=29744 3582 1123 4683 5313 2674 23909 436 7649 554 874 1018 17111 22299 705 1188 7280 4906 2073 1348 424 1358 4212 2410 3385 7242 1248 31051 5467 12949 1047 3458 4605 14564 35935 7936 4748 12517 8699 3189 85131 4869 22303 519 44169 11595 2686 2486 2598 4309 1415 6840 11129 1920 4923 1585 684 1936 4117 1524 767 22004 5659 1779
internal_value=-0.000165441 -0.000110437 -0.000261892 -2.91191e-05 0.000457806 0.000215775 0.00101734 0.00318538 0.00341053 0.000312913 0.000605903 -0.000712068 -0.00233733 -0.000226255 0.0016125 0.000935185 0.00171377 -0.004155 -0.00219326 -0.00518814 0.00187102 -0.00523004 -0.00119824 -0.0047433 -0.00219303 -0.00275305 -0.00243979 -0.00299958 -0.00194723 -0.000742506 0.00371254 -0.00469945 0.00227188 0.00146454 -0.000716055 0.00390719 0.00446671 -0.00592465 0.000316919 6.26508e-05 0.00372921 0.00209927 0.0049205 -0.000265778 -0.00211212 0.000323857 -0.00273945 -0.00869547 -0.00599524 0.00422828 -0.00278424 -0.00429436 -0.00161973 -0.00422402 0.00114836 0.00458749 0.00555035 0.00762834 0.00839445 0.000299247 0.000183066 0.000938228 -0.0037745
internal_weight=551860 548278 518534 462755 270147 249681 134222 32916 20466 101306 96220 192608 44324 148284 13969 90597 66374 30355 32087 10471 25267 5086 24223 28282 55779 48537 47289 42606 21813 21616 4505 5623 58982 43734 115459 19912 18789 10047 116197 108139 8058 23008 7799 94816 22217 14281 7392 5983 11555 8656 20643 13803 21377 8428 3505 15248 7468 5532 6272 72599 71832 49828 7246
internal_count=551860 548278 518534 462755 270147 249681 134222 32916 20466 101306 96220 192608 44324 148284 13969 90597 66374 30355 32087 10471 25267 5086 24223 28282 55779 48537 47289 42606 21813 21616 4505 5623 58982 43734 115459 19912 18789 10047 116197 108139 8058 23008 7799 94816 22217 14281 7392 5983 11555 8656 20643 13803 21377 8428 3505 15248 7468 5532 6272 72599 71832 49828 7246
is_linear=0
shrinkage=0.05


Tree=68
num_leaves=64
num_cat=0
split_feature=0 5 25 27 0 2 23 32 38 36 37 32 16 27 11 13 43 21 13 0 11 37 11 13 36 5 22 38 0 29 43 16 26 32 18 7 16 14 40 31 7 21 13 18 40 31 44 13 15 31 12 11 22 14 14 40 5 38 27 26 22 12 31
split_gain=98.1653 128.608 113.806 74.2455 68.1017 71.539 64.2686 99.6672 66.9666 55.4577 53.4391 52.5519 51.8348 51.7542 48.6696 58.0062 48.5099 45.8202 44.9607 44.5456 43.997 49.5051 41.9579 43.384 41.9133 40.4319 40.3639 48.3866 40.2157 39.344 37.1636 73.3382 42.4849 56.2849 34.8251 34.6791 40.8706 35.0588 37.5337 34.5926 33.3461 35.4132 36.6606 43.8372 31.3956 30.9756 30.9292 30.4263 42.0457 38.7002 35.8371 31.0188 33.1141 30.2555 54.3802 50.7597 31.9871 31.4903 29.316 29.2766 31.205 31.1579 28.6875
threshold=108.05000000000001 122.25000000000001 985.25000000000011 260.25000000000006 28.550000000000004 43.550000000000004 24.850000000000005 -4.3114084166034781 27.850000000000005 37.500000000000007 91.500000000000014 -17.572445907063187 -13.16856534889232 48.550000000000004 -0.5 2.5000000000000004 -277.49999999999994 112.50000000000001 4.5000000000000009 499.50000000000006 0.60355339059327384 49.500000000000007 -0.60355339059327362 3.5000000000000004 86.250000000000014 29.950000000000003 91.500000000000014 23.450000000000003 59.650000000000013 1.222952163770038 37.500000000000007 -9.5193016773652985 3841.7500000000005 1.4523798735622533 9.9500000000000011 46.852128623188413 -4.8000684419659132 3.5000000000000004 987.25000000000011 -3.7993501325900905 119.05625000000002 1327.5000000000002 1.5000000000000002 7.9500000000000011 975.25000000000011 6.4680659710950605 8878.7500000000018 3.5000000000000004 1.0000000180025095e-35 -19.539818969403516 -0.3794095225512602 -0.25881904510252113 33.500000000000007 10.500000000000002 9.5000000000000018 986.75000000000011 124.25000000000001 15.450000000000001 172.25000000000003 25584.500000000004 62.500000000000007 0.37940952255126048 -5.407151639431456
decision_type=2 10 2 10 2 8 2 2 2 2 2 2 2 8 2 2 2 2 2 2 2 2 2 2 2 10 2 2 2 2 2 2 2 2 2 10 2 2 2 2 8 2 2 2 2 2 2 2 2 2 2 2 2 2 2 2 10 2 8 2 2 2 2
left_child=1 4 3 53 5 25 7 40 14 -4 12 -10 -11 17 46 26 -17 -13 47 22 21 -15 -14 29 -3 -1 27 34 -23 58 31 32 -29 -34 -16 36 44 38 -37 -9 41 42 -6 -44 -19 -31 -8 50 49 -49 -18 -51 -53 54 -2 56 62 -55 -24 60 61 -7 -56
right_child=2 24 9 -5 6 59 8 39 11 10 -12 13 19 20 15 16 18 35 -20 -21 -22 28 23 -25 -26 -27 -28 30 -30 45 -32 -33 33 -35 -36 37 -38 -39 -40 -41 -42 -43 43 -45 -46 -47 -48 48 -50 51 -52 52 -54 57 55 -57 -58 -59 -60 -61 -62 -63 -64
leaf_value=-0.008734051775332664 -0.39694317787849442 0.95004584236370904 0.53024418032556964 -2.2107195843530349 0.083095530834198128 0.15875720371755375 -0.17185595339666382 0.34321731300654468 0.4065699239410096 -0.84679398480341317 -1.0765331021397382 0.17293971737439495 -0.43810070255551958 -0.033222728706769712 0.18134033667949759 0.1153667668265202 -0.60601388661680389 0.10730779097690096 -0.064525268537477129 -4.1012144450908705 0.056662805203820346 -0.074406459973823336 0.63245979028690025 0.42709541481515673 0.16705659400819847 0.049426730417710729 -0.13421858900311265 0.7452571595942783 -0.32458550978161327 -0.62241248389363446 0.24927150754567828 -0.13135277989710512 0.62505454583652653 -0.26705132401311288 -0.60190533989277828 -0.15988725626094707 -0.073525095577952435 0.075921402638810531 0.12920224249087323 0.093500507715593886 0.27073433247388018 -0.36007935558762399 0.16176861916856072 -0.16078253552735333 -0.038046628967177601 0.13576731413206122 -0.44557792352778547 0.0064826380399244602 0.037168387308989782 0.069699096667292057 -0.052569872286263003 0.59681355124922175 -0.6181009734334838 0.16310172636951403 0.68083836570636436 2.0742826478909877 0.4462955798053761 -1.8662251952145112 -0.02934267388002465 -0.013618807179184955 0.075121007160574266 0.9356888000901411 -0.62106917063598444
leaf_weight=75833 22181 6101 13337 1744 8449 7631 11897 12772 2052 3474 3656 9457 8865 43611 499 3577 704 8764 12933 1687 14582 17473 2254 13949 13481 40571 4276 1753 9265 3487 4653 5314 1096 1174 908 4344 22804 28710 1894 13363 3842 562 2112 15101 9062 1475 1770 863 1058 412 4462 193 4373 705 594 807 2603 2132 13258 4485 13500 1538 2378
leaf_count=75833 22181 6101 13337 1744 8449 7631 11897 12772 2052 3474 3656 9457 8865 43611 499 3577 704 8764 12933 1687 14582 17473 2254 13949 13481 40571 4276 1753 9265 3487 4653 5314 1096 1174 908 4344 22804 28710 1894 13363 3842 562 2112 15101 9062 1475 1770 863 1058 412 4462 193 4373 705 594 807 2603 2132 13258 4485 13500 1538 2378
internal_value=-0.000161092 0.000149909 -0.001591 -0.0039781 -2.90529e-05 0.000861673 -0.000469783 0.00104847 -0.000834534 -0.000382018 -0.00111841 -0.000327001 -0.000678549 -0.000423026 -0.00224461 -0.00149851 -0.00293701 0.000448933 -0.0037163 -0.000224013 -0.00129605 -0.00181417 8.66291e-05 0.000876594 0.00411347 0.000322583 0.000590911 0.00178444 -0.00350812 -0.000588551 0.00267334 0.000854129 0.00594705 0.00143172 -0.00705402 3.8371e-05 -0.000954959 0.0011932 -0.00220423 0.00330687 -0.000914654 -0.00155201 -0.0012801 -0.00260414 0.000838663 -0.00446393 -0.00487854 -0.00591173 -0.00808451 -0.00974576 -0.00301007 -0.0114403 -0.0126259 -0.00342038 -0.00293124 0.00113601 -0.000560538 -0.00834508 0.000651109 0.00317264 0.00390291 0.00615389 -0.00410498
internal_weight=551860 453274 98586 33144 433692 143558 290134 56201 233933 65442 52105 172018 48449 169966 61915 48248 28575 85035 24998 44975 84931 70349 43288 34423 19582 116404 19673 15397 26738 20474 13990 9337 4023 2270 1407 75578 40630 34948 6238 26135 30066 26224 25662 17213 17826 4962 13667 12065 6899 5841 5166 4978 4566 31400 28563 6382 5575 2837 15512 27154 22669 9169 2972
internal_count=551860 453274 98586 33144 433692 143558 290134 56201 233933 65442 52105 172018 48449 169966 61915 48248 28575 85035 24998 44975 84931 70349 43288 34423 19582 116404 19673 15397 26738 20474 13990 9337 4023 2270 1407 75578 40630 34948 6238 26135 30066 26224 25662 17213 17826 4962 13667 12065 6899 5841 5166 4978 4566 31400 28563 6382 5575 2837 15512 27154 22669 9169 2972
is_linear=0
shrinkage=0.05


Tree=69
num_leaves=64
num_cat=0
split_feature=0 8 25 0 1 14 11 27 5 39 44 25 37 35 13 31 16 37 27 36 30 31 37 30 25 37 16 9 14 13 35 0 3 5 14 38 31 33 25 37 31 43 17 30 15 19 43 35 13 3 29 7 13 15 26 25 42 9 14 44 14 45 25
split_gain=91.3843 78.0683 74.8452 73.365 85.8791 78.5397 66.0026 65.1061 51.1662 50.6922 50.8097 51.0326 49.2359 45.6209 80.4911 44.1338 46.4262 46.2772 43.5689 43.0284 44.0879 42.6155 40.005 38.7506 37.2895 37.1877 36.8489 36.1047 45.7145 35.9402 68.2007 35.3999 42.5731 34.2644 33.5714 33.3991 33.2891 32.5267 32.4037 32.3007 57.5471 44.683 35.8657 31.6673 41.4349 32.1985 31.1131 30.6804 38.7641 30.6745 29.9929 29.9933 29.1933 28.4593 28.1628 28.0394 27.6293 27.398 29.6055 26.4888 33.2252 26.4394 26.2885
threshold=359.25000000000006 -89.949999999999989 981.85000000000002 42.025000000000006 39.550000000000004 9.5000000000000018 -0.37940952255126065 152.25000000000003 32.550000000000004 1.0000000180025095e-35 7683.7500000000009 971.05000000000007 49.500000000000007 0.73724926354828269 1.5000000000000002 9.1774782307652885 20.896388674756746 51.500000000000007 54.050000000000004 96.875000000000014 376.50000000000006 -11.219086758523618 18.500000000000004 21.500000000000004 983.95000000000016 6.5000000000000009 -0.8258882752846558 89.350000000000009 5.5000000000000009 1.5000000000000002 -0.22495105434386511 26.975000000000005 42.550000000000004 202.75000000000003 5.5000000000000009 25.150000000000002 -8.4530917045626826 8.2500000000000018 982.95000000000016 61.500000000000007 -3.1997434936258244 15.625000000000002 5.919433720617401 3.5000000000000004 1.0000000180025095e-35 0.28400453026986799 -457.49999999999994 0.82409480842201688 1.5000000000000002 59.025000000000006 2.2846627113510967 82.393750000000011 1.0000000180025095e-35 1.0000000180025095e-35 5175.7500000000009 986.95000000000016 -5.4499999999999993 31.625000000000004 7.5000000000000009 -1161.7499999999998 6.5000000000000009 1.5000000000000002 978.35000000000002
decision_type=2 8 2 2 10 2 2 10 10 2 2 2 2 2 2 2 2 2 10 2 2 2 2 2 2 2 2 8 2 2 2 2 10 8 2 2 2 2 2 2 2 2 2 2 2 2 2 2 2 8 2 8 2 2 2 2 2 10 2 2 2 2 2
left_child=1 27 -2 4 8 6 12 9 23 10 11 -8 21 25 -15 16 -7 -17 -14 20 52 29 -16 31 56 -13 -12 28 -1 30 -5 32 38 -31 46 -21 -36 -4 -3 40 -27 43 59 45 -45 -42 -20 -23 -49 -43 -48 -52 -10 -9 -47 -29 -24 58 -37 60 61 -41 -44
right_child=2 3 37 5 -6 15 7 53 19 -11 26 13 18 14 22 17 -18 -19 34 35 -22 47 24 -25 -26 39 -28 55 -30 33 -32 -33 -34 -35 36 57 -38 -39 -40 42 41 49 62 44 -46 54 50 48 -50 -51 51 -53 -54 -55 -56 -57 -58 -59 -60 -61 -62 -63 -64
leaf_value=1.1033228516978804 -6.8217367619718692 0.0033332437881366419 0.51198678296956612 -0.70773696165717315 0.085395230012974166 0.23652887673442607 -0.31435404501454878 -0.31815057943833025 -0.14151823202329422 -0.14851254546712772 -0.19212119241182801 -0.81837332544190999 -0.12918892630507747 0.24812215671801738 0.83987643959768787 -0.4326588600634505 3.5967470910017059 0.18937303803975888 0.31330287946409774 -0.098230184389639291 7.737708710026415 -0.13121131537038985 -0.10878423741319239 -0.13360069154164705 -0.19286333676841513 0.21101763192151257 -0.0055844501813381194 0.028605690416593887 -0.09098700042789365 0.30346111731217723 0.093877384716697154 -0.049068829366150229 0.080299291005178297 -0.18387764088421613 -0.20055435889950746 0.037809887516520549 -0.69679613709472898 -2.0165883602477961 -0.0706908825830036 0.38668173104483988 0.21889180705536593 -0.23787791884669787 0.013375305003721217 -0.01840652197114807 1.0250367362671131 1.0210465728408831 -0.020818653879627294 -0.30592932410404278 0.16630392038006528 0.0362125777907778 -0.18758926286683747 -0.6718452523894225 0.21275730698760051 -1.0791647271603286 -0.040815190037131903 0.83531677417199557 -0.58708087305837864 0.011544166591619699 0.23214808346883853 0.0035443009047937402 -0.12776807362607406 -0.45768962210617969 -0.25174918165862042
leaf_weight=1395 867 60131 2452 586 44202 31939 2818 8486 1526 12494 8957 296 24170 5519 310 5983 1170 6789 625 5510 361 28400 1447 5570 6542 22036 8880 6731 656 4756 1303 38817 10921 917 2075 5866 2485 6296 9913 6390 5250 6909 6924 11109 895 1292 2521 1704 4756 6601 2908 2275 10427 690 411 6024 3354 45919 3614 21212 1889 573 8016
leaf_count=1395 867 60131 2452 586 44202 31939 2818 8486 1526 12494 8957 296 24170 5519 310 5983 1170 6789 625 5510 361 28400 1447 5570 6542 22036 8880 6731 656 4756 1303 38817 10921 917 2075 5866 2485 6296 9913 6390 5250 6909 6924 11109 895 1292 2521 1704 4756 6601 2908 2275 10427 690 411 6024 3354 45919 3614 21212 1889 573 8016
internal_value=-0.000157739 -7.20615e-05 -0.0049896 -0.000172579 0.000465963 -0.000717166 -0.00108122 -0.000494036 2.22838e-05 -0.000244132 3.26964e-05 0.000403404 -0.00225809 0.000563582 -0.00181691 0.0011775 0.00214066 -0.00131929 -0.00358955 0.00107241 0.00376807 -0.00109495 -0.00417275 -0.000591135 -0.00465706 0.000973167 -0.00245697 0.00350871 0.00966602 0.00230759 -0.00366596 -0.000401563 0.000193602 0.00429667 -0.00593723 0.000527426 -0.00938596 -0.00360082 -0.000259123 0.00102581 0.00184439 0.000505898 3.44414e-05 0.00207179 0.000516495 0.00475694 -0.00404911 -0.00183305 0.00127709 -0.00169134 -0.00491952 -0.00709531 0.00324814 -0.00458261 0.0107311 0.00251862 -0.00800354 0.000896677 0.00334388 0.00102947 0.00332693 0.00492245 -0.00196787
internal_weight=551860 542245 9615 527439 242777 284662 238781 159300 198575 150124 137630 119793 79481 116975 17172 45881 33109 12772 37059 73223 12314 42422 11653 125352 11343 99803 17837 14806 2051 7562 1889 119782 80965 5673 12889 60909 4560 8748 70044 99507 54503 32467 45004 18957 12004 6953 8329 34860 6460 13510 7704 5183 11953 9176 1703 12755 4801 55399 9480 30064 8852 6963 14940
internal_count=551860 542245 9615 527439 242777 284662 238781 159300 198575 150124 137630 119793 79481 116975 17172 45881 33109 12772 37059 73223 12314 42422 11653 125352 11343 99803 17837 14806 2051 7562 1889 119782 80965 5673 12889 60909 4560 8748 70044 99507 54503 32467 45004 18957 12004 6953 8329 34860 6460 13510 7704 5183 11953 9176 1703 12755 4801 55399 9480 30064 8852 6963 14940
is_linear=0
shrinkage=0.05


Tree=70
num_leaves=64
num_cat=0
split_feature=0 5 29 0 1 23 32 37 36 5 36 32 27 31 23 37 0 11 23 30 29 15 26 15 31 26 29 7 0 19 41 21 11 3 25 38 3 21 27 33 29 38 26 23 37 20 16 8 35 9 38 42 32 18 19 19 19 25 37 32 23 25 37
split_gain=89.6076 133.448 82.2118 70.7792 81.14 61.0642 100.17 65.1098 59.9409 53.0203 56.166 52.9719 47.8056 47.2768 55.7398 48.051 46.84 46.6001 65.7606 43.0395 71.1769 52.0306 46.528 62.2911 42.5718 41.8328 40.5678 45.8078 40.4505 40.1022 41.1594 39.8826 38.6471 36.0812 39.6417 34.7686 52.553 38.3051 34.4154 34.3157 43.5566 37.3048 32.5002 32.2736 32.207 32.0094 31.584 31.5064 30.8414 30.8282 30.7076 30.5654 30.5435 30.4679 29.9411 29.8877 29.6913 34.6221 29.545 29.4582 39.7231 29.0607 28.9716
threshold=151.75000000000003 140.75000000000003 4.7686172292052929 37.025000000000006 39.550000000000004 24.550000000000004 -4.3114084166034781 50.500000000000007 46.250000000000007 47.550000000000004 102.50000000000001 -8.1652484880493592 37.050000000000004 -4.4334294095262221 32.050000000000004 23.500000000000004 292.25000000000006 -0.60355339059327362 35.650000000000013 5.5000000000000009 207.83232698725675 1.0000000180025095e-35 3780.5000000000005 1.0000000180025095e-35 -3.7993501325900905 39147.000000000007 104.8974240305353 83.991287878787901 4.830000000000001 0.36648727148060617 2633.0000000000005 150.62500000000003 -0.37940952255126065 42.550000000000004 982.95000000000016 34.050000000000004 113.17500000000001 797.50000000000011 43.95000000000001 16.150000000000002 33.753036056870336 30.950000000000003 25584.500000000004 40.350000000000001 33.500000000000007 0.79332313182700764 -4.3419082664877662 8.0000000000000071 0.50751903745502724 59.250000000000007 23.450000000000003 12.150000000000004 6.7820127819355349 7.9500000000000011 0.72534675097891099 -0.93663652364155492 0.43049470426488845 986.75000000000011 82.500000000000014 -12.629606555058759 31.850000000000005 980.05000000000007 47.500000000000007
decision_type=2 10 2 2 10 2 2 2 2 10 2 2 8 2 2 2 2 2 2 2 2 2 2 2 2 2 2 10 2 2 2 2 2 10 2 2 8 2 8 2 2 2 2 2 2 2 2 10 2 8 2 2 2 2 2 2 2 2 2 2 2 2 2
left_child=1 3 8 4 9 6 44 13 48 28 38 46 -9 14 -7 -16 55 18 -14 29 22 43 23 56 31 45 35 52 -1 47 32 58 -31 34 49 -17 37 -37 62 40 41 -35 -41 61 -5 -24 -10 -15 -2 -30 51 -19 -28 -46 -26 -4 -21 -58 -8 -3 -61 -22 -11
right_child=2 59 16 5 -6 7 24 12 11 10 -12 -13 17 19 15 26 -18 50 -20 20 21 -23 25 -25 54 -27 27 -29 33 30 -32 -33 -34 39 -36 36 -38 -39 -40 42 -42 -43 -44 -45 53 -47 -48 -49 -50 -51 -52 -53 -54 -55 -56 -57 57 -59 -60 60 -62 -63 -64
leaf_value=0.15672874106517731 -0.23959898250019229 0.02849295373410712 0.26420748010286949 -0.27740269059809058 0.10597222314721509 0.25010961077397131 0.3152293644482822 -0.01484540346821539 -1.234151267834444 2.1168436614574837 0.036683723834369263 -0.13775531671893831 -0.16926454008947225 0.051995932317035989 0.3368211837449423 -0.17394378448547357 -3.9681386457479522 -0.51842265926452313 -0.65359846361469076 -0.2604964009023556 -0.26328184123570247 0.86876402784372331 0.0071504760754748098 0.53766276954037717 0.14828378566728589 -0.34808164085013582 -0.1685559163548577 0.080266173362278093 0.018980406363675151 0.079597663809034991 0.059319669067542075 0.71543459913552465 1.0539400224885807 0.035495191761804268 -0.070461959108519698 0.26683969823903642 0.52640929239325851 -0.087817933503901643 0.096082531151228334 0.012872831240861622 -0.14676264826950541 0.19140230851262247 -0.11900844558566002 0.20205422098515419 0.19785733700266805 -0.22033744260326751 -0.54442083181611556 -0.15162518336857522 0.66863741603774296 -0.026195261410154248 -0.077237170851937098 0.49781584532472112 -0.73945421582981763 -0.066635377454231787 -0.22971050162297854 -0.76005345956207648 -0.80959630824478213 0.07175152600766535 -0.2379187543711698 0.5297118630632317 -0.11819144097403007 0.093965874242858585 0.3521736278768578
leaf_weight=3530 7386 4936 1004 4931 28798 10644 8868 30952 3946 955 22047 21269 14293 11843 2246 3296 1166 1805 1938 3741 2818 1105 11793 693 12485 2070 1727 1485 43405 863 6409 4061 1252 8819 16946 1953 1368 4125 2322 7083 1838 7948 2381 2006 4365 3141 9660 8891 9189 61001 52532 216 1094 27060 2736 6246 3506 569 1523 16174 1850 3127 2431
leaf_count=3530 7386 4936 1004 4931 28798 10644 8868 30952 3946 955 22047 21269 14293 11843 2246 3296 1166 1805 1938 3741 2818 1105 11793 693 12485 2070 1727 1485 43405 863 6409 4061 1252 8819 16946 1953 1368 4125 2322 7083 1838 7948 2381 2006 4365 3141 9660 8891 9189 61001 52532 216 1094 27060 2736 6246 3506 569 1523 16174 1850 3127 2431
internal_value=-0.000157105 6.51431e-05 -0.0019836 -0.000117049 0.000566576 -0.000668901 0.000644035 -0.00111692 -0.00123421 0.000173763 0.00218429 -0.00241075 -0.00198799 -0.000151201 0.00156418 -0.000187926 -0.00656488 -0.00270471 -0.00505668 -0.000902048 -0.00209653 0.00171157 -0.00344824 -0.00646668 0.00279968 -0.00193778 -0.00120614 -0.00530655 -0.000191074 0.000509262 0.00339629 0.00474329 0.00944444 -0.000316053 -0.000689729 0.000437535 0.00233011 0.000337282 0.00660477 0.00129948 0.00254636 0.00334735 -0.00115173 0.000298705 -0.00111536 -0.00101446 -0.00484713 -0.000677631 0.00124133 -0.000325652 -0.00200493 -0.00805294 -0.00904821 -0.000525855 0.000954274 -0.00506897 -0.00774053 -0.0106933 0.00310124 0.00378702 0.00472426 -0.00155172 0.00981985
internal_weight=551860 491994 59866 469034 209504 259530 66029 193501 51450 180706 27755 34875 101736 91765 27938 17294 8416 70784 16231 63827 34569 9056 25513 8509 29673 17004 15048 4306 152951 29258 8524 14452 2115 149421 121352 10742 7446 6078 5708 28069 18605 16767 9464 7951 36356 14934 13606 20734 16575 104406 54553 2021 2821 31425 15221 7250 7816 4075 10391 22960 18024 5945 3386
internal_count=551860 491994 59866 469034 209504 259530 66029 193501 51450 180706 27755 34875 101736 91765 27938 17294 8416 70784 16231 63827 34569 9056 25513 8509 29673 17004 15048 4306 152951 29258 8524 14452 2115 149421 121352 10742 7446 6078 5708 28069 18605 16767 9464 7951 36356 14934 13606 20734 16575 104406 54553 2021 2821 31425 15221 7250 7816 4075 10391 22960 18024 5945 3386
is_linear=0
shrinkage=0.05


Tree=71
num_leaves=64
num_cat=0
split_feature=0 8 0 25 16 43 5 40 8 27 44 11 13 29 29 16 13 0 6 28 15 25 35 27 14 25 43 16 35 37 18 9 14 41 15 21 37 25 20 27 14 13 40 11 13 13 24 33 37 11 25 40 27 41 29 40 16 13 32 5 35 2 4
split_gain=85.0413 73.064 77.7225 81.3076 73.6706 63.1053 61.2325 60.6363 55.2443 55.08 49.8895 56.9797 48.4533 50.4448 99.3759 45.4981 45.0923 41.8956 39.611 34.862 69.1865 50.8378 45.5704 34.6295 34.4519 34.4408 34.2057 38.6365 61.3425 33.5563 31.5064 31.2925 39.8743 30.9786 30.3806 31.6578 29.9835 29.2369 28.6532 28.6399 40.0089 77.1959 65.6799 47.0198 38.7141 51.0449 60.9586 37.922 32.0938 38.6246 31.5017 51.316 31.0278 28.5947 28.4223 33.5359 28.2097 46.6028 30.0463 27.5815 29.6666 27.5248 27.3295
threshold=499.50000000000006 -89.949999999999989 65.725000000000009 981.35000000000002 -7.6971695474311286 -162.49999999999997 27.050000000000004 981.1500000000002 251.67500000000004 110.25000000000001 5918.2500000000009 -0.78656609248549292 3.5000000000000004 1.1363488969389313 11.443402393208748 9.3378193657509332 3.5000000000000004 14.050000000000002 57.416666666666679 22.005000000000003 1.0000000180025095e-35 983.35000000000002 0.90255091666790865 196.50000000000003 3.5000000000000004 990.35000000000002 -49.374999999999993 -15.842736325502921 0.35019404643548474 38.500000000000007 7.3500000000000005 84.550000000000011 5.5000000000000009 32047.000000000004 1.0000000180025095e-35 1272.5000000000002 71.500000000000014 986.95000000000016 -0.5 36.95000000000001 6.5000000000000009 3.5000000000000004 977.35000000000002 0.25881904510252091 1.5000000000000002 1.0000000180025095e-35 0.15000000000000005 16.450000000000003 47.500000000000007 0.78656609248549325 978.35000000000002 978.05000000000007 75.050000000000011 8703.7500000000018 6.6480831684382107 994.45000000000016 -7.3844723907163914 2.5000000000000004 10.062186938661261 344.25000000000006 0.49240481012316878 32.95000000000001 84.02500000000002
decision_type=2 8 2 2 2 2 8 2 10 8 2 2 2 2 2 2 2 2 10 2 2 2 2 8 2 2 2 2 2 2 2 8 2 2 2 2 2 2 2 8 2 2 2 2 2 2 2 2 2 2 2 2 8 2 2 2 2 2 2 8 2 10 10
left_child=1 31 6 8 5 9 26 36 -4 16 11 -6 13 23 29 61 -5 -8 19 39 21 22 -21 -13 54 -17 27 28 38 30 -15 32 -1 34 35 53 -7 -33 -3 40 41 50 -43 -44 45 46 -42 -46 49 -41 -19 -52 -51 -28 55 -9 57 58 -55 -2 -61 -16 -31
right_child=59 2 3 4 10 7 17 24 -10 -11 -12 12 -14 14 15 25 -18 18 -20 20 -22 -23 -24 -25 -26 -27 33 -29 -30 62 -32 37 -34 -35 -36 -37 -38 -39 -40 48 44 42 43 -45 47 -47 -48 -49 -50 52 51 -53 -54 56 -56 -57 -58 -59 -60 60 -62 -63 -64
leaf_value=1.0527175967616789 -6.3567617989984306 0.46333732199711242 -0.15215840755694809 0.96712700286933517 -0.2507750918222284 -0.49097240918117147 0.11551613460458175 -0.17806471472915053 -3.8927025611949833 -0.61895706241396553 -0.1680953047031446 0.45083134005682113 0.29503467176485931 0.5251933174426856 0.49617443728325483 0.64947599029247527 -0.40619150688452682 -0.081341588905573178 0.082052883119069581 -0.15831640757374218 4.4867133358014923 0.32421129556389011 0.45427380437682507 0.074994358563633831 -0.046475057594776638 -0.53150122520825549 0.032820319753172393 -0.072142520253242678 -0.21286473678268636 -0.3880058455275851 -0.37674076285231595 0.021478516873747112 -0.08956146614427124 -0.068345132135363959 -0.12085132697384789 0.13100683720695799 -1.2741032015418359 0.85892347315383943 0.057634413506526982 0.0069333520760815233 -0.10251887267314658 0.37458987013164879 -0.018941644538661428 0.4540605822362011 -0.0029998742624121723 0.17748696465733715 0.32086292974393776 -0.095269893868158387 -0.041866617723489333 0.78970743282527212 0.62489094363144737 0.01996148381584837 -0.010166934808989581 0.037743147695796557 -0.83879310666539553 -1.3466508763037637 0.0059377315731895947 -0.16255770567577216 -0.21075286774150259 -4.2832979813810308 1.0209801300693742 -0.24438634518512178 -1.0032427119477685
leaf_weight=1286 1674 1126 54792 1863 12590 2986 14713 4465 538 898 13189 5073 31576 521 623 2968 693 8192 42897 3414 816 2498 730 22160 8482 499 35278 36405 1632 1745 2363 7026 620 5610 2913 3689 893 6518 6360 31032 5321 6463 5830 2515 26012 7839 1585 8256 62276 1665 871 5934 1063 3843 2315 565 12767 4397 624 873 1035 4111 2354
leaf_count=1286 1674 1126 54792 1863 12590 2986 14713 4465 538 898 13189 5073 31576 521 623 2968 693 8192 42897 3414 816 2498 730 22160 8482 499 35278 36405 1632 1745 2363 7026 620 5610 2913 3689 893 6518 6360 31032 5321 6463 5830 2515 26012 7839 1585 8256 62276 1665 871 5934 1063 3843 2315 565 12767 4397 624 873 1035 4111 2354
internal_value=-0.00015176 -0.000101591 -0.000199877 -0.00105154 -0.000335145 -0.00287565 0.000228307 -0.00396833 -0.00264323 0.00335843 0.00025458 0.000690955 0.00122005 0.000116109 -0.0021931 0.00153945 0.00710094 0.000682513 0.000513634 0.000191979 0.00353982 0.00185185 -0.0015444 0.00140363 -0.00259525 0.00589126 -0.000722236 -0.00178646 0.00112415 -0.00657669 -0.00244452 0.00328803 0.00928646 -2.13394e-05 0.000293256 0.000533021 -0.00957077 0.00244389 0.00303901 4.91839e-05 0.000755538 0.00220013 0.00476094 0.00183044 -0.000122927 0.00201933 -0.00111497 -0.00104471 -0.00053053 0.0007109 -0.000328399 0.00218589 0.00641496 0.000242053 -0.00510211 -0.00299205 -0.00118927 -0.00335627 0.000240654 -0.00783082 -0.00372117 -0.00164766 -0.00948402
internal_weight=551860 548278 532828 178262 122932 23160 354566 19706 55330 3454 99772 86583 73993 42417 15184 8201 2556 239922 225209 182312 7458 6642 4144 27233 15827 3467 114644 45523 9118 6983 2884 15450 1906 69121 63511 60598 3879 13544 7486 174854 78818 29805 14808 8345 49013 14745 6906 34268 96036 33760 14997 6805 2728 56909 7345 5030 21631 8864 4467 3582 1908 4734 4099
internal_count=551860 548278 532828 178262 122932 23160 354566 19706 55330 3454 99772 86583 73993 42417 15184 8201 2556 239922 225209 182312 7458 6642 4144 27233 15827 3467 114644 45523 9118 6983 2884 15450 1906 69121 63511 60598 3879 13544 7486 174854 78818 29805 14808 8345 49013 14745 6906 34268 96036 33760 14997 6805 2728 56909 7345 5030 21631 8864 4467 3582 1908 4734 4099
is_linear=0
shrinkage=0.05


Tree=72
num_leaves=64
num_cat=0
split_feature=0 5 29 0 1 25 16 5 41 33 30 43 13 34 38 26 27 16 32 44 0 9 12 28 26 34 25 7 41 25 22 11 33 43 38 32 38 8 38 23 31 29 10 4 34 16 5 21 14 13 23 29 7 27 44 37 18 34 13 13 11 15 23
split_gain=83.5761 111.185 77.3283 71.0927 74.0603 62.2813 67.3624 53.4468 54.1405 51.6893 48.424 47.7452 43.7345 87.3766 43.0893 50.2315 43.0151 39.8574 52.6632 53.6478 39.7551 39.7247 39.6227 39.3294 37.3198 46.5977 44.8229 35.5843 35.0087 34.6412 37.6835 53.9618 34.5021 33.3044 39.6891 32.7125 32.6711 32.0457 31.6226 38.8349 34.6331 31.6018 40.2995 38.8609 37.2235 31.5842 30.8035 40.3219 30.462 51.8243 43.8676 38.9544 33.5645 31.7315 31.184 33.436 30.1044 30.0769 29.0652 29.0361 46.9888 38.2605 29.0239
threshold=188.25000000000003 164.25000000000003 80.146998816415746 47.050000000000004 51.550000000000004 984.45000000000016 -12.705097661614213 38.525000000000006 2277.5000000000005 9.0500000000000025 316.50000000000006 -1.0000000180025095e-35 3.5000000000000004 -0.043617726472722225 35.550000000000004 11892.500000000002 73.825000000000003 -5.1967781547033187 -0.96018751614332332 -6550.7499999999991 499.50000000000006 47.050000000000004 -0.3794095225512602 19.065000000000005 19717.500000000004 -0.62932039104983761 982.75000000000011 129.34767156862748 12095.500000000002 971.05000000000007 85.500000000000014 0.60355339059327384 10.65 121.25000000000001 23.750000000000004 -12.14047144687823 25.150000000000002 -107.64999999999999 27.050000000000004 30.850000000000005 6.8377611421508222 1.222952163770038 24.625000000000004 93.125000000000014 -0.4539904997395468 -19.868337442263961 31.550000000000004 1102.5000000000002 8.5000000000000018 1.0000000180025095e-35 33.350000000000001 1.1823965240841976 29.189583333333335 9.8450000000000006 -5063.7499999999991 52.500000000000007 17.950000000000003 -0.087155742747658124 1.0000000180025095e-35 1.0000000180025095e-35 0.25881904510252091 1.0000000180025095e-35 28.750000000000004
decision_type=2 10 2 2 10 2 2 10 2 2 2 2 2 2 2 2 8 2 2 2 2 10 2 2 2 2 2 10 2 2 2 2 2 2 2 2 2 8 2 2 2 2 8 10 2 2 10 2 2 2 2 2 8 8 2 2 2 2 2 2 2 2 2
left_child=1 3 9 4 7 16 23 11 10 -2 37 17 41 46 21 -16 29 18 -1 24 33 -10 -4 -7 25 -20 -27 -18 59 -5 31 45 -33 -11 -35 -3 -23 -9 -21 40 -40 42 -8 -43 -45 -31 47 -14 49 54 51 62 53 -51 55 -19 -48 -53 -39 60 -13 -61 -50
right_child=2 35 22 5 -6 6 12 8 14 20 -12 28 13 -15 15 -17 27 48 19 38 -22 36 -24 -25 -26 26 -28 -29 -30 30 -32 32 -34 34 -36 -37 -38 58 39 -41 -42 43 -44 44 -46 -47 56 -49 50 52 -52 57 -54 -55 -56 -57 -58 -59 -60 61 -62 -63 -64
leaf_value=-0.079335345161415383 0.19542304011294506 -0.0021860386823545851 0.062833620443420557 -0.2400900206727796 0.11366483892098361 -0.32604008217456681 -0.21310638586097147 1.4159060975729738 0.075375980268425471 -0.34104797922878721 6.3602252160032382 0.042842612872179497 -0.055847030150908243 0.48616234504093286 0.5158152541980392 0.046798524868138361 -0.17132262416355948 -0.11420880616377005 -0.092562231520733285 -0.11337335736603481 -4.6782845369337238 -0.15256532811274703 -2.8596299269137901 1.2429287808415654 -0.030553080883285979 0.36165087118360439 -0.2635157150371788 0.11529498396524154 -0.017950912142952035 0.23075230527364812 -0.15264364442820411 0.31799232941898947 0.049996961383165853 -1.3172192768222724 0.20317484372404043 0.46434132243087806 -0.013654105587352694 -0.067258692916343774 0.14394957009632825 -0.1000168013514366 -0.082619982057025351 -0.016624684577158221 0.22733034985203632 0.042491569039897127 -0.61091852278406622 -0.054456028331005872 0.19449290084551871 -0.61898192651632811 0.22939982483813237 0.19994499769005128 0.53874791309577486 -0.18832952579771611 -0.014242623680212691 -0.10290699332700443 -0.1547873454283113 -0.50019200846009793 -0.14837847633252843 0.69749790164539316 0.16213213512405497 0.057300476273389661 -0.15931665869421308 -0.11421276278055514 -0.07381993963671997
leaf_weight=11977 11475 4929 425 5211 24399 7439 4831 465 10793 20744 510 4571 5195 12037 1928 5159 52266 510 1114 5791 2259 4594 1405 340 2542 5636 427 5072 33736 2480 10117 5034 10963 3160 1118 16321 29154 3581 6837 3391 1795 16726 14332 1837 3865 44937 9781 1043 1970 779 791 1451 16838 15457 3485 1008 3444 117 19994 45457 3355 2133 1329
leaf_count=11977 11475 4929 425 5211 24399 7439 4831 465 10793 20744 510 4571 5195 12037 1928 5159 52266 510 1114 5791 2259 4594 1405 340 2542 5636 427 5072 33736 2480 10117 5034 10963 3160 1118 16321 29154 3581 6837 3391 1795 16726 14332 1837 3865 44937 9781 1043 1970 779 791 1451 16838 15457 3485 1008 3444 117 19994 45457 3355 2133 1329
internal_value=-0.000149404 2.39598e-05 -0.00233332 -0.000129585 0.000407216 -0.000805255 0.000293681 0.000149291 0.00125233 -0.00185907 0.00318534 -0.000337832 0.000764458 0.00216984 0.000333153 0.00395442 -0.00145833 -0.00119917 -4.80891e-05 0.00115589 -0.00304333 -0.000243035 -0.012377 -0.00412971 0.00414394 0.00598788 0.00771483 -0.00250009 0.000465536 -0.000699754 -0.000420571 3.15388e-05 0.00254266 -0.00246983 -0.00648668 0.00356471 -0.00108747 0.0028619 -0.000474346 0.00098769 0.00276877 -0.000299945 0.0011911 -0.00157393 -0.00513855 -0.000815636 9.89056e-05 -0.00279737 -0.00223905 -0.00274772 0.00118416 -0.000590713 -0.0020303 -0.00365238 -0.00749051 -0.0134717 0.00146503 -0.00707908 0.00260551 0.00123748 -0.00156447 0.00170414 0.00249318
internal_weight=551860 511274 40586 490024 273074 216950 80870 248675 76178 38756 24550 172497 73091 31500 51628 7087 136080 83245 39510 27533 27281 44541 1830 7779 9719 7177 6063 57338 89252 78742 73531 63414 15997 25022 4278 21250 33748 24040 17814 12023 8632 41591 19163 22428 5702 47417 19463 6238 43735 38077 5658 4867 33074 16236 5003 1518 13225 1568 23575 55516 7926 47590 3299
internal_count=551860 511274 40586 490024 273074 216950 80870 248675 76178 38756 24550 172497 73091 31500 51628 7087 136080 83245 39510 27533 27281 44541 1830 7779 9719 7177 6063 57338 89252 78742 73531 63414 15997 25022 4278 21250 33748 24040 17814 12023 8632 41591 19163 22428 5702 47417 19463 6238 43735 38077 5658 4867 33074 16236 5003 1518 13225 1568 23575 55516 7926 47590 3299
is_linear=0
shrinkage=0.05


Tree=73
num_leaves=64
num_cat=0
split_feature=0 25 1 0 36 28 15 8 38 38 14 25 23 37 15 38 16 34 22 38 18 34 14 37 26 14 0 43 14 43 40 44 16 9 44 11 17 11 25 44 16 8 14 43 11 17 17 23 18 12 31 37 38 23 5 38 7 31 18 31 38 42 16
split_gain=77.9749 97.5704 92.2006 64.967 58.1578 74.6476 65.4002 65.0832 53.3614 53.2408 121.652 53.2358 52.8133 101.492 81.8412 64.4364 52.7874 52.6827 58.1229 56.7489 50.493 50.392 56.7835 57.874 49.7654 49.0992 49.075 44.4495 43.8633 61.8589 50.0367 58.825 42.2222 41.6776 41.2386 42.308 39.404 38.9258 37.5772 36.927 42.1571 36.2944 35.757 39.4512 35.2238 47.7061 34.4255 34.2054 40.5342 34.0737 34.2545 33.9739 45.3685 33.7024 35.8396 33.5943 33.4147 32.8282 33.9786 47.8008 32.5255 34.3932 32.6164
threshold=95.125000000000014 985.1500000000002 97.325000000000003 327.25000000000006 305.62500000000006 13.075000000000001 1.0000000180025095e-35 -107.64999999999999 30.450000000000003 30.850000000000005 8.5000000000000018 982.05000000000007 27.050000000000004 31.500000000000004 1.0000000180025095e-35 27.850000000000005 -13.16856534889232 -0.087155742747658124 62.500000000000007 27.150000000000002 7.9500000000000011 0.84335933205092517 7.5000000000000009 84.500000000000014 7069.2500000000009 4.5000000000000009 29.950000000000003 -427.49999999999994 7.5000000000000009 -192.49999999999997 979.35000000000002 -8365.2499999999982 17.946222168678876 111.25000000000001 6661.7500000000009 -0.78656609248549292 9.6396682892465133 -0.60355339059327362 987.75000000000011 -1208.7499999999998 9.6908770710553309 -72.97499999999998 5.5000000000000009 1.0000000180025095e-35 -0.78656609248549292 12.773125433613867 -4.6366208486258218 23.950000000000003 9.3500000000000032 0.1294095225512602 1.9705954902745093 6.5000000000000009 38.650000000000013 36.250000000000007 54.050000000000004 34.250000000000007 90.810416666666683 -22.566990342462024 19.250000000000004 1.2413497588342977 24.550000000000004 3.6000000000000014 -7.6971695474311286
decision_type=2 2 10 2 2 2 2 8 2 2 2 2 2 2 2 2 2 2 2 2 2 2 2 2 2 2 2 2 2 2 2 2 2 10 2 2 2 2 2 2 2 8 2 2 2 2 2 2 2 2 2 2 2 2 10 2 10 2 2 2 2 2 2
left_child=2 3 4 -2 5 7 11 -1 12 10 33 32 15 46 17 21 -3 18 -15 39 -12 27 23 -23 -24 -8 57 -9 30 -30 31 -21 -7 -6 35 -18 55 38 -35 -19 -41 -37 43 -20 -31 -46 -14 60 -49 -22 -51 -28 53 54 -53 -10 -55 -11 -59 -60 62 -62 -29
right_child=1 16 -4 -5 9 6 25 8 36 26 20 -13 13 14 -16 -17 34 19 42 28 49 22 24 -25 -26 -27 51 47 29 44 -32 -33 -34 37 -36 41 -38 -39 -40 40 -42 -43 -44 -45 45 -47 -48 48 -50 50 -52 52 -54 56 -56 -57 -58 58 59 -61 61 -63 -64
leaf_value=0.65960727557476417 -0.24741551384702307 -0.64007139547498726 0.21080265507253274 -3.5257551061579266 -0.037531272301533442 0.11514863522947216 0.026031551544605947 0.23077390908080703 0.028242582867368339 0.31578020701906906 0.39214247363461729 0.48049120918829441 -0.056386389198292135 -0.41398288910227904 -0.43623073071902252 0.17073825359289474 -0.38532730716580521 -0.2044110831831617 0.66408577461886065 0.3487628185826836 -0.012740106170414035 0.20702135038627656 0.14612606322585392 -0.21489664011749687 0.85800924637694953 7.9882743745310343 -0.3210759773332435 -0.18453960889818599 -0.13956046101073669 0.041972150625803839 -0.25871656986139197 -0.018059352690336272 -0.65880437271247494 -0.27288860257528258 -0.37226765623099428 1.0551537047488704 0.35121435214029373 -0.08560847380452119 -0.0037115446782074015 -0.070185717104644205 0.42019109173168251 0.090396607804526075 -0.073677654194662601 -0.33793230436610683 0.37035208576222484 -0.34500913026831015 0.90906919419686472 0.065910698633228834 -0.10928420641401099 0.33670645111811948 -0.0057977306606193241 -0.043115334273227834 0.086476027221607105 -0.15702645958884834 0.079643947534513496 0.44630190383082535 0.17922155544076504 0.048671826521597517 0.12738541807172651 -0.092104480967473867 0.070149029054441855 0.70494463986801736 0.054247983750232681
leaf_weight=2843 40301 5566 18675 2439 59609 4083 436 3418 15188 700 2017 5073 938 3731 2439 10915 9104 6285 609 2263 6037 6430 4991 3549 1527 875 1375 5930 1832 2327 1811 15009 897 6516 5849 5722 3808 18166 1783 6030 809 48526 16437 302 4534 358 2364 4911 20787 2328 1593 39043 12438 12275 13102 2292 1361 39869 2545 5155 2246 1181 20308
leaf_count=2843 40301 5566 18675 2439 59609 4083 436 3418 15188 700 2017 5073 938 3731 2439 10915 9104 6285 609 2263 6037 6430 4991 3549 1527 875 1375 5930 1832 2327 1811 15009 897 6516 5849 5722 3808 18166 1783 6030 809 48526 16437 302 4534 358 2364 4911 20787 2328 1593 39043 12438 12275 13102 2292 1361 39869 2545 5155 2246 1181 20308
internal_value=-0.000148951 -0.00129163 0.000160181 -0.00319724 5.7737e-06 0.000651065 0.00458025 0.00040078 0.000279251 -0.000536271 -0.00141281 0.00321048 -4.45644e-05 -0.00108552 -0.0015214 0.000777615 -0.000202295 -0.00116985 -0.00320343 -0.000130884 0.00330898 0.000257047 0.00269898 0.000328189 0.00632863 0.0150839 0.000135888 -0.000428285 0.00113564 0.00400232 -0.000224021 0.000605025 -0.000461847 -0.00206973 0.000174492 0.000545366 0.00262589 -0.00372095 -0.00655802 -0.00284593 -0.000303407 0.00107469 -0.00198582 0.00765642 0.00608464 0.00849346 0.00746517 -0.000769919 -0.00210522 0.00184776 0.00547692 -0.000626932 -0.00048997 -0.00101359 -0.000434845 0.00162185 -0.00322675 0.00139375 0.00123557 -0.00180519 0.000386819 0.0049679 -0.000211525
internal_weight=551860 117507 434353 42740 415678 189766 11364 178402 175559 225912 98049 10053 154271 68078 64776 86193 74767 62337 21079 41258 11975 75278 16497 9979 6518 1311 127863 58781 28134 9051 19083 17272 4980 86074 69201 63352 21288 26465 8299 13124 6839 54248 17348 911 7219 4892 3302 55363 25698 9958 3921 79594 78219 65781 52145 17480 13636 48269 47569 7700 29665 3427 26238
internal_count=551860 117507 434353 42740 415678 189766 11364 178402 175559 225912 98049 10053 154271 68078 64776 86193 74767 62337 21079 41258 11975 75278 16497 9979 6518 1311 127863 58781 28134 9051 19083 17272 4980 86074 69201 63352 21288 26465 8299 13124 6839 54248 17348 911 7219 4892 3302 55363 25698 9958 3921 79594 78219 65781 52145 17480 13636 48269 47569 7700 29665 3427 26238
is_linear=0
shrinkage=0.05


Tree=74
num_leaves=64
num_cat=0
split_feature=0 5 14 16 0 6 11 0 22 27 12 25 29 13 37 5 29 37 38 23 31 36 38 32 27 23 35 13 22 42 27 22 16 29 23 22 13 35 23 37 28 20 13 22 30 38 28 8 34 28 16 7 35 37 0 36 34 38 44 30 23 11 31
split_gain=75.165 96.64 69.5162 69.4365 66.3184 74.0545 52.8472 47.1931 43.5206 48.0573 64.9748 56.1887 53.7183 47.0528 42.3223 41.7831 47.982 38.1898 43.1222 36.9265 36.7246 50.894 65.3221 48.5108 39.128 36.8729 37.4033 38.7684 45.9072 35.8461 35.6238 34.7789 39.8035 35.9413 34.7383 33.6998 32.9224 47.6643 49.6636 50.9705 40.6736 40.1346 35.2672 61.6417 61.3562 56.6002 53.9162 37.1015 36.5714 36.0232 35.7456 35.7288 33.1169 33.0944 32.8705 32.8529 32.8302 32.1594 31.8781 31.6208 31.1472 29.4277 32.5527
threshold=192.25000000000003 164.25000000000003 5.5000000000000009 6.6456999851684389 31.950000000000006 37.204166666666687 -0.37940952255126065 692.00000000000011 87.500000000000014 92.050000000000011 -0.9159756150367534 973.95000000000016 1.0607883203753661 2.5000000000000004 92.500000000000014 47.550000000000004 37.433024699619885 47.500000000000007 26.650000000000002 17.250000000000004 -6.9327775695226199 1027.5000000000002 33.95000000000001 -4.1839692616091275 66.65000000000002 28.150000000000002 -0.017452406437283484 1.5000000000000002 81.500000000000014 10.950000000000005 308.50000000000006 56.500000000000007 12.607549686587724 80.146998816415746 14.350000000000003 6.5000000000000009 2.5000000000000004 0.72534675097891099 22.950000000000003 46.500000000000007 35.555000000000014 0.49240481012316878 1.0000000180025095e-35 59.500000000000007 101.50000000000001 27.050000000000004 5.785000000000001 -72.97499999999998 0.59480013772226081 12.305000000000001 -10.079894083473281 43.617028985507254 -0.93663652364155492 51.500000000000007 4.830000000000001 82.500000000000014 -0.061046214993534818 26.250000000000004 1158.7500000000002 569.50000000000011 35.350000000000001 -0.78656609248549292 -16.74878721915136
decision_type=2 10 2 2 2 10 2 2 2 8 2 2 2 2 2 10 2 2 2 2 2 2 2 2 10 2 2 2 2 2 10 2 2 2 2 2 2 2 2 2 2 2 2 2 2 2 2 8 2 2 2 8 2 2 2 2 2 2 2 2 2 2 2
left_child=1 4 3 30 5 15 14 17 9 10 35 13 -11 -12 20 54 -17 18 -4 -14 21 22 25 -23 58 26 -6 -28 -29 36 -2 -21 33 -33 -10 -8 42 38 41 52 -41 -38 44 45 46 49 47 -13 -48 -44 -45 -47 -40 -49 -1 -7 -5 -36 59 -22 -25 62 -27
right_child=2 -3 7 56 6 55 8 -9 34 12 11 29 19 -15 -16 16 -18 -19 -20 31 24 23 -24 60 -26 61 27 28 -30 -31 -32 32 -34 -35 57 -37 37 -39 39 40 -42 -43 43 50 -46 51 48 53 -50 -51 -52 -53 -54 -55 -56 -57 -58 -59 -60 -61 -62 -63 -64
leaf_value=0.14364989800826705 -1.3049304084042399 0.3367931465262301 -1.7991747169658774 0.39070958617990736 0.28334448377653099 0.62691691684434581 0.431588565833399 -8.2827793288224232 0.24055106119112574 0.062424564438829579 0.1027715001083625 1.5062660102212353 0.18561575512753059 -0.21199104150505779 -0.34418325387040982 0.052586357822255805 0.4557557370215512 0.14382229422127654 0.33454957335948637 -0.087361026395152849 -0.11573007960081841 0.18436527510600156 0.34967072820906586 -0.031834179251593618 -0.24595189707510931 -0.29900126039303965 -0.28140482524287203 0.48249442834772183 -0.32166243790352483 -0.079005898948321648 -4.1127518352174546 -0.15510420085196 -1.0422273715492332 -0.74726287651689027 -0.19042510985000288 -0.055215459660378219 0.68408157898738975 -0.19121238869119159 -0.21041579369171123 -0.041993993173479544 1.0819156811056991 0.16450690415702551 -0.33875167112749943 0.67437202623682591 4.4297300734658895 -0.095529950478506376 -0.07979493110817415 0.43209541432264809 -0.81710119932054759 0.58107688569882598 0.30714781846403494 0.33556864828751015 0.29893486592358992 -0.04079773705954795 -0.0048445281050158336 0.099086881140613953 -1.1429953838490128 -0.038019721262131601 0.0054468130067185433 0.30814896177584394 -0.37655627287623283 0.028532655068487858 -0.062601333354049424
leaf_weight=3560 7750 21896 2580 3461 5051 1667 514 1064 4308 26176 3529 311 3877 5694 1887 17573 2626 19736 1808 21768 38965 954 4100 1848 15192 2509 1876 2490 787 5566 705 8221 1126 1484 10227 29017 3352 4411 971 15679 612 3212 2803 3114 414 1060 1375 2330 679 904 6101 4383 8610 4138 126287 19409 1908 14685 23718 962 2966 8753 7121
leaf_count=3560 7750 21896 2580 3461 5051 1667 514 1064 4308 26176 3529 311 3877 5694 1887 17573 2626 19736 1808 21768 38965 954 4100 1848 15192 2509 1876 2490 787 5566 705 8221 1126 1484 10227 29017 3352 4411 971 15679 612 3212 2803 3114 414 1060 1375 2330 679 904 6101 4383 8610 4138 126287 19409 1908 14685 23718 962 2966 8753 7121
internal_value=-0.000138713 2.22288e-05 -0.00225443 -0.00510344 -0.000122721 0.000671743 -0.000547791 -0.000690805 -5.24543e-05 0.000251559 0.00088689 0.00163285 -0.000851529 -0.00203567 -0.00138175 0.000281914 0.0023974 -0.000236279 -0.00445533 -0.00209179 -0.00126223 4.55077e-06 0.000768654 -0.00432559 -0.00188015 -7.78326e-05 0.00233242 -0.000664661 0.00261672 0.00211603 -0.00792726 -0.00264042 -0.00495568 -0.00392324 -0.00183607 -0.00111493 0.00244846 0.00147027 0.00213343 0.00114796 -0.000553987 0.00601767 0.0037538 0.00502178 0.00123554 0.00211475 0.000353787 0.00250406 -0.00674294 -0.00265039 0.0079083 0.0053601 0.00404185 0.00169295 -4.71709e-05 0.00344705 -0.000656547 -0.00255299 -0.00133593 -0.00219839 -0.00636685 -0.00141571 -0.00332295
internal_weight=551860 512848 39012 13824 490952 171122 319830 25188 200651 171431 108779 79248 62652 9223 119179 150046 20199 24124 4388 36476 117292 38455 32687 5768 78837 28587 10204 5153 3277 70025 8455 32599 10831 9705 29220 29531 64459 36847 32436 25872 16291 6564 27612 18365 9247 9150 8833 6779 2054 3707 9215 5443 9581 6468 129847 21076 5369 24912 63645 39927 4814 18383 9630
internal_count=551860 512848 39012 13824 490952 171122 319830 25188 200651 171431 108779 79248 62652 9223 119179 150046 20199 24124 4388 36476 117292 38455 32687 5768 78837 28587 10204 5153 3277 70025 8455 32599 10831 9705 29220 29531 64459 36847 32436 25872 16291 6564 27612 18365 9247 9150 8833 6779 2054 3707 9215 5443 9581 6468 129847 21076 5369 24912 63645 39927 4814 18383 9630
is_linear=0
shrinkage=0.05


Tree=75
num_leaves=64
num_cat=0
split_feature=0 14 14 0 27 1 0 2 0 25 44 16 11 39 24 11 37 43 43 2 19 25 34 38 32 14 8 37 37 8 14 36 9 29 22 14 42 37 15 19 0 37 38 34 0 28 9 13 22 15 14 30 28 40 35 27 27 21 13 32 36 16 43
split_gain=73.2005 106.488 71.6691 66.5449 53.95 54.1904 53.4514 50.094 48.8022 44.0334 46.4728 41.7038 41.6705 39.2042 39.0473 42.16 62.7588 63.4709 41.4424 36.6921 33.788 62.5966 55.4883 46.6378 43.8694 42.7967 38.0505 34.497 33.3321 37.3153 41.0789 32.8772 32.8511 32.7923 32.6079 32.2374 31.9075 31.8161 30.4134 30.2503 29.2052 28.6091 52.5487 28.117 27.8008 27.5212 27.1433 27.0529 39.3687 53.4985 45.6425 30.1679 29.1388 35.1189 27.8324 26.4994 26.1681 26.0166 47.1187 31.1659 26.9185 28.52 30.95
threshold=132.25000000000003 10.500000000000002 5.5000000000000009 401.25000000000006 26.950000000000003 107.17500000000001 81.02500000000002 41.525000000000006 692.00000000000011 982.45000000000016 5576.0000000000018 -13.16856534889232 -0.78656609248549292 1.0000000180025095e-35 2.1500000000000008 0.60355339059327384 69.500000000000014 -142.49999999999997 21.250000000000004 177.25000000000003 0.86159635224327558 976.25000000000011 0.14780378300014818 41.650000000000013 0.75953199500957391 8.5000000000000018 5.0000000000000018 47.500000000000007 50.500000000000007 -9.6000000000000014 3.5000000000000004 807.50000000000011 133.25000000000003 9.2762893256559398 6.5000000000000009 7.5000000000000009 -22.849999999999994 59.500000000000007 1.0000000180025095e-35 -0.77714596145697057 52.025000000000006 40.500000000000007 28.850000000000005 0.68832836526074803 93.02500000000002 1.3550000000000002 116.25000000000001 2.5000000000000004 72.500000000000014 1.0000000180025095e-35 4.5000000000000009 5.5000000000000009 6.6200000000000019 979.05000000000007 -0.72534675097891077 203.25000000000003 64.625000000000014 232.50000000000003 1.0000000180025095e-35 13.67911994715819 77.500000000000014 8.8291495629105174 357.50000000000006
decision_type=2 2 2 2 8 10 2 10 2 2 2 2 2 2 2 2 2 2 2 10 2 2 2 2 2 2 8 2 2 10 2 2 10 2 2 2 2 2 2 2 2 2 2 2 2 2 8 2 2 2 2 2 2 2 2 8 10 2 2 2 2 2 2
left_child=1 4 3 9 7 6 14 57 12 43 11 -11 19 -8 15 18 17 -17 28 -4 22 24 23 33 35 26 31 -28 29 30 -6 37 40 45 -31 -22 -30 -24 55 -35 -3 42 -14 -2 -7 -20 -47 48 49 52 -51 54 53 -19 -49 -13 -43 58 -1 60 -59 62 -62
right_child=2 32 8 -5 5 44 13 -9 -10 10 -12 38 41 -15 -16 16 -18 47 20 -21 21 -23 25 -25 -26 -27 27 -29 36 34 -32 -33 -34 39 -36 -37 -38 -39 -40 -41 -42 56 -44 -45 -46 46 -48 51 -50 50 -52 -53 -54 -55 -56 -57 -58 59 -60 -61 61 -63 -64
leaf_value=-0.1454044231522498 -0.9261408490334514 1.625566015014738 0.0088653761136112119 -5.5686079098326022 -0.078844278185502686 0.23495505513884912 -0.12955513383873934 0.1002505773000268 -7.8686403623813028 -0.99408095115647255 -0.77839341832731967 0.31297737549340054 -1.1356498677627769 -0.62671833998793758 -0.16440379947294131 0.40941743672347181 -0.014832421618818271 0.24220329696618084 0.022006129374188246 -1.5633500748389455 0.36491482703860334 -0.10277679064366395 0.38547760514385071 0.30924690175311786 -0.01659641131116878 0.33076438875034314 0.15259879477084987 -0.088994919509880435 0.57136683123032805 0.56238944616876951 0.17717126153025065 -0.00083860240945288211 1.6567600215721101 0.020554422743259373 -0.055238274414691958 -0.039921058018294708 -0.071657672948887627 0.10015479795536444 -0.84910075660099149 -0.16614386920940524 0.27378997166386271 0.1230310027753868 0.42244124434821018 -0.22614733901035181 0.04976652797057373 0.020730434300381885 -0.16464930131896216 0.320776300990749 0.42999124437286396 -0.067876568566599987 7.1639177472461713 -0.14560215623157555 -0.3189329117097362 -0.075407619737651921 0.002685592165809947 -0.18102779173003719 0.70789821140209497 0.20708769044215211 0.081545101837900633 -0.19291188476869645 -0.0083160410712641141 -0.057209200762973395 0.089363411701118223
leaf_weight=2704 4307 597 3070 1515 6283 9544 40682 29494 1064 2244 3027 6900 2486 1751 4006 7094 41360 2445 23799 2885 2565 17057 4510 1098 6965 2922 3674 7833 677 372 11546 5173 2424 3901 28518 918 65751 7278 1346 8404 6608 22528 1904 2750 16465 1856 2335 1951 2167 409 614 5370 1561 3459 5495 12209 5812 3031 18970 1324 35425 12754 6674
leaf_count=2704 4307 597 3070 1515 6283 9544 40682 29494 1064 2244 3027 6900 2486 1751 4006 7094 41360 2445 23799 2885 2565 17057 4510 1098 6965 2922 3674 7833 677 372 11546 5173 2424 3901 28518 918 65751 7278 1346 8404 6608 22528 1904 2750 16465 1856 2335 1951 2167 409 614 5370 1561 3459 5495 12209 5812 3031 18970 1324 35425 12754 6674
internal_value=-0.000132461 9.42314e-05 -0.00159527 -0.00326987 -1.28155e-05 -0.000310921 -0.000483199 0.000953559 -0.000150318 -0.00279642 -0.00183666 -0.00106062 0.000140235 -0.00214043 -0.00024018 -0.000171362 0.000875565 0.00259365 -0.000524164 -0.00370697 0.000215878 -0.00127704 0.000780059 -0.000422173 0.00177067 0.0023654 0.00177392 -0.000445381 -0.0011801 -0.000156788 0.00164199 0.00327958 0.0052991 -0.000699218 -0.00126687 0.00635228 -0.0018998 0.00473787 -0.00035077 -0.00285047 0.00360514 0.000840208 -0.00291572 -0.00629517 0.00188685 0.000246517 -0.00348962 0.00134102 0.00320272 0.00166706 0.01239 -0.000206773 0.000197589 0.00180386 0.00185334 0.000160919 0.00142202 0.000310329 0.00179247 -0.000232232 -5.87382e-05 -0.000312198 0.000315328
internal_weight=551860 477813 74047 34298 468184 357808 331799 110376 39749 32783 25726 22699 38685 42433 289366 285360 71925 30565 213435 5955 100288 27505 72783 41393 10448 31390 28468 11507 113147 46719 17829 16961 9629 40295 28890 3483 66428 11788 20455 12305 7205 32730 4390 7057 26009 27990 4191 23471 10655 8488 1023 12816 7465 5904 7446 19109 28340 80882 21674 59208 57884 54853 42099
internal_count=551860 477813 74047 34298 468184 357808 331799 110376 39749 32783 25726 22699 38685 42433 289366 285360 71925 30565 213435 5955 100288 27505 72783 41393 10448 31390 28468 11507 113147 46719 17829 16961 9629 40295 28890 3483 66428 11788 20455 12305 7205 32730 4390 7057 26009 27990 4191 23471 10655 8488 1023 12816 7465 5904 7446 19109 28340 80882 21674 59208 57884 54853 42099
is_linear=0
shrinkage=0.05


Tree=76
num_leaves=64
num_cat=0
split_feature=0 36 0 12 1 11 8 45 3 14 35 44 39 0 14 26 10 31 32 13 17 23 26 5 13 41 0 4 40 28 44 16 23 27 13 14 5 31 14 11 27 9 25 14 11 31 20 26 23 27 26 3 43 27 13 14 25 26 14 25 4 36 16
split_gain=69.2794 60.1591 76.2749 71.1834 60.4727 57.7535 54.7704 49.1128 47.9134 47.2471 43.6911 39.1447 37.5716 35.3845 44.337 35.4574 35.0101 33.8963 38.3349 40.3071 33.2701 33.1054 34.8996 32.7538 30.5167 28.8986 27.9005 27.8347 27.3842 30.1601 37.2353 28.7132 26.3959 26.2681 25.6932 33.6505 24.8181 25.4406 35.5451 31.1974 25.1829 24.0969 31.059 23.7638 23.4841 29.2037 30.4002 28.7551 30.8035 28.4453 22.9844 26.4839 22.8694 26.9545 29.3779 22.864 22.348 21.1813 27.1727 36.2585 21.6776 21.6074 21.1278
threshold=427.25000000000006 52.500000000000007 84.02500000000002 -0.3794095225512602 89.02500000000002 1.0000000180025095e-35 -32.979999999999997 1.0000000180025095e-35 148.75000000000003 5.5000000000000009 0.60181502315204816 -10868.249999999998 0.15000000000000005 29.525000000000002 6.5000000000000009 20093.500000000004 9.4850000000000012 -5.0925753415214707 0.22686400612547072 1.5000000000000002 3.2434223767570498 25.850000000000005 1761.2500000000002 61.025000000000013 5.5000000000000009 630.25000000000011 42.525000000000006 88.02500000000002 990.05000000000007 63.375000000000007 10872.500000000002 -7.6971695474311286 24.050000000000004 30.550000000000004 3.5000000000000004 3.5000000000000004 22.450000000000003 -0.51731925900108011 8.5000000000000018 0.78656609248549325 59.050000000000004 31.625000000000004 976.35000000000002 1.5000000000000002 0.78656609248549325 9.3518108495185661 -0.70088257582277225 584.25000000000011 14.550000000000002 156.25000000000003 4216.7500000000009 40.975000000000009 301.25000000000006 203.25000000000003 5.5000000000000009 3.5000000000000004 980.85000000000002 480.25000000000006 4.5000000000000009 980.95000000000016 78.950000000000017 340.62500000000006 23.350071039769698
decision_type=2 2 2 2 10 2 8 2 10 2 2 2 2 2 2 2 10 2 2 2 2 2 2 8 2 2 2 8 2 2 2 2 2 8 2 2 8 2 2 2 8 10 2 2 2 2 2 2 2 8 2 8 2 8 2 2 2 2 2 2 10 2 2
left_child=1 6 4 5 7 8 26 13 -4 -2 12 -8 17 14 15 -3 -13 34 52 -20 -10 -21 -23 -18 -11 -26 -1 -25 29 -7 -31 -30 -6 -9 57 -36 -15 38 40 -39 -38 42 -16 -35 47 -46 -47 -12 -49 -48 51 -37 53 54 -19 -34 -42 -5 59 -59 -61 -62 -28
right_child=9 2 3 10 32 28 11 33 20 24 44 16 -14 36 41 -17 23 18 19 21 -22 22 -24 27 25 -27 62 -29 31 30 -32 -33 55 43 35 50 37 39 -40 -41 56 -43 -44 -45 45 46 49 48 -50 -51 -52 -53 -54 -55 -56 -57 -58 58 -60 60 61 -63 -64
leaf_value=0.86644419305710452 -6.0393106387312017 0.22369005185358262 -0.53929309367193079 0.15728228078157117 0.44647824388733226 -0.025491623834829637 0.52404028867603225 0.0053937035873952155 0.17405094843858804 -0.71775115347205232 0.013093307870852656 -0.15993588863463948 -0.81234487287176549 -0.073691886255535979 0.024392499517006439 -0.002247015426598642 -0.04195383825060213 0.015798735016806464 0.075674036203307801 -0.347565685804892 -1.0297112261604757 -1.5915002590974574 -0.52841312993488143 0.33402136616207373 4.8263397446560523 -7.5307446083641851 0.42979190740952655 0.12727519691943465 -0.58142880605030089 1.2524888807573409 -0.47621847050873356 0.51409417854065576 -0.075295037147057986 0.75087497443673856 0.68330723951410877 -0.38217373292850826 0.068939909022978182 -0.04885799883611204 0.38539347588585871 0.11942194837234572 -0.065998396028204787 0.00090431255312077856 0.19392881539764753 -0.035651497707642713 -1.3342550478074391 -0.86855061831357294 0.72467065106959372 0.16406117118876029 -0.55698976910268472 -0.53626315818825221 -0.7091459428399165 0.16800004787821285 -0.65610020047106876 -0.29986127677796443 1.2375751693840087 0.16218727104640254 0.11431419040252591 0.025806181388221373 -0.031067238357896668 -0.20301839924233037 -1.2007128347182281 -0.014775331279483696 3.8986536460317525
leaf_weight=1760 1152 11384 6715 2909 3448 17850 1838 76131 5997 4152 3617 7921 1148 10779 6179 4042 15677 3436 1222 1400 917 1485 966 9265 138 538 9683 18267 969 624 221 9644 3371 742 2289 1340 24798 32047 1915 6115 12408 29981 3540 137814 2212 559 465 1669 8412 1015 702 5402 1022 6448 804 10012 5730 1302 5251 845 1398 283 495
leaf_count=1760 1152 11384 6715 2909 3448 17850 1838 76131 5997 4152 3617 7921 1148 10779 6179 4042 15677 3436 1222 1400 917 1485 966 9265 138 538 9683 18267 969 624 221 9644 3371 742 2289 1340 24798 32047 1915 6115 12408 29981 3540 137814 2212 559 465 1669 8412 1015 702 5402 1022 6448 804 10012 5730 1302 5251 845 1398 283 495
internal_value=-0.000132461 -7.38257e-05 -0.000266646 -0.00149148 5.70398e-05 4.94911e-05 0.00135504 -7.8588e-05 -0.00263959 -0.00548495 -0.00264015 0.000665496 -0.00171366 0.000619133 0.00162446 0.00389926 0.000407784 -0.0014479 -0.00313561 -0.00676621 0.000282036 -0.00927681 -0.0127805 0.00096797 -0.003314 -0.0131657 0.00441447 0.00200676 0.00129999 0.000148435 0.0093787 0.00332847 0.00298705 -0.000562563 -0.00014387 0.00176462 2.8254e-05 0.000321335 0.00112874 -0.000627588 0.00083147 0.000740554 0.00290411 -0.000972531 -0.00468689 -0.00793343 -0.00361697 -0.00367937 -0.00505158 0.000135135 0.000134336 0.00103085 -0.00156277 -0.000879491 0.00221698 0.00198199 -0.000584408 -0.00169336 -0.00288303 -0.00608673 -0.00958036 -0.0128644 0.00340931
internal_weight=551860 545880 480974 100538 380436 42937 64906 363605 13629 5980 57601 52968 39652 148918 55126 15426 51130 38504 16783 5073 6914 3851 2451 43209 4828 676 11938 27532 29308 18695 845 10613 16831 214687 21721 9733 93792 83013 44851 38162 42936 39700 9719 138556 17949 4251 2039 13698 10081 1480 7444 6742 11710 10688 4240 13383 18138 11988 9079 3828 2526 1681 10178
internal_count=551860 545880 480974 100538 380436 42937 64906 363605 13629 5980 57601 52968 39652 148918 55126 15426 51130 38504 16783 5073 6914 3851 2451 43209 4828 676 11938 27532 29308 18695 845 10613 16831 214687 21721 9733 93792 83013 44851 38162 42936 39700 9719 138556 17949 4251 2039 13698 10081 1480 7444 6742 11710 10688 4240 13383 18138 11988 9079 3828 2526 1681 10178
is_linear=0
shrinkage=0.05


Tree=77
num_leaves=64
num_cat=0
split_feature=0 5 40 0 1 1 0 5 8 36 26 38 32 0 7 11 44 35 40 30 38 30 41 23 38 9 14 23 34 38 13 38 44 9 16 19 32 40 3 41 44 23 37 14 0 30 15 4 41 10 40 11 36 37 38 23 29 31 36 29 33 36 13
split_gain=65.1228 81.1658 73.8639 62.9581 64.3596 48.9382 71.5805 43.4049 44.475 38.1754 35.5209 40.6917 33.52 32.6828 34.8911 32.6576 45.2276 33.8667 50.2465 43.4773 43.2906 34.5853 32.3389 35.9787 31.9859 32.0911 41.115 31.866 38.7067 37.5044 31.5069 30.6648 30.6383 36.4398 29.3273 29.0959 44.2534 28.8971 28.0701 38.1185 28.0618 36.511 27.9809 27.9352 27.6826 27.6122 33.7591 29.893 27.2296 27.1547 26.9858 25.8299 25.5155 24.9523 24.8969 24.7702 24.7322 24.5419 24.5067 24.2708 25.8424 25.478 39.4596
threshold=223.25000000000003 179.25000000000003 979.45000000000016 57.025000000000006 56.025000000000006 85.02500000000002 104.07500000000002 33.45000000000001 -58.974999999999994 46.250000000000007 1289.0000000000002 28.450000000000003 -8.1652484880493592 26.975000000000005 25.175735294117651 0.60355339059327384 -2600.2499999999995 -0.3090169943749474 978.25000000000011 32.500000000000007 34.850000000000001 45.500000000000007 30677.500000000004 36.750000000000007 37.150000000000013 66.950000000000017 6.5000000000000009 24.550000000000004 0.83385407025023295 23.450000000000003 4.5000000000000009 21.950000000000003 877.75000000000011 183.25000000000003 -7.6971695474311286 0.71322329076259938 -3.6440502240922634 977.75000000000011 148.75000000000003 10459.750000000002 77.249999999999957 31.550000000000004 61.500000000000007 4.5000000000000009 28.550000000000004 48.500000000000007 1.0000000180025095e-35 110.12500000000001 7334.5000000000009 92.925000000000026 974.25000000000011 1.0000000180025095e-35 77.500000000000014 92.500000000000014 25.550000000000004 22.950000000000003 9.2762893256559398 8.4977817612202653 37.500000000000007 35.3957653837846 9.0500000000000025 1167.5000000000002 1.0000000180025095e-35
decision_type=2 10 2 2 10 8 2 10 10 2 2 2 2 2 10 2 2 2 2 2 2 2 2 2 2 10 2 2 2 2 2 2 2 8 2 2 2 2 10 2 2 2 2 2 2 2 2 8 2 10 2 2 2 2 2 2 2 2 2 2 2 2 2
left_child=1 3 -2 4 7 15 -7 13 24 49 11 -10 -11 14 32 17 -17 18 19 22 27 37 23 48 25 26 -9 28 -19 -29 51 -30 33 35 -3 -1 -37 -22 39 45 41 -36 -35 -21 52 46 47 -8 56 -4 -34 -13 -12 -46 -54 -47 -5 -20 -49 60 61 62 -16
right_child=2 34 9 5 -6 6 38 8 10 12 44 30 -14 -15 59 16 -18 20 57 43 21 -23 -24 -25 -26 -27 -28 29 31 -31 -32 -33 50 42 40 36 -38 -39 -40 -41 -42 -43 -44 -45 53 55 -48 58 -50 -51 -52 -53 54 -55 -56 -57 -58 -59 -60 -61 -62 -63 -64
leaf_value=-0.068824379623680529 -3.1653859149518193 -0.051196523097351322 -0.28115387120025231 -0.018854139973886786 0.091980254755405291 0.10065790847502304 0.13679383158538735 0.55747908010511515 0.014097476470849468 -1.3276175432490618 0.32822873169084055 0.22337637856176074 -0.32743138858820803 -0.04114993989233378 -0.22928472362062902 0.28249828617741951 -0.071976594302155569 -0.086668148551087759 -0.033528947218183627 -0.054358131134078128 0.13250098735516622 0.30957502465996489 0.31448828094624431 -0.68191385733993659 0.57026893790315658 0.030380822217474401 0.032796400922016571 -0.64566565465543546 -0.041537539070392884 -0.16862337034433433 -0.0015982557235484419 0.82275468865160273 -0.064598907285280269 -0.19303221394983516 1.0192801456471305 -0.15533990982967069 0.049004607774076565 -0.20093300415843895 0.079136435951786599 -0.44396144128936676 0.1732559511974909 -0.55555463074051947 -0.073467476968561735 -0.75533653044535543 -0.012949223453990744 1.4162847795895059 -0.50778245317388693 0.31488765320410805 -0.42249745886391032 1.4255406689095473 0.037573039330657726 0.74638918122826514 -0.086225996622002143 -0.16571346955877478 0.04120829569758238 -0.73872817463082907 -0.45772046965344437 -0.47271951446991722 -0.24951238440057183 -0.096796881696125436 0.018120969385265737 0.25086333705145947 0.11427528257948807
leaf_weight=13625 1280 4431 6609 4170 34250 36732 11247 2804 10531 6781 2848 4212 11550 75827 896 5381 21341 10175 8091 445 3310 2091 290 1124 843 7165 1990 1198 1070 23410 2103 1156 4400 910 7924 2467 12190 2453 13220 5254 8494 376 2713 1863 55255 185 2562 3278 1729 2785 15125 1500 3351 3633 26107 2108 1011 711 13495 2272 25830 2177 7506
leaf_count=13625 1280 4431 6609 4170 34250 36732 11247 2804 10531 6781 2848 4212 11550 75827 896 5381 21341 10175 8091 445 3310 2091 290 1124 843 7165 1990 1198 1070 23410 2103 1156 4400 910 7924 2467 12190 2453 13220 5254 8494 376 2713 1863 55255 185 2562 3278 1729 2785 15125 1500 3351 3633 26107 2108 1011 711 13495 2272 25830 2177 7506
internal_value=-0.000130558 -2.62979e-06 -0.00243665 -0.000130774 0.00028664 -0.000882468 -4.22906e-05 4.31872e-05 0.000757712 -0.0018945 0.000431806 0.00243922 -0.00322268 -0.000483614 0.00016008 -0.00169553 -0.000226405 -0.0023061 -0.0040496 -0.00636287 -0.00155083 0.00182073 -0.00467924 -0.00527135 0.00354632 0.00288277 0.00604923 -0.00226634 -0.000199581 -0.00330787 0.00517274 0.00577269 -0.000693175 -0.00164786 0.00302591 -0.00104307 0.000503173 -0.000177859 -0.00124783 -0.00193619 0.00398059 0.00604819 -0.00636903 -0.012435 2.79624e-05 -0.00130418 -0.000907397 -0.000405068 -0.00392185 0.000697254 0.000866837 0.00709909 0.00120411 -0.000617273 0.000767194 -0.00659616 -0.00210867 -0.0012554 -0.00174238 0.00129456 0.00160743 0.00368891 0.0024399
internal_weight=551860 522855 29005 501630 322530 179100 88081 288280 122342 27725 109540 18346 18331 165938 90111 91019 26722 64297 19434 10632 44863 7854 8324 8034 12802 11959 4794 37009 12401 24608 7815 2226 51430 31905 21225 28282 14657 5763 51349 38129 16794 8300 3623 2308 91194 32875 30582 28020 6910 9394 19525 5712 32306 58888 29458 2293 5181 8802 16773 38681 36409 10579 8402
internal_count=551860 522855 29005 501630 322530 179100 88081 288280 122342 27725 109540 18346 18331 165938 90111 91019 26722 64297 19434 10632 44863 7854 8324 8034 12802 11959 4794 37009 12401 24608 7815 2226 51430 31905 21225 28282 14657 5763 51349 38129 16794 8300 3623 2308 91194 32875 30582 28020 6910 9394 19525 5712 32306 58888 29458 2293 5181 8802 16773 38681 36409 10579 8402
is_linear=0
shrinkage=0.05


Tree=78
num_leaves=64
num_cat=0
split_feature=0 14 0 23 32 37 45 0 14 30 5 31 43 40 9 37 11 14 27 4 36 30 11 14 0 34 30 22 26 26 25 36 30 38 36 25 27 31 38 32 10 38 0 31 23 34 22 25 32 34 7 11 20 23 31 43 32 40 38 14 18 23 37
split_gain=63.5399 56.9703 101.622 55.2182 53.9942 56.6944 50.9403 46.9493 45.4394 48.3685 43.6443 43.4332 40.9037 40.5182 38.8629 36.6649 34.2166 34.1541 36.8256 33.0308 32.5441 36.7455 31.6245 43.4688 40.0017 36.7214 31.5003 56.6516 29.5531 29.5803 29.4538 29.3381 39.2905 35.7836 34.7837 29.8202 29.3273 27.6494 27.4796 27.3885 26.7272 26.5464 29.1783 28.8309 27.1463 25.999 25.928 25.7851 25.3852 32.8212 25.3838 25.3646 25.2373 25.0235 33.4112 24.8813 24.2732 50.7311 29.3029 26.1104 24.2607 24.2228 23.9794
threshold=499.50000000000006 9.5000000000000018 104.07500000000002 12.550000000000002 -7.5383158261326146 72.500000000000014 1.0000000180025095e-35 122.25000000000001 4.5000000000000009 48.500000000000007 118.12500000000001 -10.665568021823754 -41.249999999999993 987.25000000000011 133.25000000000003 28.500000000000004 -0.78656609248549292 1.5000000000000002 65.550000000000011 126.07500000000002 180.62500000000003 446.50000000000006 -0.78656609248549292 6.5000000000000009 24.025000000000002 0.12186934340514753 43.500000000000007 53.500000000000007 1482.7500000000002 8295.5000000000018 981.95000000000016 77.500000000000014 433.50000000000006 27.350000000000005 512.50000000000011 974.05000000000007 221.25000000000003 3.3233317863180183 29.750000000000004 -0.47108340583513009 116.25000000000001 30.850000000000005 33.925000000000004 12.959661608133862 30.650000000000002 -0.7660444431189779 35.500000000000007 971.45000000000016 -1.9807560377350624 -0.12186934340514725 83.991287878787901 0.12940952255126045 -0.47714059151611382 25.550000000000004 -2.8872085257089126 -81.249999999999986 1.0000000180025095e-35 977.75000000000011 25.150000000000002 8.5000000000000018 21.150000000000002 25.050000000000004 41.500000000000007
decision_type=2 2 2 2 2 2 2 2 2 2 8 2 2 2 10 2 2 2 8 8 2 2 2 2 2 2 2 2 2 2 2 2 2 2 2 2 8 2 2 2 8 2 2 2 2 2 2 2 2 2 10 2 2 2 2 2 2 2 2 2 2 2 2
left_child=1 2 6 12 11 8 20 13 -6 -10 -9 -5 -4 45 -15 -11 37 -8 31 -13 21 22 -1 24 -24 55 47 -28 -27 -30 -2 32 51 53 35 -35 62 -12 -36 -31 -20 44 43 -43 56 -3 -7 -26 49 -44 -50 -19 -48 54 -33 -25 -22 58 -58 -59 -46 -37 -18
right_child=30 7 3 4 5 46 17 10 9 15 16 19 -14 14 -16 -17 36 18 40 -21 41 -23 23 25 26 28 27 -29 29 39 -32 33 -34 34 38 61 -38 -39 -40 -41 -42 42 48 -45 60 -47 52 -49 50 -51 -52 -53 -54 -55 -56 -57 57 59 -60 -61 -62 -63 -64
leaf_value=-0.049066641100798981 -11.505376633583356 -0.20194686245038054 2.0195713441522751 -1.1179342073915162 0.047393658771758967 -1.5448205075201684 0.6098242206701322 -0.46107028341115641 -0.0851725773622663 0.52136084825768025 0.049625215995398021 -0.15634151425159343 -0.032874657260115341 0.43233287197845133 2.0827069367407924 -1.4381935827254395 -0.33701802601873948 -0.011460908695531326 -0.045398755372698066 -0.69596636464385542 -0.0396258411274375 4.5683880234093293 0.56883629460095742 -0.17017438661335507 -0.25262224706286068 0.26448806981270218 0.37545838832423462 -1.0972061985750825 -0.077665002474504377 -0.15593233083223412 -2.6166741205369561 0.11473083209511117 7.2979269016316781 -0.03055513210068091 -0.087444126545226028 0.55455850902673731 0.20291847418907097 -1.2464007472365202 -0.0051505803683399524 0.61601646517834785 -0.10545756957507316 0.097972895635049184 0.009537356166000233 -0.019430818300733472 -0.097715127012300659 0.3041682919420714 -0.94234986890243144 0.23913923487578828 -0.061987574458524902 0.23103079859081324 0.17118073970687431 0.17576454501049527 -0.34284371622239079 -0.081900343815314885 -0.063458470515558751 0.0020755275008012886 -0.21087736663931145 0.0899659408975087 -0.0046998645062325539 0.2854674995076123 0.2210940542831088 0.064357350616359457 1.2784368508165045
leaf_weight=8680 341 2914 1524 1370 19286 306 2472 4911 4484 325 3352 6226 7754 6095 1561 1981 720 10572 74418 8850 22581 448 1848 3409 905 2962 845 529 3631 463 3241 6436 380 11726 8819 727 24289 2066 59946 944 7018 19339 11052 4774 12570 7833 1952 22645 18351 4055 2622 9065 3773 25185 8925 4918 1423 10392 14766 2233 630 31475 2527
leaf_count=8680 341 2914 1524 1370 19286 306 2472 4911 4484 325 3352 6226 7754 6095 1561 1981 720 10572 74418 8850 22581 448 1848 3409 905 2962 845 529 3631 463 3241 6436 380 11726 8819 727 24289 2066 59946 944 7018 19339 11052 4774 12570 7833 1952 22645 18351 4055 2622 9065 3773 25185 8925 4918 1423 10392 14766 2233 630 31475 2527
internal_value=-0.00013228 -8.89147e-05 -0.000261275 -0.00223021 -0.00290559 -0.00171224 9.78859e-07 0.00141821 -0.000701795 -0.00421944 0.00041133 -0.00523532 0.00130416 0.00348992 0.00626959 -0.0101041 0.00106664 -0.000448352 -0.00050512 -0.00446073 0.000653758 0.00170171 0.00157834 0.00213288 0.00337293 9.95284e-05 0.00284665 -0.00451237 0.00251875 0.000188567 -0.00676996 -9.29261e-05 0.0017073 -0.000328082 0.000130221 0.00122928 0.0017813 -0.00256552 -0.000571875 0.00634328 -0.00138207 0.000215165 0.000970628 0.00231721 -0.000488815 0.00150972 -0.00608108 0.00327601 7.06763e-05 0.00163335 -0.00105493 0.00139914 -0.00532314 -0.00160188 -1.13925e-05 -0.00222469 3.0645e-05 0.000992573 -0.000860152 0.00336832 -0.00251136 0.0020154 0.00624423
internal_weight=551860 548278 492010 57831 48553 32107 434179 56268 26076 6790 37865 16446 9278 18403 7656 2306 32954 257164 254692 15076 177015 52227 51779 43099 26772 16327 24924 1374 8000 5038 3582 173256 20017 153239 112693 43928 27536 5418 68765 1407 81436 124788 60193 24113 64595 10747 6031 23550 36080 15107 20973 19637 5725 40546 15361 8327 51395 28814 16189 12625 13200 32202 3247
internal_count=551860 548278 492010 57831 48553 32107 434179 56268 26076 6790 37865 16446 9278 18403 7656 2306 32954 257164 254692 15076 177015 52227 51779 43099 26772 16327 24924 1374 8000 5038 3582 173256 20017 153239 112693 43928 27536 5418 68765 1407 81436 124788 60193 24113 64595 10747 6031 23550 36080 15107 20973 19637 5725 40546 15361 8327 51395 28814 16189 12625 13200 32202 3247
is_linear=0
shrinkage=0.05


Tree=79
num_leaves=64
num_cat=0
split_feature=0 11 38 36 30 44 32 8 24 32 40 0 0 37 25 43 14 41 30 37 22 31 13 38 13 16 26 19 14 21 17 35 28 25 33 8 21 22 30 14 1 42 32 38 16 13 22 13 8 32 35 3 40 2 32 13 16 44 19 13 43 13 34
split_gain=59.3997 54.1021 74.7181 65.223 64.837 65.2875 62.8311 56.1421 49.1939 48.8969 47.8419 46.616 43.8104 43.3072 40.7112 44.1864 46.3184 40.8509 61.1072 64.8871 82.7251 63.0669 57.7746 52.2559 64.9645 61.3048 44.8171 43.1058 41.2813 58.8583 46.9753 61.3202 39.0983 38.9037 38.6214 37.8959 36.8222 36.2689 35.7444 35.7001 39.031 34.9541 34.4951 33.9436 35.1694 41.6336 37.718 36.1358 34.8289 34.4688 33.4782 41.8616 32.5685 33.9931 34.452 32.3555 42.7439 32.225 32.1595 32.0288 32.0013 36.8281 32.555
threshold=499.50000000000006 -0.78656609248549292 28.250000000000004 86.250000000000014 1019.5000000000001 -10868.249999999998 -11.803723063378948 -51.694999999999986 2.0500000000000003 4.8698857144068599 973.25000000000011 49.550000000000004 149.12500000000003 7.5000000000000009 973.6500000000002 172.50000000000003 7.5000000000000009 7455.5000000000009 59.500000000000007 71.500000000000014 35.500000000000007 -4.8480776220945137 1.0000000180025095e-35 27.050000000000004 1.0000000180025095e-35 9.6908770710553309 1396.7500000000002 0.83385407025023295 7.5000000000000009 697.50000000000011 15.129428831951095 -0.25037047035109417 6.0650000000000013 975.35000000000002 6.6500000000000012 -16.984999999999996 67.500000000000014 39.500000000000007 356.50000000000006 8.5000000000000018 195.25000000000003 -8.2499999999999964 -19.162810450089236 39.45000000000001 11.321612722150352 4.5000000000000009 10.500000000000002 1.5000000000000002 31.018500000000007 -9.2460143424259922 -0.5663846699108962 179.25000000000003 992.6500000000002 87.02500000000002 -6.6996639568839624 1.5000000000000002 -4.6646157207872774 -6776.2499999999991 -0.83385407025023295 3.5000000000000004 301.25000000000006 1.5000000000000002 0.55191596924288722
decision_type=2 2 2 2 2 2 2 8 2 2 2 2 2 2 2 2 2 2 2 2 2 2 2 2 2 2 2 2 2 2 2 2 2 2 2 8 2 2 2 2 10 2 2 2 2 2 2 2 8 2 2 8 2 8 2 2 2 2 2 2 2 2 2
left_child=1 2 39 4 5 -3 12 -7 13 10 33 -11 38 -8 15 16 55 18 19 21 -21 52 -20 -22 25 34 -24 43 57 30 31 -30 -29 -4 -25 36 -23 -34 60 58 -41 -32 -12 44 46 47 -19 -46 50 -47 51 -48 53 -16 -55 -15 -57 -26 -1 -33 61 62 -5
right_child=-2 3 9 6 -6 7 8 -9 -10 11 42 -13 -14 14 17 -17 -18 27 22 20 23 35 26 24 28 -27 -28 32 29 -31 41 59 37 -35 -36 -37 -38 -39 -40 40 -42 -43 -44 -45 45 49 48 -49 -50 -51 -52 -53 -54 54 -56 56 -58 -59 -60 -61 -62 -63 -64
leaf_value=-0.019076535516152689 -3.2715870123613713 0.45979544284557694 0.078733223025040253 0.21494020680138415 8.0906579225298128 0.68886534845624159 -0.24781753783952168 0.038286183770003569 -0.13650896051009218 -0.030175983249135088 0.52156533606302513 -0.3704337501645325 -0.74512508960741763 -0.17902085564014661 0.27841997414049868 0.054000916685749557 0.085598114385847399 0.26927020394609924 1.4849318204412103 -1.0625296832378683 -0.049091786736437375 -0.16291040566580794 -0.76882263525681083 -0.36530611269757585 0.25536449503751635 -0.46557095450991803 -0.10284918711092246 -0.043468892463213393 0.36828162974247863 -0.062531479681094765 0.31742981535620152 0.18721107972171641 -0.075092450652364501 0.52200055778124244 0.034723283783429863 0.023283268997819229 0.32531843566428248 -0.56480946189814041 0.32983428399989001 0.062719723146564738 -1.8342998632961045 -0.57342769087083445 -0.015198195851087948 0.13913866653842319 -0.0045514244458203252 -0.18795918641962187 -0.098885341123371842 -0.13964307116325214 -0.10033240093065224 0.14302813335701775 0.061026750049064306 0.37603617475882123 1.3180085810709858 -1.4905774470772224 0.11354904775801332 0.019675961266875677 -0.15106240109283697 -0.014824933891375106 -0.20033629129975222 -0.014967444927234853 -0.12976330972499764 -0.10282059393005194 -0.16908021626240247
leaf_weight=5875 3582 3260 12619 5002 497 9470 1939 78299 6092 9749 1008 3866 5654 8384 16308 10954 4060 1715 549 569 31594 1340 2357 520 2324 1009 4044 27321 6291 3288 88 4308 926 1141 3639 36804 9013 878 919 9703 1796 406 48612 5967 6672 817 6561 8850 12898 4336 30048 1064 849 365 6406 9908 9530 13132 22083 3493 7471 12586 1052
leaf_count=5875 3582 3260 12619 5002 497 9470 1939 78299 6092 9749 1008 3866 5654 8384 16308 10954 4060 1715 549 569 31594 1340 2357 520 2324 1009 4044 27321 6291 3288 88 4308 926 1141 3639 36804 9013 878 919 9703 1796 406 48612 5967 6672 817 6561 8850 12898 4336 30048 1064 849 365 6406 9908 9530 13132 22083 3493 7471 12586 1052
internal_value=-0.000128837 -8.69085e-05 -0.00104335 0.000171018 0.0013559 0.00125757 -0.000147664 0.000999499 7.37933e-05 -0.000136697 0.000447302 -0.00285531 -0.00223198 0.000163669 0.000211876 -0.0012151 -0.00215639 0.000449953 0.000987585 0.00121203 0.000139044 0.00227861 -0.00358993 0.000293186 0.00152995 -0.00368615 -0.00492501 -0.000289904 0.00233873 0.00397505 0.00533731 0.00586858 -0.00193391 0.00305596 -0.00100385 0.00121774 0.00389018 -0.00906319 -0.00139475 -0.00281256 -0.000467432 -0.00981781 -0.000276098 0.000316744 2.02163e-05 -0.00172551 0.000710515 -0.0030183 0.00046321 0.00216864 0.00123099 -0.00172787 0.00436936 0.00401556 0.00103751 -0.00288441 -0.00176458 0.000446429 -0.00377709 0.00290668 -0.00173586 -0.000627682 0.00257681
internal_weight=551860 548278 116452 431826 91526 91029 340300 87769 307616 76995 63380 13615 32684 301524 299585 42836 31882 256749 148696 141746 70661 71085 6950 70092 38498 5168 6401 108053 33330 17874 14586 14092 29125 13760 4159 47157 10353 1804 27030 39457 11499 494 49620 78928 72961 20675 52286 15522 50571 5153 37673 7625 23928 23079 6771 27822 19438 15456 27958 7801 26111 18640 6054
internal_count=551860 548278 116452 431826 91526 91029 340300 87769 307616 76995 63380 13615 32684 301524 299585 42836 31882 256749 148696 141746 70661 71085 6950 70092 38498 5168 6401 108053 33330 17874 14586 14092 29125 13760 4159 47157 10353 1804 27030 39457 11499 494 49620 78928 72961 20675 52286 15522 50571 5153 37673 7625 23928 23079 6771 27822 19438 15456 27958 7801 26111 18640 6054
is_linear=0
shrinkage=0.05


Tree=80
num_leaves=64
num_cat=0
split_feature=0 27 14 0 28 27 14 35 14 23 13 22 38 23 26 13 38 23 11 23 26 16 13 14 17 37 22 35 13 36 0 21 31 16 2 33 25 37 41 14 38 12 16 34 36 9 38 17 35 13 14 35 7 37 3 13 22 11 4 33 23 20 14
split_gain=59.1099 52.5436 57.6092 84.9071 52.6137 50.2825 48.625 48.6135 55.2653 48.1854 51.0573 48.8135 46.1648 118.617 58.7171 46.4864 46.0023 70.1045 70.0816 53.2997 50.3435 45.3751 50.0768 45.1483 44.0185 39.9367 41.722 39.5015 45.8607 38.8066 40.6756 38.6894 38.3174 50.6648 51.7406 37.3816 36.7064 51.8807 53.0577 42.6052 70.7764 51.0385 50.7408 44.3767 42.6887 42.5956 44.1359 40.1947 38.2666 35.4154 43.4914 48.2637 39.8081 35.1246 34.5902 34.7676 34.019 33.9482 42.7671 33.7612 33.538 33.3871 33.3506
threshold=692.00000000000011 14.050000000000002 9.5000000000000018 95.125000000000014 15.320000000000002 338.50000000000006 1.5000000000000002 0.64942331933852337 3.5000000000000004 12.550000000000002 5.5000000000000009 62.500000000000007 35.050000000000004 34.850000000000001 11892.500000000002 5.5000000000000009 28.150000000000002 27.650000000000002 -0.78656609248549292 24.950000000000003 24156.500000000004 15.152707135546189 2.5000000000000004 7.5000000000000009 8.0278268788354286 6.5000000000000009 30.500000000000004 0.60181502315204816 1.5000000000000002 2327.5000000000005 41.975000000000009 76.250000000000014 8.4977817612202653 -6.3395144179001655 177.25000000000003 12.15 982.1500000000002 32.500000000000007 1350.2500000000002 7.5000000000000009 25.150000000000002 -0.5 1.0564618975553799 -0.58778525229247303 71.250000000000014 48.050000000000004 26.950000000000003 14.774050854291081 0.7489272028500833 5.5000000000000009 11.500000000000002 0.60873824923885345 301.98958333333343 78.500000000000014 22.725000000000005 1.0000000180025095e-35 42.500000000000007 0.60355339059327384 26.950000000000003 10.750000000000002 32.050000000000004 -0.88697705852364728 3.5000000000000004
decision_type=2 8 2 2 2 10 2 2 2 2 2 2 2 2 2 2 2 2 2 2 2 2 2 2 2 2 2 2 2 2 2 2 2 2 8 2 2 2 2 2 2 2 2 2 2 10 2 2 2 2 2 2 8 2 10 2 2 2 8 2 2 2 2
left_child=1 54 3 4 6 9 -3 8 35 31 11 53 13 16 29 23 18 20 -8 27 -18 22 32 -15 62 -16 -27 -20 -29 30 60 -5 33 34 -4 -6 37 38 -21 42 -41 -42 44 -43 48 -45 -47 -48 -39 -24 51 52 -51 -11 61 -56 -55 -10 -59 -46 -14 -1 -19
right_child=-2 2 21 5 7 -7 12 -9 57 10 -12 -13 14 15 25 -17 17 24 19 36 -22 -23 49 -25 -26 26 -28 28 -30 -31 -32 -33 -34 -35 -36 -37 -38 39 -40 40 41 43 -44 45 59 46 47 -49 -50 50 -52 -53 -54 56 55 -57 -58 58 -60 -61 -62 -63 -64
leaf_value=0.2350928802134874 -7.6868583653633991 0.6250446781008665 0.0014043978768781607 -0.066660952301387869 0.077958077299547943 -2.5100415111864542 -0.13490510002141823 0.30079894168827076 -0.075339071399191049 -0.12952742893420818 0.11980355014905673 -0.54575616344541733 0.68314987228591606 -0.22632854708174258 -0.28650026464221784 0.063314437042912994 0.12471013360263666 -0.12748677698034447 0.099447311475563294 1.895476449823589 -0.22124762765005943 0.79316687734054026 0.42188503692279666 0.16904081756897391 0.060006649716607685 0.058087637065405498 -0.066169918963545446 0.16159066350144757 -0.13356607858151789 -0.020256702079330904 0.10958398669127947 1.1773458535518626 -0.5799710362933912 0.23800436765630872 -1.9854339721430976 0.48021904070222354 -0.14307157627645936 0.21788987417816072 0.082047060507704189 -0.19357617635207466 -0.14981989332268678 -0.032148517152421743 -0.23288830508885658 0.22909472858156416 -0.22084079256427033 -0.028605162024843089 0.20589102493682612 -0.63989348691025616 -0.60473209018339669 0.071148256985490835 -1.0367286968210505 1.0339092936941856 -2.0865093930524803 -1.5918022763916673 -0.058634125407070359 0.1432827538970767 -0.46544690521789711 -0.5971718576980044 0.26264426908827615 -0.045785770518733206 0.23146960773593417 -0.02897781254231915 -0.010155726781783392
leaf_weight=1390 1177 3340 2067 7273 2294 977 19932 5343 11106 33236 7252 16797 1181 12379 921 2229 22621 8730 29156 791 957 7209 22280 697 25230 17479 9485 5177 11629 3304 5537 2500 5305 12211 1521 1715 13190 4487 1424 3862 2273 8726 6435 5058 5109 7835 6097 225 370 2451 2405 2041 605 425 2442 15080 1062 296 4088 18406 3195 10546 101299
leaf_count=1390 1177 3340 2067 7273 2294 977 19932 5343 11106 33236 7252 16797 1181 12379 921 2229 22621 8730 29156 791 957 7209 22280 697 25230 17479 9485 5177 11629 3304 5537 2500 5305 12211 1521 1715 13190 4487 1424 3862 2273 8726 6435 5058 5109 7835 6097 225 370 2451 2405 2041 605 425 2442 15080 1062 296 4088 18406 3195 10546 101299
internal_value=-0.000128112 -0.000104189 -0.000220298 -0.000406473 -0.000121949 -0.00201735 -0.000271988 0.00210531 0.000947484 -0.00185681 -0.0023974 -0.00295031 -0.000326879 -0.000526942 0.00125176 -0.00482359 -0.000314139 0.00027906 -0.000941524 -0.000519002 0.00279498 0.00126388 0.000737924 -0.0059613 -0.000159509 -4.93097e-05 0.000300401 0.000850703 -0.00107997 0.00399675 0.00556088 0.00139415 -0.00112538 0.000109184 -0.00511427 0.00617985 -0.0012659 -0.000816479 0.00671558 -0.00105868 0.000198087 0.00101278 -0.00228905 0.0015989 -0.00137988 0.00294171 0.00153458 0.00464252 0.00288758 0.00205829 -0.00091309 0.00170198 -0.00227421 -0.00187988 0.00195023 0.00336434 -0.00939812 -0.000406714 0.00331889 -0.00226132 0.00916362 -0.00012567 -0.000591435
internal_weight=551860 550683 521225 463130 393608 69522 368766 24842 19499 68545 58772 51520 365426 324324 41102 15305 309019 158837 150182 130250 23578 58095 50886 13076 135259 27885 26964 45962 16806 13217 9913 9773 21104 15799 3588 4009 84288 71098 2215 68883 34076 30214 34807 27941 28372 19215 14157 6322 4857 29782 7502 5097 3056 34723 29458 17522 1487 15490 4384 23515 4376 11936 110029
internal_count=551860 550683 521225 463130 393608 69522 368766 24842 19499 68545 58772 51520 365426 324324 41102 15305 309019 158837 150182 130250 23578 58095 50886 13076 135259 27885 26964 45962 16806 13217 9913 9773 21104 15799 3588 4009 84288 71098 2215 68883 34076 30214 34807 27941 28372 19215 14157 6322 4857 29782 7502 5097 3056 34723 29458 17522 1487 15490 4384 23515 4376 11936 110029
is_linear=0
shrinkage=0.05


Tree=81
num_leaves=64
num_cat=0
split_feature=0 0 11 38 41 8 23 32 38 23 26 38 14 23 0 37 5 0 31 38 28 34 38 40 38 9 23 17 23 26 5 14 22 13 12 27 45 34 13 32 14 23 23 38 31 21 29 22 17 31 38 31 23 37 29 16 14 37 29 36 28 40 32
split_gain=54.2343 50.9533 47.6066 64.9205 60.4291 59.0795 59.0404 80.6944 68.7299 64.487 53.1816 65.3896 53.5998 46.9566 44.0968 39.8507 39.0607 52.4917 46.5378 44.9043 38.6376 37.7536 43.6964 37.709 53.8741 43.0926 37.623 37.3813 37.1096 36.8509 36.255 35.7339 35.3761 35.276 40.0298 37.4013 35.1654 35.0143 33.9123 33.6122 32.6204 32.2862 32.1011 31.9662 31.7117 31.5649 36.1312 61.1201 36.1281 34.6399 36.5162 31.6489 31.5641 51.0802 40.2185 37.575 51.4759 43.0739 35.6328 30.7143 30.5896 30.3234 32.9954
threshold=692.00000000000011 4.830000000000001 -0.78656609248549292 28.250000000000004 2241.5000000000005 -77.949999999999974 28.050000000000004 4.8698857144068599 32.150000000000013 36.250000000000007 7802.5000000000009 33.150000000000013 2.5000000000000004 31.050000000000004 292.25000000000006 15.500000000000002 88.02500000000002 104.07500000000002 -4.3018339399513215 28.750000000000004 2.2950000000000004 -0.31729257441605213 36.250000000000007 989.6500000000002 25.850000000000005 231.25000000000003 28.250000000000004 15.129428831951095 34.850000000000001 950.75000000000011 16.950000000000003 7.5000000000000009 43.500000000000007 4.5000000000000009 0.91597561503675351 29.950000000000003 1.5000000000000002 -0.7880107536067219 2.5000000000000004 3.6000513314744365 5.5000000000000009 34.850000000000001 34.750000000000007 19.650000000000002 -14.862079353028026 237.50000000000003 80.146998816415746 53.500000000000007 -2.6595897549638328 -24.123270026467964 27.450000000000003 -10.809636061826316 26.250000000000004 36.500000000000007 15.588846224397903 -9.7766970519252094 5.5000000000000009 68.500000000000014 2.8529688859390521 512.50000000000011 21.160000000000007 980.55000000000007 10.062186938661261
decision_type=2 2 2 2 2 8 2 2 2 2 2 2 2 2 2 2 10 2 2 2 2 2 2 2 2 10 2 2 2 2 8 2 2 2 2 8 2 2 2 2 2 2 2 2 2 2 2 2 2 2 2 2 2 2 2 2 2 2 2 2 2 2 2
left_child=1 -1 3 26 5 -4 39 8 41 -9 11 13 -12 15 23 -7 18 60 27 52 43 -10 28 24 25 61 32 31 -23 40 -26 -17 -3 35 -35 -21 -14 -27 -39 59 -16 -8 -24 -19 -34 46 -32 48 51 -47 -51 -48 54 -54 -20 56 58 -57 -55 -5 -18 -6 -63
right_child=-2 2 4 6 14 10 7 9 21 -11 12 -13 36 -15 29 16 17 20 19 33 -22 22 42 -25 30 37 -28 -29 -30 -31 45 -33 44 34 -36 -37 -38 38 -40 -41 -42 -43 -44 -45 -46 49 47 -49 -50 50 -52 -53 53 55 -56 57 -58 -59 -60 -61 -62 62 -64
leaf_value=0.17368915825515777 -7.3025154470952289 0.085807973769039869 0.75892007949308127 0.16413007191451934 -0.10660940346009325 0.79026129769884723 -0.048085624365280036 -0.082471571165435936 -0.00312540572844755 -0.54779580918191917 -0.45642564486676174 0.61885879987931935 0.22453460646062098 -0.20959780827467425 -3.5256108621687021 0.027531800050126079 0.30562312720994755 -0.058219413477881427 0.023724931417957153 0.359560964255147 -0.76583348154055175 0.16030991575410006 0.80779481357997907 0.082552355275073472 -0.049778145485940242 -0.023691938556180504 -0.19223591977528409 -0.38712489515498211 -0.07670718888857736 -0.37322347015900698 0.066128559657383332 0.19788410145461188 0.098002383820878947 0.010867885008898426 -0.71862162447845257 0.057512865517260717 -0.21221856139889264 -0.70196632286638305 -0.21206569480189918 0.34335932561811033 -0.65216146495110516 -0.2417518108440119 0.23983766001703347 0.47657783010676324 -0.21332963093203203 0.17577946648658238 1.787919130178395e-05 -0.88672685332902612 0.21887387189243795 -0.093756999816960382 -0.002751726590675119 -1.1725671043704355 0.59999645580562067 0.89082958847294003 -0.26823122021183116 -0.5220259674361688 -0.095243688329730056 -0.12799796000697647 -0.11156805291742122 -0.089524698047166895 1.7599673342821569 -0.030212038881626227 0.3141466291194645
leaf_weight=4226 1177 6279 8098 4356 11145 853 23352 9688 15434 2177 969 2316 14853 4384 1027 20943 10136 16781 20021 2301 1967 7029 996 25518 22168 2693 8528 923 4215 2864 37663 8131 2913 1988 680 5593 1048 3515 3048 2015 930 1588 3760 8108 21669 1868 1104 1108 2504 12813 120314 688 1018 659 6925 1993 3854 10839 396 1819 978 20998 1916
leaf_count=4226 1177 6279 8098 4356 11145 853 23352 9688 15434 2177 969 2316 14853 4384 1027 20943 10136 16781 20021 2301 1967 7029 996 25518 22168 2693 8528 923 4215 2864 37663 8131 2913 1988 680 5593 1048 3515 3048 2015 930 1588 3760 8108 21669 1868 1104 1108 2504 12813 120314 688 1018 659 6925 1993 3854 10839 396 1819 978 20998 1916
internal_value=-0.000132371 -0.000109455 -0.00015175 -0.00105165 9.02728e-05 0.000873178 -0.000201821 -0.00068326 0.000105545 -0.0044311 0.000646623 0.000308263 0.00328986 0.000159302 -0.000357816 0.000337565 0.000263615 0.00159995 -0.000324585 -0.00117253 0.000404007 0.00166062 0.0033625 -0.000272891 -0.000464493 -0.00206337 -0.00270063 0.00126596 0.00166311 -0.00509749 -0.000118614 0.00158045 -0.00188831 0.00176576 -0.00320465 0.00344565 0.0039856 -0.00508859 -0.00705851 0.00380952 -0.0103858 -0.00185445 0.00738015 0.000937161 -0.00274388 0.000118779 0.0012974 -0.00252591 0.000174581 -0.000257232 -0.000352107 -0.00524554 -0.00185155 -0.00342636 -0.000755214 -0.00405135 -0.000331025 -0.00547459 0.00945498 0.00197976 0.00448983 -0.00124123 -0.000200751
internal_weight=551860 550683 546457 115818 430639 156755 76429 68239 56374 11865 148657 131787 16870 129471 273884 125087 124234 37970 86264 56267 26856 31434 16000 269063 243545 43315 39389 29997 11244 4821 200230 29074 30861 10562 2668 7894 15901 9256 6563 8190 1957 24940 4756 24889 24582 178062 43067 5404 4296 134995 133127 1792 45705 18759 26946 17741 4909 12832 1055 6175 11114 34059 22914
internal_count=551860 550683 546457 115818 430639 156755 76429 68239 56374 11865 148657 131787 16870 129471 273884 125087 124234 37970 86264 56267 26856 31434 16000 269063 243545 43315 39389 29997 11244 4821 200230 29074 30861 10562 2668 7894 15901 9256 6563 8190 1957 24940 4756 24889 24582 178062 43067 5404 4296 134995 133127 1792 45705 18759 26946 17741 4909 12832 1055 6175 11114 34059 22914
is_linear=0
shrinkage=0.05


Tree=82
num_leaves=64
num_cat=0
split_feature=0 5 37 42 0 6 11 23 38 32 14 31 21 23 16 38 43 14 42 9 5 41 8 38 35 34 29 27 37 31 30 14 32 0 4 22 29 30 38 38 15 32 23 14 41 7 22 17 36 44 35 45 26 22 17 21 14 44 3 41 12 16 5
split_gain=50.6856 77.9414 52.7231 56.2757 49.6527 68.0513 45.5459 46.7456 53.4426 44.4503 43.838 41.4638 44.4476 38.855 38.0036 36.2942 38.1192 36.7418 40.9944 35.7497 33.7867 39.1547 32.7307 30.9706 35.4142 31.7823 30.6524 29.9643 31.2008 35.5587 34.2098 56.2668 59.1441 29.4878 29.2195 44.7843 37.5322 28.2961 31.0677 28.1405 40.3524 37.7909 35.7095 48.6152 35.1655 41.1231 37.0476 33.2619 32.9595 32.0494 30.205 39.2906 33.3511 30.0656 29.0494 30.1525 27.8579 28.7445 27.1889 26.4827 26.0311 32.2163 25.8607
threshold=192.25000000000003 179.25000000000003 48.500000000000007 9.5500000000000043 41.525000000000006 40.88750000000001 -0.9159756150367534 24.550000000000004 27.050000000000004 -7.5383158261326146 5.5000000000000009 -4.584186983966692 155.62500000000003 11.550000000000002 6.6456999851684389 19.750000000000004 -52.499999999999993 3.5000000000000004 -5.4499999999999993 15.65 47.550000000000004 1772.0000000000002 -44.684999999999995 34.650000000000013 -0.54463903501502697 -0.31729257441605213 1.0105413039003117 65.550000000000011 27.500000000000004 -3.1997434936258244 24.500000000000004 4.5000000000000009 8.6143430839256467 561.75000000000011 90.02500000000002 80.500000000000014 4.424437616989346 22.500000000000004 41.750000000000007 28.050000000000004 1.0000000180025095e-35 -15.550132402370108 29.150000000000002 7.5000000000000009 14651.000000000002 36.876617647058829 71.500000000000014 7.3558899340034296 1077.5000000000002 -7660.7499999999991 -0.034899496702500851 1.5000000000000002 11517.500000000002 70.500000000000014 13.348825147372176 212.50000000000003 8.5000000000000018 877.75000000000011 22.725000000000005 17492.250000000004 -0.70710678118654757 -22.096797931413885 28.925000000000004
decision_type=2 10 2 2 2 10 2 2 2 2 2 2 2 2 2 2 2 2 2 8 10 2 10 2 2 2 2 8 2 2 2 2 2 2 10 2 2 2 2 2 2 2 2 2 2 10 2 2 2 2 2 2 2 2 2 2 2 2 10 2 2 2 8
left_child=1 4 3 33 5 19 23 9 34 13 14 12 15 -8 -4 16 -11 18 -17 -1 37 -22 -7 56 -25 -26 -19 62 29 -29 -30 -32 -33 -2 35 -9 -36 39 -39 42 44 -42 43 47 45 46 60 -21 49 -48 51 52 -45 -47 55 -51 57 -6 -52 -49 61 -41 -10
right_child=2 -3 10 -5 6 22 7 8 27 11 -12 -13 -14 -15 -16 17 -18 26 -20 20 21 -23 -24 24 25 -27 -28 28 30 -31 31 32 -34 -35 36 -37 -38 38 -40 40 41 -43 -44 50 -46 53 48 59 -50 54 58 -53 -54 -55 -56 -57 -58 -59 -60 -61 -62 -63 -64
leaf_value=0.14095639441096589 -0.37134074328992456 0.32393358753148899 -1.2431487961349952 -1.9352784823273355 -0.3419058725845599 0.24240966971102598 0.46789008500741114 -0.0041170860034383415 -0.067827884974946503 2.0538313674634026 0.10442997085640525 0.038427061861432854 0.74194093523176186 -0.086747814381886723 0.11451070492818625 -0.63207209271782827 -0.2165847244041828 0.85008222666675626 0.67741395029571594 -0.03743110991685579 0.21615793883364703 0.0096840440325674636 0.055800096694025962 -0.42289841059333499 -0.1233319353332064 0.25904377221949754 -0.12820255444949114 0.37242025580410226 -0.05538397908984747 -0.021160664342737334 0.046865393201362696 -0.23450207700127754 -0.89728026757765178 -8.2215233792746503 -0.094142674363627249 -0.19321357767820466 -0.49864549408431569 -0.12388292023322506 0.31086582428157855 0.43933107825088308 0.7532013309108212 -0.14976223896789423 -0.12151013441142844 0.054880732173793058 -0.025102750665373964 0.22200875870601441 0.19919967223361806 -0.18692546998385445 0.30988890479891329 0.092770489595361036 -0.088749932167528189 -0.19333068484411325 0.45679105268773146 0.023058174400017031 -0.16299404216925695 -0.0053279077001520229 -0.024743959866806355 -0.086675313227762452 0.028056152160818828 0.093077400181696482 0.020090462186867098 -0.075885129897768994 0.033781410636683787
leaf_weight=4926 6856 17120 5907 2126 9630 6889 3059 15692 11614 496 20149 25772 3899 27175 3466 421 3928 1130 3645 17977 9475 24192 31455 712 2092 3147 2572 2818 29504 10719 3043 4905 1965 508 3779 10166 4724 7553 401 480 206 3268 6151 15211 23517 6818 3642 5868 1300 11037 5015 1113 1298 4659 1126 17623 5369 7108 4593 511 11846 12493 56001
leaf_count=4926 6856 17120 5907 2126 9630 6889 3059 15692 11614 496 20149 25772 3899 27175 3466 421 3928 1130 3645 17977 9475 24192 31455 712 2092 3147 2572 2818 29504 10719 3043 4905 1965 508 3779 10166 4724 7553 401 480 206 3268 6151 15211 23517 6818 3642 5868 1300 11037 5015 1113 1298 4659 1126 17623 5369 7108 4593 511 11846 12493 56001
internal_value=-0.000131283 8.77453e-07 -0.00186866 -0.00511064 -0.000113671 0.000401528 -0.000599702 -0.000364824 -0.000854257 0.000686922 -0.000826502 0.00174199 0.00373345 -0.000773963 -0.00365145 0.00224738 -0.00136754 0.00430613 0.00758731 3.54673e-05 -6.95384e-05 0.00137301 0.00233283 -0.00250018 0.000701563 0.0021235 0.000702323 -0.000358508 -0.0012492 0.000821822 -0.00196045 -0.00450166 -0.00700873 -0.00304183 -0.00259378 -0.00175768 -0.00513642 -0.000366205 -0.00327508 -0.000217654 0.000298169 -0.00499424 -0.00109332 -0.00066394 0.000492643 0.00104753 0.000519338 -0.00228691 0.00157366 0.00126989 0.000787734 0.00201736 0.00263038 0.00378801 0.00072853 0.00103803 -0.00336206 -0.00436731 -0.00146753 -0.00538878 -0.000955921 -0.00250328 0.000339052
internal_weight=551860 512848 39012 9490 495728 240643 255085 227027 154930 72097 29522 41863 16091 30234 9373 12192 4424 7768 4066 202299 197373 33667 38344 28058 5951 5239 3702 120569 52954 13537 39417 9913 6870 7364 34361 25858 8503 163706 7954 155752 98015 3474 57737 51586 94541 71024 59547 24356 34728 33428 27230 17622 16509 11477 29786 28660 22107 16738 9608 6379 24819 12973 67615
internal_count=551860 512848 39012 9490 495728 240643 255085 227027 154930 72097 29522 41863 16091 30234 9373 12192 4424 7768 4066 202299 197373 33667 38344 28058 5951 5239 3702 120569 52954 13537 39417 9913 6870 7364 34361 25858 8503 163706 7954 155752 98015 3474 57737 51586 94541 71024 59547 24356 34728 33428 27230 17622 16509 11477 29786 28660 22107 16738 9608 6379 24819 12973 67615
is_linear=0
shrinkage=0.05


Tree=83
num_leaves=64
num_cat=0
split_feature=0 0 14 0 23 5 16 13 24 0 23 32 28 35 15 37 0 1 23 35 38 36 31 16 2 1 25 18 13 14 35 5 34 19 16 12 9 13 19 37 11 13 13 30 12 35 23 14 31 38 38 2 43 4 0 28 20 11 33 44 44 37 38
split_gain=49.4408 46.3981 49.2051 68.8356 50.5906 41.6318 41.5886 47.1263 41.4503 38.1256 41.8846 44.3052 36.6653 49.0352 52.0647 42.1356 41.986 56.8111 49.0213 67.5354 51.3214 41.1308 35.8322 47.817 46.2437 35.1789 33.5077 36.8943 31.9712 38.0907 42.596 35.5265 31.3684 30.2352 29.4778 31.6467 28.953 28.8041 36.5773 28.3742 38.5451 56.0081 40.7476 75.7122 44.0877 40.2511 40.7316 38.0148 35.335 55.5327 31.8393 28.3023 28.1567 27.6036 29.2802 26.9552 26.6866 26.6258 26.6216 36.4638 26.4346 26.206 26.1912
threshold=18.550000000000004 692.00000000000011 9.5000000000000018 134.25000000000003 15.250000000000002 57.050000000000004 15.859207764339061 2.5000000000000004 2.1500000000000008 401.25000000000006 11.950000000000001 -10.345044577278168 15.320000000000002 0.43049470426488862 1.0000000180025095e-35 7.5000000000000009 63.725000000000009 39.550000000000004 23.850000000000005 0.30069434954884205 23.450000000000003 186.25000000000003 8.4977817612202653 -6.3395144179001655 177.25000000000003 22.950000000000003 981.35000000000002 18.250000000000004 5.5000000000000009 11.500000000000002 0.60873824923885345 134.25000000000003 -0.80382625221112014 -0.86159635224327524 1.578823896973794 0.78656609248549303 322.25000000000006 5.5000000000000009 -0.7660444431189779 26.500000000000004 -0.37940952255126065 2.5000000000000004 1.0000000180025095e-35 22.500000000000004 -0.70710678118654757 -0.35019404643548441 36.150000000000013 3.5000000000000004 -3.0402571358813484 30.350000000000005 30.050000000000004 53.550000000000004 -41.249999999999993 539.75000000000011 136.25000000000003 1.6250000000000002 -0.21643137258081238 0.78656609248549325 24.050000000000004 921.00000000000102 1314.2500000000002 69.500000000000014 36.45000000000001
decision_type=2 2 2 2 2 10 2 2 2 2 2 2 2 2 2 2 2 10 2 2 2 2 2 2 8 8 2 2 2 2 2 10 2 2 2 2 8 2 2 2 2 2 2 2 2 2 2 2 2 2 2 10 2 10 2 2 2 2 2 2 2 2 2
left_child=5 2 3 4 -2 25 7 22 12 10 52 -12 16 15 34 -14 17 -6 19 33 21 -20 23 24 -4 -1 27 -17 53 30 56 -32 -8 -18 57 -36 -11 38 -13 47 45 42 43 -42 -44 46 -41 -22 -43 -50 -49 -46 -5 54 -9 58 -30 -15 59 -21 -47 -40 -62
right_child=1 -3 6 9 8 -7 32 28 -10 36 11 37 13 14 -16 26 18 -19 20 55 39 -23 -24 -25 -26 -27 -28 -29 29 -31 31 -33 -34 -35 35 -37 -38 -39 61 40 41 48 44 -45 51 60 -48 50 49 -51 -52 -53 -54 -55 -56 -57 -58 -59 -60 -61 62 -63 -64
leaf_value=0.0026445681431148007 0.21054313504878941 -6.8412060336496898 -0.016683923349404894 2.0391309636971875 -0.022807352965768413 0.26226947928758726 0.018797206451716165 0.47700550096967176 -0.15554150689551605 6.8734248506359581 -0.72401256035226857 0.053570783384302351 -0.6616209558286652 -0.25657556623423039 3.1617090125885134 0.015063880903742886 0.69264666327579083 0.028056633192975335 -0.9946773421568742 -0.17340060700223375 -0.26213595773600906 -0.13623958722270757 -0.54750030217285917 0.223063990131914 -1.9027134106305483 0.087269162126510383 0.14701509051194953 -0.31474703765711604 0.33535211412253402 -0.95795932354870905 0.16902476775397635 5.5013453637890208 1.536681734535426 0.14352193443080194 0.13432508868757745 1.3605312953936111 -4.5389275554212416 0.3429235884720318 -0.29338233695584254 -0.31634451333985414 0.04092286421100582 -0.058840937725505249 -0.14591787689478225 -0.86138090536245393 0.035012956143542343 -0.30682351074687725 -0.72403709482209155 0.81490427106354812 -0.54613691244350449 0.0024871246261372717 0.056856412676429005 0.37315676043407137 0.034246789721480299 4.1064451674094586 0.22184678237202071 -0.44696118567836618 -0.79856819393888767 3.0103165472915165 -0.26737849801720159 0.23230480451987534 -0.072062440669074551 -1.0321866914892637 0.47224522039564576
leaf_weight=43066 12651 1177 2062 794 155224 4250 2337 7701 5018 187 7364 6178 438 1207 932 7522 2641 105647 1679 6530 3319 2111 5428 12378 1521 15822 7910 2787 1326 2418 1200 843 4160 7930 5303 838 1356 2480 7633 2990 3068 11176 2051 982 2449 5841 1348 1202 5575 2997 6377 4671 5341 597 14221 2683 1737 110 1909 4615 5074 3062 416
leaf_count=43066 12651 1177 2062 794 155224 4250 2337 7701 5018 187 7364 6178 438 1207 932 7522 2641 105647 1679 6530 3319 2111 5428 12378 1521 15822 7910 2787 1326 2418 1200 843 4160 7930 5303 838 1356 2480 7633 2990 3068 11176 2051 982 2449 5841 1348 1202 5575 2997 6377 4671 5341 597 14221 2683 1737 110 1909 4615 5074 3062 416
internal_value=-0.000131193 -0.000301296 -0.000277359 -0.000461808 -0.000275099 0.0011855 0.00109056 0.000614403 -0.00037797 -0.00260721 -0.00224644 -0.00310196 -0.000317969 0.0014558 0.00463051 2.81396e-05 -0.000454844 -0.00013407 -0.00138842 0.000425726 -0.00214209 -0.00778364 -0.00117934 1.40969e-05 -0.00507256 0.000840579 0.000396564 -0.00148172 0.00189146 -0.000930356 0.00151782 0.00710964 0.00485994 0.0035167 0.00323813 0.00469386 -0.0102884 -0.00184597 -0.00258549 -0.00178295 -0.00229964 -0.00132928 0.0011894 -0.00298765 0.00303402 -0.00434137 -0.00843707 0.000523032 -0.0030155 -0.00543047 0.00247724 0.00489466 0.00147922 0.00283427 0.00254539 -0.00165057 -0.00221188 -0.00354973 -0.000712425 0.000222073 -0.00277337 -0.00435484 -0.000282332
internal_weight=551860 488722 487545 429616 395221 63138 57929 51432 382570 34395 32852 26717 377552 27047 8390 18657 350505 260871 89634 26308 63326 3790 21389 15961 3583 58888 18219 10309 30043 7524 5106 2043 6497 10571 7458 6141 1543 19353 16873 59536 48638 32969 13221 4050 9171 15669 4338 10898 19748 8572 7579 7120 6135 22519 21922 15737 3063 1317 13054 11145 11331 10695 5490
internal_count=551860 488722 487545 429616 395221 63138 57929 51432 382570 34395 32852 26717 377552 27047 8390 18657 350505 260871 89634 26308 63326 3790 21389 15961 3583 58888 18219 10309 30043 7524 5106 2043 6497 10571 7458 6141 1543 19353 16873 59536 48638 32969 13221 4050 9171 15669 4338 10898 19748 8572 7579 7120 6135 22519 21922 15737 3063 1317 13054 11145 11331 10695 5490
is_linear=0
shrinkage=0.05


Tree=84
num_leaves=64
num_cat=0
split_feature=8 0 40 27 5 0 1 1 0 33 7 38 36 38 23 23 35 38 28 13 18 13 26 35 44 20 13 40 23 31 12 19 14 3 44 41 13 36 42 13 40 14 33 14 13 8 10 23 31 8 33 21 31 21 26 27 7 16 32 30 15 13 13
split_gain=47.9712 54.2272 55.4702 40.257 41.2113 46.2814 59.3485 48.1029 45.8606 36.5441 35.9977 35.411 44.708 44.5964 44.5326 42.3319 41.5532 40.8576 33.4009 32.2048 32.3067 33.244 32.166 46.794 43.9912 48.2297 54.1226 54.9241 36.8263 35.717 32.2118 32.1145 31.8356 31.1723 30.702 32.9357 30.1658 40.729 33.1077 35.4924 29.402 33.8918 28.7197 28.6706 36.5329 28.59 27.3768 27.175 30.7986 27.0333 26.372 26.2112 29.0009 25.9338 28.9043 25.9053 31.9334 31.65 26.4291 26.2465 28.0431 69.3347 52.1639
threshold=-107.64999999999999 274.25000000000006 979.25000000000011 12.550000000000002 179.25000000000003 69.825000000000017 64.725000000000009 85.02500000000002 104.07500000000002 8.6500000000000004 327.66699604743093 27.050000000000004 512.50000000000011 29.850000000000005 27.350000000000005 26.650000000000002 0.93038214053199464 33.150000000000013 23.325000000000006 1.0000000180025095e-35 9.9500000000000011 3.5000000000000004 25584.500000000004 -0.034899496702500851 -4651.7499999999991 -0.052335956242944064 1.5000000000000002 974.55000000000007 30.650000000000002 -13.711791322293331 -0.12940952255126037 -0.86159635224327524 5.5000000000000009 25.950000000000003 877.75000000000011 2883.2500000000005 5.5000000000000009 3032.5000000000005 -4.4499999999999993 1.0000000180025095e-35 973.55000000000007 6.5000000000000009 11.950000000000001 6.5000000000000009 1.0000000180025095e-35 -0.60000000000000042 24.025000000000002 32.050000000000004 -4.4334294095262221 -6.2000000000000011 7.2500000000000009 2527.5000000000005 9.697989599146732 447.50000000000006 18086.000000000004 67.050000000000011 24.268706293706298 -5.0465642028173816 -4.7042210004103548 433.50000000000006 1.0000000180025095e-35 1.0000000180025095e-35 1.0000000180025095e-35
decision_type=8 2 2 8 10 2 10 8 2 2 8 2 2 2 2 2 2 2 2 2 2 2 2 2 2 2 2 2 2 2 2 2 2 10 2 2 2 2 2 2 2 2 2 2 2 10 8 2 2 8 2 2 2 2 2 10 10 2 2 2 2 2 2
left_child=-1 3 -3 19 5 6 11 -7 -9 -4 32 14 15 -14 18 -13 22 55 34 50 21 -21 23 24 25 26 -15 -28 31 -24 51 -26 -11 -22 35 46 37 38 39 -31 41 -25 -33 44 -16 -42 53 48 -19 -50 -2 52 -30 -5 -55 56 57 58 -17 60 62 -62 -58
right_child=1 2 9 4 -6 7 -8 8 -10 10 -12 12 13 16 43 17 -18 47 -20 20 33 -23 29 40 28 -27 27 -29 30 36 -32 42 -34 -35 -36 -37 -38 -39 -40 -41 45 -43 -44 -45 -46 -47 -48 -49 49 -51 -52 -53 -54 54 -56 -57 59 -59 -60 -61 61 -63 -64
leaf_value=0.33470864644090476 -0.27725954142378262 -3.667264164733802 0.34363262634456393 -0.0029390799010056592 0.20813568194761134 -0.15069546376909743 0.085849629622230264 0.08103733355084107 -0.12374906935080952 -1.6071239365133536 -2.2782623051644975 0.12042399786540546 -0.075852420326332839 0.45827160701738007 0.38830755646207882 -0.15209774996786163 0.16857490485618187 0.72972605837101012 0.46274444954983096 0.33241732362488419 -0.02614283334954708 0.026655823698586378 0.18828205540273935 0.30569331080505019 0.31286664343851833 -0.042886896939663945 0.3754546914152459 -0.17042393833868513 -0.15044345361426184 0.25780082095942264 0.14481893719947425 -0.1075460420457397 0.18432050681946352 0.12376442612194012 0.022529763304692075 -0.14036239512561108 -0.18643172377547407 0.063354453421456958 -0.16183439781531128 -0.059516115610759382 0.052317131189110327 0.040643287651902241 0.066502775053299532 -0.13817043949238936 -0.072388163030166638 -0.030084098819782048 -0.092129035703761811 0.080576815818160133 0.83062069544123052 -0.036715955604627586 0.00020047862117484884 0.092410045400090776 0.090801531522967202 0.37796979243005657 -0.29067551883360532 -0.11578267341767089 -0.083014237804096322 -0.082662443838854627 0.050320086851687852 5.3380606446402128 1.5904710884924202 -0.23988374417695546 0.064108867102087436
leaf_weight=11678 868 892 4476 9621 22533 48880 37497 28864 54291 2977 4122 15140 17153 1332 708 1004 5001 869 1738 3474 6427 2171 1190 3124 1264 4577 1707 1518 15550 935 1561 3766 4305 6867 22294 8254 2367 4310 5651 6242 16870 5473 3729 12195 6245 14608 19562 4478 955 1027 2759 988 1181 1975 480 7333 8246 9795 7564 377 342 2565 45915
leaf_count=11678 868 892 4476 9621 22533 48880 37497 28864 54291 2977 4122 15140 17153 1332 708 1004 5001 869 1738 3474 6427 2171 1190 3124 1264 4577 1707 1518 15550 935 1561 3766 4305 6867 22294 8254 2367 4310 5651 6242 16870 5473 3729 12195 6245 14608 19562 4478 955 1027 2759 988 1181 1975 480 7333 8246 9795 7564 377 342 2565 45915
internal_value=-0.000134907 -0.00020345 -0.00300203 -0.000113773 -0.000206851 -0.000305293 -1.58833e-06 -0.00110179 -0.000370092 -0.00232053 -0.00382322 -0.000229695 9.51455e-05 -0.000564752 -0.00111229 0.000845564 -0.000171452 0.000436056 -0.000478693 0.00195205 0.00277866 0.00594774 -0.000398446 7.0552e-05 -0.00120719 0.00180644 0.00544766 0.00194574 -0.00218892 -0.00214907 -0.00341027 0.000499486 -0.0017097 0.00143298 -0.000669765 -0.0015003 -0.00266214 -0.00193138 -0.00334425 -0.00109029 0.00125577 0.00384727 -0.000743829 -0.00322749 -0.00066518 0.000548002 -0.000766483 0.00401487 0.00783059 0.00438951 -0.00236421 -0.00401687 -0.00448419 0.0011055 0.00569246 0.000120578 0.000395077 -0.00141997 0.000799486 0.000975281 0.000888414 -0.00389577 0.0011452
internal_weight=551860 540182 16772 523410 500844 478311 346276 132035 83155 15880 11404 308779 225707 120097 83072 105610 102944 90470 63924 22566 18939 5645 97943 77248 37173 9134 4557 3225 28039 20695 19280 8759 7282 13294 62186 39892 19505 17138 12828 7177 40075 8597 7495 19148 6953 31478 31638 7329 2851 1982 3627 17719 16731 12076 2455 83141 75808 18363 8568 57445 57068 2907 54161
internal_count=551860 540182 16772 523410 500844 478311 346276 132035 83155 15880 11404 308779 225707 120097 83072 105610 102944 90470 63924 22566 18939 5645 97943 77248 37173 9134 4557 3225 28039 20695 19280 8759 7282 13294 62186 39892 19505 17138 12828 7177 40075 8597 7495 19148 6953 31478 31638 7329 2851 1982 3627 17719 16731 12076 2455 83141 75808 18363 8568 57445 57068 2907 54161
is_linear=0
shrinkage=0.05


Tree=85
num_leaves=64
num_cat=0
split_feature=24 27 11 41 38 38 23 29 13 14 44 15 25 22 32 13 44 29 38 35 11 0 30 21 14 16 31 32 26 28 13 31 40 23 19 21 21 8 38 9 35 23 20 36 13 19 22 28 41 19 40 26 7 14 16 38 8 13 26 40 7 17 6
split_gain=46.7706 50.7659 42.674 54.2709 52.3082 50.1242 90.537 74.8603 104.959 79.5125 68.5796 63.0667 54.2223 50.45 55.953 47.7421 51.7711 52.0219 61.0194 49.4174 47.8049 43.0189 42.9806 42.3464 40.4242 39.9609 38.2456 46.2806 36.0478 41.2653 35.6177 34.8482 34.9433 34.5305 33.3163 34.5212 33.1143 32.8516 31.4126 41.6595 44.8935 43.6731 35.3403 33.6821 33.6263 41.3278 33.0596 44.3401 43.0081 38.3397 31.3541 29.6195 29.1587 33.4286 30.2403 30.1577 28.8343 28.6465 30.9541 28.1589 30.8706 27.9605 27.7959
threshold=2.1500000000000008 12.550000000000002 -0.9159756150367534 6661.5000000000009 34.650000000000013 33.150000000000013 33.150000000000013 100.68547057746612 1.0000000180025095e-35 4.5000000000000009 -10868.249999999998 1.0000000180025095e-35 973.6500000000002 62.500000000000007 13.039255059611056 3.5000000000000004 -4124.2499999999991 1.1363488969389313 23.450000000000003 0.56638466991089664 0.78656609248549325 59.050000000000004 946.50000000000011 477.50000000000006 7.5000000000000009 5.2919278554815401 1.4264748113697137 4.0853946248164261 9967.0000000000018 5.4750000000000014 1.5000000000000002 12.304149708010485 979.55000000000007 35.050000000000004 0.8869770585236475 442.50000000000006 131.25000000000003 -134.85499999999999 37.650000000000013 101.25000000000001 -0.47714059151611382 30.550000000000004 0.13052122218260662 4962.5000000000009 1.5000000000000002 0.97233289553061597 39.500000000000007 6.6200000000000019 13608.750000000002 -0.94828754594723508 979.85000000000002 364.25000000000006 36.060416666666676 4.5000000000000009 20.896388674756746 17.450000000000003 -4.7000000000000011 1.0000000180025095e-35 9090.7500000000018 971.95000000000016 30.504257246376813 -8.1749998030374531 209.18333333333337
decision_type=2 8 2 2 2 2 2 2 2 2 2 2 2 2 2 2 2 2 2 2 2 2 2 2 2 2 2 2 2 2 2 2 2 2 2 2 2 8 2 10 2 2 2 2 2 2 2 2 2 2 2 2 10 2 2 2 8 2 2 2 10 2 10
left_child=1 57 4 5 21 6 7 10 11 36 -4 -9 24 15 37 16 20 -18 19 -19 -14 -3 26 56 -12 -11 27 -6 52 -30 -16 51 -33 -23 -8 -36 50 -15 39 40 41 42 44 -40 45 -5 48 -48 -41 -50 -10 -20 -17 55 -55 -54 -7 -1 -59 60 -39 -42 -27
right_child=-2 2 3 38 22 23 34 8 9 25 12 -13 13 14 30 28 17 18 31 -21 -22 33 -24 -25 -26 62 -28 -29 29 -31 -32 32 -34 -35 35 -37 -38 59 43 46 61 -43 -44 -45 -46 -47 47 -49 49 -51 -52 -53 53 54 -56 -57 -58 58 -60 -61 -62 -63 -64
leaf_value=-0.049346805026991139 -0.11753244239181111 -0.034288247098138901 0.19272128797477245 0.27163842653446918 0.36109277020008268 0.64900125000036768 -0.20824737372176322 -0.13580980503305984 0.072243393816909501 -0.86064778259433794 -0.085526278305796136 7.0967209068148893 0.19798345708269827 0.96408217797795892 -0.27857063960529377 -0.038676943919687151 0.2365248860640306 -0.64518912623524383 0.54669902488444888 -0.086962961862824539 1.2164985449295997 -0.31580155416935896 -0.32876747887858637 0.031239770767370612 0.14135122031023636 -0.052789259411839512 -0.033626642408286771 -0.13364075149657176 0.040042265285190927 -0.7592246104911361 0.28595000073680271 1.7879910222975324 0.13590640226834366 -0.57412636653489191 -0.46423965067093437 0.082982304640184412 0.16048751884061893 -0.11618957673298079 0.054152146249289684 0.083028397306427582 -0.054315479966485829 -0.15229752329338553 0.14094175158888139 -0.33686652816870322 -0.11116387202878363 -0.24218876696294889 -0.091108401647924095 -0.58135605335086693 -0.30701693135470137 -0.050153261241565474 -0.48907280714101375 -0.089355315043230299 -0.29971591828866834 0.11986613672775359 3.1949961326876988 0.51755338556457764 0.18661198965618261 0.14693360630218799 0.0031876818193958822 -0.012977959874451451 0.38090861026460127 0.029597680873477555 -3.1889726966915291
leaf_weight=3179 7961 39644 12505 1310 4659 2634 7446 551 1705 2866 23246 680 4830 2932 970 3324 12172 3787 988 4620 1346 15388 711 7976 2766 1410 4127 1217 2334 604 6307 725 1638 1224 842 2764 2791 670 19397 12708 10279 6925 3073 630 4535 462 36626 1272 2519 16680 2694 9236 967 10983 399 14385 4076 12156 6162 128273 1665 48715 194
leaf_count=3179 7961 39644 12505 1310 4659 2634 7446 551 1705 2866 23246 680 4830 2932 970 3324 12172 3787 988 4620 1346 15388 711 7976 2766 1410 4127 1217 2334 604 6307 725 1638 1224 842 2764 2791 670 19397 12708 10279 6925 3073 630 4535 462 36626 1272 2519 16680 2694 9236 967 10983 399 14385 4076 12156 6162 128273 1665 48715 194
internal_value=-0.000123854 -6.81652e-05 -0.000166156 7.13608e-06 -0.00134463 0.000418789 0.00026713 0.00045235 -0.00326391 -0.00472985 0.000642702 0.0106214 0.000453971 0.000716967 0.000165641 0.00179021 0.000613848 -0.000168848 -0.00167667 -0.00497502 0.00481703 -0.00195446 0.00185738 0.00326501 -0.00170114 -0.00996644 0.00270169 0.00529272 0.00319281 -0.00209326 0.00443521 0.000526337 0.00599873 -0.00409042 -0.00416667 -0.000221852 -0.00147427 -6.70211e-05 -0.000716552 -0.000972751 -0.000157041 -0.0024793 -0.000255864 0.00113971 -0.00239813 0.00344244 -0.00185266 -0.00285107 -0.000666782 -0.00216027 -0.00417709 -0.000738459 0.00370949 0.00425862 0.00220524 0.00578101 0.00619225 0.00231311 0.00307348 -0.000184522 0.00525696 0.000484795 -0.00364713
internal_weight=551860 543899 522402 455432 66970 290301 275615 264563 12891 11660 251672 1231 239167 213155 140817 72338 39342 33166 20994 8407 6176 56256 10714 14686 26012 4470 10003 5876 32996 2938 7277 12587 2363 16612 11052 3606 7190 133540 165131 145104 75299 16305 9380 20027 6307 1772 69805 37898 31907 19199 4399 10224 30058 26734 11382 15352 6710 21497 18318 130608 2335 58994 1604
internal_count=551860 543899 522402 455432 66970 290301 275615 264563 12891 11660 251672 1231 239167 213155 140817 72338 39342 33166 20994 8407 6176 56256 10714 14686 26012 4470 10003 5876 32996 2938 7277 12587 2363 16612 11052 3606 7190 133540 165131 145104 75299 16305 9380 20027 6307 1772 69805 37898 31907 19199 4399 10224 30058 26734 11382 15352 6710 21497 18318 130608 2335 58994 1604
is_linear=0
shrinkage=0.05


Tree=86
num_leaves=64
num_cat=0
split_feature=0 6 11 3 0 30 16 22 36 31 13 29 22 30 14 37 22 43 37 28 16 14 8 14 0 15 38 1 44 36 40 42 3 16 22 38 4 15 15 40 23 29 14 13 23 17 22 23 4 14 31 44 20 3 17 9 38 13 40 41 31 37 13
split_gain=45.4875 62.4089 54.8531 45.867 58.4465 45.0934 39.805 38.822 42.6269 68.3198 73.3653 91.2618 53.216 45.9339 38.0299 52.9578 38.6852 36.3829 54.4119 45.2194 38.3334 38.0255 36.0036 33.6438 32.9412 32.0963 30.3155 30.0535 29.3104 29.1962 29.0632 29.5784 28.8453 38.8477 33.7663 53.908 28.261 28.1103 27.6116 27.3024 27.0982 26.6352 26.5721 36.105 34.1883 42.6417 39.2788 35.8821 27.9413 26.0799 38.3894 29.3907 25.9259 25.7759 30.0301 25.5746 25.4407 50.3603 31.9562 25.2388 24.8347 24.7897 41.3137
threshold=33.925000000000004 37.204166666666687 -0.78656609248549292 83.425000000000026 151.75000000000003 47.500000000000007 -6.3395144179001655 87.500000000000014 422.50000000000006 -3.9634444034305512 1.5000000000000002 80.146998816415746 51.500000000000007 87.500000000000014 7.5000000000000009 62.500000000000007 38.500000000000007 -37.499999999999993 79.500000000000014 1.3050000000000004 6.1360370459771971 2.5000000000000004 -7.4999999999999982 5.5000000000000009 4.830000000000001 1.0000000180025095e-35 24.050000000000004 195.25000000000003 5256.5000000000009 82.500000000000014 990.35000000000002 -10.049999999999995 33.025000000000006 7.186830382490224 46.500000000000007 35.550000000000004 34.550000000000004 1.0000000180025095e-35 1.0000000180025095e-35 982.55000000000007 29.350000000000005 113.30977563582861 3.5000000000000004 4.5000000000000009 30.250000000000004 5.4000000000000004 37.500000000000007 25.050000000000004 112.05000000000001 5.5000000000000009 7.541527985475363 4019.7500000000005 -0.71933980033865108 22.425000000000004 14.774050854291081 23.750000000000004 25.950000000000003 2.5000000000000004 994.95000000000016 48793.500000000007 -7.2168292171360635 76.500000000000014 3.5000000000000004
decision_type=2 10 2 10 2 2 2 2 2 2 2 2 2 2 2 2 2 2 2 2 2 2 8 2 2 2 2 10 2 2 2 2 10 2 2 2 10 2 2 2 2 2 2 2 2 2 2 2 10 2 2 2 2 10 2 10 2 2 2 2 2 2 2
left_child=1 24 27 4 7 28 56 8 9 14 13 17 22 49 15 37 26 18 21 20 25 -12 -13 -22 -1 -19 -17 61 -6 -3 42 -32 33 34 -26 -36 -9 40 -15 -14 53 -18 44 -44 46 59 -8 48 -48 50 -11 -52 -20 54 -4 60 57 -5 -59 -46 -34 62 -2
right_child=2 29 3 6 5 -7 30 36 -10 10 11 12 39 38 -16 16 41 19 52 -21 23 -23 -24 -25 32 -27 -28 -29 -30 -31 31 -33 55 -35 35 -37 -38 -39 -40 -41 -42 -43 43 -45 45 -47 47 -49 -50 -51 51 -53 -54 -55 -56 -57 -58 58 -60 -61 -62 -63 -64
leaf_value=0.14481451302333204 -0.10794757985450501 0.52356183878553486 0.16157068555441723 -0.71399829682606542 -0.25637772320325769 -1.6054375600543218 0.30518649394781333 -0.014491734983447024 -0.040446197361451476 -0.0042148760027938435 -0.21619365826551418 0.41084278064238583 -0.98099669835910075 -0.1693362929967627 0.34473627250540195 -1.053473926984781 0.025936899856245435 0.07403466663170391 -0.65568777807558287 -0.46546890383646905 -0.50764636304203126 0.24529547675309288 -0.56341548978104261 -0.028688462271502502 -0.10334978055849259 -0.44675545889762058 -0.072584297068532422 -1.4726519805846334 -0.86148346601725623 0.073611569369174887 1.5361722005275364 0.28321468981683195 0.28156326507313351 -0.043754895834813561 0.0057814799712476387 0.44263427201276323 -0.15229974357240914 -0.13235056920355995 4.7950590510593862 -0.24145250599496301 0.044129236903111747 -0.56157063476116853 0.21769186176809968 -0.079438620754713446 -0.43797170360750287 0.069375595636231135 0.23671682491583118 -0.67494890298755017 -0.303730680147698 -0.059213957624287286 0.49800733584363627 -0.050794761897546441 -0.10437651565202795 0.44798146818662332 -0.58994698459064432 0.016822856337185766 0.043764603367986377 0.10374777557532636 -1.351957690267513 0.40705929398003743 0.051472486873459115 -0.19736642931344803 0.022950179656437353
leaf_weight=3943 32960 2230 2696 4484 12236 1673 2877 13119 63470 5071 2197 895 1917 179 4845 492 19496 10298 768 2775 2787 10908 1364 2897 4164 1112 580 2955 1777 24242 1651 15923 2060 27711 75524 790 13910 1585 520 760 5739 513 23183 9263 2017 1214 4302 1000 6160 4455 4753 1104 2688 9720 264 42889 7417 6207 436 95 3621 8712 24267
leaf_count=3943 32960 2230 2696 4484 12236 1673 2877 13119 63470 5071 2197 895 1917 179 4845 492 19496 10298 768 2775 2787 10908 1364 2897 4164 1112 580 2955 1777 24242 1651 15923 2060 27711 75524 790 13910 1585 520 760 5739 513 23183 9263 2017 1214 4302 1000 6160 4455 4753 1104 2688 9720 264 42889 7417 6207 436 95 3621 8712 24267
internal_value=-0.00012929 0.000504344 -0.000454501 -0.000158557 -0.000557947 -0.00349356 0.000812082 -0.000320435 -3.56612e-05 0.000590551 -0.000558766 -0.00167287 -0.00805308 0.00230693 0.00202809 0.00153401 -0.000214648 -0.0008084 0.000922348 -0.00225099 -0.00128993 0.00239412 -0.00240151 -0.00464462 0.000133788 0.000381245 -0.00946828 -0.00172511 -0.00256726 0.00275385 0.00137438 0.00312393 2.0254e-05 -0.000434194 0.000121772 0.000361008 -0.00207832 0.00337682 0.0148426 -0.0128222 0.00392665 0.000281123 0.000760811 0.00161037 -0.000799604 -0.00536681 0.000259781 -0.0010513 -0.000186389 0.00173731 0.00305179 0.00580929 -0.00465856 0.00521688 0.00113176 0.00103253 -0.00124029 -0.00275231 1.12901e-05 -0.00965909 0.004185 -0.00150404 -0.00112578
internal_weight=551860 187174 364686 295792 209563 15686 86229 193877 166848 103378 57448 41366 4936 16082 45930 41085 21081 36430 16561 19869 17094 13105 2259 5684 160702 11410 1072 68894 14013 26472 67685 17574 156759 108189 80478 76314 27029 20004 699 2677 18419 20009 50111 32446 17665 3326 14339 11462 10462 15383 10928 5857 3456 12680 2960 48570 18544 11127 6643 2112 5681 65939 57227
internal_count=551860 187174 364686 295792 209563 15686 86229 193877 166848 103378 57448 41366 4936 16082 45930 41085 21081 36430 16561 19869 17094 13105 2259 5684 160702 11410 1072 68894 14013 26472 67685 17574 156759 108189 80478 76314 27029 20004 699 2677 18419 20009 50111 32446 17665 3326 14339 11462 10462 15383 10928 5857 3456 12680 2960 48570 18544 11127 6643 2112 5681 65939 57227
is_linear=0
shrinkage=0.05


Tree=87
num_leaves=64
num_cat=0
split_feature=27 11 14 27 38 21 40 8 27 35 36 14 13 16 23 38 31 22 31 44 21 8 23 38 13 14 13 32 20 9 11 35 38 28 23 30 14 23 4 37 21 20 37 22 6 36 13 16 32 17 41 29 6 14 33 13 8 35 33 34 7 40 33
split_gain=42.1277 53.8242 53.2071 45.2965 40.4955 68.6221 50.7749 40.2791 36.7514 36.2679 32.335 39.5321 63.9285 65.0841 42.837 47.1342 46.556 41.7646 37.7424 35.7716 35.7582 33.342 31.7659 69.0803 52.825 53.6859 50.3046 48.5482 48.4945 46.8202 45.6105 57.0983 44.6737 41.3906 42.1503 45.7534 40.7105 40.3799 46.9891 36.5535 36.4577 35.7025 35.0776 34.6103 33.3507 39.0418 35.5838 31.1414 31.0167 28.9582 29.6554 40.4271 34.4686 34.0366 33.2018 28.9402 35.2344 43.7456 30.5381 31.3586 33.9207 28.4087 28.2842
threshold=43.95000000000001 -0.9159756150367534 9.5000000000000018 152.25000000000003 28.550000000000004 112.50000000000001 973.45000000000016 351.50000000000006 221.25000000000003 0.95878322595067733 77.500000000000014 7.5000000000000009 4.5000000000000009 -10.079894083473281 29.650000000000002 25.150000000000002 10.739404051629725 84.500000000000014 -1.3604930501634909 -1845.7499999999998 482.50000000000006 -40.459999999999987 24.950000000000003 23.250000000000004 2.5000000000000004 4.5000000000000009 3.5000000000000004 -4.3744509185951523 0.39873388578253682 86.02500000000002 0.12940952255126045 0.64942331933852337 30.850000000000005 35.265000000000008 29.050000000000004 40.500000000000007 5.5000000000000009 13.750000000000002 108.07500000000002 80.500000000000014 337.50000000000006 0.095842103007655569 78.500000000000014 39.500000000000007 40.88750000000001 557.50000000000011 1.5000000000000002 1.0564618975553799 3.2334193441840928 16.178045648204556 14363.500000000002 3.4541751861472934 48.450000000000024 6.5000000000000009 12.15 2.5000000000000004 42.025000000000013 0.55191596924288711 8.3500000000000032 0.68832836526074803 327.66699604743093 990.55000000000007 17.050000000000004
decision_type=8 2 2 10 2 2 2 10 8 2 2 2 2 2 2 2 2 2 2 2 2 10 2 2 2 2 2 2 2 10 2 2 2 2 2 2 2 2 8 2 2 2 2 2 10 2 2 2 2 2 2 2 10 2 2 2 8 2 2 2 10 2 2
left_child=4 -2 3 22 6 -6 47 -5 61 49 18 12 17 21 15 -13 -17 -12 -8 -18 -19 -14 27 39 30 26 32 37 -28 -27 62 44 40 34 35 -31 -33 -3 -39 -24 -26 -35 -29 -40 -32 46 -46 -1 -42 50 51 -7 -52 -53 -55 58 -57 -58 -10 -60 -61 -4 -25
right_child=1 2 8 7 5 9 10 -9 55 -11 11 14 13 -15 -16 16 19 20 -20 -21 -22 -23 23 24 25 29 28 42 -30 33 31 36 -34 41 -36 -37 -38 38 43 -41 48 -43 -44 -45 45 -47 -48 -49 -50 -51 52 53 -54 54 -56 56 57 -59 59 60 -62 -63 -64
leaf_value=-0.067836583460303149 -0.103966908215628 0.22908215311997504 0.37203794198522444 -0.23245305824023108 0.1923894626126974 0.013349177940110243 0.2736849191899644 -5.2573965661767721 0.30887106905876838 0.27426410714047372 -0.053864593634817486 -0.10585198209996585 0.84995949410341276 -0.037335717134040117 -0.13811616586933861 0.11301500998791086 -0.16776480868921828 -0.14319528548225141 0.0041800545020238781 0.0048581199399862166 -0.40594744028916296 0.12663976520327283 -0.22479507434252916 -0.066586543105305165 -0.1948004603540554 -0.0094554477855519018 0.013189609968360405 0.19784036056133791 0.29347680359531486 -0.18850676663700067 -0.033743708004026568 1.0167795579398806 0.07639423843045004 0.94800160239382247 -0.084046438363915177 -0.75353072235539476 0.0089144808206857769 0.0025045710928415124 0.33481469391035329 -0.93913232839059058 -0.84716837255470279 -0.18798954735106382 -0.10940646835559367 -0.34975271527972573 0.11314495580472683 -0.034806084145665793 0.46884769718213432 -0.26600510241570474 0.12275073672917301 0.22384676123009939 -0.038882683994062854 0.10729043501261414 0.049097047535757499 0.75574481029021023 0.011343004161812576 0.42314508416854252 -0.53407203993292496 0.67311020234327446 -0.39776408909152572 0.98271555981833147 -2.5676898027672075 2.1077549196734817 0.048991876722605035
leaf_weight=9709 39002 9456 4874 12749 10010 58290 5326 273 6202 3766 12804 3450 1234 7046 2894 20767 1342 7119 7875 5321 1149 1992 2605 23242 1951 23590 10837 27200 4856 12749 9752 1366 2245 943 27408 2248 774 19114 1446 825 882 743 6459 11894 7966 6071 3865 2215 184 1851 26158 12186 14011 835 448 15934 5923 4539 10451 2030 460 892 10062
leaf_count=9709 39002 9456 4874 12749 10010 58290 5326 273 6202 3766 12804 3450 1234 7046 2894 20767 1342 7119 7875 5321 1149 1992 2605 23242 1951 23590 10837 27200 4856 12749 9752 1366 2245 943 27408 2248 774 19114 1446 825 882 743 6459 11894 7966 6071 3865 2215 184 1851 26158 12186 14011 835 448 15934 5923 4539 10451 2030 460 892 10062
internal_value=-0.000133548 -0.000486287 -0.000255541 -0.000563578 0.000407488 0.000980949 -0.000403078 -0.00343265 0.00120797 0.00064252 5.96918e-05 -0.000397739 -0.00167656 0.00155763 0.000789069 0.0013342 0.00202698 -0.00325313 0.00231611 -0.00160964 -0.00602322 0.00743955 -0.000401655 -0.000811077 -0.000652458 -0.0014396 0.000771892 0.000439003 0.00219047 -0.0021243 0.000453263 0.00187454 -0.00345876 -0.00308623 -0.0033917 -0.00552277 0.00974299 -0.000696731 -0.00153448 -0.00782799 -0.00743288 0.00459668 0.00185314 -0.00381184 0.00126564 0.0025472 0.00421985 -0.00344264 -0.0148687 0.000482734 0.000380155 0.000989075 -0.000707635 0.00345794 0.0112042 0.00073179 0.0018052 -0.000449245 -0.000748315 -0.00213082 0.00291165 0.00496878 -0.00081822
internal_weight=551860 334062 295060 243755 217798 127555 90243 13022 51305 117545 78319 65118 31344 10272 33774 30880 27430 21072 13201 6663 8268 3226 230733 155164 151734 88636 20955 75569 15693 67681 63098 29794 5262 44091 42405 14997 2140 41910 32454 3430 3017 1686 33659 13340 27654 17902 11831 11924 1066 113779 111928 71759 40169 13469 1283 45539 26396 10462 19143 12941 2490 5766 33304
internal_count=551860 334062 295060 243755 217798 127555 90243 13022 51305 117545 78319 65118 31344 10272 33774 30880 27430 21072 13201 6663 8268 3226 230733 155164 151734 88636 20955 75569 15693 67681 63098 29794 5262 44091 42405 14997 2140 41910 32454 3430 3017 1686 33659 13340 27654 17902 11831 11924 1066 113779 111928 71759 40169 13469 1283 45539 26396 10462 19143 12941 2490 5766 33304
is_linear=0
shrinkage=0.05


Tree=88
num_leaves=64
num_cat=0
split_feature=0 6 11 5 13 32 16 34 5 0 20 3 12 44 39 41 22 0 7 0 0 17 44 36 12 28 31 13 14 22 28 44 17 32 32 18 29 12 37 13 27 7 45 29 22 13 29 25 23 44 12 14 40 6 0 2 36 14 0 44 42 26 33
split_gain=42.8031 55.2506 49.1475 38.8749 36.1671 34.958 41.1964 61.8353 38.87 38.0927 34.276 33.4564 32.2742 50.1388 49.309 41.5838 34.8712 33.3508 31.2763 29.4668 28.9214 35.4134 28.2274 34.1894 38.2006 33.9139 29.933 33.0676 62.6103 35.4992 44.4424 47.3309 37.0274 32.2976 29.7078 31.5486 41.3831 38.0232 29.3058 28.134 56.1117 32.3392 27.957 29.9369 27.6841 27.2943 35.7794 44.3319 28.3782 28.1924 27.1523 51.1069 26.6192 31.5031 26.3645 26.8193 25.808 25.747 35.2493 25.0729 29.4435 24.1202 24.0207
threshold=33.925000000000004 37.204166666666687 -0.37940952255126065 27.050000000000004 2.5000000000000004 -11.020755223490962 -4.8000684419659132 0.41467745240824999 118.12500000000001 166.25000000000003 0.59480013772226059 119.25000000000001 0.37940952255126048 877.75000000000011 1.0000000180025095e-35 8829.7500000000018 56.500000000000007 188.25000000000003 174.81420454545457 4.830000000000001 160.25000000000003 -3.7856592669452422 -4772.7499999999991 131.25000000000003 0.37940952255126048 7.9900000000000011 -3.2981502557442179 3.5000000000000004 3.5000000000000004 25.500000000000004 1.6350000000000002 9976.5000000000018 -3.9851181514787855 4.7488056157657601 0.22686400612547072 8.5500000000000025 6.3567296348715123 0.78656609248549303 96.500000000000014 1.5000000000000002 26.050000000000004 78.592708333333348 1.0000000180025095e-35 2.7954892446202857 22.500000000000004 2.5000000000000004 68.342061408448188 976.75000000000011 34.45000000000001 8134.7500000000018 0.37940952255126048 5.5000000000000009 981.6500000000002 48.450000000000024 63.725000000000009 90.02500000000002 131.25000000000003 7.5000000000000009 184.75000000000003 8134.7500000000018 2.1000000000000014 8938.2500000000018 12.450000000000001
decision_type=2 10 2 8 2 2 2 2 10 2 2 10 2 2 2 2 2 2 10 2 2 2 2 2 2 2 2 2 2 2 2 2 2 2 2 2 2 2 2 2 10 10 2 2 2 2 2 2 2 2 2 2 2 10 2 8 2 2 2 2 2 2 2
left_child=1 19 12 4 -4 6 20 39 22 10 -10 -11 13 54 15 -14 -16 18 -15 -1 21 -5 23 -7 -25 -26 27 29 -29 -24 -31 32 -32 -34 -28 36 -36 -38 59 40 -8 -41 43 -21 -45 48 47 49 52 -47 -3 -52 53 -37 55 -2 -9 -56 -59 60 -30 -35 -48
right_child=2 50 3 5 -6 8 7 56 9 11 -12 -13 14 17 16 -17 -18 -19 -20 42 -22 -23 26 24 25 -27 34 28 38 30 31 -33 33 61 35 45 37 -39 -40 41 -42 -43 -44 44 -46 46 62 -49 -50 -51 51 -53 -54 -55 57 -57 -58 58 -60 -61 -62 -63 -64
leaf_value=0.13824194305497289 -0.1013188461155671 0.051934693783302135 0.017010373261129832 -0.47676292976650747 -0.12581291658467328 0.4062826354214053 -0.14716708267693832 0.044947789117712314 0.16839058471141702 -0.42327170884939602 0.70868237291661706 0.32744087144410089 0.031345329960120343 -0.018407461727948916 -1.0274861634603145 -0.20191056986567429 -0.14067812170863545 -1.3250319743260299 0.46294490304375596 0.0091476162604289257 -1.1035426217302415 -0.0060079929960998868 0.21773279049987765 0.067909989499539899 -0.04371954997865455 -0.92483727203519539 -0.0040685186445565289 0.64846429669134009 -0.014024746524202448 0.0022216986673725182 -0.59860112852341008 -0.7921710201523311 0.22314920124922347 -0.4073045212844994 -0.12124969677690332 -0.11696923266239044 -0.301559448342545 -1.3538008050778001 -0.25311710116136799 -0.17186892813711654 0.43319941026577879 0.091315010537476843 -0.012535408030736628 -0.066471400845004067 0.17546556243271086 -0.3724912220023604 -0.14640872692068749 0.021735047712897339 -0.62682086592530251 0.55527748604567051 0.92415713140601952 0.085460374445938125 -0.16496675598440921 0.43115427581735571 -0.40759247106527563 0.070606068029923114 -0.83917459546430173 -0.068621226228666468 -2.1271622409730693 -0.13251360786946595 0.16034083785617562 0.17241039342263501 -1.6059285557780307
leaf_weight=3943 19831 20074 10147 1529 14978 4631 2752 506 13730 6210 5319 13143 43809 30628 510 3570 1572 1871 2580 49741 2214 3957 2309 16430 865 471 36179 4464 7958 24124 1691 527 2099 1566 4878 1408 1918 752 1023 5539 2945 9315 97455 1699 7864 2466 461 6770 183 155 2186 4212 2348 3092 10983 4467 1292 6943 2190 2986 9444 342 616
leaf_count=3943 19831 20074 10147 1529 14978 4631 2752 506 13730 6210 5319 13143 43809 30628 510 3570 1572 1871 2580 49741 2214 3957 2309 16430 865 471 36179 4464 7958 24124 1691 527 2099 1566 4878 1408 1918 752 1023 5539 2945 9315 97455 1699 7864 2466 461 6770 183 155 2186 4212 2348 3092 10983 4467 1292 6943 2190 2986 9444 342 616
internal_value=-0.000128475 0.000486179 -0.000443944 -1.46353e-05 -0.00187363 0.000207139 -0.00137193 -0.000285248 0.000469932 0.00188141 0.00346869 0.000319072 -0.00122873 -0.00185268 -0.000225936 0.000105004 -0.00775696 -0.000439722 -7.37774e-05 0.000137522 -0.00452597 -0.00257929 8.8635e-05 0.00171786 0.000720477 -0.00741018 -0.000216059 0.000592401 0.00192754 -0.00046543 -0.000920129 -0.00468675 -0.00336083 -0.000742451 -0.000988959 -0.00231265 -0.00501457 -0.0100187 0.000804493 0.000492677 0.0034799 -0.000653023 3.01418e-05 0.000886112 0.00344819 -0.00114721 -0.00276557 -0.00177564 0.00126227 -0.00729683 0.00260275 0.0054392 0.00178154 0.00403333 -0.00296866 -0.00186024 -0.00917686 -0.00430752 -0.00234589 0.00121885 0.00194518 -0.00545073 -0.0113974
internal_weight=551860 187174 364686 235732 25125 210607 30049 22349 180558 38402 19049 19353 128954 79493 49461 47379 2082 35079 33208 160702 7700 5486 142156 22397 17766 1336 119759 58533 25875 32658 30349 6225 5698 4007 61226 25047 7548 2670 21411 20551 5697 14854 156759 59304 9563 17499 10468 9391 7031 2621 26472 6398 6848 4500 44414 24298 1798 20116 9133 20388 17402 1908 1077
internal_count=551860 187174 364686 235732 25125 210607 30049 22349 180558 38402 19049 19353 128954 79493 49461 47379 2082 35079 33208 160702 7700 5486 142156 22397 17766 1336 119759 58533 25875 32658 30349 6225 5698 4007 61226 25047 7548 2670 21411 20551 5697 14854 156759 59304 9563 17499 10468 9391 7031 2621 26472 6398 6848 4500 44414 24298 1798 20116 9133 20388 17402 1908 1077
is_linear=0
shrinkage=0.05


Tree=89
num_leaves=64
num_cat=0
split_feature=24 27 37 38 23 36 28 30 15 25 14 16 21 13 11 28 5 32 8 36 38 22 13 31 19 32 13 31 29 18 25 14 33 14 36 37 23 38 14 13 22 28 35 22 44 23 31 23 16 37 23 14 31 19 17 29 38 37 38 22 22 26 36
split_gain=43.2715 42.5214 38.9599 44.7168 103.877 55.9212 40.6324 93.8744 57.4989 81.885 67.7513 46.5833 62.2503 43.2693 42.9015 48.1081 43.0122 39.2079 46.7866 37.8361 35.8089 34.3758 41.2364 32.3193 31.5841 30.6558 46.3802 65.7298 36.8288 30.4021 32.0641 42.1386 30.8092 41.7116 30.4478 29.8721 30.141 51.9865 46.4143 38.4078 39.1873 43.0723 35.2872 33.4896 34.6482 32.3408 31.1061 29.3247 31.9506 29.2066 31.2238 45.9515 47.8001 47.626 46.8985 41.8359 41.1389 38.2506 37.7945 36.2343 33.9683 28.5399 27.8978
threshold=2.1500000000000008 12.550000000000002 6.5000000000000009 35.550000000000004 35.050000000000004 867.50000000000011 13.075000000000001 77.500000000000014 1.0000000180025095e-35 980.6500000000002 4.5000000000000009 8.6513552634448718 192.50000000000003 3.5000000000000004 -0.9159756150367534 7.830000000000001 16.950000000000003 -12.14047144687823 -89.949999999999989 57.500000000000007 30.850000000000005 10.500000000000002 5.5000000000000009 7.6893758342079837 0.50751903745502713 6.9869064860302919 1.5000000000000002 0.70710678118654768 44.694767522239111 22.350000000000005 980.1500000000002 11.500000000000002 9.5500000000000025 5.5000000000000009 217.50000000000003 94.500000000000014 30.950000000000003 29.750000000000004 3.5000000000000004 1.0000000180025095e-35 20.500000000000004 0.81500000000000017 -0.46947156278589081 38.500000000000007 -5236.2499999999991 27.250000000000004 17.975904362407427 33.95000000000001 -3.5946176310991791 20.500000000000004 26.250000000000004 7.5000000000000009 8.8291495629105174 0.078456108245891859 15.129428831951095 4.1094341318104926 27.250000000000004 35.500000000000007 27.450000000000003 31.500000000000004 27.500000000000004 41551.750000000007 37.500000000000007
decision_type=2 8 2 2 2 2 2 2 2 2 2 2 2 2 2 2 8 2 8 2 2 2 2 2 2 2 2 2 2 2 2 2 2 2 2 2 2 2 2 2 2 2 2 2 2 2 2 2 2 2 2 2 2 2 2 2 2 2 2 2 2 2 2
left_child=1 -1 -3 4 6 47 7 14 9 23 -10 12 -11 -14 20 16 -16 19 -19 -18 -4 -6 -23 -8 -17 -7 28 -28 -27 35 32 34 -31 -34 -32 36 37 49 39 -38 41 -41 43 -40 -45 46 -39 48 -5 -20 56 53 54 59 55 58 57 60 -53 -52 -51 -13 -58
right_child=-2 2 3 5 21 25 8 -9 10 11 -12 61 13 -15 15 24 17 18 29 -21 -22 22 -24 -25 -26 26 27 -29 -30 30 31 -33 33 -35 -36 -37 38 45 42 40 -42 -43 -44 44 -46 -47 -48 -49 -50 50 51 52 -54 -55 -56 -57 62 -59 -60 -61 -62 -63 -64
leaf_value=0.067213294872938437 -0.10851789228850901 -0.25413303803340453 -0.10335726959164263 0.12541344708651003 0.18189196369848318 0.038342157269383753 -0.090111352541575859 -0.3756140750902886 0.0034236723014945628 -0.32579243721572188 6.925338148043398 0.41134850942332957 0.40234147786677199 -0.35512725609960727 -0.043925355538911415 -0.014411058551164136 0.37744903166638333 0.48274083742576224 0.47151677854947521 -0.098513865758464908 0.014163198972833602 -0.17950344849945943 0.049408228691479601 -0.73808865875674923 -0.39579505946852866 -0.045325041289121591 0.25765064200097321 -0.24006987945483937 -0.65091772869834996 0.44405851436287308 0.09841650690564957 2.34573152847778 0.38166040421358327 -0.0045660676506700248 -0.12414657825379904 -0.076854153250356244 0.14201249574636679 0.33209222634476238 0.16851943185678772 0.3311646183728974 -0.42729144112087419 -0.33088456256472587 0.019309842621932652 0.034360688085161684 -0.16971617082746385 0.065796591375244434 -0.8985929352211669 0.16897195149714839 0.965638888644477 0.25530560776963152 0.18136370613613254 -0.019644006693556461 -0.061964923772161964 -0.024572640700433548 -0.52310242215308911 0.74075363640256564 -0.34726425474211275 0.062470813642873685 0.13907599023589087 -0.21298590857268629 -0.25525067379648453 -0.078274974770271621 0.22734148564230205
leaf_weight=21497 7961 1831 35718 867 933 34097 6289 6642 724 2634 817 6724 2854 628 32369 2498 5593 9197 1432 32563 16579 16492 2909 1227 3193 906 1433 1024 928 2209 8091 901 3399 5018 3939 14388 545 3908 2191 644 2307 437 33788 3354 9383 29970 153 4720 1314 1533 1240 10148 9181 25927 438 636 618 74819 14251 9703 6213 492 7443
leaf_count=21497 7961 1831 35718 867 933 34097 6289 6642 724 2634 817 6724 2854 628 32369 2498 5593 9197 1432 32563 16579 16492 2909 1227 3193 906 1433 1024 928 2209 8091 901 3399 5018 3939 14388 545 3908 2191 644 2307 437 33788 3354 9383 29970 153 4720 1314 1533 1240 10148 9181 25927 438 636 618 74819 14251 9703 6213 492 7443
internal_value=-0.000124488 -7.09231e-05 -0.000160604 -0.000134996 -0.000278045 0.00136623 -0.000121772 -0.000229275 0.0019552 0.00126631 0.0112751 0.00361911 0.000408764 0.00479609 -0.000137292 5.04523e-05 0.000121015 0.00028892 0.000482509 -0.00121999 -0.00147857 -0.00377447 -0.0042253 -0.00290713 -0.00451151 0.000621288 -0.00336169 0.00112943 -0.00937841 0.00037048 0.00209173 0.000419534 0.00412667 0.00274742 -0.000361596 0.000217268 0.000344639 0.000627869 -0.000718437 -0.0059433 -0.00792503 -6.93802e-05 -0.000296617 -0.00232114 -0.00330337 0.00240589 0.0065932 0.00551007 0.0103049 0.000257975 0.00019519 -0.000585817 0.000721417 -0.00181448 0.00183626 0.00212003 0.000811577 0.000478714 0.00179003 -0.00458055 -0.002866 0.00634008 0.00422094
internal_weight=551860 543899 522402 520571 475282 45289 454948 432559 22389 20848 1541 13332 6116 3482 425917 373620 367929 335560 297404 38156 52297 20334 19401 7516 5691 38388 4291 2457 1834 288207 23557 12931 10626 8417 12030 264650 250262 197613 52649 3933 3388 1081 48716 14928 12737 34031 4061 6901 2181 163582 162150 71524 34654 36870 25473 25035 90626 82565 24399 10943 7746 7216 8061
internal_count=551860 543899 522402 520571 475282 45289 454948 432559 22389 20848 1541 13332 6116 3482 425917 373620 367929 335560 297404 38156 52297 20334 19401 7516 5691 38388 4291 2457 1834 288207 23557 12931 10626 8417 12030 264650 250262 197613 52649 3933 3388 1081 48716 14928 12737 34031 4061 6901 2181 163582 162150 71524 34654 36870 25473 25035 90626 82565 24399 10943 7746 7216 8061
is_linear=0
shrinkage=0.05


Tree=90
num_leaves=64
num_cat=0
split_feature=0 2 0 14 27 14 13 34 36 19 11 36 23 13 0 12 31 13 25 27 38 26 38 42 5 31 40 25 34 43 6 41 38 15 42 21 40 28 25 29 13 34 19 26 26 43 14 38 11 17 34 13 11 38 32 13 38 13 14 23 37 13 11
split_gain=42.0787 52.0448 38.3855 41.7076 57.8756 45.2422 69.0324 56.0762 49.2324 50.7083 43.1648 48.1585 41.9854 43.481 42.2443 49.1061 41.145 60.5953 39.3556 37.4805 35.992 35.4796 35.0841 34.5794 31.6158 31.3663 38.3977 31.3121 30.4208 40.5504 35.8047 34.5896 36.1212 34.429 33.169 28.8258 28.5996 28.5845 36.9698 34.8685 33.3797 29.5626 30.5556 30.6549 28.2547 27.3555 27.2648 44.7461 40.7525 31.7814 26.9167 26.9033 26.8208 26.8046 37.8406 34.7216 29.1634 26.6799 40.9884 43.3479 26.2257 26.0966 43.2273
threshold=22.450000000000003 27.950000000000003 458.25000000000006 9.5000000000000018 66.65000000000002 6.5000000000000009 2.5000000000000004 0.87032255546191739 267.50000000000006 0.68832836526074803 0.12940952255126045 125.62500000000001 12.550000000000002 5.5000000000000009 172.25000000000003 -0.3794095225512602 -12.515607623658104 1.5000000000000002 981.95000000000016 196.50000000000003 29.650000000000002 5931.0000000000009 18.050000000000004 -16.849999999999994 32.050000000000004 6.4680659710950605 990.75000000000011 976.1500000000002 0.95368063612909471 -67.499999999999986 52.537500000000009 36821.750000000007 25.750000000000004 1.0000000180025095e-35 1.2 1542.5000000000002 984.45000000000016 13.075000000000001 982.35000000000002 6.3567296348715123 1.5000000000000002 0.93663652364155514 0.85260769842926931 3610.2500000000005 734.00000000000011 -43.749999999999993 3.5000000000000004 18.450000000000003 -1.0000000180025095e-35 4.3087148150932082 0.97233289553061597 4.5000000000000009 0.91597561503675362 29.950000000000003 -2.1808523235359125 4.5000000000000009 37.850000000000001 1.0000000180025095e-35 8.5000000000000018 27.250000000000004 41.500000000000007 1.0000000180025095e-35 -1.0000000180025095e-35
decision_type=2 8 2 2 8 2 2 2 2 2 2 2 2 2 2 2 2 2 2 8 2 2 2 2 8 2 2 2 2 2 10 2 2 2 2 2 2 2 2 2 2 2 2 2 2 2 2 2 2 2 2 2 2 2 2 2 2 2 2 2 2 2 2
left_child=1 -1 3 4 5 10 7 8 44 21 16 20 45 14 37 -16 17 -2 -4 36 -12 61 -3 -8 -13 -21 -27 50 29 35 -30 32 -31 -34 -32 -25 -5 39 -39 40 -14 42 -41 -44 -7 -6 47 -15 49 -49 -19 -22 57 55 56 -26 -55 58 59 -9 -38 -10 -63
right_child=2 22 18 19 12 6 23 52 9 -11 11 24 13 46 15 -17 -18 27 -20 25 51 -23 -24 28 53 26 -28 -29 30 31 34 -33 33 -35 -36 -37 60 38 -40 41 -42 -43 43 -45 -46 -47 -48 48 -50 -51 -52 -53 -54 54 -56 -57 -58 -59 -60 -61 -62 62 -64
leaf_value=-0.001726450378594624 -0.051439388854990581 1.000144318249397 -7.5113209380831591 0.024932668112050506 1.2392418417187363 0.047993671072630285 0.37989704357832582 1.1264317583836305 -0.029433660295317667 0.19753695438693125 0.23073446237214781 -0.10536598279054273 0.029941809813970679 -0.1442526675075233 -0.058284860880340086 -1.0731927200052713 -0.021092278417499499 0.21794637609554082 -1.5233545113158713 0.22130896359051377 1.3663468346348449 -0.074138982306181947 0.061534880736105357 -0.10725208173279127 -0.081069988898132828 -0.30894001196467114 0.27336164864695628 0.1564731402453913 -0.17590129297990842 -0.14036692642585155 -0.38793625867452008 -0.15870327475309653 0.027693294935187865 -0.22103884906173488 0.23652980649106858 0.48632496621522414 0.093985310325577665 -0.076390474841587439 0.26381374686277165 -0.14471020842150817 -0.0835887668493073 -0.010452755604445342 -0.56295444084340507 -0.10796235943837434 -0.13376606322869292 0.058293995069713139 -0.029125831039983369 0.22531714720808688 0.77912381730726388 -0.45133860551621041 0.69701859123580157 -0.36803624116841027 -0.11827867134775211 0.43991641922749508 0.061235296547300783 0.12959191021619695 -0.010446715565163169 0.22182248158129256 0.62497571576399802 -0.1879801013785361 1.6512499548044919 -0.076525848242051497 0.33714794209339899
leaf_weight=58533 5260 486 438 2331 2316 3484 954 337 2430 5110 14194 4798 20722 2616 4207 6226 67546 1554 4337 31522 1125 6559 33545 15215 10901 11496 5810 4942 9351 3526 575 1542 24522 1383 1461 326 1147 8866 4913 28579 44298 9382 4415 3144 9277 9227 12106 2193 3233 546 1320 250 1055 2812 11383 5769 977 6930 568 1611 2787 1176 2216
leaf_count=58533 5260 486 438 2331 2316 3484 954 337 2430 5110 14194 4798 20722 2616 4207 6226 67546 1554 4337 31522 1125 6559 33545 15215 10901 11496 5810 4942 9351 3526 575 1542 24522 1383 1461 326 1147 8866 4913 28579 44298 9382 4415 3144 9277 9227 12106 2193 3233 546 1320 250 1055 2812 11383 5769 977 6930 568 1611 2787 1176 2216
internal_value=-0.000124488 0.000848062 -0.00032049 -0.00027364 -0.000451521 5.86175e-05 -0.000746928 0.000834908 -0.000257834 0.00146504 0.000662684 0.00178274 -0.0011616 -0.00137765 -0.00170536 -0.00476133 -6.2638e-05 0.00250459 -0.0047801 0.00101601 0.00411234 -0.000264518 0.00240296 -0.00184224 0.000792849 0.000548865 -0.00116145 0.00529683 -0.00199781 -0.00143075 -0.00431413 -0.000385013 -2.54833e-06 0.000643698 0.0016945 -0.0035149 0.00465682 -0.00144889 0.000698527 -0.00171657 -0.000973547 -0.0027779 -0.00342714 -0.00625413 -0.00261931 0.00174781 0.000756258 0.00291104 0.00529973 0.00081234 0.00944676 0.0118364 0.00398295 0.00136298 0.0028836 -2.09958e-05 0.00721167 0.00482744 0.000417329 -0.00302875 0.00725724 0.00257643 0.00540979
internal_weight=551860 92564 459296 454521 399428 232439 99608 40753 30252 17491 132831 52209 166989 155446 134752 10433 80622 13076 4775 55093 15569 12381 34031 58855 36640 48828 17306 7816 57901 46514 11387 30973 29431 25905 2036 15541 6265 124319 13779 110540 65020 45520 36138 7559 12761 11543 20694 8588 5972 2739 2874 1375 10501 31842 15172 16670 3789 9446 2516 1948 3934 5822 3392
internal_count=551860 92564 459296 454521 399428 232439 99608 40753 30252 17491 132831 52209 166989 155446 134752 10433 80622 13076 4775 55093 15569 12381 34031 58855 36640 48828 17306 7816 57901 46514 11387 30973 29431 25905 2036 15541 6265 124319 13779 110540 65020 45520 36138 7559 12761 11543 20694 8588 5972 2739 2874 1375 10501 31842 15172 16670 3789 9446 2516 1948 3934 5822 3392
is_linear=0
shrinkage=0.05


Tree=91
num_leaves=64
num_cat=0
split_feature=0 25 1 0 16 0 3 16 22 38 8 15 8 39 38 22 25 13 34 9 12 21 28 5 21 27 11 44 33 9 1 28 40 12 23 22 41 43 43 23 9 12 13 13 12 32 38 34 23 11 27 40 16 37 24 8 27 15 34 33 23 32 36
split_gain=41.3355 59.7666 56.5185 51.008 50.9649 35.5792 30.9162 40.904 32.1803 47.3246 31.6964 30.7615 30.0821 29.9919 31.6911 28.8907 27.7965 27.5212 37.2351 38.9129 31.3179 29.6952 27.976 26.3269 31.5825 25.2144 33.7596 35.2833 25.3704 24.6688 24.7021 24.5287 26.3699 24.1245 24.0468 23.3049 43.964 30.1549 24.7745 24.739 24.233 24.4846 26.2236 28.4232 26.4975 23.2702 35.0304 24.5057 22.3279 22.0404 21.9599 21.9471 21.8127 21.8194 21.7541 21.5757 21.4494 21.4388 34.2837 21.343 21.4741 21.4481 21.2832
threshold=52.525000000000006 985.55000000000007 40.525000000000006 359.25000000000006 -11.271763713937322 33.550000000000004 32.525000000000006 7.5343212289896746 45.500000000000007 35.550000000000004 -119.24999999999999 1.0000000180025095e-35 -68.774999999999991 1.0000000180025095e-35 24.250000000000004 6.5000000000000009 981.05000000000007 3.5000000000000004 -0.069756473744125441 127.25000000000001 0.60355339059327384 150.62500000000003 20.705000000000002 30.025000000000002 1092.5000000000002 95.450000000000017 0.60355339059327384 -1489.7499999999998 10.250000000000002 12.850000000000003 29.050000000000004 33.645000000000003 981.55000000000007 0.37940952255126048 34.150000000000013 62.500000000000007 28587.250000000004 -277.49999999999994 1177.5000000000002 34.350000000000001 38.050000000000004 0.37940952255126048 3.5000000000000004 1.0000000180025095e-35 -0.3794095225512602 -5.0348058062929999 23.450000000000003 -0.35836794954530055 34.750000000000007 0.78656609248549325 17.950000000000003 981.45000000000016 -5.4664028463200003 45.500000000000007 1.0000000180025095e-35 89.65000000000002 38.975000000000009 1.0000000180025095e-35 -0.58778525229247303 19.950000000000003 16.650000000000002 -4.3744509185951523 402.50000000000006
decision_type=2 2 10 2 2 2 10 2 2 2 8 2 8 2 2 2 2 2 2 10 2 2 2 10 2 8 2 2 2 8 10 2 2 2 2 2 2 2 2 2 10 2 2 2 2 2 2 2 2 2 8 2 2 2 2 8 8 2 2 2 2 2 2
left_child=2 3 5 13 11 6 7 8 -1 29 -8 -3 -6 15 -15 -2 -5 20 23 55 21 57 45 24 -19 26 28 31 -17 -10 -31 32 -28 -16 -35 36 37 39 -38 -12 41 42 43 -37 -45 47 52 -23 -21 -44 -4 -40 -47 -54 -52 -20 -39 -14 -59 60 61 -25 -30
right_child=1 4 50 16 12 -7 10 -9 9 -11 35 -13 17 14 33 25 -18 18 19 48 -22 22 -24 59 -26 -27 27 -29 62 30 -32 -33 -34 34 -36 40 38 56 51 -41 -42 -43 49 44 -46 46 -48 -49 -50 -51 54 -53 53 -55 -56 -57 -58 58 -60 -61 -62 -63 -64
leaf_value=-0.090824955081662453 0.51045681665129627 -0.30631268193752403 0.1603949963001563 -4.4900999074224357 0.66659596983479685 -0.041980747012307168 1.0639928158437455 -0.040794286460643252 0.18227133642938487 0.42306440348220065 0.088092200250177818 0.95927222058048867 -0.23287493182537153 -0.75921615004454646 -0.051674278892770743 -0.15642007430225818 -1.3630796472670719 -0.092984869960040101 0.28585798502252857 0.68115476908944217 0.14623341220139327 -0.048614382067304666 0.52057628613642215 0.24267961350224612 -0.59907624726403685 -0.13837865379554729 0.048948612726720242 -0.0022902416267187365 0.033861362442596202 -0.004888532581286853 0.064410147126752346 2.0528979217958874 0.76006827792405174 -0.24986034691844294 -0.70673396075574646 -0.14043365468899244 -0.070582743853407515 0.21768189248181652 -0.036716379288170307 -0.094789333828200387 -0.025066886341534891 0.18151412494555527 -0.19570144557876679 0.33170870325133406 -0.0030143092197837842 -0.56207999288220012 -0.082827939975682788 -0.54599825232514809 -0.5293903291670955 0.083584860382124274 0.053504480516069666 0.17523708662208881 -0.068879712545437496 0.7556934450105679 -0.044584406940461112 -0.70392203001112608 0.09715724845761349 0.81055546784610888 -0.89876811865542339 -0.10786926339101442 0.34685902318903294 -0.71461577992989822 -0.072933533205373643
leaf_weight=4133 629 10896 6520 755 8846 57931 590 27059 2203 819 4573 571 14193 800 6035 13890 1546 5358 4200 7061 13936 6634 652 2681 865 50885 3613 16230 21282 62192 12990 525 2172 2468 317 867 4702 7158 800 2663 20631 2951 1312 1451 1084 363 6448 2257 274 760 64340 723 979 3378 8145 1505 6801 206 1145 4759 9216 1426 19466
leaf_count=4133 629 10896 6520 755 8846 57931 590 27059 2203 819 4573 571 14193 800 6035 13890 1546 5358 4200 7061 13936 6634 652 2681 865 50885 3613 16230 21282 62192 12990 525 2172 2468 317 867 4702 7158 800 2663 20631 2951 1312 1451 1084 363 6448 2257 274 760 64340 723 979 3378 8145 1505 6801 206 1145 4759 9216 1426 19466
internal_value=-0.00011869 -0.000596872 0.000272909 -0.00127602 0.000288598 -0.000132023 0.000239394 -0.000252751 0.000301505 0.000528745 0.00118284 -0.00286256 0.000663506 -0.00115319 -0.00384615 -0.000951885 -0.00865928 0.0003827 0.0014105 0.00356595 -0.000382041 -0.00115639 8.32891e-05 0.000254063 -0.00255102 -0.00100439 -0.000434709 0.00119343 -0.00110637 0.00040221 0.000249395 0.00436609 0.00342697 -0.00298186 -0.00683124 0.0010624 0.00210795 0.00319297 -0.00158635 0.000573521 7.57159e-05 0.00233531 0.000356229 0.00305703 0.00572978 -0.000248018 0.00127149 -0.00215668 0.00597478 -0.00407819 0.00142301 0.00395601 0.00454449 0.00552559 0.001173 0.000468887 0.00455083 -0.00280816 -0.00882679 0.00121944 0.00224612 -0.000760896 -0.000477324
internal_weight=551860 248462 303398 140613 107849 224393 166462 109396 82337 78204 57066 11467 96382 138312 9620 128692 2301 87536 37345 13040 50191 36255 20711 24305 6223 128063 77178 22540 54638 77385 75182 6310 5785 8820 2785 56476 27420 21195 6225 7236 29056 8425 5474 3402 2535 20059 11168 8891 7335 2072 79005 1523 4720 4357 72485 5705 13959 15544 1351 18082 13323 4107 40748
internal_count=551860 248462 303398 140613 107849 224393 166462 109396 82337 78204 57066 11467 96382 138312 9620 128692 2301 87536 37345 13040 50191 36255 20711 24305 6223 128063 77178 22540 54638 77385 75182 6310 5785 8820 2785 56476 27420 21195 6225 7236 29056 8425 5474 3402 2535 20059 11168 8891 7335 2072 79005 1523 4720 4357 72485 5705 13959 15544 1351 18082 13323 4107 40748
is_linear=0
shrinkage=0.05


Tree=92
num_leaves=64
num_cat=0
split_feature=0 5 37 0 1 1 0 45 26 14 1 16 7 25 25 14 40 14 18 17 13 22 26 3 0 43 40 5 43 0 14 13 44 13 31 8 28 19 21 17 38 14 23 19 32 43 28 39 27 43 36 20 38 40 35 23 16 36 40 0 21 38 0
split_gain=40.463 49.4749 45.8936 41.4356 49.0121 44.2011 39.1069 33.6396 33.1162 30.0604 28.8432 27.0352 24.0799 23.8298 22.8593 28.7196 36.7192 24.6802 31.008 24.3025 23.648 22.5568 22.0103 20.8897 20.6499 20.5721 20.5165 20.4817 27.2884 20.5822 20.2369 31.0386 34.7756 30.394 41.0242 39.3099 32.7911 29.6622 29.412 24.0096 37.4729 55.5363 38.7973 25.848 30.2693 25.1135 23.6827 23.0005 21.2874 20.7528 20.1738 25.5367 19.5778 20.8446 19.3455 39.5248 29.8415 28.9342 19.7653 19.2879 19.2075 19.0252 22.1533
threshold=223.25000000000003 179.25000000000003 46.500000000000007 54.525000000000006 55.525000000000006 73.050000000000011 100.90000000000002 1.0000000180025095e-35 624.50000000000011 5.5000000000000009 131.25000000000003 6.6456999851684389 123.98270833333335 987.85000000000002 988.55000000000007 10.500000000000002 983.55000000000007 11.500000000000002 23.250000000000004 6.2000553915284984 5.5000000000000009 63.500000000000007 1513.7500000000002 40.550000000000004 134.25000000000003 377.50000000000006 984.35000000000002 38.525000000000006 31.250000000000004 15.550000000000002 6.5000000000000009 3.5000000000000004 -10518.999999999998 3.5000000000000004 -13.711791322293331 -77.949999999999974 1.6650000000000003 -0.20791169081775965 777.50000000000011 -5.3786528616928599 28.850000000000005 7.5000000000000009 29.750000000000004 0.72534675097891099 -0.18837596079186819 -247.49999999999997 1.5250000000000001 1.0000000180025095e-35 31.950000000000003 447.50000000000006 41.250000000000007 0.76037701167087501 28.750000000000004 973.6500000000002 -0.3090169943749474 36.250000000000007 -14.76698835746293 1832.5000000000002 977.85000000000002 401.25000000000006 887.50000000000011 26.450000000000003 561.75000000000011
decision_type=2 10 2 2 10 8 2 2 2 2 8 2 8 2 2 2 2 2 2 2 2 2 2 10 2 2 2 10 2 2 2 2 2 2 2 10 2 2 2 2 2 2 2 2 2 2 2 2 8 2 2 2 2 2 2 2 2 2 2 2 2 2 2
left_child=1 3 8 4 7 54 12 22 -2 11 25 59 -7 -3 15 16 -11 -16 -19 20 -17 23 52 -12 -15 -8 -13 28 -9 -29 33 39 38 35 -35 -24 46 -34 -33 60 41 49 43 -43 -45 -46 48 -42 -36 -41 -23 -52 53 -1 55 56 -5 -57 -58 -4 -32 -10 -63
right_child=2 13 9 5 -6 6 10 27 61 14 21 26 -14 24 17 19 -18 18 -20 -21 -22 50 30 -25 -26 -27 -28 29 -30 -31 31 32 37 34 36 -37 -38 -39 -40 40 47 42 -44 44 45 -47 -48 -49 -50 -51 51 -53 -54 -55 -56 57 58 -59 -60 -61 -62 62 -64
leaf_value=-0.11758434970912611 -2.3838542371817151 0.07475700553373095 -0.9596812646005729 0.10931277397351885 0.081730759308546619 0.026656589360876205 -0.15273414942108474 -0.04238462009616431 -1.4706420236609674 -1.2142441848203427 -0.28807444123832487 -2.7235422150533801 0.26859488609887572 0.90134132537521572 1.3225274479467242 -0.1160770212535681 1.8216287886678533 -0.30227044606717368 5.267312194390203 -1.8532283183231248 -2.0978999776542433 0.17637256802190329 0.23469774433690543 0.1697497230020836 0.38490604125365807 -0.496334802408267 0.43422054860099135 0.13716383222529879 0.0014457476114821289 0.0037870287087231613 0.00035524644683562203 0.66016817307073039 0.00046712072918709825 0.46336854457173904 0.21748803667651143 -0.029511100462598708 -0.053435890371744323 -0.10605063841019752 0.032092981156913551 -0.17488000901180245 0.044157759409737922 -0.021342212967208708 -0.2764414848191652 6.4930580701494381e-05 0.85169987350057219 0.17792249550462139 0.58858015998118085 0.17881435532134915 0.054842625072911183 0.13521228769971999 -0.51999489311022318 0.22676744169674734 0.1425915406115241 0.05485522885014113 -0.055368931335085407 -0.51053998772586773 -0.22973327626185025 -0.01883210017933248 -0.079729395267967726 -4.3577099551110923 -0.15193944644804325 0.25751560977460158 -7.9205555056526826
leaf_weight=2039 1220 11727 3536 3799 30319 47413 25920 63555 2342 727 3548 277 7114 3127 4199 4053 1276 4217 183 1080 688 3927 2756 16036 6371 1741 2150 4297 52247 49583 2697 518 7284 1633 3538 17555 4751 11564 1901 4270 10029 2854 625 1687 778 1927 456 4319 7767 225 5896 1711 7457 10240 51772 2052 8895 899 10271 683 1765 2074 300
leaf_count=2039 1220 11727 3536 3799 30319 47413 25920 63555 2342 727 3548 277 7114 3127 4199 4053 1276 4217 183 1080 688 3927 2756 16036 6371 1741 2150 4297 52247 49583 2697 518 7284 1633 3538 17555 4751 11564 1901 4270 10029 2854 625 1687 778 1927 456 4319 7767 225 5896 1711 7457 10240 51772 2052 8895 899 10271 683 1765 2074 300
internal_value=-0.000115518 -1.4679e-05 -0.00193329 -0.000114726 0.000241601 -0.000694263 -6.44273e-05 3.50496e-05 -0.00585411 -0.000924401 -0.000959101 -0.00376166 0.000900013 0.00234982 0.000223772 -0.00173185 0.00343235 0.00200314 -0.000613636 -0.00350885 -0.00196688 8.51597e-05 0.000713382 0.00111826 0.00421141 -0.00213387 0.000442934 -0.000407232 -0.000781938 0.000398107 0.000384768 -0.000254085 -0.00172685 0.00125598 0.00274318 -7.26207e-05 0.00199552 -0.00245119 0.00391691 0.000750577 0.00131766 -0.000699499 0.00183268 0.00286365 0.00527095 0.00854898 0.0034117 0.00305618 0.00296108 -0.00513348 -0.00166898 -0.00317142 0.0022269 0.000999674 -0.00161286 -0.00272804 -0.00202809 -0.00817519 -0.00283053 -0.00618037 -0.00264455 -0.00395462 -0.000800337
internal_weight=551860 522855 29005 501630 310636 190994 113306 280317 5936 23069 58779 6646 54527 21225 16423 7824 2003 8599 4400 5821 4741 31118 110635 19584 9498 27661 2427 169682 115802 53880 90899 52443 21267 38456 18145 20311 16512 18848 2419 31176 26714 12366 7871 7246 4392 2705 11761 14348 11305 4495 11534 7607 19736 12279 77688 25916 22965 2951 19166 4219 4462 4716 2374
internal_count=551860 522855 29005 501630 310636 190994 113306 280317 5936 23069 58779 6646 54527 21225 16423 7824 2003 8599 4400 5821 4741 31118 110635 19584 9498 27661 2427 169682 115802 53880 90899 52443 21267 38456 18145 20311 16512 18848 2419 31176 26714 12366 7871 7246 4392 2705 11761 14348 11305 4495 11534 7607 19736 12279 77688 25916 22965 2951 19166 4219 4462 4716 2374
is_linear=0
shrinkage=0.05


Tree=93
num_leaves=64
num_cat=0
split_feature=37 38 23 36 0 5 29 24 0 30 36 32 31 14 29 37 44 33 40 32 19 28 23 9 42 40 38 45 40 16 9 16 9 20 36 17 32 4 5 7 38 32 40 14 31 23 36 18 22 14 23 16 31 42 32 38 22 17 15 32 31 19 22
split_gain=38.5834 39.437 92.9004 54.3621 41.613 55.8233 48.8612 37.6858 36.9281 34.5333 32.789 32.2302 31.6322 69.8166 56.5134 49.0866 70.9846 60.1838 52.3091 54.1632 63.173 50.3221 46.8361 45.5146 61.5392 44.9748 44.3191 43.6923 41.9705 40.5945 39.8118 37.5641 37.3501 36.4309 35.2003 40.8903 35.4725 39.7347 33.4752 32.3714 31.3167 43.8329 49.3579 36.983 50.0639 31.6697 31.311 31.0413 30.3663 28.8024 28.5478 42.7751 28.5123 28.3909 28.2962 28.2463 28.143 27.8186 27.7417 35.8631 35.1334 28.3344 27.2997
threshold=6.5000000000000009 35.550000000000004 35.050000000000004 1282.5000000000002 188.25000000000003 136.25000000000003 80.146998816415746 2.1500000000000008 6.0100000000000007 1147.0000000000002 46.250000000000007 -8.1652484880493592 -0.17710577812128581 8.5000000000000018 3.9984011081278168 50.500000000000007 -5776.2499999999991 15.350000000000003 980.35000000000002 -4.9485661974549169 0.62249093318774806 19.065000000000005 26.450000000000003 152.25000000000003 2.6000000000000014 987.05000000000007 27.450000000000003 1.5000000000000002 994.75000000000011 -25.351192182455701 66.225000000000009 16.06335055468109 22.050000000000004 -0.5 407.50000000000006 16.178045648204556 13.67911994715819 33.825000000000003 72.02500000000002 27.497916666666672 38.650000000000013 3.7965491201041548 973.55000000000007 4.5000000000000009 -17.229535487379277 36.850000000000001 1887.5000000000002 14.050000000000002 10.500000000000002 6.5000000000000009 33.95000000000001 -3.5946176310991791 -9.4414041301650666 -5.9499999999999993 -6.2353210680238274 28.150000000000002 29.500000000000004 -11.054803114112481 1.0000000180025095e-35 -17.572445907063187 -8.7536632991837582 -0.98321746822993583 55.500000000000007
decision_type=2 2 2 2 2 10 2 2 2 2 2 2 2 2 2 2 2 2 2 2 2 2 2 8 2 2 2 2 2 2 10 2 10 2 2 2 2 10 10 10 2 2 2 2 2 2 2 2 2 2 2 2 2 2 2 2 2 2 2 2 2 2 2
left_child=54 2 4 50 5 7 10 8 -2 12 -6 -12 13 15 27 17 18 39 19 -17 47 33 29 24 38 57 -24 31 32 -22 55 -15 -18 -20 58 36 37 -36 -14 -10 41 42 52 -43 -45 56 -41 -21 -4 -50 51 -3 -5 -51 -1 -26 -42 -25 61 -60 -61 -34 -19
right_child=1 3 48 40 6 -7 -8 -9 9 -11 11 -13 23 14 -16 16 28 62 21 20 22 -23 26 25 30 -27 -28 -29 -30 -31 -32 -33 34 -35 35 -37 -38 -39 -40 46 45 43 -44 44 -46 -47 -48 -49 49 53 -52 -53 -54 -55 -56 -57 -58 -59 59 60 -62 -63 -64
leaf_value=0.029927854579559866 0.12328467352811484 0.068028941577012336 0.16424513157711296 -0.27331040257681377 0.17737231959580943 0.19159164494079431 -1.4700096359565287 -0.10372024697403717 -0.22678093948367239 2.720480371280305 -0.76881757412798601 -0.16133695592007763 -0.035875013901704791 0.10737605160719094 0.69823881252350706 -0.16571853060383679 0.04653388643628395 0.1855330079217819 0.1714877662810253 0.09173983805911777 -0.46033827289787399 0.63919365271440798 -0.084438699492455804 -0.20161221928719036 0.027144487925185867 0.026053461373278932 0.22915982807843763 -0.21437808685843593 0.76245375537342286 0.79777481351731216 0.020689003704930278 1.8474186786026259 0.195839983731147 -0.23858381856253655 -0.018375074585217057 0.25406824734943906 -0.17827305955781469 -0.14085089079745339 0.1140120691916859 0.068076045334416427 0.38018301500376955 -0.0048993552611098501 -0.023314827377911147 0.21960237835696894 -0.39306808362673523 0.023580029239602673 -0.20380275594452485 -0.23865746060146986 -0.16912162934941169 0.50099705701783481 0.13072890169899518 0.86725038018537726 0.31422613309195352 -0.06349050198311583 -0.37284401604560369 0.17519397674814763 0.092348484783220913 -0.08115243321687203 0.80824484092904325 -0.095050733349167874 -0.67231181650027405 -0.020581566977796891 0.52980562958976063
leaf_weight=668 5823 1170 953 254 12678 33057 1584 7689 1289 493 9830 16080 64134 17430 944 1454 13628 10545 963 1331 163 948 2104 7739 4097 21858 9076 1793 947 2021 26731 984 3377 3986 22096 889 4247 17656 8028 18537 1790 2634 11592 450 2855 11330 1378 1499 16043 530 7923 1483 2430 3211 1229 6127 2352 43306 227 3259 1066 68166 1706
leaf_count=668 5823 1170 953 254 12678 33057 1584 7689 1289 493 9830 16080 64134 17430 944 1454 13628 10545 963 1331 163 948 2104 7739 4097 21858 9076 1793 947 2021 26731 984 3377 3986 22096 889 4247 17656 8028 18537 1790 2634 11592 450 2855 11330 1378 1499 16043 530 7923 1483 2430 3211 1229 6127 2352 43306 227 3259 1066 68166 1706
internal_value=-0.000116606 -9.20516e-05 -0.000220369 0.00130504 -7.96645e-05 6.01299e-05 -0.00162053 -9.93327e-05 -3.30187e-05 -9.11105e-05 -0.00126723 -0.00228676 -0.000107586 0.000304971 0.00303177 5.4529e-06 -0.000360615 0.00174638 0.0021735 0.00353581 0.00436581 -0.00190351 0.0058029 -0.000591968 5.42995e-05 -0.00155926 0.00449463 0.00247315 -0.000800764 0.0125 0.00171357 0.00319865 -0.000874557 -0.00392504 -0.00115409 -0.00226453 -0.00247903 -0.00201499 -0.000795432 0.000134409 0.000371984 -0.000923819 0.000577893 -0.00453359 -0.00805598 0.00206502 0.000631434 -0.00242049 -0.00349737 -0.00391731 0.00445348 0.00894271 0.00668778 3.34135e-05 -0.00723511 0.00436718 0.00580637 -0.00237193 -0.000499047 -0.00428383 -0.00530058 -0.000258236 0.00453636
internal_weight=551860 549963 503700 46263 482963 442791 40172 409734 402045 396222 38588 25910 395729 213709 21151 192558 159103 33455 23545 17648 16194 5897 13364 182020 109117 72903 11180 20207 135558 2184 36955 18414 134611 4949 120983 44888 43999 39752 72162 21204 35687 20215 14276 5939 3305 15472 19915 2830 20737 19784 10576 2653 2684 3741 1897 10224 4142 51045 76095 4552 4325 71543 12251
internal_count=551860 549963 503700 46263 482963 442791 40172 409734 402045 396222 38588 25910 395729 213709 21151 192558 159103 33455 23545 17648 16194 5897 13364 182020 109117 72903 11180 20207 135558 2184 36955 18414 134611 4949 120983 44888 43999 39752 72162 21204 35687 20215 14276 5939 3305 15472 19915 2830 20737 19784 10576 2653 2684 3741 1897 10224 4142 51045 76095 4552 4325 71543 12251
is_linear=0
shrinkage=0.05


Tree=94
num_leaves=64
num_cat=0
split_feature=0 37 38 23 38 23 24 11 8 17 35 28 26 5 29 13 15 44 23 30 44 5 42 14 29 21 14 40 16 13 31 16 31 23 37 41 44 12 4 42 32 37 37 23 38 31 16 44 35 38 19 17 17 14 37 13 13 37 16 35 8 44 13
split_gain=38.9271 36.2263 41.3846 83.8604 40.9642 64.6529 45.9592 43.4207 43.6231 40.7478 45.5139 54.0243 44.2109 43.5231 40.3942 71.3278 38.648 38.1761 37.2823 42.9532 38.1008 36.9035 36.4012 36.2947 54.9869 36.2902 34.6654 57.3201 39.3759 33.9644 54.1372 34.3143 34.0174 47.6906 33.6761 32.769 44.0447 35.4981 39.1503 37.7943 34.8242 35.6532 34.7742 42.4966 55.8729 49.2249 59.7205 45.3232 45.2408 40.1109 37.3755 34.6428 34.4667 37.2565 54.4092 48.1873 41.634 34.6046 34.1717 32.7034 32.2322 31.7059 35.2403
threshold=692.00000000000011 7.5000000000000009 35.750000000000007 34.850000000000001 30.750000000000004 30.950000000000003 2.3500000000000001 -0.78656609248549292 -107.64999999999999 8.1551178909361699 0.44618082326431213 9.2800000000000011 23613.750000000004 49.550000000000004 100.68547057746612 2.5000000000000004 1.0000000180025095e-35 -11732.249999999998 30.850000000000005 48.500000000000007 -181.49999999999991 41.050000000000004 -3.7999999999999989 6.5000000000000009 26.083140799206234 807.50000000000011 8.5000000000000018 980.75000000000011 -13.809086963353151 3.5000000000000004 1.4264748113697137 12.296877854383693 -1.1415955113331102 36.750000000000007 39.500000000000007 6661.5000000000009 -10518.999999999998 -0.78656609248549325 99.850000000000009 2.4000000000000017 1.0000000180025095e-35 91.500000000000014 24.500000000000004 26.250000000000004 25.650000000000002 -4.6923240590432149 -7.6971695474311286 -1907.9999999999995 -0.85260769842926898 27.050000000000004 0.62249093318774806 -5.9351206826417249 14.774050854291081 7.5000000000000009 67.500000000000014 1.0000000180025095e-35 1.5000000000000002 91.500000000000014 -13.005389563475839 0.35019404643548474 -29.974999999999994 -1062.7499999999998 3.5000000000000004
decision_type=2 2 2 2 2 2 2 2 8 2 2 2 2 10 2 2 2 2 2 2 2 8 2 2 2 2 2 2 2 2 2 2 2 2 2 2 2 2 8 2 2 2 2 2 2 2 2 2 2 2 2 2 2 2 2 2 2 2 2 2 8 2 2
left_child=1 59 3 4 5 6 7 -3 -9 10 18 12 23 -11 35 16 22 -14 19 -6 -21 -4 -16 24 -12 -23 27 28 -7 30 31 34 -31 -34 -5 36 40 -37 39 -39 41 -10 50 44 58 47 48 -46 -47 -45 -38 -51 53 -53 -55 -56 -57 -58 -44 -1 -17 -60 -63
right_child=-2 2 21 29 9 26 -8 8 14 13 11 -13 17 -15 15 60 -18 -19 -20 20 -22 25 -24 -25 -26 -27 -28 -29 -30 32 -32 -33 33 -35 -36 37 42 38 -40 -41 -42 -43 43 49 45 46 -48 -49 -50 51 -52 52 -54 54 55 56 57 -59 61 -61 -62 62 -64
leaf_value=-0.315867143966166 -6.1576419580511503 -0.059045414634194437 -0.0084183938223189262 -0.074258071832325842 0.060500653157941835 0.10094651779529712 -0.13730882462846811 0.46769721792541685 0.12737771622068658 0.036546105819811013 0.33637012906941222 0.65581563861402781 0.080510468027071083 0.32414083013780765 -0.31705551019969652 -0.0050315437743460485 6.0128729260241105 -0.15094014455819146 -0.03813152381542987 0.34895311883786101 -0.57204021428570484 0.35741196643939682 0.26176893475898355 0.03059367548581653 -0.018810527216580299 0.06643578816126805 0.27912430017315776 -0.25673447207956868 -0.085413147361777284 0.03445132591836142 -0.0024183955715467668 0.059891769493897254 -0.054574577598699825 -0.601187088162487 -0.33219720078362674 0.03306309561595322 0.11321956859344784 -0.1046835469100586 -0.24364024755880767 0.0059365936481504018 0.37174328932176864 -0.39192289038192951 -0.14375402745812824 -0.079060193074247387 0.6970897119621815 0.32192903939212547 0.14410260859888099 0.16431228918602972 -0.20906640375143823 -0.13798231486500759 0.84991223117769632 -0.012415765959649817 -0.22747509391868306 -0.14207154512494088 -0.10660060890533173 0.43636458236081377 0.076461699991420676 0.42843003234929322 0.22304192913888488 -0.014847151948523997 -0.41046574737736852 -0.074255752996589583 0.1500320781982063
leaf_weight=1717 1177 54203 17627 1850 22741 4393 5478 8405 4115 9521 4743 1671 1649 5322 1610 1921 387 3024 39307 490 969 5029 1948 13753 2508 18929 1658 6316 17851 7512 4233 1068 2238 849 6308 19273 3284 7072 8265 20671 4712 573 10765 28431 2912 804 7213 8786 3167 4592 1552 27912 2130 3296 2405 2825 11229 1508 20195 1782 5493 33901 24592
leaf_count=1717 1177 54203 17627 1850 22741 4393 5478 8405 4115 9521 4743 1671 1649 5322 1610 1921 387 3024 39307 490 969 5029 1948 13753 2508 18929 1658 6316 17851 7512 4233 1068 2238 849 6308 19273 3284 7072 8265 20671 4712 573 10765 28431 2912 804 7213 8786 3167 4592 1552 27912 2130 3296 2405 2825 11229 1508 20195 1782 5493 33901 24592
internal_value=-0.000113797 -9.43828e-05 -6.19536e-05 -0.00018666 -4.27274e-05 -0.000287288 -9.33816e-05 -2.02118e-05 0.000225744 0.000826884 0.000430081 0.00213544 0.00156852 0.00325574 0.000118272 -0.00280174 0.00262991 -0.00283009 -0.000304297 0.00123967 -0.00707676 0.00145425 0.000997752 0.00254713 0.0054096 0.00273186 -0.00250513 -0.00291317 -0.00171956 -0.00306759 -0.00473475 -0.00688272 -0.000950561 -0.00536929 -0.00798603 0.000242881 0.000526911 -0.000840705 -0.00176766 -0.000867786 0.00387234 0.000821246 0.000370846 0.000267844 0.00090466 0.00310943 0.000737661 0.00537699 -0.0041866 -0.000580471 0.00455955 0.000197238 0.000569633 0.000839349 0.00241617 0.00349947 0.00451741 0.00329944 0.000340682 -0.00516576 -0.00569193 0.00070214 0.000112407
internal_weight=551860 550683 547184 505599 481541 375843 345625 340147 285944 105698 90855 27348 25677 14843 277539 11359 3945 4673 63507 24200 1459 41585 3558 21004 7251 23958 30218 28560 22244 24058 13459 9226 10599 3087 8158 266180 210899 55281 36008 27743 9400 4688 201499 196663 112335 22882 11184 11698 3971 84328 4836 55897 51305 49175 21263 17967 15562 12737 89453 3499 7414 78688 58493
internal_count=551860 550683 547184 505599 481541 375843 345625 340147 285944 105698 90855 27348 25677 14843 277539 11359 3945 4673 63507 24200 1459 41585 3558 21004 7251 23958 30218 28560 22244 24058 13459 9226 10599 3087 8158 266180 210899 55281 36008 27743 9400 4688 201499 196663 112335 22882 11184 11698 3971 84328 4836 55897 51305 49175 21263 17967 15562 12737 89453 3499 7414 78688 58493
is_linear=0
shrinkage=0.05


Tree=95
num_leaves=64
num_cat=0
split_feature=0 6 11 3 0 5 27 26 13 22 13 21 6 29 32 23 30 0 22 17 41 25 22 27 43 30 30 43 32 26 31 38 0 29 21 13 36 34 1 31 35 45 5 4 0 34 22 26 9 17 16 1 4 32 4 31 22 1 32 25 29 39 1
split_gain=36.2471 58.8459 41.5752 40.4054 51.6434 45.4799 37.9367 40.0196 41.7361 58.7181 37.2815 44.1654 43.3752 37.3297 55.6848 33.9107 33.1873 33.0348 32.4562 29.3073 28.7818 29.145 28.2435 27.6895 27.6784 27.6767 27.412 27.1298 26.2151 26.1882 33.3414 31.4537 27.1038 38.7585 30.8845 31.2176 26.0693 37.9882 26.0254 25.569 25.3764 25.287 24.9372 23.39 23.2164 22.9606 22.8767 22.8189 22.7841 22.7295 22.7279 22.6981 23.094 21.9118 22.2023 21.4731 24.198 21.2698 21.1332 20.8895 20.7432 20.6745 20.4087
threshold=37.025000000000006 41.555000000000021 -0.78656609248549292 131.25000000000003 151.75000000000003 136.25000000000003 93.350000000000009 39147.000000000007 2.5000000000000004 66.500000000000014 1.0000000180025095e-35 255.62500000000003 62.450000000000024 21.017340130515862 6.874724795220204 27.450000000000003 454.50000000000006 98.425000000000026 54.500000000000007 4.9935165905460179 1951.0000000000002 989.85000000000002 37.500000000000007 38.050000000000004 190.62500000000003 47.500000000000007 48.500000000000007 322.50000000000006 14.774050854291081 19717.500000000004 -20.582981804668908 35.050000000000004 18.550000000000004 3.5365584188799919 255.62500000000003 1.0000000180025095e-35 57.500000000000007 -0.72534675097891066 195.25000000000003 5.926543088209276 -0.33379414889141251 1.5000000000000002 37.95000000000001 46.525000000000006 378.75000000000006 -0.84804809615642596 53.500000000000007 1071.5000000000002 20.050000000000004 10.094945279778416 -7.6971695474311286 28.025000000000002 17.550000000000004 10.403500037826648 64.02500000000002 -5.0925753415214707 71.500000000000014 65.125000000000014 -7.9919871205965656 981.55000000000007 14.237740653039618 0.55000000000000016 36.525000000000006
decision_type=2 10 2 10 2 10 8 2 2 2 2 2 10 2 2 2 2 2 2 2 2 2 2 10 2 2 2 2 2 2 2 2 2 2 2 2 2 2 10 2 2 2 10 8 2 2 2 2 8 2 2 10 10 2 8 2 2 8 2 2 2 2 10
left_child=1 29 38 4 5 6 7 8 10 15 11 18 46 19 26 -10 -9 -14 39 22 21 23 59 -11 -20 27 -15 -6 43 31 -31 32 33 34 35 40 -7 -38 -2 47 -1 48 -33 -17 -27 -45 -12 -4 -37 -32 60 -34 -53 54 -39 56 57 -52 -58 -13 -8 -22 -48
right_child=2 -3 3 -5 25 36 50 16 9 20 12 13 17 14 -16 28 -18 -19 24 -21 61 -23 -24 -25 -26 44 -28 -29 -30 30 49 42 51 -35 -36 41 37 53 -40 -41 -42 -43 -44 45 -46 -47 62 -49 -50 -51 55 52 -54 -55 -56 -57 58 -59 -60 -61 -62 -63 -64
leaf_value=-0.24093417501184963 -0.06826242656684825 0.091894267010751929 0.73028516967865442 0.1210180428054061 -0.22186200482384005 0.94165520849008433 -0.089350752672445924 -0.25416971812524392 0.1664272005356783 -0.081277921368212602 -0.060208512484549059 0.43728292040473332 0.26397210682038402 -0.32378833603915907 -0.83826925975454503 -0.062245989072425401 0.13635525574681809 -0.026980126915353255 -0.09074325886633279 0.1627994914153508 -0.019255534730431734 0.14127780347051175 -0.19974700975491189 -0.40285095512145724 0.18884101537829434 -0.70998865108970899 0.4031978474494996 -0.84771435642368465 -0.31084439193350533 0.20790139525125922 -0.029267354188116681 0.043830074325473416 -0.0250041484191885 0.20105709753440193 -0.0074648709732566994 0.23168119734464449 0.52773343680363316 0.23994657975784547 -1.2766597324005167 0.94011657099804735 0.053798360543908852 -0.083107271867627397 0.33321661097442434 0.17841075282775634 -3.9683003708526914 0.0043744666027688561 -0.041554253962111168 -0.039707016215032281 0.075839638103381679 -0.1704251034855061 -0.057608495872998947 0.084371013507129264 0.00084967739129950817 0.25215224731840385 -0.19991070914197825 -0.097215444744078464 -0.94364876049248569 0.20831006947144176 -0.070026716358688651 -0.115589678279005 -0.31011548876027317 -0.15798356943322922 0.15308868523040253
leaf_weight=887 59876 24117 488 45437 20613 3214 10780 3448 12579 3634 6516 612 11473 887 889 10459 880 2743 4754 1941 18300 1501 3565 5172 1725 1684 485 1452 1258 650 18906 4627 63837 5393 30412 1905 3330 1246 2949 937 868 1289 2077 5052 395 14933 4045 1182 11256 2029 4233 8731 34389 1517 4997 29985 572 7801 3119 799 5460 2395 9175
leaf_count=887 59876 24117 488 45437 20613 3214 10780 3448 12579 3634 6516 612 11473 887 889 10459 880 2743 4754 1941 18300 1501 3565 5172 1725 1684 485 1452 1258 650 18906 4627 63837 5393 30412 1905 3330 1246 2949 937 868 1289 2077 5052 395 14933 4045 1182 11256 2029 4233 8731 34389 1517 4997 29985 572 7801 3119 799 5460 2395 9175
internal_value=-0.000113706 0.000400595 -0.000432983 -0.000170171 -0.000436968 -0.000182982 -0.000383817 9.57695e-05 0.000256277 -0.000497124 0.0013425 -0.000479085 0.0023224 -0.00292547 -0.00850287 0.000671281 -0.00463262 0.00442811 0.00199208 -0.00110236 -0.00216599 -0.00432473 -0.00313505 -0.00542244 9.64655e-05 -0.00262591 -0.00218659 -0.00210628 -0.000200303 0.000101198 -0.00153695 0.00031463 0.000173149 0.0011094 0.000645151 0.00240821 0.00253775 0.00138864 -0.00159451 0.00670311 -0.00388889 0.00317301 0.00366945 9.19721e-05 -0.00814093 0.00109457 0.000805634 0.00299401 0.0038276 -0.00188321 -0.00140436 -0.000282123 0.000604128 -0.000528351 -0.00183806 -0.000833516 0.000662957 0.00174921 -0.00287862 0.00285259 -0.00301108 -0.00109084 0.00200076
internal_weight=551860 211373 340487 277662 232225 208081 193777 131827 127499 75283 52216 18264 33952 9178 2261 44281 4328 14216 9086 6917 31002 10307 4976 8806 6479 24144 1372 22065 31702 187256 21585 165671 158967 52010 46617 16205 14304 11090 62825 2607 1755 14450 6704 30444 2079 19985 19736 1670 13161 20935 61950 106957 43120 7760 6243 45710 15725 12034 3691 1411 16240 20695 13220
internal_count=551860 211373 340487 277662 232225 208081 193777 131827 127499 75283 52216 18264 33952 9178 2261 44281 4328 14216 9086 6917 31002 10307 4976 8806 6479 24144 1372 22065 31702 187256 21585 165671 158967 52010 46617 16205 14304 11090 62825 2607 1755 14450 6704 30444 2079 19985 19736 1670 13161 20935 61950 106957 43120 7760 6243 45710 15725 12034 3691 1411 16240 20695 13220
is_linear=0
shrinkage=0.05


end of trees

feature_importances:
pm25_lag1=591
month=378
fx_temp_c=317
dow=309
temp_c=295
fx_rh=284
fx_u=199
pressure=187
upwind_pm25=187
u=185
hour_sin=184
fx_pblh=181
rh=167
fx_vent_index=167
pm25_delta_24h=164
fx_v=145
fx_d_vent_index=143
pm25_lag48=141
upwind_fire_frp_24h=127
upwind_fire_frp_regional_48h=120
fx_d_pblh=116
pm10_lag1=111
fx_wind_dir_cos=104
fx_pressure=101
hour_cos=93
upwind_fire_count_regional_48h=89
vent_index=83
fx_wind_speed=79
wind_dir_sin=78
fx_precip=77
pblh=74
fx_wind_dir_sin=74
v=69
is_holiday=66
fx_d_wind_speed=59
pm25_roll24=55
pm25_lag3=41
wind_dir_cos=34
wind_speed=33
pm25_lag12=31
pm25_roll6=29
pm25_lag24=24
pm25_lag6=16
precip=16
city_code=14
no2_lag1=11

parameters:
[boosting: gbdt]
[objective: quantile]
[metric: quantile]
[tree_learner: serial]
[device_type: cpu]
[data_sample_strategy: bagging]
[data: ]
[valid: ]
[num_iterations: 600]
[learning_rate: 0.05]
[num_leaves: 64]
[num_threads: 10]
[seed: 0]
[deterministic: 0]
[force_col_wise: 0]
[force_row_wise: 0]
[histogram_pool_size: -1]
[max_depth: -1]
[min_data_in_leaf: 20]
[min_sum_hessian_in_leaf: 0.001]
[bagging_fraction: 1]
[pos_bagging_fraction: 1]
[neg_bagging_fraction: 1]
[bagging_freq: 0]
[bagging_seed: 3]
[bagging_by_query: 0]
[feature_fraction: 0.9]
[feature_fraction_bynode: 1]
[feature_fraction_seed: 2]
[extra_trees: 0]
[extra_seed: 6]
[early_stopping_round: 0]
[early_stopping_min_delta: 0]
[first_metric_only: 0]
[max_delta_step: 0]
[lambda_l1: 0]
[lambda_l2: 0]
[linear_lambda: 0]
[min_gain_to_split: 0]
[drop_rate: 0.1]
[max_drop: 50]
[skip_drop: 0.5]
[xgboost_dart_mode: 0]
[uniform_drop: 0]
[drop_seed: 4]
[top_rate: 0.2]
[other_rate: 0.1]
[min_data_per_group: 100]
[max_cat_threshold: 32]
[cat_l2: 10]
[cat_smooth: 10]
[max_cat_to_onehot: 4]
[top_k: 20]
[monotone_constraints: ]
[monotone_constraints_method: basic]
[monotone_penalty: 0]
[feature_contri: ]
[forcedsplits_filename: ]
[refit_decay_rate: 0.9]
[cegb_tradeoff: 1]
[cegb_penalty_split: 0]
[cegb_penalty_feature_lazy: ]
[cegb_penalty_feature_coupled: ]
[path_smooth: 0]
[interaction_constraints: ]
[verbosity: -1]
[saved_feature_importance_type: 0]
[use_quantized_grad: 0]
[num_grad_quant_bins: 4]
[quant_train_renew_leaf: 0]
[stochastic_rounding: 1]
[linear_tree: 0]
[max_bin: 255]
[max_bin_by_feature: ]
[min_data_in_bin: 3]
[bin_construct_sample_cnt: 200000]
[data_random_seed: 1]
[is_enable_sparse: 1]
[enable_bundle: 1]
[use_missing: 1]
[zero_as_missing: 0]
[feature_pre_filter: 1]
[pre_partition: 0]
[two_round: 0]
[header: 0]
[label_column: ]
[weight_column: ]
[group_column: ]
[ignore_column: ]
[categorical_feature: ]
[forcedbins_filename: ]
[precise_float_parser: 0]
[parser_config_file: ]
[objective_seed: 5]
[num_class: 1]
[is_unbalance: 0]
[scale_pos_weight: 1]
[sigmoid: 1]
[boost_from_average: 1]
[reg_sqrt: 0]
[alpha: 0.5]
[fair_c: 1]
[poisson_max_delta_step: 0.7]
[tweedie_variance_power: 1.5]
[lambdarank_truncation_level: 30]
[lambdarank_norm: 1]
[label_gain: ]
[lambdarank_position_bias_regularization: 0]
[eval_at: ]
[multi_error_top_k: 1]
[auc_mu_weights: ]
[num_machines: 1]
[local_listen_port: 12400]
[time_out: 120]
[machine_list_filename: ]
[machines: ]
[gpu_platform_id: -1]
[gpu_device_id: -1]
[gpu_use_dp: 0]
[num_gpu: 1]

end of parameters

pandas_categorical:[]
