tree
version=v4
num_class=1
num_tree_per_iteration=1
label_index=0
max_feature_idx=45
objective=quantile
feature_names=pm25_lag1 pm25_lag3 pm25_lag6 pm25_lag12 pm25_lag24 pm25_lag48 pm25_roll6 pm25_roll24 pm25_delta_24h pm10_lag1 no2_lag1 hour_sin hour_cos dow month is_holiday u v wind_speed wind_dir_sin wind_dir_cos pblh rh temp_c precip pressure vent_index upwind_pm25 upwind_fire_frp_24h upwind_fire_frp_regional_48h upwind_fire_count_regional_48h fx_u fx_v fx_wind_speed fx_wind_dir_sin fx_wind_dir_cos fx_pblh fx_rh fx_temp_c fx_precip fx_pressure fx_vent_index fx_d_wind_speed fx_d_pblh fx_d_vent_index city_code
feature_infos=[0.0050000000000000001:1000] [0.0083300000000000006:1000] [0.0050000000000000001:1000] [0.0050000000000000001:1000] [0.01:1000] [0.0074999999999999997:1000] [0.012500000000000001:1000] [0.012966666666666666:881.3125] [-983.5:966.79999999999995] [0.0033300000000000001:1500] [0.0025000000000000001:1000] [-1:1] [-1:1] [0:6] [1:12] [0:1] [-41.180747155580143:39.305557242419212] [-40.531751418184861:37.071794067811233] [0:50.100000000000001] [-1:1] [-1:1] [10:5930] [4:100] [3:44.100000000000001] [0:27.399999999999999] [961.79999999999995:1009.3] [0:162960] [0.0083300000000000006:1000] [0:957.52999999999997] [0:3266.0076787323446] [0:1959] [-42.973805561821116:39.187420418643683] [-43.458382145597099:37.071794067811233] [0:50.700000000000003] [-1:1] [-1:1] [10:5930] [4:100] [3:44.100000000000001] [0:27.399999999999999] [961.29999999999995:1009.3] [0:162960] [-35.200000000000003:38.100000000000001] [-4070:4035] [-123643.5:106452] [0:2]
tree_sizes=5627 5916 5889 5922 5934 5910 5946 5874 5913 5912 5930 5936 5954 5947 5921 5940 5956 5922 5923 5900 5995 5928 5968 5947 5963 5900 5992 5945 5988 5963 5978

Tree=0
num_leaves=64
num_cat=0
split_feature=23 44 14 8 36 37 41 16 44 11 0 8 5 16 8 8 28 30 44 33 38 38 8 31 14 13 17 38 14 23 31 0 17 13 11 0 14 41 43 29 37 43 23 14 0 14 5 0 7 22 4 14 32 5 7 25 32 34 37 31 13 31 16
split_gain=2828.65 1141.49 699.981 426.406 314.214 439.403 282.296 263.918 205.687 161.167 206.014 114.296 110.869 118.407 87.1993 79.8846 77.1631 75.4431 72.7084 70.554 67.0852 62.7551 57.9745 57.8006 55.789 76.8988 50.0422 49.5867 44.6376 54.4627 44.0669 43.5996 50.784 57.7751 42.9781 46.3732 42.2733 43.1131 40.1823 39.6478 38.6867 38.434 62.8848 58.8002 58.3672 38.2184 35.5015 41.1097 34.7656 34.292 33.8144 33.5271 36.6147 38.4859 32.9763 31.9201 30.2874 29.661 36.8351 36.8316 29.2921 28.9571 41.9893
threshold=23.650000000000002 772.25000000000011 9.5000000000000018 -14.999999999999993 142.50000000000003 47.500000000000007 1942.7500000000002 21.139081017876183 -612.24999999999989 -0.37940952255126065 55.025000000000006 -39.194999999999986 68.725000000000009 19.287199859059225 -23.584999999999994 -8.4749999999999979 5.6700000000000008 745.50000000000011 2182.2500000000009 18.850000000000005 25.250000000000004 28.950000000000003 -20.899999999999991 4.9731235387865356 4.5000000000000009 2.5000000000000004 14.287496019637272 22.350000000000005 4.5000000000000009 11.250000000000002 -12.363792644168534 46.525000000000006 1.2300842443571942 2.5000000000000004 -0.78656609248549292 40.975000000000009 5.5000000000000009 5060.5000000000009 -317.49999999999994 10.577560677587018 17.500000000000004 -22.499999999999996 12.950000000000001 3.5000000000000004 65.02500000000002 1.5000000000000002 93.02500000000002 55.025000000000006 36.792291666666678 77.500000000000014 34.95000000000001 2.5000000000000004 -10.967169850047769 65.675000000000026 72.052128623188409 984.85000000000002 -9.030921208130037 0.22495105434386511 62.500000000000007 -16.256931595483902 1.0000000180025095e-35 4.7353984553490855 6.4649027362863727
decision_type=2 2 2 10 2 2 2 2 2 2 2 8 8 2 8 8 2 2 2 2 2 2 8 2 2 2 2 2 2 2 2 2 2 2 2 2 2 2 2 2 2 2 2 2 2 2 10 2 8 2 10 2 2 8 10 2 2 2 2 2 2 2 2
left_child=1 3 4 6 5 8 7 11 9 -2 17 34 50 28 40 -4 22 24 57 27 39 45 -7 -9 48 -26 36 -15 29 49 38 32 -10 -34 -1 -36 37 -16 -18 41 -6 42 -13 -44 -45 -8 -28 -48 -11 56 -5 -47 -53 -54 -25 -17 -14 -3 59 -59 -52 62 -30
right_child=2 18 15 12 14 16 21 23 31 10 -12 20 13 19 26 55 30 -19 -20 -21 -22 -23 -24 54 25 -27 46 -29 61 -31 -32 -33 33 -35 35 -37 -38 -39 -40 -41 -42 -43 43 44 -46 51 47 -49 -50 -51 60 52 53 -55 -56 -57 -58 58 -60 -61 -62 -63 -64
leaf_value=49.575000000000003 46.659999847412109 45.639999961853029 49.600000000000001 45.314997255802155 46.534999847412109 45.815099773188038 48.293999031540125 55.636497744668119 45.674999999999997 46.251499704481191 47.952997114193565 52.884999847412111 55.979999423027039 52.180000305175781 45.295000076293945 46.149999999999999 51.799999999999997 44.170999821663074 44.424999999999997 46.424999999999997 48.827499619126321 49.024999999999999 44.75 50.387497553229331 65.70699972201237 45.014999804496668 45.399999999999999 45.446999646902533 50.67499659061432 46.649999999999999 46.149999999999999 45.424999999999997 60.394999736547469 45.629999923706052 51.059999847412108 51.625 44.325000000000003 44.505000019073485 46.674999999999997 46.825000000000003 45.210000038146973 49.117497938871381 47.388997630844642 48.334999847412107 50.700000000000003 45.575000000000003 46.739499751208768 44.819999012947207 49.907499310374263 49.125 47.424999999999997 45.862999251606063 45.739999479055406 48.520000076293947 53.357498410344121 49.867495247721671 51.664994156360628 45.575000000000003 45.899999999999999 47.829997712373732 46.125 47.725000000000001 52.325000000000003
leaf_weight=2610 4690 9152 7282 4605 2176 8010 1984 1558 1033 282 3313 1392 243 2273 22458 6935 207 192 23908 928 640 205 51877 822 1160 111 7045 247 5721 15784 2017 8020 443 284 895 8627 176052 77434 228 2975 38211 6917 2767 722 1600 3552 398 281 1158 1896 2675 2179 875 2256 890 7974 259 827 2618 1920 7745 4537 2006
leaf_count=2610 4690 9152 7282 4605 2176 8010 1984 1558 1033 282 3313 1392 243 2273 22458 6935 207 192 23908 928 640 205 51877 822 1160 111 7045 247 5721 15784 2017 8020 443 284 895 8627 176052 77434 228 2975 38211 6917 2767 722 1600 3552 398 281 1158 1896 2675 2179 875 2256 890 7974 259 827 2618 1920 7745 4537 2006
internal_value=45.5 45.5064 45.498 45.5094 45.4975 45.5003 45.513 45.5154 45.5066 45.5113 45.5166 45.5139 45.5062 45.5078 45.4968 45.5067 45.4982 45.5263 45.4992 45.5166 45.5112 45.5061 45.4978 45.5289 45.5285 45.5361 45.4965 45.5209 45.5068 45.5052 45.5069 45.5013 45.5085 45.5186 45.5176 45.5191 45.4964 45.4972 45.5213 45.5106 45.499 45.5118 45.5145 45.512 45.5178 45.5056 45.5005 45.5114 45.5217 45.5123 45.5027 45.5042 45.5067 45.5102 45.5225 45.5046 45.5239 45.502 45.5049 45.509 45.5042 45.5091 45.511
internal_weight=560081 130810 429271 92385 407080 83025 43466 32415 20686 10906 6216 29145 48919 33894 324055 22191 62339 2903 38425 3448 17013 11051 59887 3270 2711 1271 283668 2520 30446 18182 2452 9780 1760 727 12132 9522 275944 99892 435 16373 40387 13398 6481 5089 2322 10846 7724 679 1440 2398 15025 8862 5310 3131 1712 14909 502 14517 5365 2747 10420 12264 7727
internal_count=560081 130810 429271 92385 407080 83025 43466 32415 20686 10906 6216 29145 48919 33894 324055 22191 62339 2903 38425 3448 17013 11051 59887 3270 2711 1271 283668 2520 30446 18182 2452 9780 1760 727 12132 9522 275944 99892 435 16373 40387 13398 6481 5089 2322 10846 7724 679 1440 2398 15025 8862 5310 3131 1712 14909 502 14517 5365 2747 10420 12264 7727
is_linear=0
shrinkage=1


Tree=1
num_leaves=64
num_cat=0
split_feature=23 41 14 16 8 36 37 27 44 20 13 14 5 44 5 43 27 8 38 5 7 11 43 8 26 16 14 11 22 31 44 14 11 17 0 37 29 16 5 5 8 41 14 13 31 20 30 33 7 1 11 8 8 40 8 21 34 18 16 31 0 37 0
split_gain=2466.25 1018.76 542.806 443.513 312.581 276.228 373.169 280.576 193.509 142.128 115.075 95.4971 88.3533 81.5331 79.9833 76.6094 71.8349 69.9706 69.7516 66.244 64.7538 60.5242 64.7994 59.5791 58.1579 47.4254 45.7877 43.4787 43.4637 42.0481 41.5487 41.0836 40.604 40.4584 45.3693 43.081 39.9803 46.7673 39.1352 38.0369 37.2383 36.5502 34.7926 34.3656 34.0659 33.4703 33.4385 31.4159 30.8054 28.4126 51.8493 28.3732 28.0334 27.1934 27.1012 30.8871 26.5638 31.3452 26.2398 26.5069 26.0126 25.7655 25.1304
threshold=24.050000000000004 1738.7500000000002 9.5000000000000018 19.287199859059225 -34.814999999999991 147.50000000000003 44.500000000000007 48.025000000000006 1123.7500000000002 0.11319890333640049 2.5000000000000004 11.500000000000002 119.25000000000001 252.75000000000003 55.025000000000006 -40.624999999999993 37.45000000000001 -9.5999999999999943 29.950000000000003 77.125000000000014 45.897916666666681 -0.78656609248549292 -392.49999999999994 -8.4749999999999979 6986.0000000000009 -7.0084892533583902 3.5000000000000004 -0.78656609248549292 25.500000000000004 -7.5934072898712834 3613.0000000000005 11.500000000000002 0.37940952255126054 11.761073717991875 46.025000000000006 40.500000000000007 8.0743340125795964 8.7939810154208473 89.02500000000002 71.050000000000011 -21.899999999999991 995.25000000000011 4.5000000000000009 4.5000000000000009 -11.167068154835649 -0.97625883275952019 1.5000000000000002 15.250000000000002 40.479833333333339 25.950000000000003 0.60355339059327384 -40.449999999999982 -24.199999999999989 985.1500000000002 -17.994999999999994 4957.5000000000009 0.47714059151611399 10.550000000000002 -6.2729120148088695 -6.2876469255341503 20.550000000000004 69.500000000000014 40.050000000000004
decision_type=2 2 2 2 8 2 2 8 2 2 2 2 8 2 10 2 8 10 2 10 10 2 2 8 2 2 2 2 2 2 2 2 2 2 2 2 2 2 10 8 8 2 2 2 2 2 2 2 10 8 2 8 8 2 10 2 2 2 2 2 2 2 2
left_child=1 3 5 4 41 6 7 9 18 10 42 17 48 16 54 27 26 21 19 31 52 -5 -23 -4 62 -12 -14 -9 40 -24 33 56 -26 35 38 49 37 46 -35 -19 -11 -1 -2 -10 61 -45 -18 51 -6 50 -16 -21 -8 -39 55 -7 -3 -58 -53 -60 -43 -34 -22
right_child=2 8 23 11 12 14 20 15 43 28 25 -13 13 -15 30 -17 36 39 -20 47 24 22 29 -25 32 -27 -28 -29 -30 -31 -32 -33 44 34 -36 -37 -38 53 -40 -41 -42 60 -44 45 -46 -47 -48 -49 -50 -51 -52 58 -54 -55 -56 -57 57 -59 59 -61 -62 -63 -64
leaf_value=5.9437500000000005 0.1392239918054248 -0.11687585071652862 3.8252470994717171 3.0976748627817052 0.063449520632580456 -0.64370179196854016 0.20574462522841586 0.046999931335449219 -1.27125 4.8773501442903218 3.6726235303009527 12.643175112766594 1.6629998458612865 1.8648743565380574 0.41724986481606269 -0.0192510492646214 3.7999343056498507 0.84374881982803351 3.3487499999999999 3.6819096897873593 0.6692450494875708 4.8981018302390229 11.332924211129294 1.9066252376139166 0.37249973177909856 -0.10874999999999986 3.1836250190436841 2.7523501442903218 0.15217508597685056 5.918175112766594 -0.92525000095367427 3.5540000915527346 5.1199986672417808 0.36699986028896103 -0.20800036889906784 -0.5262500381469728 0.84375003814697258 2.6155499658698775 1.1130250124395615 4.4084989517927173 1.7296250344812869 5.2110003662109383 18.864650013899382 3.3984998020529744 0.71750000000000014 0.078750000000000153 2.861499734159461 0.84903748375543131 1.3450478120697675 0.073499551464476551 13.370249339336306 -0.51600044250488286 -0.77749996185302739 5.5137489528665995 -1.1002500009536742 1.8736996842503828 2.1497249372831226 0.48694989924106979 4.3162495088594737 2.648461174470857 3.1297494609228673 0.53749999999999998 -0.36475021154951315
leaf_weight=9628 68 10156 6898 828 3815 49824 3688 1645 23717 242 683 972 304 7198 664 8547 11726 1023 205 1274 2283 1324 298 14000 1611 399 548 4360 1086 1700 27577 903 451 1237 2246 29073 3037 1148 901 1734 520 247 1304 263 655 9560 1052 7248 20729 15499 201 737 42580 5491 190794 138 320 2117 241 3676 3499 248 13941
leaf_count=9628 68 10156 6898 828 3815 49824 3688 1645 23717 242 683 972 304 7198 664 8547 11726 1023 205 1274 2283 1324 298 14000 1611 399 548 4360 1086 1700 27577 903 451 1237 2246 29073 3037 1148 901 1734 520 247 1304 263 655 9560 1052 7248 20729 15499 201 737 42580 5491 190794 138 320 2117 241 3676 3499 248 13941
internal_value=-0.000154541 0.00568403 -0.00204001 0.00952471 0.00823112 -0.00244798 9.66054e-05 0.00629468 0.000833622 0.0175128 0.0253993 0.0207583 0.00656536 0.00836218 -0.00312229 0.00297828 0.00979876 0.0186934 0.00399468 0.00377137 -0.00168867 0.0227952 0.0258098 0.00581682 0.000753295 0.013207 0.0240493 0.00730641 0.00704004 0.0201251 -0.00172408 0.00130928 0.00719224 -0.000862188 0.00372491 -0.00130477 0.00925804 0.0100924 0.00893826 0.012519 0.0161942 0.0150875 0.0350146 -0.00169946 0.0135746 0.000787436 0.00832368 0.00629326 0.00433222 0.000747371 0.00956647 0.00899291 -0.00270144 0.0134968 -0.00357179 -0.00253513 0.000570554 0.00525851 0.00718307 0.00881159 0.010897 0.0212518 -0.000423448
internal_weight=560081 136718 423363 76301 68422 402465 84311 18854 60417 4302 2454 7879 55048 30504 318154 14552 23306 6907 26877 26672 65457 4150 3322 20898 19189 1082 852 6005 1848 1998 77398 13496 2965 49821 4384 45437 22454 19417 2138 2757 762 13374 1372 33540 1354 9823 12778 13176 24544 16364 865 5928 46268 6639 240756 49962 12593 2437 4654 3917 3746 699 16224
internal_count=560081 136718 423363 76301 68422 402465 84311 18854 60417 4302 2454 7879 55048 30504 318154 14552 23306 6907 26877 26672 65457 4150 3322 20898 19189 1082 852 6005 1848 1998 77398 13496 2965 49821 4384 45437 22454 19417 2138 2757 762 13374 1372 33540 1354 9823 12778 13176 24544 16364 865 5928 46268 6639 240756 49962 12593 2437 4654 3917 3746 699 16224
is_linear=0
shrinkage=0.05


Tree=2
num_leaves=64
num_cat=0
split_feature=23 44 14 8 36 14 27 42 14 23 0 11 22 5 42 43 16 21 23 36 5 16 5 8 14 36 43 8 31 23 5 43 36 32 0 14 19 21 44 5 44 25 4 40 17 27 37 32 0 5 8 13 35 13 13 13 45 16 31 11 21 38 42
split_gain=2166.96 842.502 514.518 323.751 264.534 338.08 219.49 179.718 129.926 144.618 137.546 119.684 163.884 91.4179 105.3 85.6908 85.2913 76.5658 73.1911 65.2853 61.7147 57.3981 51.6687 50.9651 50.4182 50.0963 49.8272 47.3174 46.6142 46.1126 43.712 40.7127 38.1336 37.7546 36.1025 36.0534 33.5459 32.4052 31.2498 30.9395 29.5617 28.8173 28.3571 27.1918 27.0447 33.0777 32.6388 26.8271 27.6124 25.571 24.9495 24.7152 24.5838 51.1417 24.4281 24.4229 24.2216 24.1199 24.064 23.1217 31.6491 23.0435 40.1216
threshold=23.650000000000002 990.25000000000011 9.5000000000000018 -26.979999999999993 200.62500000000003 5.5000000000000009 47.550000000000004 -15.199999999999996 3.5000000000000004 13.750000000000002 56.050000000000004 -0.60355339059327362 36.500000000000007 61.050000000000004 -9.1499999999999968 -5.6249999999999991 9.7495000649420245 277.50000000000006 16.150000000000002 67.500000000000014 54.525000000000006 7.170301656104626 67.625000000000014 -13.999999999999993 11.500000000000002 52.500000000000007 -29.374999999999996 -20.899999999999991 -3.8011332656447334 18.850000000000005 155.25000000000003 111.25000000000001 26.250000000000004 -6.8164225469326754 398.25000000000006 2.5000000000000004 0.60873824923885345 587.50000000000011 3613.0000000000005 146.25000000000003 -72.749999999999986 985.1500000000002 36.050000000000004 983.85000000000002 12.723497429225956 41.525000000000006 40.500000000000007 -12.372206698725163 16.050000000000004 83.02500000000002 -34.814999999999991 1.5000000000000002 0.67556448321067852 5.5000000000000009 5.5000000000000009 1.0000000180025095e-35 1.5000000000000002 1.4237466538170651 2.5440231364297246 -0.37940952255126065 292.50000000000006 15.450000000000001 -12.049999999999995
decision_type=2 2 2 10 2 2 8 2 2 2 2 2 2 8 2 2 2 2 2 2 10 2 10 8 2 2 2 8 2 2 10 2 2 2 2 2 2 2 2 8 2 2 10 2 2 8 2 2 2 10 8 2 2 2 2 2 2 2 2 2 2 2 2
left_child=1 3 4 7 5 6 11 18 9 26 40 -2 19 42 16 21 -15 32 35 -13 -6 59 -11 -4 29 34 36 -7 -16 54 -30 58 51 -27 39 -1 -9 -19 44 -12 -10 -25 -5 -23 46 49 -22 -24 -49 -46 -41 -14 -43 -54 -18 -44 -55 -35 -3 -8 -61 62 -57
right_child=2 31 23 13 20 27 15 8 10 22 25 12 17 14 28 -17 24 37 -20 -21 38 43 47 41 -26 33 -28 -29 30 -31 -32 -33 -34 57 -36 -37 -38 -39 -40 50 -42 52 55 -45 45 -47 -48 48 -50 -51 -52 -53 53 56 -56 61 -58 -59 -60 60 -62 -63 -64
leaf_value=7.9722643418302841 0.38938577738955327 0.87481250000000021 3.8787376450264142 -0.26372549052374467 -0.98831495045589435 0.17168508769107832 -0.32828283069443925 6.0755118281753084 4.073274497936116 0.36156249999999979 3.1715625000000003 18.321417513204413 23.578710507423747 1.369657234829913 2.91127768290059 -0.54421294755631744 3.3708712516800619 3.5559937053783486 5.6415290547980206 4.240967278862712 0.10405645358886456 3.2393823478269881 0.63203617345989427 0.57216873811930424 11.223840320728096 1.7435708598465784 3.1868114361995841 -0.74862500190734882 0.87528651468344665 1.5462749229544857 3.3712555232867594 -1.2001875 0.44081249999999983 2.0215624999999999 3.5222505906594641 8.6810151400014188 0.63499594345960431 0.26936997772420773 -0.87898750090599054 7.971562500000001 3.2805499671957543 2.2738188407023445 1.7611774403608178 0.74713907118183531 0.19614967725265695 -0.26373821343760367 -0.51918753814697283 2.4748121003507442 2.2315481219975313 0.91496898143206851 6.5893125523566702 2.0184095354809601 4.9400824561055749 14.361293975733222 8.3455750371515744 5.7965601021051407 -0.038706501103937543 6.0917208354071928 -0.37518749999999984 0.2407375487244483 1.5164839109075317 0.23884473209924698 0.30149760939651177
leaf_weight=581 3001 6056 6472 4809 217913 9288 4844 2019 1675 6169 1229 873 103 2446 8650 13737 2758 1556 1654 876 15253 4250 2775 7651 763 2547 2837 66277 18055 1780 8489 18032 2542 1263 809 1022 244 347 28195 3561 361 5013 2472 2182 551 1226 25511 191 4725 655 2338 99 2590 384 303 230 81 1815 11169 5227 2574 6500 483
leaf_count=581 3001 6056 6472 4809 217913 9288 4844 2019 1675 6169 1229 873 103 2446 8650 13737 2758 1556 1654 876 15253 4250 2775 7651 763 2547 2837 66277 18055 1780 8489 18032 2542 1263 809 1022 244 347 28195 3561 361 5013 2472 2182 551 1226 25511 191 4725 655 2338 99 2590 384 303 230 81 1815 11169 5227 2574 6500 483
internal_value=-0.000262829 0.00537115 -0.00197965 0.0078086 -0.00238381 -0.000386158 0.0031981 0.0114049 0.0103467 0.00756593 0.0137268 0.00993562 0.0138008 0.00545325 0.00660508 0.00126866 0.011764 0.00889068 0.0226328 0.0268468 -0.00319705 0.00343686 0.00491703 0.00543441 0.0151642 0.0119075 0.0147647 -0.00238834 0.00542507 0.0132813 0.0043863 -0.00123479 0.00354592 0.00829778 0.0144658 0.0302464 0.0202983 0.0165975 -0.00192118 0.0156019 0.0258448 0.00389688 0.0020167 0.00728234 -0.00107603 0.00404605 -0.00138161 0.00765115 0.00986981 0.00992537 0.0171054 0.0244554 0.00598165 0.00951718 0.0170026 0.00357511 0.0247849 0.012024 0.000503627 0.00148082 0.00316562 0.00210523 0.0106381
internal_weight=560081 130810 429271 95553 407080 117776 42211 37815 34558 18960 15598 9397 6396 57738 43244 32814 8050 4647 3257 1749 289304 19077 13860 22191 5604 13562 5100 75565 35194 4841 26544 35257 2744 5625 7937 1603 2263 1903 71391 7128 2036 15719 14494 6432 43196 2432 40764 7691 4916 1206 5899 202 8068 3055 3061 9685 465 3078 17225 12645 7801 7213 713
internal_count=560081 130810 429271 95553 407080 117776 42211 37815 34558 18960 15598 9397 6396 57738 43244 32814 8050 4647 3257 1749 289304 19077 13860 22191 5604 13562 5100 75565 35194 4841 26544 35257 2744 5625 7937 1603 2263 1903 71391 7128 2036 15719 14494 6432 43196 2432 40764 7691 4916 1206 5899 202 8068 3055 3061 9685 465 3078 17225 12645 7801 7213 713
is_linear=0
shrinkage=0.05


Tree=3
num_leaves=64
num_cat=0
split_feature=36 38 14 16 14 41 22 8 27 21 11 31 7 32 11 8 43 29 24 16 5 5 36 14 35 43 8 16 5 17 43 14 14 21 41 16 31 8 43 8 0 16 3 24 25 13 27 8 14 25 0 7 19 16 21 43 36 14 16 9 14 37 24
split_gain=1879.01 542.263 456.655 314.395 258.303 300.169 214.477 183.949 168.106 103.031 121.372 91.6081 88.8875 88.6342 88.2902 79.1997 71.7001 95.9574 59.3139 51.8746 47.6926 47.2909 47.0847 44.0631 41.7348 41.1659 48.0154 39.8206 39.2785 38.4231 43.0681 51.4257 64.3881 37.8535 37.7292 36.6331 36.5577 36.2904 35.6736 35.1081 34.4413 34.4163 34.0017 32.0579 31.7455 31.9886 30.9273 29.5804 28.7821 28.2859 26.2595 25.8522 25.6972 25.292 25.175 24.8914 24.2507 23.0655 22.7157 22.6567 25.5292 22.6452 21.9151
threshold=86.250000000000014 24.850000000000005 9.5000000000000018 19.287199859059225 5.5000000000000009 3451.1250000000005 39.500000000000007 -35.774999999999991 46.050000000000004 136.25000000000003 -0.37940952255126065 4.7353984553490855 55.835248447204975 -9.3483769970166914 -0.60355339059327362 -19.399999999999991 -297.49999999999994 91.778331272194904 2.1500000000000008 16.881652992496342 47.525000000000006 105.02500000000002 47.500000000000007 1.5000000000000002 0.55191596924288711 -392.49999999999994 -10.989999999999997 22.739800878496609 190.25000000000003 12.448070942936022 -272.49999999999994 7.5000000000000009 8.5000000000000018 4562.5000000000009 384.50000000000006 4.2989925820635984 8.1311412783322261 -25.484999999999992 -51.249999999999993 -16.984999999999992 9.0050000000000008 10.091420512674519 45.025000000000006 1.1500000000000001 985.05000000000007 5.5000000000000009 45.025000000000006 -23.584999999999994 11.500000000000002 982.95000000000016 41.975000000000009 19.494655797101455 0.9426055981926128 -2.5110092042346621 47.500000000000007 -29.374999999999996 57.500000000000007 5.5000000000000009 11.274910986748569 147.25000000000003 3.5000000000000004 42.500000000000007 0.35000000000000003
decision_type=2 2 2 2 2 2 2 8 8 2 2 2 8 2 2 8 2 2 2 2 8 8 2 2 2 2 10 2 8 2 2 2 2 2 2 2 2 10 2 8 2 2 10 2 2 2 8 8 2 2 2 10 2 2 2 2 2 2 2 8 2 2 2
left_child=1 3 4 7 5 9 8 49 14 -2 -11 27 40 -4 -3 23 17 36 37 24 -13 55 41 -7 54 26 -22 -5 62 47 31 -31 51 43 -16 -10 -12 42 -21 -37 -8 -23 -18 59 -26 53 -24 -6 -27 -1 57 -33 -45 -46 -15 -9 -51 -30 -39 60 -25 -42 -14
right_child=2 6 13 11 29 15 12 21 35 10 16 20 28 19 34 -17 18 -19 -20 38 25 22 46 33 44 48 -28 -29 50 30 -32 32 -34 -35 -36 39 -38 58 -40 -41 61 -43 -44 52 45 -47 -48 -49 -50 56 -52 -53 -54 -55 -56 -57 -58 -59 -60 -61 -62 -63 -64
leaf_value=1.3122215842867 -0.15348422844558948 1.2360494670358524 -0.015199237224906527 6.9011957388427296 -0.3890899192836037 1.8175711365580562 0.66537352569462316 1.4232871733896448 -0.081896726538560685 -0.092420845804775276 0.87914984076843672 0.31268058985591812 0.46648752317119779 -1.323348842807859 18.687344440269722 -0.82082175338319596 0.68040487919251413 14.49401902408605 5.0383657956793906 8.1688086692851041 5.0615162585039997 3.570698478698735 2.6284579507806991 -0.45864912568547994 0.61080828078245997 3.1140022081366787 1.502031474567572 10.333939065154965 2.5457800431946942 -0.1755717905764943 -0.65524023693489497 0.45131602373352653 -0.46307179057649428 2.016350683579657 5.4743816946535411 3.2379701863500401 2.1677626955171365 0.42668644652319765 2.5892892317971974 1.6277635196844564 2.6426063684589138 4.7625957001230264 1.9541802654527929 -0.047678124999999842 0.820987245960906 13.027331426607439 1.3302727989585212 -1.0068217333560356 11.665915566844394 5.7854798122644429 2.1913219260795773 2.144428094982588 3.0300503844033315 6.2079063189132482 2.3726030336981032 0.50648328366233952 3.1929017563914273 1.9880120894568218 1.7027635196844564 -0.43858434491132964 0.38610079706690037 -0.65014657714792112 5.1731472160835343
leaf_weight=1051 20445 543 8739 1519 21882 1907 1515 8454 2413 10491 1815 710 9823 1468 609 106354 2728 493 175 869 630 13757 556 5598 1723 2660 279 1409 282 2070 8616 260 608 196 598 1433 1201 9500 531 3523 742 5023 3226 64 1052 884 11420 190725 298 7656 1795 638 78 3337 10485 10861 3040 155 2836 13083 7574 25518 158
leaf_count=1051 20445 543 8739 1519 21882 1907 1515 8454 2413 10491 1815 710 9823 1468 609 106354 2728 493 175 869 630 13757 556 5598 1723 2660 279 1409 282 2070 8616 260 608 196 598 1433 1201 9500 531 3523 742 5023 3226 64 1052 884 11420 190725 298 7656 1795 638 78 3337 10485 10861 3040 155 2836 13083 7574 25518 158
internal_value=-0.000365939 0.00522672 -0.00186563 0.0080743 -0.00229254 -0.000923607 0.00120685 0.00690106 0.00812644 0.002268 0.00401894 0.0177382 -0.000371113 0.00418936 0.0220571 -0.00217584 0.00613134 0.0126831 0.00488627 0.00599808 0.0133199 0.00557998 0.0067977 0.000164911 0.00531189 0.0155069 0.024813 0.0246448 0.0031839 -0.00343594 -0.000706202 0.0039066 0.0109363 -0.000361563 0.0295899 0.00481816 0.00934018 0.00460907 0.0152857 0.00727805 -0.00193429 0.00835996 0.00781491 -0.000524114 0.00837907 0.0103044 0.00434786 -0.00359247 0.0126471 0.0125321 0.00918011 0.0194432 0.023169 0.00855662 0.00351669 0.00364095 0.0133012 0.0201716 0.00306177 -0.000652258 0.000811569 -0.0023572 0.001843
internal_weight=560081 118430 441651 69323 412563 187764 49107 61818 9119 52910 32465 7505 39988 29088 1750 134854 21974 3509 18465 20349 4577 50071 30756 28500 18949 3867 909 2928 12213 224799 12192 3576 1506 26593 1207 7369 3016 18290 1400 4956 27775 18780 5954 26397 6996 5273 11976 212607 2958 11747 2232 898 142 4389 11953 19315 10696 437 12336 26255 13172 26260 9981
internal_count=560081 118430 441651 69323 412563 187764 49107 61818 9119 52910 32465 7505 39988 29088 1750 134854 21974 3509 18465 20349 4577 50071 30756 28500 18949 3867 909 2928 12213 224799 12192 3576 1506 26593 1207 7369 3016 18290 1400 4956 27775 18780 5954 26397 6996 5273 11976 212607 2958 11747 2232 898 142 4389 11953 19315 10696 437 12336 26255 13172 26260 9981
is_linear=0
shrinkage=0.05


Tree=4
num_leaves=64
num_cat=0
split_feature=23 44 14 36 37 8 27 41 16 43 20 13 14 11 42 5 28 38 38 8 8 5 44 8 11 16 38 44 43 26 42 41 27 32 23 13 32 14 25 27 23 43 14 43 13 42 16 2 5 20 26 16 42 14 0 32 30 6 28 5 0 44 29
split_gain=1665.16 616.93 427.104 227.278 280.487 217.728 201.171 156.722 172.326 97.4882 94.7917 90.7456 73.2863 66.4887 65.1458 64.7318 63.2123 63.0799 55.6318 49.7417 49.3269 43.7587 38.4382 36.7217 35.852 35.3795 36.2867 34.1812 34.0308 33.495 40.9871 33.4283 30.7815 29.9048 36.7466 29.7309 29.215 37.7828 27.9942 25.973 32.0154 39.5489 34.7274 25.8474 31.7845 36.157 26.9712 25.7983 25.4917 25.2169 25.1416 24.8165 24.3092 24.1393 38.3583 36.8576 26.2913 23.9255 24.0714 23.691 24.1257 23.3695 23.3226
threshold=23.250000000000004 990.25000000000011 9.5000000000000018 190.62500000000003 50.500000000000007 -14.499999999999993 33.350000000000001 1401.2500000000002 22.739800878496609 -47.499999999999993 0.11319890333640049 1.5000000000000002 10.500000000000002 -0.78656609248549292 -10.349999999999996 54.525000000000006 5.0850000000000009 25.950000000000003 28.650000000000002 -41.974999999999994 -20.899999999999991 164.25000000000003 2324.2500000000005 -77.97499999999998 -0.78656609248549292 -0.96018751614332576 14.350000000000003 3613.0000000000005 -68.749999999999986 10557.250000000002 -10.649999999999997 564.50000000000011 58.550000000000004 -12.588132640361732 10.450000000000001 1.0000000180025095e-35 -3.2121950380337601 11.500000000000002 982.6500000000002 44.550000000000004 13.550000000000002 -29.374999999999996 2.5000000000000004 15.625000000000002 5.5000000000000009 -5.1999999999999966 1.4237466538170651 33.525000000000006 445.25000000000006 -0.98624804680367273 721.25000000000011 4.0940511894394449 -13.749999999999996 5.5000000000000009 39.050000000000004 11.146213482700322 82.500000000000014 92.833333333333357 4.3050000000000006 80.02500000000002 134.12500000000003 342.50000000000017 164.39504405851014
decision_type=2 2 2 2 2 10 8 2 2 2 2 2 2 2 2 10 2 2 2 8 8 10 2 8 2 2 2 2 2 2 2 2 8 2 2 2 2 2 2 8 2 2 2 2 2 2 2 10 10 2 2 2 2 2 2 2 2 10 2 10 2 2 2
left_child=1 5 3 4 6 7 10 8 17 13 11 31 21 -8 28 62 20 19 24 -1 -6 25 49 -4 -9 -7 52 53 -14 -18 -31 -2 -15 34 -26 47 37 -10 -25 -21 41 -41 -42 44 46 -46 -40 -28 -48 -3 -49 -34 -27 54 55 56 -17 58 -52 -35 -61 -23 -5
right_child=2 22 23 15 16 12 9 18 36 -11 -12 -13 14 32 -16 27 29 -19 -20 39 -22 61 -24 38 33 26 35 -29 -30 30 -32 -33 51 59 -36 -37 -38 -39 43 40 42 -43 -44 -45 45 -47 48 50 -50 -51 57 -53 -54 -55 -56 -57 -58 -59 -60 60 -62 -63 -64
leaf_value=4.9142087157258212 20.390980636233834 2.8525087107009446 8.2261671385235839 -0.92148070390869286 0.16586655851455467 -0.012423991813054869 -0.028571221396985237 -0.14994324479501417 4.5189388073377534 -0.039295233528265729 0.99186073819360809 1.9202180728025344 10.677925653449613 3.5106011043629639 3.559168270843204 0.16766587201606833 0.56763049216290795 4.5545553585148255 2.8349305199024761 2.5681266775418092 -0.6656877172282174 3.7853557165325471 -0.9988307351012029 0.34850688751255837 3.2879283423896979 5.2380857243165098 -0.21439302233031954 -0.81459316666771042 3.6464563998038702 0.61226552800246281 5.4088083911942402 10.943916876731194 0.62101659802755793 0.87168630986032947 0.2882189997149151 0.48494947775189634 8.3852686468704452 11.820119788502176 1.1955267578411684 5.9124671473620793 0.64426989372577992 2.5987732708511562 3.243330078184572 1.40389453698228 12.012279289684985 6.6720796440831656 4.8474571051819355 0.52561440332412634 19.628972882013201 0.22037667936766581 1.4607188759105407 2.8434439656875794 2.6574091194792224 -0.47363707266447402 -0.207586716398205 1.0526664004151396 5.1919131338749276 3.221737897981281 2.5675994398250763 2.8197197449637237 2.477432377430473 0.38525834716979068 -0.3297806657140363
leaf_weight=10401 510 449 1943 211549 10927 8356 3074 2743 1041 16072 1232 1263 700 2179 8976 4144 2457 379 270 1393 70664 4268 21543 6826 191 420 816 28773 533 291 226 356 2113 3519 3834 17383 710 306 3601 1660 3404 2404 7138 6064 342 837 3717 1106 232 11386 1173 3016 2769 18933 21058 389 581 677 289 2248 1970 1082 11175
leaf_count=10401 510 449 1943 211549 10927 8356 3074 2743 1041 16072 1232 1263 700 2179 8976 4144 2457 379 270 1393 70664 4268 21543 6826 191 420 816 28773 533 291 226 356 2113 3519 3834 17383 710 306 3601 1660 3404 2404 7138 6064 342 837 3717 1106 232 11386 1173 3016 2769 18933 21058 389 581 677 289 2248 1970 1082 11175
internal_value=-0.000453605 0.00461868 -0.00191896 -0.00229429 -0.000400858 0.0067281 0.00376907 0.00929226 0.0114378 0.00230513 0.0152916 0.0216792 0.00442469 0.00608168 0.00818934 -0.00302446 -0.00187105 0.0103665 0.00510491 0.0100758 -0.00213204 0.00342223 -0.00120559 0.00462779 0.00468631 0.00274197 0.00369565 -0.00174193 0.0189659 0.00528917 0.0168569 0.0341455 0.00867679 0.00588675 0.0023913 0.0029556 0.0253841 0.0210579 0.00403603 0.00832583 0.00770368 0.0114739 0.00625024 0.00525823 0.00700023 0.0146353 0.00580795 0.00680744 0.00866169 0.00108365 0.00880585 0.00656171 0.008672 -0.000882941 0.00010087 0.00398514 0.00276719 0.0119705 0.00837209 0.00770518 0.0102323 0.00761682 -0.00344988
internal_weight=560081 125537 434544 410982 114380 92159 29815 43611 28836 26454 3361 2129 48548 10382 10209 296602 84565 26779 14775 26400 81591 38339 33378 23562 14505 32989 24633 73878 1233 2974 517 866 7308 11762 4025 21444 2057 1347 21619 15999 14606 4064 10542 14793 8729 1179 7550 4061 3949 11835 3245 5129 3189 45105 26172 5114 4725 2139 1462 7737 4218 5350 222724
internal_count=560081 125537 434544 410982 114380 92159 29815 43611 28836 26454 3361 2129 48548 10382 10209 296602 84565 26779 14775 26400 81591 38339 33378 23562 14505 32989 24633 73878 1233 2974 517 866 7308 11762 4025 21444 2057 1347 21619 15999 14606 4064 10542 14793 8729 1179 7550 4061 3949 11835 3245 5129 3189 45105 26172 5114 4725 2139 1462 7737 4218 5350 222724
is_linear=0
shrinkage=0.05


Tree=5
num_leaves=64
num_cat=0
split_feature=23 41 14 16 41 37 27 44 8 36 11 29 38 8 8 5 44 14 32 5 28 34 43 5 22 17 17 11 32 29 31 11 32 1 14 13 27 29 27 23 8 13 44 14 7 16 8 14 22 40 17 29 31 21 8 7 38 22 17 0 19 14 17
split_gain=1451.96 579.356 309.713 243.851 194.8 282.165 169.041 158.724 131.064 96.8273 99.8988 71.0747 70.9279 60.3389 56.331 51.2154 51.0107 48.3876 48.3423 45.5128 43.2057 40.9281 44.2903 44.808 40.5654 34.155 31.762 31.0112 37.215 39.9731 30.698 30.1235 36.1027 30.1006 28.6826 30.4224 28.365 28.3495 28.1268 27.0932 27.0745 27.0711 26.8215 46.0261 28.9041 25.9105 25.5245 24.7904 37.2362 24.5325 24.3665 32.1474 24.2908 24.1552 23.6513 23.0601 22.2681 21.5736 21.2591 21.3071 20.6871 24.9448 20.3843
threshold=24.150000000000002 1316.7500000000002 9.5000000000000018 19.287199859059225 3351.2500000000005 47.500000000000007 47.550000000000004 1558.7500000000002 -32.979999999999997 42.500000000000007 -0.37940952255126065 17.319550094506884 29.250000000000004 -15.999999999999996 -44.649999999999984 75.850000000000009 -645.24999999999989 11.500000000000002 -9.1920554760152928 119.25000000000001 5.0850000000000009 0.67556448321067863 -412.49999999999994 48.025000000000006 37.500000000000007 5.0165041938687862 12.448070942936022 -0.78656609248549292 -2.6933677124776443 239.58205906510548 4.0940511894394449 -0.78656609248549292 -1.850924748960679 69.02500000000002 3.5000000000000004 3.5000000000000004 44.550000000000004 16.076715985165237 30.350000000000005 11.250000000000002 -4.0000000000000027 4.5000000000000009 -9275.4999999999982 7.5000000000000009 19.494655797101455 9.3141054569867148 -153.84999999999997 11.500000000000002 67.500000000000014 985.45000000000016 6.592781701484375 17.591334569152156 -3.8011332656447334 282.50000000000006 42.010000000000012 52.499260869565227 20.150000000000002 39.500000000000007 -11.899315739583082 56.050000000000004 -0.25037047035109422 2.5000000000000004 16.129340007907388
decision_type=2 2 2 2 2 2 8 2 8 2 2 2 2 10 8 10 2 2 2 8 2 2 2 8 2 2 2 2 2 2 2 2 2 8 2 2 8 2 8 2 8 2 2 2 10 2 10 2 2 2 2 2 2 2 10 10 2 2 2 2 2 2 2
left_child=1 3 4 8 5 6 9 12 34 10 -2 17 15 50 -6 33 27 21 -17 49 26 22 23 -5 62 -12 -15 -8 29 -29 38 -11 37 -3 39 -36 -37 -33 -21 -1 -4 -9 43 -28 -45 -40 -38 -47 -49 -10 -7 -52 -35 -31 60 -51 -25 -44 -34 -60 -20 -62 -16
right_child=2 7 40 11 14 13 16 41 19 31 25 -13 -14 20 24 18 -18 -19 54 30 -22 -23 -24 56 -26 -27 42 28 -30 53 -32 32 58 52 35 36 46 -39 45 -41 -42 -43 57 44 -46 47 -48 48 -50 55 51 -53 -54 -55 -56 -57 -58 -59 59 -61 61 -63 -64
leaf_value=5.3078024821917218 1.5884704016078306 -0.18498177247047029 2.9349958884873626 0.91931120844953262 0.03410416394881928 -0.22300822592396585 -0.11785594368725441 -1.2458073519258872 0.30147235465607747 0.21705611903792532 4.0847880392020928 0.60963512769764439 2.6795804404553234 -0.77756827928276884 -0.5682892643508155 0.45000519744003881 -0.23343782706025992 10.548777900388982 2.7665318330771598 2.4405596964804039 0.76383495752031827 9.500992369044738 4.4070578128339841 4.7494215209383253 -1.0032340028685696 19.250767051411167 -0.33571945314579532 2.1314098317211148 0.94320559600760101 3.0266929751747571 1.9869247002632582 0.91458619973874389 -1.5045628055301741 1.3615624952287686 5.084828743682114 5.3604041522068364 11.567365789184265 9.4763258951177161 3.096340076851094 1.5078024821917211 1.3768949186989567 0.13372586948289281 1.1250585060725597 0.46701429461265748 1.7683029720070136 3.8699071967635343 4.8019636370457341 10.991920435032347 3.8446359008803173 0.26485240819908501 0.18730725915855306 1.6697974156321735 0.56522233877017036 14.656121045416228 0.88202865176559053 1.8051120871807704 2.6019655618352067 -0.43229428556327698 1.8463297951530138 0.44455588303336546 -0.38811789111007045 1.7674084793081928 0.60409700530198129
leaf_weight=1099 505 11166 7428 282 12040 20288 2934 21929 9028 1479 121 980 327 76198 75620 9490 12273 915 5969 424 2780 464 3114 797 164947 569 911 1836 5237 508 10962 603 431 1793 4009 140 582 902 11447 3612 13198 9117 138 402 466 3083 2485 354 347 3738 9343 848 6294 172 2239 8341 153 6495 1508 788 1236 2467 730
leaf_count=1099 505 11166 7428 282 12040 20288 2934 21929 9028 1479 121 980 327 76198 75620 9490 12273 915 5969 424 2780 464 3114 797 164947 569 911 1836 5237 508 10962 603 431 1793 4009 140 582 902 11447 3612 13198 9117 138 402 466 3083 2485 354 347 3738 9343 848 6294 172 2239 8341 153 6495 1508 788 1236 2467 730
internal_value=-0.000535468 0.00390861 -0.00199382 0.00727922 -0.00230111 -0.000858126 0.00348289 0.000803378 0.00626301 0.0103417 0.0232845 0.0163199 0.00284632 -0.00195806 -0.00314259 0.00265976 0.00141986 0.0184498 0.00434302 0.00509136 -0.00262616 0.0164449 0.0149379 0.0229627 -0.00330914 0.0356522 -0.00282768 0.00394545 0.00560235 0.0106002 0.00646635 0.00763351 0.00978024 0.000788707 0.0109512 0.0129324 0.0165622 0.0159967 0.00788726 0.00791658 0.00398138 -0.00189332 8.79684e-05 0.00553963 0.0137788 0.00753365 0.0155575 0.0111205 0.0196077 0.00335742 -4.24895e-05 0.00195221 0.00311178 0.0209559 0.00646419 0.00483111 0.0281579 -0.00137419 0.00634947 0.00826219 0.00753619 0.00460032 -0.00235626
internal_weight=560081 138383 421698 66356 401072 147735 29866 72027 59651 6906 1195 6705 40981 117869 253337 40654 22960 5725 21401 47724 87390 4810 4346 1232 241297 690 84610 10687 7753 2516 26617 5711 4232 19253 11927 7216 3207 1505 15655 4711 20626 31046 8412 1779 868 15231 3067 3784 701 21107 30479 10191 8087 680 11911 12079 950 6633 2727 2296 9672 3703 76350
internal_count=560081 138383 421698 66356 401072 147735 29866 72027 59651 6906 1195 6705 40981 117869 253337 40654 22960 5725 21401 47724 87390 4810 4346 1232 241297 690 84610 10687 7753 2516 26617 5711 4232 19253 11927 7216 3207 1505 15655 4711 20626 31046 8412 1779 868 15231 3067 3784 701 21107 30479 10191 8087 680 11911 12079 950 6633 2727 2296 9672 3703 76350
is_linear=0
shrinkage=0.05


Tree=6
num_leaves=64
num_cat=0
split_feature=23 41 14 16 36 37 27 33 14 20 41 13 27 29 14 23 43 5 7 42 43 21 25 0 13 13 14 31 0 41 7 34 11 27 21 38 0 5 5 26 25 14 16 31 5 17 21 0 38 11 16 12 41 17 0 37 13 31 4 0 36 3 36
split_gain=1283.56 458.107 326.773 195.711 192.289 226.598 162.663 97.3807 96.8119 90.634 82.1148 84.5522 75.7093 73.904 70.2833 61.3849 58.6578 57.9044 56.8346 56.2113 49.3814 46.4724 42.2686 37.1947 36.0879 62.8697 36.0809 34.9781 34.9371 36.1578 34.2475 34.0567 32.0013 33.0149 30.7195 30.6417 35.2537 38.5543 28.889 28.8226 32.8342 28.5541 37.772 47.7356 28.223 28.0685 28.0493 27.9633 27.7936 27.1016 26.9227 25.0082 24.6723 31.7639 23.918 29.8758 24.9277 29.8017 23.9021 23.1146 31.2959 22.9357 22.601
threshold=23.250000000000004 1942.7500000000002 9.5000000000000018 19.287199859059225 207.50000000000003 44.500000000000007 47.550000000000004 14.750000000000002 3.5000000000000004 0.11319890333640049 544.75000000000011 1.5000000000000002 45.025000000000006 17.319550094506884 3.5000000000000004 12.050000000000002 -17.499999999999996 55.525000000000006 43.087228260869573 -9.1499999999999968 122.50000000000001 61.250000000000007 985.75000000000011 39.975000000000009 1.0000000180025095e-35 4.5000000000000009 11.500000000000002 -3.5122965448742778 398.25000000000006 384.50000000000006 86.264583333333348 0.72534675097891099 -0.78656609248549292 53.550000000000004 72.500000000000014 29.150000000000002 41.050000000000004 87.050000000000011 445.25000000000006 8198.2500000000018 980.85000000000002 10.500000000000002 -4.084792762612703 10.907522669595986 61.050000000000004 10.930097528655587 67.500000000000014 61.025000000000006 36.95000000000001 -0.78656609248549292 8.9769318572889798 -0.60355339059327384 4928.5000000000009 14.287496019637272 375.25000000000006 34.500000000000007 1.0000000180025095e-35 7.5061450409334336 92.02500000000002 9.0050000000000008 32.500000000000007 285.25000000000006 1362.5000000000002
decision_type=2 2 2 2 2 2 8 2 2 2 2 2 8 2 2 2 2 10 8 2 2 2 2 2 2 2 2 2 2 2 8 2 2 8 2 2 2 10 10 2 2 2 2 2 10 2 2 2 2 2 2 2 2 2 2 2 2 2 10 2 2 10 2
left_child=1 3 4 8 5 6 9 14 15 10 11 -2 34 19 58 21 49 48 59 26 -9 -1 -14 -20 46 51 31 -27 29 38 -16 32 -5 44 -10 -19 37 -37 50 -25 -41 61 -43 54 -34 -39 -17 -12 52 -8 -24 -26 53 -6 55 -44 57 -57 -3 60 -7 -4 -32
right_child=2 7 41 13 17 18 16 20 12 -11 47 -13 22 -15 30 24 -18 35 23 -21 -22 -23 28 39 25 27 -28 -29 -30 -31 62 -33 33 -35 -36 36 -38 45 -40 40 -42 42 43 -45 -46 -47 -48 -49 -50 -51 -52 -53 -54 -55 -56 56 -58 -59 -60 -61 -62 -63 -64
leaf_value=2.4345411847762701 18.411029201832513 -0.062935055657817013 0.61459109704345261 1.7238243466220309 -0.62813044462344436 1.3155810090178208 -0.058753207932136203 0.069794987164811029 0.14244749459522638 1.035342645683921 2.6680658242944015 0.46552062981329767 1.5164910980124333 0.38094826217841565 3.2215922094582399 0.76569188513056785 -0.27225112484228159 -0.82873592269315766 0.52372947153523774 2.911553658999543 -1.3444051329794857 5.2678979422712295 6.0129017667482003 -0.37625473672043591 2.7125194733747331 1.8485356805351707 10.044617082116799 0.66837111685736483 2.6879681953836378 3.370758421244421 3.0664342849314217 9.4784821486895954 2.5155129509577487 4.9789873250376804 3.4705709011540922 0.010206519259150683 -0.42865306922033342 0.70105856150700563 15.609631659141275 -0.079417869714860853 2.8791593410113672 -0.21579898215416515 2.6776043491494885 0.19632754818579906 3.6035953874453868 0.9285594221344019 2.1059655113715681 0.57924551790472167 -0.33870351670678411 1.8144954063562331 6.8262289838625136 -0.22522120953371891 -1.0052448922758845 0.55017815853935303 6.4897291058880278 23.747817082279408 10.253080414816196 -0.88702448939459355 1.5324755429219961 -0.64650259362107121 -0.0400380672196377 4.9311817657340917 9.3597288760879511
leaf_weight=4846 583 6209 14023 650 55204 346 2631 22313 179 2599 1853 185 8658 1292 331 2736 10883 26429 5927 1714 14067 2308 4547 23645 743 3514 901 8179 2642 9648 3197 346 477 2049 1011 9314 31207 1686 396 1618 1103 1775 1095 1587 698 612 3275 492 22533 7512 1771 13116 140465 1337 1034 410 2662 78 3648 58819 3999 898 76
leaf_count=4846 583 6209 14023 650 55204 346 2631 22313 179 2599 1853 185 8658 1292 331 2736 10883 26429 5927 1714 14067 2308 4547 23645 743 3514 901 8179 2642 9648 3197 346 477 2049 1011 9314 31207 1686 396 1618 1103 1775 1095 1587 698 612 3275 492 22533 7512 1771 13116 140465 1337 1034 410 2662 78 3648 58819 3999 898 76
internal_value=-0.000605726 0.00384759 -0.00189226 0.00629848 -0.00222056 -0.000557921 0.00351036 0.000125297 0.00541676 0.0109926 0.0167475 0.0309375 0.00760918 0.0136293 0.00375863 0.00378296 0.00147769 -0.00292408 -0.00169747 0.0157023 -0.00121908 0.00796477 0.00707794 8.82425e-06 0.00283512 0.00201511 0.0183255 0.00471521 0.00839718 0.00925865 0.00973363 0.0163863 0.0150439 0.0170844 0.019958 -0.00166344 -0.00083713 0.00151481 0.0120763 -0.000795723 0.00407754 0.00383414 0.0061214 0.00780221 0.023766 0.00731506 0.00632091 0.0121002 -0.00332171 0.00421325 0.0112551 -0.000263007 -0.00351198 -0.00263004 0.0100881 0.0117491 0.0142222 0.0246107 0.00157401 -0.00256982 0.000949366 0.00250955 0.00818362
internal_weight=560081 125537 434544 75696 410982 122195 26738 49841 67569 5712 3113 768 28852 8127 13461 38717 21026 288787 95457 6835 36380 7154 27662 32293 31563 25552 5121 11693 19004 16362 3604 4220 3874 3224 1190 69248 42819 11612 6714 26366 2721 23562 8641 6866 1175 2298 6011 2345 219539 10143 6318 13859 197006 56541 5279 4245 3150 488 9857 63164 4345 14921 3273
internal_count=560081 125537 434544 75696 410982 122195 26738 49841 67569 5712 3113 768 28852 8127 13461 38717 21026 288787 95457 6835 36380 7154 27662 32293 31563 25552 5121 11693 19004 16362 3604 4220 3874 3224 1190 69248 42819 11612 6714 26366 2721 23562 8641 6866 1175 2298 6011 2345 219539 10143 6318 13859 197006 56541 5279 4245 3150 488 9857 63164 4345 14921 3273
is_linear=0
shrinkage=0.05


Tree=7
num_leaves=64
num_cat=0
split_feature=36 5 5 16 44 8 8 14 42 19 36 44 33 5 16 44 7 25 5 32 17 25 42 23 13 16 17 9 13 30 41 30 21 8 5 38 0 19 24 29 8 31 13 3 9 25 22 31 32 27 13 8 14 14 27 14 23 22 22 9 38 9 38
split_gain=1129.37 331.259 321.194 217.856 157.348 114.283 101.691 78.17 65.6924 59.6471 49.8439 47.5376 46.1865 44.2554 43.9366 42.0958 39.6267 38.2846 40.8228 35.6097 32.4443 42.1555 32.0668 37.32 30.8245 35.0147 54.9833 29.1631 28.3206 28.2495 27.4251 27.3135 26.6876 25.7084 25.5551 24.935 24.4935 24.4534 24.3718 36.2138 23.0669 26.1413 30.0874 21.8635 21.1364 20.6965 26.6636 20.5153 22.1993 54.2757 27.258 19.084 18.837 18.7017 18.6191 18.6267 18.5946 23.2036 20.8861 18.5519 18.1019 17.7046 17.6519
threshold=86.250000000000014 75.02500000000002 60.625000000000007 19.928081041831799 1781.2500000000002 -58.974999999999987 -18.487499999999994 5.5000000000000009 -17.349999999999994 0.67556448321067863 47.500000000000007 2396.5000000000005 10.65 241.25000000000003 9.3141054569867148 1328.75 57.938194444444456 977.35000000000002 38.025000000000006 10.403500037826648 11.511771177443292 982.55000000000007 -5.2999999999999972 19.450000000000003 2.5000000000000004 -3.7528761539865525 7.9416982679267418 164.25000000000003 4.5000000000000009 81.500000000000014 5141.2500000000009 7.5000000000000009 4562.5000000000009 -17.994999999999994 164.25000000000003 9.9500000000000011 17.050000000000004 -0.95878322595067689 1.1500000000000001 19.730758556904149 -13.999999999999993 -6.8616808009176564 3.5000000000000004 233.75000000000003 272.25000000000006 982.45000000000016 31.500000000000004 -6.2876469255341503 -3.6083246594477889 33.050000000000004 1.5000000000000002 -41.974999999999994 11.500000000000002 1.5000000000000002 94.350000000000009 11.500000000000002 12.65 76.500000000000014 36.500000000000007 220.25000000000003 17.750000000000004 64.050000000000011 20.750000000000004
decision_type=2 10 8 2 2 8 10 2 2 2 2 2 2 10 2 2 10 2 8 2 2 2 2 2 2 2 2 10 2 2 2 2 2 8 10 2 2 2 2 2 10 2 2 10 8 2 2 2 2 8 2 8 2 2 8 2 2 2 2 8 2 8 2
left_child=2 6 7 5 9 36 11 24 31 13 14 16 -6 19 34 17 29 -8 -19 22 21 -16 23 -3 25 -1 -27 -14 -21 -2 -20 54 35 60 47 -18 -4 -31 43 -40 41 42 -12 -37 -44 -38 -47 -7 49 50 -49 61 -25 59 -5 -56 57 -23 -58 -26 -9 -11 -10
right_child=1 4 3 8 12 10 15 33 62 51 40 -13 27 -15 20 -17 32 18 30 28 -22 56 -24 52 53 26 -28 -29 -30 37 -32 -33 -34 -35 -36 38 45 -39 39 -41 -42 -43 44 -45 -46 46 -48 48 -50 -51 -52 -53 -54 -55 55 -57 58 -59 -60 -61 -62 -63 -64
leaf_value=-0.41923980176673609 -0.24954516042381913 2.7792537257286845 6.3608702233123537 9.0430463998453234 2.3830107788965056 2.0469725635670146 -0.74964267312827615 11.702153164468744 4.5900162941927993 1.7993409448043352 0.99471512761220005 -0.60866931959278081 -0.17004247233627157 4.9648867786152628 0.44669105586560925 -1.0332826857613793 2.9488636230382648 -0.60391705919480287 0.13984298548862811 1.2300775559643371 17.797360158001936 7.5917869273888474 0.53213970081431305 0.61215766807237504 11.185468223851798 1.3666077218260042 11.498340876232611 -1.2124491284480587 1.7289031600713667 10.577419127868772 -0.49294199337545419 2.9031142719361971 2.2719472141275818 -0.57419849344798235 4.5808130150006887 0.19397674225938405 1.16115941184852 0.61522208819512358 0.73918633804783096 3.9107389868192919 0.47520345390247398 1.0411769858178019 2.2504094941133137 4.548296082330352 1.2742400321838918 4.6187237170910409 4.5524110288430757 17.543340571056831 0.15055811991549642 1.2494606973055991 0.73020659063960247 -0.19046006915042671 6.7302856239666315 0.041840917004318308 7.5690123909218094 10.199444049951778 3.000730818013396 3.9013356639515973 2.4939323139180964 1.1820521951936569 0.33910733515205638 0.43265819616903622 1.5014462409760636
leaf_weight=1864 34683 1811 205 417 2750 3075 66466 49 3163 652 1281 30437 17106 4070 1866 122010 151 40610 22526 1036 135 790 18574 6471 59 6849 365 18178 894 149 16965 467 185 20624 7381 16602 1168 857 150 105 16842 7828 1170 1055 508 238 7232 183 7705 5850 103 13210 481 8623 737 411 751 1764 4902 84 2857 3467 884
leaf_count=1864 34683 1811 205 417 2750 3075 66466 49 3163 652 1281 30437 17106 4070 1866 122010 151 40610 22526 1036 135 790 18574 6471 59 6849 365 18178 894 149 16965 467 185 20624 7381 16602 1168 857 150 105 16842 7828 1170 1055 508 238 7232 183 7705 5850 103 13210 481 8623 737 411 751 1764 4902 84 2857 3467 884
internal_value=-0.00067036 -0.00183302 0.00366546 0.00557348 0.000898533 0.00479543 -0.00251949 0.000111905 0.0146578 0.00272313 0.00403853 -0.00100529 -0.00153205 0.00396001 0.00530575 -0.00299518 -0.000113745 -0.00242405 -0.00168793 0.00328066 0.00805838 0.00773205 0.00281724 0.00531039 0.0026076 0.0046497 0.00622817 -0.00201848 0.00984456 -0.00108283 -0.00054329 0.0219931 0.00178156 -0.00178071 0.00414928 0.00158805 0.0101136 0.00717694 0.00141748 0.0167647 0.00245593 0.00426115 0.00826462 0.00119584 0.0126698 0.00970826 0.010676 0.00307815 0.00225742 0.0045013 0.0257692 0.000343642 0.00364499 0.000492812 0.0251597 0.0218728 0.0092744 0.0128152 0.00767468 0.0184266 0.00262216 0.00331512 0.0109748
internal_weight=560081 441651 118430 77056 88700 70977 352951 41374 6079 50666 62134 84374 38034 33337 34505 268577 53937 146567 80101 29267 10208 10073 27337 8763 17844 9078 7214 35284 1930 35689 39491 2032 18248 23530 24297 18063 8843 1006 17912 255 27629 10787 2959 17657 1678 8638 7470 16916 13841 6136 286 17329 6952 8766 1565 1148 8207 2554 5653 143 2906 4119 4047
internal_count=560081 441651 118430 77056 88700 70977 352951 41374 6079 50666 62134 84374 38034 33337 34505 268577 53937 146567 80101 29267 10208 10073 27337 8763 17844 9078 7214 35284 1930 35689 39491 2032 18248 23530 24297 18063 8843 1006 17912 255 27629 10787 2959 17657 1678 8638 7470 16916 13841 6136 286 17329 6952 8766 1565 1148 8207 2554 5653 143 2906 4119 4047
is_linear=0
shrinkage=0.05


Tree=8
num_leaves=64
num_cat=0
split_feature=36 14 7 16 14 41 8 33 43 11 42 40 14 14 16 8 8 24 8 43 30 36 21 27 28 13 17 41 29 16 9 14 24 30 40 25 22 17 27 7 13 13 42 31 21 0 3 38 34 19 23 28 12 6 30 31 36 22 37 23 18 22 37
split_gain=995.319 279.685 279.196 194.522 177.834 176.626 104.076 93.5526 80.5649 74.1942 70.8549 54.7093 54.4452 48.9431 59.186 47.7301 43.4587 39.9974 39.827 36.027 67.393 35.9259 33.8488 31.8993 31.6341 60.9449 46.855 31.3987 31.2218 29.3079 28.7635 28.332 28.1021 27.5002 27.4488 26.8132 29.63 25.9024 25.5798 25.532 29.573 22.5989 30.2947 26.7669 23.4614 21.9662 20.9378 20.4851 21.8362 20.4024 20.3025 19.9514 23.2633 19.6198 19.5802 19.3132 19.1573 18.7442 18.7233 21.4796 23.5687 19.362 18.3624
threshold=86.250000000000014 9.5000000000000018 40.77579166666667 18.701176832591482 5.5000000000000009 4784.5000000000009 -49.949999999999982 13.65 40.625000000000007 -0.60355339059327362 -15.749999999999996 982.35000000000002 5.5000000000000009 10.500000000000002 -3.7528761539865525 -19.399999999999991 -10.989999999999997 2.1500000000000008 -7.9999999999999964 -297.49999999999994 65.500000000000014 42.500000000000007 4562.5000000000009 49.050000000000004 4.205000000000001 1.5000000000000002 10.930097528655587 3564.5000000000005 10.577560677587018 6.4649027362863727 21.550000000000004 1.5000000000000002 1.1500000000000001 7.5000000000000009 978.1500000000002 982.05000000000007 29.500000000000004 9.1417006135210155 32.050000000000004 90.279166666666683 3.5000000000000004 1.5000000000000002 -15.199999999999996 7.3207117085486413 1442.5000000000002 24.025000000000002 38.525000000000006 35.750000000000007 0.21643137258081221 -0.85260769842926909 27.750000000000004 3.3350000000000004 0.78656609248549303 89.450000000000031 413.50000000000006 -1.3683451611382331 1912.5000000000002 21.500000000000004 64.500000000000014 21.550000000000004 9.6500000000000004 80.500000000000014 53.500000000000007
decision_type=2 2 8 2 2 2 8 2 2 2 2 2 2 2 2 8 10 2 8 2 2 2 2 8 2 2 2 2 2 2 8 2 2 2 2 2 2 2 8 8 2 2 2 2 2 2 10 2 2 2 2 2 2 10 2 2 2 2 2 2 2 2 2
left_child=2 4 12 6 5 8 35 13 9 -2 33 24 23 -3 -15 22 17 19 27 20 -11 28 31 37 -8 26 -26 62 29 -13 -14 -7 34 51 -33 -4 -37 -1 -23 -16 41 43 -43 44 -41 -38 -21 48 -10 54 -42 52 -5 -24 -18 -39 -52 -29 59 60 -50 -61 -6
right_child=1 7 3 10 18 15 11 -9 47 16 -12 21 30 14 39 -17 49 -19 -20 46 -22 38 53 -25 25 -27 -28 57 -30 -31 -32 32 -34 -35 -36 36 45 55 -40 40 50 42 -44 -45 -46 -47 -48 -49 58 -51 56 -53 -54 -55 -56 -57 -58 -59 -60 61 -62 -63 -64
leaf_value=1.0044001809055363 -0.24374403838315206 0.74566916201303157 1.0125245172041579 6.6096210109982394 0.43273178926052563 1.6343689391448504 0.17654621266553325 -0.21693155444214707 -1.1082872973665849 1.1137195767173547 3.4575343613810645 2.7441345467114346 0.70594210239469501 -0.40902346202203427 4.8260327976763646 -0.71606169610271775 0.99304372013110509 4.2217030404472125 -0.87864308181795092 0.23574361333332244 16.77202402150753 2.5150778213751814 0.13148976731441728 0.087599167791165611 3.4087721689512218 0.74994067145187171 19.257229582250798 0.36428141095935518 0.55382245050676437 3.8320931361578738 -0.61024576776016781 0.23866224675578215 2.1938041480512611 2.3224537444528033 -0.42433338605046655 4.1437155816191069 6.2144726625432707 -0.65075243505621094 1.0083122725389155 7.5246300241542885 5.7572016725891517 9.2214219698754576 0.76817725211097632 -0.11178240105326379 27.13469657845701 3.9648265107811023 1.131865781955457 1.6112768772091224 2.7628248264091586 0.22487941810178899 18.94260821854747 12.137688121242576 9.7489929984601833 2.1963140840381081 11.433059954212659 16.627395819368733 -1.6675905847222492 -0.63416236095905276 -0.64757916819588657 -0.076776478501579482 0.53857526803955513 2.2683250329350186 -0.16987606016488499
leaf_weight=2397 12939 6300 1768 1345 1593 1515 19993 12128 12758 1882 5168 11236 1016 1868 332 93454 4749 153 159141 4517 233 675 77 5745 765 3181 185 940 4641 7443 19957 5796 136 706 15712 326 207 82 21852 1561 3160 74 2414 511 199 8610 7545 484 380 14053 468 212 618 119 141 302 73 40758 4105 5593 1260 163 22367
leaf_count=2397 12939 6300 1768 1345 1593 1515 19993 12128 12758 1882 5168 11236 1016 1868 332 93454 4749 153 159141 4517 233 675 77 5745 765 3181 185 940 4641 7443 19957 5796 136 706 15712 326 207 82 21852 1561 3160 74 2414 511 199 8610 7545 484 380 14053 468 212 618 119 141 302 73 40758 4105 5593 1260 163 22367
internal_value=-0.000717763 -0.00180925 0.00335261 0.00475082 -0.00214335 -0.00100749 0.00401313 0.00292939 0.000960114 0.00219294 0.0121636 0.00330487 -0.000862573 0.00532724 0.00739212 -0.0022027 0.00344228 0.00551989 -0.00309207 0.00524547 0.0112648 0.00431904 -0.000180905 0.00250645 0.00137747 0.00536069 0.0164737 -0.00205596 0.00569468 0.00660662 -0.00223216 -0.000356018 -0.000818704 0.0184467 -0.000961969 0.00855513 0.00964508 0.00690219 0.00289497 0.00910942 0.00857565 0.00596869 0.00267685 0.00957508 0.0125 0.00909776 0.00419002 -0.0013424 -0.00154561 0.00187061 0.0119279 0.0212299 0.0196561 0.0205102 0.00465235 0.0189583 0.020878 -0.00288479 3.43436e-05 0.00153732 0.00658536 9.90259e-05 -0.000613524
internal_weight=560081 441651 118430 88931 412563 187764 80882 29088 70955 46212 8049 69971 29499 16960 10660 116809 33273 14330 224799 14177 2115 45847 23355 8526 24124 4131 950 65658 23320 18679 20973 23159 21644 2881 21508 10911 9143 2781 22527 8792 8460 4759 2488 2271 1760 8817 12062 24743 24259 18943 3701 2175 1963 196 4890 384 541 41698 11501 7396 1640 5756 23960
internal_count=560081 441651 118430 88931 412563 187764 80882 29088 70955 46212 8049 69971 29499 16960 10660 116809 33273 14330 224799 14177 2115 45847 23355 8526 24124 4131 950 65658 23320 18679 20973 23159 21644 2881 21508 10911 9143 2781 22527 8792 8460 4759 2488 2271 1760 8817 12062 24743 24259 18943 3701 2175 1963 196 4890 384 541 41698 11501 7396 1640 5756 23960
is_linear=0
shrinkage=0.05


Tree=9
num_leaves=64
num_cat=0
split_feature=36 5 5 44 16 5 8 25 14 14 28 22 28 8 14 8 40 8 33 14 36 43 21 8 36 27 14 0 36 33 6 16 13 28 27 19 0 14 35 17 36 26 17 13 17 36 44 25 36 12 9 0 8 5 38 0 8 44 35 7 34 17 44
split_gain=876.034 282.369 251.409 165.069 161.118 110.953 81.8682 60.8199 57.1464 44.274 42.7023 89.0168 54.5576 38.5173 37.9444 37.7648 37.4135 36.486 32.5678 32.448 30.4677 32.9247 30.3709 30.3327 29.5412 27.1669 34.3908 25.7836 25.0251 24.5528 24.4843 24.4558 23.7568 38.0103 21.7736 21.3575 23.8129 21.1585 20.7196 20.388 19.8089 19.1529 19.0574 19.8345 18.6897 17.5195 17.3226 17.2246 16.9556 21.744 16.9407 16.5722 15.9911 15.9658 15.9026 15.8599 15.801 15.7115 15.6269 15.4983 15.4002 19.6467 14.7528
threshold=86.250000000000014 56.025000000000006 60.625000000000007 1558.7500000000002 19.928081041831799 119.25000000000001 -13.999999999999993 977.6500000000002 5.5000000000000009 11.500000000000002 4.205000000000001 80.500000000000014 4.3050000000000006 -7.9999999999999964 9.5000000000000018 -21.899999999999991 985.25000000000011 -77.97499999999998 17.150000000000002 10.500000000000002 397.50000000000006 -362.49999999999994 4957.5000000000009 -47.962499999999991 47.500000000000007 30.850000000000005 5.5000000000000009 9.0050000000000008 207.50000000000003 12.750000000000002 87.262500000000017 16.881652992496342 1.5000000000000002 3.8150000000000008 62.050000000000004 -0.87878364999916136 39.050000000000004 10.500000000000002 0.27563735581699933 14.287496019637272 57.500000000000007 12442.750000000002 -2.6687312715736318 3.5000000000000004 5.5188664229976281 32.500000000000007 -9275.4999999999982 982.55000000000007 305.62500000000006 -0.3794095225512602 51.050000000000004 11.350000000000003 -258.54999999999995 241.25000000000003 36.250000000000007 282.75000000000006 -20.284999999999997 1221.7500000000002 -0.74892720285008296 30.031372549019611 0.39873388578253705 -12.415351064731679 -8966
decision_type=2 8 8 2 2 10 10 2 2 2 2 2 2 10 2 8 2 8 2 2 2 2 2 8 2 8 2 2 2 2 10 2 2 2 8 2 2 2 2 2 2 2 2 2 2 2 2 2 2 2 8 2 10 10 2 2 10 2 2 10 2 2 2
left_child=2 13 8 5 6 7 17 56 32 15 19 12 -12 22 23 34 -8 42 -16 48 21 41 28 50 -18 26 -19 45 59 31 -24 -21 33 -1 -6 47 -37 -29 -35 54 53 -14 43 51 -17 -10 -41 -7 49 -9 -5 -4 -45 -27 -30 -55 -3 -15 -51 -2 -36 -62 -33
right_child=1 3 4 14 9 35 16 10 27 -11 11 -13 20 57 18 44 24 25 -20 29 -22 -23 30 -25 -26 40 -28 37 39 -31 -32 62 -34 38 60 36 -38 -39 -40 46 -42 -43 -44 52 -46 -47 -48 -49 -50 58 -52 -53 -54 55 -56 -57 -58 -59 -60 -61 61 -63 -64
leaf_value=0.82078805487346962 -0.39540308233753269 -3.5982431536396578e-05 13.861844325663064 2.5478242160719575 5.8729746012241399 0.21544072651809165 0.33158729164300693 1.148183364251733 1.0919304104521339 8.7624806616454602 10.247099901421198 3.507261530115974 9.8043962939641229 -0.63382032239466124 2.005433963243243 2.4487318379730141 2.8694636173994734 6.3783120633914479 -0.84855871837577002 3.0074631399516631 -0.21910477192931752 0.65395805646901006 0.027915757615271476 -0.75114479011098656 0.726600454515825 1.8794488569574317 0.42618914743245284 -0.5449762994610613 -0.58576779806339263 -0.39025741426155208 1.6830567918015316 4.0731131514459911 0.15681561878720071 1.3564218082123896 4.2306437940648998 0.97359349528476324 1.1579967914645557 5.2746700833493954 4.0025617939139844 0.81467806314555336 0.8866483589171914 1.0241622372470485 2.7254853784000335 21.615231861097843 19.347331358489377 0.19314925555945875 -0.52287729131525296 3.5391158798491862 -0.21283246314049792 0.61625963381891602 -0.0014176270363932986 4.4470842322846114 4.740014211348254 5.398015779568988 -0.057715032643398993 2.5567243599266183 -0.54595261407523121 -1.0304747742822493 -0.061851112287543947 0.102246191707923 8.7061180685131401 3.7604294591421366 8.9617596252864615
leaf_weight=5172 7148 9105 46 455 513 940 18351 4203 306 815 153 336 279 91136 5287 3279 11894 1020 5702 2451 3602 4462 96 63030 7892 14860 502 21964 57989 1319 89 233 11084 597 1030 1655 15504 256 991 663 7622 429 2240 167 81 1004 754 3783 19244 1821 7119 2468 1295 1691 7073 929 18699 79480 14832 12426 173 188 154
leaf_count=5172 7148 9105 46 455 513 940 18351 4203 306 815 153 336 279 91136 5287 3279 11894 1020 5702 2451 3602 4462 96 63030 7892 14860 502 21964 57989 1319 89 233 11084 597 1030 1655 15504 256 991 663 7622 429 2240 167 81 1004 754 3783 19244 1821 7119 2468 1295 1691 7073 929 18699 79480 14832 12426 173 188 154
internal_value=-0.00075865 -0.00178264 0.00306003 -0.000292133 0.0047481 0.00103659 0.004079 0.000186172 -8.38703e-05 0.0125605 0.00117175 0.00425926 0.00330812 -0.00285501 -0.00197278 0.0108815 0.00250321 0.00590895 0.000760305 0.000525678 0.00279184 0.00525145 -0.00199379 -0.00239817 0.00401142 0.00510366 0.01159 -0.00170208 -0.00203729 0.00473057 0.0182432 0.00735025 0.00204999 0.00438609 0.0165074 0.00419706 0.00337753 -0.00210396 0.0111524 -0.00249996 0.00471038 0.0152684 0.00935811 0.0114361 0.00769345 0.0051145 0.00343331 0.00717446 8.97744e-05 0.00107739 0.000591496 0.00874304 0.016067 0.00563787 -0.00262919 0.00923664 -0.00171091 -0.00329031 0.000266317 -0.000465925 0.0132602 0.0221468 0.019031
internal_weight=560081 441651 118430 184797 77056 103204 70977 81322 41374 6079 53518 9261 8925 256854 81593 5264 38137 32840 10989 44257 8772 5170 86238 70604 19786 26624 1522 23530 86053 4157 185 2838 17844 6760 1904 21882 17159 22220 1588 66479 25102 708 6216 3976 3360 1310 1417 4723 40100 20856 7574 2514 1462 17480 65062 2620 27804 170616 16653 19574 1391 361 387
internal_count=560081 441651 118430 184797 77056 103204 70977 81322 41374 6079 53518 9261 8925 256854 81593 5264 38137 32840 10989 44257 8772 5170 86238 70604 19786 26624 1522 23530 86053 4157 185 2838 17844 6760 1904 21882 17159 22220 1588 66479 25102 708 6216 3976 3360 1310 1417 4723 40100 20856 7574 2514 1462 17480 65062 2620 27804 170616 16653 19574 1391 361 387
is_linear=0
shrinkage=0.05


Tree=10
num_leaves=64
num_cat=0
split_feature=23 44 14 41 37 14 23 27 41 24 42 8 21 11 17 26 25 43 11 22 21 5 32 5 22 19 22 23 5 9 33 0 34 37 14 18 12 6 11 44 35 5 21 17 13 34 21 22 23 22 17 5 25 13 22 17 3 7 8 32 5 44 9
split_gain=773.891 275.961 221.656 150.041 185.51 128.688 111.944 104.873 74.6107 73.4168 65.7484 62.368 59.8897 56.008 42.7806 48.7723 44.2008 42.0985 39.4294 38.4601 37.1905 36.7587 33.5004 32.754 30.3774 30.3348 28.7968 41.4261 26.5125 26.3525 26.0041 28.0926 25.7267 24.4351 24.2107 23.4948 22.7963 22.5984 25.2242 22.2972 22.201 22.1858 22.1744 22.0628 21.872 27.1228 32.5313 21.8322 21.7788 36.2563 21.7084 21.5656 20.8606 20.6429 28.8866 27.8932 20.9833 20.1102 19.752 19.5207 19.5194 20.3187 19.9464
threshold=23.250000000000004 903.00000000000023 9.5000000000000018 2736.5000000000005 47.500000000000007 3.5000000000000004 12.950000000000001 33.95000000000001 328.25000000000006 1.0500000000000003 -17.349999999999994 -18.984999999999996 67.500000000000014 -0.37940952255126065 6.4787234885999387 8731.0000000000018 977.45000000000016 -47.499999999999993 -0.60355339059327362 42.500000000000007 4562.5000000000009 164.25000000000003 -7.8902577641254714 46.025000000000006 54.500000000000007 -0.078456108245891776 63.500000000000007 19.450000000000003 73.050000000000011 46.050000000000004 18.250000000000004 398.25000000000006 0.77159520228797462 74.500000000000014 1.5000000000000002 28.950000000000003 0.60355339059327384 65.58750000000002 0.25881904510252091 3822.2500000000005 -0.85260769842926898 117.25000000000001 467.50000000000006 8.3092669395672676 4.5000000000000009 0.85260769842926931 422.50000000000006 37.500000000000007 8.0500000000000025 77.500000000000014 -10.280504891237838 35.95000000000001 990.45000000000016 4.5000000000000009 6.5000000000000009 14.287496019637272 106.12500000000001 83.64895833333334 -21.284999999999993 -14.636469847259267 363.25000000000006 -100.00000000000001 53.350000000000001
decision_type=2 2 2 2 2 2 2 8 2 2 2 8 2 2 2 2 2 2 2 2 2 8 2 10 2 2 2 2 8 10 2 2 2 2 2 2 2 8 2 2 2 8 2 2 2 2 2 2 2 2 2 8 2 2 2 2 8 8 8 2 10 2 10
left_child=1 5 3 4 7 6 12 8 13 10 35 20 48 -2 58 33 -17 18 -9 39 -5 -12 -3 -8 40 29 27 47 -20 -14 31 43 -29 -16 36 -7 -31 38 57 53 -24 -4 -36 60 45 -18 -47 59 49 -1 -10 -52 -49 -13 -55 56 -56 -30 -6 -25 61 62 -23
right_child=2 22 41 11 14 9 23 17 50 -11 21 19 25 -15 15 16 44 -19 28 -21 -22 30 24 26 -26 -27 -28 32 37 34 -32 -33 -34 -35 42 -37 -38 -39 -40 -41 -42 -43 -44 -45 -46 46 -48 52 -50 -51 51 -53 -54 54 55 -57 -58 -59 -60 -61 -62 -63 -64
leaf_value=8.3961636020571735 0.37122620953445423 -1.1281939280599371 0.37139278655809893 -0.20411710169456684 -0.022449311046163042 6.8986356501659847 -0.03096935701749999 0.046125217511639754 -0.44121571721981501 3.4811882496441573 1.3887644875572662 -0.47944734458716853 4.0358897087260273 15.246926256932625 0.20114976518331071 0.055142458113688057 0.87402333353299511 0.012428035159568057 1.1923089701670271 -0.85511526505139734 1.8363232993843934 3.7564958705540294 2.6859895019693347 0.69236177347444616 -0.30250124836447057 -0.12207344225075389 0.27408597425707754 0.26422989025095606 1.4138551163733046 5.0996373628419285 1.2242670227298602 3.2284806677368758 1.371000907719427 -0.40315842950454694 1.5718007467627819 9.8299864408783559 7.4580195088817902 2.1445201886092193 11.196221872613272 -0.81943748244650016 0.80288328732087411 2.5885087819621653 3.6220754782084583 1.4944579938957736 -0.03912900183453432 0.59543109377458325 3.3362934556159995 1.0810658357984204 1.009903151462145 2.3584968484060069 0.040499178966893479 3.1872443270934312 2.8771703289060402 2.3073917114584024 -0.25023328370512188 0.68166109511662776 0.42508963040581027 3.537651380012576 -0.605335141538618 2.7579866559768869 8.2899460788142214 4.3829556083722343 5.6770651069408506
leaf_weight=157 187 18905 8816 45293 8613 705 16609 3821 581 413 10347 33471 2544 501 8032 4081 1064 13623 4122 151485 200 3963 332 400 10922 492 14514 8478 543 502 2612 2619 1266 20430 657 268 492 1508 460 35986 4412 14746 198 2039 548 279 716 4456 4247 976 431 1493 1392 70 11080 666 2721 91 58886 794 1547 5039 3240
leaf_count=157 187 18905 8816 45293 8613 705 16609 3821 581 413 10347 33471 2544 501 8032 4081 1064 13623 4122 151485 200 3963 332 400 10922 492 14514 8478 543 502 2612 2619 1266 20430 657 268 492 1508 460 35986 4412 14746 198 2039 548 279 716 4456 4247 976 431 1493 1392 70 11080 666 2721 91 58886 794 1547 5039 3240
internal_value=-0.000789271 0.00266865 -0.00178824 -0.00205863 -0.000654182 0.00411384 0.00270189 0.00300409 0.0115205 0.00661869 0.00635149 -0.00270849 0.00744033 0.0261046 -0.00162929 -0.000214795 0.00362739 0.00187893 0.00425083 -0.00303592 -0.00101367 0.00595491 -0.00113404 0.00168663 0.000575768 0.0114483 0.00263898 0.00404921 0.00655562 0.0127669 0.00715395 0.00781509 0.0019376 -0.00111763 0.0173094 0.0191521 0.0226157 0.0105073 0.0159781 -0.00217778 0.00391652 0.00292802 0.0111403 0.00860879 0.00871308 0.0110758 0.01701 0.00697103 0.00380111 0.00996028 0.00751497 0.0100728 0.00571306 -0.00147246 0.000100776 -5.42626e-05 -0.000536557 0.00951104 -0.00236589 0.0131323 0.00932664 0.0086579 0.0103617
internal_weight=560081 125537 434544 410982 130010 90966 58174 27361 3193 32792 32379 280972 10265 688 102649 35150 6688 24168 10545 235479 45493 31406 34571 47909 15666 4885 31300 16786 6724 4393 21059 18447 9744 28462 1849 973 994 2602 1094 83994 4744 23562 855 15828 2607 2059 995 7042 5380 1133 2505 1924 5848 48008 14537 14467 13801 634 67499 1194 13789 12242 7203
internal_count=560081 125537 434544 410982 130010 90966 58174 27361 3193 32792 32379 280972 10265 688 102649 35150 6688 24168 10545 235479 45493 31406 34571 47909 15666 4885 31300 16786 6724 4393 21059 18447 9744 28462 1849 973 994 2602 1094 83994 4744 23562 855 15828 2607 2059 995 7042 5380 1133 2505 1924 5848 48008 14537 14467 13801 634 67499 1194 13789 12242 7203
is_linear=0
shrinkage=0.05


Tree=11
num_leaves=64
num_cat=0
split_feature=36 7 5 16 44 8 5 42 36 8 28 24 28 8 40 27 5 7 22 20 38 37 41 38 2 12 21 25 28 44 36 38 29 9 16 21 31 22 13 20 25 42 22 17 1 27 8 31 13 43 13 40 17 37 5 25 40 20 44 32 5 16 37
split_gain=700.001 240.615 201.867 136.441 115.997 70.6624 67.6462 58.8583 48.8781 40.2189 49.0206 54.9044 44.1368 36.9976 36.7389 45.0112 35.9938 33.3396 31.5176 29.6775 30.4414 28.8349 28.1465 27.4847 29.4197 26.4027 26.2392 26.2058 24.9049 33.1502 23.5543 23.4649 23.1244 22.6886 21.5879 20.5148 19.8813 19.8164 29.0734 35.1301 19.6747 19.4847 19.196 18.7766 18.4272 17.9864 24.9895 17.9505 26.2676 19.8471 17.8204 19.3441 37.9492 39.6544 17.7243 19.3714 17.2518 16.5216 20.8406 16.5115 16.3235 17.2196 15.7336
threshold=112.50000000000001 40.77579166666667 58.525000000000006 19.287199859059225 2704.2500000000005 -58.974999999999987 119.25000000000001 -17.349999999999994 47.500000000000007 -12.099999999999994 4.205000000000001 0.15000000000000005 4.3050000000000006 -9.9899999999999967 985.25000000000011 18.550000000000004 45.525000000000006 152.24880952380954 49.500000000000007 -0.21643137258081238 19.050000000000004 47.500000000000007 4784.5000000000009 36.850000000000001 210.25000000000003 -0.3794095225512602 807.50000000000011 981.75000000000011 4.205000000000001 -347.75000000000006 57.500000000000007 19.350000000000005 10.335541518539044 63.050000000000004 6.4649027362863727 107.50000000000001 -8.0663194196786154 35.500000000000007 1.5000000000000002 -0.46947156278589081 983.45000000000016 -1.8999999999999995 88.500000000000014 2.3607505986456441 134.12500000000003 51.550000000000004 -77.97499999999998 -12.802620442806569 1.5000000000000002 -317.49999999999994 4.5000000000000009 977.95000000000016 13.296439505622407 49.500000000000007 241.25000000000003 987.55000000000007 988.85000000000002 -0.5 -8682.4999999999982 -1.7877381261918817 234.75000000000003 -9.1830809453482463 80.500000000000014
decision_type=2 8 8 2 2 8 10 2 2 10 2 2 2 10 2 8 10 10 2 2 2 2 2 2 10 2 2 2 2 2 2 2 2 10 2 2 2 2 2 2 2 2 2 2 8 10 8 2 2 2 2 2 2 2 10 2 2 2 2 2 10 2 2
left_child=1 16 13 5 6 30 9 19 14 10 44 12 -12 22 15 18 -1 45 -7 -5 56 43 57 -24 -25 -10 -19 -11 50 42 60 33 34 36 -16 -8 -9 38 39 -17 -40 -15 47 -18 -4 46 -6 49 59 -30 -27 -52 -53 -54 -37 -56 -21 58 -2 -49 -3 -62 -35
right_child=2 3 4 7 17 8 35 31 25 27 11 -13 -14 41 32 37 21 26 -20 20 -22 -23 23 24 -26 28 -28 -29 29 -31 -32 -33 -34 62 -36 54 -38 -39 40 -41 -42 -43 -44 -45 -46 -47 -48 48 -50 -51 51 52 53 -55 55 -57 -58 -59 -60 -61 61 -63 -64
leaf_value=-0.43246070833759093 0.90955768894624611 2.6010440791364893 -0.0075486638494885044 15.609171700917864 0.8091246495070985 12.044349778379553 -0.2449650859236801 4.9855190856255538 2.3771225693325788 -0.52000510169900671 11.974230706280354 3.1481274580862966 0.88180896014778343 -0.48303023761097119 2.5394587962133852 13.758960784792093 1.0754610449006961 -0.75304336001221084 0.88417135240681832 5.1641583998531635 2.0422742130176754 0.076696309599339013 -0.61631087892728653 0.018114731525479402 1.4584082349204559 -0.061890047094274758 2.522335467239385 0.072637731931483304 4.3715284772008935 -0.29242677736596545 1.4580770492719077 1.0313079166294707 0.52167966008452138 3.0593547202742193 3.6038934263566582 0.80167886371636055 2.3931297886615606 0.35361488784653694 -0.094834596232153845 3.1991987280974872 2.7206057280823175 -0.89255630697057475 4.2531677065255185 6.793541225167786 1.3039027778115555 -1.2082777646120488 -0.46608505395816247 3.4546225436666917 0.46785616365265864 0.085150916111434646 -0.43086040855334873 0.71221176541544085 5.104866967365254 1.0064515860016465 0.96527718411369379 5.5388539440938054 9.3213019153480001 -0.27917076442189503 0.039443116675071464 -0.045410194244145004 2.6925048000899796 7.916979214668098 6.9340887636981838
leaf_weight=32313 1034 4210 24999 122 1081 152 3291 213 2822 24547 136 236 3684 62814 10042 95 962 5963 213 957 645 5932 40811 5697 100 26207 3088 19753 137 2118 4612 2215 4507 1254 7120 13960 1874 14787 1493 660 318 113097 52 352 4403 22734 28302 901 2095 85 2879 10567 217 370 1611 2771 495 20929 8102 218 413 1857 457
leaf_count=32313 1034 4210 24999 122 1081 152 3291 213 2822 24547 136 236 3684 62814 10042 95 962 5963 213 957 645 5932 40811 5697 100 26207 3088 19753 137 2118 4612 2215 4507 1254 7120 13960 1874 14787 1493 660 318 113097 52 352 4403 22734 28302 901 2095 85 2879 10567 217 370 1611 2771 495 20929 8102 218 413 1857 457
internal_value=-0.000818463 0.00214553 -0.00187263 0.00337361 -0.000486396 0.00286005 0.000567907 0.00955904 0.00238629 -0.000120117 0.00118835 0.00634122 0.00489529 -0.00275382 0.00369576 0.002007 -0.00118797 -0.00219952 0.0193836 0.0165187 0.015124 0.00199696 -0.00183722 -0.00260664 0.000614972 0.00132654 0.00060159 -0.00110835 0.0010376 0.00415983 0.00662099 0.00699069 0.00507661 0.00937599 0.00591365 0.00304095 0.00587686 0.0016415 0.00569758 0.0139404 0.00226118 -0.00315333 0.00715596 0.00869863 0.000477517 -0.00268598 -0.00186894 0.00669965 0.00574984 0.0204504 0.000602633 0.00204055 0.00298368 0.0153578 0.00369316 0.00646737 0.0191391 -0.000644438 0.0011296 0.0119348 0.00856481 0.0119824 0.0136441
internal_weight=560081 146938 413143 107379 160559 99147 99391 8232 88055 77758 33458 4056 3820 252584 39387 17718 39559 61168 365 2219 2097 7246 76673 46608 5797 48668 9051 44300 45846 5606 11092 6013 21669 3798 17162 21633 2087 17353 2566 755 1811 175911 3488 1314 29402 52117 29383 3436 3214 222 40240 14033 11154 587 18342 4382 1452 30065 9136 1119 6480 2270 1711
internal_count=560081 146938 413143 107379 160559 99147 99391 8232 88055 77758 33458 4056 3820 252584 39387 17718 39559 61168 365 2219 2097 7246 76673 46608 5797 48668 9051 44300 45846 5606 11092 6013 21669 3798 17162 21633 2087 17353 2566 755 1811 175911 3488 1314 29402 52117 29383 3436 3214 222 40240 14033 11154 587 18342 4382 1452 30065 9136 1119 6480 2270 1711
is_linear=0
shrinkage=0.05


Tree=12
num_leaves=64
num_cat=0
split_feature=36 7 14 16 8 44 14 5 11 14 41 14 32 17 16 30 13 17 44 14 14 8 8 13 5 7 27 25 37 8 16 13 22 36 23 22 44 9 17 9 16 31 15 22 17 38 23 28 24 13 31 22 44 25 22 16 36 23 20 31 12 17 31
split_gain=626.198 205.681 190.685 118.828 117.76 80.4021 75.8659 64.0287 50.1844 48.239 43.2412 41.9303 36.7071 35.0878 34.9697 53.704 76.4792 31.9548 36.3425 41.7386 76.7356 31.9151 29.7123 28.3049 27.1731 26.7391 26.4526 24.2874 23.0331 22.8631 22.6662 22.0894 47.4174 29.0249 22.8161 23.4522 21.6783 21.6766 21.5699 21.4049 20.5722 19.7855 20.4922 36.1321 26.4079 19.3542 19.1818 18.7842 36.9476 18.392 18.2921 18.2214 17.9182 17.169 20.2025 17.128 17.1242 16.8073 16.4803 16.4212 16.1001 16.0237 15.8612
threshold=112.50000000000001 40.77579166666667 9.5000000000000018 19.287199859059225 -40.449999999999982 2396.5000000000005 5.5000000000000009 161.25000000000003 0.37940952255126054 11.500000000000002 945.25000000000011 5.5000000000000009 -9.3483769970166914 5.4085422068871774 10.619385218721456 91.500000000000014 1.5000000000000002 11.511771177443292 -8682.4999999999982 7.5000000000000009 8.5000000000000018 -34.814999999999991 -14.499999999999993 1.0000000180025095e-35 33.425000000000004 18.788075980392161 49.050000000000004 985.45000000000016 37.500000000000007 -97.449999999999989 10.271684559088548 4.5000000000000009 6.5000000000000009 3472.5000000000005 20.750000000000004 86.500000000000014 2953.7500000000005 19.650000000000002 14.287496019637272 238.25000000000003 -4.2332936642682926 -7.1770951574485897 1.0000000180025095e-35 48.500000000000007 -1.2403681011764964 34.050000000000004 12.65 5.0850000000000009 1.0000000180025095e-35 4.5000000000000009 12.516151276447212 37.500000000000007 -151.24999999999997 983.45000000000016 28.500000000000004 5.0748318798245737 57.500000000000007 24.150000000000002 0.62249093318774806 -5.3958794842214992 0.1294095225512602 16.129340007907388 -0.52698240020776577
decision_type=2 8 2 2 8 2 2 10 2 2 2 2 2 2 2 2 2 2 2 2 2 8 8 2 8 10 8 2 2 8 2 2 2 2 2 2 2 8 2 8 2 2 2 2 2 2 2 2 2 2 2 2 2 2 2 2 2 2 2 2 2 2 2
left_child=1 11 4 7 36 6 8 22 31 13 29 24 -4 21 -10 49 23 -8 19 -19 25 -5 53 -17 -1 -21 28 -14 58 -9 41 34 -33 38 -6 -36 47 -13 -34 -29 -41 57 -43 44 -44 -7 52 -2 -49 -16 62 -48 -32 -3 59 -31 -15 -24 -26 -55 -40 -47 -42
right_child=2 3 12 9 5 45 17 10 14 -11 -12 37 27 56 15 16 -18 18 -20 20 -22 -23 30 -25 26 -27 -28 39 -30 55 46 32 33 -35 35 -37 -38 -39 60 40 50 42 43 -45 -46 61 51 48 -50 -51 -52 -53 -54 54 -56 -57 -58 -59 -60 -61 -62 -63 -64
leaf_value=-0.48397463987525191 0.25265283300881197 0.59803332773339513 -0.25079336432986959 4.4806632604448984 0.45840784372610682 -0.91337489005462302 -0.55382582919152235 6.4530404673761055 0.059816369219212365 7.5615242205456985 0.9120822998875131 0.55852833330469898 0.095550636838013542 14.489851418007939 0.14462164086653514 -1.4510561882181805 0.12746803803313553 -0.081808521085243335 -0.45888363841464375 0.32411205366125995 -0.43826230279221501 1.852104672198998 1.2360158271999953 11.608500103364424 5.7094183415151258 1.8367981854296553 0.223196050147034 5.0679155515303487 0.77560047012343336 2.8525843560499222 4.3566943796536242 2.1728503646599466 -0.14554186826737425 1.1468345361241947 -0.5799549171983307 2.2392435912023192 -0.19352183722007332 -0.5276370149506715 -0.65177852401227965 -0.39513901391309503 1.4624855735182765 -0.056749613679111022 0.72568555102205901 0.95778921943715023 14.284367452499964 -0.47733723680250012 1.4028924729430421 0.6449062408542624 2.9830746253148934 1.1445827586562032 -0.12075799493437818 0.4036053743632782 -0.048734243104622661 3.4011791430129059 1.4601465535911613 3.963517646667436 1.5781196609786476 0.11551009399777555 -0.1176283196954529 1.5409215480483605 0.87162289072466237 0.82698563570447792 5.7046650962418344
leaf_weight=3955 15275 8690 7500 1889 3263 113322 117710 2169 19615 934 7056 1259 4292 148 3451 50 396 2230 7597 287 804 5197 5149 370 566 759 4381 1191 1887 8855 1498 134 16656 326 37881 43 9335 27388 396 2025 3209 30058 149 1677 216 31822 3279 2543 227 2107 1567 7739 564 235 10960 5204 64 5059 123 590 660 79 6021
leaf_count=3955 15275 8690 7500 1889 3263 113322 117710 2169 19615 934 7056 1259 4292 148 3451 50 396 2230 7597 287 804 5197 5149 370 566 759 4381 1191 1887 8855 1498 134 16656 326 37881 43 9335 27388 396 2025 3209 30058 149 1677 216 31822 3279 2543 227 2107 1567 7739 564 235 10960 5204 64 5059 123 590 660 79 6021
internal_value=-0.00083855 0.00196484 -0.0018356 0.00310028 -0.00211286 -0.0023533 -0.00173877 0.00262101 -0.00058162 0.00887269 0.00491453 -0.00111719 0.0023261 0.00750342 0.00125072 0.00446815 0.0164461 -0.00250207 -7.28046e-06 0.00379902 0.00935135 0.00690375 0.00191707 0.0313095 0.00152034 0.0182792 0.00340161 0.00353319 0.00742236 0.00633535 0.00131545 -0.00138387 6.82357e-05 -0.000151903 -0.00202455 -0.00236974 0.00104821 -0.00212186 -0.000424008 0.00454114 0.00394556 0.000753048 0.000143301 0.0049902 0.0192466 -0.00326198 0.00313456 0.00206013 0.00584837 0.00270961 0.00481291 0.00230622 0.00756062 0.00354457 0.00478786 0.00559819 0.0275472 0.00267045 0.0152467 0.0123333 0.00650568 -0.00217407 0.00566089
internal_weight=560081 146938 413143 107379 387338 359958 214735 99147 85348 8232 23284 39559 25805 7298 25989 6374 816 129387 11677 4080 1850 7086 75863 420 10912 1046 6957 18305 2576 16228 55388 59359 18172 18038 41187 37924 27380 28647 17712 14013 12822 42308 32100 2042 365 145223 13080 18045 2770 5558 10797 11018 2062 20475 11785 14059 212 10208 689 825 1056 31901 9230
internal_count=560081 146938 413143 107379 387338 359958 214735 99147 85348 8232 23284 39559 25805 7298 25989 6374 816 129387 11677 4080 1850 7086 75863 420 10912 1046 6957 18305 2576 16228 55388 59359 18172 18038 41187 37924 27380 28647 17712 14013 12822 42308 32100 2042 365 145223 13080 18045 2770 5558 10797 11018 2062 20475 11785 14059 212 10208 689 825 1056 31901 9230
is_linear=0
shrinkage=0.05


Tree=13
num_leaves=64
num_cat=0
split_feature=41 5 5 16 25 44 14 14 14 5 23 31 44 14 38 41 16 33 11 22 17 17 22 32 25 29 6 11 20 13 31 13 11 43 27 4 36 22 33 27 34 43 30 0 0 36 14 13 14 35 38 34 5 27 25 11 25 17 26 14 14 33 27
split_gain=567.098 284.348 136.652 112.234 71.9836 70.6505 54.8469 45.8517 42.0394 37.6855 32.8445 32.9921 30.2049 29.4786 25.8025 23.9879 22.9932 28.2047 22.9684 26.64 23.5395 22.9264 22.6147 22.4121 22.2646 22.5447 34.5733 25.5395 22.2908 22.2583 27.3646 22.0886 21.417 23.4757 20.2506 22.4554 19.4203 33.9229 19.2306 18.6479 18.3315 21.7663 18.4076 18.3227 18.2574 21.8659 18.2417 18.1623 35.8864 37.4558 18.07 30.5733 17.908 17.7906 17.7625 21.9182 17.5168 17.3895 22.8516 28.6124 26.7411 17.1043 23.3463
threshold=2131.7500000000005 61.050000000000004 52.525000000000006 19.287199859059225 977.35000000000002 2704.2500000000005 5.5000000000000009 11.500000000000002 10.500000000000002 99.625000000000014 8.8500000000000032 -3.5122965448742778 -508.49999999999989 9.5000000000000018 36.95000000000001 4928.5000000000009 3.9410235375617666 11.950000000000001 -0.78656609248549292 34.500000000000007 12.448070942936022 5.5188664229976281 77.500000000000014 4.6923240590432167 977.6500000000002 271.82809171851744 31.779166666666665 0.60355339059327384 -0.74892720285008296 3.5000000000000004 4.4056978203358943 2.5000000000000004 -0.60355339059327362 -22.499999999999996 53.050000000000004 72.325000000000003 17.500000000000004 43.500000000000007 17.550000000000004 51.550000000000004 -0.72534675097891066 -227.49999999999997 34.500000000000007 57.025000000000006 9.0050000000000008 36.250000000000007 10.500000000000002 1.0000000180025095e-35 11.500000000000002 0.78257835753184646 21.050000000000004 0.81408451933196979 155.25000000000003 32.45000000000001 984.05000000000007 -0.78656609248549292 982.6500000000002 6.4787234885999387 9282.2500000000018 7.5000000000000009 8.5000000000000018 10.65 44.050000000000004
decision_type=2 8 8 2 2 2 2 2 2 10 2 2 2 2 2 2 2 2 2 2 2 2 2 2 2 2 8 2 2 2 2 2 2 2 8 8 2 2 2 10 2 2 2 2 2 2 2 2 2 2 2 2 10 10 2 2 2 2 2 2 2 2 8
left_child=1 6 14 4 36 9 32 21 10 24 22 31 18 39 15 -2 23 -18 -13 20 -20 50 -6 29 -4 -26 27 -27 -28 47 -31 -12 -1 -34 35 -33 37 -3 -15 -7 41 42 -21 -22 45 -8 57 48 49 -10 51 -5 -14 -42 -37 -56 -36 -46 -59 -60 -61 -11 -63
right_child=2 3 5 7 8 13 44 -9 16 61 11 12 52 38 -16 -17 17 -19 19 40 43 -23 -24 -25 25 26 28 -29 -30 30 -32 34 33 -35 56 54 -38 -39 -40 -41 53 -43 -44 -45 46 -47 -48 -49 -50 -51 -52 -53 -54 -55 55 -57 -58 58 59 60 -62 62 -64
leaf_value=-0.37965539950425042 -0.45666658296358487 16.552026941035241 -0.33472336577395723 2.3511789024187744 6.6395922355118335 -0.36779808631838751 0.94697299346863884 7.3975610396589735 4.0265268310202407 1.8139995035200114 0.71319125143529472 -0.30836140508116178 -0.24490470006320109 1.6732785684889748 -0.18904709200667399 -0.75723947414771819 6.1165427230623539 1.8960400230283392 2.0881038721252758 2.5614927669300496 18.132170026290982 13.787447753500079 2.7370652435181286 -1.0632943396117487 -0.053030787363823731 0.49513872288860261 2.777455334849162 10.751744024737389 0.47905114802989246 6.0089802372800971 1.1416357969529987 0.27621359748077795 0.82299412794792615 -0.099973024894617318 0.34004159253370436 1.570272384541223 -0.32224673775713475 -0.14026533516460207 -0.92539575611951386 -1.1113769597573246 1.7512955062530626 1.2104013055165601 12.031353225590312 -1.7081714871542257 -0.56454058177099131 0.023120139122319271 4.2852821475587595 0.71822539021394149 -1.4517222473975138 25.206276143511211 0.88418565781671055 7.3744681531068927 1.5305962631838721 -0.070436838756972625 -0.66960716287342903 3.5479079044639366 1.8706064368510391 -0.26956483913621082 -0.31078076060413262 1.3672304923759446 -0.51537224966334483 0.64478064635277965 -0.04419873111577606
leaf_weight=6823 60317 171 25152 4944 318 34591 442 1006 197 7293 8695 3186 15013 4173 18685 124548 4788 4339 1923 496 82 210 2098 1661 41469 112 64 143 1912 3257 1941 1081 13278 7789 3620 1099 12594 290 3661 26213 4011 4713 103 26 37014 3174 342 4388 355 174 1621 287 4949 5957 90 435 7063 15471 1104 924 371 3628 14207
leaf_count=6823 60317 171 25152 4944 318 34591 442 1006 197 7293 8695 3186 15013 4173 18685 124548 4788 4339 1923 496 82 210 2098 1661 41469 112 64 143 1912 3257 1941 1081 13278 7789 3620 1099 12594 290 3661 26213 4011 4713 103 26 37014 3174 342 4388 355 174 1621 287 4949 5957 90 435 7063 15471 1104 924 371 3628 14207
internal_value=-0.000858725 0.00132758 -0.00201653 0.00304993 0.00258831 -0.000935875 -0.000800859 0.00872087 0.00311313 -4.52236e-05 0.0024833 0.00226232 0.0014139 -0.00215537 -0.00287988 -0.00305885 0.00505213 0.00694259 0.00276211 0.00348016 0.00886017 0.00729821 0.00820364 0.00361104 -0.000650091 3.20354e-05 0.00492828 0.0222549 0.00269231 0.00447925 0.00678338 0.00381674 0.00102546 0.00181397 0.00509113 0.00895564 -0.000871315 0.00920824 0.000731426 -0.0025273 0.00276505 0.00513742 0.0141152 0.0315741 -0.0016665 0.00177544 -0.00189186 0.00213727 0.00946281 0.0203369 0.00679947 0.00822883 2.9555e-05 0.0015008 0.0126724 0.0202381 0.00411261 -0.0019636 -0.00068271 0.00385786 0.00889961 0.00161214 0.000777963
internal_weight=560081 193913 366168 107181 99113 162618 86732 8068 86058 93980 64958 62542 40459 68638 203550 184865 21100 9127 20497 17311 2031 7062 2416 11973 68852 43700 2231 255 1976 10312 5198 22083 27890 21067 13388 2705 13055 461 7834 60804 15280 5312 599 108 58842 3616 55226 5114 726 371 6852 5231 19962 9968 1624 525 10683 54884 17870 2399 1295 25128 17835
internal_count=560081 193913 366168 107181 99113 162618 86732 8068 86058 93980 64958 62542 40459 68638 203550 184865 21100 9127 20497 17311 2031 7062 2416 11973 68852 43700 2231 255 1976 10312 5198 22083 27890 21067 13388 2705 13055 461 7834 60804 15280 5312 599 108 58842 3616 55226 5114 726 371 6852 5231 19962 9968 1624 525 10683 54884 17870 2399 1295 25128 17835
is_linear=0
shrinkage=0.05


Tree=14
num_leaves=64
num_cat=0
split_feature=41 7 5 16 25 0 14 22 8 44 14 33 14 8 8 41 24 8 11 5 37 17 31 27 42 44 16 16 23 21 6 22 22 37 40 14 14 31 23 17 41 13 17 27 22 19 29 11 44 31 40 14 37 18 9 22 13 5 8 27 25 35 5
split_gain=505.292 281.682 120.87 99.4159 66.0481 66.5263 61.8088 57.1342 53.9825 52.9075 52.6389 43.5714 36.8804 35.805 35.3129 27.5326 27.2705 27.175 26.7693 27.4966 26.1999 62.2393 25.4367 29.813 24.5798 24.44 24.0079 22.663 22.4933 22.2899 21.9674 21.4695 21.4466 21.3459 21.2623 20.7358 20.3843 20.1852 19.8951 19.8586 18.7871 18.3239 42.8114 27.7594 19.1872 18.4393 17.2952 34.5483 60.2286 18.3458 23.3583 17.2329 17.203 17.1606 17.9464 16.9302 16.9182 17.9293 16.415 16.2678 16.2101 15.8833 15.8306
threshold=2278.2500000000005 44.830208333333346 53.050000000000004 17.489465844215275 982.45000000000016 40.050000000000004 9.5000000000000018 38.500000000000007 -39.194999999999986 3418.2500000000014 11.500000000000002 13.65 4.5000000000000009 -43.17499999999999 -7.9999999999999964 1018.0000000000001 1.4500000000000002 -10.989999999999997 -0.60355339059327362 41.025000000000006 42.500000000000007 11.761073717991875 -3.8011332656447334 83.350000000000009 -17.349999999999994 -9275.4999999999982 -4.67631966387665 10.271684559088548 30.250000000000004 4562.5000000000009 87.262500000000017 39.500000000000007 31.500000000000004 60.500000000000007 982.75000000000011 9.5000000000000018 9.5000000000000018 -6.589632970754896 8.0500000000000025 6.1486547620595582 1316.7500000000002 4.5000000000000009 4.3155128207925069 51.550000000000004 81.500000000000014 -0.23343647497176639 151.45539830804822 0.60355339059327384 -3455.2499999999995 -4.5511552652549021 992.35000000000002 11.500000000000002 65.500000000000014 22.950000000000003 155.25000000000003 76.500000000000014 3.5000000000000004 445.25000000000006 -77.97499999999998 52.050000000000004 978.35000000000002 -0.81408451933196946 72.325000000000003
decision_type=2 8 8 2 2 2 2 2 8 2 2 2 2 8 10 2 2 8 2 8 2 2 2 8 2 2 2 2 2 2 10 2 2 2 2 2 2 2 2 2 2 2 2 8 2 2 2 2 2 2 2 2 2 2 10 2 2 10 10 10 2 2 10
left_child=1 7 17 4 5 20 9 12 16 13 24 26 62 -4 52 27 32 29 -14 -20 21 58 23 25 37 -17 -8 35 56 -2 -31 -19 -6 41 -18 -10 -34 -5 55 -39 -23 44 -43 -44 45 46 49 -48 -49 50 -15 -37 -9 -12 -55 -29 -28 -58 -3 -11 -7 -27 -1
right_child=2 3 6 10 8 60 11 14 15 59 53 -13 18 33 -16 22 34 31 19 -21 -22 40 -24 -25 -26 61 28 38 -30 30 -32 -33 36 -35 -36 51 -38 39 -40 -41 -42 42 43 -45 -46 -47 47 48 -50 -51 -52 -53 -54 54 -56 -57 57 -59 -60 -61 -62 -63 -64
leaf_value=-0.13684375883604058 -0.32121558226027358 2.5688300301297153 0.38806756024900302 8.9705139266264791 2.9984180492278849 -0.47815102487513389 -0.76319032003082965 0.41008516106092296 0.43499255981526713 -0.37608712717099524 2.8772048427290962 -0.4563055250770946 -0.43264502108847225 0.18760407438736737 -0.49678750613054723 4.1857372971499043 3.847916263018492 -0.43235633197847573 1.3178723666078316 10.206583920130662 0.55147696348927477 14.498968612267475 -0.081881380681374072 0.52395179519976731 1.8518663956128507 2.260107572955254 2.7499951762434822 7.3303216625297836 0.35212314753429119 -0.049641393296950873 1.6685759569333145 -0.766598005144559 1.0809100735136539 -0.50363582631431714 -0.034614212917750062 4.1392004096091473 4.1323172036622262 3.0525111833077361 1.6581107698310136 15.376901365327655 1.997781585563583 -0.088264283514910502 1.0314657151225772 0.4002402598646202 1.5769457996636078 -0.55665238742254497 0.023782986394204262 10.636975362816926 1.2520842813924482 -0.37924106320221967 2.0816614327471168 0.77283789323196028 -0.10829167172858352 5.7512405584466224 8.6239399641475778 5.659563745397346 4.969771137397422 15.638039301472046 0.4852209921011208 -1.1183705846627132 0.17944741400916372 1.2073742233013378 1.4895344047197832
leaf_weight=2580 42748 164 11250 116 585 15052 1692 4138 16168 30236 372 9434 338 2320 47703 104 108 41725 518 665 4792 216 14965 5363 8343 265 3923 108 2840 110 95 116221 6089 27261 54 8843 7461 1629 9079 87 100 9834 1702 1676 196 14228 1998 206 584 11082 186 4039 20737 607 381 316 2627 221 787 22670 18184 1431 529
leaf_count=2580 42748 164 11250 116 585 15052 1692 4138 16168 30236 372 9434 338 2320 47703 104 108 41725 518 665 4792 216 14965 5363 8343 265 3923 108 2840 110 95 116221 6089 27261 54 8843 7461 1629 9079 87 100 9834 1702 1676 196 14228 1998 206 584 11082 186 4039 20737 607 381 316 2627 221 787 22670 18184 1431 529
internal_value=-0.000863367 0.00112833 -0.00199579 0.00258735 0.00214079 0.00048034 -0.000952385 -0.00124909 0.00301102 -0.00134163 0.00701127 0.00158967 0.00413607 -0.000550333 -0.00159263 0.0023598 0.00577499 -0.00280686 0.0105161 0.0140617 0.00529873 0.011693 0.000953994 0.0034043 0.00577641 0.00897222 0.00368353 0.00316668 0.0046504 -0.00169173 0.0147561 -0.00311011 0.00554121 -0.000964111 0.0261728 0.00247332 0.00513653 0.0110207 0.00528622 0.00965618 0.0309177 -0.000283106 0.0012746 0.00613085 -0.0009513 -0.00105117 9.28176e-05 0.00368006 0.0125316 -0.000643216 0.00322027 0.00396988 -6.53278e-05 0.01625 0.0196964 0.0158726 0.00621695 0.00915028 0.00530494 -0.00257589 -0.000398064 0.00752948 0.00101479
internal_weight=560081 203016 357065 125808 114273 39295 156166 77208 74978 135429 11535 20737 4630 82523 72578 60681 14297 200899 1521 1183 6059 1267 22128 7163 10175 1800 11303 38553 9611 42953 205 157946 14135 71273 162 29050 13550 1832 9503 1716 316 44012 13212 3378 30800 30604 16376 2788 790 13588 2506 12882 24875 1360 988 424 6771 2848 951 52906 33236 1696 3109
internal_count=560081 203016 357065 125808 114273 39295 156166 77208 74978 135429 11535 20737 4630 82523 72578 60681 14297 200899 1521 1183 6059 1267 22128 7163 10175 1800 11303 38553 9611 42953 205 157946 14135 71273 162 29050 13550 1832 9503 1716 316 44012 13212 3378 30800 30604 16376 2788 790 13588 2506 12882 24875 1360 988 424 6771 2848 951 52906 33236 1696 3109
is_linear=0
shrinkage=0.05


Tree=15
num_leaves=64
num_cat=0
split_feature=36 5 44 7 5 16 28 22 22 17 41 13 40 22 16 27 13 7 5 7 17 44 0 14 31 0 7 14 14 3 5 21 43 11 32 17 32 25 0 42 23 22 16 20 7 28 14 18 23 17 23 5 32 31 27 17 40 32 23 14 25 2 13
split_gain=459.824 215.022 121.218 106.675 74.0562 70.2417 46.7541 55.5426 46.5211 99.1053 44.0936 35.0036 32.9408 31.482 30.3781 29.7488 29.5763 53.3009 28.5 27.9688 30.4312 37.1743 25.354 28.3246 24.2649 23.3512 23.2955 39.9148 26.1348 20.7545 20.6959 20.5881 44.1755 72.8935 19.7751 19.931 19.2766 18.1718 20.3966 17.7966 19.5587 17.6961 17.689 17.6266 17.5748 17.4411 17.4326 25.5305 21.096 17.4254 16.914 16.3011 16.1879 18.7121 15.6244 15.4574 15.3847 15.3387 15.2863 15.2159 14.8185 14.3838 14.0968
threshold=57.500000000000007 53.050000000000004 1558.7500000000002 83.64895833333334 123.25000000000001 20.283065689162736 2.3750000000000004 87.500000000000014 35.500000000000007 8.1968221563946191 4928.5000000000009 1.5000000000000002 982.1500000000002 18.500000000000004 -0.7779223291648858 39.550000000000004 4.5000000000000009 84.463858695652192 161.25000000000003 35.48784090909092 12.448070942936022 -7608.9999999999991 9.0050000000000008 5.5000000000000009 6.1435057128842354 50.550000000000004 18.788075980392161 7.5000000000000009 8.5000000000000018 370.25000000000006 241.25000000000003 1007.5000000000001 -362.49999999999994 0.78656609248549325 -4.7123054865696821 18.424236283666655 -17.997052014187137 980.75000000000011 18.050000000000004 -6.0999999999999979 18.550000000000004 62.500000000000007 18.997089771627305 -0.73724926354828213 35.48784090909092 2.5450000000000004 9.5000000000000018 27.550000000000004 12.350000000000003 -4.7018795270632792 24.250000000000004 84.02500000000002 5.764110404350677 4.4056978203358943 18.050000000000004 4.1966958722711007 976.1500000000002 3.4192949449548058 32.750000000000007 10.500000000000002 990.95000000000016 210.25000000000003 5.5000000000000009
decision_type=2 8 2 8 10 2 2 2 2 2 2 2 2 2 2 10 2 10 8 10 2 2 2 2 2 2 10 2 2 10 10 2 2 2 2 2 2 2 2 2 2 2 2 2 10 2 2 2 2 2 2 10 2 2 8 2 2 2 2 2 2 10 2
left_child=3 10 4 8 6 18 12 31 9 -1 19 44 43 16 25 41 36 -18 49 20 -2 26 -10 42 46 -6 -22 58 -29 34 39 32 33 -8 -14 50 -12 38 -21 40 -16 51 54 -3 -11 60 48 -48 -7 -5 -36 -4 53 -20 -24 -44 -53 -39 -28 -25 -34 -19 -37
right_child=1 2 15 5 14 24 7 -9 22 11 13 -13 29 -15 30 -17 17 61 52 37 21 -23 23 59 -26 -27 27 28 -30 -31 -32 -33 45 -35 35 62 -38 57 -40 -41 -42 -43 55 -45 -46 -47 47 -49 -50 -51 -52 56 -54 -55 -56 -57 -58 -59 -60 -61 -62 -63 -64
leaf_value=0.89742218517493133 -0.50406897959943719 0.11589107203711642 -0.19452135576120569 1.5521352105212487 1.0190019946213982 5.555702519349432 0.8296521403218039 2.8983094058390968 0.90999689907799586 4.728211345806038 1.0860738381769581 0.055732140909899114 -0.17963415219826834 -0.68090381858430504 3.4042595828196975 -0.75232350328517228 0.034629809169752966 0.85963449796112035 4.6981762653811128 0.43230507194864254 0.051354521306543381 -0.49620192272992014 6.5302878420873176 -0.42888945592507355 3.5555844372105443 0.054253102043538504 -0.042359805744707546 1.6478857044621897 -0.14701079372236273 5.7402452580801508 4.2723500059923945 -0.14641298682720885 0.62070424605292673 9.2624963525921071 0.87222561338163629 0.19222446538407567 -0.51940608090591434 -0.064991535920112795 -0.4269575595818369 0.77425608093031473 1.0991515121751596 -0.52254864092981068 1.0245862463150555 -0.35360445783829902 16.319598881148117 0.39922837458070237 4.6651587852223244 8.4388717321491651 1.5270844409257363 0.10252813363401024 0.015873275717778131 0.84849997836106228 0.78079484680142053 2.1562920934328247 0.1567278445366809 14.964551009575022 0.32713235599545215 0.43307562185329262 0.70961391326496304 4.01541797551263 2.3945018874331123 1.5493434531483055 5.7016390461808042
leaf_weight=4474 62114 7964 14165 7976 1355 438 1176 323 1129 72 498 107 19733 128545 988 43805 3032 519 11575 1836 1330 3428 178 16028 805 10409 700 559 140 771 4502 5071 111 372 8573 56 11435 13201 29069 9460 2251 18193 2061 40097 339 11434 515 421 442 6011 9866 822 2992 7396 14400 74 9503 4578 80 318 88 110 68
leaf_count=4474 62114 7964 14165 7976 1355 438 1176 323 1129 72 498 107 19733 128545 988 43805 3032 519 11575 1836 1330 3428 178 16028 805 10409 700 559 140 771 4502 5071 111 372 8573 56 11435 13201 29069 9460 2251 18193 2061 40097 339 11434 515 421 442 6011 9866 822 2992 7396 14400 74 9503 4578 80 318 88 110 68
internal_value=-0.000862921 -0.00143812 -0.000290882 0.00270537 0.00064722 0.00457196 3.34416e-05 0.0023109 0.000867788 0.0053766 -0.00240958 0.0260811 -0.000452095 -0.00299499 0.0028871 -0.00175157 -0.000873414 0.00305791 0.00399583 -0.0016886 -0.00234093 0.000988455 0.000209429 -4.21985e-05 0.0124742 0.000929105 0.00525276 0.00957065 0.0182475 0.000626231 0.00422621 0.00194718 0.00298877 0.0109238 0.00046271 0.00163416 -0.00207953 -0.00077274 -0.00150542 0.00319356 0.0063924 -0.000812151 0.00140519 -0.00132863 0.0327129 0.00193286 0.0156773 0.0204273 0.010625 0.00223171 0.00149981 6.53316e-05 0.00511929 0.00565837 0.000782685 0.00565574 0.00157627 0.000500871 0.00179487 -0.00152209 0.016608 0.0163037 0.0216129
internal_weight=560081 482330 221156 77751 134668 38571 105703 18575 39180 4992 261174 518 87128 144139 28965 86488 15594 3661 35950 117035 68351 6237 34188 33059 2621 11764 2809 1479 699 39067 17201 18252 13181 1548 38296 18563 11933 48684 30905 12699 3239 42683 16713 48061 411 11633 1816 936 880 13987 18439 24490 21963 18971 14578 2135 10325 17779 780 16346 199 629 124
internal_count=560081 482330 221156 77751 134668 38571 105703 18575 39180 4992 261174 518 87128 144139 28965 86488 15594 3661 35950 117035 68351 6237 34188 33059 2621 11764 2809 1479 699 39067 17201 18252 13181 1548 38296 18563 11933 48684 30905 12699 3239 42683 16713 48061 411 11633 1816 936 880 13987 18439 24490 21963 18971 14578 2135 10325 17779 780 16346 199 629 124
is_linear=0
shrinkage=0.05


Tree=16
num_leaves=64
num_cat=0
split_feature=41 5 5 16 44 25 14 14 37 5 1 31 44 14 21 0 20 23 38 43 9 14 37 17 13 16 13 19 19 33 43 30 23 5 4 24 42 16 25 9 13 13 38 34 21 38 9 31 25 14 18 17 21 14 13 31 0 44 14 23 12 29 20
split_gain=416.566 210.345 107.187 83.4026 60.6241 53.9408 39.1443 36.0848 35.9992 30.5479 27.7765 26.9508 27.9641 25.4102 25.0596 27.7188 34.5843 24.3543 23.8733 23.3975 22.7221 21.2466 23.7606 29.8153 23.7675 20.8241 20.5808 20.5759 20.4702 19.8289 19.4139 19.1553 19.0074 18.7526 18.1573 20.2097 18.1173 17.2884 17.2754 17.1359 16.9572 16.1695 23.2892 16.9075 15.7794 15.1499 16.3858 15.1056 16.9419 14.9639 15.5968 15.5727 17.9819 17.7631 14.8096 14.8231 14.6691 14.5252 14.4812 14.362 14.2644 16.0416 14.0079
threshold=2278.2500000000005 61.050000000000004 43.550000000000004 18.701176832591482 3613.0000000000005 977.35000000000002 6.5000000000000009 11.500000000000002 66.500000000000014 212.25000000000003 126.12500000000001 -3.5122965448742778 252.75000000000003 9.5000000000000018 1057.5000000000002 50.050000000000004 -0.54463903501502697 11.65 33.95000000000001 -51.249999999999993 28.950000000000003 10.500000000000002 35.500000000000007 11.316677700552303 2.5000000000000004 5.0748318798245737 2.5000000000000004 -0.80382625221112014 0.12186934340514753 17.450000000000003 -2522.4999999999995 33.500000000000007 27.550000000000004 279.25000000000006 55.050000000000004 0.45000000000000007 -0.40000000000000019 9.6363470263820101 981.25000000000011 155.25000000000003 4.5000000000000009 1.5000000000000002 22.150000000000002 0.63605400036818838 277.50000000000006 32.95000000000001 67.950000000000017 10.433286916439085 987.6500000000002 10.500000000000002 22.250000000000004 6.7046317935597335 462.50000000000006 7.5000000000000009 5.5000000000000009 1.1941766205066815 10.850000000000003 -6143.4999999999991 8.5000000000000018 28.250000000000004 -0.3794095225512602 8.2313233325343713 -0.50751903745502724
decision_type=2 8 8 2 2 2 2 2 2 10 8 2 2 2 2 2 2 2 2 2 8 2 2 2 2 2 2 2 2 2 2 2 2 10 8 2 2 2 2 10 2 2 2 2 2 2 8 2 2 2 2 2 2 2 2 2 2 2 2 2 2 2 2
left_child=1 6 36 5 8 -3 28 29 10 11 14 26 17 45 15 16 31 19 -18 -13 -8 22 23 37 -25 -11 60 57 -1 41 -12 -4 -29 -31 -28 -36 62 -19 -17 -9 -33 43 -43 -5 -26 -6 -47 48 -32 51 -51 -22 54 -54 -53 -56 -48 -20 -55 -15 61 -7 -2
right_child=2 3 4 7 13 9 20 39 -10 25 30 12 -14 59 -16 38 18 21 27 -21 49 -23 -24 24 44 -27 34 32 -30 33 47 40 -34 -35 35 -37 -38 -39 -40 -41 -42 42 -44 -45 -46 46 56 -49 -50 50 -52 52 53 58 55 -57 -58 -59 -60 -61 -62 -63 -64
leaf_value=0.3449878699681182 -0.10704178860246785 -0.23894100958384534 0.44329281589436453 4.2656370691564556 -0.78461010655828556 1.635116018466263 0.19430010061633998 4.7332635968630834 -0.41289570732628883 2.1762661571734054 1.9396362893611678 6.463234737992777 -0.31788732726086832 -0.53299632305021383 -0.32016965026776445 -0.52110267283132572 -0.0153557226473307 -0.13235411416254977 3.8309512441217928 1.7414665993967731 -0.57049306450268789 2.6741936353417883 0.124004863134746 14.232593093695474 -0.47501409717507315 4.1438869126635671 0.0033023408303243882 1.919092919965304 -0.17337624519023651 0.05815463788666822 0.29129076309716206 0.11985822894388676 0.052943877910089969 5.2229622874916934 1.4762260698740155 2.6121846341557933 -0.69429155587858671 1.9836693985777583 0.13336462499784929 7.2044602789888561 1.1846814378007209 2.4441539556137166 -0.16397326152817077 6.0888201932136212 4.0382295827563324 0.47469923040382711 1.5900632121715519 -0.28281111776833479 2.1810339810814421 1.4457691937311128 5.966996866586384 -0.44268774060246907 -0.13958230826667078 1.1274638445137679 0.66705843857532054 -0.69116034792951053 -0.36893283382517184 0.73099663994778363 -0.50770271748184836 2.1488579347129133 0.53736581114107052 2.4901329496989981 -0.45791178581601449
leaf_weight=20265 12635 13855 2471 1090 44726 243 5229 673 35327 10614 110 660 11087 3945 22694 11266 11258 1883 242 3212 33641 5642 23801 96 137 5241 1909 88 19143 1973 7976 211 1547 192 12062 274 103383 2125 14163 440 510 3583 987 290 147 1572 79 5241 6696 309 50 9019 947 786 1278 821 16890 634 227 2345 8975 110 51056
leaf_count=20265 12635 13855 2471 1090 44726 243 5229 673 35327 10614 110 660 11087 3945 22694 11266 11258 1883 242 3212 33641 5642 23801 96 137 5241 1909 88 19143 1973 7976 211 1547 192 12062 274 103383 2125 14163 440 510 3583 987 290 147 1572 79 5241 6696 309 50 9019 947 786 1278 821 16890 634 227 2345 8975 110 51056
internal_value=-0.000868724 0.000939678 -0.00189692 0.00240065 -0.00108455 0.00198911 -0.000833289 0.00695275 -0.000405784 0.00244462 0.000151161 0.00200911 0.00133839 -0.0022598 -0.000349857 0.00036801 0.00193355 0.00198751 0.000846466 0.0057438 -0.00172988 0.00155759 0.000997019 0.00437785 0.0177632 0.00443235 0.00339732 0.00525488 0.000356779 0.00579482 0.0017797 0.00662281 0.00194189 0.00169746 0.00459284 0.00529507 -0.00282073 0.00310878 -0.000676198 0.0153953 0.0137933 0.00728571 0.00585339 0.012029 0.010493 -0.00256113 -0.00135942 0.00166399 0.00248705 -0.00207719 0.00809192 -0.00215533 -0.000691238 0.00372449 -0.00146969 0.00231301 -0.00181183 0.0114384 0.00832675 0.000771064 0.00157161 0.0114306 -0.00215737
internal_weight=560081 203016 357065 111301 189991 102073 91715 9228 120434 88218 85107 72363 48790 69557 65084 42390 16961 37703 13769 3872 52307 33831 28189 4388 380 15855 23573 2511 39408 8115 20023 3192 1635 2165 14245 12336 167074 4008 25429 1113 721 5950 4570 1380 284 63267 18541 19913 14672 47078 359 46719 13078 1960 11118 2099 16969 876 1013 6290 9328 353 63691
internal_count=560081 203016 357065 111301 189991 102073 91715 9228 120434 88218 85107 72363 48790 69557 65084 42390 16961 37703 13769 3872 52307 33831 28189 4388 380 15855 23573 2511 39408 8115 20023 3192 1635 2165 14245 12336 167074 4008 25429 1113 721 5950 4570 1380 284 63267 18541 19913 14672 47078 359 46719 13078 1960 11118 2099 16969 876 1013 6290 9328 353 63691
is_linear=0
shrinkage=0.05


Tree=17
num_leaves=64
num_cat=0
split_feature=41 7 8 16 25 0 14 8 8 14 37 17 44 22 5 8 14 24 33 31 41 41 8 16 26 28 6 42 2 13 14 40 17 9 7 22 37 23 38 13 19 8 21 25 37 41 16 25 9 5 17 41 37 41 0 2 28 7 5 32 36 42 2
split_gain=378.282 218.132 106.105 80.9088 53.3546 53.2829 50.4751 43.3774 41.6863 37.9645 33.6621 53.2283 30.8902 29.1754 25.4074 24.4443 24.053 30.5158 23.4786 22.3084 21.6474 20.5155 20.073 19.4457 19.0341 19.3147 19.0287 18.6552 18.2408 17.5105 21.4367 26.9568 17.2819 17.611 19.9604 17.0111 16.9476 16.7161 16.4238 15.9549 16.7361 16.3945 15.1943 15.1778 15.1187 15.0106 14.797 14.3635 15.6553 18.8673 14.3527 14.7279 14.3303 14.33 14.3091 14.0707 14.0388 13.5717 15.2759 13.8911 13.5485 14.4734 14.2155
threshold=2278.2500000000005 38.725543478260882 -13.999999999999993 17.489465844215275 982.45000000000016 37.525000000000006 9.5000000000000018 -18.984999999999996 -40.449999999999982 11.500000000000002 43.500000000000007 11.980795710519997 3418.2500000000014 53.500000000000007 43.025000000000006 -5.4999999999999982 3.5000000000000004 1.4500000000000002 14.350000000000003 9.4056087964183668 1375.2500000000002 6047.7500000000009 -28.949999999999992 5.0748318798245737 63304.000000000007 4.3050000000000006 89.450000000000031 10.65 155.25000000000003 5.5000000000000009 4.5000000000000009 979.55000000000007 -8.0008904449606941 166.25000000000003 152.24880952380954 10.500000000000002 22.500000000000004 17.950000000000003 34.45000000000001 3.5000000000000004 -0.88697705852364728 -153.84999999999997 151.25000000000003 977.1500000000002 65.500000000000014 10961.500000000002 0.70697448646820105 985.05000000000007 133.25000000000003 414.25000000000006 5.5188664229976281 190.25000000000003 96.500000000000014 4928.5000000000009 21.950000000000003 664.75000000000011 2.9700000000000006 201.31074561403508 149.12500000000003 13.348825147372178 26.250000000000004 -4.4499999999999993 25.050000000000004
decision_type=2 8 10 2 2 2 2 8 8 2 2 2 2 2 10 10 2 2 2 2 2 2 8 2 2 2 8 2 10 2 2 2 2 10 10 2 2 2 2 2 2 10 2 2 2 2 2 2 8 10 2 2 2 2 2 10 2 10 10 2 2 2 10
left_child=1 15 8 4 5 10 12 16 27 22 11 42 14 21 -4 44 -6 39 -8 23 -13 38 -5 29 -14 -26 -25 47 -23 30 -9 -32 33 -11 -35 -30 45 -31 -10 40 -18 -41 -3 -7 -1 -16 -40 48 49 56 52 -52 -24 -15 60 -49 -2 59 -59 -39 61 -46 -63
right_child=2 3 6 9 7 43 18 19 13 32 -12 20 24 53 36 -17 17 -19 -20 -21 -22 28 50 26 25 -27 -28 -29 35 37 31 -33 -34 34 -36 -37 -38 57 46 41 -42 -43 -44 -45 54 -47 -48 55 -50 -51 51 -53 -54 -55 -56 -57 -58 58 -60 -61 -62 62 -64
leaf_value=0.40626944840969809 0.17809555999653848 3.9704560056265588 -0.50949107137434313 3.3503570123240416 0.83612131411345103 -0.50260429489294267 1.3765878082362621 -0.28087127151490454 0.24785598828581215 4.8073246088941168 0.37509314640896524 13.408774555072283 -0.76947815022676858 -0.16705424076904515 0.66584194254881268 -0.47064456831603174 5.9334503901057829 3.1593550453653751 -0.96124619946223477 -0.091074680555829193 2.0049824408350951 -0.21168435659151508 1.1505851610773874 0.43139341671694664 1.4973647751466783 -0.37603002144590486 2.3003980063825096 -0.70884285667322278 1.4028329526182803 0.08478255094344786 2.4269764639808322 0.88564718184113278 0.68410454084901862 9.2331638245852883 5.1101647432313477 0.70341484147403954 -0.36990157244602212 1.2327478545902832 -0.069223515119142251 7.9027565192913265 1.6511334791359573 2.5507856020879847 0.024609327187060638 0.074999730060440528 0.33549070609141762 -0.29874554762833921 1.5243369523627999 0.99730596125842164 -0.12955942703963647 1.8709986743106761 14.033774558632182 1.7894768974294413 4.4334150630128528 -0.52380179774175817 -0.47576759798763391 20.558077666282745 1.0969318115596272 -0.930817045654174 19.951190892867892 2.2650800518217036 -0.015221227506062647 0.68966419847592508 1.8853036189405097
leaf_weight=4377 6901 451 88183 3185 9480 14514 7484 9753 8358 664 7072 271 91582 18226 3661 40189 857 163 4807 11716 92 24973 7794 7423 181 265 9820 3788 112 1832 257 11780 250 215 231 2560 44904 2582 391 744 5789 4999 640 24469 361 3749 710 7939 8104 109 82 152 133 29009 9065 103 966 82 286 191 10830 130 95
leaf_count=4377 6901 451 88183 3185 9480 14514 7484 9753 8358 664 7072 271 91582 18226 3661 40189 857 163 4807 11716 92 24973 7794 7423 181 265 9820 3788 112 1832 257 11780 250 215 231 2560 44904 2582 391 744 5789 4999 640 24469 361 3749 710 7939 8104 109 82 152 133 29009 9065 103 966 82 286 191 10830 130 95
internal_value=-0.000868099 0.000855202 -0.00184791 0.00198055 0.00159492 0.000274789 -0.00243154 0.00240155 -0.000575017 0.00578231 0.00385527 0.010784 -0.0025966 -0.00112931 -0.00213019 -0.00153174 0.00427968 0.00571542 0.000691155 0.00165895 0.0273691 -8.00465e-05 0.00483606 0.00217516 -0.00330867 0.00699551 0.0034846 0.00109996 -0.000767771 0.0013315 0.000720513 0.00213217 0.0136765 0.0163514 0.0240359 0.00315868 -0.00125722 0.00400865 0.00192991 0.00543264 0.00376467 0.00736288 0.00526581 -0.0005083 -0.000299301 0.000958163 0.0076703 0.00161222 0.000749377 0.00232196 0.00352224 0.0157265 0.00316198 -0.00195353 -0.000869344 0.00333748 0.00203572 0.00622254 0.0152446 0.00502524 0.000308338 0.00771331 0.0176667
internal_weight=560081 203016 357065 137969 125263 47509 244816 77754 112249 12706 8526 1454 232525 84339 140497 65047 22032 12552 12291 55722 363 37104 11346 44006 92028 446 17243 27910 27645 26763 21790 12037 1360 1110 446 2672 52314 4973 9459 12389 6646 5743 1091 38983 24858 7410 1101 24122 16080 7976 8161 234 7927 47235 20481 8042 7867 3141 368 2773 11416 586 225
internal_count=560081 203016 357065 137969 125263 47509 244816 77754 112249 12706 8526 1454 232525 84339 140497 65047 22032 12552 12291 55722 363 37104 11346 44006 92028 446 17243 27910 27645 26763 21790 12037 1360 1110 446 2672 52314 4973 9459 12389 6646 5743 1091 38983 24858 7410 1101 24122 16080 7976 8161 234 7927 47235 20481 8042 7867 3141 368 2773 11416 586 225
is_linear=0
shrinkage=0.05


Tree=18
num_leaves=64
num_cat=0
split_feature=36 5 44 7 25 44 37 17 13 8 8 8 42 28 22 5 8 5 8 23 22 37 19 33 0 21 26 14 43 26 34 13 21 31 40 8 23 40 13 33 31 25 27 7 0 26 20 7 44 14 14 22 41 14 7 9 19 35 15 17 8 7 22
split_gain=345.183 170.143 106.165 80.9666 67.3983 55.1379 43.4612 95.9008 55.5561 36.3367 32.8049 28.8444 26.3314 25.574 40.2454 27.8997 24.2308 24.166 22.5972 21.8023 23.2263 23.1334 20.883 20.1843 18.6439 18.2085 18.166 17.6779 17.4693 33.1708 34.124 20.3923 19.2281 16.8781 19.5253 16.8636 16.781 16.6328 20.1854 16.9078 29.9938 16.4837 16.0457 15.9057 15.7903 16.2537 15.497 19.1795 15.8223 30.0213 29.2104 15.8586 15.4853 15.0579 14.6546 14.2314 13.9844 13.865 13.6165 17.7764 13.5485 13.4361 13.2999
threshold=57.500000000000007 43.550000000000004 2396.5000000000005 83.64895833333334 977.1500000000002 -2267.9999999999986 44.500000000000007 8.0619682914958322 1.5000000000000002 -4.9999999999999982 -9.9899999999999967 -32.979999999999997 -0.40000000000000019 3.8150000000000008 85.500000000000014 121.25000000000001 -0.47500000000000137 164.25000000000003 -17.994999999999994 13.250000000000002 56.500000000000007 71.500000000000014 0.13052122218260645 14.750000000000002 44.025000000000006 307.50000000000006 1800.2500000000002 5.5000000000000009 -262.49999999999994 17365.250000000004 -0.70088257582277247 2.5000000000000004 4562.5000000000009 -12.802620442806569 981.1500000000002 -153.84999999999997 25.450000000000003 990.85000000000002 1.5000000000000002 12.950000000000001 -5.958443109874568 989.95000000000016 42.550000000000004 404.23958333333343 9.0050000000000008 13333.500000000002 -0.50751903745502724 29.767137681159429 -6709.9999999999991 7.5000000000000009 8.5000000000000018 85.500000000000014 4784.5000000000009 9.5000000000000018 35.48784090909092 139.25000000000003 -0.39873388578253693 -0.81408451933196946 1.0000000180025095e-35 -1.2403681011764964 96.825000000000003 18.788075980392161 81.500000000000014
decision_type=2 8 2 8 2 2 2 2 2 10 8 8 2 2 2 10 10 8 10 2 2 2 2 2 2 2 2 2 2 2 2 2 2 2 2 8 2 2 2 2 2 2 8 10 2 2 2 10 2 2 2 2 2 2 10 10 2 2 2 2 10 10 2
left_child=3 10 4 6 16 19 7 58 36 13 52 26 46 15 28 43 27 -7 44 41 21 -21 23 -17 -24 -13 -4 42 29 30 31 -15 -31 34 -32 -19 -9 -11 39 40 56 62 -3 57 -8 -46 48 -48 49 -12 51 -51 -2 -27 -38 -43 -39 -6 -1 60 -60 -53 -5
right_child=1 2 11 5 9 17 18 8 -10 37 12 25 -14 14 -16 22 -18 35 -20 20 -22 -23 24 -25 -26 53 -28 -29 -30 32 33 -33 -34 -35 -36 -37 54 38 -40 -41 -42 55 -44 -45 45 -47 47 -49 -50 50 -52 61 -54 -55 -56 -57 -58 -59 59 -61 -62 -63 -64
leaf_value=0.36799356032110331 -0.035455866118994095 0.45077301580855328 -0.53437968945126213 4.8230730910390989 0.57690216941438632 0.7287742800712671 1.0793566754643482 -1.5925681445348749 0.48773567640209975 -0.12959318734089573 -0.16371771464693111 -0.85591618066366859 -0.69778471313148149 10.439632799515159 2.7418131471175378 3.6704378850691359 -0.67119089484357708 6.5998460077417747 -0.21530516476988276 3.1465509689906348 1.6354268290022453 6.6590357064234729 1.2565844247450642 0.83022845557308755 -0.093414738695106636 -0.41643450177827823 0.35902928879952484 -0.20604279667664685 0.46902780935295318 -0.069502344139664884 3.8899485250603854 0.36004460331074017 1.902554194038804 0.29508975377891827 -1.1229670369679698 2.5876196907981051 7.1617117170165718 2.7029137328415334 0.15107995326216955 0.13551909784591523 2.8185341201770915 3.5068494069430822 -0.043026730056057838 7.6963578493782228 0.19535814936821416 1.7248726916434749 -0.65639767834007656 -0.30032792121467128 -0.29953034238610621 0.40123773030965898 -0.11441546832845764 0.29181160149630542 -0.34459105847382066 0.47060902553075679 16.214160567680274 11.640722986565038 -0.85017776349635632 0.028992276287151592 0.90603626662787817 12.009018196624625 4.7451323755201686 1.3573491238743394 0.49374458352019995
leaf_weight=5727 21652 2914 5786 324 3709 13540 638 38 316 53723 3453 36874 92517 313 282 4892 19020 1305 23694 1315 1656 178 647 5458 5889 32642 7357 20640 6264 1155 137 74 135 549 60 19394 109 247 6673 1045 1312 360 4714 195 6470 881 27764 31448 13100 279 757 228 25938 4741 439 242 50 37160 750 88 30 537 257
leaf_count=5727 21652 2914 5786 324 3709 13540 638 38 316 53723 3453 36874 92517 313 282 4892 19020 1305 23694 1315 1656 178 647 5458 5889 32642 7357 20640 6264 1155 137 74 135 549 60 19394 109 247 6673 1045 1312 360 4714 195 6470 881 27764 31448 13100 279 757 228 25938 4741 439 242 50 37160 750 88 30 537 257
internal_value=-0.000870509 -0.00136888 -0.000517218 0.00222113 0.000185972 0.00384732 0.000620213 0.00404362 0.0193348 0.000774068 -0.00240436 -0.00194337 -0.00272905 0.00158557 0.00407013 0.00120103 -0.00143039 0.00317489 -0.000189851 0.00916205 0.00698793 0.0115104 0.00291188 0.00430918 0.000699203 -0.00232551 0.000215703 -0.000501982 0.00346667 0.00707181 0.0133142 0.0253618 0.00158915 0.00706434 0.0196193 0.00424924 0.0284471 -8.72335e-05 0.0018618 0.00555011 0.00876631 0.0149493 0.0015548 0.000497515 0.00210977 0.0014549 -0.00204961 -0.00244309 -0.000780213 0.00153787 0.00677124 0.0121935 -0.00124396 -0.0015479 0.0306752 0.0207475 0.0231145 0.000429542 0.00195224 0.00778802 0.00538461 0.015915 0.00894148
internal_weight=560081 482330 264657 77751 177257 38571 39180 7497 902 129969 217673 87400 170083 66919 8969 57950 47288 34239 31683 4332 3149 1493 16886 10350 6536 74257 13143 28268 8687 2423 1133 387 1290 746 197 20699 586 63050 9327 2654 1609 1183 7628 41064 7989 7351 77566 59212 18354 5254 1801 1044 47590 37383 548 602 297 40869 6595 868 780 765 581
internal_count=560081 482330 264657 77751 177257 38571 39180 7497 902 129969 217673 87400 170083 66919 8969 57950 47288 34239 31683 4332 3149 1493 16886 10350 6536 74257 13143 28268 8687 2423 1133 387 1290 746 197 20699 586 63050 9327 2654 1609 1183 7628 41064 7989 7351 77566 59212 18354 5254 1801 1044 47590 37383 548 602 297 40869 6595 868 780 765 581
is_linear=0
shrinkage=0.05


Tree=19
num_leaves=64
num_cat=0
split_feature=41 7 8 16 3 37 5 31 14 14 33 0 25 41 41 16 34 40 30 19 37 38 31 36 14 0 5 16 9 8 11 24 6 37 9 44 23 23 4 34 42 27 6 16 23 3 18 11 34 12 44 25 7 12 27 45 25 26 40 1 3 11 9
split_gain=313.915 171.05 97.5276 65.4145 49.9713 45.8742 44.0979 38.5749 41.5042 27.9349 26.0044 25.6454 31.4174 25.4146 24.3521 24.0679 20.8782 21.8515 21.4454 32.8112 22.0803 19.7291 19.6639 19.658 19.6414 19.2968 17.7687 17.7353 17.1536 16.2056 16.0432 15.9139 19.3336 15.8838 15.8564 15.1723 18.9632 15.0889 19.1087 21.3018 15.0647 14.9181 14.1776 18.543 14.1442 14.0404 13.9846 13.666 13.5761 13.4819 13.3003 15.9487 12.9016 12.8806 12.4324 14.7862 15.7782 28.67 14.657 12.3633 12.0773 12.0484 12.0208
threshold=1980.2500000000002 38.442261904761914 -13.999999999999993 17.489465844215275 83.02500000000002 57.500000000000007 146.25000000000003 11.872673346189966 10.500000000000002 11.500000000000002 10.65 33.025000000000006 978.35000000000002 4784.5000000000009 4928.5000000000009 4.2989925820635984 0.33379414889141273 991.85000000000002 245.50000000000003 -0.9099266223396254 23.500000000000004 28.450000000000003 -3.3373835392494322 17.500000000000004 5.5000000000000009 52.025000000000006 35.95000000000001 3.9410235375617666 26.350000000000005 -28.949999999999992 -0.37940952255126065 1.7500000000000002 55.96666666666669 15.500000000000002 155.25000000000003 45.000000000000234 8.8500000000000032 27.750000000000004 93.050000000000011 -0.39873388578253693 -2.3999999999999986 158.25000000000003 452.08333333333343 -4.67631966387665 25.250000000000004 88.02500000000002 23.150000000000002 -0.9159756150367534 0.70088257582277247 -0.3794095225512602 -72.749999999999986 989.45000000000016 152.24880952380954 -0.5 75.750000000000014 1.5000000000000002 982.6500000000002 10379.500000000002 991.45000000000016 97.52500000000002 542.50000000000011 -0.78656609248549292 260.25000000000006
decision_type=2 8 10 2 10 2 10 2 2 2 2 2 2 2 2 2 2 2 2 2 2 2 2 2 2 2 10 2 8 8 2 2 8 2 10 2 2 2 10 2 2 8 8 2 2 10 2 2 2 2 2 2 10 2 10 2 2 2 2 10 10 2 8
left_child=1 24 4 6 13 7 11 8 15 29 33 23 -13 49 40 60 18 45 -17 20 -20 53 54 30 26 -8 -1 -27 -26 47 -3 -25 -33 -6 -11 36 41 -10 -39 42 -7 -24 43 -40 -23 -18 -36 -5 -19 -2 51 -29 -48 -15 55 56 -14 -58 -56 -60 -4 -38 -43
right_child=2 3 5 9 10 14 25 -9 37 34 -12 12 22 21 -16 16 17 48 19 -21 -22 44 35 31 28 27 -28 50 -30 -31 -32 32 -34 -35 46 -37 61 38 39 -41 -42 62 -44 -45 -46 -47 52 -49 -50 -51 -52 -53 -54 -55 58 -57 57 -59 59 -61 -62 -63 -64
leaf_value=-0.30558793091480851 0.32018039102575274 -0.0089198944196829267 -0.44578759288926478 -0.56913197610232102 1.4358165812684807 -0.18359583003160593 2.4994896736188372 -0.69232319274658638 1.3308131314513085 3.7483256318215945 0.1154668270066587 -0.31043020413921629 0.44884358861569701 -0.21977852695849798 -0.75648879064009311 -0.25337647630421922 -0.048072965339278198 0.23382933031461436 3.36880636047721 0.15031186896837401 2.7918440576281367 1.1463278259214178 9.4767258443347959 0.52677798652527141 0.17149255143478165 1.3833144006828764 0.5199007053746546 2.4440928460322109 -0.41551011697667395 1.3047544193793248 14.37568775189462 1.3495004067791749 2.9287671687419903 1.2778163961885862 4.08149588335767 -0.31899529871072901 -0.43008574414493739 13.206929003036871 0.61688338668986231 -0.91698708569883347 -0.59908389712982213 7.8682419136271129 -1.9233337173805545 23.078108167026539 -0.16872440705038161 0.39295470755076151 8.6325119169138702 3.4402142634564705 1.4011732052791042 -0.0739568291280122 1.5476939422046545 5.5947438914518139 4.4320658455650612 -0.80537571744917935 0.078315385299902035 -0.41209297902705422 1.5145600766372811 3.2788971396874018 1.0853254774457506 4.0898026253337267 24.581133048908736 0.52223968699078649 1.5465816942531854
leaf_weight=5813 6468 97 42728 400 416 20443 505 42808 3365 797 21789 17481 4976 6124 73243 23588 6453 345 154 1169 161 274 35 6766 4059 16165 4375 3446 42890 7695 187 247 75 5773 161 12238 4897 166 85 511 37079 140 111 205 36830 3191 188 2618 543 25222 4353 2599 169 16004 7769 1394 7206 143 368 149 45 24040 347
leaf_count=5813 6468 97 42728 400 416 20443 505 42808 3365 797 21789 17481 4976 6124 73243 23588 6453 345 154 1169 161 274 35 6766 4059 16165 4375 3446 42890 7695 187 247 75 5773 161 12238 4897 166 85 511 37079 140 111 205 36830 3191 188 2618 543 25222 4353 2599 169 16004 7769 1394 7206 143 368 149 45 24040 347
internal_value=-0.000867295 0.000819641 -0.00169791 0.00183739 -0.000514299 -0.00224681 0.00147233 -0.00156446 -0.000934558 0.00534669 0.00133355 0.00093247 0.000676064 -0.00108291 -0.00290235 -0.00120106 -0.000240704 0.00162742 -0.00102545 0.00480458 0.019127 -0.00169436 0.00119133 0.0037561 -0.00145414 0.00323851 0.000535923 0.00305444 -0.00188598 0.00450247 0.0166549 0.00323928 0.0140994 0.00419373 0.0122243 0.000553156 0.00116789 0.0037666 0.00891466 0.00607456 -0.0021324 0.010613 0.0147007 0.0205172 -0.000989652 0.000936332 0.0190347 0.00760769 0.00913288 5.99546e-05 0.00466532 0.00618279 0.0245518 -0.002876 0.00240059 0.00332422 0.00387627 0.00534835 0.000871348 0.00902321 -0.00200045 0.000997511 0.00834702
internal_weight=560081 184788 375293 127651 118900 256393 115623 125628 82820 12028 27978 88555 81183 90922 130765 78377 35604 10532 25072 1484 315 59232 63702 7372 57137 27068 10188 26563 46949 10713 284 7088 322 6189 1315 41697 29459 4443 1078 912 57522 522 401 290 37104 9644 518 3018 888 31690 10398 6045 357 22128 22005 13719 12325 7349 8286 517 42773 28937 487
internal_count=560081 184788 375293 127651 118900 256393 115623 125628 82820 12028 27978 88555 81183 90922 130765 78377 35604 10532 25072 1484 315 59232 63702 7372 57137 27068 10188 26563 46949 10713 284 7088 322 6189 1315 41697 29459 4443 1078 912 57522 522 401 290 37104 9644 518 3018 888 31690 10398 6045 357 22128 22005 13719 12325 7349 8286 517 42773 28937 487
is_linear=0
shrinkage=0.05


Tree=20
num_leaves=64
num_cat=0
split_feature=5 43 7 41 38 14 16 41 31 9 11 18 8 8 8 8 31 2 21 30 33 43 11 30 38 8 40 13 40 3 38 20 44 14 8 14 12 25 31 17 44 25 14 27 41 14 14 13 23 0 20 1 37 12 9 7 38 27 37 31 22 31 7
split_gain=295.894 166.597 80.1238 72.9579 47.8532 42.1859 41.3933 41.3401 39.094 35.0015 34.5062 33.9207 32.6347 32.5383 27.8409 22.3852 30.5542 31.7431 21.7261 34.7763 21.4 20.2606 40.0625 20.1723 23.6475 19.485 18.6119 18.5259 17.6717 17.584 17.4888 18.3256 20.7613 30.7735 16.6299 16.4894 16.1459 15.8134 15.5016 21.6749 17.1148 16.2245 17.8981 15.1458 19.8554 22.8342 15.844 14.0506 19.1122 15.2951 13.5137 13.3688 13.2198 12.8124 12.5934 12.7437 12.3685 22.0417 12.3381 14.8885 12.414 12.1834 12.1236
threshold=67.02500000000002 40.625000000000007 106.43330039525694 4784.5000000000009 35.550000000000004 5.5000000000000009 -2.9974648454369897 4928.5000000000009 7.3207117085486413 156.25000000000003 -0.60355339059327362 23.150000000000002 -7.9999999999999964 -14.499999999999993 -51.874999999999993 1.0000000000000011 2.2258437878816788 189.25000000000003 442.50000000000006 98.500000000000014 9.2500000000000018 -10.624999999999998 -0.37940952255126065 124.50000000000001 42.250000000000007 -118.895 989.1500000000002 4.5000000000000009 977.25000000000011 217.25000000000003 16.550000000000004 -0.50751903745502724 -7608.9999999999991 7.5000000000000009 -3.9999999999999987 8.5000000000000018 -0.60355339059327384 985.85000000000002 -0.18220010750176993 8.4394729475794694 -7348.4999999999982 977.45000000000016 8.5000000000000018 31.950000000000003 920.25000000000011 5.5000000000000009 4.5000000000000009 3.5000000000000004 15.950000000000001 340.75000000000006 -0.59480013772226059 42.525000000000006 14.500000000000002 0.78656609248549303 33.850000000000001 46.260597826086958 12.850000000000003 128.25000000000003 60.500000000000007 8.4766582275386231 80.500000000000014 -4.8415744148301476 64.834313725490219
decision_type=8 2 10 2 2 2 2 2 2 10 2 2 8 10 8 10 2 10 2 2 2 2 2 2 2 8 2 2 2 10 2 2 2 2 10 2 2 2 2 2 2 2 2 8 2 2 2 2 2 2 2 8 2 2 8 8 2 8 2 2 2 2 10
left_child=3 2 7 5 20 21 37 10 11 14 -2 29 30 18 -3 16 17 27 43 -20 -5 22 -1 -18 -25 51 -13 -6 -15 -8 -7 32 33 -32 -24 -35 -11 -4 39 -14 41 -41 -43 44 45 46 -12 49 -49 -31 -29 -10 -30 -28 -22 -56 57 -27 59 60 -16 -23 -52
right_child=1 9 6 4 15 12 8 -9 25 36 13 26 38 28 58 -17 23 -19 19 -21 54 61 34 24 -26 56 53 50 52 47 31 -33 -34 35 -36 -37 -38 -39 -40 40 -42 42 -44 -45 -46 -47 -48 48 -50 -51 62 -53 -54 -55 55 -57 -58 -59 -60 -61 -62 -63 -64
leaf_value=-0.3465825501840305 -0.27524683673034256 0.75143410143382983 -0.46133718908897453 -0.21006551105300791 0.11385097217435991 4.2504226225873323 2.1106449402797089 -0.27850313094519452 13.754569586961075 -0.21552371584794111 1.7688027285828956 3.4218488854087519 -0.41810617975928666 -0.38663883201735683 0.15326644180433063 -0.45566135602493568 -0.50223031776553484 1.2857368918732195 1.1641802543759501 13.252616295779058 -0.21560078439768718 0.073127924810456199 0.87008141587261312 0.25191272113414026 2.2226066811450131 3.4857940046760501 5.2127471150128404 0.86507163845794433 1.7586939913897297 4.5287621414004402 0.28709899030786151 -0.19150672288990636 0.089355857890119961 2.8672365428126536 0.28953298205039874 -0.10416475066289653 -0.95048467454940688 1.2125005171741465 -0.59425899400287496 0.15649730455371655 -0.14992376490701106 1.1688935631898918 0.14143861381614503 0.56537538632759943 0.50762856729832984 0.44785511084041563 7.6314781073433728 1.3683871268573609 8.5920946714182502 0.12542372351439365 0.056129518284386608 5.0970552215699234 0.33881152495619138 6.4879863590357836 -0.74367111976122247 -0.54852004483576811 0.13371179142607589 1.2276464872311961 -0.48884275149410988 -0.38045912605509113 1.8662084915507096 -0.58961227746206679 0.6619560255443856
leaf_weight=10974 14184 5130 6261 18704 5058 71 16505 20518 42 8807 326 1392 36724 7316 12020 16601 8338 117 3175 132 9455 8757 8448 2396 122 228 572 500 385 3487 785 19547 9821 259 12060 64 27187 10208 32933 2229 8395 441 350 15266 2569 392 291 624 2022 1309 868 1234 22483 330 68433 41070 9928 3938 16650 9084 149 11934 483
leaf_count=10974 14184 5130 6261 18704 5058 71 16505 20518 42 8807 326 1392 36724 7316 12020 16601 8338 117 3175 132 9455 8757 8448 2396 122 228 572 500 385 3487 785 19547 9821 259 12060 64 27187 10208 32933 2229 8395 441 350 15266 2569 392 291 624 2022 1309 868 1234 22483 330 68433 41070 9928 3938 16650 9084 149 11934 483
internal_value=-0.000869884 0.000537064 0.001543 -0.00180863 -0.00252738 -0.00105323 0.00298123 0.000583257 0.00382098 -0.00131012 0.00118846 0.0049939 -0.00160183 0.00178131 -0.000347758 -0.00086173 0.00036573 0.00293481 0.00323665 0.0069746 -0.0029446 0.000120463 0.000919254 -0.00129698 0.0026251 0.00181848 0.0108021 0.00249747 0.000713291 0.00443751 -0.000209023 -0.000266768 0.00137295 0.00786101 0.00222401 0.0208514 -0.00246069 0.000859492 -0.00212663 -0.00155477 0.000348225 0.00357616 0.00972819 0.00258066 0.00550866 0.0114519 0.0174473 0.00645525 0.0093802 0.00484153 0.00677742 0.00773511 0.00139758 0.0163969 -0.0031918 -0.00334297 0.00128281 0.00356937 -0.000815636 -1.71752e-05 0.00112622 -0.00109492 0.00417839
internal_weight=560081 224144 145117 335937 172145 163792 58080 87037 41611 79027 66519 26241 111619 52335 43033 34483 17882 7026 22151 3307 137662 52173 31482 10856 2518 15370 2294 6909 30184 23947 30547 30476 10929 1108 20508 323 35994 16469 81072 48139 11415 3020 791 18844 3578 1009 617 7442 2646 4796 1851 1276 22868 902 118958 109503 14094 4166 37903 21253 12169 20691 1351
internal_count=560081 224144 145117 335937 172145 163792 58080 87037 41611 79027 66519 26241 111619 52335 43033 34483 17882 7026 22151 3307 137662 52173 31482 10856 2518 15370 2294 6909 30184 23947 30547 30476 10929 1108 20508 323 35994 16469 81072 48139 11415 3020 791 18844 3578 1009 617 7442 2646 4796 1851 1276 22868 902 118958 109503 14094 4166 37903 21253 12169 20691 1351
is_linear=0
shrinkage=0.05


Tree=21
num_leaves=64
num_cat=0
split_feature=41 7 3 16 8 31 16 25 22 0 22 11 8 24 38 41 42 40 17 29 8 27 43 33 5 33 11 13 0 23 36 32 17 7 18 42 21 16 12 34 17 37 40 37 37 0 38 43 7 23 37 8 0 0 7 25 28 21 8 40 14 21 0
split_gain=266.879 157.327 81.2667 61.8584 50.9767 39.4437 40.3528 39.295 35.2888 33.0017 36.1359 35.163 26.0969 28.9287 25.0263 26.5994 24.6203 22.8499 22.6451 21.327 21.0099 20.279 18.223 16.2821 15.847 17.134 20.4999 18.0221 17.5735 17.0829 15.5493 16.7878 14.628 13.9756 13.7124 14.3806 18.46 13.6885 13.6492 13.6395 14.6086 13.4972 13.432 25.9865 13.327 13.3818 13.3153 18.5408 13.2561 13.1087 16.1516 12.9165 12.6465 12.5664 13.1934 16.8313 12.5131 12.476 12.2752 12.0816 11.9459 14.4892 17.6069
threshold=2559.2500000000005 38.725543478260882 83.02500000000002 17.489465844215275 -4.9999999999999982 11.52142082758766 2.792319380485575 978.55000000000007 8.5000000000000018 37.525000000000006 39.500000000000007 -0.60355339059327362 -25.484999999999992 1.4500000000000002 36.45000000000001 4928.5000000000009 -19.949999999999992 982.35000000000002 -4.3744509185951523 1.7205817642031367 -5.4999999999999982 49.050000000000004 -307.49999999999994 10.65 343.75000000000006 17.450000000000003 -0.37940952255126065 1.5000000000000002 26.650000000000002 15.550000000000002 36.250000000000007 -7.536220551567598 11.316677700552303 144.95851449275366 21.150000000000002 -9.9499999999999975 442.50000000000006 12.917560673545436 1.0000000180025095e-35 0.66259481767468287 12.225856735577958 54.500000000000007 988.85000000000002 58.500000000000007 65.500000000000014 21.950000000000003 28.850000000000005 -952.49999999999989 34.973746867167925 15.550000000000002 67.500000000000014 7.4000000000000004 12.65 10.042500000000002 220.2441666666667 986.95000000000016 7.3650000000000011 72.500000000000014 -51.874999999999993 990.75000000000011 11.500000000000002 57.500000000000007 422.75000000000006
decision_type=2 8 10 2 10 2 2 2 2 2 2 2 8 2 2 2 2 2 2 2 10 10 2 2 10 2 2 2 2 2 2 2 2 10 2 2 2 2 2 2 2 2 2 2 2 2 2 2 8 2 2 10 2 2 8 2 2 2 8 2 2 2 2
left_child=1 20 4 7 14 6 8 9 18 10 11 -3 13 53 15 32 22 -15 -4 51 44 -10 -5 -17 25 26 -18 28 -28 -26 33 -32 -2 -14 -33 -36 -37 -16 -30 40 -21 -6 -41 -44 -1 -46 47 -12 -25 57 -51 -8 -50 59 -55 -56 -22 -35 -7 -9 61 62 -52
right_child=2 3 5 16 41 58 19 12 21 -11 46 -13 30 17 37 23 24 -19 -20 39 56 -23 -24 48 29 -27 27 -29 38 -31 31 34 -34 49 35 36 -38 -39 -40 42 -42 -43 43 -45 45 -47 -48 -49 52 50 60 -53 -54 54 55 -57 -58 -59 -60 -61 -62 -63 -64
leaf_value=0.36734328108862147 -0.1499734846993756 0.077156144729946891 0.25692492078440282 1.1598048557955891 -0.45329655026584253 0.6252121323483425 1.2295220961636819 1.1216563093399534 0.018164243630687214 -0.40607433259648335 2.5968779071009047 12.945241077773336 0.48279406774961375 2.7240278223889742 -0.033204048537133421 -0.06816783467182895 0.58801511015984509 -0.61844958784421311 2.0310390704359995 -0.13348058240060864 -0.4304419902656193 -0.85989726392589394 5.6295470446814733 -0.58109153113774425 6.907394533525637 0.17815565897343646 13.009837435657966 1.7414266837396994 1.050834916884712 0.74758861820004441 -0.16965727453523072 0.32187045244050905 0.39329059501536251 0.56709427082084718 0.38081234256765767 1.3942419149144358 3.1146938491385638 0.47398704612200826 3.707938468709751 0.18482226316828504 1.5368010152139717 -0.65667955002723377 1.4082757519915083 -1.3370185870635733 0.038947305642819098 -0.42183604896670635 -0.21101713333691585 0.46269902575089283 0.33257642845778329 1.738169509616925 14.092735928898941 0.75784568265852659 -0.38974204040614141 0.72790264349352007 0.32735815506698701 5.1015805143695214 0.33866153071640143 4.0861980150619388 -0.62885256271614065 8.234195725212734 -1.6942924024615096 0.15640810349923859 4.3815215144673401
leaf_weight=4834 30401 207 299 481 60016 2074 6504 161 15121 21500 49 267 13283 182 7233 12580 2976 85 238 8294 42383 10545 884 23367 284 3250 100 3688 364 202 19229 37101 3522 3390 1570 809 282 3081 1073 2474 135 87993 560 322 12644 9974 2373 4053 1451 1626 1384 5539 38043 18342 1634 4224 1889 377 21774 53 280 363 665
leaf_count=4834 30401 207 299 481 60016 2074 6504 161 15121 21500 49 267 13283 182 7233 12580 2976 85 238 8294 42383 10545 884 23367 284 3250 100 3688 364 202 19229 37101 3522 3390 1570 809 282 3081 1073 2474 135 87993 560 322 12644 9974 2373 4053 1451 1626 1384 5539 38043 18342 1634 4224 1889 377 21774 53 280 363 665
internal_value=-0.000871134 0.000493443 -0.00174412 0.00143125 -0.00214928 -0.000276061 0.000521575 0.00110724 -0.000832539 -0.000541145 0.00245431 0.0157806 0.00155369 0.00297577 -0.00138196 -0.001604 0.00468275 0.0193446 0.0118529 0.00201066 -0.00142588 -0.00109795 0.011044 -0.0021269 0.00395535 0.00358004 0.00479758 0.00668421 0.0112329 0.0127984 0.00111692 0.000698326 -0.000441147 0.00227256 0.00128489 0.00475197 0.00916132 0.000972463 0.00982255 0.000498514 -0.000574802 -0.00276973 0.00319428 0.00849206 -0.000339139 -0.00084844 0.00147876 0.00320331 -0.0024555 0.00391156 0.00579203 0.00349041 -0.001897 0.00279675 0.00269008 0.00475589 -0.00209975 0.00175604 -0.00194943 0.0148598 0.00816865 0.00930348 0.0109346
internal_weight=560081 218515 341566 146791 267687 73879 50031 133489 26203 28449 6949 474 105040 24681 119678 109364 13302 267 537 23828 71724 25666 1365 75441 11937 11451 8201 5225 1537 486 80359 58991 33923 21368 39762 2661 1091 10314 1437 11785 8429 148009 3356 882 27452 22618 6475 4102 62861 8085 4318 12043 39494 24414 24200 5858 44272 3767 23848 214 2692 2412 2049
internal_count=560081 218515 341566 146791 267687 73879 50031 133489 26203 28449 6949 474 105040 24681 119678 109364 13302 267 537 23828 71724 25666 1365 75441 11937 11451 8201 5225 1537 486 80359 58991 33923 21368 39762 2661 1091 10314 1437 11785 8429 148009 3356 882 27452 22618 6475 4102 62861 8085 4318 12043 39494 24414 24200 5858 44272 3767 23848 214 2692 2412 2049
is_linear=0
shrinkage=0.05


Tree=22
num_leaves=64
num_cat=0
split_feature=5 43 41 7 38 7 16 8 9 42 28 0 25 5 22 13 35 8 5 33 5 0 8 31 2 9 30 38 31 31 0 12 11 16 19 18 13 13 7 41 40 9 37 5 7 3 17 4 12 40 31 37 31 23 17 29 4 26 38 8 23 13 8
split_gain=250.253 136.418 65.1083 64.0515 42.2989 36.3403 34.7932 33.2377 33.0246 31.5965 30.6591 27.5295 32.3929 25.0231 24.1886 27.8167 28.5465 22.7111 21.6782 21.364 21.3034 20.3124 19.5579 26.7501 30.3676 19.3216 17.5318 22.0992 16.7205 16.0607 15.5751 15.3294 15.2908 14.5195 14.3298 14.2985 13.7632 13.5002 17.4769 13.261 13.4436 13.2039 12.9308 13.0999 12.5986 12.1069 12.0735 15.5594 22.5948 17.3856 11.6858 11.5454 12.8941 13.4068 11.4649 15.0336 14.7257 13.4319 11.392 11.1826 11.0786 21.2741 11.4962
threshold=67.02500000000002 40.625000000000007 4784.5000000000009 104.94652777777779 35.550000000000004 30.79509569377991 -2.9974648454369897 -13.999999999999993 156.25000000000003 -16.449999999999992 2.7650000000000001 16.550000000000004 977.35000000000002 289.25000000000006 87.500000000000014 1.5000000000000002 0.36648727148060622 -51.874999999999993 68.725000000000009 9.2500000000000018 101.05000000000001 41.050000000000004 1.7999999999999983 2.2258437878816788 189.25000000000003 42.45000000000001 124.50000000000001 42.250000000000007 7.8013064607065488 -6.8616808009176564 38.95000000000001 -0.60355339059327384 0.91597561503675362 17.489465844215275 0.82409480842201688 19.850000000000005 4.5000000000000009 4.5000000000000009 220.2441666666667 5141.2500000000009 977.25000000000011 33.850000000000001 69.500000000000014 270.25000000000006 46.260597826086958 217.25000000000003 3.9245158285618329 1.0000000180025095e-35 -0.12940952255126037 974.55000000000007 -11.016755657942825 60.500000000000007 1.8660066519594813 24.750000000000004 8.7142519008069765 2.5072226488531424 39.025000000000006 2258.2500000000005 33.95000000000001 -97.449999999999989 20.050000000000004 2.5000000000000004 -258.54999999999995
decision_type=8 2 2 10 2 10 2 10 10 2 2 2 2 8 2 2 2 8 10 2 10 2 10 2 10 8 2 2 2 2 2 2 2 2 2 2 2 2 10 2 2 8 2 8 8 10 2 10 2 2 2 2 2 2 2 2 10 2 2 8 2 2 8
left_child=2 3 5 7 19 25 37 10 17 29 20 -7 46 28 15 16 33 -3 -9 -4 -2 32 23 24 30 -1 -25 -28 -11 -8 34 -10 -18 -12 -6 -14 -22 -5 -39 40 -20 50 -40 -44 -43 -15 -13 48 49 -48 -21 52 53 58 -42 -56 57 -57 -19 -30 -47 -62 -63
right_child=1 8 4 6 22 11 9 18 31 13 14 12 35 45 -16 -17 21 51 39 41 36 -23 -24 26 -26 -27 27 -29 59 -31 -32 -33 -34 -35 -36 -37 -38 38 42 -41 54 44 43 -45 -46 60 47 -49 -50 -51 -52 -53 -54 -55 55 56 -58 -59 -60 -61 61 62 -64
leaf_value=-0.050897884525884854 0.037393620518600304 0.70471356173887956 -0.1871104455145666 -0.14189386514441041 0.4377012240852447 0.44088784239587958 5.8971521454971345 -0.42283656734151853 -0.19063728389912704 1.9708835278745345 -0.13212723599782347 -0.58930910805453862 -0.045467975282600603 2.093421100426049 2.706945506827918 0.45471535029634369 6.5717971752315023 0.72806252359536949 -0.36479781547676454 -0.40535134975579185 0.48305753101941279 2.4038625649609582 -0.4328839263537716 -0.46876338778124788 1.1649933105901569 -0.43518486407583473 0.21270347152462002 2.0183070820972722 3.2295052699448004 3.7929321682076793 -0.049102259906118779 -0.89146944384590909 13.047491922628389 2.1976178596873917 -0.13068413702774637 0.47484396888152497 1.2488319958271525 0.46587227865428588 1.9097213374417956 -0.40508049569505017 0.27253587808331864 -0.67865355766156998 17.946490258289383 4.8679597170238686 -0.5060235041906449 2.7446920917978272 0.51000589397419016 -0.28494526099070167 0.14011232442913074 2.6379338024998105 0.1014703507977167 -0.4426476754229004 -0.24547600302569836 0.10341003593397019 0.14507868694376974 18.88498338366395 1.840761006887464 2.8519040204443407 1.7818716422646723 0.053729586187801485 2.7143555504976202 27.422010512519172 10.699687992747
leaf_weight=16025 22865 5130 18704 11307 2972 4029 77 16898 8807 17127 676 17680 49273 8454 146 3406 278 1662 5483 5459 5753 539 16063 8629 117 50064 2457 129 725 1458 3186 27187 108 279 930 9590 3098 3907 755 6272 17984 68433 235 552 41070 2869 236 15272 1426 197 3996 16650 12614 6927 1085 80 979 173 50 9320 985 83 1161
leaf_count=16025 22865 5130 18704 11307 2972 4029 77 16898 8807 17127 676 17680 49273 8454 146 3406 278 1662 5483 5459 5753 539 16063 8629 117 50064 2457 129 725 1458 3186 27187 108 279 930 9590 3098 3907 755 6272 17984 68433 235 552 41070 2869 236 15272 1426 197 3996 16650 12614 6927 1085 80 979 173 50 9320 985 83 1161
internal_value=-0.000872384 0.000421514 -0.0017357 0.00133179 -0.00241468 -0.00102209 0.00260061 0.000462125 -0.00125002 0.00336508 0.00158986 -0.000409559 -0.000583621 0.00309965 0.00506075 0.00450624 0.0093883 -0.000315224 -0.000393636 -0.00280695 0.000995395 0.0156486 -0.00084868 0.0002633 0.00264053 -0.00192763 -0.00126393 0.00234725 0.00222435 0.0104072 0.00222348 -0.00236762 0.0244041 0.00332461 0.00434136 0.000131406 0.00307818 0.000672594 0.00271701 0.000370288 0.000871857 -0.00305394 0.00722438 0.011709 -0.00320873 0.00485463 -0.00179268 -0.000846712 0.0034723 0.0134757 -0.00126124 -0.000737806 3.45822e-05 0.00152274 0.0014652 0.00477557 0.00855519 0.0193083 0.00548481 0.000604777 0.00677913 0.00942351 0.0137701
internal_weight=560081 224144 335937 145117 172145 163792 59015 86102 79027 42259 37148 97703 93674 40724 5432 5286 1880 43033 48954 137662 31716 925 34483 18420 7205 66089 11215 2586 27172 1535 7088 35994 386 955 3902 58863 8851 16756 5449 32056 25784 118958 1542 787 109503 13552 34811 17131 1859 433 9455 37903 21253 8639 20301 2317 1232 253 1712 10045 5098 2229 1244
internal_count=560081 224144 335937 145117 172145 163792 59015 86102 79027 42259 37148 97703 93674 40724 5432 5286 1880 43033 48954 137662 31716 925 34483 18420 7205 66089 11215 2586 27172 1535 7088 35994 386 955 3902 58863 8851 16756 5449 32056 25784 118958 1542 787 109503 13552 34811 17131 1859 433 9455 37903 21253 8639 20301 2317 1232 253 1712 10045 5098 2229 1244
is_linear=0
shrinkage=0.05


Tree=23
num_leaves=64
num_cat=0
split_feature=41 7 5 36 33 1 25 18 38 43 0 36 22 20 7 0 43 27 22 21 11 28 22 5 0 32 0 36 28 21 42 30 23 29 33 17 37 34 31 37 21 37 11 38 22 27 13 19 38 5 5 17 23 17 31 7 9 17 21 34 23 13 44
split_gain=229.483 130.668 66.5378 49.0917 43.6432 35.664 33.3246 33.0397 23.1546 28.1633 27.1056 52.302 27.0251 24.1347 21.584 20.5442 19.9699 19.6215 19.8618 19.2464 34.3295 19.3453 34.5858 22.5107 19.4982 22.2833 17.0267 17.1441 16.4346 16.7989 29.6334 16.8659 15.9822 17.5685 15.7073 16.6307 15.4493 18.5727 15.2782 15.1825 14.8606 22.0742 18.7151 20.5228 14.8227 15.0742 14.032 15.7159 13.9247 13.8534 13.4496 15.7264 13.3758 18.3115 13.3511 13.3324 16.4169 13.176 19.4078 18.3351 20.7038 13.903 13.1393
threshold=2604.7500000000005 36.792291666666678 38.025000000000006 42.500000000000007 12.850000000000003 130.12500000000003 978.35000000000002 23.150000000000002 30.350000000000005 122.50000000000001 50.550000000000004 662.50000000000011 47.500000000000007 -0.5663846699108962 167.00208333333339 28.550000000000004 -2522.4999999999995 16.550000000000004 49.500000000000007 67.500000000000014 -0.37940952255126065 3.8150000000000008 88.500000000000014 101.05000000000001 122.25000000000001 -13.378163572446001 9.0050000000000008 26.250000000000004 9.6750000000000025 402.50000000000006 -10.849999999999996 76.500000000000014 40.150000000000013 1739.360424858241 13.450000000000001 11.138376977449596 84.500000000000014 0.23343647497176648 -3.6286665682391548 26.500000000000004 1117.5000000000002 24.500000000000004 0.60355339059327384 35.95000000000001 68.500000000000014 85.050000000000011 4.5000000000000009 0.52247866957162981 34.050000000000004 77.825000000000003 141.25000000000003 -2.8744729419286323 6.9500000000000011 -8.4003596312596898 -11.899834549852327 45.897916666666681 51.050000000000004 6.7046317935597335 467.50000000000006 0.95368063612909471 26.750000000000004 5.5000000000000009 -1280.7499999999998
decision_type=2 8 8 2 2 8 2 2 2 2 2 2 2 2 10 2 2 8 2 2 2 2 2 10 2 2 2 2 2 2 2 2 2 2 2 2 2 2 2 2 2 2 2 2 2 10 2 2 2 8 8 2 2 2 2 8 8 2 2 2 2 2 2
left_child=1 26 34 7 5 40 15 14 9 55 11 12 13 46 17 -5 -7 18 -3 38 -21 23 28 -22 25 -25 27 -1 49 -30 -31 54 -13 -34 35 -2 -9 -38 44 -12 41 42 -4 -44 45 48 -10 -48 -8 -23 -18 -52 53 -19 -32 -6 -57 -28 61 -60 -61 -59 -51
right_child=2 3 4 6 8 16 19 36 10 -11 39 32 -14 -15 -16 -17 50 52 -20 20 21 22 -24 24 -26 -27 57 -29 29 30 31 -33 33 -35 -36 -37 37 -39 -40 -41 -42 -43 43 -45 -46 -47 47 -49 -50 62 51 -53 -54 -55 -56 56 -58 58 59 60 -62 -63 -64
leaf_value=1.4376660853991667 -0.32739140859286109 8.199438212983166 0.37679342180888992 0.3520433064815191 -0.4995510565046174 1.7818338196077663 1.4531374727478674 2.5312433863732937 0.37311356985548305 -0.72206174895328878 -0.04889138090879621 -0.24151644974045397 0.05090115066853218 0.46534075704861222 3.1602708003413511 -0.35240769956826984 0.17314464504905905 4.9131554815929297 0.72289951268365416 -0.070069232860881722 0.27071467024453327 0.98217997014171843 2.5237876397861938 0.30362930553295037 1.2087465109521405 1.9539154254134683 -0.39397706960147633 0.094630174299726408 0.25856687950912388 0.079877632044813338 3.6453713349075993 14.133707729618624 0.27788627708867164 2.0002575539998251 -0.5578394233585886 0.22892255196702962 3.4794789626937126 4.9278591266921499 -0.32933523160385436 -0.67682781507102507 -0.30300276826904704 -0.043211987815702652 1.0032824682187875 3.6003642614461024 -0.2645454522243938 -0.016054348932009091 0.76687268318597779 1.3075124388518784 1.5549513767138505 3.7871643771541024 3.1255438389131784 0.38185510228655045 0.42169424856182713 0.39119318724471414 0.9536821936651938 0.96482722101866569 -0.21992268994037892 -0.3540867402044825 0.17925623949139846 1.7222328869686139 0.017332004475254473 0.2587103357627854 0.47958667395171761
leaf_weight=325 53422 152 992 4011 13654 98 3980 3923 341 42839 8915 14746 2861 3078 12111 23104 7622 82 245 15860 20260 1389 181 1330 7659 3201 45422 4407 3405 502 179 82 1233 151 80560 3011 489 346 16484 16132 20849 28359 319 167 4374 2485 668 101 61 514 4349 2963 26303 129 145 954 30738 11673 2661 259 196 2815 215
leaf_count=325 53422 152 992 4011 13654 98 3980 3923 341 42839 8915 14746 2861 3078 12111 23104 7622 82 245 15860 20260 1389 181 1330 7659 3201 45422 4407 3405 502 179 82 1233 151 80560 3011 489 346 16484 16132 20849 28359 319 167 4374 2485 668 101 61 514 4349 2963 26303 129 145 954 30738 11673 2661 259 196 2815 215
internal_value=-0.000862118 0.000391723 -0.00167907 0.00120035 -0.00110249 -4.3977e-05 0.000634201 0.00261535 -0.00161244 -0.00209418 -0.000731557 0.000500668 0.00409349 0.00665234 0.00213572 -0.000886042 0.00209486 0.00134685 0.0123804 0.00113503 0.00167492 0.00247145 0.00493648 0.00196918 0.00366694 0.00626683 -0.00143658 0.00145604 0.00432981 0.00255854 0.00860132 0.0186453 -0.00106944 0.00406792 -0.0025298 -0.00189012 0.00654897 0.0127245 5.22191e-05 -0.00187188 -0.000678295 3.73685e-05 0.00599459 0.0140329 0.00150459 0.0030141 0.012973 0.0167165 0.00489854 0.00793673 0.00194723 0.00347921 0.00118164 0.0137204 0.0135185 -0.00122569 -0.000662945 -0.00165376 -0.000492503 0.00308729 0.0123626 -0.00126243 0.0135185
internal_weight=560081 220959 339122 153201 202129 65718 109421 43780 136411 88185 48226 23179 7049 4188 39022 27115 15032 26911 397 82306 54922 39062 6612 32450 12190 4531 67758 4732 6431 4313 908 406 16130 1384 136993 56433 4758 835 27384 25047 50686 29837 1478 486 10900 6526 1110 769 4041 2118 14934 7312 26514 211 324 45346 31692 63026 17604 3116 455 14488 729
internal_count=560081 220959 339122 153201 202129 65718 109421 43780 136411 88185 48226 23179 7049 4188 39022 27115 15032 26911 397 82306 54922 39062 6612 32450 12190 4531 67758 4732 6431 4313 908 406 16130 1384 136993 56433 4758 835 27384 25047 50686 29837 1478 486 10900 6526 1110 769 4041 2118 14934 7312 26514 211 324 45346 31692 63026 17604 3116 455 14488 729
is_linear=0
shrinkage=0.05


Tree=24
num_leaves=64
num_cat=0
split_feature=41 7 8 33 14 16 22 22 42 14 5 0 3 17 31 13 28 20 7 28 22 13 35 13 37 25 8 38 11 35 41 14 31 13 8 31 19 29 24 31 21 31 14 9 25 16 14 5 20 29 23 8 38 40 20 40 11 13 13 21 38 34 25
split_gain=209.065 115.681 72.6463 50.1366 45.1551 42.1515 41.6141 35.0519 32.4436 25.7781 24.4755 25.0434 23.0543 22.6403 22.4536 21.8816 23.2334 26.9474 21.7612 21.449 28.6073 28.7087 22.3335 21.7782 34.5039 23.8964 19.9619 19.8011 19.5595 21.8624 19.2887 19.0553 18.7471 30.8651 20.4536 25.9298 27.436 18.3433 23.1938 18.1773 18.1932 17.6641 21.6747 16.9734 16.3192 16.2498 16.0675 15.1024 14.8159 28.6107 15.6579 14.5885 16.1037 15.7824 14.4253 14.1466 13.948 13.8067 16.1196 20.9375 15.6681 14.0869 13.6748
threshold=2604.7500000000005 45.897916666666681 -24.199999999999989 10.850000000000003 10.500000000000002 -1.1090110249868419 38.500000000000007 47.500000000000007 -13.749999999999996 4.5000000000000009 248.25000000000003 162.25000000000003 64.625000000000014 11.138376977449596 -8.2333703617692553 1.5000000000000002 2.3550000000000009 -0.83385407025023273 90.279166666666683 5.0850000000000009 80.500000000000014 1.0000000180025095e-35 0.91702515554752073 5.5000000000000009 20.500000000000004 984.1500000000002 -5.4999999999999982 14.950000000000001 -0.60355339059327362 0.34202014332566893 4928.5000000000009 10.500000000000002 12.21175436100196 4.5000000000000009 17.505000000000006 1.4001853198729013 0.72534675097891099 5.7941032711886633 1.0000000180025095e-35 -12.802620442806569 427.50000000000006 -2.5428682066422712 1.5000000000000002 166.25000000000003 979.05000000000007 8.3063857052889194 3.5000000000000004 119.25000000000001 0.64942331933852337 386.93981948220198 20.450000000000003 1.7999999999999983 36.350000000000001 982.85000000000002 0.28400453026986811 980.95000000000016 0.78656609248549325 5.5000000000000009 1.0000000180025095e-35 1457.5000000000002 20.150000000000002 -0.83385407025023295 990.05000000000007
decision_type=2 8 8 2 2 2 2 2 2 2 10 2 8 2 2 2 2 2 8 2 2 2 2 2 2 2 10 2 2 2 2 2 2 2 10 2 2 2 2 2 2 2 2 8 2 2 2 8 2 2 2 10 2 2 2 2 2 2 2 2 2 2 2
left_child=1 6 12 4 13 19 9 32 14 56 15 -12 -2 51 31 16 -10 -18 -6 23 21 22 -21 46 -25 -26 -8 -27 -11 -30 -9 -7 33 45 35 36 -35 41 -39 40 -23 44 43 62 -17 -5 -3 -16 49 50 -19 52 -4 -53 -20 -15 -1 58 59 -56 -60 -59 -43
right_child=2 5 3 7 18 8 26 30 10 28 11 -13 -14 55 47 37 17 48 54 20 -22 39 -24 24 25 27 -28 -29 29 -31 -32 -33 -34 34 -36 -37 -38 38 -40 -41 -42 42 -44 -45 -46 -47 -48 -49 -50 -51 -52 53 -54 -55 57 -57 -58 61 60 -61 -62 -63 -64
leaf_value=-0.34741243076777129 -0.14340407621098059 -0.69860902153290849 -0.15776577833071886 -0.5401501499173198 4.0753040306035571 1.1689041622638308 -0.052349926571280264 -0.40232297333381734 1.0403129082217333 -0.33784142444667165 5.3213065078722712 2.6764272425477094 0.27756903900079494 0.48354906412727772 0.80580654069629765 -0.3192878567658673 14.768028320483062 2.4379729873944846 -0.91661833290080164 2.0895905506526162 2.489372673125732 0.47018219223284796 11.909249957970436 3.4501533600502592 -0.34653920450563391 -1.2581670946986643 -0.35909437411396206 2.5130529881005197 1.2885140942463043 12.685582807499014 -0.62682894675753476 6.085055338154465 -0.51837531723181474 0.66828363654168577 -0.51751690300741859 -0.18930518170238422 -0.49612270046899154 -0.24333848364507174 2.4597204157087158 -0.029985698245060623 3.420605427787784 0.37771602941532229 0.061651067110628489 1.5532893814229602 1.6704364411986576 -0.026169347501097097 0.016544924886322337 3.2525297140884137 0.21787495708327287 14.376292925385028 1.2013959616205641 -0.49959598015755918 0.22195706358957767 -0.068384334809361041 7.2382904820477911 -0.39202869204170415 1.1058799837223157 -1.8482140619984475 6.6083643197290556 25.555016000593159 0.63110614584775637 9.3816737573207103 9.8300486784795638
leaf_weight=2567 25718 11312 26268 21988 142 93 32970 40967 15854 431 1271 5785 23112 2214 2776 1455 117 259 955 793 233 266 81 223 3654 880 50215 3454 863 457 93109 134 35842 4479 3701 2952 1212 13153 111 4125 172 125 19324 2870 6594 12448 31501 3046 985 70 1487 24515 4882 10835 323 773 1045 91 207 57 2050 282 208
leaf_count=2567 25718 11312 26268 21988 142 93 32970 40967 15854 431 1271 5785 23112 2214 2776 1455 117 259 955 793 233 266 81 223 3654 880 50215 3454 863 457 93109 134 35842 4479 3701 2952 1212 13153 111 4125 172 125 19324 2870 6594 12448 31501 3046 985 70 1487 24515 4882 10835 323 773 1045 91 207 57 2050 282 208
internal_value=-0.000853012 0.00034375 -0.00163278 -0.00193292 -0.000805366 0.00127931 -0.00105525 -0.00231585 0.00205126 0.00321369 0.00174628 0.00453798 0.000151545 -0.00110647 0.00556373 0.00143167 0.00286011 0.00696025 0.00428902 0.00024835 0.00316578 0.00243057 0.0107323 -7.58479e-05 0.00228291 0.00174136 -0.00133047 0.00425242 0.00819246 0.0112121 -0.00281505 0.0209912 -0.00150577 -0.000846517 0.00129861 0.00263045 0.00460288 0.000820026 -0.000732812 0.000840455 0.0105251 0.00149365 0.000775291 0.00458476 0.00350416 -0.00161546 -0.000528229 0.00496221 0.00597822 0.00865639 0.00739977 -0.00129775 -0.000508829 -0.00199293 0.00360025 0.00315199 0.00080011 0.005299 0.00402541 0.0135526 0.00242135 0.0143029 0.0152703
internal_weight=560081 220959 339122 290292 73594 132411 88548 216698 75717 5363 69668 7056 48830 69487 6049 62612 18772 2918 4107 56694 5670 5437 874 51024 8211 7988 83185 4334 1751 1320 134076 227 82622 46780 12344 8643 5691 43840 13264 4563 438 30576 22527 3203 8049 34436 42813 5822 2801 1816 1746 66500 31150 35350 3965 2987 3612 3010 2637 380 2257 373 333
internal_count=560081 220959 339122 290292 73594 132411 88548 216698 75717 5363 69668 7056 48830 69487 6049 62612 18772 2918 4107 56694 5670 5437 874 51024 8211 7988 83185 4334 1751 1320 134076 227 82622 46780 12344 8643 5691 43840 13264 4563 438 30576 22527 3203 8049 34436 42813 5822 2801 1816 1746 66500 31150 35350 3965 2987 3612 3010 2637 380 2257 373 333
is_linear=0
shrinkage=0.05


Tree=25
num_leaves=64
num_cat=0
split_feature=5 43 14 44 8 23 9 14 8 28 31 18 21 13 13 5 24 23 26 13 6 26 8 35 22 23 28 27 23 31 31 25 11 37 27 44 8 22 17 5 17 9 42 14 19 12 21 20 19 42 21 23 13 33 16 26 17 11 16 9 40 0 14
split_gain=193.31 104.375 55.5559 54.3612 40.9759 40.7908 31.489 26.6194 26.4028 30.289 25.8829 32.9763 24.8211 23.5453 36.4213 25.9295 23.3505 22.1698 34.1781 21.99 22.9202 20.7321 19.0893 19.0366 17.9467 20.7667 17.2521 17.137 16.7867 19.0435 16.6806 18.6998 16.679 19.7226 23.7104 18.0669 16.3642 19.3285 19.5517 16.2602 16.1171 17.4316 15.4677 15.2255 14.775 14.593 13.63 13.893 13.6245 13.593 19.229 13.4476 23.6758 19.1484 21.1166 15.9969 13.6308 13.3672 13.2058 15.2613 12.9871 12.4757 12.396
threshold=67.02500000000002 40.625000000000007 10.500000000000002 3418.2500000000014 -7.9999999999999964 11.250000000000002 160.25000000000003 5.5000000000000009 -13.999999999999993 2.7650000000000001 12.338863104453157 27.150000000000002 165.62500000000003 1.0000000180025095e-35 3.5000000000000004 384.25000000000006 1.5500000000000003 16.550000000000004 1050.2500000000002 1.5000000000000002 26.433333333333323 63304.000000000007 -64.949999999999989 0.52247866957162958 32.500000000000007 28.250000000000004 5.9850000000000012 115.25000000000001 26.950000000000003 1.8660066519594813 4.0940511894394449 973.55000000000007 0.37940952255126054 22.500000000000004 55.050000000000004 -408.74999999999994 2.5000000000000013 54.500000000000007 12.448070942936022 68.725000000000009 -9.355255647360627 438.25000000000006 -2.2999999999999989 1.5000000000000002 0.87878364999916148 -0.60355339059327384 22.500000000000004 0.91702515554752073 -0.97988739209073461 -18.549999999999994 227.50000000000003 15.750000000000002 5.5000000000000009 7.6500000000000012 -4.5263768713432713 700.75000000000011 -6.5696943154276548 -0.78656609248549292 3.6108493612026868 661.75000000000011 982.6500000000002 54.025000000000006 7.5000000000000009
decision_type=8 2 2 2 8 2 10 2 10 2 2 2 2 2 2 8 2 2 2 2 8 2 8 2 2 2 2 10 2 2 2 2 2 2 8 2 8 2 2 10 2 8 2 2 2 2 2 2 2 2 2 2 2 2 2 2 2 2 2 10 2 2 2
left_child=3 2 5 4 44 12 22 32 9 57 11 13 40 17 49 51 19 -4 27 20 -11 -5 -3 -13 -20 -26 -23 -19 58 -30 31 -9 -6 34 -34 -35 37 48 -39 46 41 43 -22 -2 -1 -8 47 -10 -33 50 -15 -16 -53 56 55 -55 -54 -7 -17 -60 -51 -47 -40
right_child=1 6 10 21 7 8 45 30 39 16 -12 23 -14 14 15 28 -18 18 24 -21 42 26 -24 -25 25 -27 -28 -29 29 -31 -32 36 33 35 -36 -37 -38 38 62 -41 -42 -43 -44 -45 -46 61 -48 -49 -50 60 -52 52 53 54 -56 -57 -58 -59 59 -61 -62 -63 -64
leaf_value=0.051613227794095454 5.4644763909008693 0.75010542404093461 0.96346040626440443 -0.48560964342706997 -0.25884480842947011 -0.25539593749608897 -0.17400462239065786 -0.52154150702682767 0.71604346447658207 11.158072870714619 -0.1593299930372436 7.8310308024144577 5.739599220819569 1.6520794537982786 0.16800742382577408 2.6191585115304687 2.4093449076631712 12.035739181275408 7.677097752648061 0.55325521881326223 2.5816418614087699 1.4521464835723363 -0.13696575653934573 4.4948423909395192 3.124895259019528 28.218560693736858 -0.089302532515359911 24.554093470778056 2.8985189812339716 18.288463924660576 -0.57328664674556018 0.77704129262821375 1.8927589838275705 0.28602460935343055 0.4334792208007297 -0.52657873457930648 -0.33774423322214514 -0.17275054911759 -0.030337651024435142 0.066240831182897975 0.78796018740012697 2.2865757313406401 0.38342588744965073 1.2173043360567921 -0.2026083713283737 0.056787480937585559 -0.39578478728039096 17.562915974908311 0.35756458138103642 28.253824996882386 6.6710396484172865 1.4585607541477139 1.1771457781744614 19.816919078026444 2.6013094870886504 0.89594653059269835 18.337066585233497 0.31124752641417858 7.1426277855106965 10.952889457356612 0.25723154646359253 -1.1199851211920653 0.7586754772982286
leaf_weight=47666 643 3734 926 92345 39725 9364 8559 23152 211 245 4814 207 215 90 2467 1622 122 452 122 4054 1081 182 40103 568 1015 68 251 112 120 166 32598 228 616 10444 1797 7588 38009 16666 831 43210 2893 1988 813 338 21226 2667 18274 123 1602 30 64 2668 110 138 756 76 349 33285 1275 119 9924 23964 1011
leaf_count=47666 643 3734 926 92345 39725 9364 8559 23152 211 245 4814 207 215 90 2467 1622 122 452 122 4054 1081 182 40103 568 1015 68 251 112 120 166 32598 228 616 10444 1797 7588 38009 16666 831 43210 2893 1988 813 338 21226 2667 18274 123 1602 30 64 2668 110 138 756 76 349 33285 1275 119 9924 23964 1011
internal_value=-0.000847298 0.000289902 0.00108612 -0.00160606 -0.00121318 0.000605044 -0.0011722 -0.00162128 0.000386253 0.00125357 0.00307559 0.0037613 0.00459355 0.00341457 0.00282267 0.00498378 0.00448535 0.00780148 0.0110825 0.00405861 0.00816035 -0.00263576 -0.000277963 0.0139032 0.0063278 0.00427978 0.00827944 0.0212411 0.00859782 0.0201748 -0.00207004 -0.00168769 -0.000770319 0.00039007 0.00463531 -0.000178018 -0.0012106 -6.58877e-05 -0.000550574 -0.000300723 0.00398158 0.00656955 0.00629884 0.0120234 -0.000180864 -0.00228616 -0.00153644 0.00847305 0.00483606 0.000713295 0.0154545 0.00316575 0.00492189 0.0101155 0.00613402 0.02 0.0185294 0.000775046 0.0075 0.0110689 0.000485231 -0.00286339 0.00433768
internal_weight=560081 224144 145117 335937 243159 116859 79027 174267 110782 48964 28258 23444 6077 22669 19974 9866 6315 2695 1769 6193 2139 92778 43837 775 1205 1083 433 564 3302 286 114097 81499 60170 20445 2413 18032 58347 20338 18508 61818 5862 2969 1894 981 68892 35190 18608 334 1830 10108 154 6564 4097 1429 970 214 459 42649 3016 1394 9954 26631 1842
internal_count=560081 224144 145117 335937 243159 116859 79027 174267 110782 48964 28258 23444 6077 22669 19974 9866 6315 2695 1769 6193 2139 92778 43837 775 1205 1083 433 564 3302 286 114097 81499 60170 20445 2413 18032 58347 20338 18508 61818 5862 2969 1894 981 68892 35190 18608 334 1830 10108 154 6564 4097 1429 970 214 459 42649 3016 1394 9954 26631 1842
is_linear=0
shrinkage=0.05


Tree=26
num_leaves=64
num_cat=0
split_feature=41 5 8 25 22 3 18 14 16 31 8 33 9 28 28 2 5 23 13 31 43 13 42 14 13 29 13 13 38 28 12 29 8 27 14 9 25 9 5 37 27 2 13 20 9 42 0 14 14 41 3 16 23 42 8 21 37 0 0 37 38 13 43
split_gain=180.66 86.8739 66.0818 42.9698 34.7664 31.3243 31.2489 32.2309 24.872 43.4198 22.1536 20.4111 19.2883 19.0984 20.6504 18.7365 17.4552 16.9894 19.4592 16.7806 19.4577 41.0508 16.6497 16.5147 27.8575 16.2541 33.4057 37.4237 31.6675 16.987 15.8181 15.4529 14.7929 14.663 14.6616 16.2653 16.9531 14.2919 14.2187 14.1759 13.9572 13.8311 14.7095 17.3681 13.283 13.0623 12.6362 12.3727 12.3154 12.1658 12.0533 11.7789 11.1399 14.8035 11.1168 12.5684 10.9553 10.6849 10.2843 10.2247 10.196 16.5215 10.0547
threshold=2604.7500000000005 42.550000000000004 -13.999999999999993 977.05000000000007 47.500000000000007 83.02500000000002 22.150000000000002 11.500000000000002 4.2989925820635984 7.1747174188069698 -97.449999999999989 10.850000000000003 168.25000000000003 3.3200000000000007 4.3050000000000006 42.550000000000004 36.525000000000006 10.850000000000003 5.5000000000000009 4.4056978203358943 -267.49999999999994 1.5000000000000002 8.1500000000000039 8.5000000000000018 1.0000000180025095e-35 386.93981948220198 2.5000000000000004 1.0000000180025095e-35 39.250000000000007 4.205000000000001 -0.78656609248549325 110.67414886226456 6.0000000000000018 47.550000000000004 5.5000000000000009 139.25000000000003 981.35000000000002 210.25000000000003 289.25000000000006 19.500000000000004 50.050000000000004 258.25000000000006 2.5000000000000004 0.90992662233962551 43.350000000000001 -3.5999999999999983 19.550000000000004 11.500000000000002 10.500000000000002 6660.2500000000009 542.50000000000011 -3.428744020151838 17.550000000000004 -4.9499999999999993 14.500000000000004 1237.5000000000002 17.500000000000004 10.042500000000002 9.0050000000000008 22.500000000000004 20.850000000000005 1.0000000180025095e-35 -1072.4999999999998
decision_type=2 8 10 2 2 10 2 2 2 2 8 2 10 2 2 10 10 2 2 2 2 2 2 2 2 2 2 2 2 2 2 2 10 10 2 10 2 10 10 2 8 8 2 2 8 2 2 2 2 2 10 2 2 2 10 2 2 2 2 2 2 2 2
left_child=1 15 5 13 8 22 10 17 50 23 57 16 -9 32 -15 58 -6 37 40 33 21 31 34 54 -25 -11 27 -27 -29 -30 41 -21 -3 51 35 36 -2 38 -8 -20 -19 52 -43 -44 -13 -22 62 -26 -41 56 -4 -12 53 -7 55 59 -46 -5 -1 -10 61 -48 -17
right_child=2 3 4 6 11 30 7 12 9 25 19 44 -14 14 -16 46 -18 18 39 20 45 -23 -24 24 47 26 -28 28 29 -31 -32 -33 -34 -35 -36 -37 -38 -39 -40 48 -42 42 43 -45 49 -47 60 -49 -50 -51 -52 -53 -54 -55 -56 -57 -58 -59 -60 -61 -62 -63 -64
leaf_value=0.11613316314898847 0.36847638300022506 -0.084663978112948485 -0.52381811710030524 6.6402137881031225 -0.33186316952201 5.6060748384121917 2.6126265973692178 3.1595469021151796 0.79939148509240665 -0.4563076651772181 0.32281210406909289 -0.20999316932240505 5.7604264433238654 11.728720594809616 0.56684504349129416 1.439014040595477 0.042044540405122739 0.78051161974067407 3.7017949347666526 1.9357685432496419 0.59267655549861809 0.32676668682372861 -0.47514972554843599 2.2893441355354898 -0.13108581286003254 -0.77063346480189387 -0.68161063817889134 3.2992825260209062 1.5415907195230505 0.48390751958267852 0.018935946865110628 13.216105904019768 -0.80571947805558164 0.14490386452987916 -0.22937292811277868 -0.22326328122250205 -0.067643249932780286 9.0400004103561216 6.6842212613703342 1.2651519553440949 0.21231838684532633 0.68807894761695731 3.8290838260369613 11.966273361856894 0.99276155419975509 -0.23764487887840069 1.8882519594719573 4.7389535090963726 6.2333442511772441 -0.71653959543809931 11.055891232832357 1.1951327978366177 0.30553576072442862 0.82152065299565968 -0.21964932565216966 0.008969412205262017 -0.52440443554353189 2.1588807406510493 -0.30540827733580295 0.24771317188430109 -0.12119372670912372 0.061044017640793639 0.51922624607846546
leaf_weight=3780 8233 14777 41780 90 21827 89 609 825 1098 26333 14808 12901 593 162 1748 34 10833 4114 173 61 8996 647 16852 757 1674 749 1993 295 155 854 16284 157 7460 27552 35816 11401 8900 129 128 1164 9289 765 743 168 283 27256 658 451 268 51938 161 20652 6547 246 6238 7534 41065 5800 53236 4159 13020 1409 1364
leaf_count=3780 8233 14777 41780 90 21827 89 609 825 1098 26333 14808 12901 593 162 1748 34 10833 4114 173 61 8996 647 16852 757 1674 749 1993 295 155 854 16284 157 7460 27552 35816 11401 8900 129 128 1164 9289 765 743 168 283 27256 658 451 268 51938 161 20652 6547 246 6238 7534 41065 5800 53236 4159 13020 1409 1364
internal_value=-0.000833461 0.000279032 -0.00155832 0.000978989 -0.00202911 -0.000523557 0.00135669 0.00332755 -0.00128785 -0.000560338 0.00103524 -0.00253218 0.0105501 -0.000949809 0.00384817 -0.00112522 -0.00143907 0.00268237 0.00228944 0.000859939 1.6568e-05 0.00742774 -0.000998868 0.00113619 0.00466343 -0.00178396 0.00116658 0.00564296 0.0107592 0.00654608 0.00103011 0.0261927 -0.00136192 0.00135672 -0.00063248 0.000213078 0.00118689 0.00949192 0.00680461 0.00749221 0.00166642 0.00277051 0.00684367 0.0111361 -0.00286838 -0.000160268 0.000359416 0.00172941 0.00585894 -0.00307635 -0.00219487 0.00202905 0.00177855 0.0106716 0.000601975 0.00144594 -0.00243639 0.00401528 -0.00155448 0.00332224 -6.19751e-05 0.00320029 0.00490701
internal_weight=560081 220959 339122 147458 233078 106044 123311 17292 94231 52290 106019 138847 1418 24147 1910 73501 32660 15874 15008 100129 37117 865 81202 21911 2882 30379 4046 2053 1304 1009 24842 218 22237 63012 64350 28534 17133 866 737 1605 13403 8558 1676 911 106187 36252 16485 2125 1432 93286 41941 35460 6882 335 19029 12791 41348 5890 57016 5257 15087 2067 1398
internal_count=560081 220959 339122 147458 233078 106044 123311 17292 94231 52290 106019 138847 1418 24147 1910 73501 32660 15874 15008 100129 37117 865 81202 21911 2882 30379 4046 2053 1304 1009 24842 218 22237 63012 64350 28534 17133 866 737 1605 13403 8558 1676 911 106187 36252 16485 2125 1432 93286 41941 35460 6882 335 19029 12791 41348 5890 57016 5257 15087 2067 1398
is_linear=0
shrinkage=0.05


Tree=27
num_leaves=64
num_cat=0
split_feature=41 7 8 16 2 14 18 3 23 22 27 11 0 20 13 43 44 20 32 38 26 28 13 22 35 33 31 33 40 28 0 14 37 37 17 26 14 14 13 31 31 43 14 13 0 0 8 40 0 14 16 22 32 45 44 40 13 13 41 37 13 5 37
split_gain=167.7 90.2165 63.7018 41.9864 37.1544 27.7945 28.6764 26.6161 26.1103 25.7212 28.446 24.9441 29.0023 33.4902 31.6857 24.7166 23.918 23.9957 22.7064 22.12 20.8839 20.5076 27.1947 27.1046 23.6071 19.9097 19.8854 19.2521 18.8637 18.0834 17.8686 18.5575 16.5506 16.4274 15.9073 15.7221 17.7556 35.7889 17.6515 15.7013 15.1624 15.3348 15.0484 15.5723 13.9422 13.9371 13.3764 12.8778 15.2544 18.7595 14.0938 12.8666 18.4739 12.2788 12.2457 13.1308 11.9262 11.6783 11.5409 11.5101 11.2924 11.2616 11.9483
threshold=2604.7500000000005 36.792291666666678 -4.4999999999999982 -1.1090110249868419 94.125000000000014 10.500000000000002 27.150000000000002 82.02500000000002 12.65 63.500000000000007 80.02500000000002 -1.0000000180025095e-35 44.550000000000004 0.1218693434051476 3.5000000000000004 -29.374999999999996 6170.2500000000009 -0.82409480842201666 -5.2834727834483362 18.850000000000005 56072.000000000007 5.0850000000000009 1.0000000180025095e-35 80.500000000000014 0.91702515554752073 15.350000000000003 -5.5334220471353417 14.350000000000003 983.75000000000011 2.7050000000000005 25.050000000000004 7.5000000000000009 60.500000000000007 12.500000000000002 5.7370402107733867 7574.2500000000009 7.5000000000000009 8.5000000000000018 1.0000000180025095e-35 -6.120084003173111 -12.802620442806569 -317.49999999999994 5.5000000000000009 2.5000000000000004 41.050000000000004 24.025000000000002 -10.989999999999997 998.85000000000002 340.75000000000006 11.500000000000002 11.466189296816983 14.500000000000002 2.2261500277413484 1.5000000000000002 45.000000000000234 982.6500000000002 4.5000000000000009 5.5000000000000009 945.25000000000011 62.500000000000007 1.0000000180025095e-35 33.050000000000004 22.500000000000004
decision_type=2 8 10 2 8 2 2 10 2 2 10 2 2 2 2 2 2 2 2 2 2 2 2 2 2 2 2 2 2 2 2 2 2 2 2 2 2 2 2 2 2 2 2 2 2 2 10 2 2 2 2 2 2 2 2 2 2 2 2 2 2 8 2
left_child=1 34 4 21 16 8 19 61 15 10 11 39 13 14 18 -5 17 -2 -13 45 -18 30 24 40 -23 51 -8 28 -9 -19 -3 -32 -21 -22 46 -36 -37 38 -38 42 41 -24 -10 -44 -17 -7 -1 48 49 50 -34 52 -6 -14 55 -47 -33 -30 59 -58 -20 -4 -63
right_child=2 3 7 5 25 6 26 27 9 -11 -12 12 53 -15 -16 44 20 29 60 32 33 22 23 -25 -26 -27 -28 -29 57 -31 31 56 47 -35 35 36 37 -39 -40 -41 -42 -43 43 -45 -46 54 -48 -49 -50 -51 -52 -53 -54 -55 -56 -57 58 -59 -60 -61 -62 62 -64
leaf_value=-0.066178076855233317 0.23919001716289837 0.47405468728304145 -0.50216028065910845 2.9680115343350817 0.11117256008943488 10.978145695309308 6.2210075220177314 -0.36847470404382215 0.49015578879544225 -0.10681650040808262 -0.095317631204329026 14.497721806582712 1.0937408714603389 0.9280957191459408 0.32515107392393194 6.5088459388024988 -0.39415940981064462 -0.21053483598935543 0.56902886354412596 4.1137040626360806 -0.13774905389270203 1.8552234408287547 2.9910304732053881 2.2515572912877091 11.699158101553344 -0.12079025220852091 4.4210237040205191 -0.56362693476702863 0.21427618566639772 0.1236772727755021 -0.29753193520038773 -0.012381093721743097 20.557764363156213 2.2007484374259221 -0.14535026419046546 -0.1131431763428374 0.26575279124054024 -0.19151647663511501 1.3261749838517669 -0.031578241739227346 -0.076708849906392748 0.27722570858947798 0.34548318559715163 2.8274761840110245 0.68322068390728719 20.015480782900159 -0.41626480297792734 0.21032117571102674 10.559485445200531 4.3813104605850803 1.4605934345701013 0.40089559521366341 1.500473315871411 -0.78570840988232737 -0.075197424892432502 1.8380053868013762 -0.035764215564296847 0.80915911827303089 -0.44371472431321862 3.597587215508339 9.9117700548228527 -0.074117759125151603 -0.45975281081969516
leaf_weight=12553 7651 3380 64545 3266 539 33 172 9055 1891 24239 12188 212 9530 1708 460 58 31555 69225 120 2646 117 806 184 240 141 16815 693 21516 9393 12100 38573 13055 239 117 17262 2294 609 1322 877 8735 4420 297 318 496 5101 21 32841 216 360 206 79 15231 482 1067 4697 7265 1133 1790 1607 2841 508 8634 70357
leaf_count=12553 7651 3380 64545 3266 539 33 172 9055 1891 24239 12188 212 9530 1708 460 58 31555 69225 120 2646 117 806 184 240 141 16815 693 21516 9393 12100 38573 13055 239 117 17262 2294 609 1322 877 8735 4420 297 318 496 5101 21 32841 216 360 206 79 15231 482 1067 4697 7265 1133 1790 1607 2841 508 8634 70357
internal_value=-0.000830604 0.000241243 -0.00152898 0.000913146 -0.000776888 0.00163978 0.00347717 -0.00215338 0.0012027 0.000844936 0.00167016 0.00263426 0.00408122 0.00841423 0.0144615 0.00381306 -0.0011835 -0.000762904 0.0202381 0.00299074 -0.00236072 -2.97716e-05 0.00273653 0.00130227 0.0105227 0.000708107 0.012341 -0.0010423 6.47285e-05 -0.00101476 -0.00030773 -0.000516441 0.00634543 0.0125214 -0.00127793 -0.000186462 0.00225206 0.00491809 0.0102423 0.00091346 0.000498877 0.00892931 0.00424214 0.00992629 0.00165827 0.00194491 -0.00181566 0.0115 0.0141742 0.0196183 0.0272327 0.00195607 0.00738981 0.00285128 0.00185554 0.0031389 0.000779136 0.00143834 0.00271367 0.00415954 0.0154618 -0.00247659 -0.00207625
internal_weight=560081 220959 339122 153201 153832 86524 16627 185290 69897 61472 37233 25045 13605 3008 1300 8425 120765 88976 840 15762 31789 66677 6088 5141 947 33067 865 41754 20238 81325 60589 57209 3746 234 67758 22364 5102 2808 1486 11440 4901 481 2705 814 5159 12016 45394 1100 884 524 318 16252 1021 10597 11983 7286 18636 11183 5581 3974 628 143536 78991
internal_count=560081 220959 339122 153201 153832 86524 16627 185290 69897 61472 37233 25045 13605 3008 1300 8425 120765 88976 840 15762 31789 66677 6088 5141 947 33067 865 41754 20238 81325 60589 57209 3746 234 67758 22364 5102 2808 1486 11440 4901 481 2705 814 5159 12016 45394 1100 884 524 318 16252 1021 10597 11983 7286 18636 11183 5581 3974 628 143536 78991
is_linear=0
shrinkage=0.05


Tree=28
num_leaves=64
num_cat=0
split_feature=36 8 2 25 41 7 38 41 37 20 13 23 0 25 20 26 5 38 0 37 42 26 0 22 22 7 21 7 11 43 13 28 22 0 29 14 42 12 13 9 14 14 13 35 18 35 16 22 9 29 14 29 9 38 5 3 31 30 21 20 18 5 5
split_gain=152.846 89.0669 40.9369 36.4174 34.7452 33.8635 31.8229 28.9314 20.0309 47.5422 48.6222 20.44 21.0477 19.6035 21.7231 21.4501 19.0963 18.0008 18.4637 17.9599 17.8681 17.1023 16.9572 25.3232 16.7848 16.0195 20.9972 15.5911 15.343 37.0367 32.5267 14.8914 15.0377 14.6198 19.8779 14.3867 14.7179 14.0742 13.942 13.7479 13.4924 32.8656 17.2255 12.9182 12.6382 12.5222 13.5305 12.4586 13.9766 12.0689 11.8623 14.8827 13.7769 13.0562 11.6399 15.3196 11.6249 11.6214 17.8136 22.2842 11.249 17.5399 11.2433
threshold=57.500000000000007 -4.9999999999999982 94.125000000000014 980.35000000000002 4928.5000000000009 106.43330039525694 28.450000000000003 6764.2500000000009 43.500000000000007 -0.73724926354828213 1.5000000000000002 25.750000000000004 27.750000000000004 973.85000000000002 -0.35019404643548441 9282.2500000000018 43.550000000000004 16.750000000000004 10.850000000000003 25.500000000000004 3.6000000000000014 2184.2500000000005 51.550000000000004 30.500000000000004 54.500000000000007 29.526041666666671 72.500000000000014 64.36875000000002 0.78656609248549325 -247.49999999999997 1.5000000000000002 7.7450000000000019 78.500000000000014 41.050000000000004 19.312036265591704 11.500000000000002 -1.7000000000000017 0.60355339059327384 4.5000000000000009 23.250000000000004 7.5000000000000009 8.5000000000000018 2.5000000000000004 -0.67556448321067808 18.750000000000004 -0.39873388578253688 8.4755645055227351 39.500000000000007 138.25000000000003 121.97383749200176 6.5000000000000009 6.4661866890173885 32.550000000000004 35.550000000000004 103.02500000000002 116.25000000000001 -5.0857364132845424 33.500000000000007 227.50000000000003 -0.74892720285008296 7.7500000000000009 547.25000000000011 33.050000000000004
decision_type=2 10 8 2 2 8 2 2 2 2 2 2 2 2 2 2 10 2 2 2 2 2 2 2 2 10 2 8 2 2 2 2 2 2 2 2 2 2 2 8 2 2 2 2 2 2 2 2 10 2 2 2 8 2 10 10 2 2 2 2 2 10 10
left_child=5 2 4 19 13 8 -6 25 9 10 11 -1 -13 54 15 57 39 -10 62 44 31 -7 23 49 28 -5 43 -9 -16 30 -30 35 -33 34 -18 60 47 -23 -31 -8 -17 42 -42 -27 -3 46 -29 48 -37 -21 -25 52 -52 -53 -2 -56 -48 -15 -59 -60 61 -4 -19
right_child=1 3 20 7 6 21 16 27 17 -11 -12 12 -14 14 24 40 33 18 -20 22 -22 37 -24 50 -26 26 -28 45 29 38 -32 32 -34 -35 -36 36 -38 -39 -40 -41 41 -43 -44 -45 -46 -47 56 -49 -50 -51 51 53 -54 -55 55 -57 -58 58 59 -61 -62 -63 -64
leaf_value=-1.5999522754216073 -0.28452547830801572 -0.33369743378640337 1.2432034541449848 -0.38282558499502745 -0.53649618360011864 1.3982896264522042 0.23879353331349906 -0.49048000537007685 0.74467355565929516 0.51388976038632117 -0.00054137968159225099 9.4162688011150699 15.618781720858763 0.09247883888691949 0.071172557972960293 0.40600678716502342 0.032754957641642116 0.28104844104346721 -0.18863327445449993 0.41996370263013738 -0.10882632570169881 1.9444118827867838 -0.90378870682553181 -0.1753735412101709 -0.17203979697365757 0.35662985289632193 0.14039666403062859 -0.23345163803861532 11.686634402581964 -0.1329835460051961 0.83612380802404496 0.77999394690964463 1.8733926124421885 -0.16216189502547262 0.57628626663561799 2.6414392525544055 0.37923542035545188 3.3105520448631816 1.631885694633062 -0.26180384575711907 1.799029396433089 -0.1197120738213362 -1.1316922754123249 -0.73904125416297939 0.36795775005065678 -0.48716871662460681 1.7674080237773848 2.5182502862628873 8.6618561218263359 -0.25319251365155421 -0.02431749068800523 0.17827637960590037 -0.47097577585582812 0.82399837467590253 0.79040943605911984 4.8270614825922138 0.17022232685889274 -0.031244960158487708 2.3677319862107891 0.48320323511917096 0.13009479388352119 16.111694467281733 1.4939870218723565
leaf_weight=60 15429 10156 2638 9810 27736 26900 1707 27310 6551 8279 350 177 224 17457 12884 1853 8576 843 29996 1571 18587 1970 39654 17529 30042 2231 40258 4029 216 1447 305 2392 69 11336 2897 188 1306 1997 527 32887 597 407 80 13471 3471 21072 621 1243 168 625 5615 1001 65014 76 428 31 1083 589 221 333 23075 82 404
leaf_count=60 15429 10156 2638 9810 27736 26900 1707 27310 6551 8279 350 177 224 17457 12884 1853 8576 843 29996 1571 18587 1970 39654 17529 30042 2231 40258 4029 216 1447 305 2392 69 11336 2897 188 1306 1997 527 32887 597 407 80 13471 3471 21072 621 1243 168 625 5615 1001 65014 76 428 31 1083 589 221 333 23075 82 404
internal_value=-0.000820695 -0.00115232 -0.000403316 -0.00176867 -0.00077641 0.00123657 -0.00148575 -0.0011242 0.000389897 0.00249725 0.0140506 0.024718 0.0287905 -4.74386e-05 0.000327219 0.00163509 -0.000813809 -0.000116951 -0.000616619 -0.00230257 0.000856516 0.0025226 -0.00248217 -0.00210766 -0.000292927 -0.000419645 -9.29247e-05 -0.00198051 0.00105046 0.00463928 0.0164971 0.00158836 0.00532101 0.000309307 0.00156759 0.00126829 0.00460413 0.00558734 0.00150962 -0.00155432 0.00560606 0.0100369 0.0167873 -0.00164374 -0.000574963 -0.00112386 0.000948019 0.00782051 0.0160674 0.00319672 -0.00223819 -0.00252322 -0.00261217 0.00331012 -0.00162639 0.00622004 0.0046831 0.00100806 0.00589239 0.0123285 0.000892614 0.00393382 0.00534483
internal_weight=560081 482330 217733 264597 167985 77751 85139 119885 46884 9090 811 461 401 82846 66958 21537 57403 37794 31243 144712 49748 30867 131085 91431 45421 65770 55960 54115 15379 2495 521 31161 2461 22809 11473 28700 2905 3967 1974 34594 2937 1084 677 15702 13627 26805 5733 1599 356 2196 89235 71706 70629 1077 15888 459 1704 18600 1143 554 25795 2720 1247
internal_count=560081 482330 217733 264597 167985 77751 85139 119885 46884 9090 811 461 401 82846 66958 21537 57403 37794 31243 144712 49748 30867 131085 91431 45421 65770 55960 54115 15379 2495 521 31161 2461 22809 11473 28700 2905 3967 1974 34594 2937 1084 677 15702 13627 26805 5733 1599 356 2196 89235 71706 70629 1077 15888 459 1704 18600 1143 554 25795 2720 1247
is_linear=0
shrinkage=0.05


Tree=29
num_leaves=64
num_cat=0
split_feature=41 8 2 42 37 31 13 37 22 25 0 40 18 23 40 1 17 44 25 40 42 17 15 5 23 17 27 0 28 9 31 3 9 28 22 11 21 31 19 37 34 37 5 0 27 38 29 31 21 28 2 23 4 12 30 3 13 4 20 33 18 11 29
split_gain=143.564 77.8901 53.5262 45.3216 33.1753 38.6864 33.4646 30.8991 29.7219 25.2899 21.6446 22.1279 20.6741 20.4095 21.5469 19.6866 23.3084 22.2144 18.8901 27.7814 18.7822 18.2418 17.4422 17.3336 17.2182 16.4095 15.7537 15.743 21.5034 15.4709 15.2741 15.0308 14.8634 15.6513 14.5836 43.9123 14.4114 14.3865 14.2752 14.266 13.9438 13.9298 13.2351 13.0427 12.9227 12.5318 12.5143 12.4625 15.905 15.1175 15.0644 13.1733 17.7417 13.5505 12.4476 13.9666 12.4564 15.0282 12.342 12.2956 12.2613 12.1379 11.8026
threshold=1316.7500000000002 -24.199999999999989 64.625000000000014 -1.8 57.500000000000007 6.9909302196355183 4.5000000000000009 22.500000000000004 35.500000000000007 988.75000000000011 43.550000000000004 992.05000000000007 22.950000000000003 29.350000000000005 973.85000000000002 72.825000000000017 11.138376977449596 -6709.9999999999991 976.75000000000011 980.25000000000011 10.250000000000004 11.761073717991875 1.0000000180025095e-35 42.550000000000004 15.350000000000003 8.5794242381343775 18.950000000000003 47.550000000000004 4.205000000000001 228.25000000000003 -0.18220010750176993 64.625000000000014 60.050000000000004 4.205000000000001 38.500000000000007 0.37940952255126054 171.87500000000003 -2.5428682066422712 0.36648727148060617 73.500000000000014 -0.62249093318774784 19.500000000000004 105.02500000000002 19.950000000000003 13.050000000000002 38.850000000000001 10.833924302676079 -4.3002076972717997 22.500000000000004 190.60000000000005 210.25000000000003 18.350000000000005 103.02500000000002 0.1294095225512602 173.50000000000003 44.025000000000006 4.5000000000000009 32.550000000000004 -0.72534675097891077 10.450000000000001 28.950000000000003 0.12940952255126045 774.07048237008883
decision_type=2 8 8 2 2 2 2 2 2 2 2 2 2 2 2 8 2 2 2 2 2 2 2 10 2 2 10 2 2 10 2 10 8 2 2 2 2 2 2 2 2 2 10 2 8 2 2 2 2 2 10 2 10 2 2 8 2 10 2 2 2 2 2
left_child=2 20 8 15 5 6 10 37 21 22 36 -12 -11 -9 25 16 34 18 59 39 31 42 27 30 -25 -15 -6 28 -4 -14 44 -2 33 -33 35 45 46 38 -8 -20 54 -26 -1 -43 -10 -3 -5 48 51 -49 -51 -29 -53 -54 56 -56 -37 -58 -36 -18 -50 -41 -7
right_child=1 3 9 4 26 62 7 13 23 12 11 -13 29 14 -16 -17 17 -19 19 -21 -22 -23 -24 24 41 -27 -28 47 -30 -31 -32 32 -34 -35 58 40 -38 -39 -40 61 -42 43 -44 -45 -46 -47 -48 49 60 50 -52 52 53 -55 55 -57 57 -59 -60 -61 -62 -63 -64
leaf_value=0.36741565456071584 -0.0030145167350483291 -0.27059923213511133 0.60045738900046197 0.76539267453181814 -0.30840910810600741 -0.49503564978822656 0.76449078664209968 0.48368761169037511 0.39655168586096279 1.4191815805224417 -0.52035308410965386 1.0315346022215097 2.5028334258992455 0.20517564240687652 -0.41892810689761772 0.11578329604338354 0.49060771667273539 -0.19806460696626074 0.28779364063134411 0.27866438039458846 -0.43902155817310878 10.553584657749548 2.1525437189286101 1.2594112141526097 3.7283869559107345 0.80657953678848959 -0.55965661727133353 0.81977141221056005 4.6784084432628816 5.7891657804423886 -0.4400221735332952 0.50036478380385729 0.31450812492026886 1.6959026878488033 0.18452698971856396 0.51356434394539441 0.0052810973056263933 -0.14004042600820996 1.9505247055570853 0.71979808862957373 0.25719950751031612 0.64933058888589457 1.7948943453437867 -0.086222551089133403 -0.13314921996401205 0.14018861874615915 0.0051439428507476723 -0.1430230373542471 0.35904156829964612 2.049146329391939 8.1792655500472495 1.5098576057102204 -0.85657039444791827 18.439226169944643 0.25363342344951045 8.3561419284983192 -0.11111233693568526 1.5006776134614577 -0.32339635162283042 -0.19445698142112136 4.2171916012954922 1.4961272918970689 0.26460282772216698
leaf_weight=6130 31659 15845 3603 897 43875 56503 1024 6315 1904 19211 24696 1068 1625 1266 6298 26294 1132 5128 311 1301 8406 298 2303 2344 76 106 86576 644 387 560 19804 1559 21480 237 2060 499 7804 280 154 225 1113 1505 921 20861 19222 4653 646 25852 9635 323 38 319 72 344 79 136 149 432 55847 2472 121 608 2846
leaf_count=6130 31659 15845 3603 897 43875 56503 1024 6315 1904 19211 24696 1068 1625 1266 6298 26294 1132 5128 311 1301 8406 298 2303 2344 76 106 86576 644 387 560 19804 1559 21480 237 2060 499 7804 280 154 225 1113 1505 921 20861 19222 4653 646 25852 9635 323 38 319 72 344 79 136 149 432 55847 2472 121 608 2846
internal_value=-0.000804894 -0.00126285 0.000594415 -0.00154833 -0.00194264 -0.00130265 -0.00028623 0.0016535 -0.000334293 0.00163776 -0.00113939 -0.00188713 0.0030459 0.000931354 -0.000801826 -0.000747101 -0.00109197 0.00104813 0.00310051 0.00649284 0.000353561 0.00268132 0.000947388 -0.000671527 0.000371983 0.00487609 -0.00248181 0.000711451 0.00369674 0.00765446 -0.00130345 0.00069036 0.00165492 0.0060245 -0.00138796 -0.000320005 0.000921685 0.00858025 0.0110017 0.0121766 0.00606727 -5.3918e-05 0.00216919 -0.000126533 -0.000368268 -0.00107035 0.005337 0.000392523 0.00179389 -0.000202763 0.00995845 0.00682016 0.0113946 0.0181971 0.00959459 0.0205814 0.00740741 0.0123838 -0.0018104 0.000799111 0.00108343 0.0155882 -0.00216845
internal_weight=560081 421979 138102 358638 240354 109903 50554 15443 73065 65037 35111 25764 21396 13985 7670 118284 91990 11177 6049 2445 63341 7349 43641 65716 24786 1372 130451 41338 3990 2185 40930 54935 23276 1796 80813 22906 9347 1458 1178 1144 2408 22442 7051 22366 21126 20498 1543 37348 11135 26213 361 1379 735 416 1295 215 1080 581 57907 3604 9756 833 59349
internal_count=560081 421979 138102 358638 240354 109903 50554 15443 73065 65037 35111 25764 21396 13985 7670 118284 91990 11177 6049 2445 63341 7349 43641 65716 24786 1372 130451 41338 3990 2185 40930 54935 23276 1796 80813 22906 9347 1458 1178 1144 2408 22442 7051 22366 21126 20498 1543 37348 11135 26213 361 1379 735 416 1295 215 1080 581 57907 3604 9756 833 59349
is_linear=0
shrinkage=0.05


Tree=30
num_leaves=64
num_cat=0
split_feature=14 14 44 9 16 27 33 17 21 38 25 29 33 18 43 11 31 13 27 13 30 20 31 13 44 30 17 38 38 13 7 20 23 13 13 14 23 23 15 35 36 34 25 31 38 6 25 30 25 9 8 0 32 18 11 35 21 26 28 28 38 0 13
split_gain=137.192 89.4954 68.8961 51.9152 40.1178 40.068 33.8769 31.8803 30.9487 35.2783 29.2766 27.6496 26.8753 34.2585 26.7872 45.4001 25.7105 24.8705 24.1339 23.6814 23.3383 23.3739 23.3284 21.7371 25.0382 39.5554 25.4732 25.4411 21.2516 20.7255 20.5405 20.0577 18.9619 17.5485 35.2768 27.3354 23.0193 16.7589 16.687 25.4622 16.646 16.5047 19.5198 24.0973 20.0792 16.4365 16.3336 15.3721 15.3246 15.0693 15.6646 15.3599 15.0207 15.0074 14.8571 14.6749 14.4706 14.4278 18.7429 17.1442 14.401 14.3012 13.6004
threshold=9.5000000000000018 6.5000000000000009 4041.7500000000005 36.850000000000001 2.4724035165450204 46.050000000000004 12.550000000000002 6.0558754164205544 1337.5000000000002 35.550000000000004 985.55000000000007 5.7941032711886633 17.550000000000004 27.150000000000002 -29.374999999999996 -0.37940952255126065 -0.18220010750176993 3.5000000000000004 56.050000000000004 3.5000000000000004 31.500000000000004 -0.70088257582277225 -10.619385218721453 1.5000000000000002 -3565.2499999999995 47.500000000000007 5.6119107120268508 7.0500000000000007 35.550000000000004 1.0000000180025095e-35 28.068115942028989 -0.38266886095259295 35.150000000000013 2.5000000000000004 1.5000000000000002 8.5000000000000018 31.350000000000005 33.050000000000004 1.0000000180025095e-35 0.52247866957162958 196.25000000000003 -0.25037047035109422 974.55000000000007 -4.6849037743654405 29.350000000000005 29.187500000000007 985.35000000000002 4.5000000000000009 974.25000000000011 133.25000000000003 -153.84999999999997 134.12500000000003 6.2876469255341556 12.65 -0.25881904510252113 0.44618082326431213 92.500000000000014 56072.000000000007 0.78500000000000014 0.71500000000000008 37.350000000000001 53.550000000000004 5.5000000000000009
decision_type=2 2 2 8 2 8 2 2 2 2 2 2 2 2 2 2 2 2 10 2 2 2 2 2 2 2 2 2 2 2 10 2 2 2 2 2 2 2 2 2 2 2 2 2 2 8 2 2 2 10 8 2 2 2 2 2 2 2 2 2 2 2 2
left_child=1 2 4 17 5 19 7 11 9 14 -2 33 13 49 15 -6 37 22 57 38 -21 -22 -3 24 25 -17 27 -26 -13 -24 -31 -32 52 34 35 -5 -37 48 -1 -40 -7 -36 -43 -44 45 -45 -23 -25 -9 50 -12 -51 -11 -46 -39 -15 -28 -4 59 -59 -10 -14 -50
right_child=10 3 18 6 8 40 -8 16 60 32 12 28 61 55 -16 23 -18 -19 -20 20 21 46 29 47 26 -27 56 -29 -30 30 31 -33 -34 -35 41 36 -38 54 39 -41 -42 42 43 44 53 -47 -48 -49 62 51 -52 -53 -54 -55 -56 -57 -58 58 -60 -61 -62 -63 -64
leaf_value=-0.15478709568797733 -0.047439660885326335 -0.17081351073018336 -0.21640613633037936 -0.789044421334677 -0.12511958057578762 -0.20101572981833249 -0.51195547612828995 -0.21264658289222244 -0.34783543697485486 1.128869296350379 6.1036736028749452 0.26270179631229479 2.2456750618550152 6.8063355674566912 -0.029521153041786975 1.6152252477180014 -0.41732760613377123 -0.2892979912720417 -0.77206260353383349 0.14492803506404464 1.1748143421059174 0.097444229619416789 -0.24615157246196021 0.94432100994855761 6.7108701208268329 12.241824416997661 12.728874605448594 0.81499058917427802 0.74128086785059255 0.20861716972062819 0.85389256875430508 0.24694703012948713 0.40478659696040559 -0.50236638586587989 -0.2897814734294748 -0.19467915248599055 0.46740023580241524 1.1118869448873223 -0.10005380801009274 10.437079473681832 -0.47545868201927821 -0.1625939713183979 0.14887235467122503 0.58389149848768296 -0.15366754970988869 1.1489693394969049 1.5233068270716343 0.13639939319307029 0.25049914798089956 4.0589484458512421 1.015581578643203 2.9134035650063144 2.6061487224241073 0.87857719653896682 -0.10306044263807382 3.9466387074951914 3.9264781417877934 -0.018396321030813213 0.19030988569043181 1.9368480860109738 0.046088885638976888 -0.20866458938954335 1.0000828856285549
leaf_weight=18357 18954 7059 45581 11675 15508 47824 83799 3749 12521 861 1136 1515 181 153 40263 1112 6474 8507 25739 18986 1054 1815 2381 9438 108 322 216 6657 128 6981 1517 1352 2116 36749 3202 1942 854 176 283 168 37351 1849 2150 303 551 410 356 10936 6794 1860 19353 8626 156 616 87 521 328 82 595 136 9507 9200 901
leaf_count=18357 18954 7059 45581 11675 15508 47824 83799 3749 12521 861 1136 1515 181 153 40263 1112 6474 8507 25739 18986 1054 1815 2381 9438 108 322 216 6657 128 6981 1517 1352 2116 36749 3202 1942 854 176 283 168 37351 1849 2150 303 551 410 356 10936 6794 1860 19353 8626 156 616 87 521 328 82 595 136 9507 9200 901
internal_value=-0.000793645 -0.00106466 -0.000537267 -0.00191296 -0.000124301 -0.000732762 -0.00225178 -0.00151669 0.000573425 0.000992887 0.00146589 -0.00205702 0.00221667 0.00291336 0.000800583 0.00164426 0.000324238 8.50799e-05 -0.00188977 0.000551085 0.00165661 0.00558915 0.00107828 0.00280815 0.00489363 0.0109344 0.00370844 0.0028714 0.00434266 0.00239923 0.00341117 0.00697281 0.00620332 -0.00223139 -0.00116593 -0.00269885 0.00174177 0.00172247 -0.000754467 0.00874723 -0.00135104 0.00127684 0.00284997 0.00480149 0.00893617 0.015547 0.00262321 0.00191322 0.00143569 0.0026707 0.00188174 0.00421228 0.0118142 0.00489717 0.0142015 0.0140653 0.0141176 -0.00120856 0.0053936 0.0179358 -0.00110269 -0.000133782 0.0027128
internal_weight=560081 500097 308376 191721 236243 126194 163924 80125 110049 88021 59984 61944 41030 31649 84888 44625 18181 27797 72133 41019 22211 3225 19290 29117 8743 1434 7309 6765 1643 12231 9850 2869 3133 60301 23552 14471 2796 11707 18808 451 85175 9081 5879 4030 1880 713 2171 20374 11444 30975 20489 10486 1017 1167 263 674 544 46394 813 218 22028 9381 7695
internal_count=560081 500097 308376 191721 236243 126194 163924 80125 110049 88021 59984 61944 41030 31649 84888 44625 18181 27797 72133 41019 22211 3225 19290 29117 8743 1434 7309 6765 1643 12231 9850 2869 3133 60301 23552 14471 2796 11707 18808 451 85175 9081 5879 4030 1880 713 2171 20374 11444 30975 20489 10486 1017 1167 263 674 544 46394 813 218 22028 9381 7695
is_linear=0
shrinkage=0.05


end of trees

feature_importances:
month=136
pm25_delta_24h=111
pm25_lag48=101
dow=101
pm25_lag1=76
u=76
fx_u=75
v=69
rh=69
temp_c=66
fx_rh=60
pressure=59
fx_d_vent_index=59
pm25_roll24=56
fx_temp_c=56
fx_vent_index=55
upwind_pm25=51
hour_sin=49
pblh=49
fx_pblh=44
fx_d_pblh=44
pm10_lag1=43
upwind_fire_frp_24h=37
fx_d_wind_speed=36
fx_pressure=34
fx_wind_speed=31
wind_dir_cos=30
upwind_fire_frp_regional_48h=28
fx_v=28
wind_dir_sin=21
vent_index=21
upwind_fire_count_regional_48h=21
fx_wind_dir_sin=21
wind_speed=20
pm25_lag12=19
hour_cos=18
fx_wind_dir_cos=17
precip=16
pm25_lag6=14
pm25_roll6=11
pm25_lag24=10
pm25_lag3=8
is_holiday=4
city_code=3

parameters:
[boosting: gbdt]
[objective: quantile]
[metric: quantile]
[tree_learner: serial]
[device_type: cpu]
[data_sample_strategy: bagging]
[data: ]
[valid: ]
[num_iterations: 600]
[learning_rate: 0.05]
[num_leaves: 64]
[num_threads: 10]
[seed: 0]
[deterministic: 0]
[force_col_wise: 0]
[force_row_wise: 0]
[histogram_pool_size: -1]
[max_depth: -1]
[min_data_in_leaf: 20]
[min_sum_hessian_in_leaf: 0.001]
[bagging_fraction: 1]
[pos_bagging_fraction: 1]
[neg_bagging_fraction: 1]
[bagging_freq: 0]
[bagging_seed: 3]
[bagging_by_query: 0]
[feature_fraction: 0.9]
[feature_fraction_bynode: 1]
[feature_fraction_seed: 2]
[extra_trees: 0]
[extra_seed: 6]
[early_stopping_round: 0]
[early_stopping_min_delta: 0]
[first_metric_only: 0]
[max_delta_step: 0]
[lambda_l1: 0]
[lambda_l2: 0]
[linear_lambda: 0]
[min_gain_to_split: 0]
[drop_rate: 0.1]
[max_drop: 50]
[skip_drop: 0.5]
[xgboost_dart_mode: 0]
[uniform_drop: 0]
[drop_seed: 4]
[top_rate: 0.2]
[other_rate: 0.1]
[min_data_per_group: 100]
[max_cat_threshold: 32]
[cat_l2: 10]
[cat_smooth: 10]
[max_cat_to_onehot: 4]
[top_k: 20]
[monotone_constraints: ]
[monotone_constraints_method: basic]
[monotone_penalty: 0]
[feature_contri: ]
[forcedsplits_filename: ]
[refit_decay_rate: 0.9]
[cegb_tradeoff: 1]
[cegb_penalty_split: 0]
[cegb_penalty_feature_lazy: ]
[cegb_penalty_feature_coupled: ]
[path_smooth: 0]
[interaction_constraints: ]
[verbosity: -1]
[saved_feature_importance_type: 0]
[use_quantized_grad: 0]
[num_grad_quant_bins: 4]
[quant_train_renew_leaf: 0]
[stochastic_rounding: 1]
[linear_tree: 0]
[max_bin: 255]
[max_bin_by_feature: ]
[min_data_in_bin: 3]
[bin_construct_sample_cnt: 200000]
[data_random_seed: 1]
[is_enable_sparse: 1]
[enable_bundle: 1]
[use_missing: 1]
[zero_as_missing: 0]
[feature_pre_filter: 1]
[pre_partition: 0]
[two_round: 0]
[header: 0]
[label_column: ]
[weight_column: ]
[group_column: ]
[ignore_column: ]
[categorical_feature: ]
[forcedbins_filename: ]
[precise_float_parser: 0]
[parser_config_file: ]
[objective_seed: 5]
[num_class: 1]
[is_unbalance: 0]
[scale_pos_weight: 1]
[sigmoid: 1]
[boost_from_average: 1]
[reg_sqrt: 0]
[alpha: 0.9]
[fair_c: 1]
[poisson_max_delta_step: 0.7]
[tweedie_variance_power: 1.5]
[lambdarank_truncation_level: 30]
[lambdarank_norm: 1]
[label_gain: ]
[lambdarank_position_bias_regularization: 0]
[eval_at: ]
[multi_error_top_k: 1]
[auc_mu_weights: ]
[num_machines: 1]
[local_listen_port: 12400]
[time_out: 120]
[machine_list_filename: ]
[machines: ]
[gpu_platform_id: -1]
[gpu_device_id: -1]
[gpu_use_dp: 0]
[num_gpu: 1]

end of parameters

pandas_categorical:[]
