tree
version=v4
num_class=1
num_tree_per_iteration=1
label_index=0
max_feature_idx=45
objective=quantile
feature_names=pm25_lag1 pm25_lag3 pm25_lag6 pm25_lag12 pm25_lag24 pm25_lag48 pm25_roll6 pm25_roll24 pm25_delta_24h pm10_lag1 no2_lag1 hour_sin hour_cos dow month is_holiday u v wind_speed wind_dir_sin wind_dir_cos pblh rh temp_c precip pressure vent_index upwind_pm25 upwind_fire_frp_24h upwind_fire_frp_regional_48h upwind_fire_count_regional_48h fx_u fx_v fx_wind_speed fx_wind_dir_sin fx_wind_dir_cos fx_pblh fx_rh fx_temp_c fx_precip fx_pressure fx_vent_index fx_d_wind_speed fx_d_pblh fx_d_vent_index city_code
feature_infos=[0.0050000000000000001:1000] [0.0083300000000000006:1000] [0.0083300000000000006:1000] [0.0050000000000000001:1000] [0.0050000000000000001:1000] [0.0050000000000000001:1000] [0.012500000000000001:1000] [0.012920000000000001:877.6875] [-983.5:966.5] [0.012500000000000001:1500] [0.0025000000000000001:1000] [-1:1] [-1:1] [0:6] [1:12] [0:1] [-41.180747155580143:39.283614867046801] [-38.427450170353957:37.071794067811233] [0:44.399999999999999] [-1:1] [-1:1] [10:5930] [4:100] [3.2999999999999998:44.100000000000001] [0:20.699999999999999] [961.79999999999995:1008.9] [0:171190] [0.01:1000] [0:950.73000000000002] [0:3617.4885889466773] [0:2139] [-39.428124602491515:39.305557242419212] [-40.531751418184861:37.30183297101123] [0:50.100000000000001] [-1:1] [-1:1] [10:5930] [4:100] [3:44.100000000000001] [0:27.399999999999999] [961.29999999999995:1008.5] [0:162960] [-39.700000000000003:40.300000000000004] [-4130:3845] [-153892:94535] [0:2]
tree_sizes=5762 5930 5906 5932 5931 5930 5930 5968 5928 5928 5953 5940 5964 5947 5934 5969 5960 5971 5953 5935 5928 5944 5939 5987 5961 5978 5985 6030 5954 5981 5923 6052 6002 5998 6027 6037 6006 6056 6040 6049 6028 6032 6087 6046 6037 6057 6072 6055 6085 6078 6051 6074 6096 6063 6084 6096 6091 6039 6047 6065 6055 6050 6052 6073 6091 6016 6072 6092 6068 6031 6052 6100 6052 6078 6088 6064 6079 6079 6076 6080 6058 6041 6058 6090 6081 6040 6077 6039 6056 6088 6061 6047 6067 6052 6060 6057 6082 5996 6005 6075 6085 6022 6075 6049 6110 6058 6030 6003 6097 6117 6065 5999 6032 6110 5954 6014 6087 6112 6029

Tree=0
num_leaves=64
num_cat=0
split_feature=0 44 0 0 0 14 43 8 12 44 0 0 16 25 12 40 0 36 0 25 0 23 32 0 29 25 4 37 22 36 0 32 0 19 35 37 0 31 39 16 14 39 39 36 37 30 38 43 23 37 22 16 32 38 23 0 37 13 19 33 8 14 0
split_gain=11114.4 2086.31 1294.23 956.341 731.578 417.224 237.122 216.335 198.21 192.226 179.236 151.722 131.763 102.778 101.075 90.0108 85.2524 83.002 72.3964 68.6165 67.9942 67.6176 62.9639 62.8374 58.8956 54.4108 53.5613 53.249 52.8723 50.0841 45.9643 44.9556 43.6255 42.7653 42.4781 42.0345 41.1829 40.4564 36.7713 35.2944 35.0625 34.722 33.463 32.415 30.7485 30.4374 30.4187 30.1914 29.3877 37.6146 40.8453 27.7637 27.4459 27.2285 26.0845 24.8418 25.229 24.6727 24.2438 24.1075 23.7801 22.6351 22.5868
threshold=104.07500000000002 790.25000000000011 259.25000000000006 70.325000000000017 208.75000000000003 9.5000000000000018 96.250000000000014 52.725000000000009 -0.5 1413.7500000000002 124.25000000000001 499.50000000000006 -9.7766970519252094 982.6500000000002 -0.12940952255126037 977.85000000000002 57.025000000000006 92.500000000000014 181.25000000000003 985.05000000000007 303.25000000000006 19.150000000000002 -13.971827001444428 87.02500000000002 1.0000000180025095e-35 976.55000000000007 103.02500000000002 71.500000000000014 36.500000000000007 37.500000000000007 151.75000000000003 -13.711510409329277 138.25000000000003 -0.29237170472273694 0.52247866957162958 88.500000000000014 151.75000000000003 8.3156905719503325 1.0000000180025095e-35 -6.4964034716870973 2.5000000000000004 1.0000000180025095e-35 1.0000000180025095e-35 212.50000000000003 45.500000000000007 33.500000000000007 18.450000000000003 86.250000000000014 23.750000000000004 74.500000000000014 40.500000000000007 -13.655120784963582 -6.2353210680238274 13.950000000000001 16.650000000000002 169.25000000000003 82.500000000000014 5.5000000000000009 -0.49240481012316845 13.050000000000002 45.525000000000013 8.5000000000000018 172.25000000000003
decision_type=2 2 2 2 2 2 2 10 2 2 2 2 2 2 2 2 2 2 2 2 2 2 2 2 2 2 10 2 2 2 2 2 2 2 2 2 2 2 2 2 2 2 2 2 2 2 2 2 2 2 2 2 2 2 2 2 2 2 2 2 8 2 2
left_child=3 2 7 16 5 6 21 12 32 15 31 19 17 55 35 27 -1 61 25 -4 24 51 -23 41 47 -14 54 -5 -29 60 -7 40 -8 -15 42 -11 39 46 -18 45 -10 -16 -25 -36 -20 -24 -32 -6 -17 -50 -51 -3 -19 -28 -12 56 -9 -53 -34 -49 -21 -2 -35
right_child=1 4 11 9 20 30 8 13 10 14 26 -13 18 33 23 48 38 52 44 29 -22 22 36 34 -26 -27 53 28 -30 -31 37 -33 58 62 43 -37 -38 -39 -40 -41 -42 -43 -44 -45 -46 -47 -48 59 49 50 -52 57 -54 -55 -56 -57 -58 -59 -60 -61 -62 -63 -64
leaf_value=-47.114998531341556 -50.701498436056312 -52.549998698011038 -59.400998894362282 -48.820998476237961 -54.222998516827168 -49.30749855041504 -49.719998550415042 -51.089998602792988 -50.196998552113747 -48.759998512268069 -51.40499839782715 -71.577498303540054 -51.344998530298469 -50.04149857545687 -49.100498422017729 -47.669998550415038 -48.059998512268066 -51.950998586728915 -51.562498501874508 -53.759998489543797 -67.819998550415036 -52.235998390704282 -50.702998493284142 -49.61999855041504 -58.079998493939641 -48.719998550415042 -52.445998593211222 -50.365998448222925 -49.408998621611545 -56.61999855041504 -51.973998588792924 -50.74499855041504 -51.090498489148757 -50.11799855303807 -49.919998550415038 -50.164498519897464 -52.862998640880235 -51.493998594939526 -48.791498571135605 -50.069998550415036 -51.522498475201431 -49.754998397827151 -50.414998626708986 -50.565998598724796 -50.219998550415042 -52.469998550415042 -49.387498503364625 -54.529998279735445 -48.384998512268069 -50.549998541921376 -49.11999855041504 -50.86999855041504 -50.659998703002927 -53.684998241439459 -53.292498469911514 -53.947498522140087 -51.830498436138001 -48.844998497888447 -52.188998456508202 -55.769998550415039 -55.61499847136438 -49.419998550415038 -52.522498703002931
leaf_weight=324908 2038 135 1495 7909 2869 3234 1683 1606 200 11909 462 2210 541 3808 8530 15914 46879 1107 1304 1635 5700 1008 693 4440 1517 23100 205 205 2733 5493 235 3563 694 1249 821 280 1098 1579 4388 2384 674 532 239 855 7698 343 1264 520 15210 229 2023 2369 1570 4199 2162 760 317 706 815 1813 2123 2254 1424
leaf_count=324908 2038 135 1495 7909 2869 3234 1683 1606 200 11909 462 2210 541 3808 8530 15914 46879 1107 1304 1635 5700 1008 693 4440 1517 23100 205 205 2733 5493 235 3563 694 1249 821 280 1098 1579 4388 2384 674 532 239 855 7698 343 1264 520 15210 229 2023 2369 1570 4199 2162 760 317 706 815 1813 2123 2254 1424
internal_value=-48.6 -48.6147 -48.6089 -48.5966 -48.6233 -48.6191 -48.6221 -48.6052 -48.626 -48.6019 -48.6291 -48.6229 -48.6036 -48.6121 -48.6051 -48.5998 -48.5956 -48.6098 -48.6022 -48.6205 -48.6335 -48.6156 -48.619 -48.6078 -48.6301 -48.6008 -48.6341 -48.6038 -48.6095 -48.6189 -48.6076 -48.6212 -48.615 -48.6087 -48.6116 -48.6017 -48.6164 -48.612 -48.5975 -48.6137 -48.6314 -48.6052 -48.6092 -48.6185 -48.606 -48.6214 -48.6061 -48.6276 -48.5985 -48.6 -48.606 -48.6098 -48.6167 -48.6374 -48.6284 -48.6203 -48.6173 -48.6089 -48.6212 -48.6318 -48.6144 -48.6055 -48.6135
internal_weight=551860 103856 61732 448004 42124 29705 23393 48776 14657 71829 11465 12956 39612 9164 27606 44223 376175 6969 32643 10746 12419 8736 5526 15417 6719 23641 7028 10847 2938 9251 6312 4437 3192 6481 6355 12189 4518 3078 51267 3420 874 9062 4679 1676 9002 1036 1499 5202 33376 17462 2252 3210 2677 4404 2624 2683 1923 3075 1509 2333 3758 4292 2673
internal_count=551860 103856 61732 448004 42124 29705 23393 48776 14657 71829 11465 12956 39612 9164 27606 44223 376175 6969 32643 10746 12419 8736 5526 15417 6719 23641 7028 10847 2938 9251 6312 4437 3192 6481 6355 12189 4518 3078 51267 3420 874 9062 4679 1676 9002 1036 1499 5202 33376 17462 2252 3210 2677 4404 2624 2683 1923 3075 1509 2333 3758 4292 2673
is_linear=0
shrinkage=1


Tree=1
num_leaves=64
num_cat=0
split_feature=0 44 0 0 0 12 36 0 8 39 0 16 44 29 25 0 36 0 9 0 38 29 25 12 25 12 0 25 27 14 0 14 36 0 34 36 27 13 43 0 22 38 38 36 19 12 33 20 31 23 13 37 0 0 23 42 37 37 38 40 25 43 43
split_gain=10220.4 1907.67 1216.06 797.927 775.937 373.308 329.672 212.204 201.139 144.134 131.987 128.896 121.236 113.967 85.3625 83.6066 80.3184 80.2347 76.0553 71.2288 70.8678 63.4724 60.8626 60.5644 57.5634 56.6584 54.3095 53.3797 52.505 51.272 46.776 43.5708 42.4065 40.9653 40.7459 52.3321 37.7717 37.1332 36.6029 34.7068 34.5689 34.0576 31.4214 30.6107 30.3212 29.8324 29.1026 29.0555 28.9068 28.7153 29.1286 25.5565 24.354 24.3528 23.2212 23.028 23.5016 22.9788 22.849 25.1896 22.7316 22.6331 22.05
threshold=100.90000000000002 790.25000000000011 267.25000000000006 208.75000000000003 65.725000000000009 -0.5 201.25000000000003 122.25000000000001 58.020000000000017 1.0000000180025095e-35 499.50000000000006 -9.7766970519252094 632.75000000000011 63.785311456001033 982.6500000000002 80.225000000000009 92.500000000000014 192.25000000000003 266.25000000000006 342.25000000000006 26.050000000000004 0.44302366132127341 976.1500000000002 -0.12940952255126037 985.25000000000011 -0.12940952255126037 140.25000000000003 974.6500000000002 124.25000000000001 9.5000000000000018 50.050000000000004 5.5000000000000009 37.500000000000007 178.25000000000003 0.72534675097891099 356.87500000000006 120.25000000000001 4.5000000000000009 56.250000000000007 149.12500000000003 45.500000000000007 26.450000000000003 14.250000000000002 86.250000000000014 -0.49240481012316845 -0.3794095225512602 11.550000000000002 -0.52247866957162936 8.3156905719503325 19.050000000000004 1.0000000180025095e-35 80.500000000000014 169.25000000000003 157.25000000000003 23.850000000000005 -5.0999999999999979 38.500000000000007 52.500000000000007 23.650000000000002 988.55000000000007 973.75000000000011 15.625000000000002 62.500000000000007
decision_type=2 2 2 2 2 2 2 2 10 2 2 2 2 2 2 2 2 2 10 2 2 2 2 2 2 2 2 2 10 2 2 2 2 2 2 2 10 2 2 2 2 2 2 2 2 2 2 2 2 2 2 2 2 2 2 2 2 2 2 2 2 2 2
left_child=4 2 8 5 30 26 13 20 11 12 24 16 27 18 52 -14 -2 22 39 21 36 38 -13 -11 -4 -17 -3 -6 41 44 -1 34 -26 -16 35 49 -8 43 -5 -7 -25 42 -9 -20 -28 -44 -40 -15 -31 -27 -51 53 60 -18 -29 -19 -57 -56 59 -45 -10 -24 -41
right_child=1 3 10 19 9 6 7 28 14 23 -12 17 15 47 33 25 51 55 37 -21 -22 -23 61 40 32 31 29 54 -30 48 -32 -33 -34 -35 -36 -37 -38 -39 46 62 -42 -43 45 58 -46 -47 -48 -49 -50 50 -52 -53 -54 -55 57 56 -58 -59 -60 -61 -62 -63 -64
leaf_value=1.505749926567078 -1.5304999066117824 -0.83650022506713884 -10.397450281964431 -5.6090000724792484 -0.41455010320332458 -1.2406248543560339 -2.0688751525338738 -2.0988750762399286 -3.1585000589228009 -0.48651004889980509 -21.828624837948013 -2.3223001624768962 -0.02699999809265137 -2.2116375433776505 -1.0066000723480966 -0.21200007438659654 -1.3170000648498537 -1.2893749783094972 -2.0408999586775152 -19.784000072479248 -1.624187577859781 -9.8599001186493638 0.035999927520752095 -1.8475000729039313 -6.2292498217709369 -0.27149999618530279 -2.1818500679559882 1.1184999656677246 -4.9657500879280274 -0.68062507483176882 0.62457496670375301 -0.2948775745363198 -7.9190000724792489 -3.4988750648498539 -0.62425006070340983 -1.7447774267336289 -2.6927499961853028 -2.6159249479556208 -4.7790000340342527 -2.2565000724792479 -0.92902006111530344 -3.4041999561330507 -2.9247499462627538 -3.5835349617872638 -3.0905500771745902 -4.6657500879280276 -7.3840000724792478 -4.6493500309638556 -2.5852999176651332 0.16262496002577156 -1.5217000700637602 -3.4009500419712317 -5.1872174738647443 -3.7054500864735367 0.51924992561340344 -3.921875074906275 -2.3890000724792482 -0.1157501125335692 -2.3398500753357929 -2.5609000534143358 -2.3470000507194593 -0.88650007207005432 -3.75250017805025
leaf_weight=291132 4771 5318 1506 2393 4321 4273 1351 217 215 2503 2210 633 18635 154 2971 6463 1896 2594 356 4300 2890 1658 22510 348 3419 762 1240 15417 2464 1111 68332 2562 4949 2989 3444 882 660 790 517 1044 1952 1835 292 942 1228 1959 3551 994 962 356 2147 602 770 659 14689 354 4875 8586 649 477 1540 5176 1065
leaf_count=291132 4771 5318 1506 2393 4321 4273 1351 217 215 2503 2210 633 18635 154 2971 6463 1896 2594 356 4300 2890 1658 22510 348 3419 762 1240 15417 2464 1111 68332 2562 4949 2989 3444 882 660 790 517 1044 1952 1835 292 942 1228 1959 3551 994 962 356 2147 602 770 659 14689 354 4875 8586 649 477 1540 5176 1065
internal_value=0.0001292 -0.0135605 -0.00806874 -0.0215037 0.00351129 -0.0173591 -0.0209258 -0.0267449 -0.00478023 -0.000844077 -0.0223709 -0.00342296 -0.00032812 -0.0146063 -0.0118297 -0.00250191 -0.00919652 -0.00215649 -0.0128251 -0.0322735 -0.0188217 -0.0295178 -0.000918288 -0.00925151 -0.0198987 -0.00508064 -0.00925094 0.0014534 -0.0324834 -0.0132669 0.00451775 -0.00741012 -0.0182792 -0.00856544 -0.009313 -0.0126513 -0.0260293 -0.0190977 -0.0272783 -0.00966625 -0.0151087 -0.0291506 -0.0329862 -0.0221658 -0.0181361 -0.0347379 -0.0301647 -0.0294948 -0.00746985 -0.00973201 -0.0123192 -0.0153833 -0.0195347 -0.0131996 0.00204202 -0.00663876 -0.00854944 0.00104511 -0.0244971 -0.0280514 -0.0162821 -0.000567796 -0.0149147
internal_weight=551860 109329 64639 44690 442531 32271 22412 11668 52555 83067 12084 44070 78264 10744 8485 35251 7928 36142 9596 12419 4901 8119 28319 4803 9874 16616 9859 43013 6767 4541 359464 10153 8368 5960 7591 4147 2011 3214 6461 6382 2300 4303 2468 2424 2468 2251 4068 1148 2073 3265 2503 3157 2525 2555 38692 7823 5229 23275 2068 1419 1755 27686 2109
internal_count=551860 109329 64639 44690 442531 32271 22412 11668 52555 83067 12084 44070 78264 10744 8485 35251 7928 36142 9596 12419 4901 8119 28319 4803 9874 16616 9859 43013 6767 4541 359464 10153 8368 5960 7591 4147 2011 3214 6461 6382 2300 4303 2468 2424 2468 2251 4068 1148 2073 3265 2503 3157 2525 2555 38692 7823 5229 23275 2068 1419 1755 27686 2109
is_linear=0
shrinkage=0.05


Tree=2
num_leaves=64
num_cat=0
split_feature=0 44 0 0 0 12 36 44 8 0 14 0 27 16 29 0 25 25 39 36 0 32 23 25 0 29 9 14 36 12 16 0 39 23 37 22 37 44 25 31 12 43 30 35 13 38 43 25 17 8 5 44 37 5 43 9 40 5 27 5 27 37 9
split_gain=9381 1781.85 1032.71 974.603 589.43 362.987 292.772 190.91 171.073 129.713 114.556 109.434 101.995 101.221 91.0183 87.1066 81.5836 79.4743 73.9421 73.2693 70.756 62.4979 61.9736 61.6515 61.4623 59.8435 48.7138 44.131 39.4213 39.1788 38.8201 38.0016 37.4012 35.9892 49.348 61.9502 33.8763 33.201 31.9766 31.7937 29.8331 28.9086 28.6396 41.5614 28.4692 27.7876 29.5536 27.7111 26.7653 25.9866 25.9424 25.7466 25.051 27.7773 24.9765 24.4685 24.1245 23.0143 22.4765 22.4264 22.2496 22.0512 21.3248
threshold=108.05000000000001 921.00000000000102 267.25000000000006 71.825000000000003 208.75000000000003 -0.5 201.25000000000003 632.75000000000011 52.725000000000009 499.50000000000006 3.5000000000000004 56.025000000000006 108.12500000000001 -7.6971695474311286 70.955359379013345 140.25000000000003 982.45000000000016 975.95000000000016 1.0000000180025095e-35 71.250000000000014 342.25000000000006 -11.803723063378948 17.250000000000004 984.05000000000007 200.25000000000003 0.81397115412206356 281.25000000000006 9.5000000000000018 37.500000000000007 -0.12940952255126037 4.286743041630392 149.12500000000003 1.0000000180025095e-35 24.350000000000005 70.500000000000014 33.500000000000007 76.500000000000014 2037.7500000000002 977.05000000000007 8.3156905719503325 -0.5 342.50000000000006 22.500000000000004 -0.68832836526074781 4.5000000000000009 26.650000000000002 86.250000000000014 987.95000000000016 1.1300548746548327 9.4000000000000057 60.050000000000004 11260.500000000002 80.500000000000014 314.25000000000006 21.250000000000004 170.25000000000003 990.85000000000002 87.02500000000002 172.25000000000003 363.25000000000006 104.25000000000001 81.500000000000014 272.25000000000006
decision_type=2 2 2 2 2 2 2 2 10 2 2 2 10 2 2 2 2 2 2 2 2 2 2 2 2 2 10 2 2 2 2 2 2 2 2 2 2 2 2 2 2 2 2 2 2 2 2 2 2 10 10 2 2 10 2 10 2 8 10 8 10 2 8
left_child=3 2 8 11 5 27 14 17 13 23 22 -1 18 19 26 58 60 36 29 -2 25 41 50 -4 38 45 -7 31 -25 -9 -18 -3 -13 -19 -35 -36 -5 -24 -15 -29 -20 -14 51 49 57 46 -6 -39 -33 -44 -8 -31 53 -21 -40 -54 -48 -28 -12 -11 61 -10 -22
right_child=1 4 9 7 20 6 10 12 16 59 15 32 21 24 -16 -17 30 33 40 52 62 -23 37 28 -26 -27 44 39 -30 42 -32 48 -34 34 35 -37 -38 47 54 -41 -42 -43 43 -45 -46 -47 56 -49 -50 -51 -52 -53 55 -55 -56 -57 -58 -59 -60 -61 -62 -63 -64
leaf_value=1.3554624302387239 -1.2884000828665956 -1.1360225566700197 -11.582439075729697 -0.33299255276259893 -5.9756949830460115 -2.0211233221636604 -1.6857125680828469 -0.10665498633609923 -2.8202274129487837 -23.729693842925599 -1.8455400901213748 0.49677117727821563 -1.4456150569393202 -2.1666350470087248 -4.6807325789165928 -4.2847749402252608 -2.998931311607361 0.83900246045228644 -0.55267453379463383 -1.7997849992480965 -29.509799784094096 -1.1255442530960929 -2.7593062979117571 -6.1077875853432353 -2.2195500688552854 -9.4260055614143425 -2.038947958340509 -0.039300064101531619 -7.5480500688552867 -0.38023120017229745 -1.3127497182606342 -2.1670425040064965 -0.16397406838745462 0.18683739129160382 -1.8866525342183202 -0.48809898956971232 -1.1788226400532018 -4.7824625835316255 -0.040800068855285337 -1.8200350654741424 -1.4039218495491645 -2.0792377249394041 -1.3607612093083761 -0.78628778880850714 -2.6882037843760305 -4.1173000688552861 -7.3148000688552859 -3.8941378843670678 -3.3360225733158604 -1.7007502251520301 -3.1624625072376809 -0.94925627004637725 -2.5878014905305537 -4.4171775663398778 -1.0946750688757452 -3.4695500688552858 -6.4648000688552862 -3.3569701631216304 -4.8370875721080226 -17.736518154468747 -4.8002053181346183 -4.3782640476118679 -18.654800679206851
leaf_weight=320145 4245 3091 916 3907 2898 5126 317 11469 1594 1146 2888 55298 1261 591 858 2036 3329 15995 715 2704 148 3707 201 3674 6284 1551 524 1663 5670 10401 3627 1107 5158 14773 261 2911 1304 2409 19801 1622 1004 281 239 3482 591 571 1750 745 818 276 650 687 305 243 4088 444 831 1283 223 1134 599 388 3903
leaf_count=320145 4245 3091 916 3907 2898 5126 317 11469 1594 1146 2888 55298 1261 591 858 2036 3329 15995 715 2704 148 3707 201 3674 6284 1551 524 1663 5670 10401 3627 1107 5158 14773 261 2911 1304 2409 19801 1622 1004 281 239 3482 591 571 1750 745 818 276 650 687 305 243 4088 444 831 1283 223 1134 599 388 3903
internal_value=0.000251966 -0.0137263 -0.00842503 0.0032922 -0.0222498 -0.0180824 -0.0220993 -0.00201361 -0.00510219 -0.0212081 -0.0281239 0.00430531 -0.00478313 -0.00362421 -0.0152935 -0.0230843 -0.0111005 0.000357718 -0.00359477 -0.00865697 -0.0316032 -0.011184 -0.0341254 -0.0188109 -0.00232512 -0.0287587 -0.013534 -0.00944404 -0.0175974 -0.00294419 -0.0082835 -0.0123943 0.00235427 0.00124042 -0.00029674 -0.00595523 -0.00539148 -0.0373398 -0.00119281 -0.00493912 -0.0136446 -0.0196433 -0.00461883 -0.00824744 -0.0194162 -0.0265124 -0.0276063 -0.0385954 -0.0179091 -0.0215049 -0.0229731 -0.00331079 -0.0138041 -0.0117289 -0.000908577 -0.0219693 -0.0314975 -0.0225318 -0.0178222 -0.0319956 -0.0186924 -0.0161403 -0.0369403
internal_weight=551860 98586 60782 453274 37804 26152 17851 72673 48242 12540 9469 380601 33522 38705 8382 5147 9537 39151 28273 7941 11652 5249 4322 10260 30764 7601 7524 8301 9344 26554 6956 5016 60456 33940 17945 3172 5211 3355 24480 3285 1719 1542 15085 3997 2398 6050 5479 3154 1925 515 967 11088 3696 2947 23889 749 2581 1807 3111 2280 2581 1982 4051
internal_count=551860 98586 60782 453274 37804 26152 17851 72673 48242 12540 9469 380601 33522 38705 8382 5147 9537 39151 28273 7941 11652 5249 4322 10260 30764 7601 7524 8301 9344 26554 6956 5016 60456 33940 17945 3172 5211 3355 24480 3285 1719 1542 15085 3997 2398 6050 5479 3154 1925 515 967 11088 3696 2947 23889 749 2581 1807 3111 2280 2581 1982 4051
is_linear=0
shrinkage=0.05


Tree=3
num_leaves=64
num_cat=0
split_feature=0 0 43 0 12 43 0 8 43 0 27 39 16 43 12 36 0 17 37 25 0 12 40 0 25 25 16 35 41 14 37 30 32 43 38 32 11 0 8 0 37 0 37 22 5 14 14 0 0 27 27 29 32 14 14 13 41 5 28 14 37 0 41
split_gain=8517.04 1506.62 1339.53 700.544 427.219 323.893 300.02 163.122 148.906 144.745 111.065 110.427 107.559 86.7271 81.8275 77.2952 75.9501 67.3779 66.4322 65.3174 64.3252 51.6103 51.1628 50.988 45.3472 44.9506 42.8106 42.704 45.1778 39.1332 38.1866 37.0766 36.4424 35.4493 43.7965 35.2493 33.1442 31.6281 31.2877 30.9551 30.8745 30.9526 30.5764 31.0676 29.6628 29.2264 28.1363 28.1031 27.7441 27.6628 27.3614 25.9723 34.2828 26.1811 24.4181 28.1173 24.2836 24.1598 22.7153 22.1145 21.3936 20.8876 20.8762
threshold=100.90000000000002 259.25000000000006 52.500000000000007 64.02500000000002 -0.5 42.500000000000007 140.25000000000003 60.025000000000006 152.50000000000003 499.50000000000006 122.25000000000001 1.0000000180025095e-35 -8.6675060815360627 46.250000000000007 -0.3794095225512602 71.250000000000014 184.75000000000003 1.4307820134296534 51.500000000000007 982.45000000000016 81.925000000000026 -0.12940952255126037 979.25000000000011 48.025000000000006 977.05000000000007 983.45000000000016 -8.1089511693934231 -0.28400453026986777 3465.2500000000005 5.5000000000000009 43.500000000000007 30.500000000000004 -12.629606555058759 242.50000000000003 25.550000000000004 -6.8886198044003244 0.12940952255126045 149.12500000000003 80.010000000000019 154.25000000000003 29.500000000000004 90.02500000000002 80.500000000000014 43.500000000000007 363.25000000000006 5.5000000000000009 11.500000000000002 75.925000000000026 188.25000000000003 172.25000000000003 89.050000000000011 2.2846627113510967 -12.857470703355265 4.5000000000000009 2.5000000000000004 1.5000000000000002 264.25000000000006 314.25000000000006 2.7850000000000006 9.5000000000000018 80.500000000000014 378.75000000000006 12708.250000000002
decision_type=2 2 2 2 2 2 2 10 2 2 10 2 2 2 2 2 2 2 2 2 2 2 2 2 2 2 2 2 2 2 2 2 2 2 2 2 2 2 8 2 2 2 2 2 8 2 2 2 2 10 10 2 2 2 2 2 2 10 2 2 2 2 2
left_child=3 2 7 23 17 9 10 12 25 18 33 13 15 22 -15 -2 24 39 -3 49 -16 -13 40 -1 -14 -8 54 -12 -29 58 46 35 50 59 -35 -7 47 -19 56 -4 -5 -42 57 -44 -11 -30 -18 -23 -21 -9 -22 -26 -53 -54 -20 -56 -28 -17 -10 -6 -25 -37 -50
right_child=1 5 4 11 6 31 8 19 29 44 27 21 16 14 20 42 30 37 26 48 32 36 -24 60 51 -27 38 28 45 -31 -32 -33 -34 34 -36 61 -38 -39 -40 -41 41 -43 43 -45 -46 -47 -48 -49 62 -51 -52 52 53 -55 55 -57 -58 -59 -60 -61 -62 -63 -64
leaf_value=1.3976893468737606 -1.221222253473337 -9.0412399226835465 -0.61537387089799633 0.69693261841430498 -1.5612780370297974 -12.115310030356387 -4.8950958609856201 -3.122960659490198 -5.5997045006669417 -23.275749058721473 -2.0753026788781095 -0.39204642913283311 -1.9233034655986865 0.23634043519363412 -0.17134432614751527 -1.6616109471891907 -2.7272702889769564 -1.255739836099635 -10.400894048917324 -1.1832938256943291 -0.91852660129113883 -0.63034728880938129 0.56893264050256531 0.72174801857298121 0.001239896440506172 -3.9720554968685762 -3.089532598890794 -2.055245873829838 -2.8349959419852255 -3.2999894551189763 -1.5465610782233818 -20.488210371482442 -0.68248536320913833 -2.4401855790255573 -1.6175256964004252 -6.6823154540091672 -0.59577532682110934 -3.5192214281743617 -6.5023982060760721 -2.3080303667545796 -0.1498814317565966 -0.9219928833825195 -3.3249224268359407 -2.7583349133532007 -18.16786793520216 -0.01406063987072308 -4.3224681654345991 -1.6659963522206009 -3.0989847460269928 -5.6532539342930281 -1.7383784360664583 -1.8237599128246307 -0.21376006541252118 -1.3645827520792952 -9.5826657447173371 -5.9760480673610434 -5.0630481353335588 -4.4463186880228838 -4.228223836520363 -0.8583497116043326 0.20674805671995389 -16.407059985646608 -4.9536591510494965
leaf_weight=281004 4443 2254 4021 3569 5513 2828 1448 2287 2829 1295 887 2747 903 11823 12875 3201 1137 1573 379 3570 1036 630 33271 59940 22017 4109 1127 586 1441 692 8047 715 7137 1004 1472 1982 1348 1421 3686 2901 11189 1694 155 769 1233 75 240 542 2437 170 730 801 5385 833 375 1053 2655 215 926 748 12996 1323 168
leaf_count=281004 4443 2254 4021 3569 5513 2828 1448 2287 2829 1295 887 2747 903 11823 12875 3201 1137 1573 379 3570 1036 630 33271 59940 22017 4109 1127 586 1441 692 8047 715 7137 1004 1472 1982 1348 1421 3686 2901 11189 1694 155 769 1233 75 240 542 2437 170 730 801 5385 833 375 1053 2655 215 926 748 12996 1323 168
internal_value=0.000379354 -0.0121176 -0.00926366 0.00346677 -0.0175068 -0.0241892 -0.0214312 -0.00466924 -0.0277919 -0.0198453 -0.0160046 -0.000509589 -0.00353446 -6.57672e-05 -0.00202806 -0.00853752 -0.00241813 -0.00890682 -0.0174694 -0.0109986 -0.00384608 -0.00753085 0.00126028 0.00446206 -0.00118591 -0.0223349 -0.0155984 -0.0243242 -0.0282065 -0.034611 -0.00633277 -0.033106 -0.00711389 -0.0131584 -0.0182229 -0.0318498 -0.0126984 -0.0151737 -0.0139274 -0.00619619 -0.00102054 -0.0021606 -0.0132834 -0.0213528 -0.0306804 -0.0327639 -0.0140269 -0.0188481 -0.00825506 -0.0178938 -0.0135447 -0.000842747 -0.00349124 -0.00223705 -0.0225041 -0.0195098 -0.0107324 -0.0111007 -0.0366245 -0.0111556 0.00328411 -0.0283434 -0.0121785
internal_weight=551860 109329 88424 442531 31646 20905 21730 56778 10004 14057 11726 88591 48146 83324 33601 8783 39363 9916 11529 8632 21778 5267 49723 353940 29939 5557 9275 2989 2102 4447 9424 6848 8903 8737 2476 6133 2520 2994 7468 6922 16452 12883 4340 924 2528 1516 1377 1172 6175 2457 1766 29036 7019 6218 1807 1428 3782 3416 3755 6261 72936 3305 2605
internal_count=551860 109329 88424 442531 31646 20905 21730 56778 10004 14057 11726 88591 48146 83324 33601 8783 39363 9916 11529 8632 21778 5267 49723 353940 29939 5557 9275 2989 2102 4447 9424 6848 8903 8737 2476 6133 2520 2994 7468 6922 16452 12883 4340 924 2528 1516 1377 1172 6175 2457 1766 29036 7019 6218 1807 1428 3782 3416 3755 6261 72936 3305 2605
is_linear=0
shrinkage=0.05


Tree=4
num_leaves=64
num_cat=0
split_feature=0 44 0 0 0 12 36 44 0 14 14 25 0 27 23 37 16 25 30 14 0 0 0 0 39 0 0 3 32 0 0 20 0 5 16 36 37 28 44 41 14 16 31 16 13 36 10 25 37 27 9 29 21 32 0 32 38 15 1 3 0 1 43
split_gain=7771.32 1460.23 966.261 809.076 447.888 320.024 199.428 188.593 134.9 124.776 119.109 160.93 99.993 95.0876 78.1357 78.7307 77.8499 71.3341 70.2828 66.5536 64.6809 63.8146 60.2546 58.565 55.5194 50.1274 48.7079 48.4483 47.7151 47.5389 46.1336 41.3065 41.2483 39.6422 38.4501 36.5139 33.7742 31.6194 29.4116 28.795 28.6832 27.5794 30.5003 26.6411 35.2047 26.1826 26.5859 26.0091 25.3106 24.9426 24.5456 24.1271 24.071 23.6833 22.7564 22.3229 22.192 21.7464 21.6665 21.4118 21.2504 21.4036 20.8791
threshold=112.07500000000002 1068.2500000000002 69.825000000000017 252.75000000000003 223.25000000000003 -0.3794095225512602 201.25000000000003 877.75000000000011 427.25000000000006 3.5000000000000004 9.5000000000000018 982.6500000000002 51.525000000000006 106.25000000000001 24.750000000000004 70.500000000000014 -7.9700619724235251 983.55000000000007 30.500000000000004 2.5000000000000004 184.75000000000003 149.12500000000003 151.75000000000003 378.75000000000006 1.0000000180025095e-35 154.25000000000003 86.02500000000002 154.25000000000003 -11.803723063378948 151.75000000000003 163.25000000000003 -0.41467745240824966 89.02500000000002 363.25000000000006 -4.3419082664877662 37.500000000000007 82.500000000000014 2.7850000000000006 6838.2500000000009 678.25000000000011 5.5000000000000009 -6.6512398138018556 -8.2993679348990224 3.245032897177861 1.5000000000000002 92.500000000000014 30.025000000000002 981.35000000000002 73.500000000000014 167.75000000000003 288.25000000000006 443.94463624910298 457.50000000000006 -12.470040687658257 97.125000000000014 -7.9919871205965656 24.550000000000004 1.0000000180025095e-35 127.25000000000001 139.25000000000003 93.02500000000002 90.02500000000002 347.50000000000006
decision_type=2 2 2 2 2 2 2 2 2 2 2 2 2 10 2 2 2 2 2 2 2 2 2 2 2 2 2 10 2 2 2 2 2 8 2 2 2 2 2 2 2 2 2 2 2 2 10 2 2 10 8 2 2 2 2 2 2 2 8 10 2 8 2
left_child=2 3 12 10 5 29 18 14 17 19 11 21 -1 24 -4 60 -13 51 25 53 -12 48 49 27 26 47 -9 40 41 58 -18 -31 -17 -10 56 -19 -14 -21 -38 -22 -6 -15 -43 44 -41 -27 -47 -7 -2 -11 -25 -5 -26 -8 -30 -29 -28 -32 -3 -33 -16 -62 -44
right_child=1 4 7 8 23 6 9 13 33 22 20 16 36 28 15 32 30 35 -20 37 39 -23 -24 50 52 45 34 55 54 31 57 59 -34 -35 -36 -37 38 -39 -40 43 -42 42 62 -45 -46 46 -48 -49 -50 -51 -52 -53 -54 -55 -56 -57 -58 -59 -60 -61 61 -63 -64
leaf_value=1.282804803236127 -1.7169916158552465 -1.5157265843541863 0.73337822588380985 -7.8267274214910989 -8.7937643904492919 -2.1416628524777508 -1.8310058922140109 -0.092134346924840932 -18.029421697843244 -2.0583874042601691 0.11117793976545337 -2.157415981386567 0.55144298211097365 -1.8885804669707313 0.18526907561870554 -0.42170181790778899 -0.30425331216133178 -4.2535958027080198 -4.5954112349565941 -4.6251391986025441 -0.88994808587483698 -4.0995054111865894 -4.35709442711146 -28.123957080368253 -1.2376164371033367 -2.1182536473928608 -1.3570557600127717 -6.8259392897820135 -0.62985379475184655 -3.1880639336865051 -1.7334687862990976 -2.7488852881215502 -1.2414571141988251 -12.984474538442051 -0.44607197886625766 -5.5067731898371513 0.14652980357672618 -2.0304271502088374 -0.53057086160600997 -3.774373836798008 -6.0869035295855589 -1.8048206823240935 -0.63404847515849705 -1.4062444325251979 -2.5812445115013523 -2.9389411553753444 -3.9734363163364237 -1.2672666941886355 -2.2567884744423901 -4.1838584078269632 -18.189717385030416 -10.505835667097823 -0.40937100249405989 -3.1978846381232806 -1.7663596893787881 -5.5823349724598144 -0.83100427021558032 -2.753522505180801 -0.68006642920531835 -1.6827473757334446 -0.93450122484486586 0.0018291204150173675 -1.7202071050080865
leaf_weight=298468 2576 1865 20474 710 2002 631 312 15266 1911 2463 12952 3546 64704 455 15734 3968 9216 3734 819 2329 4330 1745 1335 130 1207 553 926 1551 2662 1313 5248 1318 1596 1957 8749 6320 9973 173 1090 634 978 225 867 2121 1424 776 1517 2892 675 262 2835 211 704 844 1501 2087 3587 332 3131 2088 2403 3273 182
leaf_count=298468 2576 1865 20474 710 2002 631 312 15266 1911 2463 12952 3546 64704 455 15734 3968 9216 3734 819 2329 4330 1745 1335 130 1207 553 926 1551 2662 1313 5248 1318 1596 1957 8749 6320 9973 173 1090 634 978 225 867 2121 1424 776 1517 2892 675 262 2835 211 704 844 1501 2087 3587 332 3131 2088 2403 3273 182
internal_value=0.00049451 -0.0126134 0.0031803 -0.00789024 -0.0208493 -0.0172798 -0.0218818 -0.00167351 -0.0180075 -0.0274631 -0.00453816 -0.00701045 0.0042669 -0.00438455 0.000402335 -0.00136539 -0.00484353 -0.0151777 -0.015889 -0.0341607 -0.00184963 -0.014966 -0.0214286 -0.0300203 -0.00325914 -0.014116 -0.00270646 -0.027404 -0.0101986 -0.0102187 -0.00324885 -0.0138175 -0.00666427 -0.0260367 -0.00492309 -0.0139576 0.00264475 -0.038745 9.17474e-05 -0.00523622 -0.0321309 -0.0171805 -0.0134066 -0.00819694 -0.0122498 -0.0190513 -0.0214065 -0.0101292 -0.0108259 -0.0171651 -0.03586 -0.0284962 -0.0115097 -0.0242388 -0.00729882 -0.0235322 -0.00867161 -0.00683692 -0.00681946 -0.0109131 1.1677e-05 -0.00261099 -0.00982364
internal_weight=551860 93846 458014 59642 34204 24621 14906 83779 14843 7718 44799 23338 374235 36331 47448 26974 18342 10975 7188 3658 21461 4996 4060 9583 30439 6369 28528 6618 5892 9715 14796 4719 5564 3868 13262 10054 75767 2502 11063 8509 2980 1729 1274 4179 2058 2846 2293 3523 3251 2725 2965 921 1911 1156 4163 3638 4513 5580 4996 3406 21410 5676 1049
internal_count=551860 93846 458014 59642 34204 24621 14906 83779 14843 7718 44799 23338 374235 36331 47448 26974 18342 10975 7188 3658 21461 4996 4060 9583 30439 6369 28528 6618 5892 9715 14796 4719 5564 3868 13262 10054 75767 2502 11063 8509 2980 1729 1274 4179 2058 2846 2293 3523 3251 2725 2965 921 1911 1156 4163 3638 4513 5580 4996 3406 21410 5676 1049
is_linear=0
shrinkage=0.05


Tree=5
num_leaves=64
num_cat=0
split_feature=0 0 44 0 12 44 0 8 43 16 0 44 0 39 27 44 40 25 0 29 36 0 0 25 16 25 12 27 37 21 25 0 22 16 17 11 31 12 23 42 28 14 38 27 12 0 35 16 27 32 8 37 41 37 24 14 5 37 1 39 0 33 0
split_gain=7054.1 1339.91 1094.6 544.307 354.796 302.953 295.284 166.236 131.334 116.733 98.1671 93.6843 91.9639 89.7471 79.4174 70.548 68.2978 66.2406 67.0252 61.1182 56.9523 53.841 51.8822 48.7626 47.9847 46.3674 45.3577 44.9859 39.9012 39.803 39.0812 37.6846 36.6122 36.5347 34.3518 32.6627 28.4209 28.335 28.6243 27.7664 27.6772 27.7918 27.044 27.0246 26.8119 25.8804 27.227 25.837 25.249 24.6925 24.3984 24.2865 24.2317 21.6228 21.2385 20.903 20.5949 20.5002 20.4061 20.3694 20.1138 20.0888 20.0538
threshold=96.125000000000014 274.25000000000006 1519.7500000000002 62.625000000000007 -0.5 1314.2500000000002 130.12500000000003 89.65000000000002 257.50000000000006 -8.4129230539050894 427.25000000000006 562.75000000000011 166.25000000000003 1.0000000180025095e-35 122.25000000000001 632.75000000000011 988.85000000000002 976.05000000000007 178.25000000000003 6.2229954624792745 71.250000000000014 78.825000000000003 47.050000000000004 983.45000000000016 -3.4125660924301768 974.6500000000002 -0.12940952255126037 122.25000000000001 80.500000000000014 67.500000000000014 986.55000000000007 149.12500000000003 41.500000000000007 -6.6512398138018556 3.9918078705477495 -1.0000000180025095e-35 -0.70169209133456789 -0.3794095225512602 18.450000000000003 9.7500000000000018 2.7850000000000006 5.5000000000000009 27.650000000000002 108.12500000000001 0.37940952255126048 188.25000000000003 0.8869770585236475 -2.1449124423318664 124.25000000000001 -11.492439074768329 -12.999999999999993 53.500000000000007 2841.2500000000005 46.500000000000007 1.2500000000000002 9.5000000000000018 329.25000000000006 51.500000000000007 84.02500000000002 1.0000000180025095e-35 118.25000000000001 34.45000000000001 157.25000000000003
decision_type=2 2 2 2 2 2 2 10 2 2 2 2 2 2 10 2 2 2 2 2 2 2 2 2 2 2 2 10 2 2 2 2 2 2 2 2 2 2 2 2 2 2 2 10 2 2 2 2 10 2 8 2 2 2 2 2 8 2 8 2 2 2 2
left_child=3 2 7 22 12 10 14 9 16 20 19 17 55 15 24 25 27 -11 54 33 -2 -17 -1 48 36 -5 -15 62 45 50 -12 -13 -30 44 39 -28 51 -29 -39 -14 41 52 61 58 -3 -22 -47 -18 -9 -45 -7 -6 -16 -20 -19 60 -32 -35 -23 -24 -4 -10 -8
right_child=1 5 4 13 6 29 8 23 42 11 30 31 34 26 40 21 47 18 53 -21 28 43 59 -25 -26 -27 35 37 32 -31 56 -33 -34 57 -36 -37 -38 38 -40 -41 -42 -43 -44 49 -46 46 -48 -49 -50 -51 -52 -53 -54 -55 -56 -57 -58 -59 -60 -61 -62 -63 -64
leaf_value=1.2786646012212934 -1.1969571314602196 -8.4102648138263607 -0.45044292631251254 -0.29046109245527701 -0.75516922390306385 -7.2718086641256043 -2.4114814977406813 -3.7455491245038517 -4.5782531667153421 -1.8864558862492005 -21.496801497066709 -0.86568836202904675 -2.2578085624018276 -0.24615008455926315 -1.741964704176673 0.046998089157802084 -4.1691716768632228 0.073864414804047304 -2.4081684041847753 -9.2386024182596742 -1.1839026885434198 -0.55876860880478074 0.66827310652708016 -3.0151220974911173 -0.9590185874145809 0.50287212411937554 -1.0167482992278269 -1.5838372141478709 -2.9962072391136743 -12.96754201637688 -12.574879628059055 -2.569637457568537 -2.6565009349071724 -6.9182469097864869 -4.1088571765570245 -0.50919139737142216 -2.0359792354662538 -2.8253477339585849 -5.4420972693915708 -3.3047725440376583 -1.2951779159041501 -0.74941554026591828 -4.348396747863756 -1.4261842851940565 -5.9395433239717335 -2.4711645570684242 -4.0532837805374236 -2.4691076574991868 -4.8155486304390447 -0.74236187061168735 -15.001808969301386 -1.8378249812846246 -2.4634755831381341 -1.1505179563353023 -2.2721388940436733 -0.29722267925958656 -10.960250811519948 -4.5138607129951849 -0.085274793709837982 0.063211665728983846 -1.2308586067273224 -4.6791988000663762 -4.3139156136566346
leaf_weight=275229 5398 649 2643 5064 722 429 1579 1069 1924 890 1141 5022 2141 2889 172 21633 556 27486 1946 414 4738 6605 65430 2679 4691 40674 1017 147 215 2648 1146 3766 1155 1095 659 1635 1022 446 1620 906 621 196 849 726 1111 532 222 1643 355 1653 2704 1302 1482 9189 64 2461 1720 5342 6172 7287 2617 89 2233
leaf_count=275229 5398 649 2643 5064 722 429 1579 1069 1924 890 1141 5022 2141 2889 172 21633 556 27486 1946 414 4738 6605 65430 2679 4691 40674 1017 147 215 2648 1146 3766 1155 1095 659 1635 1022 446 1620 906 621 196 849 726 1111 532 222 1643 355 1653 2704 1302 1482 9189 64 2461 1720 5342 6172 7287 2617 89 2233
internal_value=0.00060432 -0.0103626 -0.00802605 0.00351817 -0.0154792 -0.0227379 -0.0192932 -0.00425826 -0.0249432 -0.00359905 -0.0183951 -0.00249437 -0.00837184 6.69955e-06 -0.0131573 0.000420287 -0.0217327 -0.00145736 -0.00114709 -0.0153867 -0.00795677 -0.00120974 0.00440695 -0.0139983 -0.010665 0.00173138 -0.00615322 -0.0244855 -0.0109793 -0.0322167 -0.0248602 -0.00716431 -0.0186131 -0.01444 -0.0148462 -0.0108748 -0.0155515 -0.0301559 -0.0316651 -0.0126075 -0.0209611 -0.024027 -0.0341684 -0.00349499 -0.0208239 -0.00907502 -0.017679 -0.0141905 -0.0214747 -0.00838798 -0.036031 -0.0121196 -0.0261366 -0.00442075 0.000176044 -0.00526421 -0.0217446 -0.0126946 -0.00258394 0.00321912 -0.00704373 -0.0373249 -0.0211936
internal_weight=551860 115846 97447 436014 32721 18399 21294 64726 11086 60623 12618 48363 11427 88068 10208 82527 8224 39575 38685 8611 12260 36789 347946 4103 7737 45738 5541 6025 6862 5781 4007 8788 1370 8197 3706 2652 3046 2213 2066 3047 2471 1850 2862 15156 1760 5492 754 2199 1424 2379 3133 2024 1654 11135 27550 7721 2866 6437 12777 72717 5260 2013 3812
internal_count=551860 115846 97447 436014 32721 18399 21294 64726 11086 60623 12618 48363 11427 88068 10208 82527 8224 39575 38685 8611 12260 36789 347946 4103 7737 45738 5541 6025 6862 5781 4007 8788 1370 8197 3706 2652 3046 2213 2066 3047 2471 1850 2862 15156 1760 5492 754 2199 1424 2379 3133 2024 1654 11135 27550 7721 2866 6437 12777 72717 5260 2013 3812
is_linear=0
shrinkage=0.05


Tree=6
num_leaves=64
num_cat=0
split_feature=0 0 44 0 44 12 0 0 43 14 25 0 27 39 16 0 29 44 0 14 25 16 0 3 0 0 0 25 41 12 30 23 38 22 31 35 38 0 43 23 17 23 41 25 27 33 40 23 32 25 37 11 30 41 42 16 40 15 9 1 32 11 14
split_gain=6389.95 1193.28 936.158 550.017 390.89 315.134 220.986 136.624 110.045 105.443 124.178 100.306 93.38 85.9417 84.654 78.229 67.653 64.356 59.0196 49.5967 49.3784 49.292 48.2631 47.4073 47.2444 47.0763 46.8209 41.6094 41.2462 40.7971 39.0455 35.9295 41.4921 34.134 33.9721 33.873 31.3081 30.1701 29.9142 29.0198 28.6108 27.9099 27.293 26.8789 26.2833 26.0002 25.2023 24.3077 26.1108 28.0114 23.9809 23.8494 23.3389 22.9694 22.294 22.1193 21.7927 21.6392 21.6367 21.4215 21.1549 21.0603 20.2665
threshold=97.125000000000014 234.25000000000003 1519.7500000000002 63.050000000000004 877.75000000000011 -0.5 142.12500000000003 378.75000000000006 152.50000000000003 9.5000000000000018 982.55000000000007 132.25000000000003 122.25000000000001 1.0000000180025095e-35 -8.6675060815360627 401.25000000000006 3.4541751861472934 632.75000000000011 44.525000000000006 3.5000000000000004 984.1500000000002 -4.6646157207872774 166.25000000000003 79.52500000000002 157.25000000000003 172.25000000000003 78.825000000000003 974.6500000000002 842.50000000000011 -0.12940952255126037 4.5000000000000009 18.250000000000004 23.750000000000004 37.500000000000007 18.729165766681053 -0.43049470426488839 25.850000000000005 692.00000000000011 56.250000000000007 16.250000000000004 3.8092634938953447 18.450000000000003 1648.2500000000002 983.55000000000007 116.25000000000001 10.750000000000002 997.45000000000016 14.050000000000002 -11.492439074768329 986.75000000000011 74.500000000000014 -0.60355339059327362 9.5000000000000018 3689.7500000000005 -0.65000000000000024 13.293329468144124 990.85000000000002 1.0000000180025095e-35 288.25000000000006 85.02500000000002 -9.8978820387729112 -0.78656609248549292 8.5000000000000018
decision_type=2 2 2 2 2 2 2 2 2 2 2 2 10 2 2 2 2 2 2 2 2 2 2 8 2 2 2 2 2 2 2 2 2 2 2 2 2 2 2 2 2 2 2 2 10 2 2 2 2 2 2 2 2 2 2 2 2 2 8 8 2 2 2
left_child=3 2 9 18 7 22 12 16 30 10 11 50 21 17 42 23 28 27 -1 39 -9 34 -4 -6 51 -11 -19 -5 62 -15 -8 -14 53 -31 -7 -25 38 46 -37 -10 -24 -32 -12 -30 59 -44 -22 -23 49 -49 -2 -16 -21 -33 -13 61 -40 -26 -17 -28 -46 -27 -3
right_child=1 4 5 13 15 6 8 20 19 25 14 54 31 29 24 58 -18 26 -20 52 37 47 40 35 57 55 44 -29 43 33 41 32 -34 -35 -36 36 -38 -39 56 -41 -42 -43 45 -45 60 -47 -48 48 -50 -51 -52 -53 -54 -55 -56 -57 -58 -59 -60 -61 -62 -63 -64
leaf_value=1.2497313616234855 -0.79519028896718802 -4.4639054699871092 -0.73530500594010328 -0.28285343281455089 -9.9228708483332895 -1.6415594439041588 -2.8411733189641524 -24.753110538097747 -2.9937952602630808 0.37668959725323209 -1.49520031040726 -2.7128400748590717 -1.5337159520265851 -0.27804371284643459 -0.87411827194065106 -26.220353510055133 -6.8292454977718142 0.036210510209861373 0.56592347395960807 -2.9147579125392049 -8.4736709311973879 -0.014573789362567988 -2.1493410469880661 -4.0852087491794054 -1.3880032979446435 -2.8871645689601211 -0.53235419548149054 0.45109181562219969 -5.2484433983071686 -1.6943623598436006 -2.2811654256450931 -1.8134519066191921 -2.2188518164130042 -0.65785351893729149 -2.5708374189476508 -4.9921011118443017 -4.4994669362549828 -22.028110538097749 -6.6680722865965807 -4.6281846110558034 -3.5217263279958892 -4.4952986937722672 -0.47364563789130587 -4.0136909677194543 -1.3242809529482606 -2.1080572378248696 -11.067183718538665 -2.1877536531891097 -0.95392692198519569 -1.031919043323398 -1.341430587596119 0.12529346755652068 -4.5610412541522223 -2.3173388421226013 -3.6066925988306395 0.45721044992134846 -5.5847045669244517 -2.4608799755581652 -17.188073808955796 -0.078257781222486861 -0.76275017977126935 -1.0868550421841205 -2.8179407443592299
leaf_weight=260163 4757 1482 7525 4940 855 2630 2561 526 411 14329 2771 1657 453 2842 2536 127 632 20828 89840 756 3706 785 2307 1060 5866 1198 7343 40531 254 212 235 274 1405 2404 485 1320 612 653 1913 1566 517 1043 404 4145 741 1561 320 717 3684 605 1131 12102 1118 966 1308 1763 936 379 2611 6461 1335 6121 5142
leaf_count=260163 4757 1482 7525 4940 855 2630 2561 526 411 14329 2771 1657 453 2842 2536 127 632 20828 89840 756 3706 785 2307 1060 5866 1198 7343 40531 254 212 235 274 1405 2404 485 1320 612 653 1913 1566 517 1043 404 4145 741 1561 320 717 3684 605 1131 12102 1118 966 1308 1763 936 379 2611 6461 1335 6121 5142
internal_value=0.000702262 -0.00982928 -0.00703455 0.0034509 -0.0191747 -0.0141958 -0.017908 -0.0146145 -0.0245254 -0.00331764 -0.00507629 -0.0101813 -0.0136688 -9.14566e-05 -0.00331219 -0.0273246 -0.0116066 0.000312063 0.00433786 -0.0304973 -0.0213497 -0.0110678 -0.00713161 -0.0244131 -0.00194345 -0.000728076 -0.00124523 0.00156924 -0.0106945 -0.00616709 -0.0185348 -0.0211459 -0.0233743 -0.0106728 -0.0161396 -0.0228035 -0.0245963 -0.0197168 -0.0261466 -0.0360217 -0.0127054 -0.0256729 -0.00934755 -0.0144476 -0.0032903 -0.013855 -0.0180999 -0.00833966 -0.00962245 -0.0156505 -0.00640455 -0.00039008 -0.0246692 -0.0300403 -0.0176813 -0.00354437 -0.0290295 -0.00558447 -0.0344448 -0.00250145 -0.00853565 -0.00475543 -0.00820199
internal_weight=551860 114220 87926 437640 26294 30043 19694 16860 7690 57883 34472 8853 12004 87637 25619 9434 11655 82179 350003 3851 5205 8906 10349 6696 20883 23411 36708 45471 11023 5458 3839 3098 2645 2616 3115 5841 4781 4679 4169 1977 2824 1278 4736 4399 15880 1965 4026 5791 5006 1322 5888 14638 1874 1240 2965 9082 2849 6245 2738 13804 2076 7319 6624
internal_count=551860 114220 87926 437640 26294 30043 19694 16860 7690 57883 34472 8853 12004 87637 25619 9434 11655 82179 350003 3851 5205 8906 10349 6696 20883 23411 36708 45471 11023 5458 3839 3098 2645 2616 3115 5841 4781 4679 4169 1977 2824 1278 4736 4399 15880 1965 4026 5791 5006 1322 5888 14638 1874 1240 2965 9082 2849 6245 2738 13804 2076 7319 6624
is_linear=0
shrinkage=0.05


Tree=7
num_leaves=64
num_cat=0
split_feature=0 0 44 0 0 44 29 27 0 25 33 23 37 29 12 14 44 0 25 0 31 33 19 21 12 36 39 13 15 14 16 36 37 23 22 13 38 25 44 30 35 22 23 37 16 2 37 37 0 37 43 8 14 12 34 22 0 13 32 16 8 17 37
split_gain=5847.27 1152.77 862.636 447.125 315.573 263.872 233.146 144.873 113.571 98.2882 90.5849 89.6201 105.285 74.1179 72.4278 65.1306 63.938 60.0163 54.0962 49.8636 49.1356 48.6408 48.4798 47.1697 46.4246 43.8914 41.3609 38.8682 36.6234 35.937 35.6264 35.573 34.8945 34.2978 34.1023 32.9817 32.959 32.6967 30.9983 34.9632 50.2647 30.7226 37.4646 33.1104 30.0362 29.4792 29.1294 28.4665 27.3422 27.1855 26.6246 26.4852 30.3393 25.6803 25.2231 24.5688 24.4687 24.365 26.3066 23.9248 23.5439 23.4699 23.2323
threshold=93.02500000000002 274.25000000000006 790.25000000000011 60.625000000000007 151.75000000000003 1314.2500000000002 0.26856954982577802 108.12500000000001 184.75000000000003 984.1500000000002 20.950000000000003 24.850000000000005 72.500000000000014 6.6480831684382107 -0.3794095225512602 9.5000000000000018 523.75000000000011 561.75000000000011 974.6500000000002 41.525000000000006 7.9784720762880488 22.550000000000004 0.12186934340514753 67.500000000000014 -0.12940952255126037 161.25000000000003 1.0000000180025095e-35 1.0000000180025095e-35 1.0000000180025095e-35 9.5000000000000018 -6.6512398138018556 41.250000000000007 85.500000000000014 14.350000000000003 38.500000000000007 2.5000000000000004 25.050000000000004 983.45000000000016 12006.750000000002 28.500000000000004 -0.71933980033865108 55.500000000000007 19.150000000000002 74.500000000000014 0.7068421917498543 347.25000000000006 45.500000000000007 29.500000000000004 116.25000000000001 45.500000000000007 21.250000000000004 21.010000000000009 4.5000000000000009 0.37940952255126048 0.60873824923885345 48.500000000000007 499.50000000000006 1.0000000180025095e-35 8.0975882788809965 0.51731925900107745 -25.084999999999994 -8.2920365855041123 92.500000000000014
decision_type=2 2 2 2 2 2 2 10 2 2 2 2 2 2 2 2 2 2 2 2 2 2 2 2 2 2 2 2 2 2 2 2 2 2 2 2 2 2 2 2 2 2 2 2 2 10 2 2 2 2 2 10 2 2 2 2 2 2 2 2 8 2 2
left_child=3 2 8 19 7 9 20 15 11 45 61 50 29 31 28 21 18 30 -5 -1 32 41 46 49 54 37 38 -12 -8 47 53 -10 -6 -23 -14 51 -27 -16 39 -26 -41 43 -43 -4 -33 -3 -22 -13 -35 -7 -2 52 -29 -11 -18 -42 -25 58 -56 -45 -32 -9 -59
right_child=1 5 4 16 6 23 14 10 13 17 27 12 34 -15 25 -17 24 -19 -20 -21 22 33 -24 56 26 36 -28 35 -30 -31 60 44 -34 48 -36 -37 -38 -39 -40 40 55 42 -44 59 -46 -47 -48 -49 -50 -51 -52 -53 -54 -55 57 -57 -58 62 -60 -61 -62 -63 -64
leaf_value=1.2272448030790544 0.14120351567138609 -15.372755209761728 -0.59047539760513523 -0.24467659931942018 -1.6860871709993668 -16.562314525212745 -2.3007638360605855 -2.3022840010747179 -1.1033540899597822 -8.9254259515310306 -0.30985832843514877 -0.45251507228254706 -2.2042446749352869 -4.0641965317541411 -4.6877434746168438 -0.206566091741027 0.37260149589303837 -15.73670490368098 0.48078296275495158 0.59637863951444925 -3.2800645790496001 -0.46070707902366287 -3.9826076227851277 -6.9243095887130695 -0.050301659094638046 -4.8479317991434696 -0.75398537822847356 -2.3403669503507269 -3.5619168296512251 0.22541949003752548 -3.9677799169443575 -2.9228375838681977 -3.6216358365017172 -1.2042310791814392 -1.9735048839284079 -1.8744141533933882 -4.8701937673477422 -2.4966666386965013 -0.75455326577960946 -1.2541409401005361 0.015363405006430471 -0.57426884673733603 -1.4920312100386892 -1.893053572116179 -1.6521375392446354 -16.202957373891113 -2.6640507007869285 -1.0776251869672282 -2.2717753394160018 -10.237314525212746 -0.9585351814330777 -1.6163723263951788 0.11834898142929191 -6.5124640007344654 -0.17256240044363139 -0.76128856023448754 -20.161399977616682 0.053196191119832606 -0.62644968117111066 0.1066121166654288 -5.3803600145891401 -1.3363295547200673 -1.2932106178573386
leaf_weight=241953 25424 819 7261 6520 3001 681 1439 633 6083 721 259 3862 280 1104 537 3559 11702 1444 42867 97688 1431 660 1828 2126 16386 1570 1557 1036 212 4418 1732 3144 703 1798 1754 1242 1331 653 1486 572 2194 1759 3242 188 4849 463 2949 4908 1361 2452 3909 359 68 1264 786 1601 522 5102 446 88 6175 3551 148
leaf_count=241953 25424 819 7261 6520 3001 681 1439 633 6083 721 259 3862 280 1104 537 3559 11702 1444 42867 97688 1431 660 1828 2126 16386 1570 1557 1036 212 4418 1732 3144 703 1798 1754 1242 1331 653 1486 572 2194 1759 3242 188 4849 463 2949 4908 1361 2452 3909 359 68 1264 786 1601 522 5102 446 88 6175 3551 148
internal_value=0.000795945 -0.00892364 -0.00685422 0.00352126 -0.0122796 -0.020447 -0.0179302 -0.00901123 -0.00297439 -0.016394 -0.0151175 -0.00170183 -0.00481474 -0.00670949 -0.0259474 -0.00681964 0.000416288 -0.01491 0.00163575 0.00435653 -0.0132859 -0.00815339 -0.0160052 -0.0292934 -0.00101834 -0.0295148 -0.00247184 -0.021805 -0.0171078 -0.00318168 -0.01352 -0.00573103 -0.0087284 -0.0130937 -0.0154031 -0.0235767 -0.0328318 -0.0214286 -0.00192027 -0.00142076 -0.00539615 -0.00664859 -0.00968706 -0.00463248 -0.00792381 -0.0295164 -0.0131507 -0.00503421 -0.0152596 -0.0334456 -8.64212e-05 -0.0286637 -0.0325 -0.0195088 0.000883744 -0.00331357 -0.0243807 -0.00161833 -0.00794643 -0.0216304 -0.0120166 -0.01038 -0.000133333
internal_weight=551860 120852 102453 431008 42718 18399 15654 27064 59735 12618 7148 44555 15222 15180 5742 19916 91367 11336 49387 339641 9912 16357 6208 5781 41980 4091 23796 2964 1651 13188 9892 14076 3704 3819 2034 2705 2901 1190 22239 20753 4367 12538 5001 7537 7993 1282 4380 8770 3159 3133 29333 1463 1104 1985 18184 3795 2648 6482 1232 276 7907 4184 5250
internal_count=551860 120852 102453 431008 42718 18399 15654 27064 59735 12618 7148 44555 15222 15180 5742 19916 91367 11336 49387 339641 9912 16357 6208 5781 41980 4091 23796 2964 1651 13188 9892 14076 3704 3819 2034 2705 2901 1190 22239 20753 4367 12538 5001 7537 7993 1282 4380 8770 3159 3133 29333 1463 1104 1985 18184 3795 2648 6482 1232 276 7907 4184 5250
is_linear=0
shrinkage=0.05


Tree=8
num_leaves=64
num_cat=0
split_feature=0 44 0 0 0 12 12 8 44 25 0 14 0 37 13 36 0 13 23 37 22 0 0 27 29 25 25 31 25 16 16 0 14 38 12 16 16 10 36 6 42 17 37 44 11 8 38 23 14 25 36 28 37 8 16 31 12 30 22 28 36 44 18
split_gain=5305.34 956.263 768.111 555.847 334.438 196.465 150.575 126.896 122.234 89.4232 84.7502 84.3106 79.7968 75.6123 75.355 71.6845 63.4408 60.1008 59.0928 67.9091 68.3284 57.595 52.0527 49.1175 48.7845 48.7183 48.4906 41.6202 55.3271 39.6827 38.3782 37.9113 48.1229 36.1802 34.4699 34.0127 33.5939 31.667 31.4938 30.4303 30.4232 34.6051 27.6919 29.6067 25.9499 23.53 23.4899 35.3796 23.1456 22.78 22.1809 22.1683 21.894 21.4007 21.2599 21.0002 20.6729 20.4848 30.6659 35.579 20.1894 20.0922 20.3426
threshold=112.07500000000002 1624 65.725000000000009 292.25000000000006 178.25000000000003 -0.3794095225512602 -0.60355339059327384 67.050000000000011 598.24999999999989 983.75000000000011 47.050000000000004 5.5000000000000009 82.625000000000014 47.500000000000007 2.5000000000000004 57.500000000000007 218.25000000000003 1.0000000180025095e-35 24.250000000000004 72.500000000000014 39.500000000000007 378.75000000000006 561.75000000000011 122.25000000000001 515.9082932769328 987.1500000000002 984.6500000000002 -1.0000000180025095e-35 984.05000000000007 -10.440944703380501 -2.3770843151779633 342.25000000000006 7.5000000000000009 23.850000000000005 -0.12940952255126037 4.604417617242043 -6.6512398138018556 12.225000000000001 617.50000000000011 361.75000000000006 9.7500000000000018 1.6182218344887949 79.500000000000014 6838.2500000000009 -0.9159756150367534 9.6000000000000068 26.150000000000002 26.450000000000003 2.5000000000000004 977.95000000000016 207.50000000000003 5.4650000000000007 44.500000000000007 49.550000000000011 6.6456999851684389 -21.012849117911134 0.37940952255126048 19.500000000000004 45.500000000000007 1.9150000000000003 1522.5000000000002 562.75000000000011 30.550000000000004
decision_type=2 2 2 2 2 2 2 10 2 2 2 2 2 2 2 2 2 2 2 2 2 2 2 10 2 2 2 2 2 2 2 2 2 2 2 2 2 10 2 8 2 2 2 2 2 8 2 2 2 2 2 2 2 8 2 2 2 2 2 2 2 2 2
left_child=2 3 10 7 5 55 21 15 18 39 -1 14 60 51 17 44 26 -7 -4 -20 34 40 36 30 35 33 -17 50 -29 -28 46 32 37 48 -21 -9 56 -15 -26 -5 41 -6 -12 -44 -2 -38 47 -14 -19 -37 -16 -8 -47 -13 -33 -3 -11 -48 -59 -60 -10 62 -31
right_child=1 4 8 9 6 11 13 24 12 22 42 53 23 31 27 16 -18 25 19 20 -22 -23 -24 -25 38 -27 29 28 -30 61 -32 54 -34 -35 -36 49 45 -39 -40 -41 -42 -43 43 -45 -46 52 57 -49 -50 -51 -52 -53 -54 -55 -56 -57 -58 58 59 -61 -62 -63 -64
leaf_value=1.095882581998588 -1.9380237069269979 -2.1118995086940813 0.80347138093217263 -10.345659936043171 -1.9187799036093083 -1.4547097115482641 -11.575198580905308 -2.8073051006185619 -0.13889887153923916 -8.7348302303800676 0.56974304148572052 -0.67177965131710882 -0.73881002997513079 -4.5379908161538287 -0.53301189500586188 -1.5253281839275026 -2.9823114478045332 -0.81996347940217196 0.11292773730120445 -0.17012966074809485 -0.38190646921214544 -15.192683477088696 -15.702825770374142 -1.2377434401894949 -4.6296949758337469 -1.9027707300578542 -1.6498559359585425 -2.7707326242732755 -1.5501846168353219 -0.045307202435048946 -0.28832438690623013 -13.325448798952108 -3.3553559904034276 -4.5052164959328147 -1.2888518546235432 -3.3577013573549479 -4.2627286348821096 -5.0352254000618641 -2.3591799683169903 -18.091147034079167 -4.0473836751956567 -4.0578313495047444 0.24247544224828635 -0.38227933019962523 -0.19433981182702167 -7.6801314048301697 -0.32222556158374155 -1.5746875889395033 -3.1364997916824362 -1.3871138228650208 -1.5925962945848433 -7.6777940366517328 -5.2413868971916333 -1.8877465355596936 -6.6045042884318903 -0.93328857823109512 -6.7371081679070315 -0.37225418135782179 -0.75709030780892606 -1.8839648872355701 0.40440311586834704 -1.1656121296503095 -2.0283539375931805
leaf_weight=275229 2316 190 20554 530 1978 622 2082 4440 19403 617 68096 1233 1871 485 767 5793 3687 95 25997 173 5783 859 1518 3056 218 1117 2341 1011 737 9500 11275 1248 1449 508 447 190 2032 1894 190 503 1095 715 14715 1424 17656 522 3580 596 1390 3269 1659 326 4593 622 264 6501 1107 1197 637 377 3604 3851 126
leaf_count=275229 2316 190 20554 530 1978 622 2082 4440 19403 617 68096 1233 1871 485 767 5793 3687 95 25997 173 5783 859 1518 3056 218 1117 2341 1011 737 9500 11275 1248 1449 508 447 190 2032 1894 190 503 1095 715 14715 1424 17656 522 3580 596 1390 3269 1659 326 4593 622 264 6501 1107 1197 637 377 3604 3851 126
internal_value=0.000887816 -0.00994257 0.00310694 -0.00658018 -0.0175188 -0.0128459 -0.0237213 -0.00444528 -0.000803653 -0.0165943 0.00417906 -0.0173696 -0.00270133 -0.0279892 -0.0196205 -0.00340292 -0.00517076 -0.024783 0.000830343 -0.0005 -0.00511245 -0.0166053 -0.0151992 -0.0048123 -0.0101258 -0.0276206 -0.00413655 -0.0150048 -0.0208867 -0.00270325 -0.00389008 -0.0246723 -0.0220246 -0.0323056 -0.0208871 -0.00925497 -0.0137352 -0.0263997 -0.0269853 -0.0306244 -0.0139546 -0.0110973 0.0027913 0.000929116 -0.00116363 -0.012224 -0.00647978 -0.0105655 -0.0362458 -0.00553773 -0.0107667 -0.0353447 -0.0140323 -0.00777628 -0.0313757 -0.00624645 -0.02 -0.00473925 -0.00852329 -0.0149211 -0.000628721 -0.00165949 -0.000438396
internal_weight=551860 93846 458014 64999 28847 16452 12395 53577 98550 11422 359464 9761 45596 7748 7906 45270 25298 3732 52954 32400 6403 4647 10389 22589 8307 3110 21611 4174 1748 15818 19533 5340 3828 1993 620 7899 8871 2379 408 1033 3788 2693 84235 16139 19972 7147 8258 2467 1485 3459 2426 2408 5115 1855 1512 6691 1724 5791 2211 1014 23007 13477 9626
internal_count=551860 93846 458014 64999 28847 16452 12395 53577 98550 11422 359464 9761 45596 7748 7906 45270 25298 3732 52954 32400 6403 4647 10389 22589 8307 3110 21611 4174 1748 15818 19533 5340 3828 1993 620 7899 8871 2379 408 1033 3788 2693 84235 16139 19972 7147 8258 2467 1485 3459 2426 2408 5115 1855 1512 6691 1724 5791 2211 1014 23007 13477 9626
is_linear=0
shrinkage=0.05


Tree=9
num_leaves=64
num_cat=0
split_feature=0 0 43 0 44 0 14 33 0 30 16 0 27 40 25 40 36 29 0 13 25 0 0 32 37 44 44 37 8 12 22 32 38 43 44 36 32 12 8 0 22 12 27 32 16 14 13 43 36 8 16 37 40 32 13 38 40 14 0 26 16 39 38
split_gain=4831.38 1006.84 630.827 354.087 298.581 243.083 219.464 127.06 116.286 98.4789 88.3703 86.7784 67.9865 65.0778 59.7918 58.5251 56.6592 54.2175 49.7755 47.6467 47.1367 46.55 44.906 40.9849 39.601 39.5165 37.9354 36.6895 36.4592 34.583 33.0859 31.9104 31.922 33.7567 30.5745 30.4167 27.2302 26.8765 26.7323 26.6878 26.0132 34.2951 25.583 25.9286 24.224 29.3837 27.3833 23.8489 23.2984 22.8262 22.424 21.8343 21.3865 23.505 21.3548 22.4658 20.8649 20.5747 24.3277 19.8019 23.1587 19.7927 19.6799
threshold=89.02500000000002 234.25000000000003 52.500000000000007 57.025000000000006 752.25000000000011 126.25000000000001 9.5000000000000018 20.950000000000003 378.75000000000006 33.500000000000007 -4.3419082664877662 427.25000000000006 122.25000000000001 988.05000000000007 979.35000000000002 978.25000000000011 92.500000000000014 443.94463624910298 138.25000000000003 5.5000000000000009 983.75000000000011 178.25000000000003 40.975000000000009 -14.182185927007987 76.500000000000014 104.74999999999996 562.75000000000011 76.500000000000014 54.010000000000012 -0.5 46.500000000000007 8.239178195002383 25.950000000000003 56.250000000000007 10243.000000000002 41.250000000000007 -15.550132402370108 -0.78656609248549325 39.015000000000008 692.00000000000011 44.500000000000007 -0.12940952255126037 93.350000000000009 -13.292267053620082 1.0564618975553799 4.5000000000000009 1.5000000000000002 226.25000000000003 226.25000000000003 51.020000000000003 4.9734023493651867 46.500000000000007 981.45000000000016 -10.576565681951115 5.5000000000000009 17.050000000000004 997.45000000000016 9.5000000000000018 138.25000000000003 691.00000000000011 -4.3419082664877662 1.0000000180025095e-35 24.850000000000005
decision_type=2 2 2 2 2 2 2 2 2 2 2 2 10 2 2 2 2 2 2 2 2 2 2 2 2 2 2 2 10 2 2 2 2 2 2 2 2 2 10 2 2 2 10 2 2 2 2 2 2 10 2 2 2 2 2 2 2 2 2 2 2 2 2
left_child=3 2 10 22 8 12 7 21 17 11 16 31 29 19 28 24 49 35 -16 23 -10 52 -1 48 38 -20 -17 -18 57 -4 -29 32 33 51 61 -3 -14 -23 -5 56 41 -26 -28 -44 45 -37 -47 -42 -9 -2 -15 -6 62 -54 55 -13 59 58 -12 -22 -61 -31 -7
right_child=1 4 5 15 9 6 -8 13 20 -11 14 54 36 50 18 26 27 -19 25 -21 39 37 -24 -25 40 -27 42 30 -30 34 -32 -33 -34 -35 -36 44 -38 -39 -40 -41 47 -43 43 -45 -46 46 -48 -49 -50 -51 -52 -53 53 -55 -56 -57 -58 -59 -60 60 -62 -63 -64
leaf_value=1.1260884433619154 -0.49637502786797932 -2.4815107476123508 -0.24675872844047286 0.095422657279450013 -5.8488615110443902 -3.4380539016278955 -1.277735125744075 -3.0057683229602419 -22.572259711543808 -15.877915526356478 -0.82759312712917965 -13.477608787255299 -1.469415985106366 -3.1053427828762814 0.25487819471545237 0.67992641079076399 -1.0585084413409607 -6.0570179636472448 -0.26207038059736104 -1.9867192520015484 -6.1849098408201648 -1.7936247766938038 0.55744571641501683 -3.2278090977799034 0.34135267540053493 -1.3910592918101456 0.17270336663153205 -1.9767489471871766 -2.360983844908731 -0.71398672625722415 -1.9015103478806872 -3.2054919555277488 -5.5990036882189811 -5.4958813521587473 -1.4247794620486922 -5.2001375436050603 -1.3967411759070409 -3.7694252425697146 -0.44479802194004237 -19.354728477490102 -0.19405829359588883 -0.97121345823604843 -0.77911159191487867 -0.076617889312570131 -2.8929430065764645 -4.0760763498081714 -2.7475115771601013 -0.69788094583164406 -3.6373881892941107 -1.8743700731586437 -1.3169975808720777 -4.337210736995643 -2.0344700184614761 -1.2400115250887696 -18.519588861239992 -13.138301748705448 -9.8438291924461581 0.55758742551393004 -2.5519045696955036 -10.257746920643156 -6.0752711361252603 -1.6180879297426296 -2.3210739544128081
leaf_weight=236705 9044 5134 5026 24494 416 202 4691 383 436 764 1737 642 691 787 22243 36018 6228 167 12565 225 1896 493 88203 2169 168 7217 22472 355 885 9737 1408 1211 728 3347 942 585 2594 1791 2486 637 6544 328 1353 3715 3453 532 1345 1174 1041 1519 621 1429 935 3228 444 1079 311 796 346 544 1194 391 1616
leaf_count=236705 9044 5134 5026 24494 416 202 4691 383 436 764 1737 642 691 787 22243 36018 6228 167 12565 225 1896 493 88203 2169 168 7217 22472 355 885 9737 1408 1211 728 3347 942 585 2594 1791 2486 637 6544 328 1353 3715 3453 532 1345 1174 1041 1519 621 1429 935 3228 444 1079 311 796 346 544 1194 391 1616
internal_value=0.000964466 -0.00754017 -0.00528938 0.00353798 -0.0162634 -0.0104381 -0.0145908 -0.01783 -0.0120691 -0.0230318 -0.00228362 -0.0216136 -0.00654223 -0.0239323 -0.00110409 0.000916032 -0.00519457 -0.00923859 -0.000563355 -0.0273206 -0.0183958 -0.0139716 0.00433489 -0.0287183 -0.000719725 -0.00238803 0.0018218 -0.00837129 -0.00714134 -0.0052044 -0.0147391 -0.0189518 -0.0204645 -0.0218394 -0.00676603 -0.0088112 -0.0130974 -0.0200438 0.000205708 -0.0169009 -0.00375943 -0.0148589 0.000424837 -0.00278414 -0.0112553 -0.0150447 -0.0119952 -0.00304613 -0.035309 -0.00279135 -0.0147443 -0.0164092 -0.0116527 -0.00967692 -0.0303811 -0.0278588 -0.0153676 -0.00441299 -0.00702592 -0.0143038 -0.0181588 -0.00596465 -0.0161771
internal_weight=551860 128200 101906 423660 26294 37563 18182 13491 16234 10060 64343 9296 19381 5226 45789 98752 18554 11216 42025 3818 5018 8265 324908 3593 35194 19782 63558 7991 3764 16096 1763 7131 5920 5192 11070 11049 3285 2284 26980 4582 8214 496 27540 5068 5915 2462 1877 7718 1424 10563 1408 1845 5981 4163 2165 1721 3945 2879 2083 3634 1738 10128 1818
internal_count=551860 128200 101906 423660 26294 37563 18182 13491 16234 10060 64343 9296 19381 5226 45789 98752 18554 11216 42025 3818 5018 8265 324908 3593 35194 19782 63558 7991 3764 16096 1763 7131 5920 5192 11070 11049 3285 2284 26980 4582 8214 496 27540 5068 5915 2462 1877 7718 1424 10563 1408 1845 5981 4163 2165 1721 3945 2879 2083 3634 1738 10128 1818
is_linear=0
shrinkage=0.05


Tree=10
num_leaves=64
num_cat=0
split_feature=0 0 44 0 0 29 44 27 0 25 12 19 33 0 40 14 40 0 25 44 29 29 32 41 43 12 37 15 39 44 37 11 22 40 6 38 30 34 9 0 32 24 18 39 12 35 44 15 12 44 37 38 0 35 25 22 0 38 18 20 41 37 22
split_gain=4399.14 900.909 598.627 342.106 273.062 208.376 192.914 106.193 89.4591 76.0756 73.2978 64.91 64.1133 56.3306 55.3004 54.3417 51.8959 49.6791 47.0564 43.69 43.3315 41.247 39.3624 38.7569 36.3386 38.2039 39.2615 35.8529 35.7796 34.1115 33.4179 31.4019 35.5244 31.2559 28.7937 28.7199 28.6945 30.1863 28.4271 28.3702 27.3359 26.9901 26.3082 26.2691 26.0762 25.9062 25.6489 25.0216 23.6645 26.0206 28.6187 34.4186 23.6514 23.6435 23.1011 22.7685 22.6884 21.8355 21.7611 28.9765 21.7393 21.7242 27.987
threshold=89.02500000000002 283.75000000000006 562.75000000000011 58.025000000000006 151.75000000000003 0.26856954982577802 1624 112.15000000000002 204.25000000000003 984.05000000000007 1.0000000180025095e-35 -0.20791169081775965 20.950000000000003 40.025000000000006 979.25000000000011 9.5000000000000018 978.25000000000011 427.25000000000006 974.35000000000002 2867.7500000000005 3.5365584188799919 161.56731454867088 -13.971827001444428 1584.7500000000002 56.250000000000007 -0.60355339059327384 40.500000000000007 1.0000000180025095e-35 1.0000000180025095e-35 632.75000000000011 76.500000000000014 -0.25881904510252113 48.500000000000007 987.6500000000002 401.86666666666673 23.850000000000005 53.500000000000007 0.7489272028500833 157.25000000000003 427.25000000000006 -8.1652484880493592 1.1500000000000001 6.5500000000000007 1.0000000180025095e-35 0.37940952255126048 0.56638466991089664 4850.2500000000009 1.0000000180025095e-35 -0.5 8134.7500000000018 33.500000000000007 27.550000000000004 116.25000000000001 -0.49240481012316833 987.6500000000002 46.500000000000007 692.00000000000011 25.950000000000003 17.050000000000004 0.16504132135358049 6552.7500000000009 72.500000000000014 29.500000000000004
decision_type=2 2 2 2 2 2 2 10 2 2 2 2 2 2 2 2 2 2 2 2 2 2 2 2 2 2 2 2 2 2 2 2 2 2 8 2 2 2 10 2 2 2 2 2 2 2 2 2 2 2 2 2 2 2 2 2 2 2 2 2 2 2 2
left_child=3 2 8 13 7 24 9 15 11 34 27 18 36 -1 -8 22 30 44 -2 21 -10 -12 38 -13 -6 -26 -27 46 52 -18 53 32 -32 45 -3 -21 58 -38 -4 40 57 -20 -19 -15 -11 -14 -7 -34 -31 -50 51 -51 -24 60 -40 -48 -44 -16 -9 -60 -5 -25 -63
right_child=1 6 4 16 5 10 14 12 20 17 19 23 33 43 39 -17 29 42 41 35 -22 -23 28 61 25 26 -28 -29 -30 48 31 -33 47 -35 -36 -37 37 -39 54 -41 -42 -43 56 -45 -46 -47 55 -49 49 50 -52 -53 -54 -55 -56 -57 -58 -59 59 -61 -62 62 -64
leaf_value=1.0797840116570765 -1.7805063819200002 -7.9451462160034261 -0.62722508106345565 -0.037544097120054243 -1.9638203736866531 -1.2627013905031541 -18.433745189857696 -0.80648650147810097 -1.7875344067330936 -4.9943364134487007 -3.4885940978121983 -0.42262305714306808 -1.6124286638292074 0.62020030779066249 -6.1638046221954532 -0.027208933069112592 0.62646857002452982 -6.3305050118775572 0.19670718741910836 -4.2694944155378094 -3.9537225281053234 -4.0727946590960222 -0.47594209896961814 -0.89921211287917679 -1.8675321092245309 -3.2957187311048517 -2.9596899459228583 -2.8829817439447374 -1.6355885792436748 0.37767149219062002 -0.80739959998882616 -0.14625348161666096 -0.34517115958217542 -0.87881495799124676 -17.327163758137974 -4.4822761717661219 -6.916208191557752 -0.54282143846043562 -1.663435042427829 -14.017501592335652 -4.8007951749257955 -2.1693659638251632 -7.8573326986403176 0.10154304214778209 -3.3911932827895357 -1.8473837274791973 -2.1426256545907143 -1.0093930540512437 0.0034931473797714836 -1.3904697664671888 -0.27342112467375684 -0.22490118390505806 -1.1143545550703411 0.15247635567076506 -0.76233758405915708 -3.9573568796802618 -20.635040058974401 -3.8464266623579833 -0.31592320802884721 -2.5630060419596599 -0.39839680452694043 -2.1356844289947263 -1.5223312966284432
leaf_weight=232180 535 782 940 5538 5187 1085 527 3781 9709 3421 1497 14320 1413 86357 1125 4398 34878 1051 28205 1026 726 306 10818 5513 2348 468 3657 264 880 9932 335 5284 1786 572 446 1003 294 275 1230 1584 1473 87 2148 10847 3939 1022 684 265 13428 430 1876 328 6021 17328 808 355 516 139 134 157 2868 105 1226
leaf_count=232180 535 782 940 5538 5187 1085 527 3781 9709 3421 1497 14320 1413 86357 1125 4398 34878 1051 28205 1026 726 306 10818 5513 2348 468 3657 264 880 9932 335 5284 1786 572 446 1003 294 275 1230 1584 1473 87 2148 10847 3939 1022 684 265 13428 430 1876 328 6021 17328 808 355 516 139 134 157 2868 105 1226
internal_value=0.00102988 -0.00708541 -0.00543818 0.00348558 -0.00944897 -0.0144183 -0.0177509 -0.00673533 -0.00207808 -0.0144221 -0.0218087 -0.00119912 -0.0118933 0.00424571 -0.0261984 -0.00516338 0.000829798 -0.0131129 0.000344642 -0.0260934 -0.00628893 -0.0204298 -0.00623593 -0.00330183 -0.010476 -0.0129747 -0.0158727 -0.014933 -0.00534201 0.00169881 -0.000753802 -0.00365059 -0.00841157 -0.0175806 -0.0262296 -0.0311262 -0.00820836 -0.0187258 -0.0115547 -0.0243335 -0.0212514 0.000622438 -0.0178264 0.00323516 -0.0107337 -0.0200513 -0.0127731 -0.00594588 0.000327768 -0.000858548 -0.00540243 -0.0136016 -0.00482837 0.000109583 -0.0148724 -0.0183879 -0.0204692 -0.0266456 -0.0067387 -0.0199141 -0.00206638 -0.00639684 -0.01213
internal_weight=551860 128200 111049 423660 50623 17880 17151 32743 60426 12303 6220 49991 7648 329384 4848 25095 94276 11075 28827 3832 10435 1803 20697 21164 11660 6473 4125 2388 17719 60872 33404 7670 2386 3007 1228 2029 4641 569 2978 4321 2737 28292 3715 97204 7360 2435 2124 2051 25994 16062 2634 758 16839 25734 2038 1039 2664 1264 4072 291 8406 6844 1331
internal_count=551860 128200 111049 423660 50623 17880 17151 32743 60426 12303 6220 49991 7648 329384 4848 25095 94276 11075 28827 3832 10435 1803 20697 21164 11660 6473 4125 2388 17719 60872 33404 7670 2386 3007 1228 2029 4641 569 2978 4321 2737 28292 3715 97204 7360 2435 2124 2051 25994 16062 2634 758 16839 25734 2038 1039 2664 1264 4072 291 8406 6844 1331
is_linear=0
shrinkage=0.05


Tree=11
num_leaves=64
num_cat=0
split_feature=0 44 0 0 0 25 12 36 0 0 0 35 0 43 36 12 31 27 30 37 38 19 40 39 30 29 13 25 41 39 0 37 0 0 25 11 27 41 44 5 30 31 22 8 0 32 34 36 17 11 28 11 41 11 9 13 16 11 38 41 21 42 18
split_gain=4007.74 691.895 552.58 396.284 341.366 149.478 119.234 118.865 115.734 90.133 80.9891 70.8015 69.2948 68.8065 67.2585 69.43 63.5964 58.047 56.5847 53.2213 52.5604 52.3174 52.0911 41.2598 41.1716 41.0602 38.7197 34.5686 32.5505 32.3452 30.4191 30.1113 29.5454 27.9342 27.3187 26.8633 26.2295 34.0824 24.4611 23.0903 22.2207 21.9887 21.9012 21.3457 21.234 20.9048 23.9146 20.7698 21.7213 20.4394 19.4482 20.9297 19.423 19.28 19.2425 18.775 18.9621 18.7066 18.68 18.5336 18.0198 17.9586 17.6685
threshold=104.07500000000002 562.75000000000011 62.625000000000007 178.25000000000003 327.25000000000006 982.05000000000007 -0.3794095225512602 155.62500000000003 458.25000000000006 218.25000000000003 40.025000000000006 0.54463903501502697 78.825000000000003 66.250000000000014 77.500000000000014 -0.3794095225512602 -7.6999934025156991 196.50000000000003 23.500000000000004 38.500000000000007 23.750000000000004 -0.18222858652173754 981.6500000000002 1.0000000180025095e-35 55.500000000000007 1.0000000180025095e-35 2.5000000000000004 978.05000000000007 1617.7500000000002 1.0000000180025095e-35 692.00000000000011 80.500000000000014 130.12500000000003 283.75000000000006 974.55000000000007 -0.9159756150367534 102.17500000000001 11160.250000000002 7904.5000000000009 693.25000000000011 10.500000000000002 9.3518108495185661 25.500000000000004 22.025000000000009 234.25000000000003 6.874724795220204 0.38266886095259306 52.500000000000007 17.494338011261537 1.0000000180025095e-35 0.67500000000000016 -0.60355339059327362 998.25000000000011 -0.9159756150367534 209.25000000000003 2.5000000000000004 17.474490361786735 -0.37940952255126065 23.250000000000004 14651.000000000002 302.50000000000006 11.550000000000004 7.8500000000000005
decision_type=2 2 2 2 2 2 2 2 2 2 2 2 2 2 2 2 2 10 2 2 2 2 2 2 2 2 2 2 2 2 2 2 2 2 2 2 10 2 2 10 2 2 2 10 2 2 2 2 2 2 2 2 2 2 8 2 2 2 2 2 2 2 2
left_child=2 4 10 6 9 17 -3 18 13 21 -1 32 31 44 -14 34 -13 61 -8 38 25 27 -6 36 35 33 -27 -2 43 -12 52 -4 -9 50 -16 -11 -17 -38 -18 -10 -21 -35 -25 -23 -7 58 -47 -37 49 -49 51 -15 -24 -46 -40 56 -34 -33 -20 -29 -31 -5 -32
right_child=1 3 12 5 22 8 7 11 39 24 29 16 14 20 15 23 19 -19 45 40 -22 28 30 42 -26 26 -28 59 -30 60 62 57 55 41 -36 47 37 -39 54 -41 -42 -43 -44 -45 53 46 -48 48 -50 -51 -52 -53 -54 -55 -56 -57 -58 -59 -60 -61 -62 -63 -64
leaf_value=1.0257948110742228 -1.7381267471059314 -0.71264461841567783 0.23027027793264271 -5.6679222422407607 -19.746969518719311 -2.1175284877675549 -0.78976467938767103 -1.253997706242812 -14.224198392798668 -4.2180936154000435 0.56293981610282628 -2.7792729312431947 0.48947269654439651 -4.7040129702652083 -0.79169485711209486 -0.36932316593810399 -1.6890627177957258 -14.353297400445161 -2.0336034766862858 -0.7033943486793407 -2.3641427500715353 -0.24012726486061206 -5.089579508862986 -1.48852755096446 -4.5127880862911542 -4.6947854191086043 -2.8133951909134951 0.17332305813169813 -1.3718873379625665 -0.16629456830767664 -9.9635537133353367 -0.5465610410466023 -2.5390019047365571 -4.4484196182705125 0.10536891763570894 -1.3562798909557667 -0.8317695466903855 -1.3911733606595957 -0.72379673437420089 -10.984044300336778 -2.0256772969112542 -5.5966591763462112 -0.90870433557285113 -1.2525960212302769 -7.1359747634666819 -3.5748201790944893 -1.5025683638704526 -3.2807277152773118 -3.6710254922063883 -1.5334443533215389 -3.3375781036709733 -2.7140474589120469 -7.2850445243808331 -3.8407116876380103 -2.389526867334181 -2.1023733174232442 -0.4893631760575905 -0.066675092885026349 -1.2028717773081126 -1.4975939447474129 0.21452671108078231 -9.3206978360079162 -20.314367783513081
leaf_weight=232180 988 9615 45689 1336 357 2815 6384 4330 1693 792 103222 558 11471 536 1002 15732 717 778 299 885 1594 7917 4324 117 164 635 394 21644 4666 4190 232 1437 1229 772 13734 5526 3877 341 87 128 324 1150 980 3840 257 173 119 1334 99 2931 89 2581 1445 3601 514 1726 123 5678 444 823 8354 492 396
leaf_count=232180 988 9615 45689 1336 357 2815 6384 4330 1693 792 103222 558 11471 536 1002 15732 717 778 299 885 1594 7917 4324 117 164 635 394 21644 4666 4190 232 1437 1229 772 13734 5526 3877 341 87 128 324 1150 980 3840 257 173 119 1334 99 2931 89 2581 1445 3601 514 1726 123 5678 444 823 8354 492 396
internal_value=0.00109602 -0.00775372 0.00314756 -0.012297 -0.00408782 -0.0178821 -0.00847223 -0.0108832 -0.0160988 -0.00268177 0.00408923 -0.0143081 -0.000127026 -0.0145993 -0.00151797 -0.002586 -0.0206726 -0.0289985 -0.00603922 -0.0172992 -0.0178035 -0.00158258 -0.0146476 -0.0044289 -0.00672322 -0.0198985 -0.0290136 -6.71497e-05 -0.00374688 0.00300891 -0.0136103 0.00111772 -0.0116577 -0.0180694 4.61457e-05 -0.00634151 -0.00390977 -0.00741109 -0.0242489 -0.0279764 -0.00972291 -0.0228356 -0.0138696 -0.00234456 -0.0108774 -0.0168841 -0.0282192 -0.00563195 -0.00821036 -0.00767292 -0.0152121 -0.0145541 -0.0124727 -0.0132867 -0.0316889 -0.0154029 -0.0198151 -0.00190794 -0.0124293 0.000335381 0.000611448 -0.0241302 -0.0240605
internal_weight=551860 103856 448004 46378 57478 18851 27527 17912 16245 50724 347946 10493 100058 14424 47254 35783 3085 2606 7419 2527 7751 39878 6754 21047 10846 6157 1029 23455 16423 115766 6397 52804 7408 5128 14736 10682 19950 4218 1318 1821 1209 1922 1097 11757 6673 1035 292 9890 4364 4265 3206 3117 5769 3858 601 3078 1352 7115 743 22467 12544 1828 628
internal_count=551860 103856 448004 46378 57478 18851 27527 17912 16245 50724 347946 10493 100058 14424 47254 35783 3085 2606 7419 2527 7751 39878 6754 21047 10846 6157 1029 23455 16423 115766 6397 52804 7408 5128 14736 10682 19950 4218 1318 1821 1209 1922 1097 11757 6673 1035 292 9890 4364 4265 3206 3117 5769 3858 601 3078 1352 7115 743 22467 12544 1828 628
is_linear=0
shrinkage=0.05


Tree=12
num_leaves=64
num_cat=0
split_feature=6 8 6 44 4 8 6 27 29 9 14 8 43 12 6 7 31 9 27 8 16 12 9 44 38 28 18 12 39 37 8 32 8 22 8 8 26 14 21 25 44 44 32 7 31 16 13 29 32 25 13 6 32 41 8 30 7 41 6 27 8 13 16
split_gain=2464.27 751.549 403.105 310.642 254.174 164.076 154.39 131.285 128.778 111.943 139.503 101.749 96.8087 84.8585 76.7178 66.713 61.3187 51.0182 50.6858 47.7229 42.4622 42.1448 36.6739 34.5731 34.4742 70.8779 36.1738 33.1526 41.3446 32.6698 32.0321 31.7336 28.7015 27.3364 27.2824 26.1886 26.1447 25.8542 24.9727 24.7996 24.3252 23.9691 23.8353 23.6356 27.4858 23.5556 26.886 23.187 22.61 22.2941 22.1997 22.1995 21.6691 21.3277 20.689 20.658 20.0333 19.6303 19.6078 18.9885 18.9792 18.8233 18.1
threshold=96.308333333333351 95.050000000000011 54.673333333333339 562.75000000000011 110.12500000000001 41.025000000000013 241.20833333333334 102.17500000000001 86.927732563502829 255.25000000000003 3.5000000000000004 32.025000000000013 127.50000000000001 -0.5 263.86666666666673 327.66699604743093 19.329848725140948 195.25000000000003 59.550000000000004 49.550000000000011 1.0564618975553799 -0.3794095225512602 209.25000000000003 2163.7500000000005 22.750000000000004 1.2150000000000001 15.750000000000002 -0.12940952255126037 1.0000000180025095e-35 65.500000000000014 80.010000000000019 14.375439180851274 25.725000000000005 37.500000000000007 251.67500000000004 147.20000000000002 2280.7500000000005 2.5000000000000004 52.500000000000007 977.35000000000002 1809.7500000000002 9976.5000000000018 -13.479851386427725 65.539791666666687 20.30033657592756 -6.4964034716870973 1.5000000000000002 5.9997344843611531 -13.971827001444428 981.6500000000002 1.5000000000000002 33.808333333333358 -11.803723063378948 3160.2500000000005 45.525000000000013 80.500000000000014 212.21780303030306 399.50000000000006 452.12500000000006 189.75000000000003 22.025000000000009 5.5000000000000009 2.4164643127835048
decision_type=10 10 8 2 8 10 10 10 2 10 2 10 2 2 10 10 2 10 10 10 2 2 10 2 2 2 2 2 2 2 10 2 10 2 10 10 2 2 2 2 2 2 2 10 2 2 2 2 2 2 2 10 2 2 10 2 10 2 10 10 8 2 2
left_child=2 3 11 6 19 7 20 17 15 14 12 18 42 -10 24 23 22 62 51 36 56 -14 -9 34 25 32 -27 -19 48 52 39 -32 41 -31 -3 -15 59 -23 -25 -7 -20 -6 -11 -42 -45 46 -8 -18 53 -21 -30 -1 -24 -29 -13 -12 60 -17 -16 -5 -2 -59 -4
right_child=1 8 5 4 9 30 45 16 13 10 55 54 21 35 58 57 47 27 40 49 -22 37 29 38 -26 26 -28 28 50 33 31 -33 -34 -35 -36 -37 -38 -39 -40 -41 43 -43 -44 44 -46 -47 -48 -49 -50 -51 -52 -53 -54 -55 -56 -57 -58 61 -60 -61 -62 -63 -64
leaf_value=1.004505089593998 -0.014865028260489903 -3.0213701801635904 0.26164634764562855 -0.39249346527927109 -1.152823832782452 -0.70225591210610561 -5.4064362067623755 -0.061308467184399265 -1.9362117434055817 -2.9194750775301563 -1.8320453096147291 -0.028098595338170759 -2.896814933008895 -4.0399540697015999 -3.7963591014694829 -8.1900141577740424 -0.67335031661625522 0.29771521385311245 0.62450507052051174 -1.437578878119302 0.20373316288080595 -3.5791737123892498 -1.1117756857156718 -5.7246345822096334 -0.54803761629046999 -1.3744512886133156 -2.7878515046280992 -0.1330146241632563 -1.5141163507515056 -1.7584527063644224 -3.0485710955668965 -12.159354862415128 -2.7609255125509957 -1.2564940200536689 -15.434738710580683 -12.718881498595714 0.24607162575068378 -3.460710716175468 -4.1001845294087014 -0.41201422138349408 0.17363696699181475 -1.7680557201971929 -2.2719740323892967 -0.17549492947948836 -1.3610020274829571 -2.6887222580761989 -4.3663283292933697 -2.0115629999113533 -0.094020758391749837 -0.69907873338826121 -0.33467250178852942 0.63060244998797721 -0.38247021688312977 -1.199368667127223 -0.93967019126194851 -2.4898887162130139 -1.6814555491002499 -12.015287284852302 -12.302789265240563 -1.7284741698396759 -0.8908586703612329 -14.723649385745762 0.65866760614546793
leaf_weight=163267 8970 5161 45359 4329 6840 2996 528 6522 317 915 5358 5257 612 381 2290 443 353 12206 22532 1514 29843 471 626 928 4492 310 269 642 199 167 1389 120 1358 917 769 850 7009 1285 1704 6836 10772 640 1524 1855 384 7795 1606 449 13740 3419 416 100537 3197 679 2083 561 2643 1463 436 184 6818 321 34004
leaf_count=163267 8970 5161 45359 4329 6840 2996 528 6522 317 915 5358 5257 612 381 2290 443 353 12206 22532 1514 29843 471 626 928 4492 310 269 642 199 167 1389 120 1358 917 769 850 7009 1285 1704 6836 10772 640 1524 1855 384 7795 1606 449 13740 3419 416 100537 3197 679 2083 561 2643 1463 436 184 6818 321 34004
internal_value=0.00114794 -0.0053873 0.00285613 -0.00397774 -0.00715766 0.000532309 -0.00158385 0.00107787 -0.0170434 -0.0101109 -0.0140938 0.00384736 -0.0204213 -0.0305297 -0.00754283 -0.0151084 -0.00383002 0.00163761 0.00398997 -0.00224704 -0.000415959 -0.0276225 -0.0028922 -0.0131032 -0.00603961 -0.00775884 -0.0247064 -0.000202281 -0.00172365 -0.00615753 -0.00521515 -0.011998 -0.00664856 -0.0138192 -0.0109865 -0.0364703 -0.000485159 -0.0315604 -0.0178723 -0.00417413 0.00221746 -0.00543449 -0.0134297 0.000496119 -0.0041782 -0.00726206 -0.0119166 -0.0171945 -0.00120477 -0.00636225 -0.0144309 0.00422878 -0.00398509 -0.00745269 -0.00196866 -0.00895506 -0.00230291 -0.0228177 -0.0152128 -0.00345336 -0.00162845 -0.0251569 0.002284
internal_weight=551860 114356 437504 102019 43816 130817 58203 119476 12337 27361 10726 306687 4807 1548 16635 10789 12231 107245 299347 16455 48274 2368 11429 8562 13909 9417 579 27882 15676 4907 11341 1509 8838 1084 5930 1231 11522 1756 2632 9832 35543 7480 2439 13011 2239 9929 2134 802 15061 4933 615 263804 3823 1321 7340 5919 18431 2227 2726 4513 15788 1784 79363
internal_count=551860 114356 437504 102019 43816 130817 58203 119476 12337 27361 10726 306687 4807 1548 16635 10789 12231 107245 299347 16455 48274 2368 11429 8562 13909 9417 579 27882 15676 4907 11341 1509 8838 1084 5930 1231 11522 1756 2632 9832 35543 7480 2439 13011 2239 9929 2134 802 15061 4933 615 263804 3823 1321 7340 5919 18431 2227 2726 4513 15788 1784 79363
is_linear=0
shrinkage=0.05


Tree=13
num_leaves=64
num_cat=0
split_feature=0 0 43 0 44 0 12 0 23 30 43 0 12 44 23 3 25 14 38 38 40 4 11 0 38 0 44 22 32 0 34 27 14 0 34 12 14 36 31 6 32 38 35 16 13 31 16 41 0 31 11 6 32 29 15 13 12 20 13 13 5 21 29
split_gain=3357.85 738.591 388.002 276.691 222.921 185.721 142.652 106.329 79.767 79.5019 76.5673 64.8154 62.7977 54.1398 52.3852 50.3556 49.0706 48.6654 51.9499 47.6286 45.8518 43.0948 36.8914 36.7625 35.2519 34.6454 34.038 32.8821 31.8541 31.6062 31.1485 29.4025 28.7471 28.7256 28.567 27.1836 26.6319 26.436 25.8873 24.306 23.9579 23.8346 23.0812 21.7594 21.6433 22.2127 37.2533 24.3913 21.6159 21.5847 21.5497 21.4374 21.095 20.868 24.4953 45.0973 25.7358 20.6332 20.2117 21.7859 25.4368 20.1784 20.0781
threshold=84.02500000000002 240.25000000000003 46.250000000000007 49.550000000000004 1978.2500000000002 132.25000000000003 -0.3794095225512602 378.75000000000006 24.750000000000004 56.500000000000007 327.50000000000006 144.25000000000003 -0.3794095225512602 10243.000000000002 18.250000000000004 39.975000000000009 983.75000000000011 5.5000000000000009 23.850000000000005 23.050000000000004 978.25000000000011 148.25000000000003 -0.78656609248549292 499.50000000000006 24.950000000000003 34.550000000000004 1924.2500000000002 29.500000000000004 4.6684973587798 157.25000000000003 0.43049470426488845 122.25000000000001 4.5000000000000009 122.25000000000001 0.56638466991089664 -0.5 5.5000000000000009 67.500000000000014 8.3156905719503325 121.75833333333335 -15.550132402370108 29.250000000000004 -0.87878364999916114 -5.1967781547033187 3.5000000000000004 1.9705954902745093 -6.6512398138018556 7455.5000000000009 166.25000000000003 -19.226160818592611 -0.9159756150367534 84.172500000000014 -9.2460143424259922 0.35435994088199191 1.0000000180025095e-35 5.5000000000000009 1.0000000180025095e-35 -0.92384435400961373 5.5000000000000009 1.0000000180025095e-35 270.25000000000006 150.62500000000003 643.90685501882865
decision_type=2 2 2 2 2 2 2 2 2 2 2 2 2 2 2 8 2 2 2 2 2 8 2 2 2 2 2 2 2 2 2 10 2 2 2 2 2 2 2 8 2 2 2 2 2 2 2 2 2 2 2 8 2 2 2 2 2 2 2 2 8 2 2
left_child=3 2 8 25 7 12 49 21 11 23 14 -2 -4 31 -8 33 -9 18 30 27 28 -3 -18 38 -12 -1 -22 -17 53 51 48 43 -20 -10 -34 -28 -13 -23 -6 -31 -25 -15 -33 -14 62 47 -47 -46 -16 -7 -38 -21 -39 54 -5 -56 -57 -32 59 -24 -61 -11 -30
right_child=1 4 5 20 9 6 10 16 15 61 24 36 13 41 17 19 22 -19 32 29 26 37 58 40 -26 -27 35 -29 44 39 57 42 34 -35 -36 -37 50 52 -40 -41 -42 -43 -44 -45 45 46 -48 -49 -50 -51 -52 -53 -54 -55 55 56 -58 -59 -60 60 -62 -63 -64
leaf_value=1.0242798160408118 0.34025846320715925 -4.4644231974359547 -0.243357011225244 0.048244855319906549 -3.8698114207423013 -3.0373754944763593 -1.8431503401881895 -16.638100978905182 -1.198686871188311 -14.817601786406565 -3.0529245367859215 -1.1396038687710262 -0.87758042926079194 -1.5101842738841573 -1.5751571989671147 -2.1076343641112856 -9.429735223077115 -1.4785066184345785 -1.3964187896424842 -0.60482763866352374 0.62876907580292429 -2.0717192473641881 -9.7514962039199897 -6.4165591856835009 -2.8109785541392562 0.53249296876728924 0.38995226068164224 -0.99489505524949251 0.034580706600430756 -4.054142307951258 -0.91965344827182227 -9.7002014674445149 -7.8306518967288987 -3.6660045389690086 -1.6886183374710289 -0.097118501140611421 -2.5232536908768752 -3.5749159080198041 -5.1961071180674629 -1.3484414105699667 -15.463905429642146 -0.55054141947862667 -1.0647841966368994 -0.39689411481043257 0.10048952838878573 -0.95467327619190678 -0.22703901578629343 -0.4046036567508498 -2.9170830056972026 -1.2249508753748686 -0.0048364944096146445 -0.090035794395643548 -2.7908924897399991 0.35206168859395398 -0.09548682090341068 -0.043510077819885855 -1.1016006493941202 -3.8499285613342376 -10.753369518227295 -8.872332020843599 -4.0670216533372159 -7.215260766997682 -0.72340023930445829
leaf_weight=193179 25059 1456 8521 9718 1837 178 3278 596 1864 501 823 9516 4976 1216 785 286 622 1009 1321 5451 52041 6527 678 109 522 95073 11748 861 12538 525 79 81 319 653 588 13067 1119 1171 2680 2928 768 387 3131 7805 3153 473 960 2144 730 6952 10277 11796 3590 17994 683 91 225 630 549 1128 2577 49 269
leaf_count=193179 25059 1456 8521 9718 1837 178 3278 596 1864 501 823 9516 4976 1216 785 286 622 1009 1321 5451 52041 6527 678 109 522 95073 11748 861 12538 525 79 81 319 653 588 13067 1119 1171 2680 2928 768 387 3131 7805 3153 473 960 2144 730 6952 10277 11796 3590 17994 683 91 225 630 549 1128 2577 49 269
internal_value=0.00119369 -0.0055441 -0.00383729 0.00345134 -0.0133549 -0.00755914 -0.0115911 -0.0106981 -0.00154439 -0.0218001 -0.0154185 -0.00031857 -0.0049016 -0.00660775 -0.0137092 -0.00385733 -0.0160976 -0.0167085 -0.0189555 -0.00308578 0.00148772 -0.00809244 -0.0146345 -0.0199537 -0.0265242 0.00430356 0.00224615 -0.0130035 0.000279597 -0.00253623 -0.0243615 -0.00572969 -0.0135592 -0.0105542 -0.0204135 0.000722346 -0.00237376 -0.00704819 -0.0181348 -0.00690269 -0.0293215 -0.0153681 -0.0100062 -0.00465496 -0.00127783 -0.00357355 -0.0090963 -0.00207948 -0.0203135 -0.00617812 -0.000743243 -0.00166203 -0.00988133 0.00133938 -0.000407297 -0.00786286 -0.023481 -0.0330113 -0.0131873 -0.0120545 -0.0105466 -0.0399091 -7.14451e-05
internal_weight=551860 138504 113666 413356 24838 43331 17214 18894 70335 5944 10084 45971 26117 17596 8739 24364 6150 5461 4452 21847 125104 12744 5554 5394 1345 288252 76856 1147 48248 20700 2224 15993 2228 2517 907 24815 20912 11288 4517 3453 877 1603 3212 12781 19537 6730 1433 5297 1515 7130 11396 17247 4761 28711 10717 999 316 709 4932 4383 3705 550 12807
internal_count=551860 138504 113666 413356 24838 43331 17214 18894 70335 5944 10084 45971 26117 17596 8739 24364 6150 5461 4452 21847 125104 12744 5554 5394 1345 288252 76856 1147 48248 20700 2224 15993 2228 2517 907 24815 20912 11288 4517 3453 877 1603 3212 12781 19537 6730 1433 5297 1515 7130 11396 17247 4761 28711 10717 999 316 709 4932 4383 3705 550 12807
is_linear=0
shrinkage=0.05


Tree=14
num_leaves=64
num_cat=0
split_feature=0 0 44 44 0 27 0 3 0 0 14 14 23 37 37 14 13 4 12 25 39 22 0 16 29 0 43 16 11 0 14 37 12 12 13 31 2 21 37 12 0 37 31 25 16 25 5 26 42 0 18 14 1 16 9 35 33 16 0 14 4 25 25
split_gain=3064.78 710.44 286.755 271.65 228.083 139.365 128.745 88.395 64.0201 62.0447 60.0816 59.9344 59.7203 63.4605 52.0934 50.3476 52.7546 58.5088 49.9692 48.6588 45.6256 43.8659 43.1193 43.0351 42.7956 42.3638 38.2963 37.6944 36.474 36.2338 34.3033 37.0454 34.0943 32.4298 32.195 41.441 31.3567 28.4037 27.3477 25.5026 25.3709 23.0133 22.9373 21.6877 21.338 21.2446 20.9077 23.1002 20.6686 19.6162 19.6137 19.4879 19.3948 19.321 21.8823 19.197 18.3951 18.3084 18.4397 17.9546 17.6816 17.2938 17.058
threshold=80.225000000000009 200.25000000000003 1519.7500000000002 1978.2500000000002 45.550000000000004 122.25000000000001 359.25000000000006 80.350000000000023 458.25000000000006 126.25000000000001 9.5000000000000018 9.5000000000000018 23.750000000000004 74.500000000000014 58.500000000000007 5.5000000000000009 2.5000000000000004 120.07500000000002 -0.3794095225512602 982.75000000000011 1.0000000180025095e-35 39.500000000000007 130.12500000000003 -7.9700619724235251 73.789622623031264 126.25000000000001 327.50000000000006 -1.9769833988162959 -0.78656609248549292 65.725000000000009 4.5000000000000009 41.500000000000007 -0.78656609248549325 -0.3794095225512602 1.5000000000000002 -1.0347748499817793 207.25000000000003 312.50000000000006 22.500000000000004 -0.12940952255126037 34.550000000000004 29.500000000000004 19.6090164354049 984.05000000000007 -6.3395144179001655 984.25000000000011 158.25000000000003 36771.500000000007 9.7500000000000018 118.25000000000001 8.8500000000000032 2.5000000000000004 68.050000000000011 14.161056002216833 209.25000000000003 0.55191596924288711 25.650000000000002 -10.840102241263841 692.00000000000011 3.5000000000000004 124.25000000000001 987.05000000000007 973.45000000000016
decision_type=2 2 2 2 2 10 2 8 2 2 2 2 2 2 2 2 2 10 2 2 2 2 2 2 2 2 2 2 2 2 2 2 2 2 2 2 10 2 2 2 2 2 2 2 2 2 8 2 2 2 2 2 8 2 10 2 2 2 2 2 10 2 2
left_child=4 2 10 6 40 9 11 24 32 27 12 19 22 25 33 16 17 34 -11 -3 29 -15 -2 -21 60 41 44 42 36 62 55 -32 48 50 -7 51 -13 -22 -28 -27 -1 -14 -4 -24 -20 -31 -30 -48 -9 -23 -8 -36 -29 54 -19 -18 -10 -16 -59 -34 -5 -60 -6
right_child=1 3 5 7 20 15 14 8 56 18 -12 28 13 21 57 -17 30 53 26 23 37 49 43 -25 -26 39 38 52 46 45 31 -33 59 -35 35 -37 -38 -39 -40 -41 -42 -43 -44 -45 -46 -47 47 -49 -50 -51 -52 -53 -54 -55 -56 -57 -58 58 61 -61 -62 -63 -64
leaf_value=0.97306582523877128 0.31430639249084219 -3.8043471133956093 -0.5964713663301382 -6.2286880868010233 0.094711407516365448 -0.69205156470534279 -5.3651296725027491 -1.7168437399694747 -13.396253621793301 -0.7791418320398904 0.35681693496677852 -2.015867148739007 0.26468101286817108 -1.5726668542798572 -8.5296392123827882 -0.27045945563056434 -0.44208618727627824 -0.83647362530352787 -2.2982163854394897 -4.2251871255219537 -0.30740171053922333 -0.59505192100805482 -1.551036396535421 -2.0370789999483825 -12.721723003470585 -0.84324889089812494 -2.8059914975142988 -0.80258307228746384 -2.6424945231816381 0.010315961778572814 -2.646994540903473 -1.0824393291516885 -4.4686210661404857 -15.136223895659633 -1.9579474998401665 -0.89662959076303261 -4.1770640920286022 0.08899423512569947 -2.1420663221825813 -1.8899570666410401 0.53075349733767518 -0.42830435941400974 -1.2635184952910308 -0.5867371256209909 -1.3206453650107486 0.44616157374293935 -0.80658897646753547 -2.810101743500041 -3.5561679351858531 -3.1565894241553747 -9.4465017733416499 -7.3144634998636482 -0.11781967451792991 -3.2765480275288237 -2.1130186313541066 -1.567084279996116 -6.9624286788373784 -4.4326485209660831 -14.901927782400762 -3.3254984258615639 -4.3228030773546182 -7.5208838343868356 0.49920975518223393
leaf_weight=193179 15946 964 8548 424 10518 1034 550 1521 879 4945 22416 1078 5690 473 743 937 1600 175 1187 989 4769 2504 1252 5008 591 1989 186 1911 1706 27156 246 712 1654 716 204 378 805 7686 625 1826 72989 9974 761 9038 3390 14555 9584 49 666 785 591 250 10491 248 960 916 229 3967 183 2259 476 323 73456
leaf_count=193179 15946 964 8548 424 10518 1034 550 1521 879 4945 22416 1078 5690 473 743 937 1600 175 1187 989 4769 2504 1252 5008 591 1989 186 1911 1706 27156 246 712 1654 716 204 378 805 7686 625 1826 72989 9974 761 9038 3390 14555 9584 49 666 785 591 250 10491 248 960 916 229 3967 183 2259 476 323 73456
internal_value=0.00124633 -0.00492159 -0.00295227 -0.0110339 0.00349731 -0.00636283 -0.00857866 -0.0187269 -0.0164345 -0.00491449 -0.00106874 -0.00654437 -0.00204166 -0.00388731 -0.0143836 -0.0124217 -0.013935 -0.0185149 -0.00810365 -0.0102995 0.00184885 -0.00983254 -0.000406693 -0.00862348 -0.0298089 -0.0027391 -0.0114347 -0.00339667 -0.00456739 0.0021349 -0.0096517 -0.0177035 -0.0144262 -0.0215751 -0.0127385 -0.0200601 -0.0110117 -0.00103774 -0.0214488 -0.00746396 0.00435285 -0.00158836 -0.00580137 -0.00293003 -0.00966026 0.00093033 -0.00349722 -0.00259369 -0.00942615 -0.00778504 -0.0163409 -0.0302423 -0.00159168 -0.0263087 -0.0235463 -0.00658585 -0.027491 -0.0118232 -0.0106159 -0.0172208 -0.0229444 -0.0196047 0.00273323
internal_weight=551860 147552 111597 35955 404308 39704 27256 8699 7208 32044 71893 20183 49477 23241 7073 7660 6723 3249 10333 6961 138140 3762 26236 5997 1491 19479 5388 21711 13222 125685 3474 958 6100 1857 1866 832 1883 12455 811 3815 266168 15664 9309 10290 4577 41711 11339 9633 2187 3289 1141 454 12402 1383 1135 2516 1108 5216 4473 3913 900 506 83974
internal_count=551860 147552 111597 35955 404308 39704 27256 8699 7208 32044 71893 20183 49477 23241 7073 7660 6723 3249 10333 6961 138140 3762 26236 5997 1491 19479 5388 21711 13222 125685 3474 958 6100 1857 1866 832 1883 12455 811 3815 266168 15664 9309 10290 4577 41711 11339 9633 2187 3289 1141 454 12402 1383 1135 2516 1108 5216 4473 3913 900 506 83974
is_linear=0
shrinkage=0.05


Tree=15
num_leaves=64
num_cat=0
split_feature=0 0 43 0 0 25 3 0 41 23 12 44 0 0 44 0 14 29 14 43 25 15 36 22 44 14 30 31 7 11 32 13 14 28 12 28 28 27 32 11 32 30 14 21 17 31 41 14 2 12 16 14 11 0 1 42 29 32 0 27 23 17 40
split_gain=2789.48 593.318 342.898 269.335 196.075 150.579 120.508 92.6697 65.8635 62.1644 57.1845 57.8261 50.988 49.0184 44.1064 42.1731 41.2643 40.4313 39.2582 38.1526 38.149 43.4656 37.8997 36.563 32.6846 32.5756 29.4298 40.526 30.8083 28.8863 28.3747 34.8582 26.8164 26.5219 26.0221 27.4998 34.4728 25.693 25.0147 24.2713 24.045 25.1251 23.9809 26.1272 26.6293 22.3805 22.2381 30.5946 21.8188 21.6499 21.1706 20.3969 19.7211 19.5229 19.7324 19.3861 19.1395 18.6597 17.7385 17.6469 17.5518 17.3766 19.4872
threshold=84.02500000000002 314.25000000000006 37.500000000000007 49.550000000000004 140.25000000000003 981.05000000000007 94.02500000000002 184.75000000000003 998.25000000000011 23.750000000000004 -0.3794095225512602 10243.000000000002 692.00000000000011 175.25000000000003 1809.7500000000002 34.550000000000004 9.5000000000000018 9.483217025385045 9.5000000000000018 -23.749999999999996 974.75000000000011 1.0000000180025095e-35 1467.5000000000002 68.500000000000014 5122.2500000000009 11.500000000000002 31.500000000000004 -13.292267053620082 74.62658514492756 -0.78656609248549292 -8.1652484880493592 5.5000000000000009 6.5000000000000009 3.1550000000000007 0.37940952255126048 1.6650000000000003 3.8150000000000008 260.25000000000006 -10.148956936069814 -0.78656609248549292 -11.492439074768329 38.500000000000007 9.5000000000000018 487.50000000000006 10.642100571254312 -12.802620442806569 4437.2500000000009 3.5000000000000004 207.25000000000003 0.91597561503675351 -5.1967781547033187 3.5000000000000004 -1.0000000180025095e-35 68.725000000000009 36.525000000000006 -0.15000000000000033 1.0000000180025095e-35 -10.345044577278168 71.02500000000002 92.050000000000011 15.65 -4.1966958722711025 987.85000000000002
decision_type=2 2 2 2 2 2 8 2 2 2 2 2 2 2 2 2 2 2 2 2 2 2 2 2 2 2 2 2 8 2 2 2 2 2 2 2 2 10 2 2 2 2 2 2 2 2 2 2 10 2 2 2 2 2 8 2 2 2 2 10 2 2 2
left_child=3 2 7 15 10 37 13 9 -7 57 -4 26 30 24 20 -1 19 39 38 29 21 -5 53 -23 61 -20 46 -28 33 -11 -10 -32 -31 -29 -21 -36 -37 -3 45 48 -15 -42 50 -44 -45 -8 -12 60 -9 -38 -41 -26 -25 54 -16 -51 -17 -2 -22 -13 -48 62 -6
right_child=1 5 4 14 6 8 18 17 12 16 11 59 -14 40 22 56 -18 -19 25 34 58 23 -24 52 51 -27 27 28 -30 32 31 -33 -34 -35 35 36 49 -39 -40 42 41 -43 43 44 -46 -47 47 -49 -50 55 -52 -53 -54 -55 -56 -57 -58 -59 -60 -61 -62 -63 -64
leaf_value=0.92441253397683276 -0.26285369697210048 -19.800652924727856 -0.22124145699354825 0.034977487816781887 -2.5099513417864583 -4.925016684243074 -4.1573938223040727 -1.8623290907302721 -6.5262607955658432 -1.2916868701722266 -0.41551544957155573 -1.0042267926592501 -18.040627088334226 -3.4318840011220146 -0.40466552225642938 0.29981266286283753 0.25493508679527327 -2.9527738846434368 -0.46055621447526107 -0.37140331506004637 0.58746528121537323 -0.095326783202408158 0.42048791971171157 -1.1794916390322485 -2.2223266425652457 -2.5459361015696991 -0.54635344472746039 -3.5177711236361349 -1.0570529667794717 -0.12266094605745344 -4.4187332511590851 -7.7790571068199901 -1.2658252869574778 -1.1154251581383763 -0.74174200536061097 -2.236491162749493 -0.39472514440784023 -13.440635632593931 -1.8465741660158597 -3.3463038281051638 -2.8618427494705978 -6.2612051301409579 -0.27382061348629988 -1.5213393357623251 -2.6695966563250391 -2.5326333567919685 -0.29721589952202798 -0.5346593226417774 -3.5042673836436373 -1.0692147894854942 -1.2100860765078982 -2.3562238333022165 -0.45747842848016529 -0.23459264969094998 0.081706377947688758 -2.7560746823318434 0.67481266286283759 0.46248929499190183 0.24596322602844661 -1.393868477604719 -1.1114636760997081 -1.0613003402111623 -0.70679606549396601
leaf_weight=193179 8672 545 9708 12861 594 5721 165 1527 2266 1605 8863 1024 583 1072 2706 40698 6789 1017 3580 2152 47398 249 10248 170 657 2735 2188 448 761 9957 3241 642 780 191 1884 419 462 430 4505 949 1437 482 8539 1961 103 2215 521 4042 890 152 3805 584 81 12386 19402 214 54375 22832 19603 709 1978 1670 238
leaf_count=193179 8672 545 9708 12861 594 5721 165 1527 2266 1605 8863 1024 583 1072 2706 40698 6789 1017 3580 2152 47398 249 10248 170 657 2735 2188 448 761 9957 3241 642 780 191 1884 419 462 430 4505 949 1437 482 8539 1961 103 2215 521 4042 890 152 3805 584 81 12386 19402 214 54375 22832 19603 709 1978 1670 238
internal_value=0.00128221 -0.00485892 -0.00378666 0.00333993 -0.0069751 -0.0148466 -0.0108297 -0.00163709 -0.0133651 -0.000616259 -0.00445027 -0.00593365 -0.0167172 -0.0162726 0.00140259 0.00418075 -0.00251003 -0.00467484 -0.00805303 -0.00378582 0.00210311 -0.000336427 0.000144384 -0.0148 -0.0124593 -0.00520586 -0.00513585 -0.00921405 -0.0158571 -0.00226381 -0.0153773 -0.0127826 -0.00132858 -0.0239515 -0.00734147 -0.0102507 -0.0160104 -0.0337692 -0.0106645 -0.00412006 -0.0210448 -0.0176941 -0.00338705 -0.00206404 -0.0071124 -0.0148109 -0.00418593 -0.00639734 -0.00877741 -0.0100966 -0.00633782 -0.0190935 -0.0282669 -0.000648808 0.000241542 -0.0191803 0.00331866 0.000851321 0.00258959 -0.0146769 -0.0107463 -0.00916866 -0.0150721
internal_weight=551860 138504 125076 413356 50367 13428 19934 74709 12453 55918 30433 20725 6732 6734 125104 288252 24414 18791 13200 17625 80362 13361 44742 500 3743 6315 18992 3588 1400 12342 6149 3883 10737 639 5283 3131 1247 975 6885 17774 2991 1919 15357 10603 2064 2380 15404 6541 2417 828 4754 1241 251 34494 22108 366 95073 31504 67001 1733 2499 2502 832
internal_count=551860 138504 125076 413356 50367 13428 19934 74709 12453 55918 30433 20725 6732 6734 125104 288252 24414 18791 13200 17625 80362 13361 44742 500 3743 6315 18992 3588 1400 12342 6149 3883 10737 639 5283 3131 1247 975 6885 17774 2991 1919 15357 10603 2064 2380 15404 6541 2417 828 4754 1241 251 34494 22108 366 95073 31504 67001 1733 2499 2502 832
is_linear=0
shrinkage=0.05


Tree=16
num_leaves=64
num_cat=0
split_feature=0 0 44 44 0 0 0 3 0 14 13 4 14 25 37 23 37 22 22 38 41 3 14 1 30 27 14 11 25 14 14 16 0 16 13 38 15 13 12 11 44 25 27 39 11 40 16 44 27 32 31 18 10 27 30 32 14 31 43 17 34 22 40
split_gain=2547.95 608.612 225.577 197.387 193.159 106.91 99.9669 94.9381 92.3443 72.7979 58.6766 52.4837 66.0602 45.9033 45.0892 43.2785 58.7795 42.8016 41.4892 36.8295 35.9159 35.3797 35.1176 35.0414 34.1936 32.7376 32.6876 30.261 28.5289 27.7013 30.6002 28.7586 26.7547 26.1202 25.727 25.5619 25.3733 65.3896 23.8742 33.8608 23.8051 23.0742 22.9725 22.5792 22.0221 21.6153 21.5609 21.2589 20.357 19.9885 19.9141 19.837 18.8051 17.988 17.9506 23.7214 19.9913 17.6673 17.5541 17.2103 17.1563 17.1344 17.0006
threshold=76.52500000000002 188.25000000000003 562.75000000000011 632.75000000000011 43.550000000000004 458.25000000000006 116.25000000000001 85.02500000000002 342.25000000000006 9.5000000000000018 2.5000000000000004 122.25000000000001 2.5000000000000004 984.05000000000007 79.500000000000014 23.750000000000004 72.500000000000014 63.500000000000007 30.500000000000004 20.950000000000003 5220.7500000000009 45.025000000000006 9.5000000000000018 80.325000000000003 34.500000000000007 245.25000000000003 5.5000000000000009 -0.60355339059327362 981.6500000000002 8.5000000000000018 11.500000000000002 3.4171573037420311 31.050000000000004 -8.1089511693934231 5.5000000000000009 26.050000000000004 1.0000000180025095e-35 5.5000000000000009 0.25881904510252057 -0.25881904510252113 632.75000000000011 975.1500000000002 68.050000000000011 1.0000000180025095e-35 -0.9159756150367534 974.75000000000011 -5.7717804557247314 5576.0000000000018 120.25000000000001 -11.492439074768329 8.4977817612202653 8.8500000000000032 48.32500000000001 83.050000000000011 23.500000000000004 9.1774782307652885 4.5000000000000009 -17.658726076300457 172.50000000000003 15.574850815836376 0.71322329076259938 64.500000000000014 989.75000000000011
decision_type=2 2 2 2 2 2 2 8 2 2 2 10 2 2 2 2 2 2 2 2 2 8 2 8 2 10 2 2 2 2 2 2 2 2 2 2 2 2 2 2 2 2 10 2 2 2 2 2 10 2 2 2 10 10 2 2 2 2 2 2 2 2 2
left_child=4 3 8 15 32 7 23 25 22 10 11 -8 57 21 40 44 -17 35 -18 -10 36 24 28 43 -12 49 -7 50 -3 31 -31 52 -1 -30 62 46 -16 -38 39 -24 45 -39 -42 54 -2 -6 -14 -33 -25 58 -9 -21 -29 -22 -5 -56 -57 -13 -4 -41 -26 -61 -28
right_child=1 2 5 6 14 26 9 27 19 -11 13 12 17 -15 20 16 18 -19 -20 51 53 -23 38 48 60 -27 34 29 33 30 -32 47 -34 -35 -36 -37 37 41 -40 59 42 -43 -44 -45 -46 -47 -48 -49 -50 -51 -52 -53 -54 -55 55 56 -58 -59 -60 61 -62 -63 -64
leaf_value=0.92819190727799106 -0.54111386459709121 -3.474443579699579 -3.2768521435536999 -0.39149789131575796 0.1298982252637568 -14.044307196483988 -1.1713652094890077 -2.9588170846862938 -4.6748084179125584 -0.42636879346592027 -1.6651879001638688 -1.5474341092663091 -2.1450277038027719 -0.43331074388530288 0.25752604341356256 -0.14985839810877125 -1.4924452053642216 -2.8742854168976315 -0.75438368600904371 -5.4361789137635661 -0.18084774296872827 -0.99009392242463834 -3.1525357585199809 -0.10935828055428992 -2.8854136090503006 -6.2369416329746858 -9.3099606874126177 -2.7875202113662114 -3.4427690787563003 -0.85289569848839963 -2.9356409804038508 -1.9261873811017312 0.52094392651461341 -1.4139082581604843 -14.654837114466515 -1.2430903801651674 0.13668693345766841 -0.95268197895263573 -0.24400950241817621 -0.71026952777373142 0.2902450702103398 -0.027293422936830854 -0.019489130888406411 -0.91489273823491224 0.39017266878890394 0.73302998469330183 -1.1999229831588352 -4.4561958582260726 -0.64147369635975593 -3.5194723300821185 -4.8136252963613497 -10.188665291256255 -3.6853265171934435 -0.66540499756728577 -0.61562578588489902 -0.57910950918869031 -1.6842765798738624 -0.74165021465549763 -3.2894735911609221 -2.7516861776877781 -1.6867832346585936 -0.40351094345006921 -11.402407249153924
leaf_weight=166891 3441 604 509 8533 11057 553 4541 1198 4310 4851 889 257 532 4392 17566 24929 206 468 4601 628 6744 3570 1432 16426 321 495 834 1022 786 2790 2716 1650 87267 4246 402 312 1079 296 6285 4012 38285 96 12709 923 30036 52360 586 435 2390 1419 1228 1113 1185 429 2486 271 462 906 249 81 166 80 324
leaf_count=166891 3441 604 509 8533 11057 553 4541 1198 4310 4851 889 257 532 4392 17566 24929 206 468 4601 628 6744 3570 1432 16426 321 495 834 1022 786 2790 2716 1650 87267 4246 402 312 1079 296 6285 4012 38285 96 12709 923 30036 52360 586 435 2390 1419 1228 1113 1185 429 2486 271 462 906 249 81 166 80 324
internal_value=0.00132506 -0.00406093 -0.00933376 -0.00222391 0.00346813 -0.0137224 -0.00446567 -0.0122295 -0.00616766 -0.0070692 -0.0086157 -0.0118771 -0.0169373 -0.00596059 0.00198125 -0.000334346 -0.00172249 -0.022687 -0.0067849 -0.0114931 0.000110645 -0.00926405 -0.004329 -0.00266409 -0.0160756 -0.0207672 -0.0242475 -0.0103632 -0.00757984 -0.00912533 -0.00677806 -0.0121365 0.0042908 -0.00634738 -0.0205449 -0.0183916 0.00124678 -0.00506118 -0.00278806 -0.00516057 0.00240978 -0.022551 0.00160548 -0.00469625 0.000898677 0.00305651 -0.0219231 -0.00792566 -0.00129517 -0.0181282 -0.0153627 -0.0176307 -0.0161146 -0.00290464 -0.00410483 -0.00728642 -0.015191 -0.00755374 -0.0246834 -0.00288402 -0.0267248 -0.018913 -0.0167617
internal_weight=551860 157081 40586 116495 394779 17009 53282 14896 23577 21791 16940 7602 3061 9338 140621 63213 29736 1898 4807 6051 26210 4946 17526 31491 1376 2672 2113 12224 5636 9798 5506 4292 254158 5032 1560 1430 19037 1471 11890 5605 114411 392 50994 12675 33477 63417 1118 2085 18816 2177 2426 1741 2207 7173 11752 3219 733 1163 758 4173 487 161 1158
internal_count=551860 157081 40586 116495 394779 17009 53282 14896 23577 21791 16940 7602 3061 9338 140621 63213 29736 1898 4807 6051 26210 4946 17526 31491 1376 2672 2113 12224 5636 9798 5506 4292 254158 5032 1560 1430 19037 1471 11890 5605 114411 392 50994 12675 33477 63417 1118 2085 18816 2177 2426 1741 2207 7173 11752 3219 733 1163 758 4173 487 161 1158
is_linear=0
shrinkage=0.05


Tree=17
num_leaves=64
num_cat=0
split_feature=0 0 43 0 8 0 14 44 25 32 43 23 37 0 39 12 0 44 0 0 14 16 9 0 27 14 22 21 39 22 33 29 37 17 19 0 34 21 41 9 23 37 23 27 0 31 12 38 27 25 29 37 22 37 31 25 1 23 10 35 37 16 5
split_gain=2332.55 519.085 219.564 213.994 162.107 118.711 91.5276 85.7789 63.3023 62.6669 57.9436 50.3977 51.1705 43.6474 43.4819 38.3068 36.3472 35.8013 33.454 32.9742 30.0369 28.9955 28.9804 28.9674 28.9528 27.0803 26.5194 26.3332 25.2395 25.0786 24.8077 32.271 30.6877 34.6616 24.5115 23.8299 22.1138 22.0422 21.8237 24.5486 21.7055 21.569 22.4044 21.2992 21.0563 20.7684 20.4332 20.1009 19.7922 19.3044 19.0513 18.4721 18.2971 18.2707 18.0545 18.4172 17.5765 16.3409 16.8349 16.2151 16.2115 16.1779 20.3384
threshold=78.825000000000003 223.25000000000003 37.500000000000007 43.550000000000004 251.67500000000004 126.25000000000001 9.5000000000000018 492.00000000000011 981.05000000000007 -11.020755223490962 172.50000000000003 24.750000000000004 79.500000000000014 692.00000000000011 1.0000000180025095e-35 -0.5 138.25000000000003 10243.000000000002 62.625000000000007 378.75000000000006 7.5000000000000009 5.7744898933964146 255.25000000000003 30.025000000000002 196.50000000000003 11.500000000000002 29.500000000000004 302.50000000000006 1.0000000180025095e-35 78.500000000000014 12.350000000000003 2.149931072210733 32.500000000000007 3.531731553198683 0.84335933205092517 120.07500000000002 0.84335933205092517 155.62500000000003 700.75000000000011 699.75000000000011 25.750000000000004 52.500000000000007 36.150000000000013 141.25000000000003 359.25000000000006 -19.226160818592611 0.37940952255126048 29.250000000000004 71.350000000000009 986.85000000000002 2.5317573026115947 86.500000000000014 50.500000000000007 92.500000000000014 -9.0063648232596076 988.55000000000007 37.95000000000001 16.650000000000002 40.425000000000004 -0.89490028524376719 67.500000000000014 -10.079894083473281 83.050000000000011
decision_type=2 2 2 2 10 2 2 2 2 2 2 2 2 2 2 2 2 2 2 2 2 2 10 2 10 2 2 2 2 2 2 2 2 2 2 2 2 2 2 8 2 2 2 10 2 2 2 2 10 2 2 2 2 2 2 2 8 2 10 2 2 2 8
left_child=3 2 11 23 7 15 9 19 37 10 54 16 30 20 18 -4 -2 28 56 46 21 44 -12 -1 34 -22 -14 -16 43 -27 -13 -32 -33 36 45 -28 48 -6 -10 -40 -20 -42 -43 -17 -9 -11 61 57 -34 -23 -18 -52 -30 -25 55 -7 -5 -19 -59 -45 -35 -3 -63
right_child=1 4 5 14 8 6 -8 13 38 24 22 12 26 -15 27 17 50 47 40 -21 25 49 -24 53 -26 29 35 -29 52 -31 31 32 33 60 -36 -37 -38 -39 39 -41 41 42 -44 59 -46 -47 -48 -49 -50 -51 51 -53 -54 -55 -56 -57 -58 58 -60 -61 -62 62 -64
leaf_value=0.90678231191409153 0.38976151858517011 -3.2293050417799116 -0.041458362474750626 0.15829126638012414 -14.751389101491597 -3.0106803701704266 -0.61619752782582826 -3.7153148576610739 -5.8053426918028812 -1.8305211721376855 -1.527502231540087 -0.038214489376179626 -1.8989239562256941 -16.500354463636235 -0.26413434488125237 -0.36730720060006822 -0.22495546674410433 -0.32157429360157386 0.46686423444460606 -5.3529358565686325 -2.1182484135845874 -4.253828046437599 -2.3476718484060135 0.55507966326669089 -2.8588740958182743 -4.1869115485429225 -0.57589919953024404 0.078829070295912268 -1.5277065054131151 -2.7171852911377568 -0.014343591133649379 -0.38712722334132343 -1.0577955251851696 -0.25377005750328335 -1.9890026042389271 -3.6648646716328255 -0.73801233808366506 -18.267527401549362 -6.3622185809209251 -11.889693479874513 0.21446859524939513 -0.081604600608083902 -0.49029711608207632 -8.1582975788349366 -6.9826184080081379 -0.93095177668548645 -1.1423269308382662 -0.23214649143933569 -1.8169515886529479 -1.6422523980403509 -0.98209589236958772 -2.5891592333194731 -0.94464457364922882 0.10690945208927094 -1.4408101748467304 -0.17520605075905973 0.4667043691851035 -0.88726415094171429 -1.3206857490193231 -0.71302783696573147 -0.78540620207813239 -2.9789112554834336 -1.8708208258861647
leaf_weight=158311 24649 652 8368 14233 587 186 5095 2472 557 1053 631 13038 129 243 4947 17517 17211 290 16393 3571 3303 619 1126 88527 801 1901 1992 8675 96 1135 4555 3137 574 1563 1819 598 865 180 318 963 19536 12084 886 74 602 6281 5791 528 596 893 2096 104 770 7320 2453 68 69838 490 693 2157 502 271 4947
leaf_count=158311 24649 652 8368 14233 587 186 5095 2472 557 1053 631 13038 129 243 4947 17517 17211 290 16393 3571 3303 619 1126 88527 801 1901 1992 8675 96 1135 4555 3137 574 1563 1819 598 865 180 318 963 19536 12084 886 74 602 6281 5791 528 596 893 2096 104 770 7320 2453 68 69838 490 693 2157 502 271 4947
internal_value=0.00135388 -0.00393984 -0.00251157 0.00334997 -0.00995259 -0.00503644 -0.00809127 -0.00877841 -0.0218522 -0.0101269 -0.0150493 -0.000731123 -0.00240862 -0.0121069 0.00182861 -0.00311251 0.000317749 -0.00418196 0.00210423 -0.00633797 -0.0116407 -0.0147231 -0.0221201 0.00422745 -0.00791943 -0.00941079 -0.00892056 -0.000861841 -0.00356214 -0.0128195 -0.00169553 -0.00335736 -0.0054325 -0.00828049 -0.00712171 -0.00781853 -0.0129115 -0.0339179 -0.0168172 -0.0204098 0.00106434 0.000316249 -0.00126446 -0.00319577 -0.0175114 -0.00583311 -0.0050506 -0.0105672 -0.0173932 -0.00905423 -0.00130055 -0.00568182 -0.0119169 0.00354143 -0.0104599 -0.0231496 0.00270908 -0.0135675 -0.016175 -0.00779695 -0.00371671 -0.00712947 -0.00620161
internal_weight=551860 151110 122105 400750 29005 50496 19513 26400 2605 14418 4464 71609 27549 11168 146592 30983 44060 22615 132970 15232 10925 4586 1757 254158 9954 6339 2719 13622 20614 3036 24830 11792 7237 4100 9153 2590 2035 767 1838 1281 48899 32506 12970 19748 3074 7334 11661 2001 1170 1512 19411 2200 866 95847 2707 254 84071 1473 1183 2231 2065 5870 5218
internal_count=551860 151110 122105 400750 29005 50496 19513 26400 2605 14418 4464 71609 27549 11168 146592 30983 44060 22615 132970 15232 10925 4586 1757 254158 9954 6339 2719 13622 20614 3036 24830 11792 7237 4100 9153 2590 2035 767 1838 1281 48899 32506 12970 19748 3074 7334 11661 2001 1170 1512 19411 2200 866 95847 2707 254 84071 1473 1183 2231 2065 5870 5218
is_linear=0
shrinkage=0.05


Tree=18
num_leaves=64
num_cat=0
split_feature=0 0 0 8 44 43 0 0 25 14 3 27 37 44 33 23 37 0 21 37 1 32 22 0 25 25 33 41 4 40 22 28 28 37 39 0 8 32 13 43 0 27 10 0 36 13 32 34 25 37 43 23 12 10 13 31 14 22 33 0 29 8 29
split_gain=2130.43 484.46 188.226 173.173 163.779 112.613 84.105 65.0035 60.8368 60.7812 54.7293 47.4431 46.8321 46.3703 38.3435 35.6053 47.5677 34.067 33.3917 32.5441 30.8184 28.075 26.8814 25.3291 25.4283 22.682 22.9602 22.4369 32.1904 22.037 21.1224 29.3333 24.8497 21.9463 20.7063 18.9134 17.229 16.9043 17.6079 17.6851 16.764 16.4209 16.2091 16.0262 15.211 15.1514 18.3467 19.5899 25.9582 17.9278 24.0728 15.1235 15.0341 14.9905 14.9603 23.6027 14.7342 14.6869 14.4802 14.456 14.3684 13.9445 13.9352
threshold=75.925000000000026 192.25000000000003 37.550000000000004 200.25000000000003 562.75000000000011 37.500000000000007 116.25000000000001 692.00000000000011 981.05000000000007 9.5000000000000018 95.02500000000002 183.25000000000003 82.500000000000014 5741.7500000000009 24.750000000000004 23.350000000000005 74.500000000000014 52.525000000000006 155.62500000000003 22.500000000000004 90.02500000000002 -8.808878857126361 39.500000000000007 327.25000000000006 985.55000000000007 974.75000000000011 20.350000000000005 700.75000000000011 313.25000000000006 981.95000000000016 53.500000000000007 2.3550000000000009 2.7850000000000006 74.500000000000014 1.0000000180025095e-35 97.125000000000014 17.025000000000009 -7.5383158261326146 2.5000000000000004 131.25000000000003 126.25000000000001 83.850000000000009 10.705000000000002 292.25000000000006 67.500000000000014 4.5000000000000009 -7.9919871205965656 0.43049470426488845 987.45000000000016 75.500000000000014 207.50000000000003 16.450000000000003 0.25881904510252057 13.125000000000002 2.5000000000000004 -11.219086758523618 9.5000000000000018 74.500000000000014 26.850000000000005 28.925000000000004 10.690761337127149 351.50000000000006 1.6621793534994789
decision_type=2 2 2 10 2 2 2 2 2 2 10 10 2 2 2 2 2 2 2 2 8 2 2 2 2 2 2 2 10 2 2 2 2 2 2 2 10 2 2 2 2 10 8 2 2 2 2 2 2 2 2 2 2 8 2 2 2 2 2 2 2 10 2
left_child=2 4 59 5 15 7 20 23 18 11 37 14 17 -14 29 40 42 -4 61 -16 34 43 60 24 44 36 -27 -10 -29 30 33 -32 -33 -8 35 -6 -19 38 39 -7 -2 -15 -17 -12 -3 46 47 -31 -49 -48 -51 -21 -26 -25 55 -13 -54 -53 -30 -1 -18 -5 -44
right_child=1 3 12 8 6 10 9 -9 27 -11 21 54 13 41 19 16 22 25 -20 51 -22 -23 -24 53 52 26 -28 28 58 45 31 32 -34 -35 -36 -37 -38 -39 -40 -41 -42 -43 62 -45 -46 -47 49 48 -50 50 -52 57 56 -55 -56 -57 -58 -59 -60 -61 -62 -63 -64
leaf_value=0.88644319631838686 0.58932206658768893 -1.4164213067409666 0.49307189907041649 -6.6024471570962682 -0.27153342965295302 -3.6191889315119883 -0.82608284400049448 -14.964858957887603 -4.8943813783076457 -0.38420120905247962 -2.5761036920555642 -2.7560590615703 0.14135016032079159 -0.26937386436343641 -1.8426043164385009 -1.0517496465729559 -0.57662792720298306 0.12063492121595341 -13.350790055985511 -0.70122736274901298 -0.095676838858405944 -2.3200764872115416 -0.69091541338710694 -6.8039785622741569 -1.4607464496204219 0.44054029615429297 0.0077244200749338986 -6.2681207776579368 -13.4360324663804 -0.95268979017045652 -1.5167725470166979 -3.0502387159658753 -1.7527577602609814 -2.3768146724434702 -0.83169526969368135 -0.89232133129494062 -0.20475555646198346 -3.5682365303173853 -3.1561792308978003 -4.2421553699792458 -0.080643609317440482 -0.88660696006057127 0.23536891819056707 -4.7131519128030064 -2.4101064408589021 -0.21576391672242071 -0.26259305252461668 -1.9770178075393858 -0.98851484337458295 -0.91538001250673884 -3.4095707785803384 -1.438905976182876 -1.4839993532682498 -3.1709011363379593 -1.3693728569564594 -2.9113664364900682 0.11742588207429845 -2.9303513076525962 0.95454384331411868 0.53439076593589852 -1.930802440141612 -20.045818596428987 -0.2501660770490613
leaf_weight=147098 17758 2488 70407 368 12661 319 2723 383 849 5271 1974 238 27046 3557 369 1329 264 8228 251 701 14992 5308 4052 412 6592 54119 10660 1655 380 2689 1151 185 160 106 1181 4152 4187 1683 849 429 14735 203 10998 1021 1422 2439 3020 196 258 590 154 1281 2156 5381 819 499 4726 208 35 67403 150 331 14611
leaf_count=147098 17758 2488 70407 368 12661 319 2723 383 849 5271 1974 238 27046 3557 369 1329 264 8228 251 701 14992 5308 4052 412 6592 54119 10660 1655 380 2689 1151 185 160 106 1181 4152 4187 1683 849 429 14735 203 10998 1021 1422 2439 3020 196 258 590 154 1281 2156 5381 819 499 4726 208 35 67403 150 331 14611
internal_value=0.00138613 -0.00349816 0.00336208 -0.0083382 -0.00192388 -0.00723288 -0.00389674 -0.0052483 -0.0183781 -0.00621351 -0.0112695 -0.00761104 0.00216211 0.000388885 -0.00681146 -0.000193514 -0.00139409 0.0025322 -0.0293684 -0.0124287 -0.00227733 -0.00910936 -0.00617331 -0.00491069 -0.00395651 0.00180675 0.00218196 -0.0148013 -0.0176087 -0.00576 -0.00871098 -0.013516 -0.0263043 -0.00617002 -0.00367233 -0.0032228 -0.000151027 -0.0167378 -0.0204227 -0.026016 0.000966824 -0.00481383 -0.000601752 -0.01298 -0.00750639 -0.00439439 -0.0055907 -0.00841075 -0.0180176 -0.00323592 -0.0101882 -0.0101142 -0.00292638 -0.00777404 -0.0159512 -0.0211194 -0.00129178 -0.0129651 -0.0300602 0.00436014 -0.0183092 -0.0349857 -0.000322347
internal_weight=551860 158952 392908 39012 119940 35143 56043 23560 3869 23057 11583 17786 178407 30806 16230 63897 31404 147601 950 2559 32986 8303 4466 23177 17384 77194 64779 2919 2070 13671 4325 1496 345 2829 17994 16813 12415 3280 1597 748 32493 3760 26938 2995 3910 9346 6907 3143 454 3764 744 2190 13474 5793 1556 737 6882 1489 415 214501 414 699 25609
internal_count=551860 158952 392908 39012 119940 35143 56043 23560 3869 23057 11583 17786 178407 30806 16230 63897 31404 147601 950 2559 32986 8303 4466 23177 17384 77194 64779 2919 2070 13671 4325 1496 345 2829 17994 16813 12415 3280 1597 748 32493 3760 26938 2995 3910 9346 6907 3143 454 3764 744 2190 13474 5793 1556 737 6882 1489 415 214501 414 699 25609
is_linear=0
shrinkage=0.05


Tree=19
num_leaves=64
num_cat=0
split_feature=0 0 0 44 0 40 29 0 32 0 42 44 29 14 43 37 41 37 25 11 25 14 11 27 33 37 0 2 31 34 27 8 16 23 37 0 30 3 34 39 25 18 36 27 32 10 35 10 11 14 37 14 8 11 0 11 0 27 14 14 9 25 16
split_gain=1941.44 430.001 190.598 183.464 138.946 112.079 74.7835 67.7565 60.7154 48.6851 43.9836 42.0702 36.8829 35.5712 35.5707 35.4014 33.1379 32.7027 32.4868 31.5187 31.0142 30.9936 30.1791 28.3482 27.5078 27.448 25.493 25.0276 22.7531 21.6534 21.4264 21.2223 20.9483 20.7651 20.7215 23.4143 18.4985 29.9393 22.9362 18.4444 18.4436 18.1484 17.7607 17.3307 18.3241 17.2053 17.1878 16.9608 16.9394 16.48 16.0899 23.6042 16.0509 16.0485 15.9864 15.8875 15.5625 15.5206 15.4501 24.1901 17.11 21.9127 15.6554
threshold=75.925000000000026 292.25000000000006 37.550000000000004 393.00000000000028 126.25000000000001 979.25000000000011 0.28305743090441415 561.75000000000011 -13.479851386427725 157.25000000000003 4.9000000000000021 2495.25 3.4541751861472934 9.5000000000000018 317.50000000000006 75.500000000000014 972.50000000000011 91.500000000000014 975.6500000000002 -0.9159756150367534 976.85000000000002 4.5000000000000009 -0.78656609248549292 203.25000000000003 23.850000000000005 93.500000000000014 58.025000000000006 177.25000000000003 12.469776187822729 0.50751903745502713 141.25000000000003 351.50000000000006 -6.4964034716870973 15.65 26.500000000000004 192.25000000000003 48.500000000000007 54.550000000000004 0.71322329076259938 1.0000000180025095e-35 987.45000000000016 14.750000000000002 371.25000000000006 80.050000000000011 -14.741815179544437 41.025000000000006 -0.92384435400961373 7.535000000000001 -0.78656609248549292 9.5000000000000018 54.500000000000007 11.500000000000002 16.005000000000006 -0.25881904510252113 26.550000000000004 -0.5 178.25000000000003 83.850000000000009 9.5000000000000018 11.500000000000002 485.50000000000006 992.05000000000007 3.0916070211746174
decision_type=2 2 2 2 2 2 2 2 2 2 2 2 2 2 2 2 2 2 2 2 2 2 2 10 2 2 2 8 2 2 10 10 2 2 2 2 2 8 2 2 2 2 2 10 2 10 2 10 2 2 2 2 10 2 2 2 2 10 2 2 8 2 2
left_child=2 3 54 9 13 31 34 11 14 20 18 19 22 24 29 23 -9 43 26 -7 -2 -13 27 36 30 50 -4 -11 55 56 39 -3 -22 -26 -6 -36 -10 38 -38 -5 -16 -31 -19 -12 -45 -35 -25 -37 49 -34 51 -21 -28 -53 -1 -17 -8 -44 62 -60 -61 -62 -49
right_child=1 5 10 4 6 7 8 16 15 12 17 21 -14 -15 40 28 -18 42 -20 25 32 -23 -24 46 33 -27 52 -29 -30 41 -32 -33 48 45 35 47 37 -39 -40 -41 -42 -43 57 44 -46 -47 -48 58 -50 -51 -52 53 -54 -55 -56 -57 -58 -59 59 60 61 -63 -64
leaf_value=0.8861210374561419 -0.45121365757052767 -6.3211675225351396 0.25465424021530297 -0.21525544391872772 -1.1991130137058792 -4.9814000017176241 -1.2995299131405842 -7.9705678088358587 -0.88947750355076749 -0.70416543920826136 0.18138883904023068 -5.2265991817714674 -1.8282491098021816 0.49534992112810183 -2.7052033130771429 -2.1568979262398744 -13.031221614349491 0.0067075286350159581 0.51648347886853374 -2.8057219096821626 -0.20325909637451645 -3.7899943600392492 -0.33807770908410695 -9.9081366517050959 0.16287358054531112 -4.4113182726416023 0.077180372486604309 -2.5603598969238037 1.0147654585028685 -1.5002452982143186 -0.77262957403160615 -17.278361298892275 -0.54190152927930668 -0.53999115065041459 -0.61632726051384545 -0.65470807315679524 -3.2259460144144669 -1.1286819462563538 -1.3087976036250057 -0.6789021953305695 0.21279233797385855 -3.1141332099058774 -0.32909097992190883 -0.51530788987443654 0.0042039060723075214 -0.9276199906141015 -2.3434351451487769 -3.21314555884332 0.49715724744187989 0.48099833295857053 -2.095239068768608 -6.1219346208379495 -0.25885744234832408 -3.9751711838639157 0.53098862438699235 -1.961673023035819 -2.2617910561191121 -0.8708983763333713 -0.57452201699034167 -1.0866483706089436 -3.5146022183788328 -1.8882811102435337 -1.9867710183313969
leaf_weight=127645 5721 444 23631 26030 614 720 1094 1027 5829 1322 39683 887 2213 4267 438 133 1224 1638 95276 1383 12435 1438 16927 107 879 808 5858 1526 126 170 2625 367 3049 2340 9474 1543 333 1079 194 1483 47 179 1880 1160 5402 2255 652 1301 27605 2736 7181 152 3765 297 86856 824 547 114 2124 769 592 387 1055
leaf_count=127645 5721 444 23631 26030 614 720 1094 1027 5829 1322 39683 887 2213 4267 438 133 1224 1638 95276 1383 12435 1438 16927 107 879 808 5858 1526 126 170 2625 367 3049 2340 9474 1543 333 1079 194 1483 47 179 1880 1160 5402 2255 652 1301 27605 2736 7181 152 3765 297 86856 824 547 114 2124 769 592 387 1055
internal_value=0.00140824 -0.00325438 0.00329451 -0.00238652 -0.00422867 -0.0110472 -0.00682331 -0.0100757 -0.00992086 -0.000645688 0.002087 -0.00867558 -0.00261552 -0.00230209 -0.0168788 -0.00806457 -0.0180786 0.000826734 0.00257605 -0.0073328 0.000194584 -0.0147634 -0.00193047 -0.00694166 -0.00281899 -0.00659251 0.00123053 -0.00669242 -0.0165605 -0.0139196 -0.00222676 -0.0291554 0.000627933 -0.00607965 -0.00478498 -0.00446361 -0.00600202 -0.0107534 -0.0205218 -0.00181496 -0.0290206 -0.0252292 -0.00374174 0.00118553 -0.00119476 -0.00742655 -0.0161462 -0.00649788 0.00128032 -0.00117978 -0.00580106 -0.00998362 -0.000938896 -0.0199443 0.00429884 -0.0191902 -0.0115143 -0.00691073 -0.00766056 -0.00571797 -0.0100744 -0.0144586 -0.0108531
internal_weight=551860 158952 392908 143024 69490 15928 29611 15117 11752 73534 178407 12866 21988 39879 2475 9277 2251 49877 128530 10541 51546 2325 19775 8194 35612 9821 33254 2848 1083 1990 30138 811 45825 5474 17859 17245 7435 1606 527 27513 485 349 3632 46245 6562 4595 759 7771 33390 5785 9013 1832 9623 449 214501 957 1641 1994 6228 3872 1748 979 2356
internal_count=551860 158952 392908 143024 69490 15928 29611 15117 11752 73534 178407 12866 21988 39879 2475 9277 2251 49877 128530 10541 51546 2325 19775 8194 35612 9821 33254 2848 1083 1990 30138 811 45825 5474 17859 17245 7435 1606 527 27513 485 349 3632 46245 6562 4595 759 7771 33390 5785 9013 1832 9623 449 214501 957 1641 1994 6228 3872 1748 979 2356
is_linear=0
shrinkage=0.05


Tree=20
num_leaves=64
num_cat=0
split_feature=0 0 0 0 14 43 25 14 12 14 0 11 37 0 44 14 23 0 37 2 25 31 44 44 13 27 11 36 29 44 25 27 16 11 16 10 44 20 39 37 17 1 14 37 38 0 5 22 16 37 23 37 13 31 38 11 29 33 19 8 7 20 30
split_gain=1779.08 383.553 188.774 164.6 110.703 110.044 81.1703 57.9565 57.8875 56.6978 58.0527 45.1605 43.0916 38.4238 37.0256 36.2353 34.5366 34.2427 33.1367 31.5766 29.0639 29.6588 28.7213 28.0068 27.2563 26.3945 26.3291 23.7654 23.7208 22.7946 21.497 20.8204 24.4458 20.7483 20.2838 20.1666 20.1371 20.1198 20.0629 19.9845 19.9817 19.4777 19.2694 18.2213 18.206 17.594 17.3226 16.9107 34.0826 27.1529 16.5295 16.0968 15.7807 15.7495 15.6231 15.3313 15.2665 15.2646 15.1039 15.0257 14.9076 14.8393 14.5879
threshold=75.925000000000026 175.25000000000003 37.550000000000004 401.25000000000006 9.5000000000000018 12.500000000000002 981.05000000000007 1.5000000000000002 -0.3794095225512602 9.5000000000000018 106.12500000000001 -0.78656609248549292 82.500000000000014 692.00000000000011 5741.7500000000009 3.5000000000000004 23.750000000000004 52.525000000000006 71.500000000000014 207.25000000000003 986.05000000000007 19.9565808702156 6661.7500000000009 2163.7500000000005 4.5000000000000009 196.50000000000003 -0.78656609248549292 122.50000000000001 7.9945359790915083 2944.7500000000005 994.95000000000016 233.25000000000003 -5.4664028463200003 -0.25881904510252113 -18.283813306676535 90.02500000000002 523.75000000000011 0.82409480842201688 1.0000000180025095e-35 49.500000000000007 13.029995318874684 71.825000000000003 11.500000000000002 39.500000000000007 33.95000000000001 28.550000000000004 228.25000000000003 55.500000000000007 14.343763197086092 36.500000000000007 18.850000000000005 79.500000000000014 1.5000000000000002 22.117652833213814 22.750000000000004 -0.9159756150367534 515.9082932769328 11.65 -0.7660444431189779 17.025000000000009 469.43977272727278 0.27563735581699933 44.500000000000007
decision_type=2 2 2 2 2 2 2 2 2 2 2 2 2 2 2 2 2 2 2 10 2 2 2 2 2 10 2 2 2 2 2 10 2 2 2 10 2 2 2 2 2 8 2 2 2 2 8 2 2 2 2 2 2 2 2 2 2 2 2 10 10 2 2
left_child=2 5 45 4 7 16 44 23 51 10 41 19 17 15 -14 29 -2 -4 57 -6 21 25 31 34 46 38 59 -13 -23 60 39 32 54 -20 -3 -25 -28 -24 47 -17 42 -7 -29 58 -5 -1 -15 -12 49 -49 -51 -9 -42 -26 -10 -41 -34 -18 -44 -19 -8 -50 -59
right_child=1 3 12 6 11 9 13 8 22 -11 20 27 14 24 -16 30 18 26 33 -21 -22 28 37 35 53 -27 36 40 -30 -31 -32 -33 56 -35 -36 -37 -38 -39 -40 55 52 -43 43 -45 -46 -47 -48 48 61 50 -52 -53 -54 -55 -56 -57 -58 62 -60 -61 -62 -63 -64
leaf_value=0.7978149846296605 0.35989578094301666 -3.5221057753697909 0.45038978537883562 -17.915715204867031 -1.6408755116983735 -0.52870631421321723 -4.9889781755354567 -1.0299603620174447 -3.3145618590192019 0.18877036345781051 -0.61633498161842903 -0.40797107550761375 0.12094522301897898 -16.235003062672149 -0.27788287016142166 -5.9677951133902765 0.21238585105498831 0.091643015549125559 -1.2696740741885004 -3.4822093192859729 -0.57171597973770782 -0.77230404453375756 -3.4616106017991934 -2.4076619797929459 -15.301697602727154 -2.28740001703436 0.5557515903859237 -0.48382312068167299 -1.8501178631513817 -7.3650834376728724 -5.8828435721499304 -3.464852963074406 -2.0318516436325496 -0.39142661417320546 -1.0882951774650944 -4.1170887937041245 0.13970965196812854 -2.3575466469827178 -1.7603528938472444 -4.6123559457375647 -2.3866407405137231 -0.15515582291179658 -1.3848116819440777 -1.8685833947862442 0.1018951669232806 0.48317422680224226 -8.1842111526309633 -2.6006691439564817 -0.66429859895888632 -0.032601542503102696 -1.2655471984924049 -2.0770630500371179 0.84749044820978003 0.56412787193361236 -3.6737791270193747 -2.8392023357481118 -2.8889530349579235 -0.12449101941613926 -3.7946079580702077 -0.24696399847706543 -9.8988234445172534 -1.8091277552337091 -0.65964056160306228
leaf_weight=144966 27714 238 70407 518 1856 8500 679 2586 706 8858 6943 11787 27046 189 3760 808 11355 13245 1243 1335 8842 679 670 1251 354 763 33448 4225 510 224 372 768 3130 3613 5594 278 26630 166 286 169 137 17595 203 2841 43 69535 499 156 64 1006 2511 242 61 37 741 3245 176 9430 268 3871 57 236 2195
leaf_count=144966 27714 238 70407 518 1856 8500 679 2586 706 8858 6943 11787 27046 189 3760 808 11355 13245 1243 1335 8842 679 670 1251 354 763 33448 4225 510 224 372 768 3130 3613 5594 278 26630 166 286 169 137 17595 203 2841 43 69535 499 156 64 1006 2511 242 61 37 741 3245 176 9430 268 3871 57 236 2195
internal_value=0.00142418 -0.00303922 0.00322987 -0.00686145 -0.00558738 -0.00146095 -0.0138143 -0.00869817 -0.0113473 -0.00300541 -0.0036825 -0.00332123 0.00202814 -0.0122697 0.000327209 -0.0105924 0.000122412 0.00238315 -0.00112157 -0.00883579 -0.00557465 -0.00706477 -0.0139948 -0.00539261 -0.0209036 -0.00631634 0.00165583 -0.00241983 -0.0145963 -0.0194271 -0.00874619 -0.012687 -0.0114528 -0.00487438 -0.00381344 -0.011416 0.00214871 -0.0226316 -0.00570345 -0.00773093 -0.00457337 -0.00208756 -0.00416147 -0.00701691 -0.0320766 0.00422937 -0.0149128 -0.00536094 -0.0079625 -0.00663899 -0.00573358 -0.00539604 -0.0202525 -0.031445 -0.0168728 -0.00605741 -0.00908046 -0.000328546 -0.0161253 -7.41994e-05 -0.0151766 -0.0241667 -0.00160215
internal_weight=551860 158952 392908 46453 39259 112499 7194 16546 9185 56949 48091 22713 178407 6633 30806 5554 55550 147601 27836 3191 21996 13154 6357 7361 1079 11965 77194 19522 1189 960 4594 5521 4753 4856 5832 1529 60078 836 11202 4222 7735 26095 7537 3312 561 214501 688 10916 3973 3673 3517 2828 198 391 1447 3414 3306 22980 471 17116 736 300 11625
internal_count=551860 158952 392908 46453 39259 112499 7194 16546 9185 56949 48091 22713 178407 6633 30806 5554 55550 147601 27836 3191 21996 13154 6357 7361 1079 11965 77194 19522 1189 960 4594 5521 4753 4856 5832 1529 60078 836 11202 4222 7735 26095 7537 3312 561 214501 688 10916 3973 3673 3517 2828 198 391 1447 3414 3306 22980 471 17116 736 300 11625
is_linear=0
shrinkage=0.05


Tree=21
num_leaves=64
num_cat=0
split_feature=0 0 0 0 14 41 12 37 25 0 39 16 11 0 14 40 33 42 2 39 11 43 23 32 22 16 36 27 8 38 29 22 28 0 34 23 27 25 33 17 3 24 37 26 14 37 14 31 11 25 0 22 5 15 16 29 13 28 4 0 13 20 31
split_gain=1641.92 359.869 178.099 150.906 104.085 97.5374 94.1712 62.0763 55.5322 50.8717 47.7912 46.2641 43.9007 37.8121 35.2928 31.4601 30.4921 29.3117 27.866 24.62 23.5472 22.3393 21.9218 35.5286 25.1486 21.9094 21.7171 21.5652 21.457 21.1205 26.3262 21.2258 22.2806 20.3963 19.8677 22.0519 19.7752 19.4446 19.753 18.4951 18.3104 18.2539 18.0817 17.2256 17.2129 16.8319 16.7541 16.7034 16.3335 16.2451 16.0682 15.556 15.4628 14.9639 14.8032 14.7723 13.7361 13.7168 13.2224 13.147 13.12 13.1091 19.7024
threshold=73.825000000000003 169.25000000000003 34.550000000000004 401.25000000000006 9.5000000000000018 1915.5000000000002 -0.3794095225512602 49.500000000000007 985.75000000000011 120.07500000000002 1.0000000180025095e-35 -6.3395144179001655 -0.78656609248549292 52.525000000000006 5.5000000000000009 987.75000000000011 15.65 8.6500000000000004 207.25000000000003 1.0000000180025095e-35 -0.70710678118654735 121.25000000000001 16.250000000000004 -10.440595499701852 62.500000000000007 7.5343212289896746 117.50000000000001 118.25000000000001 17.025000000000009 24.850000000000005 6.9106168008844353 53.500000000000007 2.3550000000000009 692.00000000000011 0.71322329076259938 26.450000000000003 57.550000000000004 974.55000000000007 11.050000000000002 16.178045648204556 66.050000000000011 3.9500000000000006 86.500000000000014 691.00000000000011 11.500000000000002 40.500000000000007 4.5000000000000009 -5.407151639431456 0.78656609248549325 994.95000000000016 122.25000000000001 26.500000000000004 104.07500000000002 1.0000000180025095e-35 -5.1967781547033187 0.36820613978850231 5.5000000000000009 6.7700000000000014 27.950000000000003 25.050000000000004 5.5000000000000009 -0.29237170472273682 9.1774782307652885
decision_type=2 2 2 2 2 2 2 2 2 2 2 2 2 2 2 2 2 2 10 2 2 2 2 2 2 2 2 10 10 2 2 2 2 2 2 2 8 2 2 2 10 2 2 2 2 2 2 2 2 2 2 2 10 2 2 2 2 2 8 2 2 2 2
left_child=2 5 59 4 8 25 37 16 22 19 13 48 18 55 21 29 60 -13 -6 27 28 -9 -3 24 54 -2 -14 -8 -15 30 -11 58 -33 49 35 -29 -12 -7 -39 44 -25 -27 50 -32 -28 -46 -22 -18 -10 -16 -40 -21 -50 -42 -24 -4 -35 -34 -31 -1 -5 -20 -63
right_child=1 3 10 7 12 6 9 14 11 15 36 17 26 20 33 -17 47 -19 61 51 46 -23 23 40 -26 41 39 34 -30 31 43 32 57 56 -36 -37 -38 38 42 -41 53 -43 -44 -45 45 -47 -48 -49 52 -51 -52 -53 -54 -55 -56 -57 -58 -59 -60 -61 -62 62 -64
leaf_value=0.8329242353981775 -0.055748038660244761 -1.8245926852625631 0.27797256649168572 -5.6811142047348078 -1.54753643039181 -0.56574461594581549 -0.27247986429281607 -6.6354927911636485 -2.3036427388714866 -0.93368535663857066 0.096575619000789509 -0.7683023029690107 -0.33880374652217515 0.12550505112492658 -3.1380414928186813 -0.405837857792056 -4.224965707691684 -2.329530867023585 -3.847765503848124 -1.3660154767652104 0.55165264908683254 -8.9267534987383712 -2.2500421070071868 -3.1907409231336921 -3.6070567481774058 0.58472428270044974 -0.44378999699893917 -0.58817886462124602 -0.28541704574931653 -7.9296482352449109 -0.99543946551166818 -1.2135305421037026 -2.2729468861618716 -9.1359513967584167 -0.24566896102205754 -1.6119603837716387 -0.17868729396709676 0.29932488744091429 -6.9354005887589665e-05 -2.187348544587985 -1.7376480187927432 -1.2382044487791555 -0.91982080920512033 -1.8463610917417939 -2.8891643757477734 -1.6691118123907884 0.18000617569356048 -13.561102688306589 -3.3021588745666692 -5.1009565252650972 -0.55989931253390079 -0.656725287086527 -1.9536515318716798 -2.0213128991759368 -1.9912417330107859 0.56541130012362806 -11.746406921326955 -1.3028234069213485 -0.69020375259116984 0.5090155154621302 -9.3728041046588384 -2.2016568929991389 -4.6628637854950759
leaf_weight=116165 28937 1339 38220 854 1982 1865 22011 717 1759 2175 14527 7059 12193 15220 3476 2308 65 2075 208 158 25447 206 336 2008 363 16995 4647 1486 4420 64 392 729 163 638 1651 782 6814 12495 12846 121 1836 39 388 958 594 3006 31158 652 191 310 5508 1168 325 89 839 57885 124 78 2443 77014 152 876 311
leaf_count=116165 28937 1339 38220 854 1982 1865 22011 717 1759 2175 14527 7059 12193 15220 3476 2308 65 2075 208 158 25447 206 336 2008 363 16995 4647 1486 4420 64 392 729 163 638 1651 782 6814 12495 12846 121 1836 39 388 958 594 3006 31158 652 191 310 5508 1168 325 89 839 57885 124 78 2443 77014 152 876 311
internal_value=0.0014288 -0.00274744 0.00320986 -0.00632196 -0.0051798 -0.00122195 -0.00240153 -0.013015 -0.00802761 -0.00415058 0.00213848 -0.00589491 -0.00301237 0.00241485 -0.0104085 -0.00734157 -0.0212914 -0.00430589 -0.00829582 -0.00306061 0.00158338 -0.0193229 -0.0116006 -0.013004 -0.0194473 0.000565683 -0.00214459 -0.00272079 9.16499e-05 -0.00901028 -0.0117376 -0.00624533 -0.0125258 -0.00859938 -0.00613805 -0.00917548 -9.34818e-05 -0.000469458 -0.000173352 -0.00410612 -0.0104844 0.00198838 -0.00119998 -0.0172222 -0.00382139 -0.00641667 0.00210096 -0.0291702 -0.0122747 -0.0070972 -0.000974174 -0.00970588 -0.0200969 -0.007 -0.0158936 0.0030745 -0.016063 -0.0257054 -0.00381532 0.00428408 -0.0156759 -0.0137097 -0.0116807
internal_weight=551860 164990 386870 49351 42157 115639 69668 7194 18219 36566 193691 11409 23938 172350 5471 9310 1723 9134 3377 27256 76245 923 6810 5471 1538 45971 20561 25930 19640 7002 3525 3477 970 4548 3919 2268 21341 33102 31237 8368 3933 17034 18742 1350 8247 3600 56605 717 2275 3786 18354 1326 516 1925 1175 96105 762 241 2507 193179 1006 1395 1187
internal_count=551860 164990 386870 49351 42157 115639 69668 7194 18219 36566 193691 11409 23938 172350 5471 9310 1723 9134 3377 27256 76245 923 6810 5471 1538 45971 20561 25930 19640 7002 3525 3477 970 4548 3919 2268 21341 33102 31237 8368 3933 17034 18742 1350 8247 3600 56605 717 2275 3786 18354 1326 516 1925 1175 96105 762 241 2507 193179 1006 1395 1187
is_linear=0
shrinkage=0.05


Tree=22
num_leaves=64
num_cat=0
split_feature=0 0 0 44 0 0 25 43 42 12 43 8 37 44 30 11 35 17 37 3 19 28 28 37 22 34 36 38 30 4 16 42 11 38 23 0 32 13 1 35 38 35 10 11 36 36 37 25 37 38 33 5 18 39 37 44 42 3 37 31 9 23 34
split_gain=1515.85 344.164 161.962 120.957 104.923 74.7972 55.3442 50.0949 48.1159 41.2498 43.5332 34.1394 33.64 32.4538 31.5481 30.9961 29.0039 28.4875 26.1449 25.2796 24.1097 41.9766 33.9743 29.0492 27.2874 23.5117 21.5319 23.2783 23.487 21.3644 21.2548 21.1387 20.4482 20.4109 20.0061 29.7024 19.2142 19.1912 18.8562 18.0669 18.2579 17.8133 17.5025 17.341 17.3247 16.8201 16.1506 15.9824 15.9341 15.7929 15.1714 15.0046 14.2513 14.1976 14.0415 13.8741 12.9233 13.3658 12.831 13.4529 13.9559 12.8201 12.8179
threshold=71.02500000000002 223.25000000000003 32.550000000000004 492.00000000000011 499.50000000000006 120.07500000000002 982.05000000000007 37.500000000000007 4.9000000000000021 -0.3794095225512602 327.50000000000006 51.020000000000003 92.500000000000014 460.75000000000006 30.500000000000004 -0.78656609248549292 0.58068084432175959 -1.7554427574642137 56.500000000000007 146.25000000000003 0.85260769842926931 1.6650000000000003 3.1550000000000007 52.500000000000007 51.500000000000007 0.59480013772226081 212.50000000000003 24.850000000000005 1.5000000000000002 146.25000000000003 -4.9022178755483514 4.4000000000000021 -0.9159756150367534 24.350000000000005 20.050000000000004 57.525000000000006 3.520509233841969 5.5000000000000009 66.825000000000003 -0.94260559819261236 23.650000000000002 -0.33379414889141251 43.32500000000001 -0.9159756150367534 371.25000000000006 697.50000000000011 45.500000000000007 973.35000000000002 88.500000000000014 14.850000000000003 22.950000000000003 124.25000000000001 6.3500000000000005 0.45000000000000007 49.500000000000007 10243.000000000002 6.8500000000000014 45.550000000000004 92.500000000000014 19.6090164354049 269.25000000000006 35.45000000000001 -0.51503807491005416
decision_type=2 2 2 2 2 2 2 2 2 2 2 10 2 2 2 2 2 2 2 10 2 2 2 2 2 2 2 2 2 8 2 2 2 2 2 2 2 2 8 2 2 2 10 2 2 2 2 2 2 2 2 10 2 2 2 2 2 10 2 2 10 2 2
left_child=2 3 -1 11 7 20 -6 29 18 48 14 15 42 52 26 17 -12 53 -4 39 38 58 24 -24 -23 36 -11 28 -28 -3 -17 -30 -31 51 -20 -36 -16 49 -5 -9 41 -41 -10 61 -14 -25 -26 -13 56 -15 -44 -27 -8 -2 -51 -43 -7 -58 59 -22 -61 -37 -18
right_child=1 4 8 5 6 9 13 19 12 10 16 47 44 37 25 30 62 -19 34 -21 21 22 23 45 46 33 27 -29 31 32 -32 -33 -34 -35 35 43 -38 -39 -40 40 -42 55 50 -45 -46 -47 -48 -49 -50 54 -52 -53 -54 -55 -56 -57 57 -59 -60 60 -62 -63 -64
leaf_value=0.67523008027852838 -0.10476407446717935 -2.9635491011513788 0.59476845520284005 -0.41521399774148798 -19.001838784660361 -0.12384183519594999 -1.7980195393390521 -6.239133021384478 0.20792449807057409 -0.7584107974698715 -1.5261029476646906 -1.0560461569609727 0.031384393808403743 -9.4526969577154318 -1.6390186196506897 -0.097625408201183109 -1.5393438314076016 -0.91408648222725619 1.2524289874251471 -2.3321954112968601 -0.14351030399824902 -0.80116668876071384 -0.094022464487598031 -0.58544332879358552 -1.6737040501406288 -2.0802768027046206 -0.97658486045155546 -0.77858700529219649 -2.469089255915577 -3.129424411823202 0.40677166354251171 -1.414113186141112 -1.3757928302571587 -0.45290662583078628 0.26970480043839234 -0.35729368577908044 -5.1770234749776316 -11.442979286739174 -0.064591294601081747 -2.1721592865360084 -1.622713889263135 -3.0115920417725479 0.0780772143816615 0.022634368253892492 -0.33375764630005622 -0.72820728639953058 0.46215401062265848 -0.5355776889775925 -2.8742559650912178 -11.87271826473431 -0.28750045228506899 -2.4221679944699668 -7.0060328461612329 -1.8025707852664858 -4.2858011780067162 -4.7512647148735763 -2.1237603063719033 -0.64368331487574848 -0.9393267639246764 -0.52685169630650575 -1.2543200197937392 -0.55540999627186149 -2.9879222622369599
leaf_weight=177397 9279 1741 70678 7268 348 5678 448 237 38669 9342 1059 528 1652 269 517 18029 559 2670 8183 5061 5947 281 782 482 236 122 1053 1375 266 1024 36962 828 13847 739 53695 877 358 345 26334 381 1102 1825 10029 12000 2136 80 28 8611 122 268 2997 63 1384 78 520 205 444 3183 449 332 115 235 108
leaf_count=177397 9279 1741 70678 7268 348 5678 448 237 38669 9342 1059 528 1652 269 517 18029 559 2670 8183 5061 5947 281 782 482 236 122 1053 1375 266 1024 36962 828 13847 739 53695 877 358 345 26334 381 1102 1825 10029 12000 2136 80 28 8611 122 268 2997 63 1384 78 520 205 444 3183 449 332 115 235 108
internal_value=0.00143279 -0.00244005 0.00320591 -0.00144113 -0.00740993 -0.00297139 -0.0154216 -0.00628112 0.00223466 -0.00509258 -0.0066084 -7.17595e-05 0.000981652 -0.0133828 -0.00572427 0.000319168 -0.0141194 -0.00198013 0.00271192 -0.00932868 -0.00167785 -0.00401855 -0.0106167 -0.00634673 -0.0211468 -0.0119261 -0.00485696 -0.00818853 -0.0114415 -0.0046647 0.000822044 -0.0165722 -0.00405117 -0.00636364 0.00206161 0.00177579 -0.0178 -0.0191084 -0.00106958 -0.01244 -0.0115386 -0.0139755 0.00131492 -0.000357687 -0.00356653 -0.0150178 -0.0326894 -0.00293851 -0.0024573 -0.0157663 -0.000270229 -0.0212162 -0.00900109 -0.000680239 -0.0121954 -0.0158374 -0.00222192 -0.00455335 -0.00219714 -0.0016234 -0.00998881 -0.00633093 -0.0222864
internal_weight=551860 173312 378548 144307 29005 68150 3582 25423 201151 25816 16389 76157 55483 3234 14663 67018 1726 12027 145668 8811 42334 8732 1889 1344 545 1799 12864 3522 2147 16612 54991 1094 14871 924 74990 66807 875 1402 33602 3750 3513 2411 51695 13112 3788 562 264 9139 9427 1057 13026 185 1832 9357 788 2030 9305 3627 6843 6394 447 1112 667
internal_count=551860 173312 378548 144307 29005 68150 3582 25423 201151 25816 16389 76157 55483 3234 14663 67018 1726 12027 145668 8811 42334 8732 1889 1344 545 1799 12864 3522 2147 16612 54991 1094 14871 924 74990 66807 875 1402 33602 3750 3513 2411 51695 13112 3788 562 264 9139 9427 1057 13026 185 1832 9357 788 2030 9305 3627 6843 6394 447 1112 667
is_linear=0
shrinkage=0.05


Tree=23
num_leaves=64
num_cat=0
split_feature=0 0 0 0 29 36 12 25 32 39 44 0 0 31 42 41 31 13 39 13 6 0 11 37 25 25 15 22 13 27 11 37 23 38 22 41 11 38 31 23 22 37 19 38 2 36 22 30 32 17 37 22 34 36 29 20 26 34 17 43 12 31 11
split_gain=1398.94 329.273 147.265 136.038 85.7832 75.2651 83.5221 53.5386 46.1503 45.022 42.4409 38.8732 38.2423 31.4066 27.8863 27.6135 25.4707 25.2088 25.0505 24.2949 27.5602 22.8637 22.0228 21.6515 22.6017 21.6118 31.0648 43.7099 30.5711 21.4446 21.3952 20.7667 20.7128 20.4958 20.3202 19.9362 22.917 20.1392 18.5287 18.3225 18.8717 27.6117 23.1565 21.2478 18.0258 17.6151 17.056 16.3921 34.3503 16.3564 16.337 32.4439 23.9079 30.1608 19.251 16.0731 19.0572 18.1861 15.6016 15.2758 14.6455 14.0785 13.9852
threshold=68.725000000000009 157.25000000000003 32.550000000000004 359.25000000000006 0.28305743090441415 86.250000000000014 -0.3794095225512602 981.05000000000007 -11.492439074768329 1.0000000180025095e-35 426.75000000000006 97.125000000000014 692.00000000000011 -10.959077254156819 3.2000000000000011 11512.000000000002 -8.6005482325172036 4.5000000000000009 0.15000000000000005 1.0000000180025095e-35 82.304166666666688 499.50000000000006 -0.78656609248549292 74.500000000000014 982.45000000000016 975.25000000000011 1.0000000180025095e-35 65.500000000000014 5.5000000000000009 58.050000000000004 -0.78656609248549292 91.500000000000014 31.950000000000003 25.850000000000005 78.500000000000014 3304.7500000000005 -0.78656609248549292 15.15 7.6893758342079837 18.250000000000004 53.500000000000007 36.500000000000007 0.82409480842201688 24.350000000000005 177.25000000000003 152.50000000000003 46.500000000000007 56.500000000000007 13.039255059611056 -6.2547847104025864 74.500000000000014 42.500000000000007 0.78257835753184668 351.25000000000006 39.356105347311782 0.26722820045975998 1427.0000000000002 -0.14780378300014826 -0.7427545289922789 161.25000000000003 0.91597561503675351 21.587342881089356 0.25881904510252091
decision_type=2 2 2 2 2 2 2 2 2 2 2 2 2 2 2 2 2 2 2 2 8 2 2 2 2 2 2 2 2 10 2 2 2 2 2 2 2 2 2 2 2 2 2 2 10 2 2 2 2 2 2 2 2 2 2 2 2 2 2 2 2 2 2
left_child=2 5 -1 4 10 47 16 21 13 14 30 50 35 -6 25 18 19 -14 39 20 32 60 -12 24 49 26 -4 -28 -29 -16 44 38 -7 59 -33 36 -9 -37 -24 -13 43 42 -42 -41 -3 -43 -20 -2 -49 -10 52 -52 53 54 -8 -47 -57 -58 -46 -11 -5 -19 -18
right_child=1 3 9 7 8 6 11 12 23 33 22 15 17 -15 29 -17 62 61 46 -21 -22 -23 31 -25 -26 -27 27 28 -30 -31 -32 34 -34 -35 -36 37 -38 -39 -40 40 41 45 -44 -45 58 55 -48 48 -50 -51 51 -53 -54 -55 -56 56 57 -59 -60 -61 -62 -63 -64
leaf_value=0.64146857626460196 0.36152162642380647 -0.69125541500249554 0.24621738162125945 -2.2707435833023868 -3.2921618992278989 0.019592049136885736 0.0058812233339122126 -4.9434556690718532 -3.7869191872337495 -0.049930509911269204 -2.5488645377045676 -0.10762876211101058 -10.219353661230887 -1.8148804597738331 0.26632140817257621 -1.1992409753395856 -0.040396104277880734 -13.419319617611002 -1.7394121521625854 -0.1226864820512622 -0.2214452747199252 -20.286392747035624 -0.37532740583809671 -1.7470007141816126 -0.77427754752078959 0.55802703113764296 0.28961732734588369 0.037088794946290742 -0.80090566942090136 0.001265485841234515 -0.38299371069518484 -3.2754305751230492 -0.75526757930503408 0.088842881016876596 -1.7885193191863058 -7.4198628546110088 -2.7804456520986216 -4.7784021164333899 -1.3849614574511584 -0.69347348904913009 -0.79877456218345222 -0.38511288855355813 -1.7990351703661589 -0.25570514958543139 -2.0641862551699015 -0.78847887909814207 -1.1241891515443636 -0.28056173282521107 -2.2619353179480699 -1.421899474620905 -0.53782114770737088 -0.33686851954594843 0.13975795429718674 -0.52065055779850167 -0.60197120514051849 -0.99586757144587335 -0.95228664216788794 -1.6342752920890562 -2.7194700224310515 -0.33166424340739753 -5.3115300777350685 0.32999805596430681 0.40841769829350705
leaf_weight=177397 33799 1750 25306 368 309 142 8229 711 732 3111 1940 3656 688 1786 42534 1575 15950 352 137 6555 920 286 4462 938 3364 86079 537 152 328 15367 19288 359 464 17943 922 245 5114 1711 7167 2105 207 2443 219 6347 1091 2148 442 1538 131 2098 391 5988 8948 3481 1889 687 231 449 399 1675 101 39 16140
leaf_count=177397 33799 1750 25306 368 309 142 8229 711 732 3111 1940 3656 688 1786 42534 1575 15950 352 137 6555 920 286 4462 938 3364 86079 537 152 328 15367 19288 359 464 17943 922 245 5114 1711 7167 2105 207 2443 219 6347 1091 2148 442 1538 131 2098 391 5988 8948 3481 1889 687 231 449 399 1675 101 39 16140
internal_value=0.00142908 -0.00216801 0.00319088 -0.00534685 -0.0042297 -0.000740709 -0.00151137 -0.0107618 -0.0085472 0.00223517 -0.00316389 -0.00288449 -0.00967269 -0.0150716 0.00251414 -0.0045418 0.000183092 -0.018494 -0.00401631 -0.00232583 -0.00800786 -0.023543 -0.00523906 -0.00663068 -0.0055586 0.00297335 0.0017196 -0.00684857 -0.0178125 0.00162268 -0.00179599 -0.00449264 -0.0162871 0.000144969 -0.0105347 -0.00844943 -0.00698283 -0.012817 -0.00382707 -0.00369565 -0.00447695 -0.00652882 -0.0188263 -0.00292712 -0.00555556 -0.00564955 -0.0142573 0.00120926 -0.00362792 -0.00885159 -0.00170158 -0.00393557 -0.00106954 -0.00239025 -0.00100909 -0.00791607 -0.0121544 -0.0180882 -0.00959732 -0.00276222 -0.0167484 -0.0286317 0.000814896
internal_weight=551860 181431 370429 56220 46605 125211 89743 9615 9227 193032 37378 49572 8860 2095 170303 20646 40171 1079 19071 8081 1526 755 14850 7132 6194 112402 26323 1017 480 57901 22528 12910 606 22729 1281 7781 5825 1956 11629 18492 14836 6384 426 8452 3240 5958 579 35468 1669 2830 28926 6379 22547 13599 10118 3515 1367 680 1490 4786 469 391 32090
internal_count=551860 181431 370429 56220 46605 125211 89743 9615 9227 193032 37378 49572 8860 2095 170303 20646 40171 1079 19071 8081 1526 755 14850 7132 6194 112402 26323 1017 480 57901 22528 12910 606 22729 1281 7781 5825 1956 11629 18492 14836 6384 426 8452 3240 5958 579 35468 1669 2830 28926 6379 22547 13599 10118 3515 1367 680 1490 4786 469 391 32090
is_linear=0
shrinkage=0.05


Tree=24
num_leaves=64
num_cat=0
split_feature=0 0 0 43 0 14 0 14 37 16 25 37 42 27 16 42 13 23 41 37 14 21 25 15 22 11 1 32 34 18 13 31 37 11 34 9 27 13 11 39 38 5 10 25 32 0 39 0 0 37 37 41 13 2 14 37 22 27 22 5 20 0 0
split_gain=1286.96 293.407 148.651 98.6545 89.907 62.5565 59.1799 48.2565 43.5491 37.4483 37.128 33.3999 30.6823 30.4945 30.5584 32.1754 30.059 29.1716 28.0242 27.5392 25.5973 24.2232 22.7455 30.8359 27.4053 22.5214 22.4797 21.122 40.6529 40.4607 20.0686 30.0356 19.9548 19.5106 19.3505 18.5997 18.1877 17.7777 17.4038 17.1907 17.0828 24.0566 16.82 17.0457 16.7522 16.7213 16.5479 16.4648 15.7437 15.3839 14.2191 25.0538 34.5126 15.6875 13.8337 13.7004 22.5163 13.3698 13.2905 14.1907 14.0436 13.2055 13.1969
threshold=68.725000000000009 218.25000000000003 32.050000000000004 12.500000000000002 561.75000000000011 8.5000000000000018 106.12500000000001 9.5000000000000018 92.500000000000014 4.9734023493651867 982.05000000000007 53.500000000000007 3.2000000000000011 196.50000000000003 -4.6646157207872774 10.15 5.5000000000000009 22.150000000000002 7334.5000000000009 77.500000000000014 11.500000000000002 277.50000000000006 973.85000000000002 1.0000000180025095e-35 65.500000000000014 -0.25881904510252113 78.02500000000002 -7.3882654717687331 0.39873388578253705 16.950000000000003 2.5000000000000004 -3.0402571358813484 74.500000000000014 -0.9159756150367534 0.81408451933196979 87.050000000000011 58.050000000000004 1.5000000000000002 -0.37940952255126065 1.0000000180025095e-35 13.65 234.25000000000003 36.82500000000001 981.25000000000011 -14.977262384304797 401.25000000000006 0.25000000000000006 120.07500000000002 112.07500000000002 37.500000000000007 32.500000000000007 18646.000000000004 1.0000000180025095e-35 81.02500000000002 11.500000000000002 93.500000000000014 78.500000000000014 40.050000000000004 35.500000000000007 344.25000000000006 -0.68832836526074781 59.650000000000013 23.050000000000004
decision_type=2 2 2 2 2 2 2 2 2 2 2 2 2 10 2 2 2 2 2 2 2 2 2 2 2 2 8 2 2 2 2 2 2 2 2 8 10 2 2 2 2 8 10 2 2 2 2 2 2 2 2 2 2 8 2 2 2 8 2 8 2 2 2
left_child=2 3 62 17 5 9 26 13 12 45 -6 20 22 14 15 32 40 48 -10 47 -7 -22 23 57 -25 58 39 28 -16 -30 31 37 -8 -13 -11 -26 -14 -15 46 44 -12 -42 -17 -44 -5 -3 -20 50 -2 -45 -19 -52 53 -53 -9 -35 -57 -4 -21 -60 -61 -24 -1
right_child=1 4 8 6 10 11 7 54 18 34 16 33 36 30 27 42 -18 19 38 25 21 -23 61 24 35 -27 -28 -29 29 -31 -32 -33 -34 55 -36 -37 -38 -39 -40 -41 41 -43 43 49 -46 -47 -48 -49 -50 -51 51 52 -54 -55 -56 56 -58 -59 59 60 -62 -63 -64
leaf_value=0.76044308126436888 0.65937408669307918 -2.7344693317851019 0.39642027842286309 -0.61103649443843022 -22.442413154949641 -1.4951914779594448 -0.74803617041339554 0.16799375435575514 0.043990936824458163 -1.5213695575011503 -9.2419875714132367 -3.0715624194916908 0.23175348485617198 -1.4239900769261964 -0.60552223046476228 -0.89133364515692204 -11.522267908422453 0.4377965650611384 -0.55490085488624252 -1.2881885723468842 -4.1315891232377071 -2.8793325253919413 0.53246343516335093 0.11839703271667673 -0.23471729850681058 -0.26212206784959252 0.013245844386589635 -0.30548619911087049 -0.93431901290225616 -2.0144257685819627 -0.97170599673067692 -1.2515869193744826 -1.5998643891700972 -0.77113785320943007 -3.0837653703343402 -0.87633006575035965 0.0036183075043114245 -4.3505997066848847 -0.17588540715787851 -0.57797822760134221 -12.224249323168763 -3.903223786638895 -1.0740287008187439 -1.6834310997998938 -0.15030482261076517 -5.0913168494751915 -0.26800607193312836 -0.47064978516789452 0.091063720562491096 -1.4171453497506199 0.014964083148992363 -0.76616436379814734 -0.064458045535143615 -0.50639738507924692 -0.94762640725244296 -5.3703256297560849 -2.0329150528920565 0.0391097835887564 -0.59444443923833856 -3.1074676438976381 -0.87129404014617973 0.32506856383191302 0.45927441091116289
leaf_weight=98930 13869 4664 8862 2037 224 3029 4809 5991 9727 3798 224 789 48484 109 5883 464 378 9949 196 131 368 1273 80732 279 114 4083 20464 9801 635 306 1004 483 1707 11777 614 178 16508 285 2096 1269 412 1159 403 438 15809 772 285 9964 18394 383 16824 273 788 163 3092 169 760 10487 973 105 133 18314 75237
leaf_count=98930 13869 4664 8862 2037 224 3029 4809 5991 9727 3798 224 789 48484 109 5883 464 378 9949 196 131 368 1273 80732 279 114 4083 20464 9801 635 306 1004 483 1707 11777 614 178 16508 285 2096 1269 412 1159 403 438 15809 772 285 9964 18394 383 16824 273 788 163 3092 169 760 10487 973 105 133 18314 75237
internal_value=0.00142817 -0.00202195 0.00311799 -0.00111968 -0.00650279 -0.00570753 -0.00239996 -0.00387324 0.00217444 -0.00891653 -0.0157968 -0.00396779 0.00236706 -0.00494384 -0.00447883 -0.00697587 -0.0137989 0.000155918 -0.000705461 -0.000690776 -0.00761242 -0.0126417 0.00284434 0.00130271 -0.0101489 -0.00402304 -0.00106761 -0.00324662 -0.00538247 -0.0150319 -0.0110819 -0.0166078 -0.00538214 -0.00270656 -0.00549411 -0.0208562 0.00149341 -0.0268528 -0.00534148 -0.00230055 -0.0111003 -0.00925843 -0.013128 -0.016201 -0.00190071 -0.0116943 -0.0139189 -0.000214562 0.00129452 -0.020335 0.000406651 -0.000429964 -0.0073366 -0.0186239 -0.000724981 -0.0022328 -0.00807858 0.00164065 -0.00964232 -0.00800578 -0.0189496 0.00315439 0.00418125
internal_weight=551860 181431 370429 151021 30410 28013 75372 35793 196262 9848 2397 18165 183958 26710 24829 8204 2173 75649 12304 43386 4670 1641 118966 19920 571 5425 39579 16625 6824 941 1881 877 6516 13495 4412 292 64992 394 2577 19115 1795 1571 1688 1224 17846 5436 481 37961 32263 821 27997 18048 1224 436 9083 12706 929 19349 1342 1211 238 99046 174167
internal_count=551860 181431 370429 151021 30410 28013 75372 35793 196262 9848 2397 18165 183958 26710 24829 8204 2173 75649 12304 43386 4670 1641 118966 19920 571 5425 39579 16625 6824 941 1881 877 6516 13495 4412 292 64992 394 2577 19115 1795 1571 1688 1224 17846 5436 481 37961 32263 821 27997 18048 1224 436 9083 12706 929 19349 1342 1211 238 99046 174167
is_linear=0
shrinkage=0.05


Tree=25
num_leaves=64
num_cat=0
split_feature=0 0 0 43 0 0 29 42 14 14 17 25 13 16 24 25 15 13 12 37 13 11 31 16 42 16 13 33 0 37 35 31 16 17 2 34 37 21 33 29 22 23 11 27 11 4 31 7 37 14 37 27 0 10 31 16 37 22 9 34 37 0 29
split_gain=1187.69 257.841 159.064 94.0351 70.0771 57.4563 45.3736 41.9231 38.9545 36.8532 36.5999 34.1058 31.0942 30.058 28.302 26.862 31.9755 30.5795 45.0584 26.5684 26.0202 25.748 25.5809 25.4858 33.2086 25.1263 24.001 23.3015 22.2393 21.6346 21.569 42.6805 41.2232 20.8546 20.3487 20.0895 18.7585 17.5273 17.1339 23.5585 17.0553 16.4093 16.1507 15.8936 15.7217 24.1055 16.2757 15.6597 15.2188 15.0083 18.8034 14.8794 14.7637 14.6138 14.7089 15.1734 14.8153 17.9681 16.378 14.519 14.2779 14.0994 13.8499
threshold=71.02500000000002 283.75000000000006 32.050000000000004 6.8750000000000009 149.12500000000003 561.75000000000011 0.28305743090441415 4.6500000000000021 9.5000000000000018 8.5000000000000018 -4.5096270240316478 981.95000000000016 3.5000000000000004 6.99946693304737 0.95000000000000007 974.6500000000002 1.0000000180025095e-35 5.5000000000000009 0.1294095225512602 92.500000000000014 4.5000000000000009 -0.78656609248549292 -1.9879235175622954 -8.1089511693934231 10.15 4.3787469662239955 1.0000000180025095e-35 22.550000000000004 120.07500000000002 72.500000000000014 0.50751903745502724 -10.665568021823754 12.157213929237605 3.9918078705477495 67.925000000000026 0.79332313182700753 74.500000000000014 1022.5000000000001 19.150000000000002 23.416586992185248 32.500000000000007 22.850000000000005 -0.78656609248549292 49.050000000000004 -0.25881904510252113 28.050000000000004 -19.226160818592611 469.43977272727278 92.500000000000014 11.500000000000002 43.500000000000007 59.550000000000004 20.050000000000004 2.6050000000000004 7.3621292623347516 3.4171573037420311 90.500000000000014 83.500000000000014 168.25000000000003 -0.92384435400961384 92.500000000000014 59.050000000000004 263.14681805002596
decision_type=2 2 2 2 2 2 2 2 2 2 2 2 2 2 2 2 2 2 2 2 2 2 2 2 2 2 2 2 2 2 2 2 2 2 8 2 2 2 2 2 2 2 2 10 2 8 2 8 2 2 2 10 2 10 2 2 2 2 10 2 2 2 2
left_child=2 3 52 13 8 9 53 15 23 25 12 -7 22 28 37 16 51 -18 -19 43 -13 -11 26 24 29 -3 -8 36 -2 35 44 32 -32 59 -30 38 -12 -15 -5 -40 -31 -28 -36 -9 45 62 -46 -22 61 -23 -51 -4 -1 -6 56 -56 -55 58 -58 -26 -54 -17 -25
right_child=1 5 7 4 6 11 10 19 -10 21 27 20 -14 14 -16 48 17 18 -20 -21 47 49 -24 30 33 -27 41 -29 34 40 31 -33 -34 -35 42 -37 -38 -39 39 -41 -42 -43 -44 -45 46 -47 -48 -49 -50 50 -52 -53 60 54 55 -57 57 -59 -60 -61 -62 -63 -64
leaf_value=0.78742093673789348 -0.00074286152733039543 -3.7515223796338115 0.2349642703618752 -0.29808441230811494 0.045817214087435665 -21.357235691605307 0.048310058338123268 0.21418083701769791 0.44207581250153177 -3.8629395040959573 -0.59844193614052166 -6.2573393357557272 -1.0940826579603977 0.44040363068606497 -1.5496583507798585 0.49879868176064612 0.094506761668186542 -0.11328643334546716 -0.8261681041662311 -0.17095600935623445 -6.2894264479155 -1.0414942033022219 -1.6768518773518133 -1.4219264387295993 -1.7107916206920899 -2.3191158254993725 -3.0569936671175482 -1.4589773610070258 -1.4825134668403939 -0.85396630564469478 -0.58226850915497008 -0.32013736702270801 -1.2828478647488299 -0.38532643764842334 -1.3858332840687608 0.058378118073333811 -1.3890497338357601 -0.29897628720067237 -0.28978027875216711 -1.2003782666563068 -0.75962487997563699 -5.5791359566122569 -0.287150964143364 0.0075424098583735458 -0.51957905794060877 -0.24377179417702433 0.10360992362810131 -11.046020371713119 0.025631281102806727 -4.7336174302643794 -2.1298400285196366 -0.078803523461090014 0.50388178927004368 -0.39025314547156309 -1.7268900139096921 -0.95652773772831123 -3.1944184799621884 -0.7195320602531472 -1.7584588866942874 -1.0292755938227323 0.15261618871693791 0.32396673445588386 -5.6793058523916962
leaf_weight=75499 25582 2651 24741 3260 2517 219 90 34641 7657 1210 3193 1465 681 27070 112 83022 546 289 292 4061 319 5290 786 333 133 2091 346 1047 1688 240 586 10796 359 575 2764 4679 786 4682 804 790 2435 347 13361 20471 2104 6697 16026 394 6059 297 3215 5215 89800 5423 3035 3356 166 520 243 834 8868 25044 58
leaf_count=75499 25582 2651 24741 3260 2517 219 90 34641 7657 1210 3193 1465 681 27070 112 83022 546 289 292 4061 319 5290 786 333 133 2091 346 1047 1688 240 586 10796 359 575 2764 4679 786 4682 804 790 2435 347 13361 20471 2104 6697 16026 394 6059 297 3215 5215 89800 5423 3035 3356 166 520 243 834 8868 25044 58
internal_value=0.0014231 -0.002005 0.00299259 -0.00136587 -0.00254926 -0.00782432 -0.00491747 0.00204645 -0.00163486 -0.00665786 -0.00816657 -0.0150042 -0.0134667 -9.37428e-05 0.00107237 0.00250358 0.0012005 -0.00706744 -0.0150516 0.000924662 -0.0131129 -0.00493807 -0.0173391 -0.0021368 -0.00397455 -0.0102889 -0.0237356 -0.00579387 -0.000949994 -0.00310124 -0.0014531 -0.00322332 -0.0134127 -0.0108885 -0.00230646 -0.00198626 -0.0040475 0.00116087 -0.0042398 -0.00848808 -0.00707477 -0.0268903 -0.00175969 0.00121226 -0.000628916 -0.00262556 0.000151682 -0.0209467 0.00285849 -0.00399795 -0.00653189 0.00151155 0.00410287 -0.00336828 -0.00405595 -0.00574949 -0.00235201 -0.00818622 -0.0160269 -0.0153723 0.00370019 0.00299521 -0.0146931
internal_weight=551860 173312 378548 156161 80902 17151 22536 204381 58366 14754 7276 2397 2250 75259 31864 145208 31083 1127 581 59173 2178 10012 1569 50709 13750 4742 783 5026 43395 12208 36959 11741 945 1542 17813 9533 3979 31752 4854 1594 2675 693 16125 55112 25218 7088 18130 713 114125 8802 3512 29956 174167 15260 12743 6391 6352 929 409 967 98668 108066 391
internal_count=551860 173312 378548 156161 80902 17151 22536 204381 58366 14754 7276 2397 2250 75259 31864 145208 31083 1127 581 59173 2178 10012 1569 50709 13750 4742 783 5026 43395 12208 36959 11741 945 1542 17813 9533 3979 31752 4854 1594 2675 693 16125 55112 25218 7088 18130 713 114125 8802 3512 29956 174167 15260 12743 6391 6352 929 409 967 98668 108066 391
is_linear=0
shrinkage=0.05


Tree=26
num_leaves=64
num_cat=0
split_feature=0 0 0 0 14 14 0 39 37 23 44 11 37 23 37 22 29 32 14 32 29 0 12 23 3 6 22 31 11 11 11 17 27 33 31 14 37 11 34 29 20 31 22 31 38 13 25 17 37 36 19 8 25 43 37 18 32 1 41 28 27 21 19
split_gain=1088.5 243.653 139.781 100.382 64.6788 63.6789 57.5093 47.5357 39.8219 38.462 38.1909 34.372 33.5494 30.683 40.3897 32.7205 35.8169 29.7958 42.8438 30.8272 36.1732 29.4818 29.2812 35.8035 26.6854 24.4017 23.5506 22.9933 38.7192 22.9928 22.604 20.5433 19.9804 18.5568 17.6156 16.6255 19.9564 16.3454 16.2936 15.859 15.736 15.6721 14.8633 14.8001 14.4236 14.5308 16.3934 19.8591 16.6837 14.2744 15.6083 14.0583 13.4748 13.4343 13.4205 12.7647 12.7059 12.6352 12.4459 14.9529 13.824 12.1127 17.6723
threshold=67.325000000000003 172.25000000000003 29.525000000000002 458.25000000000006 9.5000000000000018 9.5000000000000018 104.07500000000002 1.0000000180025095e-35 49.500000000000007 16.050000000000004 5918.2500000000009 -0.78656609248549292 74.500000000000014 18.850000000000005 52.500000000000007 53.500000000000007 68.342061408448188 -6.6996639568839624 4.5000000000000009 10.947244603802046 65.948811753259506 49.050000000000004 -0.3794095225512602 12.550000000000002 37.95000000000001 223.3666666666667 27.500000000000004 -10.665568021823754 0.37940952255126054 -0.25881904510252113 -0.60355339059327362 -11.054803114112481 49.050000000000004 15.550000000000002 19.9565808702156 11.500000000000002 43.500000000000007 -1.0000000180025095e-35 -0.72534675097891066 0.20096524649262978 -0.3090169943749474 -12.082803086933628 25.500000000000004 -11.370198270656809 24.250000000000004 5.5000000000000009 988.6500000000002 4.3826339574902837 87.500000000000014 41.250000000000007 -0.92384435400961384 17.025000000000009 981.1500000000002 21.250000000000004 95.500000000000014 13.950000000000001 6.4307804087480704 89.02500000000002 17231.500000000004 6.6200000000000019 106.25000000000001 537.50000000000011 -0.64278760968653936
decision_type=2 2 2 2 2 2 2 2 2 2 2 2 2 2 2 2 2 2 2 2 2 2 2 2 8 8 2 2 2 2 2 2 8 2 2 2 2 2 2 2 2 2 2 2 2 2 2 2 2 2 2 10 2 2 2 2 2 10 2 2 10 2 2
left_child=2 4 -1 5 6 10 13 21 33 -8 22 25 17 -2 15 37 31 27 -19 34 -21 39 -3 -24 -18 -7 -14 28 -11 51 42 -17 -9 -5 -20 -13 61 -15 -27 -4 -40 -31 -16 -22 45 46 47 -12 -48 -25 -51 -23 -10 55 -55 -38 -34 -28 60 -60 -32 62 -37
right_child=1 3 7 8 -6 11 9 32 52 12 44 35 26 14 30 16 24 18 19 20 43 29 23 49 -26 38 57 -29 -30 41 58 -33 56 -35 -36 36 53 -39 40 -41 -42 -43 -44 -45 -46 -47 48 -49 -50 50 -52 -53 -54 54 -56 -57 -58 -59 59 -61 -62 -63 -64
leaf_value=0.58722684727439134 0.44063651314264496 -0.56951385054198056 0.25702668805452566 -6.2577208338381105 0.46665642007371588 -1.0810890197540182 0.11849289100431322 0.1150397165415247 -14.284491058168483 -0.44870844517466391 -3.4607388221483251 -0.15684437167705598 -1.53221565293799 -0.023237818011126024 -0.73963051480148323 -0.71859752985642267 -1.5352980898441346 -0.0017972910155573492 -0.61561532168081046 -0.71780758026590874 -1.3416583024621469 0.15367637084729927 -1.1084508489810809 -1.3249291418790898 -0.5897865909637674 -3.9057842709979349 -2.2570596817657465 -0.67178747557028717 -1.3914905018575205 0.043166869078247988 -0.09323808968309738 0.015376099324393544 -0.024414240934955343 -12.117091194961819 -1.8371160973841834 0.19123299690899956 -1.407988859490785 0.40617201922654617 -3.4746371504355817 0.49202619825596483 -1.7249567085014104 0.46729392625557103 -0.40162140826945852 -4.859782486133815 -2.1070013680279565 -0.19138665049401729 -1.3131770926252038 -1.5127074328393872 -3.2274543306405579 -1.1668674356083808 -2.4266015274665955 -0.11939889475185871 -4.0903532943591543 -1.5886844849983826 -3.2805444844919815 0.91840964379662848 -0.24255562036519082 -0.74459437980002652 -0.38760661290504406 -0.65347188128237266 -0.5444767743203105 -1.6604027885809676 -4.5845477642105044
leaf_weight=153674 10332 4663 46887 649 25170 2037 7860 17254 133 506 360 13164 148 14673 271 421 267 12524 4374 509 86 24469 4501 1280 1055 428 1284 8337 373 7694 18893 4296 5838 500 166 72 2575 15693 154 66526 875 32910 4841 250 902 156 407 383 91 816 4544 6984 3493 2811 138 1957 3405 3026 490 89 2343 698 155
leaf_count=153674 10332 4663 46887 649 25170 2037 7860 17254 133 506 360 13164 148 14673 271 421 267 12524 4374 509 86 24469 4501 1280 1055 428 1284 8337 373 7694 18893 4296 5838 500 166 72 2575 15693 154 66526 875 32910 4841 250 902 156 407 383 91 816 4544 6984 3493 2811 138 1957 3405 3026 490 89 2343 698 155
internal_value=0.00141304 -0.00169856 0.00299776 -0.00477014 -0.000633619 -0.0040092 -0.00114374 0.00216536 -0.0116492 -0.00268451 -0.00626885 -0.00237711 -0.00346341 -0.000318744 -0.00073091 0.000355034 -0.00300629 -0.00280276 -0.00161399 -0.00534355 -0.0141124 0.00244837 -0.00539294 -0.0067853 -0.0102799 -0.00697768 -0.00748318 -0.00511285 -0.0128043 0.00165751 -0.00219909 -0.000967776 0.000184361 -0.0197607 -0.00371145 -0.0016319 -0.00336902 0.00102351 -0.0119183 0.00295085 -0.00850826 0.0024436 -0.00519171 -0.0268452 -0.0122901 -0.0154724 -0.0172804 -0.0219852 -0.010261 -0.00911898 -0.0102519 0.000642705 -0.00907887 -0.00251236 -0.00513903 -0.000803177 -0.00169155 -0.00680974 -0.00149782 -0.00873057 -0.00130062 -0.0102973 -0.0203304
internal_weight=551860 186219 365641 47942 138277 43167 113107 211967 4775 39443 18103 25064 31583 73664 63332 36405 6039 27125 17909 5385 845 185470 15804 11141 1322 3494 4458 9216 879 72057 26927 4717 26497 1149 4540 21570 8406 30366 1457 113413 1029 40604 5112 336 2299 1397 1241 743 498 6640 5360 31453 3626 7481 2949 4532 9243 4310 21815 579 21236 925 227
internal_count=551860 186219 365641 47942 138277 43167 113107 211967 4775 39443 18103 25064 31583 73664 63332 36405 6039 27125 17909 5385 845 185470 15804 11141 1322 3494 4458 9216 879 72057 26927 4717 26497 1149 4540 21570 8406 30366 1457 113413 1029 40604 5112 336 2299 1397 1241 743 498 6640 5360 31453 3626 7481 2949 4532 9243 4310 21815 579 21236 925 227
is_linear=0
shrinkage=0.05


Tree=27
num_leaves=64
num_cat=0
split_feature=0 0 0 0 14 0 36 25 39 37 31 14 44 38 16 38 25 25 37 44 22 16 40 16 15 37 20 41 28 22 38 14 14 28 28 37 13 11 10 16 18 16 14 22 16 25 23 26 11 11 0 33 23 41 0 35 0 11 37 31 37 32 16
split_gain=1005.04 226.695 135.514 79.2325 73.355 55.1971 49.014 47.2679 45.3082 34.4231 35.4292 30.0071 29.3377 26.4209 24.6605 24.5876 33.66 23.1407 23.0815 22.9757 22.9542 22.0652 21.383 21.0129 20.7147 41.6672 33.5756 19.8532 23.778 24.007 19.2207 17.9615 17.853 17.8381 22.7595 31.5967 27.2506 17.0363 16.2919 15.8372 16.4253 15.6455 17.9679 17.665 16.8838 16.2514 15.2784 15.166 15.0291 14.9529 14.4765 14.4657 14.3326 13.9252 13.8642 13.7076 13.5445 13.5283 23.4703 17.1892 13.3196 13.397 22.9896
threshold=66.825000000000017 274.25000000000006 29.525000000000002 130.12500000000003 9.5000000000000018 692.00000000000011 92.500000000000014 985.75000000000011 1.0000000180025095e-35 53.500000000000007 11.513202473814575 8.5000000000000018 2233.8750000000005 32.45000000000001 4.3787469662239955 34.95000000000001 984.35000000000002 986.25000000000011 60.500000000000007 4480.2500000000009 25.500000000000004 23.350071039769698 977.35000000000002 -6.1810087913625491 1.0000000180025095e-35 79.500000000000014 -0.62932039104983739 4991.2500000000009 6.6200000000000019 40.500000000000007 25.850000000000005 8.5000000000000018 11.500000000000002 5.4650000000000007 1.6350000000000002 64.500000000000014 2.5000000000000004 -0.37940952255126065 63.32500000000001 -12.902423266454898 28.850000000000005 13.448460418735783 11.500000000000002 76.500000000000014 4.0481226263118133 985.05000000000007 18.850000000000005 3975.5000000000005 -0.60355339059327362 0.78656609248549325 499.50000000000006 9.9500000000000011 15.850000000000003 9242.2500000000018 20.050000000000004 -0.66259481767468253 49.050000000000004 -0.70710678118654735 93.500000000000014 19.6090164354049 89.500000000000014 -11.803723063378948 12.157213929237605
decision_type=2 2 2 2 2 2 2 2 2 2 2 2 2 2 2 2 2 2 2 2 2 2 2 2 2 2 2 2 2 2 2 2 2 2 2 2 2 2 10 2 2 2 2 2 2 2 2 2 2 2 2 2 2 2 2 2 2 2 2 2 2 2 2
left_child=2 3 54 6 7 11 -2 33 12 10 -8 14 22 21 50 16 38 -7 32 39 23 31 24 -11 56 -26 -27 46 55 -30 -10 57 -13 34 53 47 -37 -34 -12 -9 48 42 -6 44 45 -44 -22 -36 -41 -21 -3 -47 -51 -5 -1 -29 -4 58 59 -14 61 62 -57
right_child=1 5 8 4 41 17 9 19 30 20 15 18 13 -15 -16 -17 -18 -19 -20 49 27 -23 -24 -25 25 26 -28 28 29 -31 -32 -33 37 -35 35 36 -38 -39 -40 40 -42 -43 43 -45 -46 51 -48 -49 -50 52 -52 -53 -54 -55 -56 60 -58 -59 -60 -61 -62 -63 -64
leaf_value=0.71868854753727929 0.34827866570213839 -3.1683750054446675 0.35301110688303317 -1.2351488262941497 -0.010030561549619468 -13.996455699855941 0.15528265102721506 -1.242654468993825 -0.141541551349431 -0.88023844152871222 -0.43855222667506982 -2.0864915619728586 -0.023288319423371565 0.32326931177602208 -2.0823110742622211 0.41849425678755847 -0.029322230676422836 -8.0881327091055777 -1.3452232653800964 -0.84267735214660844 0.45900080295425782 -1.2085718146604769 0.55203412428995924 -0.5458009051426912 0.16801238625595485 -0.65001175642929676 -0.32568040289266076 -0.46098725524840634 -0.17279590591682872 -0.68080270090967621 0.081405143458100515 0.43289459374238998 -4.3780982085496039 -0.74453061008333743 -1.5177006866241225 -2.9684403016755314 -0.87909500666862295 -2.6151283838625949 -0.84128041334809134 -1.0865733714505781 -1.5092776629967375 0.68724606165227997 -3.2339221951291117 0.056200353771090311 -0.72348514228416294 -0.8736863758681862 -0.18875627208794718 0.033751337010161829 -0.061083514985881493 -0.83660270279709814 -6.4458857703542236 -2.3288759871568181 -2.1377364383393416 -1.4747714568165611 0.43055746946756202 -0.20493783384820574 0.12520256547023767 0.080797300856046361 -0.51943951827086743 -0.54643060974125002 -0.65774048094795301 -0.074608974182332755 -1.088983487702295
leaf_weight=75499 31159 2648 28609 6812 14282 446 32713 1612 5187 333 4530 2817 7264 25641 2370 2534 5752 731 7710 1742 3943 83 77278 431 1232 231 292 1501 375 596 21139 6392 463 3214 938 306 142 834 1893 2233 157 4144 78 2657 2470 1123 16096 368 11592 209 380 1208 319 1723 78175 1303 14427 20908 119 1056 1131 7991 319
leaf_count=75499 31159 2648 28609 6812 14282 446 32713 1612 5187 333 4530 2817 7264 25641 2370 2534 5752 731 7710 1742 3943 83 77278 431 1232 231 292 1501 375 596 21139 6392 463 3214 938 306 142 834 1893 2233 157 4144 78 2657 2470 1123 16096 368 11592 209 380 1208 319 1723 78175 1303 14427 20908 119 1056 1131 7991 319
internal_value=0.00140978 -0.00155479 0.00294557 -0.00098397 -0.00249708 -0.00682673 -0.000213588 -0.00412424 0.00211948 -0.000858842 1.18091e-05 -0.00611079 0.00239773 0.00150684 -0.0091997 -0.00202631 -0.00295893 -0.0173025 -0.00470061 -0.00243674 -0.00207252 0.000629781 0.0028463 -0.0106414 0.00197707 -0.00334758 -0.0151721 -0.00187566 -0.00337999 -0.0109114 0.00017967 0.000689583 -0.00772484 -0.00635674 -0.00737244 -0.0125599 -0.0240179 -0.012579 -0.00544683 -0.0017526 -0.00121156 -0.000531161 -0.00106609 -0.0030414 -0.00482783 -0.00780614 -0.000883527 -0.0086294 -0.00102893 -0.00713656 -0.0121896 -0.00705491 -0.0145076 -0.00630639 0.00407369 -0.00278277 0.00219421 0.000166457 -0.00152328 -0.00120793 -0.00215748 -0.00155363 -0.00569667
internal_weight=551860 188328 363532 169929 57329 18399 112600 31367 209858 81441 47422 17222 183532 61463 5398 14709 12175 1177 11824 17864 34019 35822 122069 764 44791 1755 523 33255 13216 971 26326 35739 4114 13503 10289 1754 448 1297 6423 15594 13982 25962 21818 7536 4879 2409 20039 1306 13825 2270 3028 2331 528 8535 153674 12245 43036 29347 8439 8320 10744 9613 1622
internal_count=551860 188328 363532 169929 57329 18399 112600 31367 209858 81441 47422 17222 183532 61463 5398 14709 12175 1177 11824 17864 34019 35822 122069 764 44791 1755 523 33255 13216 971 26326 35739 4114 13503 10289 1754 448 1297 6423 15594 13982 25962 21818 7536 4879 2409 20039 1306 13825 2270 3028 2331 528 8535 153674 12245 43036 29347 8439 8320 10744 9613 1622
is_linear=0
shrinkage=0.05


Tree=28
num_leaves=64
num_cat=0
split_feature=0 0 0 0 36 12 14 42 40 37 11 0 16 25 37 2 13 1 15 25 12 22 31 13 14 14 0 39 36 42 0 23 7 11 35 41 36 31 32 22 35 11 43 0 43 38 37 9 42 37 0 5 26 30 32 24 11 35 4 0 41 14 34
split_gain=934.133 220 116.974 82.5756 55.4772 72.7523 52.4367 42.9157 33.6315 33.0474 31.0477 30.4392 27.2926 28.9717 23.1953 22.2717 22.2666 20.056 19.433 27.1265 33.9461 24.2969 19.1955 20.3318 22.7668 38.2662 19.9758 18.2315 17.8082 17.0926 16.8932 16.2323 16.0229 15.9786 20.3065 15.6492 15.118 15.1169 40.1917 25.4012 19.0916 15.4967 14.7188 14.3695 14.2878 17.797 30.959 14.9565 14.0899 18.1584 16.5428 14.0614 14.865 14.0229 23.5918 13.9718 21.6976 13.8595 20.695 12.4413 12.1447 12.0815 12.0645
threshold=62.625000000000007 169.25000000000003 28.550000000000004 499.50000000000006 86.250000000000014 -0.3794095225512602 9.5000000000000018 3.2000000000000011 981.75000000000011 94.500000000000014 -0.78656609248549292 97.125000000000014 -5.3577629582541659 986.1500000000002 62.500000000000007 207.25000000000003 4.5000000000000009 54.525000000000006 1.0000000180025095e-35 975.95000000000016 0.1294095225512602 86.500000000000014 -8.6005482325172036 1.0000000180025095e-35 4.5000000000000009 5.5000000000000009 86.02500000000002 0.25000000000000006 165.62500000000003 8.6500000000000004 292.25000000000006 16.050000000000004 469.43977272727278 -0.5 -0.5 12095.500000000002 1467.5000000000002 -1.0347748499817793 -7.0395269957315474 58.500000000000007 -0.92384435400961373 -1.0000000180025095e-35 427.50000000000006 42.025000000000006 277.50000000000006 28.450000000000003 27.500000000000004 177.25000000000003 8.9500000000000046 88.500000000000014 246.75000000000003 140.75000000000003 36771.500000000007 57.500000000000007 12.506594868409399 3.3500000000000001 -0.9159756150367534 -0.28400453026986777 84.02500000000002 20.050000000000004 10459.750000000002 1.5000000000000002 -0.72534675097891066
decision_type=2 2 2 2 2 2 2 2 2 2 2 2 2 2 2 10 2 10 2 2 2 2 2 2 2 2 2 2 2 2 2 2 10 2 2 2 2 2 2 2 2 2 2 2 2 2 2 10 2 2 2 8 2 2 2 2 2 2 10 2 2 2 2
left_child=2 4 59 6 53 22 12 14 -5 36 15 17 48 37 55 -8 -10 42 28 20 -20 -22 23 24 -6 -26 -24 31 -16 -15 51 -13 -18 34 -11 -33 44 38 39 -14 41 -40 -7 -30 -9 46 47 -46 49 -3 -51 -12 -53 -2 -55 -4 -57 -25 -59 -1 -28 -41 -17
right_child=1 3 7 8 5 11 10 9 16 33 30 27 13 29 18 62 32 -19 19 -21 21 -23 26 57 25 -27 60 -29 43 -31 -32 35 -34 -35 -36 -37 -38 -39 40 61 -42 -43 -44 -45 45 -47 -48 -49 -50 50 -52 52 -54 54 -56 56 -58 58 -60 -61 -62 -63 -64
leaf_value=0.68275412016041526 0.3349025139405315 -1.4825111115479799 0.51866391209642948 -13.393711549701274 -0.0047208970485154824 -0.32003505601601145 -1.016407634561568 0.16868278101570927 -4.1389393911780159 -0.51244897123383404 -1.0533406016186688 0.018691056380497836 -1.6083320073578169 -0.47483134435749152 0.44365456796928893 -3.5111879444543344 -4.5488696085134155 -0.062288077441539393 0.05899116828727953 0.18785265252510949 -0.75777097240797275 -0.24627870395208742 0.35747284226426218 0.17863184949331484 -0.65243566684622079 -0.12297543374697187 0.20740370112398138 -1.280135061496436 0.23124291573093692 -1.7170366196628384 -1.4891933017357295 -0.55076132245129006 -9.2062880299437975 -0.13218738286322584 -0.18366662565998357 -1.1138225864436491 0.40495353085927061 -1.2851709366788855 -12.713759893412275 -1.2589147713603557 -1.3666224643324911 -1.2530518161402826 -0.7936325616565354 0.0071821479509355931 -0.57396713471954719 0.13598325565917582 -0.10624878741240516 -1.6183314328967766 -2.136960314716875 -1.7257986198345769 -4.2991722461224375 0.046147604413282126 -1.9153681461946519 -0.19343260308339236 -1.8070066536434162 -1.1633773471108426 0.0042104241590496978 -0.04832562509316763 -0.9566985065325696 0.41531234585723564 -0.28545958025042356 -3.6068986346058645 -2.136958292709406
leaf_weight=75499 40738 3000 69726 323 881 8635 2053 43063 2207 222 2443 2946 145 6927 27102 473 604 29261 433 1304 213 245 18328 4951 551 494 13422 561 19948 2093 7289 17586 448 2626 351 1320 11239 3331 78 37 1551 126 707 12904 255 7735 5304 124 829 487 357 13094 58 1757 197 49 137 2735 947 69467 8546 233 1165
leaf_count=75499 40738 3000 69726 323 881 8635 2053 43063 2207 222 2443 2946 145 6927 27102 473 604 29261 433 1304 213 245 18328 4951 551 494 13422 561 19948 2093 7289 17586 448 2626 351 1320 11239 3331 78 37 1551 126 707 12904 255 7735 5304 124 829 487 357 13094 58 1757 197 49 137 2735 947 69467 8546 233 1165
internal_value=0.00140534 -0.00128181 0.00298015 -0.00418826 -0.000353804 -0.000938983 -0.00361609 0.00220539 -0.0114992 0.00121329 -0.0021778 -0.00210305 -0.00560748 -0.00453791 0.00273817 -0.00643322 -0.00997392 -0.0012521 0.00203535 -0.00258542 -0.00930976 -0.0187991 0.000457674 -0.00144 -0.00608515 -0.0110766 0.000954934 -0.00356869 0.00220452 -0.00279379 -0.00149143 -0.0033402 -0.0159601 -0.00375273 -0.0113176 -0.00387813 0.00144787 -0.00739775 -0.0106452 -0.0246386 -0.00733618 -0.0217157 -0.00326911 0.00142183 0.00111462 -0.000310031 -0.00243445 -0.0162401 -0.00893109 -0.00765609 -0.0141351 -0.00056268 8.4398e-05 0.00117961 -0.00295803 0.00336294 -0.0103226 -0.000403683 -0.00272678 0.00406495 -6.1908e-05 -0.0337037 -0.0107814
internal_weight=551860 203914 347946 49351 154563 111871 45769 202980 3582 70919 26575 61016 19194 14521 132061 3691 3259 38603 62149 2195 891 458 50855 10559 1926 1045 40296 22413 59954 9020 22884 21852 1052 3199 573 18906 67720 5501 2170 415 1755 204 9342 32852 56481 13418 5683 379 4673 3844 844 15595 13152 42692 1954 69912 186 8633 3682 144966 21968 270 1638
internal_count=551860 203914 347946 49351 154563 111871 45769 202980 3582 70919 26575 61016 19194 14521 132061 3691 3259 38603 62149 2195 891 458 50855 10559 1926 1045 40296 22413 59954 9020 22884 21852 1052 3199 573 18906 67720 5501 2170 415 1755 204 9342 32852 56481 13418 5683 379 4673 3844 844 15595 13152 42692 1954 69912 186 8633 3682 144966 21968 270 1638
is_linear=0
shrinkage=0.05


Tree=29
num_leaves=64
num_cat=0
split_feature=0 0 0 0 41 12 39 43 0 25 44 8 3 38 25 15 37 40 27 30 34 3 43 25 15 11 0 31 13 11 29 1 13 32 13 27 8 37 29 38 31 9 28 38 22 33 17 29 20 38 35 37 2 27 11 3 38 43 32 0 9 0 35
split_gain=862.838 193.586 118.787 67.4302 55.8281 57.227 41.7071 38.5234 30.2253 27.1553 26.7622 23.8468 23.584 21.3415 20.7952 21.9294 23.6328 20.6845 19.5589 19.1254 31.2089 25.1405 22.16 18.7103 20.1728 17.908 17.6832 18.833 23.7004 17.6683 17.3924 17.1991 17.1494 16.666 16.5824 16.4273 16.2744 16.2438 16.1927 15.8792 15.3142 14.9684 14.7986 14.6494 14.404 13.7224 13.6543 21.6167 15.5115 15.3083 15.0906 13.4363 21.7999 13.3767 13.2126 13.1705 12.9337 14.0019 12.192 12.1282 12.1162 12.0026 11.9448
threshold=63.050000000000004 192.25000000000003 28.050000000000004 561.75000000000011 1915.5000000000002 -0.3794095225512602 1.0000000180025095e-35 37.500000000000007 120.07500000000002 981.6500000000002 2347.7500000000005 29.815000000000005 97.02500000000002 32.45000000000001 973.85000000000002 1.0000000180025095e-35 79.500000000000014 988.35000000000002 40.050000000000004 29.500000000000004 0.70088257582277247 66.050000000000011 332.50000000000006 974.25000000000011 1.0000000180025095e-35 -0.9159756150367534 106.12500000000001 -8.1238103334273877 1.0000000180025095e-35 -0.9159756150367534 515.9082932769328 127.25000000000001 2.5000000000000004 7.7571442565223423 4.5000000000000009 52.550000000000004 95.050000000000011 67.500000000000014 392.30966278619127 35.650000000000013 -4.9960219855567738 96.050000000000011 25.745000000000008 28.050000000000004 90.500000000000014 25.350000000000005 -3.4852913305489435 1.9089839968575772 0.60181502315204816 23.650000000000002 -0.87878364999916114 24.500000000000004 43.550000000000004 106.25000000000001 -0.60355339059327362 271.25000000000006 23.450000000000003 131.25000000000003 6.4307804087480704 20.050000000000004 150.25000000000003 327.25000000000006 0.7715952022879744
decision_type=2 2 2 2 2 2 2 2 2 2 2 10 10 2 2 2 2 2 8 2 2 8 2 2 2 2 2 2 2 2 2 8 2 2 2 10 10 2 2 2 2 8 2 2 2 2 2 2 2 2 2 2 8 10 2 10 2 2 2 2 8 2 2
left_child=2 4 59 7 11 26 10 25 19 -5 14 29 32 35 15 -4 -17 46 -8 22 21 39 -7 24 -13 -3 27 28 33 -2 55 -28 38 -6 -11 -12 61 -22 56 43 44 -18 -35 -21 -38 62 47 -10 49 -49 -50 52 -24 60 -14 -25 57 -9 -20 -1 -45 -27 -36
right_child=1 3 6 9 5 8 18 12 17 34 13 23 54 -15 -16 16 41 -19 58 20 37 -23 51 30 -26 36 31 -29 -30 -31 -32 -33 -34 42 45 -37 40 -39 -40 -41 -42 -43 -44 53 -46 -47 -48 48 50 -51 -52 -53 -54 -55 -56 -57 -58 -59 -60 -61 -62 -63 -64
leaf_value=0.64861641415239457 -0.24271407813203305 -2.1240985439218818 0.19892133384680549 -18.387450346243011 -0.19228569222672034 -0.079958888081105406 0.14492122739104477 -2.1990420791323726 -0.34183775903683677 -5.1489670116601225 0.13647672349434212 -0.52846106831310857 -2.2940291621128837 0.306647776742214 0.46603448709374223 -0.023140014331228167 -0.34125883203587648 -0.1288032077227042 0.0014973742305719098 -0.50726084151769513 -0.0022082776028385345 -0.37596466259974398 -1.5226778366048406 -0.041840393892544209 -1.6031263002306042 -0.27668948746896244 -0.69646175267534716 0.25886480084244806 -0.0020740320752140984 0.36648648179615617 -2.0959057091458462 -0.056001561588582577 -1.8041866222704503 -0.59655301178013287 -9.0518982130249412 -0.092090734651542161 -2.9604590193697895 -0.4569085421691737 -10.342213092275838 0.72705364536647876 -1.3176508370575872 -0.82350259318259855 0.35992354597639664 -0.023968867616146274 -3.7391838778785691 0.12293228347631094 -0.73211567327345561 -1.4966130898757033 -9.9522843266093712 -1.4980610785231809 -1.0502277663638044 -0.34251511503609394 -0.61273503667289164 -2.1970426376692607 -1.2751131534817359 -3.4006442712852682 -2.4332024963734042 -3.0076044724806579 -0.19568627337954447 0.40057200460768883 -0.97888691433669084 -1.601673758594079 -0.38415608739494356
leaf_weight=75499 6276 1643 19780 195 916 28036 15081 516 1012 1473 25193 960 1617 25264 101344 406 123 2610 7724 367 4067 1560 188 12689 85 13920 4955 22819 6629 42408 170 12523 2612 497 554 9111 867 894 54 186 3431 105 91 150 113 94 5289 588 61 408 1548 3277 462 317 7124 173 384 522 4581 65792 634 3812 81
leaf_count=75499 6276 1643 19780 195 916 28036 15081 516 1012 1473 25193 960 1617 25264 101344 406 123 2610 7724 367 4067 1560 188 12689 85 13920 4955 22819 6629 42408 170 12523 2612 497 554 9111 867 894 54 186 3431 105 91 150 113 94 5289 588 61 408 1548 3277 462 317 7124 173 384 522 4581 65792 634 3812 81
internal_value=0.0013903 -0.00121306 0.00289173 -0.0043766 -0.000455187 -0.0011883 0.00213385 -0.00384474 -0.00234599 -0.012501 0.00240854 0.000713899 -0.00605308 0.00154009 0.00283341 0.00137749 -0.00777602 -0.00460403 0.000315125 -0.00169814 -0.00385627 -0.00769446 -0.00114617 -0.0010986 -0.00753588 -0.00265366 4.6459e-05 0.00076441 -0.00130149 0.00123798 -0.000582412 -0.00122497 -0.00918787 -0.00696808 -0.0109173 0.000727904 -0.00227995 -0.00136968 -0.0134959 -0.0119891 -0.00499773 -0.0206579 -0.0135374 -0.013733 -0.0105102 -0.017085 -0.00575118 -0.00811861 -0.0105278 -0.0154317 -0.00749223 -0.00466387 -0.0112308 -0.0166167 -0.004587 -0.000372415 -0.0124754 -0.0153757 -0.00116416 0.00401126 -0.0131122 -0.00160388 -0.0197244
internal_weight=551860 201857 350003 39012 162845 100084 208712 36615 51654 2397 181326 62761 12829 59568 121758 20414 634 11516 27386 40138 8175 3214 31963 14077 1045 23786 48430 30952 8133 48684 13032 17478 4088 1504 2202 34304 22143 4961 1476 1654 4411 228 588 1468 980 729 8906 3617 2605 996 1609 3927 650 1101 8741 12862 1422 1038 12305 141291 784 17732 635
internal_count=551860 201857 350003 39012 162845 100084 208712 36615 51654 2397 181326 62761 12829 59568 121758 20414 634 11516 27386 40138 8175 3214 31963 14077 1045 23786 48430 30952 8133 48684 13032 17478 4088 1504 2202 34304 22143 4961 1476 1654 4411 228 588 1468 980 729 8906 3617 2605 996 1609 3927 650 1101 8741 12862 1422 1038 12305 141291 784 17732 635
is_linear=0
shrinkage=0.05


Tree=30
num_leaves=64
num_cat=0
split_feature=0 0 0 0 36 12 14 37 42 0 25 16 27 11 2 36 36 34 25 25 27 33 30 34 14 39 44 38 25 15 22 36 11 9 37 0 9 20 31 5 37 22 16 26 8 37 43 32 14 34 11 13 31 13 27 9 38 22 29 42 0 37 22
split_gain=800.366 184.313 106.216 69.286 46.8105 54.7819 46.5594 43.3128 32.1378 28.4796 26.4804 23.3917 23.0207 22.1026 24.835 21.3314 20.3783 20.655 20.3154 19.204 18.4441 18.0095 17.8429 33.7314 20.7559 19.2771 17.4338 17.7029 16.7414 24.3317 29.2259 24.9827 16.1429 14.5569 14.3062 14.3033 14.1738 13.8963 20.1904 14.4551 13.6744 24.1282 13.2209 19.2828 13.6392 13.2064 12.9708 12.5064 14.8393 11.9864 11.965 11.8113 21.0134 43.6034 15.0704 11.7984 11.6835 20.8679 26.4016 24.959 11.6818 11.5594 11.1947
threshold=60.025000000000006 157.25000000000003 25.050000000000004 359.25000000000006 77.500000000000014 -0.3794095225512602 9.5000000000000018 92.500000000000014 3.2000000000000011 692.00000000000011 985.85000000000002 -4.9022178755483514 108.12500000000001 -0.60355339059327362 193.25000000000003 347.50000000000006 332.50000000000006 0.89490028524376752 974.55000000000007 986.25000000000011 50.550000000000004 15.15 29.500000000000004 0.64942331933852349 4.5000000000000009 1.0000000180025095e-35 2495.25 10.750000000000002 975.1500000000002 1.0000000180025095e-35 65.500000000000014 172.50000000000003 -0.5 82.350000000000009 84.500000000000014 86.02500000000002 100.90000000000002 -0.37460659341591213 7.3621292623347516 198.25000000000003 72.500000000000014 44.500000000000007 -5.4664028463200003 7681.0000000000009 -97.899999999999991 50.500000000000007 327.50000000000006 1.4523798735622533 11.500000000000002 0.28400453026986799 -0.9159756150367534 2.5000000000000004 -1.9879235175622954 1.5000000000000002 152.25000000000003 93.050000000000011 25.450000000000003 52.500000000000007 76.872214083082127 -1.3 240.25000000000003 92.500000000000014 74.500000000000014
decision_type=2 2 2 2 2 2 2 2 2 2 2 2 10 2 10 2 2 2 2 2 10 2 2 2 2 2 2 2 2 2 2 2 2 8 2 2 10 2 2 8 2 2 2 2 10 2 2 2 2 2 2 2 2 2 10 8 2 2 2 2 2 2 2
left_child=2 4 -1 6 56 18 10 8 28 26 51 34 16 14 -8 -9 35 61 -6 -11 49 -20 46 24 -24 -25 42 -28 29 -4 -31 33 36 -32 -12 40 -17 39 -39 -16 -7 -42 43 44 -5 -40 -14 48 -21 -10 -44 52 53 -3 -55 -45 -2 -58 -59 -60 -36 -18 -19
right_child=1 3 7 9 5 12 13 15 20 19 11 -13 22 -15 37 32 17 62 21 47 -22 -23 23 25 -26 -27 27 -29 -30 30 31 -33 -34 -35 60 -37 -38 38 45 -41 41 -43 50 55 -46 -47 -48 -49 -50 -51 -52 -53 -54 54 -56 -57 57 58 59 -61 -62 -63 -64
leaf_value=0.5411855934447749 0.52535922057262485 -1.2510825529083986 0.24455390408196787 0.20171826009022636 -0.22971193379493685 0.17709488715378774 -0.55441498696983726 0.068094090850661718 0.34461894971269191 -12.205906588399204 -0.9270546373180516 -0.56381323988543508 -0.2584170403121866 -0.11518836236883488 -2.3637764302304993 -0.22216744986666265 -0.34500823795700136 0.057740823003728348 0.29282140240906823 -3.5486551031733367 0.026512881481723413 -0.068177553508910305 -0.79356700566481608 -0.18940557784050865 -2.5378093349758339 -1.2138549330752877 -5.9408187859413149 -3.1961655045369168 0.43955388500848153 0.27882466873175193 -0.30045865565007723 -0.032929079910278734 -0.12014836547812065 -0.68818407991902686 -1.607946853689926 -0.24927595661658608 -0.48271878105415456 -0.7918936492672789 -3.3469770933434795 -2.0661795337638145 -0.66015095357399212 -0.089753621690375041 -4.0183748499970262 9.3630079938790001 -3.5526477657119973 -1.7429901123157947 -0.638833154615706 -13.188878384774354 -9.8665428845756296 0.11459426193694122 -1.6163932165859205 -1.151310910723462 -1.2340191852807429 -3.4707806426731995 -6.2444588884251058 -6.8617639603242724 0.52180674142778649 -0.14064244782072846 -0.25030261717885749 -1.4712829365783411 -3.2439071880343913 -0.71337011046007892 -0.40590069109943783
leaf_weight=116165 27268 696 33922 380 4405 14759 3325 11723 26686 446 2012 10198 8231 19550 117 496 8577 5664 32258 576 19004 15821 738 1424 482 63 86 1742 100090 622 150 247 3333 173 684 17333 239 1245 314 212 363 6998 269 25 1071 278 1170 126 29 24898 4779 5209 1967 298 176 86 5218 4560 340 337 324 536 1347
leaf_count=116165 27268 696 33922 380 4405 14759 3325 11723 26686 446 2012 10198 8231 19550 117 496 8577 5664 32258 576 19004 15821 738 1424 482 63 86 1742 100090 622 150 247 3333 173 684 17333 239 1245 314 212 363 6998 269 25 1071 278 1170 126 29 24898 4779 5209 1967 298 176 86 5218 4560 340 337 324 536 1347
internal_value=0.00137435 -0.00101718 0.00289044 -0.00347563 -0.000141806 -0.000624162 -0.00267836 0.00224844 0.00244208 -0.00734009 -0.00438138 -0.00298911 -0.00156423 -0.00121181 -0.00401475 -0.000275157 -0.00113383 -0.00263148 0.000588179 -0.0146262 0.00157732 0.000885938 -0.00353981 -0.00711673 -0.0132787 -0.0020612 -0.00632377 -0.0106455 0.00289355 0.00195421 -0.00506711 -0.0132456 -0.00339479 -0.0223994 -0.0068543 -0.00052176 -0.010102 -0.00818098 -0.00648612 -0.0176444 0.000320977 -0.00143934 -0.00512859 -0.00914853 -0.00761199 -0.0140878 -0.00250984 -0.00963748 -0.00665289 0.00206789 -0.00388471 -0.00658639 -0.0090102 -0.0143162 -0.0260127 -0.0292342 0.00139477 -2.6303e-05 -0.00225606 -0.0114697 -0.0117163 -0.00420114 -0.000591214
internal_weight=551860 214112 337748 56220 157892 120169 46605 221583 205792 9615 21564 13218 67685 25041 5491 15791 55577 16124 52484 1177 70588 48079 12108 2707 1220 1487 8438 1828 135204 35114 1192 570 4068 323 3020 39453 735 2166 1837 329 22120 7361 6610 1562 1451 592 9401 731 605 51584 5048 8346 3137 1170 474 111 37723 10455 5237 677 1008 9113 7011
internal_count=551860 214112 337748 56220 157892 120169 46605 221583 205792 9615 21564 13218 67685 25041 5491 15791 55577 16124 52484 1177 70588 48079 12108 2707 1220 1487 8438 1828 135204 35114 1192 570 4068 323 3020 39453 735 2166 1837 329 22120 7361 6610 1562 1451 592 9401 731 605 51584 5048 8346 3137 1170 474 111 37723 10455 5237 677 1008 9113 7011
is_linear=0
shrinkage=0.05


Tree=31
num_leaves=64
num_cat=0
split_feature=0 0 0 0 14 37 25 0 23 37 41 22 30 25 25 11 14 11 14 14 37 27 11 39 3 27 0 11 17 13 14 25 9 16 27 41 3 19 36 11 35 26 23 18 31 11 12 38 13 31 37 18 37 23 8 4 22 39 2 18 1 23 32
split_gain=735.433 162.421 106.491 57.8496 52.2395 43.1075 36.2202 36.1181 35.4343 42.1127 30.5697 26.9179 33.0237 25.4956 24.4178 23.4604 23.1266 30.2128 21.4466 21.5283 19.8136 19.4823 19.3756 18.4524 18.3973 17.6193 17.4077 17.2924 16.6815 16.5945 27.0488 28.9213 16.8626 16.1676 16.0692 15.667 16.8572 14.0031 13.4806 13.3011 13.1929 14.7874 13.06 12.6868 17.0754 18.5815 12.6437 12.5505 12.4742 12.3008 12.1476 11.9978 12.4038 19.8486 19.3241 11.8732 11.4939 11.4467 12.157 11.4163 11.2702 11.5425 19.5334
threshold=60.025000000000006 246.75000000000003 25.050000000000004 106.12500000000001 9.5000000000000018 83.500000000000014 985.85000000000002 561.75000000000011 19.550000000000004 53.500000000000007 7334.5000000000009 53.500000000000007 35.500000000000007 973.85000000000002 981.35000000000002 -0.70710678118654735 8.5000000000000018 -0.78656609248549292 8.5000000000000018 11.500000000000002 44.500000000000007 45.050000000000004 -0.9159756150367534 1.0000000180025095e-35 32.525000000000006 64.050000000000011 138.25000000000003 -0.9159756150367534 -11.054803114112481 3.5000000000000004 3.5000000000000004 984.75000000000011 155.25000000000003 4.9734023493651867 120.25000000000001 4722.5000000000009 99.425000000000026 -0.87878364999916136 177.50000000000003 -0.25881904510252113 -0.52247866957162936 670.25000000000011 36.650000000000013 17.150000000000002 5.926543088209276 -0.78656609248549292 0.78656609248549303 32.45000000000001 4.5000000000000009 20.683509118458232 95.500000000000014 14.350000000000003 52.500000000000007 35.95000000000001 8.9000000000000057 140.25000000000003 48.500000000000007 1.0000000180025095e-35 48.550000000000004 15.450000000000001 52.050000000000004 36.150000000000013 4.6684973587798
decision_type=2 2 2 2 2 2 2 2 2 2 2 2 2 2 2 2 2 2 2 2 2 8 2 2 8 10 2 2 2 2 2 2 10 2 10 2 8 2 2 2 2 2 2 2 2 2 2 2 2 2 2 2 2 2 10 8 2 2 10 2 8 2 2
left_child=2 3 -1 8 6 13 23 18 -2 11 50 29 28 21 -9 40 17 42 33 55 -21 -4 -22 26 -14 38 -5 -8 -13 30 31 32 -10 -3 -19 57 56 -28 -15 49 -12 -42 -11 44 -6 -46 -26 -40 -16 -27 -7 52 -23 -54 -55 -20 -37 -29 -59 -36 -32 -62 -63
right_child=1 7 5 4 43 10 27 14 9 16 15 12 24 25 48 -17 -18 34 19 20 22 51 -24 -25 46 39 37 35 -30 -31 60 -33 -34 -35 59 36 -38 -39 47 -41 41 -43 -44 -45 45 -47 -48 -49 -50 -51 -52 -53 53 54 -56 -57 -58 58 -60 -61 61 62 -64
leaf_value=0.51412631377253604 0.44397535437711028 -2.6688975842929876 0.25166108402139076 -0.39417676844845251 0.19603500684260841 0.18336280299599117 -1.0091998640819704 -17.012051975875526 -0.116405933896394 -0.4203326867432064 -0.45317830433105977 -0.54389416262179091 -1.5027129388440237 0.73885986817567317 -4.4502481093727368 -0.051014341141766763 0.21208558719743192 -0.097116244023632128 -3.2410370469255607 -3.2648895924088985 -2.9962525857780773 0.20057382964071341 -1.5268504055915049 -1.7007674263807724 -0.21953186766949406 0.080843170748784526 -0.44949104469845058 0.042602097303106649 0.069282164141683353 0.44591809337805322 -0.22574428590100021 0.01086898566876663 -0.7849836779638022 -1.3997425989875005 -0.36470638527862281 -0.30574281308127937 -0.28425069052767149 -1.1629826505757841 0.2377449745288038 0.3406851971968744 -0.8653337089337072 -0.13645628299960036 -0.49616652749504797 0.5404993041081454 -1.6352983787129494 -0.31186818025661101 -0.90416387013084121 0.45031071237252474 -6.9494607083353372 -0.51456665290970915 -0.062741671713459277 0.1795889430342047 -0.10005743605665729 -0.19246317682277195 -0.5839563205575139 -0.41876968540616083 -1.2765076850385242 -9.5377200520192904 -0.53509572633327174 -0.78508320175671287 0.49716121378998185 0.4128871492370168 -0.18731709361630922
leaf_weight=116165 17878 3957 17076 12808 13603 33841 1408 186 823 3764 291 706 210 30268 1476 6362 6379 26816 499 585 338 2050 4808 602 865 10139 2339 16286 6838 19506 2416 4819 1553 3077 1331 722 4747 8176 53211 11716 227 903 565 7292 1241 6566 589 39589 735 541 5301 4459 4949 368 292 7875 1393 51 333 477 11871 3133 2470
leaf_count=116165 17878 3957 17076 12808 13603 33841 1408 186 823 3764 291 706 210 30268 1476 6362 6379 26816 499 585 338 2050 4808 602 865 10139 2339 16286 6838 19506 2416 4819 1553 3077 1331 722 4747 8176 53211 11716 227 903 565 7292 1241 6566 589 39589 735 541 5301 4459 4949 368 292 7875 1393 51 333 477 11871 3133 2470
internal_value=0.00136239 -0.000930074 0.00281568 -0.000446121 -0.00149761 0.00217284 -0.00249207 -0.00484874 0.000275598 -0.000108219 0.000827384 0.000775014 -0.00169526 0.00253432 -0.0106654 -0.00203456 -0.00136123 -0.00189467 -0.00418918 -0.00306452 -0.00542575 0.00118586 -0.00443451 -0.00388192 -0.00807091 0.00280496 -0.00365883 -0.00115878 -0.000288971 0.00126323 0.000462433 -0.0021647 -0.00667929 -0.00644441 -0.0013059 -0.000836733 -0.00284757 -0.00516643 0.0030397 0.001515 -0.00784307 -0.00539823 -0.00578771 0.000195457 -0.000418029 -0.00228193 -0.0060729 0.00274084 -0.00920172 0.000238764 0.00139645 -0.000347417 -0.00154785 -0.00276431 -0.0109091 -0.00144853 -0.00656028 -8.99801e-06 -0.00854167 -0.00586836 0.00141277 0.00185533 -1.51703e-05
internal_weight=551860 214112 337748 190576 77567 221583 48865 23536 113009 95131 46925 55799 9208 174658 2397 7783 39332 32953 21139 14105 5731 29194 5146 23925 1664 145464 23323 24940 7544 46591 27085 7195 2376 7034 28624 23532 6862 10515 123068 22396 1421 1130 4329 28702 21410 7807 1454 92800 2211 10680 39142 12118 7659 5609 660 8374 2115 16670 384 1808 19890 17474 5603
internal_count=551860 214112 337748 190576 77567 221583 48865 23536 113009 95131 46925 55799 9208 174658 2397 7783 39332 32953 21139 14105 5731 29194 5146 23925 1664 145464 23323 24940 7544 46591 27085 7195 2376 7034 28624 23532 6862 10515 123068 22396 1421 1130 4329 28702 21410 7807 1454 92800 2211 10680 39142 12118 7659 5609 660 8374 2115 16670 384 1808 19890 17474 5603
is_linear=0
shrinkage=0.05


Tree=32
num_leaves=64
num_cat=0
split_feature=0 0 0 0 14 37 36 12 44 44 1 32 31 25 0 27 36 14 13 35 10 37 22 29 28 14 35 32 11 14 42 10 31 13 14 14 35 37 14 13 22 13 35 25 7 28 43 14 14 12 7 44 13 4 14 35 38 8 37 10 22 37 7
split_gain=676.235 155.612 98.1312 61.8561 45.0594 41.1994 40.6025 44.2908 28.2629 28.0996 26.8791 22.2242 29.3319 22.0563 20.6591 19.5316 18.7713 21.3194 24.2948 19.1801 17.6724 16.904 46.0449 19.7608 27.1307 35.9586 17.5922 16.7285 15.7752 15.7217 21.4186 17.314 14.9264 14.224 16.9162 34.8321 13.9535 13.7863 14.3601 13.543 13.4904 14.3285 15.9127 13.4714 13.4436 12.937 12.935 12.8525 21.0211 14.4802 12.9317 14.8475 12.6012 12.153 12.1394 15.4252 11.9347 11.5906 11.4032 11.1381 11.07 16.1322 14.6891
threshold=58.025000000000006 138.25000000000003 25.050000000000004 359.25000000000006 9.5000000000000018 84.500000000000014 77.500000000000014 -0.3794095225512602 6097.7500000000009 1260.7500000000002 127.25000000000001 -10.345044577278168 -12.515607623658104 974.55000000000007 692.00000000000011 50.550000000000004 422.50000000000006 3.5000000000000004 4.5000000000000009 -0.62249093318774762 32.625000000000007 72.500000000000014 42.500000000000007 70.955359379013345 3.1550000000000007 4.5000000000000009 -0.64942331933852315 1.4523798735622533 -0.70710678118654735 11.500000000000002 -0.15000000000000033 10.705000000000002 -8.6005482325172036 1.0000000180025095e-35 4.5000000000000009 5.5000000000000009 0.30069434954884205 33.500000000000007 11.500000000000002 4.5000000000000009 76.500000000000014 1.0000000180025095e-35 0.47714059151611404 973.85000000000002 60.422077922077925 0.55500000000000016 377.50000000000006 8.5000000000000018 11.500000000000002 0.37940952255126048 469.43977272727278 2420.2500000000005 1.0000000180025095e-35 366.25000000000006 4.5000000000000009 -0.86159635224327535 13.950000000000001 48.050000000000018 95.500000000000014 37.725000000000009 45.500000000000007 30.500000000000004 61.793750000000003
decision_type=2 2 2 2 2 2 2 2 2 2 8 2 2 2 2 10 2 2 2 2 10 2 2 2 2 2 2 2 2 2 2 8 2 2 2 2 2 2 2 2 2 2 2 2 8 2 2 2 2 2 10 2 2 8 2 2 2 8 2 10 2 2 8
left_child=2 6 -1 4 10 9 -2 13 58 43 46 12 -12 -8 47 -11 21 18 52 -19 -14 23 -23 36 25 -25 -27 37 -10 31 -31 -6 33 34 -15 -36 -9 -16 -39 -38 41 42 -32 -4 -21 -28 54 50 -49 53 51 -5 -18 -50 -3 -56 -24 -34 -7 -54 -17 62 -62
right_child=1 3 5 14 29 8 7 16 28 15 11 -13 20 32 27 60 17 19 -20 44 -22 22 56 24 -26 26 45 -29 -30 30 40 -33 57 -35 35 -37 39 38 -40 -41 -42 -43 -44 -45 -46 -47 -48 48 49 -51 -52 -53 59 -55 55 -57 -58 -59 -60 -61 61 -63 -64
leaf_value=0.48841999808390923 0.3519758364901453 -0.88954510802893294 0.20477637371950516 -2.3689081670969148 -2.2793920672641592 0.16378261717126036 -0.18558642350500612 0.18421938029885448 -0.38156616408234667 0.2290542313154878 -1.8421463334397843 -0.46554221196413104 -0.23345346149165269 0.031633190258299172 -15.061539729753774 0.16714833272438567 0.2041905393456098 -0.34404773004066813 -0.085918277778507024 -0.35921677411024533 -1.188929771164648 -0.66827668690743869 1.1276498581933887 -0.19585273770791753 0.017745863608339695 -3.3898264793370987 -0.25130412910807237 -15.17624827221473 -0.083750480798471472 0.029718262095545629 -1.1186027529146045 0.12060371107850823 0.33715642578681293 0.029533104128867112 -0.66245826286044718 0.29469339924068894 -0.21662991953094163 -5.9168104025110804 -9.1507033348782105 0.39431443818842521 -0.45392704205039824 -1.4342901561398744 -3.1584690526467867 0.46665389118868117 0.026959039815112235 -1.0237323589327543 -1.7450546963719917 -1.254033733708475 -2.1416878898311338 -1.8552097660739706 -5.7326647686404595 -3.1759600354611024 -0.62687526097039603 -5.4491520945414074 -7.4859844293038833 -2.4539322673895096 -0.2178337670499805 -0.03954786164848903 -0.060967109008370227 -1.03712900383618 -0.069399326892662289 -0.03385266316205629 -0.69344755547656456
leaf_weight=116165 34600 5350 17130 1418 715 31989 4870 18289 940 53420 345 15499 2387 798 84 7648 189 1337 1059 2648 4303 953 1234 1594 3765 303 453 246 3827 5038 143 18051 29228 8040 520 371 10720 817 30 2758 2164 3296 261 83334 6168 490 443 4109 523 1055 62 849 532 422 247 1355 13902 7503 5755 940 261 8608 307
leaf_count=116165 34600 5350 17130 1418 715 31989 4870 18289 940 53420 345 15499 2387 798 84 7648 189 1337 1059 2648 4303 953 1234 1594 3765 303 453 246 3827 5038 143 18051 29228 8040 520 371 10720 817 30 2758 2164 3296 261 83334 6168 490 443 4109 523 1055 62 849 532 422 247 1355 13902 7503 5755 940 261 8608 307
internal_value=0.00135243 -0.000777252 0.00279088 -0.00274504 -0.00214465 0.00215387 0.000111377 -0.000328069 0.000761097 0.0025007 -0.00351348 -0.0026551 -0.00498579 0.000778297 -0.00646646 0.00173353 -0.00117147 -0.0028886 -0.00681985 -0.00183542 -0.00425262 -0.000765594 -0.00212599 -0.000195194 -0.00268357 -0.00637324 -0.0127368 -0.012672 -0.00286658 -0.000763786 -0.00227389 0.000113503 0.00111386 -0.000627505 -0.0047987 -0.00953423 0.00032219 -0.00960795 -0.00769185 -0.000898501 -0.0043281 -0.00616216 -0.0150495 0.00303711 -0.00098911 -0.00936903 -0.00612914 -0.00560085 -0.00439597 -0.0086 -0.00876127 -0.00814513 -0.010593 -0.0130952 -0.00560127 -0.00941948 -0.00145481 0.0015751 0.00121927 -0.0121535 0.00024786 -0.00092306 -0.00908451
internal_weight=551860 222476 329384 69212 59597 213219 153264 118664 42511 170708 29929 22534 7035 51330 9615 70244 67334 12873 2720 10153 6690 54461 16089 38372 6605 2840 1246 1177 4767 29668 10902 18766 46460 9729 1689 891 31767 931 847 13478 5864 3700 404 100464 8816 943 7395 8438 6109 2000 2329 2267 1661 945 6952 1602 15136 36731 37744 1472 16824 9176 568
internal_count=551860 222476 329384 69212 59597 213219 153264 118664 42511 170708 29929 22534 7035 51330 9615 70244 67334 12873 2720 10153 6690 54461 16089 38372 6605 2840 1246 1177 4767 29668 10902 18766 46460 9729 1689 891 31767 931 847 13478 5864 3700 404 100464 8816 943 7395 8438 6109 2000 2329 2267 1661 945 6952 1602 15136 36731 37744 1472 16824 9176 568
is_linear=0
shrinkage=0.05


Tree=33
num_leaves=64
num_cat=0
split_feature=0 0 0 43 29 0 27 0 0 31 23 16 27 14 10 27 16 6 14 44 32 37 37 11 40 5 20 44 36 11 35 16 23 1 35 28 11 0 14 14 31 44 13 21 37 14 2 38 23 31 30 10 11 14 20 13 44 17 37 0 43 13 12
split_gain=621.66 122.557 119.312 43.5726 36.3019 30.2887 29.3293 28.0043 27.4872 23.9724 23.0913 22.2149 21.6755 20.6803 19.6265 18.2936 18.0706 16.8664 16.4408 16.2398 15.4621 14.9724 14.8699 16.0068 14.4406 14.329 15.1756 13.9715 13.7984 17.9246 21.6171 16.1092 13.4614 13.3725 13.0982 14.8126 12.7634 12.4041 12.2787 15.281 15.0236 13.0952 13.2067 12.4475 12.169 13.4496 11.956 11.81 18.5 17.0016 24.7664 12.8771 11.2444 15.7531 17.673 11.5848 11.2389 10.9827 10.9663 10.9184 10.7645 10.6321 10.5525
threshold=65.725000000000009 31.950000000000006 246.75000000000003 6.8750000000000009 0.36820613978850231 89.02500000000002 58.050000000000004 20.050000000000004 692.00000000000011 -12.515607623658104 20.850000000000005 -8.1089511693934231 48.550000000000004 8.5000000000000018 10.215000000000002 189.75000000000003 3.0916070211746174 52.537500000000009 11.500000000000002 132.00000000000026 0.87195592180156833 44.500000000000007 76.500000000000014 -0.25881904510252113 978.1500000000002 8.9100000000000019 -0.68832836526074781 5576.0000000000018 180.62500000000003 -0.25881904510252113 -0.7933231318270072 13.789808511718176 25.050000000000004 92.02500000000002 -0.33379414889141251 1.5450000000000004 -0.9159756150367534 112.07500000000002 8.5000000000000018 6.5000000000000009 6.4680659710950605 -7660.7499999999991 3.5000000000000004 1522.5000000000002 49.500000000000007 11.500000000000002 62.625000000000007 24.450000000000003 28.550000000000004 8.4977817612202653 19.500000000000004 33.525000000000006 -0.9159756150367534 3.5000000000000004 0.9426055981926128 1.5000000000000002 5576.0000000000018 11.400064878993627 91.500000000000014 112.07500000000002 -267.49999999999994 4.5000000000000009 -0.9159756150367534
decision_type=2 2 2 2 2 2 8 2 2 2 2 2 10 2 8 10 2 8 2 2 2 2 2 2 2 10 2 2 2 2 2 2 2 8 2 2 2 2 2 2 2 2 2 2 2 2 8 2 2 2 2 10 2 2 2 2 2 2 2 2 2 2 2
left_child=1 7 3 10 12 17 -6 -1 13 27 37 47 38 16 -12 33 46 -5 -15 32 44 62 52 25 -14 26 -24 -9 -17 30 -30 -31 -8 -13 -35 -36 -23 -2 39 -3 41 -41 43 -43 -10 -46 -4 48 51 -49 -51 -7 53 54 -16 -56 -18 -55 -38 -54 -39 -60 -20
right_child=2 4 8 5 6 11 19 9 20 -11 14 15 24 18 22 28 56 -19 21 -21 -22 36 23 -25 -26 -27 -28 -29 29 31 -32 -33 -34 34 35 -37 58 60 -40 40 -42 42 -44 -45 45 -47 -48 49 -50 50 -52 -53 59 57 55 -57 -58 -59 61 -61 -62 -63 -64
leaf_value=0.53899899817971375 0.66954681267173699 0.25065127084601257 -8.0152612335438072 -0.40842238252073226 0.39689267476267243 -0.2667437333482674 0.78229377889943885 0.2133071832936797 -10.821881837541648 0.37835680911224334 -0.70015080649340489 -0.50542951611361642 -0.13403359812534119 -0.65943931239030573 -0.70340576073232863 -0.46371707612063529 -1.1228762001367443 0.048509593755417343 -1.67977821865125 0.03006019237525483 -13.891458197742029 -2.7529875898678542 -2.6189092944549404 -0.1011225489252402 0.10154443831794786 -0.42432142019271774 -0.56437485953534861 -0.037130200141999074 -7.6412808410872675 -0.44004416786040823 -1.4955352208091535 -1.3686317737611873 0.1896052183879218 0.21200282708042636 -0.18721673850850729 -0.58096426353568664 -1.0402066921458715 -0.8349417251430874 0.37192073097176054 0.43952189377295209 0.2777831773048311 0.086766985412120343 -0.10952104902225185 -0.44029825786528359 -1.6847552354488273 -8.6931681681343012 -2.3341856619606545 -0.23262208584952299 -1.0309377559866573 0.066978842024445526 -1.4863329746934901 -0.95504465573171538 0.1785919028760064 -0.045350873945037194 -2.83970050446794 0.56172755783338502 -2.8253105364439262 -1.2480914939731484 -2.025028167314519 -0.17925836166909331 0.23739301346002728 -3.5014542082224853 -3.5159445558269904
leaf_weight=75499 12445 15669 339 4168 61254 1599 8201 11693 276 78291 2670 9200 9817 9194 641 1587 3385 27536 273 21207 260 339 128 4861 6798 1383 184 6557 74 949 233 225 17416 8229 20558 3262 4148 701 11890 2881 6689 12730 12735 137 614 27 3218 5025 316 389 456 3182 26112 3592 92 23 337 85 620 12110 16845 174 332
leaf_count=75499 12445 15669 339 4168 61254 1599 8201 11693 276 78291 2670 9200 9817 9194 641 1587 3385 27536 273 21207 260 339 128 4861 6798 1383 184 6557 74 949 233 225 17416 8229 20558 3262 4148 701 11890 2881 6689 12730 12735 137 614 27 3218 5025 316 389 456 3182 26112 3592 92 23 337 85 620 12110 16845 174 332
internal_value=0.00133893 0.00256665 -0.000954905 -0.000490051 0.00168212 -0.00126926 0.00227835 0.00353028 -0.00429002 0.00296615 0.000337845 -0.0019758 0.000869987 -0.00389798 -0.000300592 -0.0014772 -0.00608669 -3.72191e-05 -0.00284151 0.00133628 -0.0117375 -0.00490486 -7.40686e-05 -0.00229103 -0.000735781 -0.00647493 -0.0161538 0.00133425 -0.00520209 -0.00867319 -0.01943 -0.00586031 0.00218351 -0.00120015 -0.000717807 -0.00131192 -0.00405132 0.00144227 0.00129529 0.000957003 0.000378426 -0.000122353 -0.000481993 0.000647781 -0.00868593 -0.0049064 -0.00863509 -0.00399061 -0.00575142 -0.00246167 -0.00902367 -0.00497699 0.000266675 -0.00211708 -0.00869048 -0.0267391 -0.00365126 -0.00076557 -0.00340753 0.000543143 0.000585889 -0.00879093 -0.0123554
internal_weight=551860 359464 192396 168860 187424 86988 108078 172040 23536 96541 81872 55284 79346 22359 51881 44317 7279 31704 15080 46824 1177 5886 49211 6556 16615 1695 312 18250 3068 1481 307 1174 25617 41249 32049 23820 5281 29991 62731 50841 35172 28483 25602 12867 917 641 3557 10967 5097 5870 845 4781 42655 4433 756 115 3722 3677 4942 38222 17546 794 605
internal_count=551860 359464 192396 168860 187424 86988 108078 172040 23536 96541 81872 55284 79346 22359 51881 44317 7279 31704 15080 46824 1177 5886 49211 6556 16615 1695 312 18250 3068 1481 307 1174 25617 41249 32049 23820 5281 29991 62731 50841 35172 28483 25602 12867 917 641 3557 10967 5097 5870 845 4781 42655 4433 756 115 3722 3677 4942 38222 17546 794 605
is_linear=0
shrinkage=0.05


Tree=34
num_leaves=64
num_cat=0
split_feature=0 0 0 0 39 36 12 14 25 1 43 27 32 34 44 30 34 44 32 37 22 7 25 15 37 36 36 16 14 22 25 37 10 0 25 16 9 16 12 7 14 33 36 9 41 28 3 7 25 26 16 34 11 19 44 27 40 32 30 37 37 11 16
split_gain=574.884 146.102 81.5866 48.259 40.0047 37.8129 40.4354 36.7101 23.1478 22.2607 21.4989 19.9582 19.7743 19.2198 18.9489 17.6776 22.2262 26.3927 28.3729 18.2109 26.4439 17.6992 17.0711 19.9498 22.7242 20.5148 15.4193 14.5877 16.0198 15.2899 16.5601 13.6578 13.5415 13.2926 16.0712 13.1882 12.8213 13.8267 12.5965 12.5074 12.5066 11.8842 11.6927 11.5025 11.386 10.9852 11.2917 10.7111 10.7266 10.6357 10.5585 10.5987 12.5105 10.3355 10.1499 10.0535 10.0527 15.0901 19.9861 10.043 10.0046 9.99176 9.92741
threshold=52.525000000000006 134.25000000000003 24.025000000000002 359.25000000000006 1.0000000180025095e-35 77.500000000000014 -0.3794095225512602 9.5000000000000018 974.55000000000007 101.05000000000001 292.50000000000006 40.050000000000004 -10.345044577278168 0.58068084432175981 2724.2500000000005 29.500000000000004 0.70088257582277247 -467.99999999999989 5.5921883195207167 72.500000000000014 41.500000000000007 74.62658514492756 976.35000000000002 1.0000000180025095e-35 76.500000000000014 177.50000000000003 1317.5000000000002 14.488725739337445 11.500000000000002 76.500000000000014 987.1500000000002 52.500000000000007 10.425000000000002 692.00000000000011 985.1500000000002 23.350071039769698 278.25000000000006 -5.6144973112897381 0.91597561503675351 83.991287878787901 8.5000000000000018 15.15 1832.5000000000002 65.550000000000011 1989.2500000000002 6.9650000000000007 131.25000000000003 31.495416666666667 974.05000000000007 1572.7500000000002 -17.076825961993688 0.93663652364155514 -0.25881904510252113 -0.58778525229247303 5415.7500000000009 141.25000000000003 977.35000000000002 13.039255059611056 33.500000000000007 89.500000000000014 61.500000000000007 0.25881904510252091 23.350071039769698
decision_type=2 2 2 2 2 2 2 2 2 8 2 8 2 2 2 2 2 2 2 2 2 10 2 2 2 2 2 2 2 2 2 2 8 2 2 2 10 2 2 8 2 2 2 8 2 2 10 8 2 2 2 2 2 2 2 10 2 2 2 2 2 2 2
left_child=2 5 -1 7 14 49 8 9 42 -3 15 -6 13 36 22 19 17 -17 38 39 -21 60 23 -4 -25 43 40 28 32 30 -30 -18 -9 -5 -35 -28 -11 -38 -19 -8 -16 61 -7 -26 -33 46 62 48 -22 56 -14 52 -52 -32 -15 -49 57 -2 -59 -45 -20 -10 -12
right_child=1 3 4 33 11 6 10 27 41 12 45 -13 50 54 26 16 31 18 21 20 47 -23 -24 24 25 -27 35 -29 29 -31 53 44 -34 34 -36 -37 37 -39 -40 -41 -42 -43 -44 59 -46 -47 -48 55 -50 -51 51 -53 -54 -55 -56 -57 -58 58 -60 -61 -62 -63 -64
leaf_value=0.45704905303909965 -0.095772361053615529 -1.8260678337927236 0.2492496013792001 -2.1519225210144239 0.12658896754178581 -0.21510382286828073 0.14833965500926771 -2.3237574272437995 0.12694045286579048 -0.55169433426804293 -0.31335743760570223 -0.083302846964976585 -1.5381430775895888 -0.92017666775634277 0.047198232351844005 0.052727495656481549 0.33618192501058419 -0.204449795935576 -1.4857147315683352 -0.57370991358496115 -0.77167480830235702 -0.30489161057405534 0.43357505913178723 0.34789476550648835 -0.18423696473914197 -0.13046669188942092 0.31824380638086308 0.74797285442934147 -2.1451321153843477 -0.04686550362867728 -0.3695055090297073 0.35414819855515584 0.045071240506420196 -14.267099195655113 -6.0987036100999461 -0.68453400991104574 -1.5533301264677875 -0.74222666694260786 -1.1303665609750717 -0.12587844685132293 0.35344357811372351 0.027878337019741684 0.47731193859908405 -0.57218271706071455 -0.34171151507484021 0.11554810336711917 -1.3077119243916062 -0.055257246275071684 -0.23981862244935864 0.66319638110022605 -0.95838257465678012 -0.97438839460955884 -0.08827028123518893 -1.3774321242081216 -2.1781970243478557 -0.80509102643883945 0.28565768392261304 0.38728453912737526 -1.5388608240285702 -0.046685518450040576 -0.14339062771104097 0.46063628903000869 -1.2160192541220078
leaf_weight=107394 2405 4100 37994 8438 18224 5419 25659 567 16255 4596 8356 11433 610 538 26876 1871 3283 1880 763 724 262 450 75047 717 151 387 18441 3784 918 3691 2784 965 16539 306 871 41 1264 2080 477 10932 6465 18032 1230 190 2424 1439 500 16532 800 16233 3053 2390 13258 2417 145 665 18714 94 108 38 138 19464 39
leaf_count=107394 2405 4100 37994 8438 18224 5419 25659 567 16255 4596 8356 11433 610 538 26876 1871 3283 1880 763 724 262 450 75047 717 151 387 18441 3784 918 3691 2784 965 16539 306 871 41 1264 2080 477 10932 6465 18032 1230 190 2424 1439 500 16532 800 16233 3053 2390 13258 2417 145 665 18714 94 108 38 138 19464 39
internal_value=0.00131827 -0.000465021 0.00277866 -0.0023567 0.00217174 0.000312101 -6.93205e-05 -0.00185115 0.000902318 -0.00303521 -0.000820187 0.000479988 -0.00253025 -0.00452105 0.00247335 -0.000496498 -0.00221574 -0.00454472 -0.00698759 -0.000117501 -0.00137412 -0.0127646 0.00283233 0.00199065 -0.00369858 -0.00968668 0.00168005 -0.000615635 -0.0010243 -0.00263507 -0.00416816 -0.000268285 -0.000100549 -0.00565523 -0.010633 0.00283844 -0.00382872 -0.00618421 -0.00367628 0.000534421 0.00103791 0.00124658 -0.00188073 -0.0179551 -0.00249484 -0.00294465 -0.00360034 -0.00100252 -0.00587571 0.00171939 -0.00164129 -0.00143014 -0.000974496 -0.00307537 -0.0125695 -0.000701576 0.000985179 -0.00192367 -0.0150495 -0.0250439 -0.0168091 0.00177483 -0.00316557
internal_weight=551860 248462 303398 72349 196004 176113 138559 62734 60400 32034 78159 29657 27934 8623 166347 67825 12251 5579 3708 55574 18983 1351 114524 39477 1483 766 51823 30700 26916 9810 6119 6672 17106 9615 1177 18482 7940 3344 2357 36591 33341 53751 6649 379 3389 10334 8895 18259 1062 37554 19311 18701 16311 5201 683 17197 21321 2607 202 228 901 35719 8395
internal_count=551860 248462 303398 72349 196004 176113 138559 62734 60400 32034 78159 29657 27934 8623 166347 67825 12251 5579 3708 55574 18983 1351 114524 39477 1483 766 51823 30700 26916 9810 6119 6672 17106 9615 1177 18482 7940 3344 2357 36591 33341 53751 6649 379 3389 10334 8895 18259 1062 37554 19311 18701 16311 5201 683 17197 21321 2607 202 228 901 35719 8395
is_linear=0
shrinkage=0.05


Tree=35
num_leaves=64
num_cat=0
split_feature=0 0 0 37 41 37 31 0 1 41 23 12 30 23 3 27 11 14 32 34 44 10 36 20 30 16 15 13 12 0 23 0 32 29 25 12 17 14 9 11 1 27 18 30 18 13 37 14 13 1 16 23 8 27 35 44 14 34 15 22 42 17 0
split_gain=531.593 133.205 79.4759 39.1269 36.1458 36.5538 37.0158 34.3175 28.8984 26.698 25.4107 23.4838 30.9242 22.4906 26.4184 18.6159 18.4572 17.6005 17.347 23.1339 17.2814 16.8878 16.7935 16.777 16.2318 18.4975 15.8738 21.4898 31.2259 15.5609 15.2369 14.7759 14.5434 14.7903 14.454 13.3256 14.5862 12.754 13.2909 14.1993 12.6489 13.2544 16.0329 19.0678 12.5034 12.3894 12.0289 15.3942 12.6999 12.5731 11.9968 11.8958 11.8443 13.0265 11.6289 11.3833 11.3181 11.2128 11.1485 15.4139 11.1171 11.0497 11.0463
threshold=52.525000000000006 157.25000000000003 24.025000000000002 69.500000000000014 1915.5000000000002 52.500000000000007 11.357217151124987 359.25000000000006 131.25000000000003 4929.5000000000009 36.050000000000004 -0.12940952255126037 11.500000000000002 26.350000000000005 32.525000000000006 50.550000000000004 -0.60355339059327362 9.5000000000000018 -10.345044577278168 0.36648727148060617 210.75000000000003 35.32500000000001 46.250000000000007 -0.28400453026986777 24.500000000000004 -7.3844723907163914 1.0000000180025095e-35 5.5000000000000009 0.1294095225512602 91.02500000000002 31.350000000000005 78.825000000000003 12.277044644297876 54.897248799294211 986.25000000000011 0.37940952255126048 -1.0547792670838507 3.5000000000000004 147.25000000000003 -0.78656609248549292 50.550000000000004 106.25000000000001 16.850000000000005 2.5000000000000004 14.050000000000002 5.5000000000000009 53.500000000000007 9.5000000000000018 5.5000000000000009 195.25000000000003 9.6908770710553309 12.550000000000002 39.015000000000008 260.25000000000006 -0.85260769842926898 9157.7500000000018 3.5000000000000004 0.87032255546191739 1.0000000180025095e-35 65.500000000000014 13.950000000000005 0.21288692988525523 18.550000000000004
decision_type=2 2 2 2 2 2 2 2 8 2 2 2 2 2 8 10 2 2 2 2 2 8 2 2 2 2 2 2 2 2 2 2 2 2 2 2 2 2 10 2 8 10 2 2 2 2 2 2 2 10 2 2 8 10 2 2 2 2 2 2 2 2 2
left_child=2 4 62 20 13 6 52 8 22 26 24 29 60 31 32 -11 35 18 19 51 -4 -14 -3 -12 40 45 -5 -28 -29 -8 34 -2 58 -34 -23 36 -10 38 -22 55 -7 -42 -43 -44 -16 -26 48 -48 49 -9 -24 -18 -6 -54 -17 -40 -32 -20 -15 -60 -13 -21 -1
right_child=1 7 3 9 5 10 11 46 16 15 23 12 21 14 44 54 17 -19 57 61 37 30 50 -25 25 -27 27 28 -30 -31 56 -33 33 -35 -36 -37 -38 -39 39 -41 41 42 43 -45 -46 -47 47 -49 -50 -51 -52 -53 53 -55 -56 -57 -58 -59 59 -61 -62 -63 -64
leaf_value=0.52669659561877313 0.66889281501165265 -0.40550050274781252 0.45681590470176059 0.23223802406191896 0.25903795016602815 -0.2600989536353559 0.16273973931444119 -7.1895384342819968 -1.3014956504197877 0.05394231379665744 -0.12862470104748455 0.002768175711421799 -0.13442058486744948 -0.24642759426438254 -0.095977198415515372 -0.5312889059900856 -0.034489892095530196 -0.0041707922450813463 -0.14498590885464152 -1.7280300185478303 0.11472805131203323 -0.97658598287879694 -2.2505038727875166 -0.51074260453697728 -0.32421889547538241 0.031942023595669278 0.18975684263048709 -0.0042547291370256118 -0.46964097430681773 -0.3156554030325065 -2.2300534359177089 0.25859402011795152 0.071386740874125318 -2.1107487935938489 0.56810404404529635 -0.44052274434353977 -1.6942835369120273 0.26497855532675124 -0.22792221907800059 0.028270889150777984 0.006633058336418785 -0.17317653106257741 0.0070000795350060241 -0.8761643720791803 0.31694346610287533 -0.82080264994168783 -3.4013803300112202 -1.3388433430589834 -6.254248124055632 -2.2353090946468201 -0.57710966714302403 -1.0765027134928742 0.0069407992754806878 -5.3273088755897442 -0.16651051075789172 -0.86115748820672566 0.13138860688625872 -1.035475447118327 0.39001204887796392 -1.1643613664698786 -0.4284754332978935 -0.57799081937857444 0.31664495905907963
leaf_weight=63138 16265 1666 54938 54235 35839 8540 9840 396 2895 25012 1046 5212 959 2409 8839 123 1529 18887 8783 386 9646 1717 3362 1419 3497 2031 1458 585 430 4921 58 29536 85 153 181 2580 894 43457 542 1257 30325 3661 381 599 10092 372 1603 5269 333 2014 1155 2583 11975 114 4013 308 486 1747 116 181 1393 138 44256
leaf_count=63138 16265 1666 54938 54235 35839 8540 9840 396 2895 25012 1046 5212 959 2409 8839 123 1529 18887 8783 386 9646 1717 3362 1419 3497 2031 1458 585 430 4921 58 29536 85 153 181 2580 894 43457 542 1257 30325 3661 381 599 10092 372 1603 5269 333 2014 1155 2583 11975 114 4013 308 486 1747 116 181 1393 138 44256
internal_value=0.00130495 -0.000409881 0.00270928 0.00211026 0.000216186 -0.000289164 0.000434349 -0.00255069 -0.00198959 0.0013101 -0.00130314 -0.00113518 -0.0030052 0.00114634 -0.000172571 8.02801e-05 -0.00150265 -0.00104058 -0.00230911 -0.00485764 0.00273396 -0.00687886 -0.00517305 -0.00625761 -0.00105594 -0.00351695 0.00194223 -0.00197533 -0.00756158 0.000132444 -0.00908681 0.00177627 -0.0045788 -0.0164286 -0.0112013 -0.00397315 -0.00586039 0.00210922 0.00064792 -0.00294969 -0.000722199 -0.000300864 -0.00278927 -0.00846939 0.000512651 -0.00554536 -0.00527041 -0.00415308 -0.00806963 -0.00680498 -0.00675559 -0.00359679 0.00124541 -0.000107949 -0.00302708 -0.00794118 -0.00170956 -0.00118708 -0.00353659 -0.0126768 -0.0010106 -0.0147519 0.00380254
internal_weight=551860 248462 303398 196004 192242 124566 72695 56220 46605 85856 51871 24767 10006 67676 21875 29148 40422 34053 15166 4636 110148 3401 6183 2465 49406 5900 56708 2473 1015 14761 2442 45801 2944 238 1898 6369 3789 55210 11753 2107 43506 34966 4641 980 18931 3869 9615 6872 2743 2410 4517 4112 47928 12089 4136 850 544 10530 2706 297 6605 524 107394
internal_count=551860 248462 303398 196004 192242 124566 72695 56220 46605 85856 51871 24767 10006 67676 21875 29148 40422 34053 15166 4636 110148 3401 6183 2465 49406 5900 56708 2473 1015 14761 2442 45801 2944 238 1898 6369 3789 55210 11753 2107 43506 34966 4641 980 18931 3869 9615 6872 2743 2410 4517 4112 47928 12089 4136 850 544 10530 2706 297 6605 524 107394
is_linear=0
shrinkage=0.05


Tree=36
num_leaves=64
num_cat=0
split_feature=0 0 0 39 1 0 14 8 23 22 0 1 27 11 25 28 23 23 41 16 31 0 27 1 37 37 42 33 0 33 29 37 0 31 27 22 42 26 0 7 15 41 23 37 2 37 23 17 32 23 41 37 19 21 16 28 14 35 14 40 0 7 29
split_gain=493.249 103.266 92.9317 40.8416 32.4494 33.3925 32.9164 26.9735 26.1831 31.2409 23.0945 22.7589 19.217 17.4536 17.3392 16.1171 18.6812 15.741 15.1875 23.1013 17.3753 15.1806 15.1125 15.0613 15.3444 14.7681 14.4309 13.5493 13.5371 13.447 13.049 12.9373 11.6656 15.177 11.5397 11.3114 10.9538 10.5589 10.81 10.2785 12.1217 13.0436 12.3286 13.146 10.2177 9.87499 14.2541 11.6608 9.43402 9.32623 9.30479 9.65857 9.90035 11.11 9.29338 9.24281 12.5051 11.1078 9.02286 11.2945 10.8616 8.94631 16.4676
threshold=58.025000000000006 172.25000000000003 24.025000000000002 1.0000000180025095e-35 50.550000000000004 86.02500000000002 9.5000000000000018 95.050000000000011 16.050000000000004 59.500000000000007 37.550000000000004 32.050000000000004 40.050000000000004 -0.60355339059327362 973.6500000000002 17.085000000000004 20.050000000000004 25.050000000000004 2349.2500000000005 14.343763197086092 6.4680659710950605 458.25000000000006 88.050000000000011 135.25000000000003 92.500000000000014 67.500000000000014 7.1500000000000021 21.450000000000003 91.02500000000002 6.8500000000000005 41.754723064766459 38.500000000000007 18.550000000000004 -13.885840136819832 152.25000000000003 73.500000000000014 8.0500000000000025 36771.500000000007 327.25000000000006 39.176630434782616 1.0000000180025095e-35 1220.5000000000002 36.150000000000013 61.500000000000007 291.25000000000006 51.500000000000007 34.95000000000001 2.6971674725945682 6.4307804087480704 25.550000000000004 14363.500000000002 67.500000000000014 0.44618082326431224 112.50000000000001 10.821442555229849 6.3500000000000005 4.5000000000000009 -0.18222858652173743 10.500000000000002 988.35000000000002 692.00000000000011 71.302083333333343 80.146998816415746
decision_type=2 2 2 2 8 2 2 8 2 2 2 8 8 2 2 2 2 2 2 2 2 2 10 8 2 2 2 2 2 2 2 2 2 2 10 2 2 2 2 10 2 2 2 2 8 2 2 2 2 2 2 2 2 2 2 2 2 2 2 2 2 10 2
left_child=2 4 32 10 17 15 8 26 -7 13 -4 27 -5 25 39 16 -6 -2 -11 31 -21 23 45 49 -25 -10 37 -12 -19 -23 -27 -20 -1 -34 50 44 -16 38 -3 40 42 -42 -13 -44 -26 -18 55 -48 -14 -9 51 -15 -53 -54 -39 -47 -57 -58 60 -60 -31 62 -36
right_child=1 7 3 12 5 6 -8 21 9 18 11 14 48 34 36 -17 22 28 19 20 -22 29 -24 24 35 30 -28 -29 -30 58 -32 -33 33 -35 61 -37 -38 54 -40 -41 41 -43 43 -45 -46 46 47 -49 -50 -51 -52 52 53 -55 -56 56 57 -59 59 -61 -62 -63 -64
leaf_value=0.50036176583783443 0.070958248685371511 -0.13647868425919982 0.29725732776304881 0.11038774590282217 0.51866706488240322 0.28819591155151708 0.34454005232137019 -1.5929751300249924 -0.33285808085063739 -0.28866188015265282 0.036805349370937893 -0.02454444276434007 -0.016167295175061207 0.16587730498522874 0.31909242454902853 0.55600123777997579 0.20152879892239053 -0.25849279368231498 -0.99613572118556781 -1.1819298315920985 -0.12410541924591945 -0.89658107232512207 -0.16383963956309 -0.77196242459802145 -3.519545290262839 -0.86225384115922743 -0.97138355826059064 -0.39979171113445311 -1.6159004124086751 -3.1970426064960171 -1.1911709906363304 -0.51168820316783259 0.067059479646120232 0.35836433812907598 -0.42154988858043119 -1.5311282523638075 0.080746552113158288 -1.8711948265732141 -1.5195537221334745 0.13135191482603475 -0.61825684812767467 -0.053070927672281831 -0.038493389623559408 -0.49314362524050914 -5.0881540649943542 0.072404065862994332 -0.40157127971822498 -0.030752375223311292 -0.17417430164877659 -6.0285984747960386 -0.30452277534954181 0.15333570902664578 -0.77830227813618302 -0.21735687557881309 -0.64551489365364745 0.15305725605107751 -0.44996128594526508 -0.087896943022982704 -1.8737816133498315 -5.0129300085960447 -14.898407465815144 -0.20266485006884502 -3.3814912747486177
leaf_weight=63138 4887 18652 88268 19157 10459 10431 20755 1017 6155 7617 13447 3661 8146 20521 63474 7005 25140 11798 526 445 174 693 7300 12460 124 433 6928 1321 1635 761 113 6752 6792 37464 565 948 10656 49 3330 8619 92 84 137 128 60 19792 902 1047 4800 886 3966 878 432 868 53 644 407 325 948 844 189 2312 250
leaf_count=63138 4887 18652 88268 19157 10459 10431 20755 1017 6155 7617 13447 3661 8146 20521 63474 7005 25140 11798 526 445 174 693 7300 12460 124 433 6928 1321 1635 761 113 6752 6792 37464 565 948 10656 49 3330 8619 92 84 137 128 60 19792 902 1047 4800 886 3966 878 432 868 53 644 407 325 948 844 189 2312 250
internal_value=0.00128275 -0.000536103 0.00251126 0.00192711 2.8476e-05 0.000261949 -0.000422932 -0.00259146 -0.000996348 -0.0014549 0.00220597 0.00169206 0.0002777 -0.000655879 0.00200061 0.00104223 0.000800261 -0.00196234 -0.00333441 -0.00487084 -0.0141438 -0.00405969 0.000435319 -0.00339303 -0.00280974 -0.0029615 -0.00163346 -0.000122562 -0.00284635 -0.00706696 -0.0108425 -0.00408217 0.00371874 0.0030963 -0.000137285 -0.00838339 0.00229327 -0.00100887 -0.000934401 0.000295181 -0.00176499 -0.0146023 -0.00118951 -0.0116038 -0.0197283 0.000756056 1.01659e-05 -0.00408158 -0.00121041 -0.00755912 0.0001997 0.000590114 -0.00257576 -0.00534615 -0.0170588 0.000386905 -0.00357558 -0.00804645 -0.00863968 -0.00655134 -0.0125789 -0.00301087 -0.00751534
internal_weight=551860 222476 329384 221990 174534 156214 83193 47942 62438 52007 189887 101619 32103 36493 86851 73021 66016 18320 15514 7897 619 18930 55557 15495 13592 6701 29012 14768 13433 3435 546 7278 107394 44256 29792 1132 74130 22084 21982 12721 4102 176 3926 265 184 48257 23117 1949 12946 1903 26665 22699 2178 1300 102 21168 1376 732 2742 1792 950 3127 815
internal_count=551860 222476 329384 221990 174534 156214 83193 47942 62438 52007 189887 101619 32103 36493 86851 73021 66016 18320 15514 7897 619 18930 55557 15495 13592 6701 29012 14768 13433 3435 546 7278 107394 44256 29792 1132 74130 22084 21982 12721 4102 176 3926 265 184 48257 23117 1949 12946 1903 26665 22699 2178 1300 102 21168 1376 732 2742 1792 950 3127 815
is_linear=0
shrinkage=0.05


Tree=37
num_leaves=64
num_cat=0
split_feature=0 0 0 37 0 23 1 37 14 13 42 22 30 43 11 23 32 25 3 33 37 27 32 11 15 32 37 31 21 18 14 11 32 2 25 13 0 3 32 9 14 7 44 2 9 9 27 11 23 17 5 23 37 20 7 43 22 13 44 15 35 19 11
split_gain=460.423 109.026 77.5161 44.6452 35.5183 33.1662 30.4834 30.4699 32.3247 36.2797 27.6605 27.0361 35.9266 26.6779 24.2055 23.7406 21.3747 21.0537 18.9885 18.767 17.4276 15.7633 14.978 14.2214 13.8574 13.3181 13.1812 20.3788 16.4139 15.4571 13.2458 13.1293 28.1521 20.5294 13.7003 15.197 12.999 14.3612 12.9637 12.4965 12.4834 12.3208 12.1041 12.0855 12.0742 12.0518 11.8901 11.0441 15.3459 13.2279 10.9941 10.9657 10.879 11.6138 15.7764 10.7412 11.9544 13.259 10.6407 10.6785 13.2804 10.5015 10.4434
threshold=52.525000000000006 126.25000000000001 20.050000000000004 92.500000000000014 314.25000000000006 24.950000000000003 109.07500000000002 51.500000000000007 3.5000000000000004 3.5000000000000004 -2.5999999999999983 53.500000000000007 35.500000000000007 81.250000000000014 -0.60355339059327362 35.850000000000001 7.4317378310826792 987.95000000000016 49.050000000000004 10.250000000000002 39.500000000000007 50.550000000000004 -5.1175413079286871 -0.60355339059327362 1.0000000180025095e-35 13.350164896899109 56.500000000000007 6.1215248561035134 352.50000000000006 4.4500000000000011 3.5000000000000004 -1.0000000180025095e-35 5.0572081333641101 30.025000000000002 978.55000000000007 1.0000000180025095e-35 692.00000000000011 115.17500000000001 7.2005345076277134 109.25000000000001 4.5000000000000009 46.852128623188413 8134.7500000000018 57.025000000000006 156.25000000000003 120.25000000000001 58.550000000000004 0.78656609248549325 17.450000000000003 -8.6802877542577566 94.125000000000014 33.750000000000007 74.500000000000014 -0.94260559819261236 24.488486842105267 127.50000000000001 63.500000000000007 2.5000000000000004 7048.5000000000009 1.0000000180025095e-35 -0.86159635224327535 0.98897820466835418 -0.78656609248549292
decision_type=2 2 2 2 2 2 8 2 2 2 2 2 2 2 2 2 2 2 8 2 2 10 2 2 2 2 2 2 2 2 2 2 2 8 2 2 2 8 2 8 2 10 2 8 10 10 10 2 2 2 8 2 2 2 8 2 2 2 2 2 2 2 2
left_child=2 5 -1 10 6 13 39 8 9 17 52 31 -13 22 15 24 -5 20 -14 -8 44 26 -2 25 -9 -18 30 28 58 -30 45 32 -10 40 35 38 -6 -38 -35 -3 -34 50 -16 -20 -7 -12 -25 -15 -49 -50 -26 -44 -4 54 -54 62 -57 -58 59 -28 -61 -19 -21
right_child=1 4 3 16 36 7 19 14 11 -11 21 12 18 47 42 -17 23 61 43 55 -22 -23 -24 46 41 -27 27 -29 29 -31 -32 -33 33 34 -36 -37 37 -39 -40 -41 -42 -43 51 -45 -46 -47 -48 48 49 -51 -52 -53 53 -55 -56 56 57 -59 -60 60 -62 -63 -64
leaf_value=0.44501137368351307 0.16870434535774079 -18.540525906817614 0.47722059552099871 0.078513709417189284 -1.6234871742065402 -0.22489571141065592 0.098491665482044133 -0.17863864881674177 0.28428602590134905 0.39409624529781795 0.20668598269779578 0.0395216298207334 -0.9219064420309947 0.032100123035047549 -0.018897279826836071 -0.46150420356718203 -0.195185534168694 0.019607616136580415 -0.68560365819502778 -0.88369300586769883 -0.94040127431630072 0.075747728093661176 0.69560831571898196 -0.068884598003353545 -0.55964105121161201 -0.42752445715397952 0.27127275572596216 0.29876579025557243 -0.1707060866973282 0.067305452096596177 0.41614629644362061 0.4547834449482473 -0.40023873642421254 -0.034970170806411315 0.27922538160672594 -0.14497565498670578 -14.445931480984214 -5.3017275162457871 -0.62150161007528171 -0.9487701371300159 -3.4491856996826971 -0.41839983254616081 -0.2318127604521788 0.1682739064202522 -0.645874757255124 -0.068837802221214522 -0.30518919563727659 0.050454804079606112 -0.77351179928650549 -0.58952871450963495 -1.1426977288069686 -0.41662742638432138 -0.42463138812830997 0.25676306549365124 0.11629641327361975 -0.36722382630015898 -1.1714387462641853 -0.58021742926596975 -0.044613672696656809 -0.31385307907519916 -0.062468236506871166 -0.88896283108889718 -0.20394053012615065
leaf_weight=75499 20659 269 56192 11429 12251 1213 18439 8571 19433 3445 7058 5510 786 10809 36817 1366 405 2221 501 4083 494 26173 22930 5456 192 201 21212 19964 3690 17316 27735 18506 137 190 1952 2237 145 1032 400 8771 160 694 2991 562 2433 2902 525 1652 232 1507 109 423 367 22080 720 5967 1425 1317 3233 106 1135 47 25584
leaf_count=75499 20659 269 56192 11429 12251 1213 18439 8571 19433 3445 7058 5510 786 10809 36817 1366 405 2221 501 4083 494 26173 22930 5456 192 201 21212 19964 3690 17316 27735 18506 137 190 1952 2237 145 1032 400 8771 160 694 2991 562 2433 2902 525 1652 232 1507 109 423 367 22080 720 5967 1425 1317 3233 106 1135 47 25584
internal_value=0.00125747 -0.000338442 0.00256442 0.00210442 -0.00186843 0.000378564 -0.00139055 -0.000125684 0.000636509 -0.00198264 0.00230945 0.00114881 -0.00165172 0.00135052 -0.00102291 -0.00310922 -0.000284192 -0.00420724 -0.00768253 -0.000961454 -0.0063285 0.00186188 0.00196368 -0.00255276 -0.00222873 -0.00985148 0.00213707 0.00171447 0.00114281 0.00010616 0.00288433 0.00162792 0.000868865 -0.00244681 -0.00165411 -0.00387867 -0.00421209 -0.0092311 -0.0110169 -0.00408739 -0.015202 -0.00781407 -0.000455991 -0.00332549 -0.00513439 0.00132028 -0.00181324 -0.00053169 -0.00302123 -0.0062996 -0.0162625 -0.00330404 0.00304559 0.00213385 -0.00291168 -0.00159136 -0.00313526 -0.00586798 0.00199058 0.00237674 -0.00213135 -0.000335097 -0.00113813
internal_weight=551860 248462 303398 227899 79283 169179 65855 111390 60227 9853 209883 50374 7359 57789 51163 10932 18016 6408 1849 56815 4140 130524 43589 6587 9566 606 104351 66656 46692 21006 37695 43015 24509 5076 4779 2827 13428 1177 590 9040 297 995 40231 1063 3646 9960 5981 14200 3391 1739 301 3414 79359 23167 1087 38376 8709 2742 25686 22453 1241 2268 29667
internal_count=551860 248462 303398 227899 79283 169179 65855 111390 60227 9853 209883 50374 7359 57789 51163 10932 18016 6408 1849 56815 4140 130524 43589 6587 9566 606 104351 66656 46692 21006 37695 43015 24509 5076 4779 2827 13428 1177 590 9040 297 995 40231 1063 3646 9960 5981 14200 3391 1739 301 3414 79359 23167 1087 38376 8709 2742 25686 22453 1241 2268 29667
is_linear=0
shrinkage=0.05


Tree=38
num_leaves=64
num_cat=0
split_feature=0 0 0 37 0 41 37 14 31 38 25 28 14 19 31 23 25 24 23 3 10 44 29 44 39 4 38 29 15 42 13 37 25 15 37 5 0 29 23 18 11 14 37 11 27 27 23 28 28 31 31 14 7 13 22 11 44 26 18 27 18 30 25
split_gain=424.697 118.836 60.9365 40.2874 35.2489 34.2858 37.7686 27.9832 24.5024 24.807 35.0081 24.1484 27.9099 24.8903 23.2263 22.2578 22.0403 21.8088 20.5154 20.2303 19.4326 19.3907 16.5478 15.9821 15.253 15.1967 14.6376 14.1509 21.2806 17.2647 13.9079 13.5234 13.234 17.4195 24.9441 13.0657 12.8744 14.0128 12.8282 12.76 12.6319 12.54 11.8181 11.7629 11.7243 11.664 11.2207 10.9243 13.4133 11.159 12.4994 11.5946 10.5569 15.791 10.3077 10.2949 10.4797 9.94456 9.92069 9.90425 12.3621 11.5917 9.81498
threshold=45.550000000000004 114.25000000000001 19.050000000000004 92.500000000000014 283.75000000000006 2066.2500000000005 52.500000000000007 9.5000000000000018 11.357217151124987 32.350000000000001 984.85000000000002 6.0650000000000013 4.5000000000000009 0.70088257582277247 -11.509772850391935 26.350000000000005 985.75000000000011 2.3500000000000001 36.050000000000004 32.525000000000006 72.125000000000014 2724.2500000000005 14.927151915119246 5918.2500000000009 1.0000000180025095e-35 45.025000000000006 23.450000000000003 46.376596520587256 1.0000000180025095e-35 1.7 5.5000000000000009 92.500000000000014 975.85000000000002 1.0000000180025095e-35 85.500000000000014 110.10000000000001 692.00000000000011 4.424437616989346 27.050000000000004 5.1500000000000012 -0.60355339059327362 6.5000000000000009 92.500000000000014 -1.0000000180025095e-35 63.525000000000006 196.50000000000003 26.450000000000003 0.58500000000000008 0.52500000000000013 -9.4414041301650666 -4.6923240590432149 3.5000000000000004 62.694155844155851 2.5000000000000004 85.500000000000014 -0.78656609248549292 4480.2500000000009 2179.0000000000005 28.850000000000005 108.12500000000001 16.650000000000002 3.5000000000000004 979.25000000000011
decision_type=2 2 2 2 2 2 2 2 2 2 2 2 2 2 2 2 2 2 2 8 10 2 2 2 2 8 2 2 2 2 2 2 2 2 2 8 2 2 2 2 2 2 2 2 10 10 2 2 2 2 2 2 8 2 2 2 2 2 2 10 2 2 2
left_child=2 5 -1 14 7 15 8 16 43 10 17 18 -13 -14 21 57 24 20 31 27 -10 -4 -22 46 45 -20 -21 28 -17 -29 -30 59 33 39 -35 -9 42 -38 -15 -16 -25 55 -6 44 -7 -3 -5 48 49 -46 -51 -52 53 -47 -44 -18 58 -2 -57 -8 -61 -62 -23
right_child=1 4 3 23 36 6 11 35 9 -11 -12 12 13 38 32 19 41 -19 25 26 22 62 -24 40 -26 -27 -28 29 30 -31 -32 -33 -34 34 -36 -37 37 -39 -40 -41 -42 -43 54 -45 47 52 -48 -49 -50 50 51 -53 -54 -55 -56 56 -58 -59 -60 60 61 -63 -64
leaf_value=0.44059310886176706 0.31339897787298648 -0.52970645499988045 0.23728851229225773 0.205073314146346 -1.2805300857937214 0.21115276243273762 0.0079010502391299604 -0.52418667885006209 -0.25764658623573505 0.17762059085964194 0.11148330461418882 -0.056650770941762713 0.036108092323963302 -0.15979744717497382 -0.012483776879608926 -0.033135107869531749 -0.83532638056633146 -1.1740729018964124 -0.4923716383353049 -0.57501177339496845 -0.34464368163402881 -0.029958506610127191 -1.1029865280982549 -0.30233602000349952 -1.5318155410062537 -0.12319143122289873 0.17621556100478239 -0.64264843455250975 0.12653128198788799 -1.2849123685372721 -0.76936707008348415 -0.22731309692541279 0.34072387784013164 -0.03017279106835008 -0.35906138037366475 0.13157282439727577 -5.8055883090714282 -13.602476879833915 -0.58376672375846717 0.25145298788558457 -0.08462166587603176 -22.134751738144583 -3.0846407354172598 0.37990855312067423 0.10991073282577801 -8.4775099975200163 -0.044426652119248698 0.15088488451650306 -0.70224277466765328 -0.90400142306468756 -0.43393522786810829 0.060263534297931187 -0.9552028003856059 -0.27916061270635056 -1.8154334497539582 0.034319829081769691 -0.52540565477985024 0.79264632383337119 -1.207999528102824 -0.12877474247942575 -0.025814206666282757 -0.78169487916350355 0.18071026190723977
leaf_weight=67495 23274 17975 16593 5475 14638 18327 41813 4253 5990 10713 6870 1616 499 236 4923 3764 2434 46 770 525 743 14384 608 458 469 1922 21795 294 124 219 244 4662 101281 1469 255 26524 1106 71 1011 38526 1590 103 428 22046 1719 67 8839 4015 105 413 793 1036 1554 67 908 17828 2881 14709 299 2586 226 374 4880
leaf_count=67495 23274 17975 16593 5475 14638 18327 41813 4253 5990 10713 6870 1616 499 236 4923 3764 2434 46 770 525 743 14384 608 458 469 1922 21795 294 124 219 244 4662 101281 1469 255 26524 1106 71 1011 38526 1590 103 428 22046 1719 67 8839 4015 105 413 793 1036 1554 67 908 17828 2881 14709 299 2586 226 374 4880
internal_value=0.00123455 -0.000104273 0.00267158 0.00223063 -0.00158861 0.000596305 0.000125021 -0.00111787 0.000869879 -0.000402483 -0.0017686 -0.000856591 -0.00496431 -0.00934708 0.00244393 0.00153338 -0.00193157 -0.00415798 -0.000592803 0.000434823 -0.00394292 0.00130337 -0.00935973 -0.00014607 -0.00314623 -0.00484398 0.00105959 -0.00256728 -0.00159487 -0.0103996 -0.0130707 -0.000362357 0.00272318 0.00201149 -0.00291763 3.68784e-05 -0.00363215 -0.00867884 -0.0131235 0.00220707 -0.00427734 -0.000892971 -0.0032603 0.00152557 0.000813769 -0.00293368 0.000445019 -0.0007728 -0.00259961 -0.00213204 -0.00445584 -0.00268179 -0.00690758 -0.0203731 -0.00776198 -0.000816483 -0.000459825 0.00231327 -1.46189e-05 -9.67797e-05 -0.00278405 -0.00925 0.000224253
internal_weight=551860 285692 266168 198673 91605 194087 129139 74454 73424 24970 14257 55715 3362 1746 182311 64948 43677 7387 52353 26965 7341 35857 1351 16362 20132 2692 22320 4645 4132 513 368 49661 146454 45173 1724 30777 17151 1177 1247 43449 2048 23545 15974 48454 26408 19663 14314 8081 4066 3961 2242 1829 1688 134 1336 23442 21008 37983 18127 44999 3186 600 19264
internal_count=551860 285692 266168 198673 91605 194087 129139 74454 73424 24970 14257 55715 3362 1746 182311 64948 43677 7387 52353 26965 7341 35857 1351 16362 20132 2692 22320 4645 4132 513 368 49661 146454 45173 1724 30777 17151 1177 1247 43449 2048 23545 15974 48454 26408 19663 14314 8081 4066 3961 2242 1829 1688 134 1336 23442 21008 37983 18127 44999 3186 600 19264
is_linear=0
shrinkage=0.05


Tree=39
num_leaves=64
num_cat=0
split_feature=0 0 0 37 42 1 0 36 1 27 44 11 24 34 11 37 37 23 37 23 22 29 32 37 16 33 36 8 29 3 43 1 36 28 37 18 10 14 19 18 9 14 25 13 34 14 15 35 32 13 12 27 38 27 23 22 25 27 43 17 32 4 45
split_gain=395.284 106.829 59.5385 38.875 33.6117 29.3083 27.8722 27.42 26.0879 21.6304 21.1352 17.2291 19.4677 16.2905 16.0172 14.9574 14.7141 14.5298 14.899 14.4497 21.4579 22.9118 15.7522 14.5751 14.5524 14.1538 13.7801 13.2171 12.4125 11.9748 13.1224 11.767 11.7291 11.5284 10.7158 10.2713 10.1816 10.9174 13.7765 12.1576 10.5345 16.5947 20.4481 10.8029 10.1076 10.0403 24.0902 12.1052 9.89157 9.67911 11.3409 9.6169 9.60849 9.59791 9.40338 10.5462 11.3544 9.22669 9.07658 9.07031 8.80932 8.77609 8.77486
threshold=46.025000000000006 130.12500000000003 19.050000000000004 83.500000000000014 -4.2999999999999972 38.050000000000004 327.25000000000006 427.50000000000006 125.12500000000001 63.525000000000006 1686.2500000000002 -0.9159756150367534 3.3500000000000001 0.95368063612909471 -0.78656609248549292 88.500000000000014 95.500000000000014 26.350000000000005 52.500000000000007 18.850000000000005 53.500000000000007 63.785311456001033 12.780107112071276 77.500000000000014 14.343763197086092 11.450000000000001 422.50000000000006 45.525000000000013 6.6480831684382107 137.25000000000003 247.50000000000003 241.25000000000003 46.250000000000007 16.155000000000005 52.500000000000007 7.4500000000000011 31.725000000000005 5.5000000000000009 -0.93038214053199431 15.550000000000002 647.25000000000011 11.500000000000002 998.75000000000011 2.5000000000000004 -0.087155742747658124 7.5000000000000009 1.0000000180025095e-35 -0.83385407025023273 3.7965491201041548 5.5000000000000009 0.25881904510252057 152.25000000000003 38.550000000000004 428.50000000000006 16.450000000000003 62.500000000000007 986.55000000000007 52.550000000000004 -31.249999999999996 -2.7664340952968498 7.3219666634251412 38.975000000000009 1.5000000000000002
decision_type=2 2 2 2 2 8 2 2 8 10 2 2 2 2 2 2 2 2 2 2 2 2 2 2 2 2 2 10 2 10 2 10 2 2 2 2 10 2 2 2 8 2 2 2 2 2 2 2 2 2 2 10 2 10 2 2 2 10 2 2 2 8 2
left_child=2 4 -1 10 11 29 8 16 32 27 35 12 48 57 15 -9 45 -13 -19 -11 23 24 44 26 -22 -10 51 -7 -26 -6 -31 -8 -3 52 -15 58 -27 38 -38 -40 -39 -42 43 -43 -23 46 -5 -48 -2 -33 -51 -21 -28 -34 -41 -56 -57 -12 -4 -50 -18 -53 -20
right_child=1 6 3 7 5 9 31 14 25 19 13 17 -14 34 -16 -17 60 18 62 20 21 22 -24 -25 28 36 33 -29 -30 30 -32 49 53 -35 -36 -37 37 40 39 54 41 42 -44 -45 -46 -47 47 -49 59 50 -52 61 -54 -55 55 56 -58 -59 -60 -61 -62 -63 -64
leaf_value=0.41856345341867868 0.030252616741460514 -0.26938974474587968 -0.0073519763093727875 0.10244439030340642 -0.21708663558551342 0.11568522031771666 -3.5573546783478274 -0.13309569881881664 0.074505578089185884 0.22022933864941457 0.23302664629854189 0.59650431087135647 -1.1008375332733913 0.49171946980708486 -0.050926124221277458 -0.35410358246830287 0.059636043025676724 0.37275928660622237 0.018038658703069005 0.25018504460824009 -0.121545625416494 -0.57269077183979111 -0.9609718058155835 -0.42133499625337162 -0.011107317740572345 -0.066317048919395674 -0.19705581885519266 -0.16783361936239294 -0.85429459493394377 -0.5598672471732562 -1.1895597724036642 -1.2303755088623989 -0.93871802236833057 0.33228433305869126 -0.050283154737830918 0.37229794791995308 0.23355767476531569 0.21235820266041233 -0.57679637707663023 -0.84001068026640402 -0.16663525152614234 -2.8879503507499003 -0.17335974338076954 -1.700036902469545 -0.085100773599194837 0.25117071632779853 -0.37372515038773935 -0.25699983460073567 -0.10504369196571395 -4.0467729751697448 -1.3006617392799917 -2.8572142767158044 0.36328233867370091 -10.823857890876241 -0.75349024333587833 -1.8492592342268381 -1.0674258042532203 0.042663921861805489 0.38622505753502095 -0.41798827768772739 -0.18455808316186806 -0.16763272762399423 -0.65894830098351065
leaf_weight=67495 5435 2889 4729 17513 11414 80077 2220 730 20047 6271 42929 23701 50 1382 6287 601 3664 14802 12942 12974 13323 1307 175 851 132 11327 8901 5780 190 561 161 8687 9522 2196 7856 83439 1880 4516 6518 1261 2642 297 466 235 593 18754 166 386 594 593 643 179 1109 55 1175 359 396 7422 3927 406 2201 1803 724
leaf_count=67495 5435 2889 4729 17513 11414 80077 2220 730 20047 6271 42929 23701 50 1382 6287 601 3664 14802 12942 12974 13323 1307 175 851 132 11327 8901 5780 190 561 161 8687 9522 2196 7856 83439 1880 4516 6518 1261 2642 297 466 235 593 18754 166 386 594 593 643 179 1109 55 1175 359 396 7422 3927 406 2201 1803 724
internal_value=0.0012148 -9.24465e-05 0.00258462 0.002155 0.000496272 9.48332e-05 -0.00169898 0.000950459 -0.00127978 0.000305128 0.00255446 0.00150919 -0.000921357 0.00182072 -0.00181281 -0.00679564 0.00144363 0.00181132 0.00104995 -0.000521558 -0.000843413 -0.00232188 -0.00721687 -1.37434e-05 -0.0015775 -0.000779651 0.000188131 0.000786599 -0.0120807 -0.00225939 -0.00850415 -0.00389401 -0.00333066 -0.0010585 -0.000109331 0.00302921 -0.00144793 -0.00213345 -0.00311977 -0.00387836 -0.000731976 -0.00273352 -0.00822645 -0.0149248 -0.00589474 0.00181415 0.000972876 -0.00931159 -0.000679875 -0.00315781 -0.00729773 0.00120554 -0.00177822 -0.00417302 -0.00640708 -0.00860104 -0.0132119 0.00217483 0.00138979 -0.00525 -0.000882353 -0.00203834 -0.000140494
internal_weight=551860 282379 269481 201986 206651 147997 75728 50302 63585 135861 151684 58654 6485 59589 7618 1331 42684 52169 28468 50004 43733 15720 2075 28013 13645 51119 27162 85857 322 12136 722 12143 12466 12206 9238 92095 31072 19745 11589 9709 8156 3640 998 532 1900 36819 18065 552 6435 9923 1236 14956 10010 9577 3191 1930 755 50351 8656 1000 5865 1982 13666
internal_count=551860 282379 269481 201986 206651 147997 75728 50302 63585 135861 151684 58654 6485 59589 7618 1331 42684 52169 28468 50004 43733 15720 2075 28013 13645 51119 27162 85857 322 12136 722 12143 12466 12206 9238 92095 31072 19745 11589 9709 8156 3640 998 532 1900 36819 18065 552 6435 9923 1236 14956 10010 9577 3191 1930 755 50351 8656 1000 5865 1982 13666
is_linear=0
shrinkage=0.05


Tree=40
num_leaves=64
num_cat=0
split_feature=0 0 0 42 37 41 0 1 1 38 36 16 38 37 37 21 0 1 5 25 35 22 20 39 37 28 16 13 16 33 36 14 19 42 27 21 35 25 23 9 37 22 44 29 44 35 36 18 27 7 29 22 25 38 38 1 3 23 15 3 41 21 0
split_gain=364.851 82.0103 74.8426 37.2336 33.4372 29.6964 22.8108 27.4014 20.3414 18.4793 33.5717 18.348 18.0816 16.18 15.8052 17.9292 15.7973 14.4981 13.6421 13.1407 23.2601 16.7321 12.9193 12.5804 12.1484 17.6977 11.6273 11.3445 11.288 10.6893 10.5034 10.3433 13.1916 12.526 10.2373 10.2144 10.1893 12.5962 10.1126 10.099 9.9019 20.8322 9.84909 13.5775 9.73221 9.30877 9.25466 9.0767 8.93304 8.77606 8.66529 12.9997 9.72056 8.63082 8.93221 8.61785 8.50957 8.44584 8.43008 9.22215 8.38005 8.37618 8.11298
threshold=58.025000000000006 23.050000000000004 196.25000000000003 -2.8999999999999986 94.500000000000014 1617.7500000000002 86.02500000000002 90.02500000000002 48.550000000000004 34.850000000000001 382.50000000000006 7.5343212289896746 28.150000000000002 81.500000000000014 27.500000000000004 270.62500000000006 561.75000000000011 133.25000000000003 50.025000000000006 974.75000000000011 -0.85260769842926898 70.500000000000014 -0.87032255546191706 0.25000000000000006 51.500000000000007 6.6200000000000019 -4.8000684419659132 4.5000000000000009 17.946222168678876 10.950000000000001 46.250000000000007 4.5000000000000009 0.78257835753184668 -10.049999999999995 49.050000000000004 57.500000000000007 -0.31729257441605202 987.1500000000002 26.950000000000003 177.25000000000003 93.500000000000014 78.500000000000014 -823.25000000000034 515.9082932769328 632.75000000000011 -0.50751903745502724 165.62500000000003 28.850000000000005 29.950000000000003 18.330833333333338 125.24932739120095 53.500000000000007 973.55000000000007 28.550000000000004 13.950000000000001 27.950000000000003 30.025000000000002 15.450000000000001 1.0000000180025095e-35 21.450000000000003 1350.2500000000002 1442.5000000000002 116.25000000000001
decision_type=2 2 2 2 2 2 2 8 8 2 2 2 2 2 2 2 2 8 8 2 2 2 2 2 2 2 2 2 2 2 2 2 2 2 8 2 2 2 2 10 2 2 2 2 2 2 2 2 10 8 2 2 2 2 2 10 8 2 2 8 2 2 2
left_child=1 23 5 13 9 11 8 57 -7 10 34 50 14 46 15 39 17 30 -18 20 21 29 27 -1 -10 -26 -9 -15 40 61 -4 -27 -33 -34 -5 -16 -28 -38 -36 -12 60 -42 -13 58 -25 55 -3 -39 -46 -29 52 -52 -2 54 -20 -6 -53 -8 -44 -60 -19 -14 -54
right_child=2 3 16 4 45 6 7 26 24 -11 12 42 19 22 35 -17 18 28 53 -21 -22 -23 -24 44 25 31 36 49 -30 -31 -32 32 33 -35 38 -37 37 47 -40 -41 41 -43 43 -45 48 -47 -48 -49 -50 -51 51 56 62 -55 -56 -57 -58 -59 59 -61 -62 -63 -64
leaf_value=0.38680502700416447 -0.26731184141358666 0.65504191615243834 -0.66244780999167718 0.27489808242612551 -0.29714875748081998 -0.22028184137514259 0.35111966674520223 -0.30071501703821729 0.15844326567238509 0.32041913182517345 -0.68006466954358613 0.84766860186356008 -0.38957099750138174 0.072041056668767936 -0.32701449046196385 -0.18573385982558716 -12.06066154151925 -0.35372245276745007 -5.3068750116228891 0.12160085709661417 0.017233512617497889 0.12911762790270495 0.16905576533221883 0.25205072535362255 0.013794947364944552 -0.11115772997262596 0.31453992632879191 -0.57303510129619473 0.7578775592213618 -0.34910956564070905 -2.484052486927776 0.1143098857601558 -0.040185884247388524 -0.48036726057473261 0.26615089963399191 -0.026884028626087787 -0.25706695014623415 0.14410508884392173 0.042166761788592647 -1.4568089154356068 -3.1639888528529871 -1.2354168474650533 0.2898174003829585 -2.1183075533174187 0.05672188272928394 -0.021266312613081418 0.30725835635239052 -0.96341392668942827 -0.17476222789186011 -0.24854174490914321 0.038069495957979094 -1.484187585108069 0.2018310473858172 -9.8078438427758812 -2.1766149296624269 -0.13619064952684459 -0.56792261325004378 -0.48451131964981464 -1.4403539045943079 -0.545238902612598 -0.88524140919332128 -0.58950991052517876 -0.098146638130395578
leaf_weight=88278 2137 22838 686 33064 891 9145 832 11282 31014 20954 189 13891 369 762 1006 800 170 13683 261 31495 12980 351 17184 6682 21335 857 7843 94 1702 384 1763 271 210 606 12717 12127 11232 12740 14066 80 343 1624 8172 107 2974 3551 41427 136 996 590 876 86 23133 126 1840 2358 457 14987 55 372 15170 177 13332
leaf_count=88278 2137 22838 686 33064 891 9145 832 11282 31014 20954 189 13891 369 762 1006 800 170 13683 261 31495 12980 351 17184 6682 21335 857 7843 94 1702 384 1763 271 210 606 12717 12127 11232 12740 14066 80 343 1624 8172 107 2974 3551 41427 136 996 590 876 86 23133 126 1840 2358 457 14987 55 372 15170 177 13332
internal_value=0.00118463 0.00224121 -0.000379681 0.00172429 0.00124794 3.23597e-05 -0.000420442 -0.00112765 0.00023787 0.00141337 0.00117378 0.000918107 0.00033757 0.00257223 -0.00122095 -0.00706735 -0.00242079 -0.00215164 -0.00634752 0.000821313 -0.000437907 -0.00686573 0.00127483 0.00344537 0.000605327 -0.000257958 -0.000476141 -0.00326418 -0.00187227 -0.0103763 -0.00586158 -0.0048251 -0.00806348 -0.0112377 0.00201155 -0.000745069 1.11109e-05 -0.000498175 0.00128496 -0.0182342 -0.00209117 -0.00552364 0.00205713 0.000738571 0.00182219 -0.00217647 0.00294834 0.000569276 -0.000138539 -0.0079386 0.000274981 -0.00356237 0.000416041 -0.00530534 -0.00454307 -0.0041105 -0.00964088 -0.00290821 0.000958833 -0.00588993 -0.00185717 -0.0148718 0.000608118
internal_weight=551860 329384 222476 230454 147559 185108 122490 59052 63438 140759 119805 62618 59958 82895 14202 1069 37368 34971 2397 45756 14261 1281 18630 98930 54293 23279 43233 1446 32522 930 2449 1944 1087 816 59847 13133 31951 24108 26783 269 30820 1967 22597 8706 10652 6800 64265 12876 3970 684 40021 1419 38602 2227 2101 3249 543 15819 8599 427 28853 546 36465
internal_count=551860 329384 222476 230454 147559 185108 122490 59052 63438 140759 119805 62618 59958 82895 14202 1069 37368 34971 2397 45756 14261 1281 18630 98930 54293 23279 43233 1446 32522 930 2449 1944 1087 816 59847 13133 31951 24108 26783 269 30820 1967 22597 8706 10652 6800 64265 12876 3970 684 40021 1419 38602 2227 2101 3249 543 15819 8599 427 28853 546 36465
is_linear=0
shrinkage=0.05


Tree=41
num_leaves=64
num_cat=0
split_feature=0 0 0 39 11 8 16 44 14 38 38 8 16 30 34 12 23 11 30 20 34 41 38 13 14 36 11 22 42 34 22 12 13 36 14 11 14 14 44 0 14 32 29 13 35 9 3 13 18 7 13 38 43 9 20 35 31 15 7 0 26 27 24
split_gain=345.725 99.201 49.2323 36.028 35.5697 30.1808 28.5006 27.825 32.0938 23.4807 19.6864 19.0184 16.3316 15.6382 20.6004 22.4196 17.7137 15.6129 14.7333 14.5386 14.4049 14.049 15.0131 14.0306 25.0675 13.9851 18.1813 18.7275 13.9573 13.7423 13.7721 13.5556 14.1878 12.8987 12.5032 12.2446 12.2066 16.8941 16.0925 13.7764 18.3503 16.9957 20.0425 13.2201 13.6427 12.0486 11.8755 11.7408 11.4568 11.3443 11.3284 13.0593 16.9347 13.4938 11.5949 11.0229 11.0218 10.8567 13.8337 10.7543 10.782 10.7462 10.5346
threshold=42.025000000000006 106.12500000000001 18.950000000000003 1.0000000180025095e-35 -0.78656609248549292 147.20000000000002 8.1749998030374638 185.25000000000014 4.5000000000000009 36.050000000000004 28.950000000000003 12.000000000000007 1.578823896973794 23.500000000000004 0.64942331933852349 0.37940952255126048 26.150000000000002 -0.9159756150367534 569.50000000000011 -0.84335933205092484 -0.41467745240824966 4929.5000000000009 27.850000000000005 1.0000000180025095e-35 4.5000000000000009 452.50000000000006 -0.60355339059327362 74.500000000000014 -4.9499999999999993 -0.7660444431189779 13.500000000000002 -0.5 1.0000000180025095e-35 567.50000000000011 8.5000000000000018 0.25881904510252091 9.5000000000000018 11.500000000000002 -22266.749999999996 196.25000000000003 4.5000000000000009 14.008267797447621 25.494737263190167 1.0000000180025095e-35 0.49240481012316878 768.50000000000011 22.725000000000005 3.5000000000000004 4.3500000000000005 469.43977272727278 3.5000000000000004 28.650000000000002 587.50000000000011 183.25000000000003 0.70088257582277247 -0.90255091666790832 -13.711791322293331 1.0000000180025095e-35 31.258114035087726 327.25000000000006 8295.5000000000018 38.050000000000004 0.95000000000000007
decision_type=2 2 2 2 2 10 2 2 2 2 2 10 2 2 2 2 2 2 2 2 2 2 2 2 2 2 2 2 2 2 2 2 2 2 2 2 2 2 2 2 2 2 2 2 2 8 8 2 2 10 2 2 2 10 2 2 2 2 10 2 2 10 2
left_child=2 4 -1 12 11 6 17 8 18 13 25 34 56 21 15 -15 -17 20 47 -18 -3 -9 31 24 -16 -5 27 -27 62 30 -21 -23 -33 -26 50 -7 39 38 -38 40 -19 -42 -43 44 -39 -46 -10 -6 55 -41 51 52 53 -2 -55 -24 -4 -52 -59 -45 -61 -58 -8
right_child=1 5 3 10 7 35 28 9 46 -11 -12 -13 -14 14 23 16 19 36 -20 29 -22 22 48 -25 33 26 -28 -29 -30 -31 -32 32 -34 -35 -36 -37 37 43 -40 49 41 42 -44 59 45 -47 -48 -49 -50 -51 57 -53 -54 54 -56 -57 61 58 -60 60 -62 -63 -64
leaf_value=0.38829501986079329 -0.10118151430234841 -1.5052264785038831 0.058486221485360902 0.021570243925493702 0.31502774287561852 -3.1998250620309903 0.52020904618700825 0.16401710281987186 -0.21464684567395853 0.36389740946613336 0.17938150703308697 -0.22635504771590487 0.31834249484222754 0.13050576235598585 0.5711002817612475 -0.26410784160483458 0.25550024147543521 -0.14732073158411396 -1.2784094791000884 -1.8703302058116731 -0.63779303742054627 0.076158248655785604 -0.58335368087199979 0.17908653004290936 -0.10977252370281523 0.03084138667898121 -0.060210577167767877 -0.34201559374161694 -0.11845544353642146 -1.1575096080645568 -0.27453998889834369 0.31981864586366254 -0.24539985844373208 -0.51412845804033946 0.41373848728467 -1.0501190872038773 -1.6612048733696587 0.84577030577377388 0.11668453460919491 -1.1791443373222585 -0.62293250087084084 -0.50992793659594904 -4.8426138740598255 -0.33455698644729781 0.06322529955810223 -3.054244519302836 0.11702347566162426 0.91200303996876897 0.10047550759547219 -5.1461303774822378 0.19280971690888349 -0.014283342938642078 -1.0611585744273413 -0.33294440175310697 -1.0518120768303234 -0.11566792918224011 0.26254869150584298 -0.64029125649608343 -0.14573191545175526 -1.9630686234524111 -4.7795848135544041 0.12047793264452092 -1.4643026056985624
leaf_weight=64877 3636 1973 14889 12201 19656 3137 11553 26500 3087 8389 15176 11882 70059 1426 579 1186 227 20700 22 73 3078 5040 268 5084 417 441 3631 824 19108 956 615 1385 8572 415 4812 3427 79 186 17509 6390 5434 174 173 6206 122 391 40601 18081 18638 68 8835 9077 164 963 615 2695 44945 40 1159 1302 44 18619 49
leaf_count=64877 3636 1973 14889 12201 19656 3137 11553 26500 3087 8389 15176 11882 70059 1426 579 1186 227 20700 22 73 3078 5040 268 5084 417 441 3631 824 19108 956 615 1385 8572 415 4812 3427 79 186 17509 6390 5434 174 173 6206 122 391 40601 18081 18638 68 8835 9077 164 963 615 2695 44945 40 1159 1302 44 18619 49
internal_value=0.00115962 3.8668e-05 0.00255681 0.00213278 0.000670543 -0.00124314 -0.00101551 0.0010006 0.00165611 0.00035318 0.000618629 -0.000643105 0.00246182 6.92534e-05 -0.00167244 -0.0042795 -0.00669447 -0.00161768 0.00272372 -0.00972475 -0.00428529 0.000372278 -0.000262582 0.000127021 -0.0042842 -0.000544832 -0.00280229 -0.00796443 0.00023608 -0.0113625 -0.00597384 -0.00147796 -0.00254745 -0.00984375 4.11251e-05 -0.00452163 -0.00138844 -0.000574906 0.000300773 -0.00202662 -0.00152166 -0.00401228 -0.0147406 -0.00244152 -0.00902003 -0.0132261 0.000733382 0.00274757 0.000581223 -0.00409724 -0.000416718 -0.00131269 -0.00326515 -0.00276755 -0.00662864 -0.00230678 0.00196634 0.000874028 -0.00359049 -0.00183263 -0.0058841 0.00225316 0.00160403
internal_weight=551860 306198 245662 180785 205095 101103 94539 163912 81447 82465 32273 41183 148512 74076 10978 4483 3057 63829 37759 1871 5051 63098 36598 6495 1411 17097 4896 1265 30710 1644 688 14997 9957 832 29301 6564 58778 25839 17588 32939 26481 5781 347 8251 699 513 43688 37737 21601 6458 24489 14455 5378 5214 1578 2963 78453 10034 1199 7552 1346 63564 11602
internal_count=551860 306198 245662 180785 205095 101103 94539 163912 81447 82465 32273 41183 148512 74076 10978 4483 3057 63829 37759 1871 5051 63098 36598 6495 1411 17097 4896 1265 30710 1644 688 14997 9957 832 29301 6564 58778 25839 17588 32939 26481 5781 347 8251 699 513 43688 37737 21601 6458 24489 14455 5378 5214 1578 2963 78453 10034 1199 7552 1346 63564 11602
is_linear=0
shrinkage=0.05


Tree=42
num_leaves=64
num_cat=0
split_feature=0 0 0 37 11 44 44 8 38 30 22 34 19 14 11 44 23 37 28 42 35 11 37 39 32 15 25 0 37 25 35 28 35 42 31 1 33 13 0 15 13 17 26 9 13 36 29 17 4 15 36 17 11 30 14 25 9 25 17 39 22 27 32
split_gain=320.887 83.0115 55.3954 36.3749 31.7897 30.9086 25.9859 19.9124 19.453 20.6683 35.1083 24.6832 19.7672 19.2374 18.7907 17.2932 16.6667 17.4229 16.5181 15.8475 14.8395 15.4509 14.6803 14.5157 13.9796 13.4202 17.1196 12.9912 12.6851 12.4721 15.5859 18.1685 13.765 13.6131 12.2576 12.0454 11.9816 11.9604 11.6023 11.2904 16.1875 20.229 10.8134 10.6664 10.4909 11.7138 10.4257 13.0793 10.3507 10.2731 10.2382 10.5147 10.201 11.0938 10.0096 15.8806 14.2757 14.4058 9.71202 9.61169 9.60389 9.28954 9.21577
threshold=45.550000000000004 157.25000000000003 18.550000000000004 71.500000000000014 -0.78656609248549292 -621.74999999999989 5576.0000000000018 41.025000000000013 34.95000000000001 31.500000000000004 51.500000000000007 0.8869770585236475 0.25881904510252091 8.5000000000000018 -0.60355339059327362 8134.7500000000018 23.050000000000004 71.500000000000014 0.76000000000000012 -1.8999999999999995 -0.92384435400961373 -0.25881904510252113 91.500000000000014 1.0000000180025095e-35 13.350164896899109 1.0000000180025095e-35 976.75000000000011 84.02500000000002 76.500000000000014 974.05000000000007 -0.26722820045975981 1.0350000000000004 0.52247866957162958 3.2000000000000011 15.493006462501365 133.25000000000003 23.450000000000003 5.5000000000000009 458.25000000000006 1.0000000180025095e-35 5.5000000000000009 6.9993245934618047 36771.500000000007 185.25000000000003 2.5000000000000004 727.50000000000011 9.2762893256559398 4.3087148150932082 52.025000000000006 1.0000000180025095e-35 321.25000000000006 4.8825558609214843 -0.60355339059327362 3.5000000000000004 3.5000000000000004 974.75000000000011 121.25000000000001 984.55000000000007 20.665472003554743 0.25000000000000006 87.500000000000014 26.350000000000005 6.1200473719676713
decision_type=2 2 2 2 2 2 2 8 2 2 2 2 2 2 2 2 2 2 2 2 2 2 2 2 2 2 2 2 2 2 2 2 2 2 2 8 2 2 2 2 2 2 2 10 2 2 2 2 8 2 2 2 2 2 2 2 10 2 2 2 2 8 2
left_child=2 4 -1 19 13 16 23 42 9 15 20 12 -12 27 24 22 36 -18 -14 -4 21 -11 29 39 -8 -19 -27 28 37 44 34 -32 60 46 -31 48 -6 58 -37 -5 -41 -42 52 -17 45 -7 47 -34 -9 -30 -24 -52 -3 -54 56 -56 -21 -58 -2 -29 -33 -25 -47
right_child=1 7 3 6 5 8 14 35 -10 10 11 -13 18 -15 -16 43 17 25 -20 54 -22 -23 50 61 -26 26 -28 59 49 30 31 32 33 -35 -36 38 -38 -39 -40 40 41 -43 -44 -45 -46 62 -48 -49 -50 -51 51 -53 53 -55 55 -57 57 -59 -60 -61 -62 -63 -64
leaf_value=0.37388028794123995 -0.079653702943513802 -0.80456678758433675 0.40795979163552309 0.20054171274463295 0.75126728752284688 0.35023140752381043 -0.18753927247372612 -8.2807098065175015 0.26396067678982837 -5.589077506075304 0.042026318378789077 0.046406594476879351 -0.40014986850265566 0.21884539361408023 0.014124871094411358 -0.030853610379618965 0.25975702937726092 -0.026651602188735347 -0.84026381766444735 0.14009264340669481 0.067123586313939651 0.12929458780894029 -0.049980345525848617 0.12525669432471401 -0.43315007917542037 -0.7976093074805265 -0.053505479471438737 -0.47422181942264113 -0.23502498221651683 0.34486308093471518 0.1234687811205272 0.049011762341054657 -0.89410051477314334 -0.08719845275067846 -0.78316767621771488 -0.55344637529025731 -0.74752982640225529 0.38620612639627061 -2.7337027996815415 0.12608622105753658 -0.12042099945508543 -0.42674346224203608 -1.6489703467558283 -0.33386645400501103 -0.21016522774749122 -0.073485914386386061 -0.29891504932906326 -0.10198011977434529 -1.2381721423082581 -0.50528251026803095 -0.49845701319069979 -0.059583853203826267 0.092313024350843917 -0.63354606895075116 0.062733937332189058 0.29492615215484558 -0.26996229847287029 0.064346812950415 -2.4755224647179155 -1.0756478405846936 -1.4842604153965671 -0.039419063909282459 -0.55538572876883396
leaf_weight=63138 19964 5480 48439 56863 20275 2655 2590 641 10825 142 640 1298 1310 8847 8342 10692 37148 12136 1334 9719 7700 148 4407 8914 236 207 276 7310 2605 22536 32977 4351 784 1681 256 23146 291 3221 3581 1829 720 186 92 4901 3818 569 729 281 3341 508 1100 927 17957 1982 11937 38020 1411 1805 31 226 192 12019 174
leaf_count=63138 19964 5480 48439 56863 20275 2655 2590 641 10825 142 640 1298 1310 8847 8342 10692 37148 12136 1334 9719 7700 148 4407 8914 236 207 276 7310 2605 22536 32977 4351 784 1681 256 23146 291 3221 3581 1829 720 186 92 4901 3818 569 729 281 3341 508 1100 927 17957 1982 11937 38020 1411 1805 31 226 192 12019 174
internal_value=0.00113806 -2.56918e-05 0.00238718 0.00198493 0.000396171 0.000677608 0.00124751 -0.0017476 0.000177665 -2.92606e-05 -0.00193207 -0.00542121 -0.00772838 -0.000834426 -0.00101271 0.000227884 0.0015052 0.00101041 -0.00963691 0.00259231 6.88362e-05 -0.0110345 0.000533789 0.00156095 -0.00453645 -0.000594738 -0.00876812 -0.00137679 -0.000852862 0.000741025 0.000963911 0.000381144 -0.00175355 -0.0041223 0.00201211 -0.00260526 0.00270252 -0.000450982 -0.00222303 0.00195879 -0.00117916 -0.00664459 -0.000715181 -0.00129128 -0.00122921 0.000791642 -0.00715162 -0.0103052 -0.00517077 -0.00384998 -0.00175319 -0.00469413 -0.000653251 -0.000128141 0.00206878 0.00238976 0.000829146 -0.00205846 -0.000906476 -0.00320727 5.83317e-05 0.000428271 -0.00475774
internal_weight=551860 285692 266168 203030 229472 186760 91699 56220 116427 105602 12572 4582 3284 42712 11168 93030 70333 49767 2644 111331 7990 290 77437 80531 2826 12619 483 33865 26329 71003 63787 40995 8018 3475 22792 30709 20566 23216 26727 59598 2735 906 25511 15593 7216 3398 1794 1065 3982 3113 6434 2027 25419 19939 62892 49957 12935 3216 19995 7536 4543 20933 743
internal_count=551860 285692 266168 203030 229472 186760 91699 56220 116427 105602 12572 4582 3284 42712 11168 93030 70333 49767 2644 111331 7990 290 77437 80531 2826 12619 483 33865 26329 71003 63787 40995 8018 3475 22792 30709 20566 23216 26727 59598 2735 906 25511 15593 7216 3398 1794 1065 3982 3113 6434 2027 25419 19939 62892 49957 12935 3216 19995 7536 4543 20933 743
is_linear=0
shrinkage=0.05


Tree=43
num_leaves=64
num_cat=0
split_feature=8 7 42 8 42 37 6 37 38 9 13 14 25 30 19 24 34 3 27 23 4 22 18 34 36 37 27 25 4 27 27 40 22 32 28 9 28 3 37 27 33 6 13 45 27 19 1 22 41 32 13 10 14 22 35 2 36 30 32 39 38 13 1
split_gain=191.304 110.131 40.7281 32.2406 27.0365 26.5183 22.905 21.6507 20.8276 19.9123 19.4993 21.5612 29.8424 21.4018 19.4876 21.1353 16.8979 15.3711 15.0363 16.501 14.3273 14.2635 14.051 16.1421 13.6304 18.1085 14.6368 12.3164 15.896 13.074 12.2353 11.4784 11.3838 13.9166 10.5173 10.0992 9.6236 12.3399 11.9811 9.51843 8.8991 8.78198 9.24799 8.74305 8.577 8.55516 8.38766 8.37949 8.3468 8.33332 18.3753 8.26393 8.16257 8.07841 8.01444 7.98418 7.89419 7.92627 10.0953 7.74852 8.09611 7.74396 7.73553
threshold=18.505000000000006 67.084057971014502 3.7000000000000011 64.750000000000014 -4.5999999999999979 93.500000000000014 22.633333333333386 62.500000000000007 31.550000000000004 38.050000000000004 3.5000000000000004 3.5000000000000004 987.6500000000002 5.5000000000000009 -0.58778525229247303 3.3500000000000001 -0.83385407025023295 154.25000000000003 38.050000000000004 19.650000000000002 162.25000000000003 45.500000000000007 15.050000000000002 0.87032255546191739 457.50000000000006 34.500000000000007 32.750000000000007 974.45000000000016 94.225000000000009 66.050000000000011 67.550000000000011 977.95000000000016 89.500000000000014 12.780107112071276 0.82500000000000018 157.25000000000003 1.2550000000000001 48.050000000000004 55.500000000000007 56.050000000000004 14.950000000000001 276.77500000000003 2.5000000000000004 1.5000000000000002 63.525000000000006 0.67556448321067863 29.050000000000004 25.500000000000004 2277.5000000000005 14.008267797447621 2.5000000000000004 10.215000000000002 11.500000000000002 66.500000000000014 -0.68832836526074781 18.975000000000005 201.25000000000003 29.500000000000004 3.4120365215904078 1.0000000180025095e-35 24.050000000000004 4.5000000000000009 63.650000000000013
decision_type=10 8 2 10 2 2 10 2 2 10 2 2 2 2 2 2 2 10 8 2 8 2 2 2 2 2 10 2 10 10 8 2 2 2 2 10 2 10 2 10 2 8 2 2 10 2 8 2 2 2 2 8 2 2 2 10 2 2 2 2 2 2 8
left_child=1 2 6 27 14 9 -1 44 10 -4 11 12 13 34 15 -3 -11 22 -9 -20 -12 -18 -15 53 25 54 -26 29 40 -2 -16 49 33 -7 -6 -19 -30 -38 -39 -33 43 59 -43 -29 -8 -14 55 -21 -32 -5 -51 -45 -50 -24 -23 -35 57 -42 -59 -13 -61 -31 -60
right_child=3 4 5 31 8 32 7 18 -10 16 20 41 45 17 30 -17 21 35 19 47 -22 24 23 -25 26 -27 -28 28 36 61 48 39 -34 46 -36 -37 37 38 -40 -41 56 42 -44 51 -46 -47 -48 -49 52 50 -52 -53 -54 -55 -56 -57 -58 58 62 60 -62 -63 -64
leaf_value=0.3251862544706916 -0.083207360951319864 0.60643957515031799 0.30926840077616125 -0.72314837143540389 -0.098553170918135896 -0.16475486242912596 0.36292218039729235 0.21932946129369776 0.1811573523761825 0.22182633374651353 0.24733694655035282 0.10341380709312098 0.044625989117034817 -0.25073364601044457 0.31916056666784814 -0.68481702359780261 0.25801401051950751 -0.34710014092025837 0.70148793812372734 -0.64566775305889534 -0.094837281464573278 -0.90102877209806387 -0.35460200113960649 -1.0383297903025006 0.028209363927129333 0.12586323807211933 -0.12917757950446482 0.141121024772179 -0.26420224315828406 -0.20473964177129794 0.049962719298856026 -0.95842986634734828 -0.011899129944551052 -0.13529498542168769 -0.46103139236893953 -1.2319070908689818 -1.5420848154115727 0.20503511961658116 -1.071573695812776 -0.17164717549088404 0.21707375111527971 -1.3338290409763496 0.6265751891763035 -1.3079419274484154 0.22248633957288752 -0.41287240377976353 -0.14771090470981216 0.040279353010490682 -0.27626301304622686 -5.5412510651702966 -0.85777805531334561 0.021900721333681761 -2.563280085742635 -0.8164153266342139 -0.28059481018479926 -0.42235277942636507 -0.093842018180434625 0.089572769888290424 -1.053670634424785 -0.71284632260461267 -0.053654190892445844 -0.48030993286957568 -0.56202357236187461
leaf_weight=59638 10721 21749 14395 2384 4813 1631 58376 43990 22538 18740 16951 19999 9248 2502 6956 33 10269 331 4041 57 17244 143 1061 168 10157 18685 7922 29201 12453 1623 9766 13017 3907 79 1500 655 491 974 590 8451 6964 2070 933 621 13443 1854 255 31705 3075 190 355 1110 145 408 184 237 17817 836 147 353 630 778 301
leaf_count=59638 10721 21749 14395 2384 4813 1631 58376 43990 22538 18740 16951 19999 9248 2502 6956 33 10269 331 4041 57 17244 143 1061 168 10157 18685 7922 29201 12453 1623 9766 13017 3907 79 1500 655 491 974 590 8451 6964 2070 933 621 13443 1854 255 31705 3075 190 355 1110 145 408 184 237 17817 836 147 353 630 778 301
internal_value=0.00112012 0.00158203 0.00213215 -0.000756072 0.000451849 0.001219 0.00250651 0.00217997 1.78196e-05 0.00146003 -0.000357408 -0.00102364 -0.00213398 -0.00392639 0.00152598 0.00255991 0.00109304 -0.00632683 0.00161311 0.000852303 0.000549057 0.000590161 -0.00499034 -0.00859194 0.000133591 0.00106827 -0.000849328 -0.000294409 -3.60113e-05 -0.00170248 0.00039665 -0.00235746 -0.00195695 -0.00483197 -0.00197766 -0.0119371 -0.00151365 -0.0046837 -0.00251279 -0.00195687 0.000340106 1.98042e-05 -0.00250916 0.000913617 0.00280977 -0.000287335 -0.0115499 0.000469429 -0.00050978 -0.00529362 -0.0108716 -0.00253899 -0.00271739 -0.00691287 -0.0105963 -0.0169937 -0.000340495 0.000938409 -0.00267134 0.000381756 -0.00395219 -0.00503748 -0.00872768
internal_weight=551860 442836 297854 109024 144982 86604 211250 151612 103258 80495 80720 46525 22540 11438 41724 21782 66100 5125 79793 35803 34195 47360 4139 1637 37091 19012 18079 84627 71505 13122 19942 24397 6109 2202 6313 986 14508 2055 1564 21468 56997 23985 3003 30932 71819 11102 571 31762 12986 2929 545 1731 3220 1469 327 316 26065 8248 1284 20982 983 2401 448
internal_count=551860 442836 297854 109024 144982 86604 211250 151612 103258 80495 80720 46525 22540 11438 41724 21782 66100 5125 79793 35803 34195 47360 4139 1637 37091 19012 18079 84627 71505 13122 19942 24397 6109 2202 6313 986 14508 2055 1564 21468 56997 23985 3003 30932 71819 11102 571 31762 12986 2929 545 1731 3220 1469 327 316 26065 8248 1284 20982 983 2401 448
is_linear=0
shrinkage=0.05


Tree=44
num_leaves=64
num_cat=0
split_feature=0 0 0 37 11 44 36 44 38 27 14 0 1 38 30 14 11 30 34 19 13 22 14 24 23 38 32 15 17 13 38 27 14 9 38 32 23 16 14 27 1 11 44 37 44 0 3 32 32 17 20 32 33 44 16 3 28 7 0 14 11 33 16
split_gain=277.403 71.7961 51.7659 35.343 31.9648 25.2978 23.1712 22.1612 22.085 22.5543 21.9792 19.607 20.5222 18.1591 17.1227 16.862 16.3583 15.4051 26.2767 17.9718 15.0106 13.254 13.2283 13.1163 12.653 18.6767 12.6447 12.5485 19.022 13.4612 12.4787 12.0964 16.5577 11.8094 12.39 19.7479 15.579 13.826 11.9087 13.0025 11.1854 12.3278 11.1378 12.4956 10.8479 10.756 10.7331 10.5175 10.1895 10.1618 12.3554 10.0716 9.86676 9.59144 9.76584 9.39625 9.24249 9.15382 8.98384 8.97971 9.1946 8.86679 8.58134
threshold=44.525000000000006 134.25000000000003 17.950000000000003 81.500000000000014 -0.78656609248549292 185.25000000000014 310.62500000000006 6097.7500000000009 35.050000000000004 36.550000000000004 4.5000000000000009 252.75000000000003 127.25000000000001 34.95000000000001 569.50000000000011 8.5000000000000018 -0.60355339059327362 23.500000000000004 0.62249093318774806 0.84335933205092517 3.5000000000000004 13.500000000000002 9.5000000000000018 3.1500000000000008 26.450000000000003 26.850000000000005 13.039255059611056 1.0000000180025095e-35 6.5487930696548435 5.5000000000000009 38.350000000000001 72.050000000000011 6.5000000000000009 164.25000000000003 28.050000000000004 4.5745158116557052 36.650000000000013 6.2987426266184787 5.5000000000000009 44.050000000000004 241.25000000000003 -0.78656609248549292 2233.8750000000005 90.500000000000014 492.00000000000011 32.050000000000004 51.025000000000006 13.350164896899109 9.1774782307652885 14.774050854291081 -0.96811077628253217 -19.986257559162997 9.2500000000000018 -4919.2499999999991 9.3378193657509332 30.025000000000002 1.7650000000000003 105.99208333333335 78.02500000000002 1.5000000000000002 -0.9159756150367534 9.5500000000000025 2.4164643127835048
decision_type=2 2 2 2 2 2 2 2 2 10 2 2 8 2 2 2 2 2 2 2 2 2 2 2 2 2 2 2 2 2 2 8 2 10 2 2 2 2 2 8 10 2 2 2 2 2 10 2 2 2 2 2 2 2 2 8 2 10 2 2 2 2 2
left_child=2 4 -1 6 15 10 -4 24 9 45 14 12 53 17 20 23 47 42 19 21 58 46 31 30 -5 48 -21 49 62 -30 33 32 -12 38 37 -36 -37 57 -2 -40 44 -42 -7 -44 -13 -8 -19 -9 -26 -27 -51 -39 -41 -3 -55 -28 -25 -35 -6 -59 -61 -14 -29
right_child=1 11 3 7 5 13 8 16 -10 -11 22 40 61 -15 -16 -17 -18 18 -20 26 -22 -23 -24 56 25 27 55 28 29 -31 -32 -33 -34 34 35 36 -38 51 39 52 41 -43 43 -45 -46 -47 -48 -49 -50 50 -52 -53 -54 54 -56 -57 -58 59 -60 60 -62 -63 -64
leaf_value=0.35742018529738884 0.01711705548344717 -1.9196322170428386 0.39842866581853342 0.22796288770568487 0.34641070472736946 0.13101465128246767 0.21577374497697913 -0.23283824348703255 0.36075808165323786 0.0075065994687900433 0.23513409499365015 -1.2918138105562342 0.26559270765504656 0.24349588488877619 -1.3141350402632146 0.22297659641932321 -0.039810169452832694 -1.80539442336731 0.013899548765637629 -0.56179888539817879 0.79609634160546738 -0.28818370059318132 0.75248295660752573 -0.34956487369174433 -0.019735334023625858 0.15286896401531394 -1.5206136265642671 0.089674578539147898 0.14167576459633668 -0.42078020288712636 0.26165701944418868 -0.11418690943823584 -0.10681770141064431 -0.51496149096265131 -0.030037073619233939 -0.19985613627420151 -0.46794705589284152 -1.3518519669692735 -0.016012717255642871 -0.45622816406156308 -2.004694956067461 -0.6141137621092152 0.00093340552662719227 -0.24063582947560402 -2.1568700165965407 0.091792662940194114 -0.49048645025356391 -0.39455224426959873 -0.19380543361464153 -0.34351635032509942 0.15652866617911038 0.010115003105182657 -0.23058234095910979 -0.84448046505010277 0.0036740583059972822 -0.59553425431326401 -1.0425878017758234 -0.037805968859808567 0.045981409952392485 -1.2116709569665565 -0.86165814396355123 -0.18076676432057184 -0.27152343980379501
leaf_weight=57389 12406 502 44860 13616 12548 26360 37254 1072 22505 20926 17198 3425 11885 10598 27 7689 4420 81 7823 1044 19452 3363 8243 79 8522 26398 109 922 91 211 2867 11478 7820 1727 6914 1279 1049 63 2667 924 1407 14606 37197 3989 2807 18552 60 168 2362 400 395 1364 1758 7435 3057 182 46 193 9923 494 334 27225 100
leaf_count=57389 12406 502 44860 13616 12548 26360 37254 1072 22505 20926 17198 3425 11885 10598 27 7689 4420 81 7823 1044 19452 3363 8243 79 8522 26398 109 922 91 211 2867 11478 7820 1727 6914 1279 1049 63 2667 924 1407 14606 37197 3989 2807 18552 60 168 2362 400 395 1364 1758 7435 3057 182 46 193 9923 494 334 27225 100
internal_value=0.00109412 3.54308e-05 0.00228113 0.00190592 0.00048594 0.000779036 0.00232715 0.000871466 0.00190085 0.0014969 0.00138997 -0.00133043 -0.000781973 0.000195802 0.00221216 -0.000757054 -0.00210247 -6.12157e-05 -0.00166166 -0.00455776 0.00223779 -0.00267694 0.000619035 -0.00123317 0.00118896 0.00073488 -0.00949438 0.00140741 -0.00334592 -0.0143709 -0.0011738 0.000210434 0.000827005 -0.00146413 -0.00258366 -0.00156243 -0.00554553 -0.00484431 -0.000618136 -0.0025902 -0.00256574 -0.0018663 0.0002388 -0.00027485 -0.00436297 0.00202183 -0.017695 -0.00717742 -0.0010272 0.00163884 -0.00393082 -0.000851436 -0.00504847 -0.00269056 -0.00236752 -0.0187113 -0.0174 -0.00691776 0.00135753 -0.0106709 -0.0129348 -0.000245461 -8.80624e-05
internal_weight=551860 291697 260163 202774 219348 177495 144097 58677 99237 76732 86689 72349 50104 90806 41950 41853 5660 80208 12662 4839 41923 3504 44739 34164 53017 39401 1335 28517 1324 302 34039 36496 25018 31172 13417 9242 2328 4175 17755 5349 22245 16013 67546 41186 6232 55806 141 1240 10884 27193 795 1427 2682 10994 10492 291 125 2748 22471 1021 828 39110 1022
internal_count=551860 291697 260163 202774 219348 177495 144097 58677 99237 76732 86689 72349 50104 90806 41950 41853 5660 80208 12662 4839 41923 3504 44739 34164 53017 39401 1335 28517 1324 302 34039 36496 25018 31172 13417 9242 2328 4175 17755 5349 22245 16013 67546 41186 6232 55806 141 1240 10884 27193 795 1427 2682 10994 10492 291 125 2748 22471 1021 828 39110 1022
is_linear=0
shrinkage=0.05


Tree=45
num_leaves=64
num_cat=0
split_feature=0 0 0 36 37 39 0 1 14 25 13 24 38 14 23 9 25 25 27 23 38 18 13 29 25 15 37 22 22 23 36 11 22 14 32 30 28 3 39 14 13 22 31 41 5 37 41 32 31 38 20 1 15 32 0 29 1 23 22 23 43 11 37
split_gain=259.573 85.6945 36.3833 33.7955 38.8964 29.9996 26.8078 28.5726 25.3097 29.2792 31.6015 24.6325 20.313 18.7074 18.4104 16.4034 16.0148 15.3284 14.8993 12.7615 12.6621 13.3655 16.0614 13.2603 15.5656 25.1202 13.1109 12.9042 12.3782 12.2581 12.0488 12.1517 14.8345 11.9172 24.2378 26.1932 14.0463 11.4234 11.3004 11.0149 14.5652 10.9803 10.9744 10.9227 10.8893 10.7082 11.8918 10.5507 15.7608 29.6401 10.4622 10.1771 10.1434 11.3876 10.1144 13.5342 9.72225 9.44116 20.2055 11.9677 9.40346 9.36371 10.3536
threshold=37.025000000000006 94.02500000000002 17.550000000000004 152.50000000000003 51.500000000000007 1.0000000180025095e-35 252.75000000000003 87.02500000000002 3.5000000000000004 984.95000000000016 3.5000000000000004 1.0000000180025095e-35 28.950000000000003 8.5000000000000018 23.850000000000005 132.25000000000003 972.75000000000011 986.75000000000011 61.550000000000004 17.250000000000004 23.050000000000004 15.65 3.5000000000000004 68.342061408448188 976.85000000000002 1.0000000180025095e-35 78.500000000000014 48.500000000000007 29.500000000000004 36.150000000000013 432.50000000000006 -0.60355339059327362 73.500000000000014 4.5000000000000009 5.5921883195207167 52.500000000000007 1.5750000000000004 33.425000000000004 1.0000000180025095e-35 3.5000000000000004 1.5000000000000002 53.500000000000007 -13.711791322293331 4792.0000000000009 59.025000000000006 73.500000000000014 9687.7500000000018 -3.6440502240922634 -10.665568021823754 21.350000000000005 -0.26722820045975981 28.950000000000003 1.0000000180025095e-35 6.7820127819355349 692.00000000000011 4.424437616989346 229.25000000000003 37.150000000000013 31.500000000000004 39.050000000000004 327.50000000000006 -0.78656609248549292 92.500000000000014
decision_type=2 2 2 2 2 2 2 8 2 2 2 2 2 2 2 10 2 2 8 2 2 2 2 2 2 2 2 2 2 2 2 2 2 2 2 2 2 10 2 2 2 2 2 2 8 2 2 2 2 2 2 10 2 2 2 2 8 2 2 2 2 2 2
left_child=2 3 -1 14 8 16 7 19 9 10 11 15 30 18 -2 -5 52 38 51 -3 28 22 39 24 25 -24 -27 -25 -16 -20 -7 32 -32 -10 41 57 -37 -29 47 40 -22 -35 -18 -33 -17 46 -21 48 49 -9 -31 -6 -4 -54 56 -56 -8 -36 -59 -60 -46 -58 -63
right_child=1 6 5 4 13 12 54 17 33 -11 -12 -13 -14 -15 20 44 42 -19 29 45 21 -23 23 27 -26 26 -28 37 -30 50 31 43 -34 34 35 36 -38 -39 -40 -41 -42 -43 -44 -45 60 -47 -48 -49 -50 -51 -52 -53 53 -55 55 -57 61 58 59 -61 -62 62 -64
leaf_value=0.34749714877063992 0.58999223422899483 0.1839240905793933 0.09781837590556916 -0.076420610680556458 -0.17904221896151706 0.016215879664148947 -1.8332132731016015 -1.17477992869278 0.42236554646574237 0.11259043196021204 0.19454847290678448 -0.88845875359035631 0.17999776178691859 0.17127228816647297 -0.68303965912259068 -0.25360307517736752 0.09174524983260185 0.12254268780551253 -0.12069268357322649 -0.27748269558400523 -0.76490173729743882 0.35625459929169145 -0.079980234051583568 0.51027840529289836 0.16473226880703096 -0.064504024132156501 -0.54458326076187857 -0.69400707195332956 -0.21130140566300393 -0.040474806997333329 0.044848815588960457 -0.43805585487273496 -0.30169794207201311 0.26506529931873019 0.17576125979237001 -0.87727239942507973 -0.11886371496012414 -0.33215540774581731 -0.76863978921133702 0.2718769392578711 0.24321669880830826 -0.040091325518445152 0.26480713117088012 -0.036883826494491317 -0.59661547368145162 -1.3412147415808684 -0.94892140206903575 0.0096716055850858684 -0.25123774659969095 0.10229051273447246 -0.41132468207692857 0.013390343789415128 -0.0846617117842655 -0.30852344788545216 -4.8108878333006704 -11.47490294871335 -1.661759527827785 0.047008435975146257 -0.32894377933650276 -0.63235968323016256 -0.8289671469059734 -0.39503606063624375 -1.6542314849881923
leaf_weight=55507 26726 2263 15132 1768 5414 10962 3879 673 18374 15523 2548 138 14243 9296 163 1103 13191 41985 23610 9265 197 16946 2792 359 5030 123 316 372 1054 740 402 149 807 26110 3563 589 668 796 569 13065 231 4593 97234 3206 1076 2335 1879 20282 17012 696 1094 34863 466 74 1106 71 1565 1041 341 139 522 14095 1529
leaf_count=55507 26726 2263 15132 1768 5414 10962 3879 673 18374 15523 2548 138 14243 9296 163 1103 13191 41985 23610 9265 197 16946 2792 359 5030 123 316 372 1054 740 402 149 807 26110 3563 589 668 796 569 13065 231 4593 97234 3206 1076 2335 1879 20282 17012 696 1094 34863 466 74 1106 71 1565 1041 341 139 522 14095 1529
internal_value=0.00107419 0.000219788 0.00245048 0.000801982 0.00038968 0.00205901 -0.000860961 -0.00050181 0.00117074 -0.000236352 -0.0028826 -0.00535381 0.000631362 -0.000423437 0.00172803 -0.00471134 0.00239605 -0.000123927 -0.000720394 -0.0024514 0.00106819 0.0012202 0.000442636 -0.00109931 -0.000308074 -0.00301609 -0.0141344 -0.00537983 -0.00395645 -0.00166758 -0.000619606 -0.00277826 -0.0070761 0.00174654 0.00123016 -0.00158413 -0.00804694 -0.00792808 -0.000834523 0.00156118 -0.00633178 0.00181139 0.00260833 -0.00122951 -0.00716216 -0.00303472 -0.00238963 -0.000731578 -0.00159921 -0.00676041 -0.00560523 -0.00012203 0.000900332 -0.00583333 -0.00242639 -0.00693713 -0.00217439 1.37689e-05 -0.00328402 -0.0117708 -0.00979975 -0.00166415 -0.0012948
internal_weight=551860 340487 211373 221283 153113 155866 119204 96959 78096 22678 7155 4607 29769 75017 68170 4469 126097 81217 65721 15742 41444 40227 23281 9788 8261 3231 439 1527 1217 25444 15526 4564 1209 55418 37044 6341 1257 1168 39232 13493 428 30703 110425 3355 2701 13479 11144 38663 18381 1369 1834 40277 15672 540 22245 1177 21068 5084 1521 480 1598 17189 15624
internal_count=551860 340487 211373 221283 153113 155866 119204 96959 78096 22678 7155 4607 29769 75017 68170 4469 126097 81217 65721 15742 41444 40227 23281 9788 8261 3231 439 1527 1217 25444 15526 4564 1209 55418 37044 6341 1257 1168 39232 13493 428 30703 110425 3355 2701 13479 11144 38663 18381 1369 1834 40277 15672 540 22245 1177 21068 5084 1521 480 1598 17189 15624
is_linear=0
shrinkage=0.05


Tree=46
num_leaves=64
num_cat=0
split_feature=0 0 0 37 11 42 44 34 31 11 39 16 0 6 25 16 14 14 0 37 11 0 1 7 27 16 34 44 7 19 24 8 14 35 14 31 27 31 23 23 28 30 35 13 21 35 14 42 37 23 25 27 14 9 20 43 37 29 16 2 35 31 44
split_gain=236.887 58.5609 51.0107 35.1658 28.3813 27.1601 24.5741 18.853 16.0448 16.3632 15.963 13.8883 13.1889 14.2941 13.048 12.4892 12.4126 12.2712 15.0816 14.2335 12.9225 11.6145 11.4106 11.2212 11.1706 11.1302 10.2561 10.2208 10.1764 11.3703 10.1059 9.7779 9.70046 11.6548 19.0493 15.6944 12.9096 9.77858 13.8725 9.61143 9.52614 11.3662 16.1155 20.1721 15.3038 9.44831 9.39985 8.84322 8.83437 17.2194 8.68965 10.2038 8.62537 10.532 11.7988 11.0846 10.3371 13.5499 8.44403 10.8898 12.6572 10.6735 10.82
threshold=46.550000000000004 196.25000000000003 19.050000000000004 56.500000000000007 -0.9159756150367534 -4.6499999999999986 5576.0000000000018 0.28400453026986799 13.46728552348708 -0.78656609248549292 1.0000000180025095e-35 7.5343212289896746 85.02500000000002 50.883333333333347 986.75000000000011 13.789808511718176 3.5000000000000004 9.5000000000000018 692.00000000000011 53.500000000000007 -0.37940952255126065 79.52500000000002 38.050000000000004 45.38750000000001 29.050000000000004 -12.581395328544493 -0.77714596145697057 -4255.2499999999991 469.43977272727278 0.84335933205092517 0.95000000000000007 18.016500000000004 9.5000000000000018 0.52247866957162958 4.5000000000000009 -6.1519519251641013 96.425000000000011 -10.122714346797848 23.550000000000004 16.050000000000004 16.625000000000004 25.500000000000004 -0.44618082326431219 1.0000000180025095e-35 302.50000000000006 -0.52247866957162936 5.5000000000000009 6.9000000000000021 62.500000000000007 21.950000000000003 972.1500000000002 39.95000000000001 3.5000000000000004 146.25000000000003 0.98321746822993605 -57.499999999999993 72.500000000000014 4.2091851461491769 5.6167587397983363 97.225000000000009 0.25881904510252057 -13.885840136819832 5576.0000000000018
decision_type=2 2 2 2 2 2 2 2 2 2 2 2 2 10 2 2 2 2 2 2 2 2 8 10 10 2 2 2 10 2 2 10 2 2 2 2 10 2 2 2 2 2 2 2 2 2 2 2 2 2 2 8 2 10 2 2 2 2 2 10 2 2 2
left_child=2 4 47 8 22 11 10 -8 31 16 15 21 13 -7 32 50 23 18 28 20 26 46 -2 -10 -9 -16 -19 -12 58 -30 -13 -4 33 34 48 -36 -37 38 -35 -22 41 -15 43 44 -43 -29 -6 -1 -14 -50 51 -5 53 -24 -55 -56 -54 -58 59 -3 -61 62 -60
right_child=1 17 3 6 5 12 7 24 9 -11 27 30 14 40 25 -17 -18 19 -20 -21 39 -23 52 -25 -26 -27 -28 45 29 -31 -32 -33 -34 37 35 36 -38 -39 -40 -41 -42 42 -44 -45 -46 -47 -48 -49 49 -51 -52 -53 56 54 55 -57 57 -59 61 60 -62 -63 -64
leaf_value=0.33541880919976902 -0.50502438740227173 -2.0127719057897235 0.3777647353913523 0.16124312402234842 0.36657465991812876 -0.035894055447986198 0.18379963888040082 0.00015321320163034572 0.10020745837228673 0.19731225992145104 0.15647494078921265 0.48933724465275436 0.21944510296921563 0.11562897914886248 -0.46617266018829639 0.35033171860279588 0.12410986567661338 -3.204791611050879 -10.262438721261608 -0.1628642536028066 -1.8556326269879797 -0.14833299084765017 -0.071201564950876067 -0.2600556928949162 -0.13237570294369047 0.13610670132033123 -0.99131572299564619 -0.10536226671445853 -0.46505041135449132 -4.5897175238358834 -0.95945902118740856 -0.023903614242311633 0.15933726671864418 -0.88937928257464138 -0.13824280243288201 -0.43643209145477879 -1.1318158587475113 -0.32807401479644321 0.095717956198659193 -0.34889088546433095 0.46934210414344379 -0.013699588788058454 0.042885230326690345 -0.14258385294062351 -0.50362392892995578 0.043649813955327958 -0.0090312606102538537 0.14853425139060794 0.2367743495995995 -0.57261001933969846 0.16317913851795796 -0.093964887444320272 0.020550573708660716 -0.42202892966523681 -1.716045672468792 -0.74490107707096109 -0.21057744121180555 -0.66312237922594086 -0.85505793699905552 0.055730029818576311 -1.1984309444540509 -0.19978402084034777 -3.6641438170404159
leaf_weight=58136 2835 2114 51052 6857 11420 26292 5561 7697 949 14182 9051 28408 10823 50928 1466 10395 3547 842 152 17336 182 10218 3780 2208 7151 26482 1677 6098 43 37 108 2002 7224 549 7682 3463 1027 8306 269 3789 4954 219 6243 1752 508 9779 6348 9359 1456 725 63903 4039 14349 2532 79 190 1622 269 453 2275 3276 5050 142
leaf_count=58136 2835 2114 51052 6857 11420 26292 5561 7697 949 14182 9051 28408 10823 50928 1466 10395 3547 842 152 17336 182 10218 3780 2208 7151 26482 1677 6098 43 37 108 2002 7224 549 7682 3463 1027 8306 269 3789 4954 219 6243 1752 508 9779 6348 9359 1456 725 63903 4039 14349 2532 79 190 1622 269 453 2275 3276 5050 142
internal_value=0.00104229 2.11511e-05 0.0020932 0.00169978 0.00030504 0.000491078 0.00120627 -0.000387329 0.002571 0.00139711 0.00150161 0.00143375 0.000158947 0.00055536 -0.000359713 0.00182724 -0.000638425 -0.00182134 -0.00302319 -0.00113825 -0.00313559 0.000642464 -0.00126754 -0.00291891 -0.00131735 0.000475526 -0.00593688 0.00038872 -0.00284541 -0.020625 0.00221034 0.00303314 -0.000921876 -0.00127259 -0.000717747 -0.00213934 -0.00448775 -0.00280359 -0.00801956 -0.0013586 0.000955359 0.000780386 -0.000887411 -0.0042981 -0.0112999 -0.000375701 0.0014149 0.00328506 0.000612889 -0.00229023 0.00160156 0.000296439 -0.000895885 -0.00242288 -0.00474652 -0.0147026 -0.000277093 -0.00375198 -0.00273854 -0.00381931 -0.00265628 -0.00127104 -0.00760504
internal_weight=551860 279894 271966 204471 242526 216870 130531 20409 73940 20886 110122 56502 160368 90896 69472 85194 6704 37368 13542 23826 6490 27986 25656 3157 14848 27948 2519 24928 13390 80 28516 53054 41524 34300 25176 12172 4490 9124 818 3971 64604 59650 8722 2479 727 15877 17768 67495 13004 2181 74799 10896 22821 6581 2801 269 16240 1891 13310 7665 5551 5645 595
internal_count=551860 279894 271966 204471 242526 216870 130531 20409 73940 20886 110122 56502 160368 90896 69472 85194 6704 37368 13542 23826 6490 27986 25656 3157 14848 27948 2519 24928 13390 80 28516 53054 41524 34300 25176 12172 4490 9124 818 3971 64604 59650 8722 2479 727 15877 17768 67495 13004 2181 74799 10896 22821 6581 2801 269 16240 1891 13310 7665 5551 5645 595
is_linear=0
shrinkage=0.05


Tree=47
num_leaves=64
num_cat=0
split_feature=0 0 0 37 36 22 11 16 23 28 9 40 23 27 11 32 14 36 27 31 14 14 13 31 28 37 43 14 15 25 0 1 8 32 33 37 12 8 28 16 32 9 14 27 31 22 31 13 34 37 6 32 34 1 41 25 36 10 22 33 16 1 43
split_gain=218.185 71.3113 36.4034 31.4313 30.5931 37.5069 21.5273 21.1242 19.0859 18.682 18.0677 17.6219 17.4941 17.1165 16.2016 16.0901 33.6066 15.1507 14.4412 14.8277 15.598 14.2042 15.3555 13.8569 19.15 13.6596 16.4875 14.0021 30.1474 13.1535 13.0442 14.4188 12.8283 12.7083 11.8986 11.4361 10.9851 10.9821 10.349 9.84828 12.6927 9.79911 9.77449 13.8441 9.66885 9.57694 9.53617 11.0087 9.48515 9.46173 9.432 9.3554 10.7956 9.26224 9.226 9.2134 9.20267 9.00988 8.80252 8.64948 8.59756 8.30736 8.67686
threshold=37.025000000000006 104.07500000000002 14.050000000000002 91.500000000000014 152.50000000000003 46.500000000000007 -1.0000000180025095e-35 8.8291495629105174 26.850000000000005 1.7650000000000003 96.050000000000011 985.95000000000016 18.650000000000002 37.050000000000004 -0.60355339059327362 4.7488056157657601 4.5000000000000009 392.50000000000006 49.050000000000004 -6.0248432953715989 7.5000000000000009 3.5000000000000004 3.5000000000000004 -11.94597829660626 6.4650000000000007 81.500000000000014 -28.124999999999996 7.5000000000000009 1.0000000180025095e-35 985.1500000000002 218.25000000000003 113.25000000000001 200.25000000000003 8.3324246518880454 12.65 51.500000000000007 0.60355339059327384 4.5000000000000018 0.82500000000000018 14.343763197086092 -3.3612811546596117 177.25000000000003 3.5000000000000004 203.25000000000003 7.9784720762880488 46.500000000000007 -12.973823785853943 2.5000000000000004 0.034899496702501066 36.500000000000007 57.416666666666679 -6.6996639568839624 0.72534675097891099 127.25000000000001 6661.5000000000009 978.25000000000011 1302.5000000000002 10.425000000000002 62.500000000000007 28.750000000000004 27.770198561098848 29.050000000000004 -212.49999999999997
decision_type=2 2 2 2 2 2 2 2 2 2 8 2 2 10 2 2 2 2 10 2 2 2 2 2 2 2 2 2 2 2 2 8 10 2 2 2 2 10 2 2 2 10 2 10 2 2 2 2 2 2 10 2 2 8 2 2 2 8 2 2 2 8 2
left_child=2 4 -1 9 12 14 18 10 -5 13 -3 42 -2 46 15 21 -17 -15 59 -20 60 22 29 24 39 26 -14 28 45 41 31 -12 55 -10 -16 -23 61 -37 48 -8 -41 -6 43 51 -28 -27 47 -4 -18 -50 -44 52 -9 -32 -39 -13 -19 -57 -49 -7 -21 62 -35
right_child=1 7 3 8 5 6 23 11 33 -11 30 32 25 17 34 16 38 56 19 20 -22 35 -24 -25 -26 27 44 -29 -30 -31 53 -33 -34 36 -36 37 -38 54 -40 40 -42 -43 50 -45 -46 -47 -48 58 49 -51 -52 -53 -54 -55 -56 57 -58 -59 -60 -61 -62 -63 -64
leaf_value=0.38502334697090584 0.71380036821028614 -11.819161511726485 0.22033943184552673 0.13105547990590269 -0.25224209896097199 -0.043072319918408243 -0.026057179572574515 -0.56341997116807796 -0.024804739374601328 0.43743245969584904 -0.3845353490424735 -2.0676750711666783 0.40946060396698614 0.19680788131752736 0.37372834377460795 0.23847575186700426 -0.21331254259573373 -0.047550488191551381 -0.07353716825362977 -0.31556557184785783 0.054669045753913785 0.26952373756981873 0.22090607215469069 0.08975147751169317 -0.36277912448244803 -0.4901378081883575 0.2045797635241122 0.23124509649968591 -0.52808245489927719 -0.057063267676411039 -2.6685409900379575 -0.050638655676457325 -5.2830660808583119 -0.073889001126760667 0.11081701174504627 0.05380146919294905 -0.059643022951454884 0.0037808888099625849 -0.082820124590431865 -0.8395037173376082 0.59445542795398643 -0.87403936215525313 -2.2208461386949305 -0.99260773259457258 -0.12135673063544511 -0.051744671870719655 0.221236546795579 0.23373971650106815 -0.88384726710496764 -0.4138645862058451 -0.024549506335926324 0.022835685378647538 -1.3866612377373768 -0.79950935537540979 -0.57003248617126123 -0.71821348338513935 0.16324078437475595 0.42505663571697527 -0.053053662542684954 -0.58296937285304762 -0.93156705331106626 -0.093140807966518052 -0.30054463629063471
leaf_weight=34661 15471 664 7698 10042 1203 22194 16762 1382 7257 22139 15526 60 26642 15999 20865 2149 613 11411 6131 4829 1205 15957 2519 33197 1047 373 13450 5350 352 2275 923 33808 356 234 25754 1132 1490 279 788 112 93 614 140 239 6628 6449 85866 1981 347 897 6427 1500 219 22242 435 1334 4662 19036 6882 494 25 388 663
leaf_count=34661 15471 664 7698 10042 1203 22194 16762 1382 7257 22139 15526 60 26642 15999 20865 2149 613 11411 6131 4829 1205 15957 2519 33197 1047 373 13450 5350 352 2275 923 33808 356 234 25754 1132 1490 279 788 112 93 614 140 239 6628 6449 85866 1981 347 897 6427 1500 219 22242 435 1334 4662 19036 6882 494 25 388 663
internal_value=0.00101457 0.000231242 0.00227638 0.00198577 0.000710621 0.000324428 -0.000389771 -0.000861 0.000123045 0.00222449 -0.00132287 0.000239957 0.00154755 0.00200295 0.00113528 0.000211928 -0.00243638 0.000994949 -0.00134784 -0.00273585 -0.00449001 0.000731957 -0.00124716 0.000262737 -0.00085378 0.00115657 0.00154966 -0.000309805 -0.00175355 -0.00313783 -0.00124767 -0.000788097 0.00106706 -0.00141946 0.00171379 0.00146689 -0.0042973 -0.00225894 -0.00620983 -0.000448812 -0.0113415 -0.00630985 -0.00149541 -0.0036976 0.000467676 -0.0010173 0.00231858 0.00122004 -0.00824717 -0.0107556 -0.000375361 -0.00280393 -0.00546221 -0.00222642 -0.00711485 0.00123103 -8.928e-05 0.00128866 1.86169e-05 -0.00060208 -0.00575402 -0.00768482 -0.0103289
internal_weight=551860 340487 211373 176712 236631 161916 86089 103856 20074 156638 73163 30693 74715 134499 75827 29208 4794 32072 34878 12190 6059 24414 6611 51211 18014 59244 46720 12524 7174 4092 72499 49334 20786 10032 46619 17803 2775 1846 2645 16967 205 1817 9907 3340 20078 6822 102427 16561 1857 1244 6567 3101 1601 23165 714 20430 16073 20370 8863 22688 4854 1285 897
internal_count=551860 340487 211373 176712 236631 161916 86089 103856 20074 156638 73163 30693 74715 134499 75827 29208 4794 32072 34878 12190 6059 24414 6611 51211 18014 59244 46720 12524 7174 4092 72499 49334 20786 10032 46619 17803 2775 1846 2645 16967 205 1817 9907 3340 20078 6822 102427 16561 1857 1244 6567 3101 1601 23165 714 20430 16073 20370 8863 22688 4854 1285 897
is_linear=0
shrinkage=0.05


Tree=48
num_leaves=64
num_cat=0
split_feature=0 0 0 29 1 27 14 0 39 32 27 23 22 41 14 0 5 11 3 11 24 0 14 14 12 16 38 27 43 36 22 31 23 22 32 41 27 37 35 43 41 39 27 38 31 12 23 22 41 20 16 21 37 23 38 31 15 3 14 23 16 38 45
split_gain=204.067 55.683 41.2556 30.4901 25.3158 21.4168 17.3762 25.4349 16.3174 16.916 16.1726 16.1578 23.4689 13.4159 12.6749 12.6351 12.0213 11.9493 11.3757 11.2295 11.1765 10.9276 10.766 11.7726 11.2807 13.0723 10.0312 9.95501 9.81779 9.62137 12.056 9.56688 9.36752 9.14222 9.11748 9.00474 9.76356 10.5978 11.1401 11.5324 8.9239 8.90905 8.88454 8.69206 8.31771 8.18326 14.3413 12.2034 8.97394 8.19159 8.07918 9.93546 8.05899 8.91369 9.56524 9.70967 8.31672 7.99661 7.90614 7.65526 11.1511 10.2819 8.69549
threshold=54.025000000000006 23.050000000000004 175.25000000000003 0.22062492418127491 47.525000000000006 37.050000000000004 9.5000000000000018 78.825000000000003 0.25000000000000006 6.518006950068421 57.050000000000004 15.850000000000003 59.500000000000007 4857.7500000000009 4.5000000000000009 561.75000000000011 16.550000000000004 -0.78656609248549292 115.17500000000001 -0.78656609248549292 3.3500000000000001 14.050000000000002 9.5000000000000018 11.500000000000002 0.37940952255126048 6.99946693304737 25.850000000000005 60.050000000000004 -882.49999999999989 186.25000000000003 58.500000000000007 8.9887686758648986 27.550000000000004 59.500000000000007 -1.9807560377350624 10459.750000000002 152.25000000000003 67.500000000000014 0.26722820045975998 377.50000000000006 6764.2500000000009 1.0000000180025095e-35 118.25000000000001 26.850000000000005 -13.292267053620082 -0.3794095225512602 13.15 65.500000000000014 8186.5000000000009 -0.97988739209073461 -5.9265796414566028 112.50000000000001 85.500000000000014 26.850000000000005 26.150000000000002 1.2413497588342977 1.0000000180025095e-35 32.95000000000001 4.5000000000000009 19.550000000000004 11.851323429423475 19.450000000000003 1.5000000000000002
decision_type=2 2 2 2 8 10 2 2 2 2 8 2 2 2 2 2 10 2 8 2 2 2 2 2 2 2 2 8 2 2 2 2 2 2 2 2 10 2 2 2 2 2 10 2 2 2 2 2 2 2 2 2 2 2 2 2 2 10 2 2 2 2 2
left_child=1 8 4 5 13 52 7 14 21 -10 29 -9 19 -2 34 22 -7 20 -17 -13 -12 -1 45 28 25 -25 32 -16 43 -5 31 -31 -11 -23 42 36 37 38 -21 57 -41 -26 -6 -24 -35 48 -47 -48 -4 -50 51 -39 -3 -54 55 -55 -56 -40 -19 61 62 -14 -61
right_child=2 3 15 10 6 16 -8 11 9 26 17 12 59 -15 27 18 -18 58 -20 35 -22 33 23 24 41 -27 -28 -29 -30 30 -32 -33 -34 44 -36 -37 -38 50 39 40 -42 -43 -44 -45 -46 46 47 -49 49 -51 -52 -53 53 54 56 -57 -58 -59 -60 60 -62 -63 -64
leaf_value=0.39265897438777925 -0.049477473454230758 0.13911729041072673 0.25499907712654107 0.47043022657184325 0.1530421516650832 -0.14066143418999708 0.40353330764520101 0.32776324879553564 0.18425160703179788 -0.079784188181489676 -0.016379172424840816 -0.33291169891822969 -0.34412872084575913 -0.33236796037840538 0.10450425413533887 -9.8992740273700637 0.013170837020868654 0.29023474150142958 -2.4600550819154559 0.32982639976891426 -0.8824219180338666 0.31662425874252542 -1.5528366693985065 -1.5834434364689971 0.055108164482059699 0.0543045125119338 0.0011068209551182368 -0.048013415370206924 0.10966545856137722 0.39092419694288516 0.058052277760109607 0.1211440529099628 -0.32304115766893604 0.050616487605470842 0.40522336827536692 -0.16600074447594829 -0.29222409242802277 -0.66205288909663651 -0.45534607014208794 -0.93888653997461258 -0.4275612361801957 -4.0620187483844417 -0.28707643514892095 1.1123072136084453 0.21614115643958104 -0.34365459832061035 -0.74304244057102853 -1.6096681367980361 -4.8394060980938338 -0.78446011062548449 0.13243842409111259 -0.18593482150609308 0.14003280543566513 -0.10330655130936535 0.051615763966673646 -0.44938056439863133 -0.2302616841296318 0.15363794740245185 0.080736356620673078 -0.29487745136498028 -0.66948644371434163 0.3943397366998258 -2.298802661685996
leaf_weight=30642 12286 48433 3638 19787 16026 6350 27531 11280 7353 750 10290 5534 4236 7842 18905 284 24413 14512 2113 16458 22 16521 63 3890 4374 1801 2160 17680 16027 22646 12542 15109 389 7561 15258 9899 3207 491 1574 73 148 24 1327 42 33554 5183 4371 2652 105 1886 1162 1314 9530 2348 11149 167 454 6436 14111 12184 1060 2253 450
leaf_count=30642 12286 48433 3638 19787 16026 6350 27531 11280 7353 750 10290 5534 4236 7842 18905 284 24413 14512 2113 16458 22 16521 63 3890 4374 1801 2160 17680 16027 22646 12542 15109 389 7561 15258 9899 3207 491 1574 73 148 24 1327 42 33554 5183 4371 2652 105 1886 1162 1314 9530 2348 11149 167 454 6436 14111 12184 1060 2253 450
internal_value=0.000994999 0.00184179 -9.67157e-05 0.00138446 0.000222852 0.00076689 0.000416538 0.000200572 0.00282119 0.000972587 0.00196704 -0.000419951 -0.000716843 -0.00145618 0.000897884 -0.00143554 -0.000337581 0.00114999 -0.0049708 -9.65524e-05 -0.000309348 0.00304425 -0.00124319 -0.000598566 -0.00193825 -0.00340801 -0.00200212 0.000258986 0.000239276 0.00242095 0.0020535 0.00249967 -0.00579895 0.00263863 0.00161464 0.000190374 0.00061125 0.000914088 0.00125339 -0.000248451 -0.0115158 -3.638e-05 0.000830692 -0.015 0.00223945 -0.00219092 -0.00291824 -0.00439057 -0.000613786 -0.00331241 -0.00190934 -0.00400277 0.00123826 0.000481648 -0.000315909 -0.00311133 0.000290011 6.24222e-05 0.00167575 -0.00213967 -0.00280999 -0.000725073 -0.00239671
internal_weight=551860 310793 241067 211863 194614 102844 174486 146955 98930 10652 109019 77759 66479 20128 69196 46453 30763 38935 2397 46296 10312 88278 44056 26221 10089 5691 3299 36585 16132 70084 50297 37755 1139 57636 32611 40762 30863 27656 24689 8231 221 4398 17353 105 41115 17835 12206 7023 5629 1991 2967 1805 72081 23648 14118 2515 11603 8010 28623 20183 13694 6489 12634
internal_count=551860 310793 241067 211863 194614 102844 174486 146955 98930 10652 109019 77759 66479 20128 69196 46453 30763 38935 2397 46296 10312 88278 44056 26221 10089 5691 3299 36585 16132 70084 50297 37755 1139 57636 32611 40762 30863 27656 24689 8231 221 4398 17353 105 41115 17835 12206 7023 5629 1991 2967 1805 72081 23648 14118 2515 11603 8010 28623 20183 13694 6489 12634
is_linear=0
shrinkage=0.05


Tree=49
num_leaves=64
num_cat=0
split_feature=0 0 0 1 37 1 0 16 28 27 13 27 41 14 32 28 14 24 4 36 14 5 31 11 43 24 25 27 40 28 16 14 14 13 13 36 22 43 29 22 32 27 5 17 31 13 16 31 18 35 3 14 34 12 0 3 37 33 1 44 11 11 36
split_gain=190.931 62.3458 32.3523 31.2497 28.6335 24.9354 25.0007 21.8733 19.5754 16.4942 15.4337 15.2196 14.7544 14.7506 13.7367 13.7079 16.9133 14.9694 13.6632 13.113 12.935 11.751 10.885 10.1907 12.349 13.0783 10.1342 9.8679 9.51166 9.24391 9.79037 9.12889 10.4562 15.1438 18.0037 9.77415 9.87916 9.40245 9.73187 13.1915 9.19108 9.54261 9.14003 8.99837 8.81576 10.0764 8.74979 8.74078 8.73614 12.8478 8.98557 8.44409 8.43116 8.42375 8.38452 12.6859 8.36615 8.80582 8.29684 8.83779 8.11021 8.01506 7.96277
threshold=35.95000000000001 86.02500000000002 14.050000000000002 32.525000000000006 91.500000000000014 62.625000000000007 252.75000000000003 1.578823896973794 1.7650000000000003 60.550000000000004 4.5000000000000009 36.550000000000004 4929.5000000000009 9.5000000000000018 8.3324246518880454 8.5250000000000021 5.5000000000000009 1.0000000180025095e-35 44.025000000000006 392.50000000000006 5.5000000000000009 16.550000000000004 21.587342881089356 -0.60355339059327362 -28.124999999999996 4.0500000000000007 982.25000000000011 63.525000000000006 978.25000000000011 1.7550000000000001 2.2284892998376247 9.5000000000000018 4.5000000000000009 2.5000000000000004 1.0000000180025095e-35 797.50000000000011 48.500000000000007 -282.49999999999994 6.3567296348715123 40.500000000000007 -13.292267053620082 91.050000000000011 22.450000000000003 3.1747375747925832 -12.973823785853943 2.5000000000000004 -10.742826820531135 -0.70169209133456789 27.750000000000004 0.8869770585236475 85.02500000000002 6.5000000000000009 -0.83385407025023295 0.1294095225512602 692.00000000000011 115.17500000000001 51.500000000000007 15.65 241.25000000000003 492.00000000000011 -0.78656609248549292 -0.78656609248549292 180.62500000000003
decision_type=2 2 2 8 2 8 2 2 2 8 2 10 2 2 2 2 2 2 10 2 2 8 2 2 2 2 2 10 2 2 2 2 2 2 2 2 2 2 2 2 2 10 10 2 2 2 2 2 2 2 10 2 2 2 2 8 2 2 10 2 2 2 2
left_child=2 3 -1 12 8 -3 13 9 11 20 15 44 -2 23 -6 16 17 26 61 -13 -5 -18 -14 -7 25 48 27 -9 -12 30 -21 32 40 34 35 -34 -37 43 42 -40 41 -11 -39 -35 45 -4 53 -48 -25 -50 -51 -23 -15 -41 58 -56 57 -57 59 -8 -16 -19 -28
right_child=1 5 4 7 14 6 54 10 -10 31 28 19 22 52 60 -17 21 18 -20 29 -22 51 -24 24 -26 -27 62 -29 -30 -31 -32 -33 33 37 -36 36 -38 38 39 46 -42 -43 -44 -45 -46 -47 47 -49 49 50 -52 -53 -54 -55 55 56 -58 -59 -60 -61 -62 -63 -64
leaf_value=0.3480260256683903 0.016287387950912779 -0.69275745151307022 0.20485758459070419 0.2424548583745974 0.062133860343115126 -0.35566472409262562 -0.74405491995608208 -0.021834279269455872 0.41132729800879098 -0.00015337594178008613 0.11286619011441826 0.18359488097087376 -0.1660115206343491 -0.14102753047643937 -0.22499088155428837 0.45601150399026075 -0.15599510339287942 -0.89208489985204142 0.051878275512966449 -0.060723483003445815 0.032969762338495696 0.66632074775625727 -0.50271870125549245 0.21127082833515023 -0.12093221616590877 -1.0098645577924692 0.41663307272250871 -0.28608680771575395 0.51115752805012604 -0.27508893313207777 0.12221790175074264 0.59676432730520357 -0.045620177142188044 -0.23449982298561031 0.19728006233424711 -0.39418287662841323 -0.092713242478154004 -0.24987066203266495 0.084103226243744958 -0.11771846537699321 0.14020641187973248 -0.61915931616887232 -0.028319730064737439 0.2496912472925133 0.20290805918555083 -0.0024316703195415459 -0.0053329009618471425 -0.38912175902007673 0.02056254458658191 -1.5853719246370477 -1.142980549725169 0.17044167733855753 0.3504698039230158 -0.56111246765093781 -11.549009533009626 -2.7085305160218258 -0.75816852065184215 -7.0002948816693635 -0.46373862567027013 -1.7206428750013314 -0.073968570301460618 -0.4561442834069997 -0.011430649601635319
leaf_weight=34661 14556 7401 7366 27072 13953 10907 3182 4437 20693 1964 7167 15099 10031 8400 364 9205 1207 84 127 8901 32689 5458 463 16489 42809 27 7340 2114 18183 131 6315 3391 2280 1125 8085 446 403 2082 1158 468 15267 888 6262 2539 81522 8392 1181 1193 423 96 111 13124 25510 1656 124 189 697 143 15072 2590 4908 71 11669
leaf_count=34661 14556 7401 7366 27072 13953 10907 3182 4437 20693 1964 7167 15099 10031 8400 364 9205 1207 84 127 8901 32689 5458 463 16489 42809 27 7340 2114 18183 131 6315 3391 2280 1125 8085 446 403 2082 1158 468 15267 888 6262 2539 81522 8392 1181 1193 423 96 111 13124 25510 1656 124 189 697 143 15072 2590 4908 71 11669
internal_value=0.000970355 0.000262834 0.00219285 0.000789865 0.00190535 -0.000583215 -0.000418517 0.00100835 0.00214053 0.000551027 0.00163657 0.0019094 -0.000870259 -9.67814e-05 8.97271e-05 0.00116493 0.000809866 -3.2505e-05 -0.0114894 0.000933785 0.00111285 0.0019099 -0.00229941 -0.000507183 -0.000251438 0.000882422 9.38969e-05 -0.00160205 0.0026568 -9.54582e-05 1.84019e-05 -0.000115305 -0.000296083 -0.000886834 0.000550205 -0.00267018 -0.00724971 -0.00179914 -0.00238929 -0.00399045 0.000645455 -0.00196003 -0.00130393 0.000455786 0.00221474 0.00113212 -0.00521565 -0.00312974 0.000937263 -0.00484127 -0.0150483 0.00222043 0.000760838 -0.00754708 -0.00195095 -0.00610147 -0.00428085 -0.0108133 -0.00172136 -0.00333333 -0.0020846 -0.0214516 0.000678363
internal_weight=551860 349555 202305 215385 167644 134170 126769 190335 148419 110149 80186 127726 25050 104772 19225 54836 45631 25842 282 30446 59761 19789 10494 70862 59955 17146 25560 6551 25350 15347 15216 50388 46997 28878 11214 3129 849 17664 14000 5656 18119 2852 8344 3664 97280 15758 4498 2374 17119 630 207 18582 33910 2124 21997 1153 1029 332 20844 5772 5272 155 19009
internal_count=551860 349555 202305 215385 167644 134170 126769 190335 148419 110149 80186 127726 25050 104772 19225 54836 45631 25842 282 30446 59761 19789 10494 70862 59955 17146 25560 6551 25350 15347 15216 50388 46997 28878 11214 3129 849 17664 14000 5656 18119 2852 8344 3664 97280 15758 4498 2374 17119 630 207 18582 33910 2124 21997 1153 1029 332 20844 5772 5272 155 19009
is_linear=0
shrinkage=0.05


Tree=50
num_leaves=64
num_cat=0
split_feature=0 0 0 36 37 40 14 13 25 38 9 14 16 23 36 36 38 27 0 23 40 38 40 16 38 18 36 10 0 9 14 32 30 13 11 12 19 24 18 13 32 14 5 34 37 14 32 31 14 11 11 13 5 22 5 22 19 27 13 15 35 6 38
split_gain=178.602 60.9778 30.3342 30.1729 35.2196 26.5003 24.9301 30.5514 23.3955 23.049 18.9756 18.0626 17.755 16.3667 15.2265 15.0193 14.2529 13.3885 13.0763 12.7219 12.573 13.0929 12.5454 12.205 12.1347 12.0313 17.213 12.0257 11.5703 12.4691 11.5533 19.2579 18.6783 17.7588 12.3237 13.583 16.5926 11.47 11.4138 15.4818 12.8349 11.9603 10.5474 10.4133 10.0428 9.96631 9.76516 18.4108 9.61181 9.50457 9.42848 10.6124 9.42738 9.33697 9.32541 9.19985 9.14221 9.12254 9.02598 11.5413 11.6136 8.89534 8.86595
threshold=34.550000000000004 106.12500000000001 14.050000000000002 152.50000000000003 51.500000000000007 976.6500000000002 3.5000000000000004 4.5000000000000009 984.95000000000016 28.450000000000003 109.25000000000001 8.5000000000000018 8.1749998030374638 26.350000000000005 177.50000000000003 371.25000000000006 30.550000000000004 78.550000000000011 69.825000000000017 32.45000000000001 978.05000000000007 19.450000000000003 988.05000000000007 -11.872652678185036 23.250000000000004 5.7500000000000009 1217.5000000000002 10.215000000000002 314.25000000000006 96.050000000000011 4.5000000000000009 4.475237908141275 52.500000000000007 2.5000000000000004 -0.78656609248549292 -0.12940952255126037 0.96359376111369366 1.0000000180025095e-35 14.050000000000002 3.5000000000000004 10.403500037826648 3.5000000000000004 26.050000000000004 0.58068084432175981 81.500000000000014 7.5000000000000009 -4.0700397055754589 -10.665568021823754 1.5000000000000002 -0.9159756150367534 -0.9159756150367534 1.5000000000000002 49.550000000000004 62.500000000000007 198.25000000000003 54.500000000000007 -0.85260769842926909 26.950000000000003 1.5000000000000002 1.0000000180025095e-35 -0.27563735581699894 24.466666666666679 20.950000000000003
decision_type=2 2 2 2 2 2 2 2 2 2 10 2 2 2 2 2 2 8 2 2 2 2 2 2 2 2 2 8 2 8 2 2 2 2 2 2 2 2 2 2 2 2 10 2 2 2 2 2 2 2 2 2 8 2 8 2 2 10 2 2 2 10 2
left_child=2 3 -1 13 6 9 7 8 10 15 -5 17 20 18 -7 23 19 42 -2 -16 21 -3 46 -4 -15 26 -10 -24 29 -22 -8 55 34 52 35 36 43 -12 39 41 54 -26 -6 -33 -40 58 47 53 -19 -31 -21 56 -34 -14 -41 -32 -52 -17 -25 -60 -61 -43 -9
right_child=1 12 5 4 11 14 30 62 25 -11 37 -13 22 24 16 57 -18 48 -20 50 28 -23 27 45 38 -27 -28 -29 -30 49 31 32 33 -35 -36 -37 -38 -39 44 40 -42 61 -44 -45 -46 -47 -48 -49 -50 -51 51 -53 -54 -55 -56 -57 -58 -59 59 60 -62 -63 -64
leaf_value=0.33062472438497076 0.52434423108001726 -2.5753110855367991 0.18319489384030826 0.052932616496701147 -0.090369543875691113 0.36638338879409449 0.36762369090304542 -0.18737096717470414 0.04351001995187645 0.15761559449999521 -0.40387580406768003 0.15956918705323184 -0.13000587336758826 -0.43051038990321122 0.1158680131008997 -0.032640721460903382 0.2342886456197506 0.73049813805299968 0.20526170209712891 -0.3925999344118638 -17.18594127674103 -0.70008948698605522 -1.1548762204582215 -0.17030963193230597 -0.95982516685095121 0.051349966809427085 -0.59620320305037822 0.44846495632682093 -1.2207541822174184 -0.65407782510623114 0.22873442799076843 0.074929921297978375 -0.65402668546585208 0.21633951552901529 0.13474805547386046 0.020837317916657567 -0.75634665990392891 -0.75315688860663954 0.37533655791923043 -0.054323304063798039 -0.521624427605479 -0.57545023909795023 0.013544850469094852 -0.46216154923079489 -0.035608180752458266 0.17738229049361687 0.091827845234105865 -0.2677413070662335 -0.16918223601100058 -0.10894508107829851 -0.31180139497609338 0.086403007811022378 -0.44750719789619997 -1.1066249221971889 -0.5072130732938156 -0.032626612006431625 -0.079257878994387382 -0.18979848217790121 0.016961536890777316 -0.34230307602074811 -0.11174413266760042 0.22036468801097114 0.44874386518444886
leaf_weight=34661 24960 57 6471 1924 15769 25794 20926 892 697 42343 4835 11056 235 624 33526 2765 31716 940 20142 310 280 4902 957 2501 121 10799 503 15357 10143 4288 28804 254 467 542 5458 821 104 119 14411 5558 680 247 40443 276 4140 3005 7993 6958 19550 49352 278 1352 729 581 739 4664 438 2477 5226 86 230 8816 6568
leaf_count=34661 24960 57 6471 1924 15769 25794 20926 892 697 42343 4835 11056 235 624 33526 2765 31716 940 20142 310 280 4902 957 2501 121 10799 503 15357 10143 4288 28804 254 467 542 5458 821 104 119 14411 5558 680 247 40443 276 4140 3005 7993 6958 19550 49352 278 1352 729 581 739 4664 438 2477 5226 86 230 8816 6568
internal_value=0.000947161 0.000287038 0.00217283 0.000695479 0.000330812 0.00187985 0.0010294 -0.000262558 -0.0013331 0.00110546 -0.00365804 -0.000380706 -0.000753538 0.00149855 0.00241955 -0.000177716 0.00202529 -0.000653047 0.00212984 0.00134303 -0.00120527 -0.00363077 0.000218354 0.000524859 0.000692778 -4.16515e-07 -0.00475 0.00119039 -0.00101751 -0.000726075 0.00156912 0.00109203 -0.00101087 -0.00564442 0.000154058 -0.00393471 -0.00943218 -0.00529471 0.000817009 -0.000154384 -0.00192991 0.00119447 -0.000254216 -0.00584906 0.00166325 -0.000485155 -0.000787404 -0.00204914 -0.00174719 -0.000671141 -0.00219092 -0.000971953 -0.00904682 -0.00915441 -0.00122519 0.00163559 -0.00589385 -0.00252575 -0.00140308 -0.000277878 -0.00955696 0.00140296 0.00244638
internal_weight=551860 358681 193179 257578 177140 158518 89382 26337 18877 65104 6878 87758 101103 80438 93414 22761 67620 76702 45102 35904 69022 4959 32081 17519 35336 11999 1200 16314 64063 53920 63045 42119 8651 1738 6913 1455 634 4954 34712 16161 6977 9184 56212 530 18551 11048 15767 7774 20490 53640 2378 2068 1196 816 6297 33468 716 5242 8043 5542 316 9063 7460
internal_count=551860 358681 193179 257578 177140 158518 89382 26337 18877 65104 6878 87758 101103 80438 93414 22761 67620 76702 45102 35904 69022 4959 32081 17519 35336 11999 1200 16314 64063 53920 63045 42119 8651 1738 6913 1455 634 4954 34712 16161 6977 9184 56212 530 18551 11048 15767 7774 20490 53640 2378 2068 1196 816 6297 33468 716 5242 8043 5542 316 9063 7460
is_linear=0
shrinkage=0.05


Tree=51
num_leaves=64
num_cat=0
split_feature=0 0 0 16 37 13 28 41 27 14 14 42 29 0 25 40 28 28 33 14 17 11 35 23 14 7 21 13 38 22 23 22 43 27 44 39 17 20 44 17 35 8 14 15 12 23 37 37 41 35 33 36 38 27 24 37 22 12 35 11 1 41 41
split_gain=161.928 53.3856 29.8353 27.5464 27.5378 21.6652 22.5171 18.77 18.3001 20.8675 18.3766 17.5442 15.3463 15.1266 15.0475 14.5424 14.4325 13.9091 13.3438 21.4164 11.6087 14.821 14.2542 11.4761 15.5967 15.3353 13.7445 14.5766 14.0729 13.2534 25.7737 13.2713 16.5288 12.5063 11.1934 11.0643 10.823 10.5975 10.4748 10.3721 11.7603 10.2775 10.2058 16.7275 15.8538 14.7242 13.9585 11.0637 10.1689 12.4379 12.4711 10.0142 12.942 14.6413 9.64403 9.24048 15.5446 11.6346 9.04161 8.91905 8.84177 8.74843 8.64913
threshold=35.95000000000001 112.07500000000002 14.050000000000002 0.87259251161808027 77.500000000000014 4.5000000000000009 2.7650000000000006 8703.7500000000018 83.050000000000011 5.5000000000000009 9.5000000000000018 -2.7999999999999989 588.55950882235913 359.25000000000006 985.55000000000007 978.25000000000011 0.72500000000000009 2.6350000000000002 13.250000000000002 4.5000000000000009 10.642100571254312 -0.60355339059327362 -0.47714059151611382 17.450000000000003 5.5000000000000009 40.661805555555567 537.50000000000011 1.0000000180025095e-35 31.550000000000004 48.500000000000007 22.350000000000005 76.500000000000014 77.500000000000014 63.050000000000004 9157.7500000000018 1.0000000180025095e-35 -9.3664781188281268 -0.58068084432175959 -695.99999999999989 11.853488497216714 -0.42261826174069922 -5.6999999999999993 7.5000000000000009 1.0000000180025095e-35 0.1294095225512602 33.250000000000007 92.500000000000014 89.500000000000014 5965.7500000000009 -0.50751903745502724 11.450000000000001 422.50000000000006 34.45000000000001 32.750000000000007 4.0500000000000007 89.500000000000014 78.500000000000014 0.60355339059327384 -0.55191596924288677 -0.60355339059327362 22.550000000000004 1989.2500000000002 2755.7500000000005
decision_type=2 2 2 2 2 2 2 2 8 2 2 2 2 2 2 2 2 2 2 2 2 2 2 2 2 8 2 2 2 2 2 2 2 10 2 2 2 2 2 2 2 10 2 2 2 2 2 2 2 2 2 2 2 10 2 2 2 2 2 2 8 2 2
left_child=2 3 -1 8 11 6 12 42 9 16 60 -4 17 14 35 -7 -2 23 -18 -20 21 22 41 -5 29 26 -26 28 -28 -25 31 -31 -33 -32 -17 -3 -19 -21 -16 40 -39 -9 43 46 -45 62 -6 -46 -11 50 -50 -13 53 -53 -8 59 57 -57 -14 -40 -10 -59 -44
right_child=1 13 4 5 7 15 54 20 10 48 -12 51 58 -15 38 34 18 36 19 37 -22 -23 -24 24 25 -27 27 -29 -30 30 33 32 -34 -35 -36 -37 -38 39 55 -41 -42 -43 45 44 47 -47 -48 -49 49 -51 -52 52 -54 -55 -56 56 -58 61 -60 -61 -62 -63 -64
leaf_value=0.31409348816572225 0.24669113632188699 -0.29271467399597356 0.312324452363341 0.48467843238205222 0.1114431715436483 0.054961495652977969 0.32766142703248269 -0.3193061582597983 -0.57422972617978219 0.036021900034506567 0.49463332714293062 0.27215973271861282 -1.1726333245575153 -1.3761296831019865 0.29968802718403781 0.58114111350932596 0.19808826827292647 -0.8268863638938122 0.095411572322230326 0.11965178722152446 0.24192697653616799 -0.041438834775875399 -0.18036564585268455 0.001743524763535763 0.068272967783735025 0.25747869157071962 -0.70556672928775266 -0.14158531212026859 -0.17029414481985486 0.053940216490934424 -0.29717797962109643 -0.17458218926063632 -0.89946032963357592 -0.48395358259574356 -0.0016004597954539374 -1.3061025821665118 -0.073325565737806117 -0.3928814696243631 -0.4626636270466371 -1.2161353302244713 -0.18989955793975444 -0.19632666931116793 0.2566638087589348 0.047877857751474261 -0.35325497647589205 -0.28906258917880684 -0.074473855008356377 0.00011063954383845196 -0.3181125555514499 -0.018491007656336357 -0.073221448543660791 0.11824421144938511 0.2436724231514571 -0.041788814383778988 -0.95638358338581142 -1.9410259859654144 -0.24705408148364097 -1.4754005305549189 -0.13173724838362436 0.063366745440804909 -0.10080688363924516 0.44080099648718885 0.07586336971261709
leaf_weight=34661 30082 29872 41649 6940 20795 9798 19670 229 791 29076 5376 16102 257 9615 15423 23053 8191 277 5849 867 1438 5200 1250 17808 5622 17676 306 2057 318 4483 1247 303 183 1204 3014 535 307 903 7856 100 2219 221 15938 433 307 297 5939 122 1972 15225 3784 23164 10841 10058 31 655 3507 337 313 25608 36407 438 13661
leaf_count=34661 30082 29872 41649 6940 20795 9798 19670 229 791 29076 5376 16102 257 9615 15423 23053 8191 277 5849 867 1438 5200 1250 17808 5622 17676 306 2057 318 4483 1247 303 183 1204 3014 535 307 903 7856 100 2219 221 15938 433 307 297 5939 122 1972 15225 3784 23164 10841 10058 31 655 3507 337 313 25608 36407 438 13661
internal_value=0.000921701 0.000270129 0.00204753 0.000644463 0.00177143 0.00121911 0.000756437 0.00097448 0.0001758 0.000550942 -0.000690092 0.00228672 0.000269894 -0.000749845 -0.000535373 0.00223825 0.00129338 0.000349134 0.000178995 -0.00105253 -0.0012425 -0.0020942 -0.00614706 0.000426247 0.000167653 0.00102756 -0.000744911 -0.00369079 -0.0103846 -0.000717853 -0.00249326 -0.000423626 -0.0082716 -0.00668911 0.00285553 -0.00142451 -0.00732877 -0.00382856 -3.30706e-05 -0.00514898 -0.00464126 -0.0137778 0.00129601 0.000602624 -0.0062529 0.00193605 0.00082367 -0.0130653 -0.000164113 -0.00100305 -0.00298297 0.00174063 0.00135068 0.000861176 0.00222095 -0.000475118 -0.00249443 -0.00688811 -0.00789474 -0.000177205 -0.001085 -0.00274194 0.0020472
internal_weight=551860 349555 202305 255709 167644 114867 79002 65830 140842 98268 42574 101814 59301 93846 84231 35865 48211 58731 18129 9938 8338 6900 1700 58147 51207 25979 8303 2681 624 25228 7420 4969 486 2451 26067 30407 584 4089 53824 3222 3122 450 57492 27596 862 29896 26734 429 50057 20981 5756 60165 44063 33222 19701 38401 4937 1430 570 33464 37198 775 29599
internal_count=551860 349555 202305 255709 167644 114867 79002 65830 140842 98268 42574 101814 59301 93846 84231 35865 48211 58731 18129 9938 8338 6900 1700 58147 51207 25979 8303 2681 624 25228 7420 4969 486 2451 26067 30407 584 4089 53824 3222 3122 450 57492 27596 862 29896 26734 429 50057 20981 5756 60165 44063 33222 19701 38401 4937 1430 570 33464 37198 775 29599
is_linear=0
shrinkage=0.05


Tree=52
num_leaves=64
num_cat=0
split_feature=8 7 9 16 11 44 37 28 11 31 44 32 30 36 8 37 32 37 23 34 31 26 13 16 18 38 23 35 22 6 31 30 12 4 36 31 18 33 13 6 31 32 31 40 19 9 26 38 35 14 25 31 18 17 16 2 25 16 43 21 2 6 30
split_gain=110.039 55.2931 39.9129 39.7525 29.3782 23.6424 21.8031 18.8756 15.7993 16.296 14.8813 14.6477 21.3816 13.7247 13.2933 13.2146 12.5056 15.6152 11.6521 11.6463 11.4539 13.7375 17.03 10.8434 11.8061 10.8324 18.9477 16.2597 10.742 10.6026 10.3379 11.2285 9.83068 9.82518 18.1769 11.176 9.83507 9.55556 9.87722 9.42458 9.19499 9.18882 15.2711 9.18201 8.76054 9.27221 8.63041 8.51482 8.19153 8.1606 11.2021 20.6342 12.6582 8.07364 8.00902 7.96909 7.96901 7.92931 7.85203 7.77887 7.45218 7.36506 7.32983
threshold=18.016500000000004 80.087867647058843 38.050000000000004 1.0564618975553799 -0.25881904510252113 -3763.2499999999977 94.500000000000014 1.0000000180025095e-35 -0.9159756150367534 0.70710678118654768 157.75000000000003 14.774050854291081 59.500000000000007 57.500000000000007 39.015000000000008 86.500000000000014 -14.977262384304797 53.500000000000007 36.750000000000007 -0.12186934340514725 -4.6923240590432149 11148.750000000002 1.0000000180025095e-35 19.756174173362819 21.350000000000005 34.850000000000001 34.250000000000007 -0.68832836526074781 83.500000000000014 231.68333333333337 1.5992842052757532 1.0000000180025095e-35 0.60355339059327384 29.050000000000004 522.50000000000011 6.2923644806432373 5.1500000000000012 11.550000000000002 3.5000000000000004 16.816666666666674 8.4977817612202653 7.4317378310826792 1.4264748113697137 986.85000000000002 -0.77714596145697057 177.25000000000003 33205.500000000007 16.250000000000004 -0.37460659341591213 3.5000000000000004 987.85000000000002 -9.4414041301650666 15.250000000000002 -10.346850364753864 11.49579856473404 23.050000000000004 973.85000000000002 7.8745153643026145 -202.49999999999997 82.500000000000014 114.25000000000001 241.20833333333334 23.500000000000004
decision_type=10 8 10 2 2 2 2 2 2 2 2 2 2 2 10 2 2 2 2 2 2 2 2 2 2 2 2 2 2 10 2 2 2 8 2 2 2 2 2 10 2 2 2 2 2 10 2 2 2 2 2 2 2 2 2 10 2 2 2 2 8 10 2
left_child=1 2 39 5 11 18 16 20 9 -3 -9 25 47 61 -6 37 19 62 -4 -7 21 -5 48 -12 -25 26 32 -28 30 43 -17 59 40 58 -35 36 55 57 49 -1 -2 -8 -43 44 -11 -46 -42 -13 -23 50 51 52 -39 -54 -51 -36 -16 -15 -19 -32 -48 -10 -18
right_child=4 8 3 7 14 6 41 10 13 29 23 12 -14 15 56 28 17 33 -20 -21 -22 22 -24 24 -26 -27 27 -29 -30 -31 31 -33 -34 34 35 -37 -38 38 -40 -41 46 42 -44 -45 45 -47 60 -49 -50 54 -52 -53 53 -55 -56 -57 -58 -59 -60 -61 -62 -63 -64
leaf_value=0.31844486968031682 -0.16789582248802526 0.083811471663217618 0.20841699588574772 0.079267930324803004 0.076884526661093369 -0.36667067002393289 -0.017208335003894452 0.48755741148179416 0.61069484908555993 0.0078268869299928847 0.17335945505471972 -5.0322758250647386 -4.6765748498808035 0.12010459237016319 -0.42889759731111332 -0.26942875487177909 0.24017309957396737 -0.091391758702700832 -0.076257726260257327 0.22438111174675784 0.15725836994623213 -0.38071408842281734 -0.031338592637635908 -0.38269254055767599 0.00077640596959248549 0.08429610038665819 -0.77907420184016929 -0.29268303888425512 0.030101476693594573 -2.237489373755102 -1.7808132331316384 -1.6489239797991602 -0.065856795472883312 0.044177984520966329 -0.36688755324360206 0.15982955025013601 -0.083201810244969865 -0.12149547566398654 0.132662516688864 0.22956879200903124 -0.50838051165692755 -0.14134273698308758 -0.53122348829939092 -0.048184552755454746 -0.27505296209969993 -0.90061337231958649 -0.59839587941664563 -0.27341468642098077 -0.14881448151996973 -0.062219854898760134 0.033347458797379208 -0.1745130785359329 -1.1794419394827655 -0.47242522796611652 0.43533470776142763 -0.16521871500680763 -0.10097740131251456 0.53938323408924971 0.10317139993401836 0.18397271677606952 0.036967272238112928 -0.071640420456218837 0.054673440287278302
leaf_weight=18575 10650 7560 33707 11844 38911 2068 3741 32258 18064 1233 21957 30 199 11971 1480 1732 20071 2036 2761 1019 48193 453 1925 181 357 4904 681 1806 2756 401 438 272 12658 37990 683 2183 9592 478 18198 43633 4488 4218 132 4100 2429 1297 229 705 248 10322 5189 5857 269 412 3516 1794 34333 7352 22378 312 82 4181 8368
leaf_count=18575 10650 7560 33707 11844 38911 2068 3741 32258 18064 1233 21957 30 199 11971 1480 1732 20071 2036 2761 1019 48193 453 1925 181 357 4904 681 1806 2756 401 438 272 12658 37990 683 2183 9592 478 18198 43633 4488 4218 132 4100 2429 1297 229 705 248 10322 5189 5857 269 412 3516 1794 34333 7352 22378 312 82 4181 8368
internal_value=0.000902765 0.00125735 0.00157711 0.00131418 -0.000503077 0.000782403 0.000434022 0.00200594 0.000276401 -0.00112221 0.00268415 -0.00166722 -0.00784797 0.000537074 6.45042e-05 0.000189218 0.000621268 0.000713402 0.00189317 -0.00251539 0.00141335 0.000179682 -0.00309216 0.00169704 -0.00531598 -0.00150459 -0.00185428 -0.00603739 -0.00215971 -0.00250529 -0.00436819 -0.00835616 -0.00148415 0.000342178 -4.47914e-05 -0.0015675 -0.00216298 0.000392833 -1.23187e-05 0.00271894 -0.00233057 -0.00206958 -0.00363218 -0.00215311 -0.00360052 -0.00480945 -0.00414774 -0.00391156 -0.00976462 -0.000636831 -0.00157927 -0.00288198 -0.00897757 -0.0133554 0.000194392 -0.00497174 -0.000630637 0.00132045 0.00117023 -0.0052 -0.0122026 0.00161722 0.00171402
internal_weight=551860 440704 332365 270157 111156 152741 116273 117416 108339 17020 54753 36432 934 91319 74724 69074 108182 105095 36468 3087 62663 14470 2626 22495 538 35498 30594 2487 5510 9460 2754 1022 28107 76656 52242 14252 12069 63564 44241 62208 15449 8091 4350 9059 4959 3726 4799 735 701 26043 12205 7016 1159 681 13838 2477 35813 19323 24414 750 311 22245 28439
internal_count=551860 440704 332365 270157 111156 152741 116273 117416 108339 17020 54753 36432 934 91319 74724 69074 108182 105095 36468 3087 62663 14470 2626 22495 538 35498 30594 2487 5510 9460 2754 1022 28107 76656 52242 14252 12069 63564 44241 62208 15449 8091 4350 9059 4959 3726 4799 735 701 26043 12205 7016 1159 681 13838 2477 35813 19323 24414 750 311 22245 28439
is_linear=0
shrinkage=0.05


Tree=53
num_leaves=64
num_cat=0
split_feature=8 27 16 11 10 39 31 43 39 25 7 9 13 13 31 35 4 8 35 4 3 42 37 26 27 38 22 41 14 8 13 28 37 41 13 14 29 25 31 18 11 9 30 38 31 35 40 31 37 28 16 5 20 26 36 27 41 22 2 17 35 13 13
split_gain=102.134 64.6506 41.1084 26.0805 23.1682 20.1414 19.9343 15.7299 15.4677 14.3612 18.0226 14.8543 14.0914 14.1888 14.408 18.3407 13.8694 12.8698 14.9582 12.5234 13.8998 12.1367 11.9525 11.5945 9.7976 9.7941 9.4252 9.25542 9.25495 12.0968 10.098 11.4916 9.98333 9.00605 8.86979 9.90958 11.0496 8.88942 10.6224 12.5198 9.66883 8.54183 8.50504 8.49251 8.43353 8.70601 10.0732 8.40699 11.4581 10.2748 10.8107 10.0838 8.35602 8.21286 8.08168 8.9463 8.88475 8.07723 7.96078 7.88385 7.87945 8.68134 9.93624
threshold=18.016500000000004 36.550000000000004 12.450840490089439 -0.25881904510252113 72.925000000000026 1.0000000180025095e-35 11.357217151124987 -31.249999999999996 0.35000000000000003 972.1500000000002 65.539791666666687 38.050000000000004 1.5000000000000002 2.5000000000000004 -6.3205215953614529 1.0000000180025095e-35 313.25000000000006 119.05000000000001 -0.7933231318270072 72.825000000000003 51.025000000000006 -3.5999999999999983 70.500000000000014 8824.7500000000018 120.25000000000001 29.050000000000004 42.500000000000007 6156.5000000000009 4.5000000000000009 251.67500000000004 2.5000000000000004 6.3500000000000005 38.500000000000007 8431.7500000000018 3.5000000000000004 3.5000000000000004 1.9494852926415629 987.95000000000016 -9.3292314415745548 15.450000000000001 -0.9159756150367534 183.25000000000003 31.500000000000004 39.45000000000001 6.2923644806432373 -0.095842103007655791 993.6500000000002 8.9887686758648986 89.500000000000014 1.0550000000000004 18.713706903223819 445.25000000000006 -0.58068084432175959 3668.7500000000005 196.25000000000003 141.25000000000003 2671.7500000000005 51.500000000000007 31.525000000000002 10.449925109237682 0.30069434954884205 5.5000000000000009 2.5000000000000004
decision_type=10 8 2 2 10 2 2 2 2 2 8 10 2 2 2 2 8 10 2 10 10 2 2 2 10 2 2 2 2 10 2 2 2 2 2 2 2 2 2 2 2 10 2 2 2 2 2 2 2 2 2 8 2 2 2 10 2 2 10 2 2 2 2
left_child=1 8 4 17 5 9 -6 -4 21 -3 11 -11 -9 14 15 -14 34 43 24 28 42 -1 27 -7 -19 59 -24 -13 29 60 31 -30 -33 -28 35 36 -12 38 39 -38 53 58 -21 54 -36 46 -46 48 -15 52 -51 -50 -49 -40 -2 56 -56 -44 -17 -10 -5 62 -62
right_child=3 2 7 19 6 23 -8 12 25 10 16 22 13 47 -16 41 -18 18 -20 20 -22 -23 26 -25 -26 -27 33 -29 30 -31 -32 32 -34 -35 44 -37 37 -39 40 -41 -42 -43 57 -45 45 -47 -48 49 51 50 -52 -53 -54 -55 55 -57 -58 -59 -60 -61 61 -63 -64
leaf_value=0.28733423809665298 -0.086090201368421146 -0.05227625161084707 0.4033739113235294 0.41427812563129207 -0.028252776211688025 -0.097751055993658659 -0.45367933251506321 0.35236178054277212 -0.049229368058556738 0.24623352498486561 0.13483891016876554 0.28671562953866708 0.057521080044045908 0.46642544653607909 -0.035922781862388814 0.6549621227801844 -0.17546245726626852 -3.9814324322436749 -1.4352478866646532 -0.43703288525337336 -0.057997003437330365 0.15496657265760608 -0.53156124568678198 0.094556621957067044 -7.2991949623959007 0.21518397155789321 0.055197906212946936 0.070245254264955731 0.14777261629838823 -8.0583029647621167 -0.072079792563842837 0.24893796504322119 -0.50232005543260028 -0.13999060468449165 0.43948531430957172 0.11042377759953047 -0.35590454252218612 -0.0084761174364516023 -0.83883434892713926 -1.0687338120168561 -0.13972887221359973 -0.61252308771576647 -0.64889259500801333 0.35689169405307941 -0.1743607936381702 0.12564756042810313 -1.1657977914503428 -0.63454745469717833 0.050815927857300963 -0.1356339288137802 -0.59195393174306832 -1.5074794416600943 0.11191030981764448 -0.20272330854238621 -0.47221251689755062 -0.91622429341132805 -0.16811270657642163 -1.400769847426393 -1.1073563939740922 0.39438215870855448 0.088959951448357208 0.53615851867023279 -0.40076872670945596
leaf_weight=55039 13217 11942 29672 10803 22363 15605 6194 9529 8740 13472 5531 24791 450 6627 2764 28 17420 99 2389 4911 20557 92302 295 5744 106 3288 24310 22257 10970 81 18463 395 535 2521 14378 20351 273 3048 428 120 2742 474 557 1445 1224 8890 80 113 193 1003 268 133 4403 457 1021 687 17468 390 204 1038 3843 1613 1606
leaf_count=55039 13217 11942 29672 10803 22363 15605 6194 9529 8740 13472 5531 24791 450 6627 2764 28 17420 99 2389 4911 20557 92302 295 5744 106 3288 24310 22257 10970 81 18463 395 535 2521 14378 20351 273 3048 428 120 2742 474 557 1445 1224 8890 80 113 193 1003 268 133 4403 457 1021 687 17468 390 204 1038 3843 1613 1606
internal_value=0.000880115 0.00122173 0.000763601 -0.000474288 0.000461513 0.000655481 -0.000868964 0.00197732 0.00202226 0.000832808 0.000955729 0.00144251 0.00108423 0.000207083 -0.00242347 -0.00711073 0.000386432 -0.00157115 -0.0049653 6.04895e-05 -0.000814878 0.00216847 0.0011651 -0.000794182 -0.0179268 0.000373489 0.000329205 0.00164704 0.000539134 0.00143932 7.08117e-06 0.00114286 -0.00419355 0.000426932 0.000760753 0.000224583 -0.00087745 -0.00218732 -0.00373134 -0.0115394 -0.0028853 -0.0121388 -0.00296347 -0.00131095 0.00147973 0.000379635 -0.00343558 0.00101648 0.00218826 -0.000391394 -0.00436271 -0.00696319 0.000726307 -0.00742938 -0.00147825 -0.00213392 -0.00192574 -0.00730201 -0.02 -0.000420331 0.00152673 0.000227981 -0.000725821
internal_weight=551860 440704 280297 111156 224436 195879 28557 55861 160407 174530 162588 87646 26189 16660 3920 1156 74942 36432 2594 74724 26415 147341 74174 21349 205 13066 27126 47048 48309 17946 30363 11900 930 26831 57522 32950 12599 7068 4020 393 3627 706 5858 33838 24572 10194 1304 12740 6953 5787 1271 326 4516 885 32393 19176 18489 947 232 9778 17865 7062 5449
internal_count=551860 440704 280297 111156 224436 195879 28557 55861 160407 174530 162588 87646 26189 16660 3920 1156 74942 36432 2594 74724 26415 147341 74174 21349 205 13066 27126 47048 48309 17946 30363 11900 930 26831 57522 32950 12599 7068 4020 393 3627 706 5858 33838 24572 10194 1304 12740 6953 5787 1271 326 4516 885 32393 19176 18489 947 232 9778 17865 7062 5449
is_linear=0
shrinkage=0.05


Tree=54
num_leaves=64
num_cat=0
split_feature=0 0 23 0 29 27 14 27 8 44 28 10 39 14 7 13 0 14 14 37 14 11 35 31 33 36 22 5 34 6 16 14 18 31 25 35 40 0 39 11 35 23 19 15 14 12 30 7 5 34 13 22 37 23 26 29 31 36 7 14 13 5 37
split_gain=136.881 45.1444 30.1072 29.9272 28.3428 23.2812 24.4779 21.1583 18.1087 16.4076 15.381 13.7783 13.7354 13.4678 13.9209 12.2305 11.5847 11.1051 10.7605 10.4676 10.8632 10.373 10.3037 13.2564 10.0932 10.6393 11.2251 16.6237 14.1721 9.93434 9.54892 9.54731 11.5709 9.70751 9.50617 9.49525 9.25349 10.4449 9.14409 8.76772 11.27 13.4413 9.01065 8.34826 17.0964 14.3945 8.34581 8.2954 9.30337 10.5651 8.19386 8.11133 7.64708 7.47367 7.40599 13.287 7.26101 7.22891 7.18711 7.16708 9.11394 10.951 7.69449
threshold=35.95000000000001 78.825000000000003 24.850000000000005 14.050000000000002 1.1823965240841976 60.550000000000004 6.5000000000000009 37.050000000000004 43.050000000000011 328.25000000000006 15.320000000000002 12.525000000000002 0.25000000000000006 9.5000000000000018 283.1805555555556 1.0000000180025095e-35 499.50000000000006 5.5000000000000009 8.5000000000000018 28.500000000000004 3.5000000000000004 -0.78656609248549292 0.50751903745502724 -7.5480874549094121 17.550000000000004 422.50000000000006 61.500000000000007 59.525000000000006 0.9681107762825325 29.550000000000011 -5.7717804557247314 4.5000000000000009 10.750000000000002 -19.226160818592611 973.55000000000007 0.43049470426488862 977.95000000000016 151.75000000000003 1.0000000180025095e-35 -1.0000000180025095e-35 -0.54463903501502697 34.250000000000007 0.82409480842201688 1.0000000180025095e-35 7.5000000000000009 1.0000000180025095e-35 76.500000000000014 75.252083333333346 42.525000000000006 -0.7880107536067219 3.5000000000000004 66.500000000000014 88.500000000000014 12.250000000000002 9217.0000000000018 0.44302366132127341 8.8291495629105174 96.875000000000014 39.787228260869576 3.5000000000000004 3.5000000000000004 61.525000000000013 44.500000000000007
decision_type=2 2 2 2 2 8 2 10 8 2 2 8 2 2 10 2 2 2 2 2 2 2 2 2 2 2 2 10 2 8 2 2 2 2 2 2 2 2 2 2 2 2 2 2 2 2 2 10 8 2 2 2 2 2 2 2 2 2 10 2 2 8 2
left_child=3 2 9 -1 7 6 59 12 13 -2 18 -10 -5 21 -15 56 36 -18 19 20 30 -3 31 -24 34 -26 47 -28 -29 -8 -7 33 57 -23 -6 -11 -13 -38 -9 40 41 -21 -41 -31 45 -45 -44 -27 -49 -50 -35 -22 -47 -25 -14 -56 -16 -33 -43 60 61 -4 -61
right_child=1 8 5 4 24 10 29 38 11 35 -12 16 54 14 15 -17 17 -19 -20 39 51 22 23 53 25 26 27 28 -30 43 -32 32 -34 50 -36 -37 37 -39 -40 42 -42 58 46 44 -46 52 -48 48 49 -51 -52 -53 -54 -55 55 -57 -58 -59 -60 62 -62 -63 -64
leaf_value=0.28218023182205609 0.49941075026231918 -0.34360979256796875 0.0051617826914734273 0.13343222111960903 0.05506112509480509 -0.64482085468685035 -0.18810268069313221 0.023147277901182945 -1.204760752812194 0.25705015391389452 0.24128953176654405 -0.3917276817415406 -0.048774093514347285 0.3967810313438801 -1.6241731800175356 -0.22004627731583837 -3.960598916999269 -1.7954590403505692 0.14287864998157981 -0.17678255881134985 0.23714941689701102 -0.30295416481139964 -0.41322903629221086 0.56981904189307342 0.28422499287998576 0.12231357742055222 -0.031643002533121349 -0.16857452454661984 -0.51492930266642067 0.040178750019132702 -0.13442441138021799 -0.76012692670339932 0.043875518293990369 0.058605374446034787 0.32703689574303668 -0.044021072215555873 0.067449636384977571 -0.33579631372046936 -0.10905176919294753 0.039415447527764109 -0.10945884766549208 -0.80111221717825787 -0.1171653214802571 -0.0029242772482638334 -0.025675711271076936 -0.56501700892679307 -0.43456683328424134 0.02120674692726654 -0.50956254173453452 0.25851823051705591 0.69917522981857305 -0.37556287977944391 -0.17268797225766677 -0.18128118985611827 0.19803316115730318 -0.24408939040249336 -3.8714357583543144 -0.25130788907824103 -0.32824101458898336 0.3319903290893273 0.27321994789710458 -0.4059647220693558 0.12106884970439993
leaf_weight=34661 25093 8171 3855 80665 3221 298 4405 16648 4108 6435 6737 6644 8117 25490 750 4561 473 2096 7459 2588 7210 2559 2023 2842 6373 7136 827 203 118 34121 2434 589 7674 12152 34749 7758 19838 25429 4876 10842 13500 178 7999 191 1810 230 339 792 273 195 8777 227 68 13398 3100 351 56 3480 1221 23969 3485 1082 24911
leaf_count=34661 25093 8171 3855 80665 3221 298 4405 16648 4108 6435 6737 6644 8117 25490 750 4561 473 2096 7459 2588 7210 2559 2023 2842 6373 7136 827 203 118 34121 2434 589 7674 12152 34749 7758 19838 25429 4876 10842 13500 178 7999 191 1810 230 339 792 273 195 8777 227 68 13398 3100 351 56 3480 1221 23969 3485 1082 24911
internal_value=0.000857464 0.0002584 0.000754239 0.00189256 0.00161604 0.000448263 0.000925179 0.00116859 -0.00039276 0.00199384 -0.000318521 -0.0010806 0.001498 4.28008e-05 0.000895583 -0.00141886 -0.000870044 -0.00414753 -0.000598121 -0.000879024 0.000540368 -0.000383929 -0.000130482 -0.00109429 0.00256064 0.00150374 0.000447402 -0.0041899 -0.0138474 -1.04101e-05 -0.00215593 0.000369135 -0.000794941 0.000951124 0.00300369 0.000635172 -0.000707846 -0.000452095 -0.000242984 -0.00127267 -0.0020824 -0.00441811 -0.000534411 0.000260846 -0.0026555 -0.0109509 -0.00177021 0.00108147 -0.00265873 -0.00824786 0.00130656 0.00153086 -0.0178188 -0.000618842 -0.000113243 0.00182701 -0.00709677 -0.00295036 -0.00836669 0.00159174 0.000244598 -0.00113733 0.00182385
internal_weight=551860 349555 198445 202305 167644 159159 98127 113757 151110 39286 61032 58588 92233 92522 30857 5367 54480 2569 54295 46836 10169 61665 53494 18263 53887 15917 9544 1148 321 40825 2732 35231 11743 23488 37970 14193 51911 45267 21524 36667 17487 3987 19180 36420 2299 489 8338 8396 1260 468 20929 7437 298 16240 11568 3451 806 4069 1399 57302 8422 4937 48880
internal_count=551860 349555 198445 202305 167644 159159 98127 113757 151110 39286 61032 58588 92233 92522 30857 5367 54480 2569 54295 46836 10169 61665 53494 18263 53887 15917 9544 1148 321 40825 2732 35231 11743 23488 37970 14193 51911 45267 21524 36667 17487 3987 19180 36420 2299 489 8338 8396 1260 468 20929 7437 298 16240 11568 3451 806 4069 1399 57302 8422 4937 48880
is_linear=0
shrinkage=0.05


Tree=55
num_leaves=64
num_cat=0
split_feature=0 0 0 29 1 27 41 22 13 28 33 11 43 16 1 33 41 41 37 31 37 41 44 41 45 40 15 35 38 16 2 8 9 30 44 31 44 0 27 38 16 8 0 36 21 12 29 5 11 26 40 5 11 43 20 16 24 17 27 21 26 30 32
split_gain=127.457 36.6321 34.2903 33.3535 24.4339 19.4564 16.3657 18.1022 14.3061 13.2161 16.1901 12.977 13.9012 12.5548 12.2774 11.7062 14.1605 11.5 10.2307 10.3601 12.2732 15.8934 10.2306 10.1289 9.95302 9.97443 14.0069 17.8651 15.3449 12.2615 16.2972 9.48878 9.32617 9.27507 11.813 9.09258 9.07759 8.8451 8.75909 8.5375 10.4374 10.4042 8.50742 8.43622 8.28495 10.3313 9.82995 8.44664 8.23571 8.19945 8.00723 7.99998 7.98048 7.75095 10.0872 7.71723 9.78534 7.68041 9.97741 8.59875 8.45114 7.65721 17.7737
threshold=44.525000000000006 17.550000000000004 142.12500000000003 1.1823965240841976 38.050000000000004 37.050000000000004 2349.2500000000005 44.500000000000007 5.5000000000000009 10.175000000000002 13.250000000000002 -0.78656609248549292 -28.124999999999996 8.989287262655326 119.25000000000001 17.550000000000004 7098.5000000000009 7334.5000000000009 77.500000000000014 11.513202473814575 34.500000000000007 10459.750000000002 -22266.749999999996 6156.5000000000009 1.5000000000000002 977.05000000000007 1.0000000180025095e-35 -0.83385407025023273 26.750000000000004 -6.3395144179001655 14.050000000000002 167.85000000000005 330.25000000000006 53.500000000000007 -20705.999999999996 10.739404051629725 -7660.7499999999991 499.50000000000006 20.550000000000004 30.750000000000004 -8.5448912001046189 -19.399999999999991 84.02500000000002 165.62500000000003 507.50000000000006 0.91597561503675351 44.694767522239111 59.525000000000006 -0.37940952255126065 11148.750000000002 985.95000000000016 18.950000000000003 -0.70710678118654735 -76.249999999999986 -0.67556448321067808 0.87259251161808027 3.3500000000000001 3.3517707097235911 53.050000000000004 172.50000000000003 2812.2500000000005 56.500000000000007 4.1722878787868938
decision_type=2 2 2 2 8 10 2 2 2 2 2 2 2 2 8 2 2 2 2 2 2 2 2 2 2 2 2 2 2 2 8 10 8 2 2 2 2 2 10 2 2 10 2 2 2 2 2 10 2 2 2 10 2 2 2 2 2 2 10 2 2 2 2
left_child=1 38 4 5 17 24 11 8 18 32 -11 -6 55 14 -4 -5 -17 -2 19 20 -8 -22 -16 53 25 26 28 -28 -3 -30 -31 50 42 34 -21 -24 -12 -37 -1 40 41 44 -9 -27 45 46 47 -18 -25 -44 -15 -32 -42 54 -7 -13 -57 58 -23 60 -59 -14 -63
right_child=2 3 13 15 6 23 7 9 -10 10 36 12 61 31 22 16 39 -19 -20 33 21 57 35 48 -26 43 27 -29 29 30 51 -33 -34 -35 -36 37 -38 -39 -40 -41 52 -43 49 -45 -46 -47 -48 -49 -50 -51 -52 -53 -54 -55 -56 56 -58 59 -60 -61 -62 62 -64
leaf_value=0.27786350316490277 -0.06022718114553656 -0.052825817339779063 -1.1030876113240902 0.26845259492827128 -0.049412441175663235 -0.29061733171451642 0.30249978714167858 -0.0074994313942022932 0.39160571227820512 0.29956862714266136 -1.4852355634260836 0.18124988506785997 0.11027515865940063 -0.24301917632355807 -1.4042837246513322 0.29549741727886758 -0.34098992290043173 -0.29533613591822494 -0.30477909373029932 -0.62893864563215229 0.14999898558632305 -0.061994209123849522 -0.19175225093463596 -0.13260024359498021 -0.062937035430267477 0.3151756821860095 -0.34422561270908331 -0.074967309030435914 0.18455954287304718 -0.18403909218440187 -0.035670414254515663 -2.6742474603811681 0.16970409582437124 0.51542992469353544 -0.092242943957172405 -0.45048050894169056 -0.28771795657954452 -3.5307884099947828 0.13882111105060535 0.087823370164718029 -0.13234173107645691 -0.029131122273739742 -0.15214252033347808 0.10559224864449357 -0.014457555421998001 0.24339584354065372 0.079753322082357095 -0.57891667471701813 -0.014077967620209898 -0.66426262827833904 0.31738822786353049 0.13699809233348223 0.13131270195595013 0.089958605180246065 -0.0019412186074241333 0.65337778812990044 -0.92965446157023601 -0.36692168522304319 -0.29889449425555353 0.22897055561704344 -1.4724398755831918 0.31203466717861611 -0.714817353955985
leaf_weight=34257 13745 8107 5144 53517 12449 1088 18138 39077 9446 699 162 17680 28239 4448 86 8035 148 5591 844 337 12837 2606 32043 5287 5443 10878 200 1115 20770 2154 5453 910 10183 1781 12037 10294 1404 703 21250 9438 1433 567 12357 29401 158 71 73 181 7375 908 12500 14340 1873 12667 4884 17534 35 466 2448 2578 50 1214 724
leaf_count=34257 13745 8107 5144 53517 12449 1088 18138 39077 9446 699 162 17680 28239 4448 86 8035 148 5591 844 337 12837 2606 32043 5287 5443 10878 200 1115 20770 2154 5453 910 10183 1781 12037 10294 1404 703 21250 9438 1433 567 12357 29401 158 71 73 181 7375 908 12500 14340 1873 12667 4884 17534 35 466 2448 2578 50 1214 724
internal_value=0.000834813 0.00163941 0.000117194 0.00133043 0.000410717 0.000842431 0.000570059 0.000223126 0.000822584 -0.000365025 -0.004117 0.00114189 0.00142344 -0.000884043 -0.00130309 0.00216534 0.00119375 -0.00128879 0.00050922 0.000595743 0.00101513 0.000191804 -0.00102769 -0.000242644 0.00118949 0.00131187 0.00085531 -0.00423954 0.000987132 0.00136562 0.000541532 0.000248628 -0.000229108 -0.000563405 -0.00104897 -0.000993262 -0.00694125 -0.00223379 0.00277866 0.00023024 -0.00156083 -0.00555927 -0.000498452 0.00190285 -0.00997623 -0.0132875 -0.016393 -0.020076 -0.00133391 -0.00159254 0.000515695 0.000991007 -0.000111918 0.000498686 -0.000986269 0.00209779 0.00283995 -0.00153535 -0.00273645 0.000426632 -0.00546512 0.000635749 -0.00240454
internal_weight=551860 260163 291697 204656 225569 129162 206233 128358 63568 64790 2265 77875 65426 66128 48270 75494 21977 19336 54122 53278 39123 20985 43126 31301 97861 92418 52139 1315 50824 42717 21947 17858 62525 14155 12374 43040 1566 10997 55507 13942 4504 1198 52342 40279 631 473 402 329 12662 13265 16948 19793 3306 18639 5972 35249 17569 8148 5054 3094 516 30177 1938
internal_count=551860 260163 291697 204656 225569 129162 206233 128358 63568 64790 2265 77875 65426 66128 48270 75494 21977 19336 54122 53278 39123 20985 43126 31301 97861 92418 52139 1315 50824 42717 21947 17858 62525 14155 12374 43040 1566 10997 55507 13942 4504 1198 52342 40279 631 473 402 329 12662 13265 16948 19793 3306 18639 5972 35249 17569 8148 5054 3094 516 30177 1938
is_linear=0
shrinkage=0.05


Tree=56
num_leaves=64
num_cat=0
split_feature=0 0 40 1 27 23 1 37 13 36 0 0 28 38 27 11 23 31 43 36 38 28 18 23 35 30 13 23 13 16 25 42 9 39 38 8 40 45 38 37 38 28 13 2 28 22 37 28 16 16 19 22 24 18 8 11 13 38 24 8 16 44 0
split_gain=116.126 38.6943 27.945 27.4751 21.74 21.3282 19.697 18.8376 16.6521 16.0077 15.985 15.6008 15.6361 15.2257 14.4361 13.1791 13.0099 11.9953 11.467 11.3051 11.1385 25.344 12.3185 10.7672 10.6126 11.3343 10.5009 10.4895 11.1949 10.7014 10.3076 9.99346 9.73168 9.67586 9.6442 9.42867 9.33808 9.13322 8.9507 8.94732 8.81894 13.2602 9.76186 15.0524 9.37017 8.75316 9.67718 8.74099 10.592 8.40332 8.35684 8.01367 7.9982 7.95685 8.71549 7.84569 8.08296 11.445 7.84502 7.74258 7.68093 9.15449 8.45772
threshold=35.95000000000001 89.02500000000002 976.6500000000002 32.525000000000006 28.050000000000004 18.850000000000005 62.625000000000007 53.500000000000007 5.5000000000000009 172.50000000000003 200.25000000000003 15.550000000000002 1.7650000000000003 28.450000000000003 95.450000000000017 -1.0000000180025095e-35 33.95000000000001 6.2923644806432373 27.500000000000004 297.50000000000006 30.550000000000004 1.7550000000000001 19.850000000000005 27.050000000000004 -0.27563735581699894 169.50000000000003 1.5000000000000002 31.450000000000003 3.5000000000000004 13.99893386609474 976.6500000000002 10.950000000000005 35.050000000000004 1.0000000180025095e-35 26.550000000000004 10.450000000000008 987.55000000000007 1.5000000000000002 26.150000000000002 92.500000000000014 34.750000000000007 0.96500000000000019 4.5000000000000009 30.425000000000004 4.285000000000001 59.500000000000007 39.500000000000007 0.82500000000000018 -2.9898736525209082 7.3539685891411422 0.76037701167087512 72.500000000000014 6.5500000000000007 27.550000000000004 -25.984999999999992 -0.78656609248549292 2.5000000000000004 23.450000000000003 1.0000000180025095e-35 8.0000000000000071 -4.3419082664877662 1978.2500000000002 499.50000000000006
decision_type=2 2 2 8 10 2 8 2 2 2 2 2 2 2 10 2 2 2 2 2 2 2 2 2 2 2 2 2 2 2 2 2 10 2 2 8 2 2 2 2 2 2 2 8 2 2 2 2 2 2 2 2 2 2 8 2 2 2 2 10 2 2 2
left_child=2 3 4 23 32 18 -3 8 15 -4 33 -11 20 19 16 17 39 24 -5 -6 27 37 -23 -2 25 30 -18 -13 29 -29 -7 -17 -1 36 -34 -19 45 -22 50 55 41 -37 -42 -44 58 -8 -47 -33 -49 -38 -25 -10 53 -48 -55 -9 57 -57 -43 -28 -12 -62 -63
right_child=1 6 9 5 13 7 10 14 51 11 60 12 -14 -15 -16 31 26 35 -20 -21 21 22 -24 38 -26 -27 59 28 -30 -31 -32 47 34 -35 -36 40 49 -39 -40 -41 42 44 43 -45 -46 46 52 48 -50 -51 -52 -53 -54 54 -56 56 -58 -59 -60 -61 61 62 -64
leaf_value=0.23708435063327493 0.075166697658150011 -0.69274211709146882 0.31396851913280588 0.7409902133070374 -0.01302041364795202 -0.1352533947823254 0.03787621629997847 -0.041013231271065827 0.37663720351376861 0.25047684471307224 -0.91906134423114938 0.065252003044526247 0.30198306083870535 0.072156413485488333 -0.22167831623602888 0.27437752654837771 -0.27014780174807335 0.034299150004818015 0.034874300819493977 -0.16915105047778115 0.18154307771849504 -0.14504222409373962 -0.33927204079104178 -0.18576377964371515 0.25428317565177466 -0.33171387149667475 0.10636938357078898 -0.12806581742126308 0.12744421905571818 -0.28296107337539034 0.18485005169699309 0.091022196392406315 -0.054665619891329967 -0.43424352852957626 0.1253321252428887 -0.14270332112958925 0.008960372438758921 -0.047156290939982498 -0.11434496093276324 -0.072150557508210603 0.15044320323214536 -0.45832684568583137 -0.68680495987013224 -0.18072909130961629 -0.087910626092561603 -0.88403356435119673 -0.13093800680084883 -0.55569132183102221 -0.06063049772306961 0.38014240335791466 -0.45339606593314308 -0.20487007140431293 -0.74052725251769191 0.56944175157574839 -1.2059857695209899 -0.14084633934913274 0.036108894026443676 0.22275216957764221 -0.72036295665672845 -0.14958003323332755 -0.078729113398560424 -0.51511792491835429 -3.3238968250462215
leaf_weight=15314 7495 6345 32324 11951 6550 3080 33409 10195 13419 17526 9067 28244 11669 21188 4810 30507 2292 12371 4685 4045 22180 169 123 505 15981 729 3218 2064 1293 254 5272 2148 4347 2012 32322 3749 16802 2693 16655 8778 2615 849 49 678 319 714 17494 452 768 15517 476 405 20 136 202 2274 30373 22016 53 2188 19678 5986 818
leaf_count=15314 7495 6345 32324 11951 6550 3080 33409 10195 13419 17526 9067 28244 11669 21188 4810 30507 2292 12371 4685 4045 22180 169 123 505 15981 729 3218 2064 1293 254 5272 2148 4347 2012 32322 3749 16802 2693 16655 8778 2615 849 49 678 319 714 17494 452 768 15517 476 405 20 136 202 2274 30373 22016 53 2188 19678 5986 818
internal_value=0.000810894 0.000259115 0.00176429 0.000659461 0.00106523 0.000858815 -0.000432137 0.000700158 0.00119184 0.00225829 -0.000290714 0.00190251 0.00156277 3.50818e-05 0.000166814 0.000913715 0.000324219 0.000360149 0.00257153 -0.00151251 0.0012215 0.00200775 -0.012637 -0.000897099 0.00109568 -0.000269243 -0.00163159 0.000600377 -0.00193714 -0.00401639 0.000252634 0.00166125 0.00169507 7.68199e-05 0.00125297 -0.000531112 0.000158612 0.00217967 -0.00157178 0.000528682 -0.00183349 -0.00316901 0.000152603 -0.00497249 -0.00769451 -0.000256373 -0.00112679 -0.000923396 -0.00430328 0.000825985 -0.00621305 0.00279369 -0.000898499 -0.000863055 -0.00846154 0.000731444 0.000968937 0.00164883 -0.0102993 -0.000429153 -0.00118301 -0.000752964 -0.00233392
internal_weight=551860 349555 202305 221355 83766 196224 128200 179588 93444 118539 121855 86215 68689 31783 86144 79620 81334 45745 16636 10595 57020 25165 292 25131 25062 9081 7698 31855 3611 2318 8352 33875 51983 86306 36669 20683 84294 24873 17636 73636 8312 4970 3342 727 1221 51975 18566 3368 1220 32319 981 13824 17852 17832 338 64858 54663 24290 902 5406 35549 26482 6804
internal_count=551860 349555 202305 221355 83766 196224 128200 179588 93444 118539 121855 86215 68689 31783 86144 79620 81334 45745 16636 10595 57020 25165 292 25131 25062 9081 7698 31855 3611 2318 8352 33875 51983 86306 36669 20683 84294 24873 17636 73636 8312 4970 3342 727 1221 51975 18566 3368 1220 32319 981 13824 17852 17832 338 64858 54663 24290 902 5406 35549 26482 6804
is_linear=0
shrinkage=0.05


Tree=57
num_leaves=64
num_cat=0
split_feature=0 0 28 36 8 27 44 40 11 41 40 15 38 16 23 10 38 22 23 4 23 33 11 14 1 22 11 21 34 13 7 20 27 12 1 16 36 14 23 35 42 32 19 21 38 8 17 10 5 36 0 23 13 7 43 20 30 5 22 0 13 10 3
split_gain=109.283 41.5047 29.4309 23.7577 21.2037 16.0812 14.9455 14.6335 14.4235 14.2945 14.2445 29.1894 14.1795 12.2426 11.9966 11.8979 11.4128 10.4366 11.4211 12.0302 11.4382 10.801 10.5872 14.2843 10.2834 9.91393 9.78365 9.80006 9.73236 9.51968 9.40566 16.2276 9.19606 9.1141 8.88135 8.79771 8.48997 8.42066 11.9904 10.545 10.1554 10.2145 8.24911 8.22562 7.897 12.055 7.61376 7.50758 7.47091 7.4596 7.49535 8.93346 7.35041 7.80096 7.32022 7.25044 7.16591 7.11364 7.01469 6.94518 6.7633 6.7115 7.34982
threshold=58.025000000000006 23.050000000000004 1.0000000180025095e-35 165.62500000000003 41.025000000000013 48.550000000000004 132.00000000000026 977.05000000000007 -0.9159756150367534 1270.7500000000002 977.35000000000002 1.0000000180025095e-35 26.850000000000005 19.379507826676939 27.550000000000004 10.425000000000002 28.150000000000002 61.500000000000007 18.850000000000005 73.325000000000003 31.450000000000003 12.450000000000001 0.78656609248549325 2.5000000000000004 22.950000000000003 72.500000000000014 0.12940952255126045 86.250000000000014 0.8869770585236475 4.5000000000000009 21.758333333333336 -0.98624804680367273 36.550000000000004 0.60355339059327384 49.550000000000004 11.965679912230017 377.50000000000006 6.5000000000000009 32.45000000000001 -0.81408451933196946 -4.1499999999999986 10.233140353522801 0.16504132135358066 1062.5000000000002 25.150000000000002 12 -10.763534667544407 9.2425000000000015 25.950000000000003 46.250000000000007 692.00000000000011 17.450000000000003 3.5000000000000004 35.787840909090917 -71.249999999999986 -0.4539904997395468 32.500000000000007 22.050000000000004 77.500000000000014 114.25000000000001 1.5000000000000002 73.725000000000009 18.050000000000004
decision_type=2 2 2 2 8 8 2 2 2 2 2 2 2 2 2 8 2 2 2 10 2 2 2 2 8 2 2 2 2 2 8 2 10 2 8 2 2 2 2 2 2 2 2 2 2 8 2 10 10 2 2 2 2 8 2 2 2 8 2 2 2 10 8
left_child=1 7 3 10 8 16 29 12 34 35 11 30 14 -8 36 47 -5 61 -19 -20 22 -22 -21 -24 -7 -13 49 -28 33 42 31 54 -14 58 -2 -10 -1 52 60 40 -40 48 -4 -15 45 -44 -25 -6 -42 -17 -51 -52 53 -18 -3 -33 -45 -26 -16 -36 -39 -11 -63
right_child=4 2 6 5 15 24 13 -9 9 17 -12 25 32 43 28 26 37 18 19 20 21 -23 23 46 57 -27 27 -29 -30 -31 -32 55 -34 -35 59 -37 -38 38 39 -41 41 -43 44 56 -46 -47 -48 -49 -50 50 51 -53 -54 -55 -56 -57 -58 -59 -60 -61 -62 62 -64
leaf_value=0.11445312920843098 -0.4543715475689844 -0.69780253454418328 0.30222015743826147 -0.011623161294831723 -0.29147294838429971 -0.18646590111345288 0.11021996620188446 0.21183445220941355 0.15555443711141947 0.086599688212344372 0.26954227514072249 -0.097540800146551906 0.1771355854335008 -0.27508244224476441 -0.081003460027139526 0.13620817538456118 -0.066629955457309917 0.077394156417800827 -0.026134099860006241 -0.17011650488555174 -0.94378144072266767 -0.60225534760186628 -1.6084579761121469 -1.3053659102451627 -0.098704156863847758 -0.36162050725441031 -0.23685008771855787 0.12087786162111072 0.007789483777016124 0.54317275947495902 0.12304603981058149 -0.21296916585365852 0.0037524872657389661 -0.057455013299861218 0.0049041185523391196 0.70503871348385083 -0.10430136001877464 0.25445378738269081 -0.014466826766094402 -0.016615818558249597 -0.56134229752480402 0.031619076913831014 -0.019497684440376674 -0.32451255921441502 0.12218183902162086 -0.54438326987179997 -0.37846723361069129 -2.8463262982759612 -0.38741752720366013 -0.27993040686036114 -8.1847382657498606 -6.2873132605947575 0.30783650565259374 0.14884253717113535 -0.24276603540850494 0.15932138200713686 0.15648054411437826 0.0055087460448302039 -0.35215683310973356 -0.64700585314322057 0.056268763309175809 -0.54791262068108537 -0.075561759633421877
leaf_weight=4582 2216 106 18098 22234 2364 4314 28060 53512 32494 53349 24745 236 32287 386 177 5313 2005 11336 9704 5321 126 172 341 109 6782 382 16114 21280 909 11902 18306 865 5313 428 9038 9853 1209 6691 645 8251 207 217 822 112 5281 240 2512 1985 311 23690 24 280 9211 9847 60 888 34 31943 513 4007 17273 115 10733
leaf_count=4582 2216 106 18098 22234 2364 4314 28060 53512 32494 53349 24745 236 32287 386 177 5313 2005 11336 9704 5321 126 172 341 109 6782 382 16114 21280 909 11902 18306 865 5313 428 9038 9853 1209 6691 645 8251 207 217 822 112 5281 240 2512 1985 311 23690 24 280 9211 9847 60 888 34 31943 513 4007 17273 115 10733
internal_value=0.000790418 0.00136868 0.00100094 0.000647026 -6.57148e-05 0.000277702 0.00190306 0.00222531 0.000268646 0.000432013 0.00161863 0.000655616 0.00156524 0.00104785 -0.000372218 -0.000778325 0.000710867 8.78298e-05 -0.000688532 -0.00146158 -0.00282543 -0.0124497 -0.00247917 -0.00487508 -0.000496178 -0.0100485 -0.000613109 -7.70175e-05 -0.00368278 0.00257587 0.000982695 -0.00234758 0.00196809 -0.0068068 -0.00118898 0.00119454 0.000786566 0.00109938 0.000607978 -0.000882047 -0.00492754 -0.00894558 0.00201117 -0.00646617 0.000459562 -0.00347458 -0.00362266 -0.00331226 -0.0127606 -0.00129713 -0.0016725 -0.00947368 0.00188316 0.00105974 -0.0172892 -0.000932687 -0.0165753 -0.000238218 -0.0103623 -0.000691836 0.00120681 0.000446049 -0.000687684
internal_weight=551860 329384 230454 165519 222476 119931 64935 98930 151426 136165 45588 20843 45418 28592 7818 71050 76892 93818 29621 18285 8581 298 8283 2962 43039 618 66701 37394 2027 36343 20225 1919 37600 1118 15261 42347 5791 54658 33595 9631 1380 735 24441 532 6343 1062 2621 4349 518 29307 23994 304 21063 11852 166 1753 146 38725 690 13045 23964 64197 10848
internal_count=551860 329384 230454 165519 222476 119931 64935 98930 151426 136165 45588 20843 45418 28592 7818 71050 76892 93818 29621 18285 8581 298 8283 2962 43039 618 66701 37394 2027 36343 20225 1919 37600 1118 15261 42347 5791 54658 33595 9631 1380 735 24441 532 6343 1062 2621 4349 518 29307 23994 304 21063 11852 166 1753 146 38725 690 13045 23964 64197 10848
is_linear=0
shrinkage=0.05


Tree=58
num_leaves=64
num_cat=0
split_feature=8 4 42 8 11 22 28 14 27 12 37 27 11 32 9 27 19 34 10 27 12 27 9 37 37 30 10 26 31 22 36 14 36 11 5 14 22 37 37 6 8 23 34 1 14 45 23 18 33 10 33 37 23 44 7 9 37 37 22 2 25 14 26
split_gain=76.5403 36.2039 29.0286 22.8037 17.3611 16.6833 15.9341 13.8266 13.3342 13.1337 20.1267 12.6065 12.5617 12.7552 14.2765 12.5195 11.9803 11.4577 11.195 10.9346 10.9117 10.8352 10.2898 13.1684 8.69836 9.31282 8.61376 8.56081 12.5131 9.61743 9.61602 8.40668 7.76083 10.151 11.962 7.65004 11.4296 15.034 11.0883 9.44572 8.7918 8.41553 7.64986 10.7373 7.62931 7.6255 8.25945 7.59781 7.50798 7.23318 9.21612 7.126 9.07639 7.07385 9.65641 7.12286 6.86623 6.82112 7.96121 6.75127 6.88057 6.68504 7.40212
threshold=7.8000000000000034 29.050000000000004 -1.2000000000000017 43.050000000000011 -0.60355339059327362 59.500000000000007 1.8350000000000002 8.5000000000000018 66.65000000000002 0.60355339059327384 44.500000000000007 53.050000000000004 1.0000000180025095e-35 13.350164896899109 367.25000000000006 67.550000000000011 0.58068084432175981 -0.71322329076259938 58.025000000000006 41.95000000000001 0.37940952255126048 30.850000000000005 30.550000000000004 71.500000000000014 91.500000000000014 19.500000000000004 76.225000000000009 10292.750000000002 -13.440885184228451 26.500000000000004 247.50000000000003 6.5000000000000009 617.50000000000011 0.37940952255126054 31.550000000000004 7.5000000000000009 48.500000000000007 51.500000000000007 30.500000000000004 45.783333333333353 14.500000000000004 38.650000000000013 -0.67556448321067808 171.25000000000003 3.5000000000000004 1.5000000000000002 30.450000000000003 20.450000000000003 12.850000000000003 72.925000000000026 26.650000000000002 93.500000000000014 26.350000000000005 2944.7500000000005 258.60937500000006 88.550000000000011 24.500000000000004 79.500000000000014 26.500000000000004 80.325000000000003 984.35000000000002 11.500000000000002 900.50000000000011
decision_type=8 10 2 10 2 2 2 2 8 2 2 8 2 2 10 10 2 2 8 8 2 10 10 2 2 2 10 2 2 2 2 2 2 2 10 2 2 2 2 10 10 2 2 10 2 2 2 2 2 10 2 2 2 2 8 10 2 2 2 10 2 2 2
left_child=1 22 6 4 19 11 15 9 31 17 -11 -4 13 -5 -15 20 -8 -7 -16 -2 26 -19 -1 -24 25 -10 45 -18 30 -30 -29 -6 -12 -34 -35 36 37 -21 39 40 -38 -39 43 -37 -41 -3 -47 51 -27 57 -51 -25 -53 -26 55 -55 -52 -13 -59 60 -50 -9 -63
right_child=3 2 5 12 8 7 16 61 24 10 32 49 -14 14 18 -17 27 21 -20 35 -22 -23 23 47 53 48 -28 28 29 -31 -32 -33 33 34 -36 42 38 41 -40 44 -42 -43 -44 -45 -46 46 -48 -49 59 50 56 52 -54 54 -56 -57 -58 58 -60 -61 -62 62 -64
leaf_value=0.24614784082955965 0.044560648655664808 0.13989520333013247 0.19144326957928137 -0.35807823972587566 0.18433084821028278 0.032501218288589588 0.5563118130631598 0.20668972328153226 0.070869543026010604 -0.33470702990717216 0.1030861431563114 0.10885513007348874 -0.071904342985886813 -0.67345993253877623 -6.9987609535613577 -0.041791631275627662 0.23103301925200401 -0.038781230245748179 -1.7680281866940453 0.021817026598931546 0.30958998491471312 -0.17675686086612288 0.19165981741595781 0.078901079542887678 -0.10029586605233479 0.08661483420208177 -0.30554809592087295 -0.72659226429823454 -0.38564892336926648 0.14253844681706071 -0.22577877888730735 0.041828489359168552 -0.0059173029679002696 0.16858036955849443 -0.53930917228106379 -0.044378447228234918 -0.55700928944903461 -0.26551441009291876 -0.19922412565710418 -0.42980394211078093 -0.9462905059955159 -0.57568354386689513 0.1303073821139725 -2.0342631404489349 -0.063048835024663324 0.10232118878695851 -0.32759858897707178 0.23972079662811871 -0.39219055834285704 -0.06703764638727569 -0.81534946483440507 0.12126102919501475 -0.17313449749327012 0.024703555354973202 -7.3633118807282063 -0.46150424966919845 -0.15902038357276843 -0.6406994360996312 -0.14375196198338749 0.034278487639699623 0.018810477583204633 -1.2261549966673131 0.89474755479867807
leaf_weight=19504 17513 40243 24691 14978 35189 10246 18735 13043 50472 1379 19049 29926 27918 584 133 10687 4669 13856 109 10899 27317 11250 28653 22425 4312 3835 2625 181 232 1358 181 34841 386 65 117 2111 97 1696 9501 102 54 282 6408 549 249 1982 1192 4388 2809 7734 217 1283 2119 446 30 655 261 112 495 1796 929 1928 834
leaf_count=19504 17513 40243 24691 14978 35189 10246 18735 13043 50472 1379 19049 29926 27918 584 133 10687 4669 13856 109 10899 27317 11250 28653 22425 4312 3835 2625 181 232 1358 181 34841 386 65 117 2111 97 1696 9501 102 54 282 6408 549 249 1982 1192 4388 2809 7734 217 1283 2119 446 30 655 261 112 495 1796 929 1928 834
internal_value=0.000766952 0.00126194 0.000962709 6.64562e-05 0.000309431 0.000473822 0.00156862 -4.6221e-05 0.000602451 -0.000412792 0.000577729 0.00106533 -0.000960386 -0.00208681 -0.00813559 0.00123718 0.00266722 -0.00100107 -0.0183471 -0.000492206 0.0014701 -0.00157612 0.00219734 0.00186757 8.83832e-05 0.000262446 0.00100039 0.000838997 -0.0019416 -3.14464e-05 -0.0103315 0.00108168 0.000988174 -0.00477113 -0.0145055 -0.00104263 -0.00152972 -0.00054477 -0.00279766 -0.0100398 -0.0204967 -0.00455511 0.00018637 -0.00206767 -0.00554131 0.00116855 -0.00119093 0.00113933 -0.00118529 0.000502646 -0.000814661 0.000812522 -0.00131981 -0.00182528 -0.00534483 -0.0045822 -0.0075523 0.000856942 -0.00439044 -0.00236357 -0.0035741 0.00126068 -0.000973932
internal_weight=551860 323363 244991 228497 184775 135589 109402 72153 135314 56348 20996 63436 43722 15804 826 84046 25356 35352 242 49461 73359 25106 78372 58868 65284 59841 46042 6621 1952 1590 362 70030 19617 568 182 31948 22880 12877 10003 502 151 1978 9068 2660 351 43417 3174 30215 9369 38745 8212 25827 3402 5443 1131 1101 478 30533 607 5534 3738 15805 2762
internal_count=551860 323363 244991 228497 184775 135589 109402 72153 135314 56348 20996 63436 43722 15804 826 84046 25356 35352 242 49461 73359 25106 78372 58868 65284 59841 46042 6621 1952 1590 362 70030 19617 568 182 31948 22880 12877 10003 502 151 1978 9068 2660 351 43417 3174 30215 9369 38745 8212 25827 3402 5443 1131 1101 478 30533 607 5534 3738 15805 2762
is_linear=0
shrinkage=0.05


Tree=59
num_leaves=64
num_cat=0
split_feature=0 0 36 38 0 29 11 27 37 17 9 8 29 9 37 3 11 38 34 15 25 8 43 12 39 41 1 33 32 34 38 38 43 3 41 34 41 38 25 29 34 34 18 11 43 2 3 23 3 42 10 17 32 17 38 40 14 20 3 25 14 4 2
split_gain=94.9691 35.7047 26.7811 25.942 23.6795 25.6773 19.9593 17.4077 16.249 15.6163 14.7971 12.8578 12.6714 12.0537 12.0318 12.0307 11.2079 11.1442 12.973 11.1182 21.7679 10.9435 10.8917 10.8899 10.8681 10.7402 15.1391 10.3403 9.91084 10.8487 17.854 9.86464 9.3641 9.13875 9.08108 10.3629 9.02329 9.1985 9.56026 8.75161 8.6935 8.64419 8.18274 8.10579 9.24789 8.00146 12.7682 7.85527 7.54887 7.52232 9.18357 7.27699 7.25201 7.1991 7.26085 7.06261 9.26162 9.01182 7.21536 7.06227 6.79646 6.78847 14.681
threshold=31.950000000000006 126.25000000000001 152.50000000000003 37.750000000000007 12.65 1.0105413039003117 -1.0000000180025095e-35 32.95000000000001 51.500000000000007 -5.443529083057026 1.0000000180025095e-35 11.500000000000007 83.549865963900814 104.25000000000001 79.500000000000014 38.550000000000004 -0.78656609248549292 27.050000000000004 -0.7660444431189779 1.0000000180025095e-35 975.95000000000016 7.5000000000000018 2487.5000000000005 -0.70710678118654757 0.25000000000000006 7577.2500000000009 30.950000000000003 16.850000000000005 -1.3857763096877622 0.55191596924288722 27.950000000000003 28.150000000000002 -28.124999999999996 53.550000000000004 7455.5000000000009 0.22495105434386511 9242.2500000000018 31.850000000000005 983.6500000000002 8.5114524972984018 -0.41467745240824966 0.034899496702501066 27.750000000000004 -0.9159756150367534 -52.499999999999993 20.050000000000004 50.550000000000004 30.550000000000004 23.450000000000003 -3.5999999999999983 21.225000000000005 14.774050854291081 12.780107112071276 9.0616305104452479 28.850000000000005 992.6500000000002 11.500000000000002 -0.72534675097891077 642.50000000000011 969.1500000000002 8.5000000000000018 28.950000000000003 52.025000000000006
decision_type=2 2 2 2 2 2 2 10 2 2 10 10 2 8 2 8 2 2 2 2 2 8 2 2 2 2 8 2 2 2 2 2 2 10 2 2 2 2 2 2 2 2 2 2 2 8 10 2 10 2 10 2 2 2 2 2 2 2 10 2 2 8 8
left_child=4 2 9 6 -1 7 10 24 28 43 -4 25 14 -3 32 41 40 18 -10 51 -21 -18 -5 47 -6 -12 31 -7 29 -8 39 -27 -11 42 -9 -36 -29 38 45 -31 55 -14 -23 -2 -45 46 -38 -19 49 50 -28 -16 -25 54 -26 56 58 -58 -15 -34 -20 62 -24
right_child=1 13 3 22 5 27 8 34 17 12 11 -13 15 16 19 -17 21 23 60 20 -22 33 61 52 53 26 48 36 -30 30 -32 -33 59 -35 35 -37 37 -39 -40 -41 -42 -43 -44 44 -46 -47 -48 -49 -50 -51 -52 -53 -54 -55 -56 -57 57 -59 -60 -61 -62 -63 -64
leaf_value=0.25906128920170896 0.06354900063481432 -12.301494887470575 0.1326639008338138 0.25469536754128408 0.1176948288435835 0.27786135423832586 0.10325693166349491 0.037451739668202796 0.14625100202847016 0.34240252617265493 0.039926638280441192 -0.1393174077667417 -0.5829197615664371 -0.60202177799693646 0.050476152690700563 -0.00098620868558271573 0.13357562180611615 0.15229547522363213 -0.12387212788007074 -0.45570786779456257 -0.026636828188626824 -0.42092402542709523 -0.63943916832006886 0.1356801975041165 -0.080680568571735389 -0.40043486778548393 -0.58869156853985982 0.267414927633076 0.31142803533882873 -0.52362285302761702 -0.0048520051011116914 -0.14171355806756822 -0.51904943277668536 -0.10217163247783743 0.052261845444669587 -0.13861007530450201 -0.05106331776553457 0.12416698676286303 0.032996415272577372 -1.0157036846864809 -0.29592241070353381 -0.13735242388908128 -2.6483956461636491 0.73256337083237355 0.24649404811696085 -0.10537605582826003 -0.59790772991441865 -0.11724817108371993 -0.012964455073862595 -0.11736040634656485 -0.12799474986755682 -0.35231681437296769 -0.10486134373558938 0.2167810463617928 0.097955462062340293 -0.0038348486103259288 -2.1060733332346775 -1.724413781791662 -7.1869435445387184 0.097082101072935856 0.4630166361016545 -0.14817786658025597 0.0063785158895218966
leaf_weight=26760 6481 614 11310 18102 66926 29713 15129 15570 5047 18201 25427 25320 850 2314 16859 2990 22491 2628 18094 355 772 11813 47 24943 6071 919 281 6200 19101 104 644 2443 283 34251 3301 4568 164 5215 2061 193 5618 589 143 15519 15245 1398 127 8180 19999 2541 386 880 1966 1372 2594 954 51 995 39 16661 1325 659 64
leaf_count=26760 6481 614 11310 18102 66926 29713 15129 15570 5047 18201 25427 25320 850 2314 16859 2990 22491 2628 18094 355 772 11813 47 24943 6071 919 281 6200 19101 104 644 2443 283 34251 3301 4568 164 5215 2061 193 5618 589 143 15519 15245 1398 127 8180 19999 2541 386 880 1966 1372 2594 954 51 995 39 16661 1325 659 64
internal_value=0.000741583 0.000300142 0.000549134 0.000226554 0.00171617 0.00146441 4.73171e-05 0.00102 0.000541529 0.00123975 -0.000495565 -0.000742666 0.000729809 -0.000643707 0.000940642 -0.00184127 -0.000589241 5.57228e-05 -0.000775362 -7.79178e-05 -0.00489352 -0.000361874 0.0019929 0.000594825 0.00138333 -0.000292715 -0.000995709 0.00245867 0.00140044 0.000485377 -0.0047237 -0.00413147 0.00148741 -0.000802151 -0.000173002 -0.00155738 0.00139631 0.000382041 -0.00150667 -0.0148653 -0.00215575 -0.00559764 -0.0019923 0.00203987 0.00237843 -0.00429544 -0.0118385 -0.000745744 -0.000541431 -0.00279302 -0.00751874 0.000228029 0.00113326 -0.000150941 -0.000683785 -0.00383299 -0.00489997 -0.00881453 -0.0031598 0.000641525 -0.00136233 -0.00383117 -0.0152703
internal_weight=551860 379820 300537 204852 172040 145280 185980 100402 97354 95685 88626 77316 58440 79283 54011 4429 78669 62183 24466 18866 1127 68698 18872 37717 76963 51996 26569 44878 35171 16070 941 3362 35145 46207 23439 7869 15165 8965 3750 297 9971 1439 11956 37245 30764 1689 291 10808 23207 3208 667 17739 26909 10037 8665 4353 3399 1046 2353 16944 19419 770 111
internal_count=551860 379820 300537 204852 172040 145280 185980 100402 97354 95685 88626 77316 58440 79283 54011 4429 78669 62183 24466 18866 1127 68698 18872 37717 76963 51996 26569 44878 35171 16070 941 3362 35145 46207 23439 7869 15165 8965 3750 297 9971 1439 11956 37245 30764 1689 291 10808 23207 3208 667 17739 26909 10037 8665 4353 3399 1046 2353 16944 19419 770 111
is_linear=0
shrinkage=0.05


Tree=60
num_leaves=64
num_cat=0
split_feature=8 27 16 8 11 37 10 42 31 27 7 37 41 34 22 37 11 32 9 4 13 13 43 29 30 22 13 22 12 32 21 9 29 27 17 34 28 28 43 25 9 18 19 41 37 30 10 22 17 12 37 38 18 7 5 2 37 29 13 42 31 3 27
split_gain=65.3863 34.5753 29.3137 19.0136 14.4431 13.9325 15.7372 13.0701 11.2271 11.2106 10.9003 13.0215 17.3409 13.2509 12.0645 12.2906 10.758 10.5684 10.3496 10.3789 9.2082 11.7526 14.3043 12.4482 20.1126 10.4314 9.18135 14.3204 10.353 10.374 9.19098 9.15978 9.72032 9.10905 8.97846 8.83034 8.62628 8.50232 8.32965 8.27394 7.99842 7.95909 7.80577 7.61924 7.23475 7.81807 7.06461 7.81841 7.03518 7.35138 6.929 6.92408 8.15415 12.3623 8.45283 6.76014 6.69798 14.8156 9.75427 6.60002 6.55367 6.54607 6.51682
threshold=7.8000000000000034 25.850000000000005 10.35174185195366 43.050000000000011 -0.60355339059327362 94.500000000000014 72.925000000000026 -2.7999999999999989 11.184577598898509 66.65000000000002 17.91854166666667 53.500000000000007 6059.5000000000009 -0.7660444431189779 33.500000000000007 68.500000000000014 1.0000000180025095e-35 13.350164896899109 355.75000000000006 47.525000000000006 1.5000000000000002 3.5000000000000004 437.50000000000006 15.225815692095539 3.5000000000000004 14.500000000000002 3.5000000000000004 66.500000000000014 0.60355339059327384 -14.977262384304797 197.50000000000003 34.050000000000004 1.0607883203753661 43.550000000000004 -10.046543263795153 0.67556448321067863 1.0000000180025095e-35 20.765000000000004 1972.5000000000002 967.6500000000002 187.25000000000003 14.450000000000001 0.35019404643548463 3417.7500000000005 91.500000000000014 19.500000000000004 49.525000000000006 73.500000000000014 -14.54675769548434 0.78656609248549303 6.5000000000000009 29.650000000000002 8.3500000000000032 20.073414855072468 24.025000000000002 47.050000000000004 82.500000000000014 0.15972197753656125 1.0000000180025095e-35 15.300000000000004 -11.94597829660626 2.9700000000000002 88.050000000000011
decision_type=8 8 2 10 2 2 10 2 2 8 8 2 2 2 2 2 2 2 10 10 2 2 2 2 2 2 2 2 2 2 2 10 2 8 2 2 2 2 2 2 8 2 2 2 2 2 10 2 2 2 2 2 2 8 10 8 2 2 2 2 2 8 8
left_child=1 31 5 4 33 6 10 36 62 43 -3 26 14 -14 15 -13 17 -5 -19 -20 -9 23 39 24 -22 55 28 50 37 -30 42 -1 -33 51 35 -26 56 -12 -38 -23 -17 -7 -29 -6 45 -11 -46 -48 -15 61 -28 52 53 54 -2 -24 -4 -58 -59 -49 -45 -50 -8
right_child=3 2 7 16 9 41 8 20 -10 44 11 12 13 48 -16 40 -18 18 19 -21 21 22 25 -25 34 -27 27 30 29 -31 -32 32 -34 -35 -36 -37 38 -39 -40 -41 -42 -43 -44 60 46 -47 47 59 49 -51 -52 -53 -54 -55 -56 -57 57 58 -60 -61 -62 -63 -64
leaf_value=0.25172165265573787 -0.34091827501906291 0.17496479738627269 0.23692757925173555 -0.32290407459586756 0.16273432594872628 -0.18150957777192758 0.14750957951717267 0.22187832948738576 -0.34076015719640051 0.065001490646360557 -0.0090754555580917686 0.020518529232068511 0.11864626384977704 -0.608713691425248 0.089090759209855167 -0.77430813115186448 -0.066094693173087249 -0.63467835248234872 -6.3425215704277971 -2.4896077036986712 0.015583856354380679 -0.6055670039089458 -0.33772807937494909 0.25181859324283179 -0.46689059898189922 -0.05232424110510267 -0.16712639970506427 -0.10132282594467833 -0.20252446070744023 0.59325350469529514 0.24021713711840065 0.10420370484236528 0.28275516956821456 -0.099605823598170537 -0.22689725379417053 -0.81348501266666151 0.44979158261662316 0.43123826746176441 -0.14153233966496348 0.27209703610526281 -0.41203366466073155 0.0064317820485822247 -0.37667464897727687 -0.018362242896628894 -0.059683563160059565 -0.1244804943603082 -1.8359157340896175 -0.3317754832246958 -0.47891845355519758 0.12498782370265327 0.30828335834922349 0.096837520677663047 0.0020166265684142355 -0.17433077931513377 -0.44198426028944038 -0.20650107451655192 0.22219059429670926 -0.32506079065570082 -0.10881664208750941 -4.9049783920640442 0.090898024527156202 -0.091491020417639748 -0.19665156351559637
leaf_weight=20373 78 7271 16995 14978 27830 4059 6096 9815 4164 50472 20213 725 5173 149 64543 117 27918 571 138 117 2242 61 65 2033 315 1847 427 1147 750 5203 889 39434 17393 30973 1405 182 17455 1711 232 9393 396 3911 682 13863 4312 9369 209 859 48 2486 23203 12100 5129 1075 106 93 2604 375 477 63 28337 18085 9126
leaf_count=20373 78 7271 16995 14978 27830 4059 6096 9815 4164 50472 20213 725 5173 149 64543 117 27918 571 138 117 2242 61 65 2033 315 1847 427 1147 750 5203 889 39434 17393 30973 1405 182 17455 1711 232 9393 396 3911 682 13863 4312 9369 209 859 48 2486 23203 12100 5129 1075 106 93 2604 375 477 63 28337 18085 9126
internal_value=0.000724187 0.00118169 0.000892153 7.67408e-05 0.000298607 0.000563315 0.000657691 0.00179748 -0.000684514 0.000565869 0.000827514 0.000733383 0.000370249 -0.000724529 0.000801979 -0.00408724 -0.000860894 -0.00190332 -0.0074092 -0.0157843 0.000965539 0.000282377 0.00123004 -0.00147564 -0.00304778 -0.00260598 0.00134763 0.00201685 0.000715106 0.00256425 -0.00142016 0.00210492 0.00177882 -0.000432563 -0.00682965 -0.0126056 0.0023963 0.000213009 0.0032049 0.00204358 -0.0100097 -0.00148055 -0.00344724 0.00100528 9.45103e-05 0.000253255 -0.00165074 -0.00516799 -0.00128852 -0.00121029 0.00241219 0.000445695 -0.000886036 -0.00449166 -0.0164674 -0.0149367 0.00169698 -0.000309606 -0.00603286 -0.00318872 0.000581754 -0.00155986 -5.51831e-05
internal_weight=551860 323363 246163 228497 184775 180574 172604 65589 19386 135314 153218 145947 91722 25941 65781 1238 43722 15804 826 255 27451 17636 11459 6177 4144 2005 54225 26348 27877 5953 2718 77200 56827 49461 1902 497 38138 21924 17687 9454 513 7970 1829 70030 65284 59841 5443 1131 20768 20619 23630 18488 6388 1259 184 158 20451 3456 852 922 42200 18133 15222
internal_count=551860 323363 246163 228497 184775 180574 172604 65589 19386 135314 153218 145947 91722 25941 65781 1238 43722 15804 826 255 27451 17636 11459 6177 4144 2005 54225 26348 27877 5953 2718 77200 56827 49461 1902 497 38138 21924 17687 9454 513 7970 1829 70030 65284 59841 5443 1131 20768 20619 23630 18488 6388 1259 184 158 20451 3456 852 922 42200 18133 15222
is_linear=0
shrinkage=0.05


Tree=61
num_leaves=64
num_cat=0
split_feature=0 0 23 27 14 1 43 0 37 0 14 15 12 5 28 18 14 43 41 14 13 37 36 14 35 26 4 16 38 32 10 9 36 41 13 34 10 23 38 12 13 11 16 11 19 0 11 16 13 18 42 3 17 16 10 17 0 29 37 34 25 18 25
split_gain=84.4501 37.9827 31.2226 22.1743 23.4579 18.9288 18.5755 17.267 20.0532 16.9115 14.4539 16.9736 17.7957 13.7636 13.0058 12.8586 12.2795 11.4713 11.3145 11.1352 13.8214 10.965 13.9422 10.9623 10.8022 13.6613 10.7426 10.6935 10.2836 9.99258 9.98698 10.3599 9.88727 9.73955 9.69001 11.0078 9.50923 8.79631 10.1187 8.71287 8.59548 9.96134 8.46048 9.23851 8.26995 8.21494 8.17197 7.87922 12.1906 7.69888 11.9873 7.66572 8.27516 7.51822 8.03257 7.48801 7.45059 10.1094 7.70836 7.41513 7.34874 7.85319 7.24055
threshold=26.550000000000004 77.125000000000014 24.750000000000004 61.050000000000004 6.5000000000000009 62.050000000000004 27.500000000000004 13.050000000000002 71.500000000000014 204.25000000000003 7.5000000000000009 1.0000000180025095e-35 0.1294095225512602 16.050000000000004 15.320000000000002 18.550000000000004 9.5000000000000018 -45.624999999999993 3304.7500000000005 3.5000000000000004 4.5000000000000009 47.500000000000007 607.50000000000011 8.5000000000000018 0.18222858652173771 39147.000000000007 18.050000000000004 -12.270188805645818 38.550000000000004 -5.0348058062929999 9.802500000000002 78.550000000000011 2292.5000000000005 8703.7500000000018 3.5000000000000004 -0.51503807491005416 84.725000000000009 27.850000000000005 26.850000000000005 -0.70710678118654757 2.5000000000000004 -0.25881904510252113 -5.0465642028173816 -0.98296291314453399 -0.87032255546191706 140.25000000000003 -0.9159756150367534 -8.4129230539050894 2.5000000000000004 10.950000000000001 6.7000000000000028 41.050000000000004 0.9386067902413856 20.896388674756746 16.125000000000004 16.178045648204556 692.00000000000011 4.424437616989346 51.500000000000007 -0.3090169943749474 996.35000000000002 17.350000000000005 990.05000000000007
decision_type=2 2 2 8 2 8 2 2 2 2 2 2 2 8 2 2 2 2 2 2 2 2 2 2 2 2 8 2 2 2 8 8 2 2 2 2 10 2 2 2 2 2 2 2 2 2 2 2 2 2 2 10 2 2 10 2 2 2 2 2 2 2 2
left_child=7 2 6 4 19 -3 42 -1 -9 16 11 13 -13 -6 23 33 30 27 -12 20 24 -21 -23 28 -4 32 -27 -15 46 -8 31 -7 -26 55 35 -24 -18 38 -29 49 -35 51 43 -2 -32 -46 -5 48 -20 50 -39 -42 -53 54 -47 -10 -11 58 -58 -14 -45 -62 -33
right_child=1 5 3 14 10 9 29 8 15 56 18 12 59 17 -16 -17 36 -19 47 21 -22 22 34 -25 25 26 -28 37 -30 -31 44 62 -34 40 -36 -37 -38 39 -40 -41 41 -43 -44 60 45 53 -48 -49 -50 -51 -52 52 -54 -55 -56 -57 57 -59 -60 -61 61 -63 -64
leaf_value=0.22978019506822661 -0.51269322354340563 -0.39833354258525366 0.11932080787015327 -0.17808681376764163 -0.17499794334319238 -13.214686883881852 -0.037325236227742843 0.1734603485829318 0.052429090845357476 -0.32586416338108415 0.18612872782025081 -0.03541447065041118 -1.0161334109679789 0.094993759718194071 0.19752411890815796 0.16200472805028188 0.38913713272312395 0.074987081799877106 0.18742429789850329 0.29484566513410754 0.27139120249103138 0.18931371099150335 -0.47235276721544506 0.12235032935303243 -0.15325413980300895 -0.38310281232149868 -0.18237310108146679 -0.54021260142678773 0.20243528943274477 0.28610244295645093 0.17166399504615043 -0.11769581648789114 0.22271147057254848 0.1378833728694274 0.14532983217864132 -0.078405139458654183 -0.19444110126708719 -0.41830582463067811 -0.14198168250365839 -0.012893766167351554 -0.18133400071218375 -0.046220236648858028 0.54752287757078222 0.22612695204599148 0.0069719732331195499 0.3278108919629974 -0.050872318923374141 0.057910908489811598 -0.105945438510226 0.006161911194872003 -0.10174668583235801 -0.093979328505854387 -0.39743847309462926 -1.0889161038448976 -0.34549615296228559 -0.37041847710943632 -5.7497375829514032 -8.5752360882982828 -0.76936624511514884 -0.36260655629477889 0.79455556566884611 -1.2750294212103759 -0.82339566071224946
leaf_weight=29303 273 11837 3163 7901 3669 60 9440 45448 34861 33077 17169 498 52 3009 7093 11691 23316 12836 3088 32780 3450 22638 140 9435 3925 69 626 298 3501 5786 16549 2209 934 1613 3283 5561 5359 988 395 3232 1312 2921 21921 7001 47093 2060 45179 19798 7829 663 720 117 209 144 11383 170 344 60 749 380 30 34 1188
leaf_count=29303 273 11837 3163 7901 3669 60 9440 45448 34861 33077 17169 498 52 3009 7093 11691 23316 12836 3088 32780 3450 22638 140 9435 3925 69 626 298 3501 5786 16549 2209 934 1613 3283 5561 5359 988 395 3232 1312 2921 21921 7001 47093 2060 45179 19798 7829 663 720 117 209 144 11383 170 344 60 749 380 30 34 1188
internal_value=0.000706611 0.000367326 0.0007271 0.000487111 0.00083281 -0.000254844 0.00193717 0.00183419 0.00151675 -9.64195e-05 0.000201946 -0.000729244 -0.00736559 -0.00049012 -0.00022781 0.000854918 0.000207158 -2.00983e-05 0.000721953 0.00144765 6.04095e-05 0.00170973 0.00104547 -0.000446407 -0.00099977 -0.00232805 -0.00888489 -0.0013568 -0.000709514 0.00052082 -0.000108693 -0.00273792 -0.0013902 0.000439653 -0.000621104 -0.00186722 0.0010959 -0.00252859 -0.00784271 -0.00187132 -0.00139177 -0.00250164 0.00267422 0.00120469 8.9994e-06 -0.000261206 -0.00088263 0.000147322 -0.000931116 -0.00417334 -0.00594848 -0.00562271 -0.0124847 -0.0013443 -0.00122257 0.000762325 -0.00106632 -0.00501735 -0.0039204 -0.0147917 0.00155343 -0.0153125 -0.00237415
internal_weight=551860 424215 268787 224302 151193 155428 44485 127645 98342 143591 74624 26740 930 25810 73109 52894 109361 22141 47884 76569 12167 64402 31622 66016 8717 5554 695 9305 56581 15226 80686 3457 4859 41203 8984 5701 28675 6296 693 5603 6172 4559 29259 7338 77229 60680 53080 30715 10917 2371 1708 1638 326 13587 13443 35031 34230 1153 1093 432 7065 64 3397
internal_count=551860 424215 268787 224302 151193 155428 44485 127645 98342 143591 74624 26740 930 25810 73109 52894 109361 22141 47884 76569 12167 64402 31622 66016 8717 5554 695 9305 56581 15226 80686 3457 4859 41203 8984 5701 28675 6296 693 5603 6172 4559 29259 7338 77229 60680 53080 30715 10917 2371 1708 1638 326 13587 13443 35031 34230 1153 1093 432 7065 64 3397
is_linear=0
shrinkage=0.05


Tree=62
num_leaves=64
num_cat=0
split_feature=0 0 0 28 41 22 23 37 22 37 41 31 44 11 30 12 13 38 31 28 21 7 9 38 32 11 38 23 36 16 9 45 31 20 34 28 44 11 5 16 44 3 23 33 15 23 38 31 31 11 3 23 4 30 38 25 22 20 32 36 28 22 9
split_gain=79.5992 27.3532 23.5762 24.2564 21.8594 25.1463 18.1154 17.1689 16.4661 16.3015 15.463 14.8443 13.683 17.0203 15.0576 23.5081 16.2624 13.6767 13.1951 13.1212 13.0869 13.0684 12.76 11.8652 11.5121 12.9684 11.4198 10.572 10.4619 10.0315 9.80041 12.607 9.68701 14.7818 10.1442 9.57714 19.3652 10.9293 9.50503 9.38257 9.12944 10.0415 9.0278 8.87481 10.8134 8.87302 11.5732 8.86337 8.73361 11.9336 9.34539 8.64092 8.53152 8.40866 10.6608 8.30398 8.29003 8.18326 11.1798 9.42039 8.16423 12.1354 8.14428
threshold=34.550000000000004 157.25000000000003 13.050000000000002 1.7650000000000003 4929.5000000000009 46.500000000000007 20.450000000000003 72.500000000000014 41.500000000000007 83.500000000000014 2315.0000000000005 -4.8480776220945137 -621.74999999999989 -0.9159756150367534 31.500000000000004 0.78656609248549303 1.5000000000000002 35.150000000000013 13.315245147336716 6.4650000000000007 76.250000000000014 87.644345238095255 64.02500000000002 16.250000000000004 5.5921883195207167 -0.37940952255126065 35.650000000000013 34.250000000000007 1832.5000000000002 -6.9551053418526276 768.50000000000011 1.5000000000000002 5.7675701756299143 -0.96359376111369344 0.76037701167087512 1.7550000000000001 4247.7500000000009 -0.98296291314453399 17.950000000000003 14.343763197086092 -2867.7499999999995 29.950000000000003 29.550000000000004 11.250000000000002 1.0000000180025095e-35 26.650000000000002 27.150000000000002 2.4869552898224243 10.739404051629725 -0.60355339059327362 483.50000000000006 25.650000000000002 27.450000000000003 342.50000000000006 23.450000000000003 968.35000000000002 14.500000000000002 -0.5 -6.0497609128446337 717.50000000000011 6.0650000000000013 63.500000000000007 187.25000000000003
decision_type=2 2 2 2 2 2 2 2 2 2 2 2 2 2 2 2 2 2 2 2 2 8 10 2 2 2 2 2 2 2 8 2 2 2 2 2 2 2 10 2 2 10 2 2 2 2 2 2 2 2 10 2 10 2 2 2 2 2 2 2 2 2 8
left_child=2 4 -1 9 6 17 20 11 -9 10 -4 53 13 -13 55 29 -17 18 27 40 -2 56 45 47 -19 28 35 -6 -26 -16 31 38 33 34 -24 -12 37 -37 43 48 41 -7 -21 44 -25 -11 -47 -10 62 50 -50 -20 -44 -8 -55 -14 -18 -29 -59 -60 -40 -62 -3
right_child=1 39 3 -5 5 19 7 8 23 22 26 12 14 -15 15 16 21 24 51 42 -22 -23 32 30 25 -27 -28 57 -30 -31 -32 -33 -34 -35 -36 36 -38 -39 60 -41 -42 -43 52 -45 -46 46 -48 -49 49 -51 -52 -53 -54 54 -56 -57 -58 58 59 -61 61 -63 -64
leaf_value=0.21829118531481528 0.12765634267053422 -4.7461571336094499 0.23394100427127618 0.27888067329382016 0.13655929293948024 -0.32029109716067494 0.37727965145007375 -0.38325294422916711 1.0104275306828523 0.13162604060129543 0.062810814893090247 -0.16624599868146647 -0.55677176115445759 0.26877746572485334 -0.31884335335155889 1.3094051712936605 -1.7003692191746294 0.20886371906891965 0.14799638726845998 -0.067380963113863088 0.53582391924052464 -0.017944346287479155 -0.32769316936522519 -0.1614832708703452 -0.32141627038607923 0.14756445252192316 0.22360580713492642 0.143952443166489 -0.0025822781094145598 0.19936909955439366 0.28218993145414684 -0.49256198470565721 0.13891928195099632 -0.047639173054342558 -0.16454047066342503 -0.49065237038661663 -0.23805840894084832 0.25351694254096629 0.039258103504118583 0.24430837577048795 -0.03590624514264467 -0.10288310104068066 -0.55625565360323515 0.0002519873172402303 -0.64429957640893809 -0.077997927931927835 0.095550351613482576 -1.8064820442257039 -1.1334106269511823 -0.37993357192668076 -6.2363966560444482 -0.21765443427442888 -0.30410218832712266 -1.2662038570012017 -0.49407867227572694 0.039253188961796852 -1.0057861413436853 0.21473763581604199 -0.027709099567753189 -0.29987650625593892 -0.077690566449847009 -0.93672942856437269 -0.16777692205587996
leaf_weight=29303 17722 723 21117 20123 24324 1891 26937 1327 53 12199 69496 4113 272 22643 839 294 160 24422 2471 818 22733 348 337 2823 1289 3513 7628 2636 1351 2338 4224 1613 2315 13323 431 36 163 327 30116 6966 53319 4109 100 3325 425 6924 9457 108 2258 10557 134 8438 745 21 340 21565 1167 1508 1867 3114 763 277 35582
leaf_count=29303 17722 723 21117 20123 24324 1891 26937 1327 53 12199 69496 4113 272 22643 839 294 160 24422 2471 818 22733 348 337 2823 1289 3513 7628 2636 1351 2338 4224 1613 2315 13323 431 36 163 327 30116 6966 53319 4109 100 3325 425 6924 9457 108 2258 10557 134 8438 745 21 340 21565 1167 1508 1867 3114 763 277 35582
internal_value=0.000694832 0.00025414 0.00151308 0.0012795 0.000442388 -2.81424e-05 0.000826378 0.000531006 -0.000251476 0.00105191 0.00141125 0.00096604 0.000483727 0.00128495 -0.000310751 -0.00274388 -0.00703657 0.00058539 2.4573e-05 -0.000782034 0.001747 -0.0089403 0.000262971 -8.49588e-05 0.00139902 -0.000533886 0.001085 0.000517056 -0.00318182 -8.34118e-05 -3.48894e-05 -0.000280616 -0.00084847 -0.00134093 -0.00808594 0.000884865 -0.0058365 0.000592287 -9.55497e-05 -0.000758627 -0.000659232 -0.00250833 -0.00516236 -0.00182337 -0.00368227 0.00090098 0.000140712 -0.0136335 -0.00100154 -0.00211638 -0.00530518 -0.00148547 -0.00878698 0.00191553 -0.00566482 0.000262628 -0.011202 -0.000934246 -0.00188858 -0.00303052 0.000268969 -0.00408654 -0.000603911
internal_weight=551860 358681 193179 163876 302461 135915 166546 126091 45054 143753 98767 81037 53739 26756 26983 5146 1969 74933 44358 60982 40455 1675 44986 43727 30575 6153 77650 33449 2640 3177 43566 39342 16406 14091 768 70022 526 363 37729 56220 59319 6000 1663 6573 3248 28580 16381 161 49254 12949 2392 10909 845 27298 361 21837 1327 9125 6489 4981 31156 1040 36305
internal_count=551860 358681 193179 163876 302461 135915 166546 126091 45054 143753 98767 81037 53739 26756 26983 5146 1969 74933 44358 60982 40455 1675 44986 43727 30575 6153 77650 33449 2640 3177 43566 39342 16406 14091 768 70022 526 363 37729 56220 59319 6000 1663 6573 3248 28580 16381 161 49254 12949 2392 10909 845 27298 361 21837 1327 9125 6489 4981 31156 1040 36305
is_linear=0
shrinkage=0.05


Tree=63
num_leaves=64
num_cat=0
split_feature=0 42 11 0 37 0 41 23 37 20 13 16 36 38 14 27 36 22 32 38 44 23 26 25 41 4 14 14 41 38 37 26 33 22 1 45 10 12 34 23 3 25 15 10 22 29 22 29 32 15 3 12 34 1 14 38 9 21 3 1 14 26 37
split_gain=74.432 26.8673 20.9972 20.9132 20.1539 19.0561 19.6273 18.3336 16.3527 19.7941 16.5986 31.9277 14.5869 14.0683 16.9972 18.4202 15.5127 13.9473 13.4881 12.7976 12.7021 12.0978 11.7536 11.4933 10.5598 10.1743 10.1636 9.54983 8.96237 11.9864 10.3625 9.89361 9.37774 9.2626 8.74415 8.65388 11.471 8.44118 10.1754 12.1902 8.38962 8.31674 11.7355 10.0695 8.16667 8.12187 19.0018 12.7936 12.3989 9.37091 9.53483 9.03644 7.98233 7.79404 8.79522 11.6018 7.74454 7.73332 7.85521 7.61766 7.46703 7.30743 7.8568
threshold=44.525000000000006 -4.3500000000000005 -0.9159756150367534 12.050000000000002 91.500000000000014 196.25000000000003 2386.7500000000005 26.450000000000003 79.500000000000014 -0.94828754594723497 1.0000000180025095e-35 9.8219965792408441 180.62500000000003 34.550000000000004 8.5000000000000018 25.850000000000005 477.50000000000006 59.500000000000007 2.5737866846606483 27.850000000000005 -871.24999999999989 14.850000000000003 39147.000000000007 977.6500000000002 6764.2500000000009 68.625000000000014 8.5000000000000018 5.5000000000000009 10459.750000000002 38.550000000000004 71.500000000000014 30329.250000000004 10.65 15.500000000000002 168.25000000000003 1.5000000000000002 20.625000000000004 0.60355339059327384 0.87878364999916148 26.550000000000004 53.025000000000006 973.45000000000016 1.0000000180025095e-35 28.525000000000002 74.500000000000014 68.342061408448188 53.500000000000007 515.9082932769328 6.4307804087480704 1.0000000180025095e-35 27.050000000000004 0.78656609248549303 -0.29237170472273694 203.25000000000003 8.5000000000000018 31.050000000000004 164.25000000000003 206.25000000000003 24.025000000000002 28.950000000000003 6.5000000000000009 10962.500000000002 14.500000000000002
decision_type=2 2 2 2 2 2 2 2 2 2 2 2 2 2 2 8 2 2 2 2 2 2 2 2 2 10 2 2 2 2 2 2 2 2 10 2 8 2 2 2 8 2 2 10 2 2 2 2 2 2 8 2 2 10 2 2 10 2 8 10 2 2 2
left_child=1 7 53 -3 12 6 20 -1 -9 18 11 24 41 14 15 -14 -17 28 -10 -13 23 -19 61 27 -11 -23 37 -4 30 31 -8 57 -33 -34 -7 -25 -37 38 39 -6 -27 42 -5 44 -44 49 47 -47 -48 -22 51 -51 -20 54 55 56 -2 58 -30 -41 -15 -18 -63
right_child=2 3 5 4 26 34 17 8 9 10 -12 19 13 60 -16 16 22 21 52 -21 45 25 -24 35 -26 40 -28 -29 29 -31 -32 32 33 -35 -36 36 -38 -39 -40 59 -42 -43 43 -45 -46 46 48 -49 -50 50 -52 -53 -54 -55 -56 -57 -58 -59 -60 -61 -62 62 -64
leaf_value=0.34361797360866908 -0.16339074080989582 0.21092852963170561 0.40267895081284011 0.048705718921678132 -0.039875274678985641 -0.85913654164679998 0.15361260782361041 0.18464568349235674 0.11682020515151903 0.13045580918747482 0.11889219784903607 -0.20665435020084955 0.087261101107159025 0.22901506998229348 0.13985283144389013 0.047195780578125436 -0.078667988499352748 0.36817652779740073 -0.5926759336964541 -0.36863636967762181 0.13715901972075659 -0.034226816457456025 -0.15581322598596048 0.48020154737149645 -0.40715737593783063 -0.37531318996370439 0.23207284997956779 -0.093636020936043771 -0.99737308337934294 0.17366945067895165 -0.1182187969755618 0.19954932051294053 0.17180394063226312 -0.37063974339184658 -0.15045401962673566 -0.6751677724716908 0.39228705609171066 -0.0034266046728241256 -0.028015023298797903 -0.30842445673573587 -0.14672632597698954 0.21422416197289748 -0.12483340283900918 0.030258672691132461 -0.37137742709296279 0.49128299812224641 -0.20791284397588081 -1.3568076578003516 -1.1198634033820773 -1.3231001585612536 -0.16850175420293556 0.1642395932287149 -0.18350962379955857 -1.1778718441698566 0.11309617664022723 -0.028093038883984602 -0.48505135670264388 0.0031226023257115102 -0.25979874472830528 -0.14129491716672002 0.0014246714298120995 -0.17560389713737171 0.039513329077221111
leaf_weight=21840 7190 15932 3139 4925 1551 6814 44402 41639 328 2016 15060 753 25943 15537 16561 20870 21937 4083 245 406 41430 28611 711 29749 145 4180 1869 5515 99 8151 4070 1064 693 2393 28284 873 1503 7680 3808 1523 8644 24438 49 92 98 2664 1071 362 576 198 2842 118 368 1439 6891 10090 3926 28322 2311 973 4003 704 8159
leaf_count=21840 7190 15932 3139 4925 1551 6814 44402 41639 328 2016 15060 753 25943 15537 16561 20870 21937 4083 245 406 41430 28611 711 29749 145 4180 1869 5515 99 8151 4070 1064 693 2393 28284 873 1503 7680 3808 1523 8644 24438 49 92 98 2664 1071 362 576 198 2842 118 368 1439 6891 10090 3926 28322 2311 973 4003 704 8159
internal_value=0.000672272 0.00128714 0.000123879 0.000939965 0.0007694 0.000266268 0.000433867 0.0020308 0.00158547 0.000383262 0.000745376 -0.00245482 0.000963604 0.000707669 0.000456079 0.000148358 -0.000391268 5.70344e-05 -0.00668969 -0.00915013 0.00100733 -0.000658201 -0.00109152 0.00166005 0.00113605 -0.000914082 -0.000837738 4.2755e-05 0.000412819 -0.000112355 0.000879064 -0.000515739 -0.00280723 -0.00420285 -0.000817995 0.00209572 -0.000808081 -0.00125684 -0.00240929 -0.00415493 -0.00208437 0.00195291 0.000129745 -0.0106904 -0.0188095 0.000467002 -0.00151616 0.000836087 -0.00583789 0.000674845 -0.0019506 -0.0101899 -0.0110685 -0.00113996 -0.000956152 -0.00146044 -0.00257467 -0.000206299 -0.00292531 -0.00631811 0.00192938 -0.000944805 0.00026684
internal_weight=551860 260163 291697 177363 161431 262161 227063 82800 60960 19321 18380 3320 144027 114425 94885 78324 52381 137023 941 1159 90040 45518 31511 40779 2161 41435 17404 8654 91505 43033 48472 34882 4150 3086 35098 32125 2376 15535 7855 4047 12824 29602 5164 239 147 49261 4673 3026 1647 44588 3158 316 613 29536 28097 21206 11116 30732 2410 2496 19540 30800 8863
internal_count=551860 260163 291697 177363 161431 262161 227063 82800 60960 19321 18380 3320 144027 114425 94885 78324 52381 137023 941 1159 90040 45518 31511 40779 2161 41435 17404 8654 91505 43033 48472 34882 4150 3086 35098 32125 2376 15535 7855 4047 12824 29602 5164 239 147 49261 4673 3026 1647 44588 3158 316 613 29536 28097 21206 11116 30732 2410 2496 19540 30800 8863
is_linear=0
shrinkage=0.05


Tree=64
num_leaves=64
num_cat=0
split_feature=0 23 27 37 1 0 44 14 13 25 35 14 31 22 41 37 19 37 41 11 14 28 13 14 29 35 23 38 10 0 38 28 16 30 25 21 43 22 16 38 21 19 38 28 14 14 17 13 13 23 23 34 31 16 7 41 23 10 9 37 16 14 21
split_gain=69.5036 30.4265 27.3407 21.0997 18.2938 18.755 17.653 16.0312 19.5498 17.2187 16.0135 14.7829 14.235 13.5429 15.5998 15.4707 12.89 14.6807 11.2359 14.4564 10.848 11.0726 11.9089 28.1728 12.8596 10.8194 14.2824 11.4792 10.7021 10.5638 11.6019 10.4252 13.7208 9.88219 14.924 9.72401 9.63543 9.49405 9.80948 11.6458 10.4382 9.46207 9.41266 9.31388 9.24438 13.6745 11.9548 10.5012 9.15345 8.82969 8.58048 11.5891 8.27965 9.15038 9.31523 8.26855 8.10747 8.03885 8.81318 8.10665 7.97622 7.85366 7.82624
threshold=58.025000000000006 25.550000000000004 25.850000000000005 71.500000000000014 50.550000000000004 228.25000000000003 210.75000000000003 3.5000000000000004 3.5000000000000004 982.45000000000016 -0.0087262032186418287 8.5000000000000018 7.8715773642545637 44.500000000000007 6351.7500000000009 6.5000000000000009 -0.96359376111369355 15.500000000000002 8703.7500000000018 -0.60355339059327362 9.5000000000000018 17.085000000000004 4.5000000000000009 4.5000000000000009 1.0000000180025095e-35 0.50751903745502724 11.950000000000001 29.850000000000005 10.215000000000002 10.042500000000002 28.050000000000004 2.2950000000000004 -6.1810087913625491 11.500000000000002 988.95000000000016 1867.5000000000002 2722.5000000000005 35.500000000000007 -7.1194946491274882 27.050000000000004 86.250000000000014 0.95878322595067733 24.650000000000002 1.3850000000000005 6.5000000000000009 7.5000000000000009 14.371303682491698 1.0000000180025095e-35 3.5000000000000004 35.850000000000001 27.550000000000004 0.19080899537654492 -10.122714346797848 11.018735296587531 50.263068181818184 3571.2500000000005 27.250000000000004 80.225000000000009 125.25000000000001 26.500000000000004 19.756174173362819 6.5000000000000009 1352.5000000000002
decision_type=2 2 8 2 8 2 2 2 2 2 2 2 2 2 2 2 2 2 2 2 2 2 2 2 2 2 2 2 8 2 2 2 2 2 2 2 2 2 2 2 2 2 2 2 2 2 2 2 2 2 2 2 2 2 8 2 2 10 10 2 2 2 2
left_child=1 6 29 7 -2 20 35 8 9 -4 13 12 18 15 -15 -9 17 -10 37 48 21 22 25 24 -24 28 -27 52 -6 -3 -31 -25 -33 -11 -35 -1 -12 41 39 56 -40 -5 -8 44 -42 46 50 55 -20 -14 51 -46 53 -28 -55 -47 -39 -22 -59 -60 -54 -58 -30
right_child=4 2 3 11 5 -7 42 10 16 33 36 -13 49 14 -16 -17 -18 -19 19 -21 57 -23 23 31 -26 26 27 -29 62 30 -32 32 -34 34 -36 -37 -38 38 40 -41 43 -43 -44 -45 45 47 -48 -49 -50 -51 -52 -53 60 54 -56 -57 61 58 59 -61 -62 -63 -64
leaf_value=0.36410971561836591 -0.19567419137827699 0.28195266736778207 -0.34172036854455129 -0.42963497027284481 -0.32004717289047635 -0.45575102334469114 -0.0073012913285728735 -0.321216590045939 -0.23796547301795809 0.011635671796141125 0.15486032454438411 0.157508517408355 0.11194396052060257 0.092144246955443612 -0.085547159732938791 0.189507295685856 0.22543148892667841 0.21537762860332071 0.013295625053819884 -0.053703063598283085 0.36375676011558633 0.23808064345972912 0.060458651419080883 -0.046683156085049055 0.56240365872170028 0.57691474283483479 -0.18031961066847976 0.12496043309540689 0.049703739155190885 0.036509932601875864 0.1524997215975526 -0.68173268092373795 0.0043373869479724344 -0.31077023213777094 0.12807040246396065 -0.29352251218937264 -0.29107948784537213 0.037259527167451498 0.054729436287433424 0.094146520447749849 0.042027387540038944 -0.52770238739642572 0.18126976181967908 0.28260676445444693 -0.41217037220886676 -0.11530187863227986 -0.54995885066424433 0.0028209320430704972 -0.30121059961217228 -0.57474397435768154 -0.13800197067870909 -0.20639187590351257 -0.18247708280079639 -1.4261684594755282 -0.63094898499819152 -0.43179103565289634 0.048276817609081028 -0.49962483375185757 -1.7187150311462731 0.30948978141998784 -0.7186350517080814 -0.20138259190304628 -0.13087657471929179
leaf_weight=31422 18758 7961 1967 145 3449 27524 9192 145 462 4918 54065 8982 8546 12842 11625 17162 5402 501 585 8470 28658 14068 7358 12833 12053 2928 1230 3918 50770 23484 55113 874 832 1001 623 316 399 4741 7173 19390 3633 35 7929 1211 324 587 296 5567 2096 21 5595 927 21498 30 700 205 1350 2667 36 5030 1291 2976 5971
leaf_count=31422 18758 7961 1967 145 3449 27524 9192 145 462 4918 54065 8982 8546 12842 11625 17162 5402 501 585 8470 28658 14068 7358 12833 12053 2928 1230 3918 50770 23484 55113 874 832 1001 623 316 399 4741 7173 19390 3633 35 7929 1211 324 587 296 5567 2096 21 5595 927 21498 30 700 205 1350 2667 36 5030 1291 2976 5971
internal_value=0.000657051 0.00111821 0.000917655 0.000587909 -2.57105e-05 0.000111871 0.00226969 0.00103823 -0.000489444 -0.00205723 0.00127434 -1.59916e-05 -0.000248873 0.000537895 -0.000219275 0.00160831 0.00160644 -0.00372274 -0.00050026 -0.00194557 0.000301486 0.000101321 -4.75204e-05 0.000752577 0.00199912 -0.000343466 -0.00109274 -0.00143248 4.98424e-05 0.00165658 0.00148078 -0.000911686 -0.00458382 -0.000823907 -0.00420566 0.00296774 0.0018392 -0.000202659 -0.000164428 0.000473873 -0.000876244 -0.0116667 0.000975703 -0.00150859 -0.0018081 -0.00241056 -0.00391207 -0.00072417 -0.00514547 0.00166744 -0.00348671 -0.00723022 -0.00183058 -0.00494898 -0.00938356 -0.00611111 -0.00100529 0.00107046 -0.000360145 0.000864588 -0.00156238 -0.0025705 0.000214219
internal_weight=551860 329384 280525 193967 222476 203718 48859 111112 14874 8509 96238 82855 73873 41774 24467 17307 6365 963 65306 11151 176194 139803 125735 33950 19411 91785 31595 28667 60190 86558 78597 14539 1706 6542 1624 31738 54464 54155 53975 28457 25518 180 17121 18345 17134 13501 7142 6359 2681 8567 6846 1251 24749 1960 730 792 9067 36391 7733 5066 22789 4326 56741
internal_count=551860 329384 280525 193967 222476 203718 48859 111112 14874 8509 96238 82855 73873 41774 24467 17307 6365 963 65306 11151 176194 139803 125735 33950 19411 91785 31595 28667 60190 86558 78597 14539 1706 6542 1624 31738 54464 54155 53975 28457 25518 180 17121 18345 17134 13501 7142 6359 2681 8567 6846 1251 24749 1960 730 792 9067 36391 7733 5066 22789 4326 56741
is_linear=0
shrinkage=0.05


Tree=65
num_leaves=64
num_cat=0
split_feature=0 0 23 1 43 1 29 0 0 0 32 41 39 28 11 0 40 16 22 14 26 10 38 32 1 13 16 25 0 44 32 34 18 43 40 41 38 10 44 13 11 21 42 3 37 6 1 20 15 17 38 36 8 26 26 12 3 32 41 20 20 11 20
split_gain=66.4969 30.6067 24.5761 20.2533 19.4881 15.4187 15.159 16.4098 12.2826 11.5918 10.9113 10.9987 10.0076 9.46442 9.22503 8.84375 8.58298 12.9529 10.391 10.289 9.38008 9.01233 8.50524 8.36779 7.62439 7.26617 9.81315 7.12265 7.0806 7.06857 6.86848 14.6432 8.66685 6.82761 6.78606 6.75324 6.64639 6.82 6.49572 6.41637 7.5122 6.21166 6.65986 6.38228 6.02264 6.44376 6.02191 5.94235 5.89244 14.0254 5.87349 8.36105 5.83812 6.09103 5.79691 5.78661 5.70525 8.53553 6.39439 5.95264 5.6748 6.65631 6.16252
threshold=26.550000000000004 83.325000000000003 24.050000000000004 32.525000000000006 27.500000000000004 62.050000000000004 1.0105413039003117 10.042500000000002 314.25000000000006 46.550000000000004 9.4520738317295976 4929.5000000000009 1.0000000180025095e-35 15.320000000000002 -0.9159756150367534 37.025000000000006 987.25000000000011 7.9801986900456887 59.500000000000007 8.5000000000000018 5346.2500000000009 10.425000000000002 23.650000000000002 -11.803723063378948 75.925000000000026 3.5000000000000004 -4.3419082664877662 969.75000000000011 218.25000000000003 -24731.499999999996 -7.0395269957315474 0.58068084432175981 12.950000000000001 1972.5000000000002 991.6500000000002 3689.7500000000005 36.150000000000013 31.425000000000004 -4772.7499999999991 5.5000000000000009 0.78656609248549325 67.500000000000014 0.65000000000000047 26.950000000000003 88.500000000000014 150.02083333333334 11.450000000000001 0.2334364749717662 1.0000000180025095e-35 3.423587443092964 28.150000000000002 512.50000000000011 84.550000000000011 500.75000000000006 51577.500000000007 0.60355339059327384 32.525000000000006 -7.2508226578140258 1437.0000000000002 0.87878364999916159 0.49240481012316878 -0.5 -0.63605400036818849
decision_type=2 2 2 10 2 8 2 2 2 2 2 2 2 2 2 2 2 2 2 2 2 8 2 2 10 2 2 2 2 2 2 2 2 2 2 2 2 8 2 2 2 2 2 8 2 8 8 2 2 2 2 2 8 2 2 2 10 2 2 2 2 2 2
left_child=6 2 4 15 14 -3 7 -1 12 36 46 48 16 24 25 27 18 29 44 20 30 22 28 -6 -11 26 -2 -4 -19 -18 31 39 -33 -15 -30 -34 37 -5 -13 40 -20 42 43 -25 56 -46 -9 -40 -12 -50 55 -52 -21 -54 -35 -29 57 -7 -58 -59 61 62 -22
right_child=1 5 3 9 23 8 -8 10 -10 13 11 38 -14 33 -16 -17 17 21 19 52 60 -23 -24 41 -26 -27 -28 50 34 -31 -32 32 35 54 -36 -37 -38 -39 47 -41 -42 -43 -44 -45 45 -47 -48 -49 49 -51 51 -53 53 -55 -56 -57 58 59 -60 -61 -62 -63 -64
leaf_value=0.23676076650052114 -0.51211387561812205 -0.47131260794507013 -0.14356336637266062 0.038031324220909268 -0.078741679143559506 -0.54259936273505471 0.19507874504636821 -0.0022947088533792127 -0.77948638963458217 -0.003996681164293369 0.075340695243582126 0.21608379278253054 -0.39671264083609381 0.2792062905597063 0.4777437350045502 -0.09457199146323958 -1.433326056392167 0.35704539041794969 -0.12417499888774478 0.17623282139004257 0.63442024046527756 0.4254212646074999 -1.0581901367943374 -0.88213258764612545 0.13463828742888895 0.31247147229135463 -0.0014978606255966749 -0.084003376385214712 -3.7924762115907202 -0.012856415076089504 -0.12428107486403771 -0.20222239353833482 -1.1784817259947538 -0.11944734379447233 2.5190220987668392 -0.8444387182168569 0.25041409264388048 0.13195093921613441 -0.11998346273100838 0.72646320888395266 -0.60679454440669822 0.24427852830889166 -0.00071496438709848316 -0.44578197546205856 -0.51922789185213281 -2.0354124540218637 0.096715595613862546 0.04268122499739499 0.23954801846872367 -0.34305887281598069 0.13517346773076641 -0.0076358506441141409 0.12768137777884114 -0.96996031957895534 -0.50430103498900747 0.03622829242545697 0.38279957307033785 0.17101747840393058 0.015744516355844295 -0.76172936102009059 -0.99517922218668875 -0.53769265926152698 -1.2144740485639787
leaf_weight=14142 439 8399 1518 35687 6134 2120 33791 7745 13248 69208 5422 614 2709 9998 25495 23653 47 925 2306 6872 53 19698 370 39 19677 1678 1320 7083 135 28971 9146 297 198 329 69 509 10831 28687 3760 814 1437 5772 3006 104 107 36 60993 1010 105 63 12006 15621 944 908 64 5642 8446 3450 26423 667 171 594 155
leaf_count=14142 439 8399 1518 35687 6134 2120 33791 7745 13248 69208 5422 614 2709 9998 25495 23653 47 925 2306 6872 53 19698 370 39 19677 1678 1320 7083 135 28971 9146 297 198 329 69 509 10831 28687 3760 814 1437 5772 3006 104 107 36 60993 1010 105 63 12006 15621 944 908 64 5642 8446 3450 26423 667 171 594 155
internal_value=0.000642464 0.000341395 0.000639827 0.000440701 0.00172631 -0.000263008 0.00164303 0.00131609 -0.000130665 0.00072217 0.00103761 -0.000426462 3.06554e-05 0.000367461 0.00248548 -0.000308823 0.000100891 0.00059295 -0.000275463 -0.00109326 -0.00185906 0.00153253 -0.0022048 0.000267353 0.00020054 5.38262e-05 -0.00219159 0.000127777 -4.87155e-05 -9.33901e-05 -0.0015445 -0.00293023 -0.00839641 0.0017953 -0.00848039 -0.0114074 0.00119041 0.000997608 -0.00203938 -0.00172592 -0.00260085 0.00124482 -0.000541442 -0.0110839 0.000208369 -0.010035 0.00127135 -0.00266247 0.00112701 -0.00809524 0.000254263 0.000663663 0.000283127 -0.00220842 -0.00466921 -0.000634577 0.000244003 -0.00114879 0.000493132 0.000178528 -0.00661357 -0.00485037 -0.0125481
internal_weight=551860 424215 283991 240004 43987 140224 127645 93854 131825 174481 79712 10974 118577 99276 28932 65523 115868 50215 65653 24404 15680 21197 1499 15055 88885 3437 1759 41870 1129 29018 14707 5561 1004 10391 204 707 75205 64374 5384 4557 3743 8921 3149 143 41249 143 68738 4770 5590 168 40352 27627 8724 1852 393 12725 41106 6237 34869 4117 973 802 208
internal_count=551860 424215 283991 240004 43987 140224 127645 93854 131825 174481 79712 10974 118577 99276 28932 65523 115868 50215 65653 24404 15680 21197 1499 15055 88885 3437 1759 41870 1129 29018 14707 5561 1004 10391 204 707 75205 64374 5384 4557 3743 8921 3149 143 41249 143 68738 4770 5590 168 40352 27627 8724 1852 393 12725 41106 6237 34869 4117 973 802 208
is_linear=0
shrinkage=0.05


Tree=66
num_leaves=64
num_cat=0
split_feature=0 0 36 22 40 43 14 27 22 11 27 11 0 13 11 11 41 27 39 20 7 16 41 35 1 33 44 1 31 38 42 28 5 25 31 20 31 36 9 32 18 15 1 25 13 26 13 34 3 14 4 27 22 31 33 31 3 34 7 44 19 2 31
split_gain=61.4056 27.9759 22.3394 22.1537 16.2844 15.3695 15.2559 14.4659 14.5552 13.8862 13.8261 13.1359 12.6363 11.9984 11.7917 11.7204 11.0079 10.7938 10.6654 10.1876 10.0502 9.87689 9.86782 9.86096 9.51771 9.33549 9.09283 8.95472 8.80266 13.0322 11.1137 9.2714 8.84169 8.26787 8.03882 7.61544 7.18599 7.77559 8.66598 7.12444 7.08533 7.08477 7.05075 7.02337 7.01816 8.82086 10.7682 7.00526 7.00211 7.0012 6.98165 7.08174 6.91737 6.90335 6.90266 9.09623 6.88168 13.9435 7.49032 6.8371 6.83516 6.82648 6.7487
threshold=26.550000000000004 106.12500000000001 155.62500000000003 46.500000000000007 977.35000000000002 -89.374999999999986 8.5000000000000018 25.850000000000005 61.500000000000007 -0.60355339059327362 38.45000000000001 -1.0000000180025095e-35 12.050000000000002 4.5000000000000009 -0.9159756150367534 -0.9159756150367534 7577.2500000000009 83.050000000000011 1.0000000180025095e-35 0.99140711019144634 17.504714912280708 -4.3419082664877662 14651.000000000002 0.81408451933196957 24.450000000000003 14.65 -1784.7500000000002 7.5050000000000008 -8.1238103334273877 24.650000000000002 3.8000000000000003 6.4650000000000007 25.050000000000004 968.85000000000002 13.46728552348708 -0.608738249238853 -11.509772850391935 2567.5000000000005 135.25000000000003 -12.857470703355265 29.450000000000003 1.0000000180025095e-35 52.525000000000006 975.85000000000002 1.0000000180025095e-35 1513.7500000000002 2.5000000000000004 -0.55191596924288666 64.725000000000009 5.5000000000000009 55.025000000000006 66.050000000000011 59.500000000000007 20.30033657592756 10.250000000000002 -10.122714346797848 98.325000000000003 -0.47714059151611382 70.771339285714291 -18223.249999999996 0.83385407025023295 63.725000000000009 1.9705954902745093
decision_type=2 2 2 2 2 2 2 10 2 2 8 2 2 2 2 2 2 10 2 2 8 2 2 2 8 2 2 8 2 2 2 2 10 2 2 2 2 2 10 2 2 2 8 2 2 2 2 2 10 2 10 10 2 2 2 2 8 2 8 2 2 8 2
left_child=7 2 4 9 20 15 10 12 34 23 24 16 -1 17 62 19 39 -7 -10 -6 35 -16 48 36 -5 60 53 -14 29 30 -13 32 41 -22 -9 43 -4 38 -38 -12 -24 49 56 -2 -40 46 -46 -21 -23 -31 51 -44 -29 -8 55 -35 -18 58 61 -27 -11 -58 -3
right_child=1 14 3 6 5 13 26 8 18 25 11 28 27 -15 21 -17 42 -19 -20 47 33 22 40 -25 -26 59 -28 52 -30 31 -32 -33 -34 54 -36 -37 37 -39 44 -41 -42 -43 50 -45 45 -47 -48 -49 -50 -51 -52 -53 -54 -55 -56 -57 57 -59 -60 -61 -62 -63 -64
leaf_value=0.23134570425145348 -0.2789652708762167 -0.21289513455507592 0.10114441812871806 -0.081494132721640827 0.0092550995066440177 0.12854393359192046 -0.068533830351793154 0.21825455253578654 0.046288014393254077 0.29616969676422983 -0.33080449867979195 -0.44830646696635457 -0.0988819751031976 0.34204521823284412 -0.26712383520096827 0.45399516789075806 -0.18499964500633484 -0.13367210873947483 -0.071481234760394016 -1.1905167543879849 -0.25410971572579433 -0.11136362673211378 -0.40962606450505068 0.27810300949005706 0.048531726352936726 -0.15553628054989796 0.13953146368988212 0.19377039533474638 0.052159025426519623 0.16538897356259807 -0.1619059929687201 -0.2655075156123885 0.057597288471183887 -1.327348119596524 0.0038706512550044331 0.011592360866044503 0.0033774854471936679 0.11007359803075133 0.091835164596491062 -0.035996704766435732 -4.3462208803747826 0.22484963155442084 -0.09604381605735246 -0.56907663877539683 -1.010279451729025 -0.1650687272534398 -0.073310631176037769 -0.97881824616297597 0.15261928760380528 -0.19986221155960682 0.06576686433763422 -0.31921608633222681 0.094706434321620014 -1.5003510896998096 0.11448279489374079 -0.033557527063021252 -0.57821015375701357 -0.16741661181826073 -0.35355000362451205 0.07562793319356878 0.018492812966134843 -0.085661058941612439 -0.81186998274114763
leaf_weight=19047 107 3582 6863 7196 2732 23821 3462 12613 22058 25911 1398 935 1969 12562 25373 23381 5650 7184 7110 40 1039 18674 5352 6890 37410 730 16184 14590 18034 859 1981 979 11053 23 3806 138 8748 5347 1348 13924 67 556 2119 63 282 8370 262 55 44280 4492 2096 731 46452 22 16629 10596 158 644 286 24821 4959 42 3775
leaf_count=19047 107 3582 6863 7196 2732 23821 3462 12613 22058 25911 1398 935 1969 12562 25373 23381 5650 7184 7110 40 1039 18674 5352 6890 37410 730 16184 14590 18034 859 1981 979 11053 23 3806 138 8748 5347 1348 13924 67 556 2119 63 282 8370 262 55 44280 4492 2096 731 46452 22 16629 10596 158 644 286 24821 4959 42 3775
internal_value=0.000623165 0.000333852 0.000560982 0.000285928 0.00118939 0.00160122 -0.000137047 0.00158467 0.000870533 0.000868551 -0.000365333 -0.000825257 0.0019814 0.00102566 -0.000392026 0.002558 -0.00167147 0.000497501 0.00020022 -0.000482844 0.000184473 -0.000240757 7.18853e-05 0.000131199 0.000314532 0.0013666 0.00114602 0.00164027 -0.000236699 -0.000936226 -0.00403635 -0.000432298 -0.000159198 0.000282285 0.00206133 -0.0087987 -0.000246637 -0.0006493 -0.00112309 -0.000789061 -0.00197546 -0.00172084 -0.00282449 -0.0158824 -0.00210875 -0.00261723 -0.00878676 -0.0165789 0.000248118 -0.00227901 -0.001389 -0.003 0.00174732 -0.00117107 0.000449207 -0.000546661 -0.00387168 -0.00743363 -0.0138272 0.000659661 0.00195173 -0.02125 -0.00231956
internal_weight=551860 424215 323112 224742 98370 69775 130211 127645 45587 94531 110543 65937 82058 43567 101103 26208 27048 31005 29168 2827 28595 93746 68373 38110 44606 56421 19668 63011 38889 20855 2916 17939 16960 28287 16419 308 31220 24357 19010 15322 5419 5907 11726 170 10262 8914 544 95 62954 5351 4946 2850 61042 3484 27248 10619 6780 1130 486 25551 30870 200 7357
internal_count=551860 424215 323112 224742 98370 69775 130211 127645 45587 94531 110543 65937 82058 43567 101103 26208 27048 31005 29168 2827 28595 93746 68373 38110 44606 56421 19668 63011 38889 20855 2916 17939 16960 28287 16419 308 31220 24357 19010 15322 5419 5907 11726 170 10262 8914 544 95 62954 5351 4946 2850 61042 3484 27248 10619 6780 1130 486 25551 30870 200 7357
is_linear=0
shrinkage=0.05


Tree=67
num_leaves=64
num_cat=0
split_feature=0 27 14 16 41 23 38 44 38 14 15 12 5 23 11 0 24 43 44 33 12 38 17 21 43 37 38 31 25 7 16 32 41 18 30 0 11 14 31 29 22 25 37 23 15 25 35 0 28 41 14 32 15 11 22 6 30 3 39 5 32 31 38
split_gain=56.3728 25.8644 25.3931 20.0038 18.3328 14.2565 16.3412 15.3108 14.1549 12.1388 15.4637 16.9537 12.2352 11.9302 11.1609 10.9699 10.3027 10.2254 12.8678 11.9048 12.4704 16.9818 14.7002 10.1511 10.0296 9.68325 9.56559 9.47045 9.33016 8.75899 8.2402 8.97402 8.216 9.58155 8.19018 9.20175 8.09449 9.1673 9.20417 7.96799 8.39628 8.26324 7.57279 10.3466 10.2899 13.9587 12.0169 7.40923 7.3287 7.3089 7.13683 14.2423 10.9454 7.63496 7.32145 7.30208 7.03189 6.99467 6.97225 6.85552 6.76731 6.7557 6.71457
threshold=26.550000000000004 67.550000000000011 6.5000000000000009 12.450840490089439 6156.5000000000009 25.150000000000002 30.750000000000004 2724.2500000000005 35.45000000000001 7.5000000000000009 1.0000000180025095e-35 0.1294095225512602 16.050000000000004 29.950000000000003 -0.9159756150367534 63.050000000000004 0.8500000000000002 -67.499999999999986 -10868.249999999998 11.450000000000001 -0.70710678118654757 26.750000000000004 7.9111809767249825 136.25000000000003 -31.249999999999996 87.500000000000014 25.550000000000004 0.70710678118654768 975.75000000000011 51.407179487179491 -3.1188281761079431 7.2005345076277134 2468.7500000000005 14.550000000000002 7.5000000000000009 114.25000000000001 -0.9159756150367534 4.5000000000000009 16.195761788827731 83.549865963900814 57.500000000000007 996.35000000000002 91.500000000000014 26.450000000000003 1.0000000180025095e-35 977.05000000000007 -0.71933980033865108 303.25000000000006 0.53500000000000014 11883.750000000002 5.5000000000000009 0.75953199500957391 1.0000000180025095e-35 -0.60355339059327362 61.500000000000007 53.37916666666667 38.500000000000007 29.525000000000002 2.3500000000000001 26.050000000000004 -21.068936260546682 -6.0248432953715989 27.150000000000002
decision_type=2 8 2 2 2 2 2 2 2 2 2 2 8 2 2 2 2 2 2 2 2 2 2 2 2 2 2 2 2 10 2 2 2 2 2 2 2 2 2 2 2 2 2 2 2 2 2 2 2 2 2 2 2 2 2 10 2 8 2 8 2 2 2
left_child=5 2 4 14 15 -1 7 13 -6 10 12 -12 -4 42 27 36 24 18 -14 20 -20 22 -22 58 49 28 -9 -3 29 -16 50 -32 39 47 35 -29 -2 -38 -39 41 -41 -30 44 -44 -7 46 -46 -34 -42 60 -10 52 -52 54 -53 -54 -33 -50 -11 -13 -5 -19 -45
right_child=1 3 9 16 8 6 -8 26 30 23 11 59 17 -15 25 -17 -18 61 19 -21 21 -23 -24 -25 -26 -27 -28 34 32 -31 31 56 33 -35 -36 -37 37 38 -40 40 48 -43 43 62 45 -47 -48 -49 57 -51 51 53 55 -55 -56 -57 -58 -59 -60 -61 -62 -63 -64
leaf_value=0.25426439263994444 0.045915149494029354 -0.04503092144663022 -0.16805238840831704 -1.1890595882446815 -0.002221100862570147 0.15594166610278687 0.1486159117936714 -0.16639324218960777 0.08814261523087169 0.17274906193543629 -0.017578243598774364 -0.019203649479178617 0.33422121239423219 -0.014174579932101153 -0.18277130796229113 0.13780905878913616 -0.76540954040399478 -0.031286742451196163 -0.37446430651704155 0.049908546445569357 -0.25448923319710293 -0.035344357951389856 -0.55019878456628046 0.0039994418097619965 0.02478216752105887 -0.16877831081491088 -0.0081248200904297727 -0.027232240361994189 0.16307358731112578 -0.0040765961497819438 0.32953164302231852 0.090512595447453853 0.035368435546648098 -0.13215844046212796 -0.45250657561047225 -0.8829828927208192 0.56924839329424326 0.21481241896743866 -0.28401381917078161 -0.024675511448946939 -0.18396717935273901 -0.41917137696506696 0.16610478273139981 -0.071335478845954634 -0.32943585487192778 0.15833246109548493 -0.14553920052173297 -0.87280444190547368 -1.0769242088792985 -0.059359189490769619 0.34075590910363607 -0.34294927981207146 -0.35492467785084564 -0.18893392109196594 -0.71653423366779889 0.06956390409098194 -0.31363817578022529 -0.68183960879518146 -0.56748173666623936 -0.56161204741642645 0.44428364895186334 0.12916164437544439 0.21953167338205817
leaf_weight=12979 5907 10243 3904 148 37987 31679 43934 1424 5376 14671 528 85 1210 10410 6066 21536 177 6153 1318 2789 460 3070 197 38981 20673 18683 14203 4226 50638 6949 14902 1400 47045 17047 2041 2513 14233 21530 444 2710 673 2264 4794 5557 124 573 317 3465 108 2582 904 201 149 418 76 106 574 405 131 427 17680 8212 1651
leaf_count=12979 5907 10243 3904 148 37987 31679 43934 1424 5376 14671 528 85 1210 10410 6066 21536 177 6153 1318 2789 460 3070 197 38981 20673 18683 14203 4226 50638 6949 14902 1400 47045 17047 2041 2513 14233 21530 444 2710 673 2264 4794 5557 124 573 317 3465 108 2582 904 201 149 418 76 106 574 405 131 427 17680 8212 1651
internal_value=0.000605045 0.000327841 0.00072612 -5.48682e-05 0.00117275 0.0015263 0.00134853 0.000878103 0.000561497 4.23689e-05 -0.000794801 -0.00677885 -0.000566946 0.00126985 -0.000288275 0.00176905 0.000935531 -0.000134777 -0.00145179 -0.002193 -0.00364222 -0.00216394 -0.00945966 0.000483703 0.000987392 -0.000148892 -0.000503295 -0.00143169 -3.63962e-06 -0.00127737 0.00150917 0.00211425 0.000129669 -0.00024298 -0.00263667 -0.00179626 0.00223845 0.00251844 0.00187813 0.000572908 -0.00160934 0.000733621 0.0016249 0.000550742 0.00201924 -0.00293886 -0.00962585 0.00010295 -0.00511804 0.00177364 9.6819e-05 -0.00257821 0.000815358 -0.00823741 -0.0146751 -0.00833333 -0.0010537 -0.00961988 0.00159843 -0.0132617 0.00213372 0.000694396 -0.000646504
internal_weight=551860 424215 207879 216336 125743 127645 114666 70732 62093 82136 28353 1040 27313 55105 175076 63650 41260 23409 9044 7834 5045 3727 657 53783 41083 156053 15627 19023 137370 13015 24106 16876 124355 67557 8780 6739 42114 36207 21974 56798 3896 52902 44695 12002 32693 1014 441 50510 1186 20410 7230 1854 1159 695 277 255 1974 513 14802 512 17828 14365 7208
internal_count=551860 424215 207879 216336 125743 127645 114666 70732 62093 82136 28353 1040 27313 55105 175076 63650 41260 23409 9044 7834 5045 3727 657 53783 41083 156053 15627 19023 137370 13015 24106 16876 124355 67557 8780 6739 42114 36207 21974 56798 3896 52902 44695 12002 32693 1014 441 50510 1186 20410 7230 1854 1159 695 277 255 1974 513 14802 512 17828 14365 7208
is_linear=0
shrinkage=0.05


Tree=68
num_leaves=64
num_cat=0
split_feature=0 36 38 9 23 8 10 45 16 40 0 45 37 27 14 25 38 25 9 22 23 14 44 12 31 44 13 12 12 22 44 37 44 37 15 20 18 22 16 34 11 32 43 14 11 8 14 14 7 7 44 19 32 4 5 29 21 12 3 31 22 26 43
split_gain=53.8436 27.419 28.3626 22.1121 21.0259 16.2302 14.4267 16.5353 13.3205 18.6122 11.9262 11.1237 11.0375 12.6127 10.9402 13.0637 12.0557 10.3001 11.0908 10.1 11.4116 19.8979 10.3069 12.434 9.82839 9.78372 9.41364 11.844 9.23595 13.6274 9.10525 9.05372 8.95584 8.62941 19.1816 12.7201 11.7256 10.0352 8.36151 8.31067 10.9925 9.03919 8.89386 8.18343 9.50996 7.97877 7.96685 13.8959 11.1765 10.0167 9.76845 8.95879 7.86439 7.83198 10.0199 7.60736 14.6802 9.75982 10.9676 7.51053 7.46368 9.76268 8.77521
threshold=62.625000000000007 172.50000000000003 28.550000000000004 37.250000000000007 26.850000000000005 8.0000000000000071 10.215000000000002 1.5000000000000002 7.9801986900456887 988.05000000000007 166.25000000000003 1.5000000000000002 94.500000000000014 51.550000000000004 8.5000000000000018 985.45000000000016 25.150000000000002 977.95000000000016 31.625000000000004 60.500000000000007 20.050000000000004 5.5000000000000009 1924.2500000000002 0.1294095225512602 13.315245147336716 3113.7500000000005 4.5000000000000009 0.37940952255126048 0.91597561503675351 13.500000000000002 -1489.7499999999998 55.500000000000007 328.25000000000006 80.500000000000014 1.0000000180025095e-35 -0.96359376111369344 14.950000000000001 38.500000000000007 -14.415885308457094 0.28400453026986799 0.78656609248549325 6.7820127819355349 -277.49999999999994 9.5000000000000018 -0.9159756150367534 200.25000000000003 9.5000000000000018 11.500000000000002 401.09915178571435 469.43977272727278 -27638.499999999996 0.92384435400961407 -6.8886198044003244 28.525000000000002 22.725000000000005 1.349917192670095 407.50000000000006 0.25881904510252057 40.550000000000004 13.46728552348708 26.500000000000004 39147.000000000007 2487.5000000000005
decision_type=2 2 2 10 2 10 8 2 2 2 2 2 2 10 2 2 2 2 10 2 2 2 2 2 2 2 2 2 2 2 2 2 2 2 2 2 2 2 2 2 2 2 2 2 2 10 2 2 10 10 2 2 2 10 10 2 2 2 8 2 2 2 2
left_child=1 4 3 -3 30 11 7 -2 10 19 43 17 13 33 15 16 -5 18 -4 24 -21 22 23 -22 -10 -20 27 53 -26 -30 -1 -27 -9 -6 35 36 -35 -37 -15 40 -14 42 -42 44 -8 -11 49 50 -49 -12 -48 -51 -50 -18 -55 -33 -57 58 -58 -19 -7 62 -62
right_child=6 2 5 14 12 60 8 32 9 45 46 -13 39 38 -16 -17 26 59 25 20 21 -23 -24 -25 28 31 -28 -29 29 -31 -32 55 -34 34 -36 37 -38 -39 -40 -41 41 -43 -44 -45 -46 -47 47 48 52 51 -52 -53 -54 54 -56 56 57 -59 -60 -61 61 -63 -64
leaf_value=0.34523176672415007 -0.12192884698758277 0.097956245741889825 0.20227298179649439 -0.14845374158828736 0.22888023434934898 0.14220390403168484 -0.19646887562020918 -1.5014579047617223 0.16126278412491524 0.41109925813269044 -0.49069773626948987 -0.044728729587758337 -0.026392522654318237 0.31217435940666705 0.09980476902742505 0.042750200002788799 -0.067450371134550671 0.19070353622926453 0.10370319795681163 -0.054197254043933898 -0.91499900045683169 -0.15176803291807506 -0.50676140768001809 -1.4955322030681579 -0.10730354951050013 0.099085405021000536 0.024939410221654724 -0.01490276615375939 -2.0735339269118107 -0.64480392069204517 0.17620965866058752 -0.035488003465658911 -0.58160333395159702 0.00029622755097317212 -0.24977622977688685 -0.7428508103853787 -0.3605799529798866 0.11710469468362102 -0.095820996356292265 -0.011924656078061348 -0.39352534515321347 -0.48009712770160573 -0.0031242456320905642 0.29913757404392027 0.0011266754300583307 -2.670805250299725 -1.2952130680071638 -0.64447917188719828 -4.5110984042526745 -1.0380049929101927 0.19071667499339426 -4.9000753705426767 -0.93307169105050647 -0.2976155399478792 -0.15096620335246558 0.054446509270959231 -0.70350187014730103 -0.46945680842992188 -0.084927619127334694 0.05553875737416996 -0.0010194947046552418 -0.20846429750277543 -0.42262740006821198
leaf_weight=24593 8250 18135 11946 6541 18589 7325 7011 1299 19197 24176 12940 7295 496 1872 7513 12472 6677 41082 37880 6739 219 2083 746 118 3896 7125 11867 11257 120 319 22383 10226 1319 833 549 21 486 17561 6812 2562 92 166 203 15113 78568 271 36 6723 202 49 14272 36 212 1741 4946 804 285 85 323 14467 30155 342 239
leaf_count=24593 8250 18135 11946 6541 18589 7325 7011 1299 19197 24176 12940 7295 496 1872 7513 12472 6677 41082 37880 6739 219 2083 746 118 3896 7125 11867 11257 120 319 22383 10226 1319 833 549 21 486 17561 6812 2562 92 166 203 15113 78568 271 36 6723 202 49 14272 36 212 1741 4946 804 285 85 323 14467 30155 342 239
internal_value=0.000585656 0.000963742 0.000687359 -8.13933e-05 0.00167654 0.00105523 -5.94857e-05 -0.00183198 4.03015e-05 0.000674971 -0.0002315 0.00131837 0.000965527 0.00116891 -0.000524169 -0.000766563 -0.00117955 0.00142981 0.00102033 -9.16647e-05 -0.0014311 -0.00390714 -0.00940443 -0.0166617 0.000472123 0.000728741 -0.000825203 -0.00138276 -0.0016782 -0.00855353 0.00243699 -0.000202143 -0.00529412 0.00156142 0.000825193 0.0010928 -0.00364291 0.00144807 -0.000550437 -0.00173487 -0.00571055 -0.011269 -0.00601695 4.33005e-05 -0.000146122 0.00172352 -0.00103423 -0.000441828 -0.00224394 -0.0020096 0.000457087 -0.0191176 -0.0102174 -0.00238925 -0.00359877 -0.00105647 -0.00438544 -0.00971861 -0.0075 0.00193604 0.00014595 -0.000195861 -0.000101336
internal_weight=551860 347946 250728 81149 97218 169579 203914 10868 193046 57884 135162 131518 50242 46723 63014 55501 43029 124223 68674 33437 9905 3166 1083 337 23532 56728 36488 24621 4335 439 46976 18848 2618 38039 19450 18901 1319 17582 8684 3519 957 461 295 100692 85579 24447 34470 21445 7137 13025 14308 85 414 13364 6687 11723 1497 693 608 55549 38061 30736 30394
internal_count=551860 347946 250728 81149 97218 169579 203914 10868 193046 57884 135162 131518 50242 46723 63014 55501 43029 124223 68674 33437 9905 3166 1083 337 23532 56728 36488 24621 4335 439 46976 18848 2618 38039 19450 18901 1319 17582 8684 3519 957 461 295 100692 85579 24447 34470 21445 7137 13025 14308 85 414 13364 6687 11723 1497 693 608 55549 38061 30736 30394
is_linear=0
shrinkage=0.05


Tree=69
num_leaves=64
num_cat=0
split_feature=0 42 9 1 25 37 14 38 0 36 38 11 27 27 11 45 14 35 32 24 10 8 20 32 35 14 13 13 41 38 29 41 40 31 31 42 33 0 10 11 13 13 36 32 43 0 38 2 27 27 8 6 43 2 7 10 8 11 0 3 37 33 4
split_gain=49.1491 29.2883 21.748 18.2046 16.8907 16.6757 14.973 17.7166 13.429 12.7252 19.1464 11.5218 11.2177 11.0214 10.3368 9.84546 9.65683 9.29609 8.92205 10.9257 10.162 8.79228 12.1777 8.10935 8.00434 14.3287 13.0463 15.3257 9.67656 9.43435 9.2112 9.04881 8.46092 7.88658 7.86733 9.29446 7.95801 7.6363 7.5902 7.54597 7.49695 7.46708 12.5781 13.18 12.0732 8.81006 8.69133 8.40142 9.06785 7.37442 7.33815 8.73604 10.2693 9.675 9.27468 7.30001 7.99553 7.29828 7.06234 10.202 7.04034 7.39087 7.01044
threshold=62.625000000000007 -5.3499999999999979 34.050000000000004 51.050000000000004 973.35000000000002 89.500000000000014 4.5000000000000009 41.45000000000001 196.25000000000003 351.25000000000006 30.950000000000003 -0.70710678118654735 94.350000000000009 37.050000000000004 -0.9159756150367534 1.5000000000000002 9.5000000000000018 0.82409480842201688 1.0000000180025095e-35 3.5500000000000003 74.52500000000002 3.8000000000000029 -0.92384435400961373 13.67911994715819 0.58068084432175959 4.5000000000000009 3.5000000000000004 1.0000000180025095e-35 5545.0000000000009 29.850000000000005 588.55950882235913 5067.0000000000009 988.05000000000007 6.4680659710950605 -10.122714346797848 -0.80000000000000038 14.65 10.042500000000002 83.52500000000002 -0.70710678118654735 4.5000000000000009 2.5000000000000004 817.50000000000011 6.7820127819355349 387.50000000000006 106.12500000000001 33.050000000000004 147.75000000000003 260.25000000000006 283.25000000000006 -1.2749999999999984 53.37916666666667 2487.5000000000005 40.050000000000004 53.76583333333334 62.125000000000007 7.4000000000000004 0.12940952255126045 692.00000000000011 115.17500000000001 51.500000000000007 15.65 7.3500000000000005
decision_type=2 2 10 8 2 2 2 2 2 2 2 2 10 8 2 2 2 2 2 2 10 10 2 2 2 2 2 2 2 2 2 2 2 2 2 2 2 2 10 2 2 2 2 2 2 2 2 8 10 8 10 8 2 8 10 10 10 2 2 8 2 2 8
left_child=1 6 37 -2 13 9 7 14 16 12 18 62 -6 -4 55 21 24 50 19 20 33 -8 40 -20 25 26 27 -5 -28 32 31 -29 34 -11 35 36 -26 -3 -18 -35 -23 42 45 -44 -45 -27 -43 48 -47 -37 -12 52 -52 54 -54 -1 -57 -32 -10 -60 61 -61 -7
right_child=3 2 4 8 5 11 15 -9 58 10 17 -13 -14 -15 -16 -17 38 -19 23 -21 -22 22 -24 -25 29 41 28 30 -30 -31 57 -33 -34 39 -36 49 -38 -39 -40 -41 -42 46 43 44 -46 47 -48 -49 -50 -51 51 -53 53 -55 -56 56 -58 -59 59 60 -62 -63 -64
leaf_value=0.1094248183791327 -0.25403668839076315 0.26390127970328531 0.020922750093728661 0.31708972161301419 0.13910736401796783 -0.36403348553704795 0.15260149270909595 -0.26866829438036482 -0.21888868533539779 -0.12822899259220896 0.10726093304610629 -0.013840280270509424 -0.099853053172573064 -0.091105062616469945 0.37189141604083109 -0.10988105939304633 0.35685706661339395 0.28306942577133193 0.048918267879636518 -0.63397986681884877 -0.29361187447554665 0.088867443266903573 0.049292292779084333 -0.12935993368555604 -1.1111535553678307 0.25926152514411915 0.71608854872936201 0.05660367506005827 0.060778697957980445 0.18297655661306381 -0.32651052720925677 -0.2142393227863767 0.017641478803941818 -0.1204836203803076 -0.17748772099229912 -0.19875721119072659 -0.74549841774528725 0.10026563202726102 -0.13768847303175227 0.046475439251122103 -0.44098760631633671 -0.14201272807539098 0.020252439094703537 -0.39659991597101674 0.16808525412407277 -0.0003078223725865531 0.096073026685454033 -1.381491978922363 -6.3432732708990249 -0.92055268226349973 -0.011529226813441954 0.1378692198566551 0.1528680890497065 -0.1802867061908188 -0.82800832989184847 -0.14943815102153404 -0.65929844694914763 -1.588879796695607 -10.044672055192748 -1.7960711523707378 -0.073978396980160344 -5.6436765042512747 -0.15065628731129851
leaf_weight=3201 14336 7569 17404 8497 56511 99 46183 86 35879 5519 25876 19343 4088 16564 23639 3750 24914 5613 17230 79 1328 220 16106 1436 65 8859 14144 12032 7718 4797 92 8883 10986 4416 15580 848 147 33525 5538 8737 326 18364 2398 1076 414 1566 5169 187 45 134 18048 7369 22 151 48 681 92 86 129 189 697 145 2687
leaf_count=3201 14336 7569 17404 8497 56511 99 46183 86 35879 5519 25876 19343 4088 16564 23639 3750 24914 5613 17230 79 1328 220 16106 1436 65 8859 14144 12032 7718 4797 92 8883 10986 4416 15580 848 147 33525 5538 8737 326 18364 2398 1076 414 1566 5169 187 45 134 18048 7369 22 151 48 681 92 86 129 189 697 145 2687
internal_value=0.00056817 0.000929397 0.000649723 -4.82064e-05 0.000446163 0.000640538 0.00168183 0.00265876 8.1708e-05 0.000822229 0.000463744 -0.000644177 0.00138938 -0.000575836 0.00272933 0.00127544 0.000289074 0.00104565 -0.000394244 -0.0011258 -0.0010525 0.00142397 0.000438986 0.000392693 9.03865e-05 0.000334525 0.000878683 0.000194323 0.00180496 -0.000580981 -0.0005279 -0.000431508 -0.000934798 -0.000751928 -0.00164123 -0.00555276 -0.0150472 0.00170268 0.00108564 -8.62919e-05 -0.00690476 -0.000400756 0.000489859 -0.00194444 -0.00563758 0.00137797 -0.000951217 -0.00181313 -0.000648665 -0.00350305 0.000835113 0.000235588 -0.000350594 -0.0110633 -0.0264286 0.000369905 -0.00399094 -0.0118539 -0.000772294 -0.00461207 -0.00295344 -0.00892216 -0.00365039
internal_weight=551860 347946 253662 203914 212568 178600 94284 27699 189578 156471 95872 22129 60599 33968 27613 66585 152539 57127 38745 20079 20000 62835 16652 18666 122087 89530 51452 29590 21862 32557 21093 20915 27760 18672 16774 1194 212 41094 30452 13153 546 38078 14545 3888 1490 10657 23533 1798 1611 982 51514 25638 18269 221 70 3974 773 178 37039 1160 1031 334 2786
internal_count=551860 347946 253662 203914 212568 178600 94284 27699 189578 156471 95872 22129 60599 33968 27613 66585 152539 57127 38745 20079 20000 62835 16652 18666 122087 89530 51452 29590 21862 32557 21093 20915 27760 18672 16774 1194 212 41094 30452 13153 546 38078 14545 3888 1490 10657 23533 1798 1611 982 51514 25638 18269 221 70 3974 773 178 37039 1160 1031 334 2786
is_linear=0
shrinkage=0.05


Tree=70
num_leaves=64
num_cat=0
split_feature=0 11 28 27 0 5 0 1 19 8 39 36 30 16 38 12 7 27 1 43 41 27 33 40 0 37 21 26 21 3 12 0 17 35 37 36 38 29 25 37 34 9 45 25 16 41 28 11 37 38 26 34 17 1 34 32 28 12 31 12 43 2 0
split_gain=44.5623 21.3334 19.8218 21.2168 17.0761 15.9304 15.4332 14.4296 13.6538 12.6862 10.1786 10.1688 10.1177 9.21172 8.56079 8.68448 10.9545 8.55268 8.41366 8.35003 8.18899 7.79095 7.67443 7.66444 8.03196 7.65545 7.51211 6.92633 6.86727 6.64609 6.63813 9.97865 7.45999 6.55353 6.5481 6.39843 6.3859 6.36521 6.32718 6.6877 6.32105 9.03139 6.31752 7.3626 6.2753 6.25929 10.4663 10.0259 9.80367 7.05253 6.1676 7.00144 12.6362 7.62624 6.16046 6.30257 10.2817 8.64521 7.93289 8.90858 6.05967 12.4543 6.41637
threshold=31.950000000000006 -0.60355339059327362 1.7650000000000003 27.350000000000005 80.225000000000009 17.050000000000004 12.050000000000002 49.025000000000006 0.52247866957162981 14.500000000000004 1.0000000180025095e-35 86.250000000000014 83.500000000000014 -2.5186787389703915 36.850000000000001 -0.70710678118654757 37.151363636363648 51.550000000000004 10.950000000000001 1972.5000000000002 11336.250000000002 83.050000000000011 11.750000000000002 993.85000000000002 401.25000000000006 95.500000000000014 52.500000000000007 3180.7500000000005 2697.5000000000005 49.050000000000004 0.37940952255126048 314.25000000000006 -3.1822615621363592 0.59480013772226059 90.500000000000014 207.50000000000003 40.650000000000013 8.6803044258839162 968.35000000000002 80.500000000000014 -0.70088257582277247 522.25000000000011 1.5000000000000002 982.6500000000002 -7.2200150262551928 13166.500000000002 1.7550000000000001 -0.9159756150367534 74.500000000000014 36.850000000000001 34850.500000000007 0.71322329076259938 -10.046543263795153 81.02500000000002 0.12186934340514753 6.6422012676113011 20.435000000000006 1.0000000180025095e-35 14.366307529316794 0.60355339059327384 2205.0000000000005 50.025000000000006 56.025000000000006
decision_type=2 2 2 10 2 8 2 8 2 10 2 2 2 2 2 2 8 8 8 2 2 8 2 2 2 2 2 2 2 10 2 2 2 2 2 2 2 2 2 2 2 8 2 2 2 2 2 2 2 2 2 2 2 10 2 2 2 2 2 2 2 8 2
left_child=2 9 3 6 5 -3 -1 -6 11 17 45 27 21 23 15 16 -13 -2 -8 44 26 25 -18 -9 -25 35 -15 -7 -21 -14 31 32 37 38 -32 -10 60 -19 -17 54 -33 -42 43 -20 -16 48 49 -48 -5 -47 51 -24 53 -53 55 -40 58 -58 -57 -60 -11 62 -62
right_child=1 4 -4 10 7 8 18 13 12 36 -12 14 29 20 19 33 22 30 42 28 -22 -23 50 24 -26 -27 -28 -29 -30 -31 34 40 -34 -35 -36 -37 -38 -39 39 -41 41 -43 -44 -45 -46 46 47 -49 -50 -51 -52 52 -54 -55 -56 56 57 -59 59 -61 61 -63 -64
leaf_value=0.19473074386251688 0.058422939308138126 -0.070129323299986113 0.23324027014700413 0.13460433551676934 -0.92156500732464297 0.26803552280385029 -0.04093810733580841 -0.066170020159266721 0.2054559111035873 -0.14881749576763739 -0.064830249231442622 -0.1579992250451516 -0.4212945719973939 -0.032534406227324612 -0.20426778108789723 -0.42818339619276169 0.21572987235602992 0.049638317412682285 0.080710227835198475 -0.046246162026880866 -0.1709699060884261 -0.043323561462412896 0.05786621964673358 -0.5874802522953424 -4.984611054931861 -0.080713830052160568 0.20823284734241648 0.84808585761095567 -0.36050946540057954 -0.024606293407101548 0.057189638271093725 -2.4516496487664874 -0.17745519544302693 -0.009737911762667209 -0.45023464808844893 0.041515149498154852 0.42480203296885488 -0.12915618825179129 0.18621368252143461 0.036563865493053162 -3.0392850796261452 0.28912893109691423 -0.020325390970905091 0.20617898856187722 0.34683549671848435 -0.045432262872951573 -0.32251936761747213 -0.070386586227754663 0.0027829644178040121 0.23385944385890373 -0.17962938785492202 0.032739786667166648 -0.086186534723005012 -0.99439617109398903 0.46703775668171527 0.20661772292781011 0.45095052070743863 -1.0930108260823364 0.38603960395527331 -0.51590974753237473 -0.80175277149671487 0.024257983617281299 -0.23772667183697027
leaf_weight=18583 29313 9775 19139 16407 2110 12787 5223 36734 16349 25225 10463 4029 645 22974 34 215 8132 13981 61967 392 9468 15582 6682 1677 110 2968 43020 4971 104 824 16811 206 9060 5593 582 32318 817 7256 10249 6548 46 227 5814 7384 8305 7910 61 155 17444 1490 886 41 2014 87 8822 1118 94 143 129 210 45 89 23
leaf_count=18583 29313 9775 19139 16407 2110 12787 5223 36734 16349 25225 10463 4029 645 22974 34 215 8132 13981 61967 392 9468 15582 6682 1677 110 2968 43020 4971 104 824 16811 206 9060 5593 582 32318 817 7256 10249 6548 46 227 5814 7384 8305 7910 61 155 17444 1490 886 41 2014 87 8822 1118 94 143 129 210 45 89 23
internal_value=0.000555666 0.000253278 0.00122326 0.00103338 0.000482891 0.000817765 0.00146816 2.12332e-05 0.000944993 -0.000358262 0.000235491 0.0013823 0.00042556 9.70761e-05 0.00108786 0.000855761 8.25296e-05 -3.66535e-05 0.00116796 0.00253254 0.000418224 0.000515272 0.000614281 -0.000532047 -0.00372971 0.000810981 0.000615511 0.00244059 -0.00377016 -0.00367937 -0.000446449 -0.000887704 -0.000774499 0.00136635 0.00033433 0.000961329 -0.0013094 -0.000262042 0.00168338 0.00175063 -0.00804802 -0.00305861 0.0013028 0.00143552 0.00290742 0.000572503 -0.000553244 -0.0114352 0.000892293 -0.000303191 -0.000334706 6.45967e-05 -0.00242297 -0.0176562 0.00218998 0.0014498 -0.00137544 -0.0110338 0.000195608 -0.00650442 -0.00144945 -0.011242 -0.0273529
internal_weight=551860 379820 172040 152901 276139 160046 98971 116093 150271 103681 53930 81585 68686 113983 63827 54992 21871 77482 80388 8835 75462 67217 17842 38521 1787 51635 65994 17758 496 1469 48169 30776 30297 33121 17393 48667 26199 21237 27528 27313 479 273 75165 69351 8339 43467 9616 216 33851 9400 9710 8824 2142 128 20765 11943 1694 237 1457 339 25382 157 68
internal_count=551860 379820 172040 152901 276139 160046 98971 116093 150271 103681 53930 81585 68686 113983 63827 54992 21871 77482 80388 8835 75462 67217 17842 38521 1787 51635 65994 17758 496 1469 48169 30776 30297 33121 17393 48667 26199 21237 27528 27313 479 273 75165 69351 8339 43467 9616 216 33851 9400 9710 8824 2142 128 20765 11943 1694 237 1457 339 25382 157 68
is_linear=0
shrinkage=0.05


Tree=71
num_leaves=64
num_cat=0
split_feature=0 42 23 9 25 37 37 10 45 16 40 36 21 14 13 25 19 19 22 19 10 41 27 20 13 16 41 5 33 45 11 44 0 17 22 30 32 14 37 13 37 14 28 8 13 14 13 32 27 30 13 35 30 18 6 23 37 11 37 14 0 42 11
split_gain=41.6689 27.7111 19.7787 19.3955 15.8589 15.3921 13.8932 13.3224 13.0416 12.3162 16.0313 11.4407 11.2174 10.6727 17.5725 21.2652 16.2467 14.5653 17.6503 11.9538 9.85081 9.43927 9.3698 9.01886 10.056 29.5617 10.9776 8.75249 8.71533 8.69107 8.41364 8.23663 8.44213 8.19968 8.18092 10.0199 10.5127 7.9831 7.91068 9.02692 8.23843 7.83574 9.61873 8.38152 7.81274 13.699 10.3649 9.20562 10.7715 8.29299 11.6557 13.0464 9.55416 8.21168 8.81618 8.61191 8.09218 7.79451 7.74753 9.82999 7.63944 7.50445 7.47058
threshold=63.050000000000004 -5.3499999999999979 27.050000000000004 40.050000000000004 973.35000000000002 79.500000000000014 89.500000000000014 10.215000000000002 1.5000000000000002 7.9801986900456887 987.25000000000011 155.62500000000003 1457.5000000000002 3.5000000000000004 3.5000000000000004 982.85000000000002 0.41467745240824999 -0.97625883275952019 17.500000000000004 0.58068084432175981 38.025000000000006 9842.2500000000018 37.050000000000004 -0.98321746822993583 1.0000000180025095e-35 9.8219965792408441 3803.2500000000005 49.025000000000006 20.950000000000003 1.5000000000000002 -0.70710678118654735 8372.7500000000018 163.25000000000003 0.21288692988525523 61.500000000000007 4.5000000000000009 -4.3114084166034781 6.5000000000000009 6.5000000000000009 1.5000000000000002 32.500000000000007 3.5000000000000004 1.2150000000000001 9.6000000000000068 2.5000000000000004 6.5000000000000009 3.5000000000000004 -11.157249905349742 35.95000000000001 25.500000000000004 1.0000000180025095e-35 -0.3090169943749474 272.50000000000006 15.65 24.466666666666679 37.550000000000004 56.500000000000007 0.60355339059327384 37.500000000000007 7.5000000000000009 8.0100000000000016 -1.0999999999999985 0.37940952255126054
decision_type=2 2 2 10 2 2 2 8 2 2 2 2 2 2 2 2 2 2 2 2 10 2 8 2 2 2 2 10 2 2 2 2 2 2 2 2 2 2 2 2 2 2 2 8 2 2 2 2 10 2 2 2 2 2 10 2 2 2 2 2 2 2 2
left_child=1 2 12 60 22 29 11 8 -2 20 34 -6 33 14 15 -13 37 18 -16 27 -9 -12 -5 -7 25 -25 -27 -17 -19 38 -8 32 -22 -1 57 -36 -37 -15 39 -4 -40 42 -35 -44 49 46 53 48 -48 -18 51 -51 -52 55 -55 -46 -54 -11 -39 -60 -3 -10 -47
right_child=7 3 5 4 6 23 30 9 61 10 21 13 -14 16 17 19 44 28 -20 -21 31 -23 -24 24 -26 26 -28 -29 -30 -31 -32 -33 -34 41 35 36 -38 58 40 -41 -42 -43 43 -45 45 62 47 -49 -50 50 52 -53 56 54 -56 -57 -58 -59 59 -61 -62 -63 -64
leaf_value=0.41448839220925171 -0.11809886927876052 0.26575646519806945 0.26437173488595328 0.015412250105783013 0.16645267407145847 -0.23475141837345892 -0.15789352592088024 0.037759418549344691 -1.62086083316817 -0.050958220458098863 0.45894296752169261 -0.31371374433740545 -0.23573816349590648 0.21291627508581989 -0.24550743180023171 0.046543367198064983 0.099781831416489733 0.22139336524213965 0.069285044194416612 -0.21772736224011743 -0.0021325678629342997 -0.10976539298935535 -0.09169091357856321 0.080884901416338556 0.03290490530720689 -0.22470923354355823 -0.44337294389970694 -0.15801848814393077 -0.038445822692426593 -0.097511582359516347 -0.018173873963982665 -0.26210513067294422 -0.41698732972076019 0.043484144181322994 -0.12223040483208358 -0.64578772545100704 0.0056411158742343398 -0.071488257886226425 0.35075151797710746 -0.28131181830756236 0.10841565067455822 0.18111651811852569 -0.2114396446560344 -0.62619519651314237 0.03601207290305819 -0.11615220190882214 0.13148815434027325 0.17875894750070365 -0.38325704780990044 -0.41569490573983797 0.058434955765694074 0.031678557904711573 -0.73572078306154109 -0.40125616337243164 -0.14943331491836326 -0.34163652890847096 0.065051309835208695 0.30899676248327573 -0.050874344509958105 0.10597252371993025 0.088628558623447484 -0.71902965748211722 0.019760848116063722
leaf_weight=19995 8127 5969 132 16164 29659 541 2631 60331 1103 14143 24135 2606 614 21166 363 6862 16572 7457 548 1007 44863 3992 16227 1607 12160 894 183 2181 2866 2550 17962 7908 20644 1073 6403 964 588 2098 11026 145 32123 11428 242 160 2270 11217 540 10082 517 326 1773 260 42 190 631 180 31 7173 5091 21873 43327 1483 4442
leaf_count=19995 8127 5969 132 16164 29659 541 2631 60331 1103 14143 24135 2606 614 21166 363 6862 16572 7457 548 1007 44863 3992 16227 1607 12160 894 183 2181 2866 2550 17962 7908 20644 1073 6403 964 588 2098 11026 145 32123 11428 242 160 2270 11217 540 10082 517 326 1773 260 42 190 631 180 31 7173 5091 21873 43327 1483 4442
internal_value=0.000539086 0.000869036 0.00159861 0.000597735 0.000384388 0.00106509 0.00057405 -3.30182e-05 -0.00174881 6.31463e-05 0.000675808 0.000738306 0.0025755 0.000526053 -0.000422771 -0.00170038 0.000754323 0.00101656 -0.00504391 -0.000656716 -0.000199781 0.00152825 -0.000631194 -0.000303867 -7.27565e-05 -0.00284277 -0.00925255 -8.12781e-05 0.00155139 0.00152319 -0.000645122 -0.000588776 -0.000404766 0.00270047 -0.000143316 -0.00151163 -0.00511598 0.00138648 0.00168977 -0.00673285 0.00174384 0.00171782 -0.00171186 -0.00830846 0.000107289 -0.00039426 0.000718251 0.00144492 -0.00299432 0.000900863 -0.00182566 -0.00796928 0.000124594 -0.00175634 -0.00608404 -0.000306122 -0.0176027 0.00036733 0.000848531 0.00107625 0.00148856 -0.00484145 -0.00141803
internal_weight=551860 350003 94873 255130 205834 61361 173443 201857 10713 191144 57398 152850 33512 123191 23890 12656 99301 11234 911 10050 133746 28127 32391 15385 14844 2684 1077 9043 10323 45976 20593 73415 65507 32898 29271 7955 1552 50228 43426 277 43149 12903 1475 402 49073 30069 14410 11139 1057 19004 2432 586 1846 3271 821 2450 73 21316 29062 26964 49296 2586 15659
internal_count=551860 350003 94873 255130 205834 61361 173443 201857 10713 191144 57398 152850 33512 123191 23890 12656 99301 11234 911 10050 133746 28127 32391 15385 14844 2684 1077 9043 10323 45976 20593 73415 65507 32898 29271 7955 1552 50228 43426 277 43149 12903 1475 402 49073 30069 14410 11139 1057 19004 2432 586 1846 3271 821 2450 73 21316 29062 26964 49296 2586 15659
is_linear=0
shrinkage=0.05


Tree=72
num_leaves=64
num_cat=0
split_feature=0 28 0 11 14 13 14 41 13 16 44 43 35 28 16 8 38 13 13 31 12 41 23 38 29 4 22 24 18 37 23 38 41 33 13 13 23 11 37 42 0 14 13 1 27 14 44 28 43 6 13 6 43 12 4 35 18 26 3 29 30 16 43
split_gain=39.6851 22.361 21.3148 15.3353 14.2278 29.1379 16.8537 16.9874 20.6793 26.9565 16.8498 15.4822 25.2773 14.5149 14.3103 13.621 13.5051 13.056 15.1308 14.0653 13.6357 12.5742 12.5426 18.0185 19.4742 12.0558 11.7349 11.6689 10.741 10.9191 10.2878 10.1928 9.91276 9.52568 10.1344 10.9349 9.21817 13.5859 21.6649 8.80074 8.55473 9.30963 12.26 9.22199 8.05357 8.24583 9.03271 8.06148 10.177 7.99477 7.68376 8.3593 7.66071 7.61806 7.55774 7.44856 9.30236 9.32689 9.21327 7.43572 7.42004 16.6881 7.29709
threshold=49.050000000000004 1.7650000000000003 12.65 -0.9159756150367534 6.5000000000000009 3.5000000000000004 7.5000000000000009 3417.7500000000005 3.5000000000000004 -1.3069709660302722 -6968.9999999999973 -45.624999999999993 -0.81408451933196946 1.2150000000000001 10.117982850552723 19.005000000000006 28.150000000000002 3.5000000000000004 1.5000000000000002 1.2413497588342977 0.91597561503675351 998.25000000000011 30.450000000000003 29.750000000000004 0.35435994088199191 14.550000000000002 61.500000000000007 2.0500000000000003 17.450000000000003 76.500000000000014 35.45000000000001 35.650000000000013 2277.5000000000005 7.6500000000000012 3.5000000000000004 4.5000000000000009 31.050000000000004 0.78656609248549325 57.500000000000007 10.15 138.25000000000003 4.5000000000000009 4.5000000000000009 133.25000000000003 38.050000000000004 4.5000000000000009 9397.0000000000018 1.6950000000000001 437.50000000000006 31.366666666666671 4.5000000000000009 401.86666666666673 -357.49999999999994 0.25881904510252057 20.550000000000004 0.30069434954884205 7.0500000000000007 1794.2500000000002 29.050000000000004 392.30966278619127 4.5000000000000009 13.789808511718176 -847.49999999999989
decision_type=2 2 2 2 2 2 2 2 2 2 2 2 2 2 2 8 2 2 2 2 2 2 2 2 2 8 2 2 2 2 2 2 2 2 2 2 2 2 2 2 2 2 2 10 8 2 2 2 2 8 2 10 2 2 10 2 2 2 8 2 2 2 2
left_child=1 2 -1 -2 5 13 10 -8 22 27 -6 12 17 31 16 21 -13 18 19 28 -19 -5 -9 24 -24 -15 50 -10 29 52 -11 32 -4 34 -14 54 60 -38 -39 -3 41 42 55 -42 47 46 -46 -7 -49 -43 62 -52 -12 -21 -36 -17 57 -57 -58 -34 -28 -62 -23
right_child=3 39 4 15 6 44 7 8 9 30 11 14 33 25 -16 40 -18 20 -20 53 -22 26 23 -25 -26 -27 36 -29 -30 -31 -32 -33 59 -35 35 -37 37 38 -40 -41 43 49 -44 -45 45 -47 -48 48 -50 -51 51 -53 -54 -55 -56 56 58 -59 -60 -61 61 -63 -64
leaf_value=0.14610019813424968 -0.13678677669558681 0.22444974172397988 0.14179611349252985 0.29296296241829139 0.12955880014938323 0.31070730720930373 0.13360334008255928 0.14978246410107429 -0.09124226157087903 0.098227547301550408 -0.60739002598232084 -0.0713709416616463 -0.0099777366464634167 -0.51864015450340406 -0.20193370687928872 0.13530505496807821 0.068986969624457425 -0.31999724621468434 0.035707453601104007 -0.28909089375898062 -0.46481626466204018 -0.18163193235830272 -0.077652940943909385 0.042088452660975689 -0.37767776311866136 -0.13040761426093123 0.022848585328090795 -0.36324946439491312 -0.44286823079504151 -0.022066390792085753 -0.15102869011155437 0.2313085835407177 -0.020173419824292268 0.0013889472548083994 -0.082089190562784603 -0.14404568959186773 -0.21754137804057408 -1.1014616939742303 -0.0936710595491725 -0.035402897609806597 -0.61852676915808535 -0.55373030390007372 0.4171272002189973 -0.10214556592837976 0.34368889206069353 0.041065964665252412 -0.029630053794062562 0.040099440582258963 -0.29258731922402476 -0.028039753765896028 0.2297932284863983 -4.12766356473914 -0.15290583751442474 -0.38376024727665292 -0.40759841233547589 0.0069019452874345775 -0.39737806605456466 -0.4411447566501856 0.051095548949806238 -1.2535732952486727 -0.10011874411705389 -0.60597004349343198 0.056809209124854043
leaf_weight=24885 26041 36347 10474 32729 7708 16124 31419 16190 14938 9628 205 9677 1943 181 1689 12902 16769 999 1265 95 210 3021 1105 9432 356 2150 22056 794 44 761 499 6164 26124 8597 196 1581 1596 88 155 2932 9739 623 8141 30432 9310 11902 1981 345 134 39224 17557 83 130 147 587 715 996 947 8305 84 7423 642 42344
leaf_count=24885 26041 36347 10474 32729 7708 16124 31419 16190 14938 9628 205 9677 1943 181 1689 12902 16769 999 1265 95 210 3021 1105 9432 356 2150 22056 794 44 761 499 6164 26124 8597 196 1581 1596 88 155 2932 9739 623 8141 30432 9310 11902 1981 345 134 39224 17557 83 130 147 587 715 996 947 8305 84 7423 642 42344
internal_value=0.000524952 0.000933604 0.000757267 8.50208e-05 0.00060168 0.00110994 0.000286353 0.000724328 0.000177742 -0.000833559 -0.000416041 -0.000786836 -0.00198986 0.000240941 -7.01971e-05 0.000210206 0.000214777 -0.00554201 -0.00357575 -0.00719247 -0.00984698 0.000563222 0.00114334 -0.000168457 -0.00533539 -0.00360146 0.000271942 -0.00212878 -0.00486842 -0.00389599 0.00117853 0.000449984 0.000133853 -0.000928394 -0.00284769 -0.00504653 -0.000508448 -0.00394508 -0.0149588 0.00204168 -0.000192191 0.000134511 0.000769543 -0.000776555 0.00209644 0.00149463 0.00246258 0.00293712 -0.00345511 -0.000375561 0.000667804 0.00155329 -0.0114179 -0.0181405 -0.00987867 0.000197989 -0.000760284 -0.00420578 -0.000144608 -0.00038576 -0.000298629 -0.0015964 0.000323487
internal_weight=551860 286101 246822 265759 221937 84973 136964 84361 52942 25859 52603 44895 16760 45177 28135 239718 26446 3856 2647 1382 1209 127694 27083 10893 1461 2331 94965 15732 1140 1096 10127 42846 36682 12904 4307 2364 31960 1839 243 39279 112024 71853 32006 40171 39796 23193 11291 16603 479 39847 63005 17640 335 242 783 23865 10963 1662 9301 26208 30121 8065 45365
internal_count=551860 286101 246822 265759 221937 84973 136964 84361 52942 25859 52603 44895 16760 45177 28135 239718 26446 3856 2647 1382 1209 127694 27083 10893 1461 2331 94965 15732 1140 1096 10127 42846 36682 12904 4307 2364 31960 1839 243 39279 112024 71853 32006 40171 39796 23193 11291 16603 479 39847 63005 17640 335 242 783 23865 10963 1662 9301 26208 30121 8065 45365
is_linear=0
shrinkage=0.05


Tree=73
num_leaves=64
num_cat=0
split_feature=0 16 42 0 1 23 29 0 25 1 9 11 37 38 45 15 14 28 43 29 23 17 41 38 9 17 44 14 38 36 26 38 23 25 21 23 34 7 18 17 17 15 36 25 22 30 22 3 26 44 29 43 1 7 12 14 43 26 6 37 14 28 41
split_gain=37.5191 21.4081 17.137 16.7992 16.4273 13.2728 12.7861 13.5517 10.9114 10.8317 10.573 11.7624 15.2782 12.1542 11.3321 10.5602 9.59203 9.45059 11.9419 10.3396 9.31611 9.23995 9.11379 15.5007 9.33586 8.22408 7.78383 7.6737 13.4135 10.5855 7.56923 7.44563 13.1546 9.78893 9.17703 7.31462 7.28593 7.51721 7.12656 7.10561 6.9896 6.81741 13.0386 6.66787 6.51183 6.80284 11.9249 12.5058 6.83693 6.41918 6.96537 10.5589 6.39553 6.34445 6.54586 6.30108 8.81344 6.28829 6.99454 6.26 6.24143 6.22911 15.7037
threshold=24.025000000000002 7.9801986900456887 -4.9499999999999993 93.02500000000002 21.950000000000003 22.350000000000005 0.56729084238914096 8.0100000000000016 971.45000000000016 65.125000000000014 647.25000000000011 -0.9159756150367534 51.500000000000007 28.950000000000003 1.5000000000000002 1.0000000180025095e-35 1.5000000000000002 0.35000000000000003 1972.5000000000002 287.57701779470227 33.95000000000001 -1.6385279636559706 9687.7500000000018 37.45000000000001 147.25000000000003 8.1551178909361699 26.749999999999975 8.5000000000000018 27.050000000000004 287.50000000000006 34850.500000000007 21.750000000000004 20.650000000000002 987.25000000000011 72.500000000000014 26.450000000000003 -0.73724926354828224 68.136141304347845 27.550000000000004 1.8919651851445278 -3.66597683236609 1.0000000180025095e-35 177.50000000000003 986.85000000000002 15.500000000000002 30.500000000000004 56.500000000000007 29.525000000000002 3780.5000000000005 3113.7500000000005 0.40858951810231853 -302.49999999999994 3.0150000000000001 27.948958333333341 0.37940952255126048 3.5000000000000004 932.50000000000011 18086.000000000004 11.056500000000005 95.500000000000014 8.5000000000000018 6.3500000000000005 2066.2500000000005
decision_type=2 2 2 2 8 2 2 2 2 8 8 2 2 2 2 2 2 2 2 2 2 2 2 2 10 2 2 2 2 2 2 2 2 2 2 2 2 8 2 2 2 2 2 2 2 2 2 8 2 2 2 2 8 10 2 2 2 2 10 2 2 2 2
left_child=6 3 5 4 -2 16 7 -1 -4 -5 11 13 25 -6 20 -15 38 60 39 -20 21 -14 31 24 -24 44 -18 28 29 35 -27 32 34 36 -10 57 -34 -38 -3 -19 -22 49 53 55 -13 -46 -47 -48 -49 50 52 -52 -30 -43 -55 56 -26 -9 -59 61 -7 -23 -63
right_child=1 2 8 9 10 17 -8 27 22 -11 -12 12 14 15 -16 -17 26 18 19 -21 40 59 23 -25 43 30 -28 -29 41 -31 -32 -33 33 -35 -36 -37 37 -39 -40 -41 -42 42 -44 -45 45 46 47 48 -50 -51 51 -53 -54 54 -56 -57 -58 58 -60 -61 -62 62 -64
leaf_value=0.23356326345714035 -0.087661528559433821 0.22882220773884115 -0.18421771705769663 -0.65595597068370948 -0.1860990765152204 -0.047381047353762078 0.15107923690771552 0.15042929455651369 -0.099253067815213772 -0.087492450206450911 0.15880792101393204 0.44068113227198913 0.12017666069516104 0.024652942627371114 -0.19242954996590383 -0.25213006681561267 0.68569029559436512 0.30044605785066786 -0.061588911445698738 -0.36911196228912946 -0.26624846959458381 0.025282863899009245 -0.014513929908817641 0.2133893861837437 -0.39400311823358697 0.3362260541383818 -1.9345242698573228 0.12018291073448945 -0.32277740263402588 -0.11363412167885155 -0.19291604331678622 0.14785448598117965 -0.12493418121832432 0.16344889075564584 0.39683947476598985 -0.051774146229264364 -0.71284212695957805 -0.63821660614036557 -0.64388600176219002 -0.16716920928102053 -0.050891251618988831 -0.22736019470948646 -0.037540455361187511 -0.0097853231528962463 0.094595688946723933 0.027637660428691799 -0.57364151277106812 -0.35879942106774187 0.22249519221681699 -0.0064095799774378411 -0.28784877724305702 0.022847062316004585 0.10258533114726416 -0.2940168358849844 -0.41897712110234803 -0.13085651208973767 0.31824136976989725 -0.12588348613678427 -0.043382143149841262 -0.094538658768580502 0.17296642388359174 0.14130233014878293 -0.26587358690958424
leaf_weight=9383 15797 3119 2311 4354 7228 11213 29181 3631 8181 77705 20798 2345 21100 16870 5169 1249 18382 14757 274 131 1093 69939 13116 6490 1532 10127 69 12521 325 4175 498 29139 570 709 7738 4819 233 869 363 1162 7160 99 1199 2112 32226 8340 230 1153 435 9427 323 638 31381 33 63 3212 239 44 152 4913 6134 1941 1741
leaf_count=9383 15797 3119 2311 4354 7228 11213 29181 3631 8181 77705 20798 2345 21100 16870 5169 1249 18382 14757 274 131 1093 69939 13116 6490 1532 10127 69 12521 325 4175 498 29139 570 709 7738 4819 233 869 363 1162 7160 99 1199 2112 32226 8340 230 1153 435 9427 323 638 31381 33 63 3212 239 44 152 4913 6134 1941 1741
internal_value=0.000511181 0.000308528 0.000842263 8.29198e-05 0.000301756 0.00151014 0.00134989 0.00101665 0.000356503 -0.000531386 0.000416327 0.000301331 0.000452467 -0.000702844 0.000119233 -1.13139e-05 0.00246729 0.000886668 0.00175018 -0.00672839 0.000228804 0.000362527 0.000461964 -0.000276956 -0.000959626 0.00113307 0.00292152 0.000773645 0.000524694 -0.000896576 0.00238353 0.000877864 8.74319e-05 -0.00337883 0.00060588 0.000101781 -0.00546651 -0.00784029 6.03104e-05 0.00196589 -0.00138556 0.000943709 -0.00249641 -0.00242072 0.000836035 0.00069413 -0.00043414 -0.00410341 -0.00252519 0.00105763 0.00138932 -0.00280437 0.00151643 -0.0144872 -0.0236458 -0.00341862 -0.0058131 0.00173373 -0.0069898 0.000112945 7.40764e-05 0.000228264 -0.00177621
internal_weight=551860 444466 132055 312411 230352 55604 107394 78213 76451 82059 214555 193757 168410 25347 113056 18119 21933 33671 16324 405 107887 99634 74140 26701 20211 55354 18451 68830 56309 12821 10625 47439 18300 2381 15919 8646 1672 1102 3482 15919 8253 43488 1394 7095 44729 42384 10158 1818 1588 42094 32667 961 31706 195 96 4983 1771 3827 196 78534 17347 73621 3682
internal_count=551860 444466 132055 312411 230352 55604 107394 78213 76451 82059 214555 193757 168410 25347 113056 18119 21933 33671 16324 405 107887 99634 74140 26701 20211 55354 18451 68830 56309 12821 10625 47439 18300 2381 15919 8646 1672 1102 3482 15919 8253 43488 1394 7095 44729 42384 10158 1818 1588 42094 32667 961 31706 195 96 4983 1771 3827 196 78534 17347 73621 3682
is_linear=0
shrinkage=0.05


Tree=74
num_leaves=64
num_cat=0
split_feature=0 23 27 44 38 36 1 25 32 0 14 15 22 10 8 18 0 37 23 14 35 14 23 38 37 22 13 18 32 18 34 16 13 35 36 38 27 18 36 16 43 16 14 32 31 8 41 35 11 23 15 40 25 14 43 12 44 38 13 41 24 12 6
split_gain=35.0172 26.4972 23.0342 16.3696 15.4167 15.5458 13.1922 12.5221 10.3466 10.2029 9.58245 10.6038 9.52875 10.2409 9.48971 8.63583 8.43955 9.24127 8.35675 8.20847 8.50481 11.1159 10.7533 11.6848 9.57076 10.9404 8.69602 7.8877 10.7868 7.65905 7.6173 7.69177 7.6107 7.57718 8.16908 11.4301 7.47163 7.36558 9.08507 7.34391 7.5896 7.2322 8.23905 7.20617 7.48577 7.05279 6.91146 6.87701 7.52747 6.74428 6.67961 6.6763 10.0662 6.60631 6.62732 8.2023 8.23458 7.52707 7.30646 6.83058 6.53009 6.75553 6.37269
threshold=69.825000000000017 25.550000000000004 25.850000000000005 -329.99999999999989 27.850000000000005 146.87500000000003 56.525000000000006 972.1500000000002 -12.301238371711058 314.25000000000006 6.5000000000000009 1.0000000180025095e-35 15.500000000000002 91.425000000000026 16.525000000000009 19.850000000000005 8.0100000000000016 94.500000000000014 18.450000000000003 9.5000000000000018 0.50751903745502724 4.5000000000000009 11.950000000000001 30.350000000000005 80.500000000000014 83.500000000000014 4.5000000000000009 17.750000000000004 11.150628469275128 27.550000000000004 -0.83385407025023295 9.4896484572471049 5.5000000000000009 0.82409480842201688 537.50000000000011 30.950000000000003 129.25000000000003 10.750000000000002 86.250000000000014 -2.5186787389703915 307.50000000000006 -1.0324674692655238 5.5000000000000009 10.233140353522801 -1.0347748499817793 9.0000000000000071 76336.500000000015 0.85260769842926909 0.12940952255126045 29.750000000000004 1.0000000180025095e-35 990.35000000000002 992.6500000000002 8.5000000000000018 -272.49999999999994 0.60355339059327384 -6341.4999999999991 25.150000000000002 1.5000000000000002 998.25000000000011 6.3500000000000005 0.1294095225512602 123.80833333333335
decision_type=2 2 8 2 2 2 8 2 2 2 2 2 2 10 10 2 2 2 2 2 2 2 2 2 2 2 2 2 2 2 2 2 2 2 2 2 10 2 2 2 2 2 2 2 2 8 2 2 2 2 2 2 2 2 2 2 2 2 2 2 2 2 8
left_child=1 3 10 18 5 15 -2 -6 -5 19 -3 16 13 -7 33 -4 -12 -18 -1 20 21 24 -22 26 -8 39 29 36 -29 -24 51 -32 53 34 -9 49 -16 38 -23 -26 -41 42 46 -13 -45 -20 -37 -31 -49 60 -28 52 -21 54 -14 62 -57 58 -58 -59 61 -36 -56
right_child=6 2 4 8 7 12 9 14 -10 -11 11 43 32 -15 27 -17 17 -19 45 30 22 37 23 -25 25 -27 50 28 -30 47 31 -33 -34 -35 35 41 -38 -39 -40 40 -42 -43 -44 44 -46 -47 -48 48 -50 -51 -52 -53 -54 -55 55 56 57 59 -60 -61 -62 -63 -64
leaf_value=0.66394591286618454 -0.27809048047984009 0.19770826119759591 0.012076895971560598 -0.055575024175123271 -0.041023804440389666 -0.28926498754301394 0.16807548142504869 0.10314667074336564 0.118697965646616 -0.62504524239127202 0.25536333173572751 -0.10061970853940903 0.023961891817194571 -0.8122106704929144 0.018181653289704953 0.28992114051267154 0.073498598807435492 -0.065692274260123321 0.25238202120031134 -0.20667178603375938 0.45374384860907768 -0.66728986187110695 -0.22180925654434078 0.24470481598743474 -0.648893182724531 0.3024734105849527 0.13265130249881082 -0.1334168085387388 -0.57832708770875496 -0.31551755104484053 0.19426101575140003 0.67317825919708796 0.052935835872426451 0.20140660896346516 0.086465528132309094 0.088507628328686971 -1.013031802601319 0.0062037915382953121 -0.11456276091625053 -0.035263346130380742 -1.9479096772601747 0.085847951143362841 -0.052125189235677993 0.04692250995769829 -0.38213526057552105 0.05342881745727162 -0.39255605162523444 -1.0438998032344287 -1.5263573012463718 -0.083599137792999031 -1.182012511500139 0.45238046185543795 -2.010963048702501 0.068057051688059533 -0.1334471743568395 -0.60351474862801124 -0.79705008326261861 -0.48221605163765446 -0.1329768826286766 0.0066642180164846465 -0.38903471303226683 -0.1593129108690946 -1.1383089435278284
leaf_weight=8738 12979 22254 15262 7041 20229 132 39577 49827 19567 13271 4634 1885 3842 27 15826 4309 55951 4192 20253 6765 4533 1057 21709 3868 1185 2669 4843 2392 203 411 24544 8233 5522 12732 4873 10001 184 17462 8946 1477 84 30632 12120 41 76 6049 100 134 190 8375 55 3448 185 3306 13040 185 45 52 1264 8268 31 563 212
leaf_count=8738 12979 22254 15262 7041 20229 132 39577 49827 19567 13271 4634 1885 3842 27 15826 4309 55951 4192 20253 6765 4533 1057 21709 3868 1185 2669 4843 2392 203 411 24544 8233 5522 12732 4873 10001 184 17462 8946 1477 84 30632 12120 41 76 6049 100 134 190 8375 55 3448 185 3306 13040 185 45 52 1264 8268 31 563 212
internal_value=0.000498315 0.00077271 0.000585869 0.00172009 0.000315002 -0.000407817 -7.98028e-05 0.00055352 0.000785102 4.11794e-05 0.00126599 0.000966547 -0.00102591 -0.013239 0.000713146 0.000725819 0.00107731 0.000918893 0.00243008 0.000157721 -7.48612e-05 0.000236485 -0.000706012 -0.00103653 0.00072035 -0.00125115 -0.00140041 -0.00034265 -0.00289981 -0.00181697 0.000740591 0.00111465 -0.000971569 0.000865118 0.000738573 0.000376715 7.18303e-05 -0.000556162 -0.00163801 -0.00346686 -0.00121397 0.000711691 2.49766e-05 -0.00261738 -0.0146581 0.00198502 0.0010796 -0.00683673 -0.012284 -0.000902326 0.000508371 -0.000438546 -0.00133094 -0.00128351 -0.00154266 -0.00186291 -0.000767271 -0.000566518 -0.00409091 -1.2019e-05 0.000463691 0.000594187 -0.00267431
internal_weight=551860 374235 312587 61648 223554 55466 177625 168088 26608 164646 89033 66779 35895 159 147859 19571 64777 60143 35040 151375 108200 72457 35743 31210 44992 5415 27342 18605 2595 22444 43175 32777 35736 129254 116522 66695 16010 27465 10003 2746 1561 52853 22221 2002 117 26302 10101 735 324 13842 4898 10398 6950 30214 26908 23066 9814 9629 1309 8320 5467 5436 13252
internal_count=551860 374235 312587 61648 223554 55466 177625 168088 26608 164646 89033 66779 35895 159 147859 19571 64777 60143 35040 151375 108200 72457 35743 31210 44992 5415 27342 18605 2595 22444 43175 32777 35736 129254 116522 66695 16010 27465 10003 2746 1561 52853 22221 2002 117 26302 10101 735 324 13842 4898 10398 6950 30214 26908 23066 9814 9629 1309 8320 5467 5436 13252
is_linear=0
shrinkage=0.05


Tree=75
num_leaves=64
num_cat=0
split_feature=8 19 27 28 11 0 42 38 15 38 36 22 13 8 32 30 44 22 4 36 17 13 14 26 44 3 25 39 38 13 38 0 41 38 28 16 36 30 14 13 32 44 30 13 20 40 16 38 43 18 37 27 3 2 40 13 34 29 41 26 15 4 29
split_gain=32.377 19.8171 22.0451 15.1546 14.3363 13.9667 13.3241 9.68017 12.0163 9.47493 18.4589 10.8928 9.55233 8.33547 8.37045 19.292 8.20321 7.74764 10.2783 10.5667 9.55317 10.0135 11.8615 8.53251 8.18007 7.65081 7.60061 7.98948 11.6017 10.2855 7.60456 7.56953 8.31551 9.18938 9.16779 24.0686 7.51614 7.44981 12.858 10.4263 9.00898 7.50876 7.36758 7.50558 8.54562 7.2132 7.10921 6.98416 6.9658 7.05575 6.59172 6.39302 6.38414 7.63862 10.5117 6.80056 8.10652 12.4029 8.43624 7.46854 6.22349 6.16207 6.15762
threshold=7.8000000000000034 -0.14780378300014826 18.950000000000003 1.8550000000000002 -1.0000000180025095e-35 112.07500000000002 1.8499999999999999 38.650000000000013 1.0000000180025095e-35 27.050000000000004 102.50000000000001 20.500000000000004 1.5000000000000002 17.025000000000009 13.350164896899109 54.500000000000007 -16494.999999999996 61.500000000000007 30.550000000000004 567.50000000000011 7.1045690058709052 1.5000000000000002 3.5000000000000004 26471.250000000004 -1845.7499999999998 51.025000000000006 971.45000000000016 1.0000000180025095e-35 28.950000000000003 1.0000000180025095e-35 28.350000000000005 53.550000000000004 14104.500000000002 37.350000000000001 1.7550000000000001 18.429544318467403 727.50000000000011 19.500000000000004 6.5000000000000009 2.5000000000000004 13.67911994715819 -1259.8124999999998 4.5000000000000009 3.5000000000000004 0.35019404643548474 976.85000000000002 21.370742033444913 30.850000000000005 2205.0000000000005 18.650000000000002 28.500000000000004 75.850000000000009 151.25000000000003 38.95000000000001 972.6500000000002 2.5000000000000004 0.95368063612909471 1.4345361363381632 13166.500000000002 646.75000000000011 1.0000000180025095e-35 50.050000000000004 48.401641458174247
decision_type=8 2 8 2 2 2 2 2 2 2 2 2 2 10 2 2 2 2 10 2 2 2 2 2 2 10 2 2 2 2 2 2 2 2 2 2 2 2 2 2 2 2 2 2 2 2 2 2 2 2 2 10 8 10 2 2 2 2 2 2 2 10 2
left_child=1 3 16 26 7 37 48 13 -9 10 12 -12 -4 -2 -15 -16 -3 20 -19 50 21 22 24 -22 -11 -7 60 31 29 30 45 32 -28 34 -34 61 -24 38 41 -40 -39 -6 -33 -44 -45 -29 -42 -38 -5 -50 -20 -52 55 -54 -55 -21 -57 59 -59 -58 -1 -36 -10
right_child=4 2 9 6 5 25 -8 8 62 17 11 -13 -14 14 15 -17 -18 18 19 52 23 -23 36 -25 -26 -27 27 28 -30 -31 -32 42 33 -35 35 -37 47 40 39 -41 46 -43 43 44 -46 -47 -48 -49 49 -51 51 -53 53 54 -56 56 57 58 -60 -61 -62 -63 -64
leaf_value=-0.029652548242019669 -0.010421620393841771 -0.069988376108139794 -0.12657057220429052 0.33069656826104121 0.29647323064788783 -0.33038456541437244 0.047791256853682608 0.32193597972506294 -0.2737509158209907 -0.90093306902012671 -0.5300817709277158 -0.061477129785495722 0.22048730714555639 -0.10666967412280122 -0.17754404520604999 -3.8026273075648049 0.13643737415173759 0.066192793288653559 -0.29040268259395841 0.03030963816515957 0.32344827769643009 0.10764563277958619 0.14204084683679705 -0.050646852789109034 -0.3553136187131018 0.0039224140392979502 0.15587689729449924 -0.32831182345224075 0.089294953267399238 -0.051257560934300755 -0.28712067260010926 0.20009134079688662 0.016279062815225842 0.3019841562759471 0.16203213426214882 -0.28456941219803328 -0.48739928915082625 -0.010271204970607567 0.087804749499197976 -0.033092077809783647 -0.27093381656101373 0.1151862772259966 -0.1939208783130244 -0.26762162089709446 0.57082988466955753 -0.068658706365946551 -1.3785257287929729 -0.07451532629168521 0.26543535411275015 -0.25612625125537958 0.035063793582568066 -0.35330205822216404 -0.17209454674759725 -0.54853064740753676 -0.15178981721693882 -0.086232118797130081 -0.59440472382747378 -0.32228314323645452 -0.89663599587991016 -0.13644575750139087 -0.25426572428407374 -0.51476005481608456 0.19401636721232443
leaf_weight=5741 49338 1196 5490 25397 14417 11667 10324 4667 610 137 286 34560 16084 39653 1245 270 26786 20538 340 3156 9807 22101 2884 1119 506 29040 42368 238 3901 2448 189 29361 13778 3088 412 247 485 10855 15696 22158 887 27638 4690 815 2233 729 46 3314 175 133 20422 1436 465 112 88 4036 33 121 195 1194 152 53 310
leaf_count=5741 49338 1196 5490 25397 14417 11667 10324 4667 610 137 286 34560 16084 39653 1245 270 26786 20538 340 3156 9807 22101 2884 1119 506 29040 42368 238 3901 2448 189 29361 13778 3088 412 247 485 10855 15696 22158 887 27638 4690 815 2233 729 46 3314 175 133 20422 1436 465 112 88 4036 33 121 195 1194 152 53 310
internal_value=0.000482006 0.000803942 0.000447762 0.00123409 2.64119e-05 0.000363811 0.00212454 -0.000438481 0.00158135 0.000205797 -0.000304856 -0.00101647 0.000844535 -0.000563167 -0.00108847 -0.00473597 0.0017354 0.000517305 0.0001147 -0.000451294 0.00103747 0.000568696 -0.00103331 0.00230002 -0.00751944 -0.000406932 0.000943609 0.00104209 -0.000529647 -0.00257492 -0.00646194 0.00116364 0.00151103 0.000596769 6.90133e-05 -0.00546348 -0.000409247 0.000705967 0.000879063 0.000210546 -0.000467424 0.0014808 0.000602308 -0.000770225 0.00116142 -0.00466908 -0.00518221 -0.00187023 0.0027339 -0.00474026 0.000143707 0.000251167 -0.00185638 -0.00657895 -0.01475 -0.00149685 -0.00254615 -0.00562865 -0.014462 -0.00335371 -0.000803495 0.00123656 -0.0036413
internal_weight=551860 323363 176891 146472 228497 132404 36029 96093 5587 148909 56420 34846 21574 90506 41168 1515 27982 92489 52136 31598 40353 29427 7326 10926 643 40707 110443 104550 7505 3604 1156 97045 59946 17578 14490 712 6683 91697 79909 37854 11788 42055 37099 7738 3048 967 933 3799 25705 308 22198 21858 9400 665 200 8735 5579 1543 316 1227 5893 465 920
internal_count=551860 323363 176891 146472 228497 132404 36029 96093 5587 148909 56420 34846 21574 90506 41168 1515 27982 92489 52136 31598 40353 29427 7326 10926 643 40707 110443 104550 7505 3604 1156 97045 59946 17578 14490 712 6683 91697 79909 37854 11788 42055 37099 7738 3048 967 933 3799 25705 308 22198 21858 9400 665 200 8735 5579 1543 316 1227 5893 465 920
is_linear=0
shrinkage=0.05


Tree=76
num_leaves=64
num_cat=0
split_feature=27 16 41 0 25 11 14 13 44 5 27 14 13 0 14 45 14 13 25 39 27 25 25 16 5 26 15 13 25 32 28 42 35 1 23 3 4 8 13 22 8 36 43 26 43 0 32 23 28 5 42 23 18 28 0 13 22 20 13 15 14 10 14
split_gain=31.2922 24.2325 16.3402 15.7658 12.9427 12.2251 11.8166 33.1019 13.1209 12.1881 13.2017 11.7197 11.381 10.2869 10.4641 10.2308 9.84262 26.0884 17.515 12.3113 9.61231 11.6673 9.39241 24.8103 9.2999 8.51939 8.40475 11.3214 8.63918 8.26322 9.46549 8.23758 8.17674 8.69943 9.64409 8.70191 8.16484 7.96022 7.34655 7.30589 7.30522 7.20867 7.64369 9.13869 7.11461 7.07071 7.0297 9.37533 7.30776 7.1716 6.95289 6.89369 6.80838 6.75764 6.73766 6.52914 11.3575 12.4779 9.94608 12.6398 10.0794 9.46965 9.04691
threshold=24.350000000000005 13.448460418735783 11883.750000000002 166.25000000000003 970.45000000000016 -0.78656609248549292 4.5000000000000009 3.5000000000000004 7483.2500000000009 136.25000000000003 72.750000000000014 3.5000000000000004 4.5000000000000009 10.042500000000002 6.5000000000000009 1.5000000000000002 3.5000000000000004 3.5000000000000004 982.85000000000002 3.4500000000000006 112.15000000000002 981.55000000000007 996.35000000000002 -10.323349938785823 46.525000000000006 5097.2500000000009 1.0000000180025095e-35 1.0000000180025095e-35 981.75000000000011 -3.8728884840582016 0.67500000000000016 -16.149999999999995 0.34202014332566893 99.825000000000003 19.850000000000005 18.550000000000004 29.425000000000001 42.025000000000013 1.5000000000000002 73.500000000000014 3.8000000000000029 2387.5000000000005 1797.5000000000002 47705.750000000007 100.62500000000001 12.050000000000002 3.520509233841969 38.650000000000013 5.785000000000001 30.925000000000004 13.350000000000003 36.150000000000013 19.450000000000003 4.080000000000001 46.550000000000004 2.5000000000000004 62.500000000000007 -0.14780378300014829 1.0000000180025095e-35 1.0000000180025095e-35 5.5000000000000009 11.325000000000003 5.5000000000000009
decision_type=8 2 2 2 2 2 2 2 2 10 10 2 2 2 2 2 2 2 2 2 8 2 2 2 8 2 2 2 2 2 2 2 2 8 2 8 8 8 2 2 10 2 2 2 2 2 2 2 2 10 2 2 2 2 2 2 2 2 2 2 2 10 2
left_child=13 3 20 4 -2 16 7 24 22 10 15 12 29 -1 54 55 17 18 36 26 21 40 -9 -24 -7 -17 46 -28 38 30 51 -32 -26 34 -34 -36 -6 -19 -29 -37 -3 -13 -43 -44 -22 -27 48 50 -18 -49 -48 -4 -33 -20 -15 58 -57 62 -8 60 -60 -61 -58
right_child=1 2 11 -5 5 6 9 8 -10 -11 -12 41 -14 14 -16 25 19 37 53 -21 44 -23 23 -25 32 45 27 28 -30 -31 31 52 33 -35 35 39 -38 -39 -40 -41 -42 42 43 -45 -46 -47 47 49 -50 -51 -52 -53 -54 -55 -56 56 57 -59 59 61 -62 -63 -64
leaf_value=0.21509293167018295 -0.07691403055110746 0.1808079048644021 -0.087920075548615736 -0.24075411456918605 -0.48425709513805226 0.11407876856147015 -0.01025755845167165 0.39935158142852001 0.016154782159061656 0.57063759092666921 -0.099144228851748478 -0.015958770950651995 0.11538691499858518 0.20397703910317644 0.053252125242189696 0.017965591778701787 0.083015186862591198 0.1493949552943713 -0.2062451970524638 -0.38663147190755631 0.17814523692017098 0.40666694071325715 -1.0723661381920651 0.2323811762721768 0.037158687157577329 0.12234555819163834 0.65092761983308978 -1.533017699158906 0.25009250401482086 0.043942983924825714 0.18805015446994872 -0.23592591018176698 0.013019481165966025 0.017204677996007691 -0.44939713155133776 -0.22593586622422307 -0.48571201080982418 -0.25177706456087878 -0.24770212947079528 -0.78447215301023709 -0.054445921776165598 0.35168516240062764 0.17014148123934658 -0.25710965638118094 -0.16455444492605806 -0.24615123795705951 -0.0052027028226621789 -0.59072372317626642 -0.11249066887754484 -0.21109019792893605 -0.24642765353551585 -0.92898200326535463 -0.37635010955458381 0.40573274916722596 0.06475524860281541 0.085019297697625701 -0.25806898896574504 0.053245133613923017 0.38688894109891159 -1.7189466633814239 0.074294641641552625 -0.30668920554161905 -0.045213310088231574
leaf_weight=9364 13610 8945 1773 43659 304 13624 18516 30432 7540 7754 19256 7764 1831 18855 59639 4810 33769 6178 6390 371 22841 15883 219 815 18028 544 573 50 494 1116 224 974 3162 7740 249 5713 1754 1071 2133 215 3860 4492 537 270 2883 4264 10309 236 3699 497 724 29 498 753 5658 27875 1539 18503 7227 73 28764 103 30885
leaf_count=9364 13610 8945 1773 43659 304 13624 18516 30432 7540 7754 19256 7764 1831 18855 59639 4810 33769 6178 6390 371 22841 15883 219 815 18028 544 573 50 494 1116 224 974 3162 7740 249 5713 1754 1071 2133 215 3860 4492 537 270 2883 4264 10309 236 3699 497 724 29 498 753 5658 27875 1539 18503 7227 73 28764 103 30885
internal_value=0.000469232 0.000299164 0.00112825 0.000139742 0.000254354 0.000317205 0.000475664 0.000946978 0.00203251 0.000232581 0.000140091 -0.000113287 -0.00185803 0.00130277 0.00112784 0.000305479 -0.000272347 -0.00134043 -0.00310781 6.00702e-05 0.00157337 0.00220266 0.00248141 -0.00220503 7.80819e-05 -0.00126949 0.000124229 -0.00233846 -0.00370377 -0.00318162 -0.00437679 -0.00705778 -0.000352209 -0.00113619 -0.00216351 -0.0033131 -0.00717201 0.000902883 -0.00505497 -0.00292847 0.00107966 0.000747531 0.00216928 -0.00231103 0.00087156 -0.0027579 0.000286794 -0.000779364 0.000621597 -0.00625512 -0.000415571 -0.0018535 -0.00841712 -0.00193686 0.00199751 0.000418961 0.000127662 -0.000316433 0.000838743 0.00132123 0.0013866 -0.0120455 -0.000907661
internal_weight=551860 458344 73920 384424 340765 327155 257850 87737 39006 170113 162359 19508 6445 93516 84152 143103 69305 16450 9201 52855 54412 28688 31466 1034 48731 9618 52484 3250 2677 4614 3498 1696 35107 17079 9339 6177 2058 7249 2183 5928 12805 13063 5299 807 25724 4808 49234 11766 37468 733 11033 1802 1472 7143 24513 133485 78802 50927 54683 36167 35991 176 32424
internal_count=551860 458344 73920 384424 340765 327155 257850 87737 39006 170113 162359 19508 6445 93516 84152 143103 69305 16450 9201 52855 54412 28688 31466 1034 48731 9618 52484 3250 2677 4614 3498 1696 35107 17079 9339 6177 2058 7249 2183 5928 12805 13063 5299 807 25724 4808 49234 11766 37468 733 11033 1802 1472 7143 24513 133485 78802 50927 54683 36167 35991 176 32424
is_linear=0
shrinkage=0.05


Tree=77
num_leaves=64
num_cat=0
split_feature=8 16 27 11 0 27 9 37 27 14 13 15 35 26 31 32 12 13 14 23 13 14 13 13 16 40 17 37 11 44 35 33 18 44 34 34 40 38 19 32 14 14 20 10 18 3 45 13 14 44 5 0 26 10 25 37 13 16 37 31 13 9 3
split_gain=29.4721 17.5209 17.8579 13.5756 12.7651 10.0121 9.36892 9.35092 9.27663 11.8403 11.554 11.2436 10.7584 16.8783 10.1988 10.648 9.83305 9.44267 12.4187 12.2139 9.86912 8.92492 13.7189 10.7503 10.5269 8.93237 8.53097 8.20789 8.19048 8.12719 8.39302 8.45173 7.94473 7.80564 7.76104 7.71135 9.60203 10.0035 12.9434 13.1278 9.43793 8.5375 8.15166 7.91191 7.65858 7.63988 7.63277 7.48934 7.4864 7.54817 7.79562 7.39812 7.37526 7.26526 7.19444 7.08087 18.6629 9.79427 6.97163 6.96848 6.59545 6.6455 6.48955
threshold=3.8000000000000029 0.87259251161808027 18.950000000000003 -1.0000000180025095e-35 106.12500000000001 43.550000000000004 28.050000000000004 70.500000000000014 63.525000000000006 6.5000000000000009 1.0000000180025095e-35 1.0000000180025095e-35 -0.1564344650402309 11703.250000000002 13.814260479298996 8.8742005051786972 1.0000000180025095e-35 3.5000000000000004 3.5000000000000004 16.250000000000004 1.5000000000000002 4.5000000000000009 4.5000000000000009 3.5000000000000004 8.8291495629105174 973.95000000000016 11.18973216799438 41.500000000000007 -0.60355339059327362 -1062.7499999999998 0.36648727148060622 3.5500000000000003 14.550000000000002 -16494.999999999996 0.63605400036818838 -0.50000000000000011 980.35000000000002 38.350000000000001 0.55191596924288722 13.350164896899109 7.5000000000000009 6.5000000000000009 -0.67556448321067808 10.425000000000002 16.850000000000005 30.025000000000002 1.5000000000000002 2.5000000000000004 8.5000000000000018 -6968.9999999999973 9.5050000000000008 692.00000000000011 31603.000000000004 30.525000000000002 981.85000000000002 15.500000000000002 4.5000000000000009 20.096137142554319 86.500000000000014 -2.1560100427147151 1.0000000180025095e-35 197.25000000000003 53.025000000000006
decision_type=8 2 8 2 2 8 10 2 8 2 2 2 2 2 2 2 2 2 2 2 2 2 2 2 2 2 2 2 2 2 2 2 2 2 2 2 2 2 2 2 2 2 2 8 2 8 2 2 2 2 10 2 2 10 2 2 2 2 2 2 2 10 10
left_child=1 2 33 5 21 -2 53 26 9 14 12 46 13 -11 -3 47 -13 18 19 -10 -21 22 29 24 -23 45 -8 -22 -17 -5 44 -32 -29 -1 -33 51 37 38 39 40 41 -37 -41 -38 -31 -26 -12 -16 49 54 -51 -7 -28 -4 -9 56 57 -49 -18 -15 -43 -62 -6
right_child=3 8 6 4 62 35 7 48 17 10 11 16 -14 59 15 28 58 -19 -20 20 27 23 -24 -25 25 -27 52 32 -30 30 31 34 -34 -35 -36 36 43 -39 -40 42 -42 60 -44 -45 -46 -47 -48 55 -50 50 -52 -53 -54 -55 -56 -57 -58 -59 -60 -61 61 -63 -64
leaf_value=-0.076119643765298756 0.02078720370578499 0.26428812118406242 0.13573349439917556 0.25092023640737876 -0.24110988978354905 -0.13016513115255257 0.018804450969309758 0.21703558049398963 0.25217993406200701 -0.077057934133611075 0.11599567060327792 0.078897665075600781 0.05823094285506164 -0.35393442640335915 0.16711017514487406 0.18488013227010736 -0.39539770269327934 0.19228139050063037 0.11850798708908877 -0.0013448859471887308 -0.06839935581935451 0.1057202256970437 0.41404359606720986 -0.020938198225622706 -0.2458764133865024 -0.0050849801207133744 0.28963298133603804 -0.25532797472422919 -0.75604084268402239 0.16782602959261866 -0.97920080585519642 -0.086845036007737172 -0.53424370784695396 0.12702292599281076 -0.41092106501680875 -0.19032584069537625 -0.64847096944367988 0.5019676526350646 -0.018667923752548166 0.15396587054242497 0.12356834229186105 -0.67013590937954826 -2.4375371450553023 0.10372597290640095 -0.31791316152903881 -0.06772175239829889 -0.26254816677616577 -0.19868663256913338 0.10084833812170094 -0.17479642487730065 -0.042952630335467 -5.5034987249344738 -0.35769478417372208 -0.081891706521673074 -0.17648739032731064 0.057672585367445711 0.047470133448161048 -0.33071489388448905 -0.16519588398155649 0.49768514121729857 -0.19637858235403186 -0.77125220198169508 0.021699857368158545
leaf_weight=1090 41320 30318 19062 7774 13765 27689 48546 4068 4575 2090 26977 267 3431 367 4172 97 116 25509 19761 3684 2077 35019 9556 31396 515 6844 7013 1627 185 7011 47 4815 1700 24425 613 4563 1756 1593 13066 120 1737 208 430 20128 932 551 560 386 5671 4012 34571 197 272 5644 1018 3431 757 92 160 54 1160 167 31103
leaf_count=1090 41320 30318 19062 7774 13765 27689 48546 4068 4575 2090 26977 267 3431 367 4172 97 116 25509 19761 3684 2077 35019 9556 31396 515 6844 7013 1627 185 7011 47 4815 1700 24425 613 4563 1756 1593 13066 120 1737 208 430 20128 932 551 560 386 5671 4012 34571 197 272 5644 1018 3431 757 92 160 54 1160 167 31103
internal_value=0.000463524 0.000813542 0.000453434 8.20791e-05 0.000394855 -0.000328824 0.000215858 1.00315e-05 0.00123621 0.00161108 0.000927635 0.0013515 -0.0010754 -0.00356233 0.00220067 0.000734649 -0.00577348 0.000768924 0.000216013 -0.000943058 -0.00200374 0.000696326 0.00141277 0.000399933 0.000914184 -0.000733249 0.000453243 -0.00336417 -0.00882979 0.000703568 -4.17348e-05 -0.00154794 -0.00490382 0.00166275 -0.00136514 -0.000681599 -0.00027622 -0.000988543 -0.00127243 -0.0028056 -0.00228143 -0.00320761 -0.0102727 0.000473862 0.000996475 -0.00499062 0.00149199 0.00103983 -0.000491487 -0.000713435 -0.000952103 -0.00133472 0.00204873 0.00109204 0.00109713 -0.000336476 -0.003583 -0.011318 -0.0123913 -0.012696 -0.00643322 -0.00513564 -0.000311135
internal_weight=551860 287785 155392 264075 149941 114134 129877 105171 132393 73460 34022 28080 5942 2511 39438 9120 543 58933 33424 13663 9088 105073 30748 74325 42929 7910 55831 5404 282 21192 13418 5475 3327 25515 5428 72814 44928 23044 21451 8385 7835 6098 550 21884 7943 1066 27537 8838 49340 43669 38583 27886 7285 24706 5086 4666 1235 478 276 421 1535 1327 44868
internal_count=551860 287785 155392 264075 149941 114134 129877 105171 132393 73460 34022 28080 5942 2511 39438 9120 543 58933 33424 13663 9088 105073 30748 74325 42929 7910 55831 5404 282 21192 13418 5475 3327 25515 5428 72814 44928 23044 21451 8385 7835 6098 550 21884 7943 1066 27537 8838 49340 43669 38583 27886 7285 24706 5086 4666 1235 478 276 421 1535 1327 44868
is_linear=0
shrinkage=0.05


Tree=78
num_leaves=64
num_cat=0
split_feature=0 23 27 14 32 37 14 1 23 27 22 23 31 26 9 37 14 32 29 4 26 0 26 16 38 39 19 28 23 35 22 38 25 37 43 38 43 41 38 35 40 10 1 23 38 36 35 40 3 37 10 11 20 9 22 33 8 41 11 38 16 37 36
split_gain=27.8102 23.4862 19.9436 16.7359 15.2336 14.7458 16.1313 12.658 12.0361 12.0094 11.1385 11.6562 14.901 14.1845 11.123 11.0685 12.9899 12.3307 20.5143 9.3517 9.04835 8.80755 8.54648 9.01663 8.1347 7.7392 7.68859 7.60517 7.49249 7.87252 7.52579 7.42541 7.14703 7.21751 6.99372 6.94923 6.91548 6.79228 8.43832 7.28089 6.75583 7.59179 6.53333 6.48519 6.28772 6.20801 6.17077 7.24496 7.00267 8.76219 6.77453 6.14972 6.09633 6.08 6.93504 6.29858 6.03956 6.61876 5.92696 5.90971 7.35345 5.85219 5.79809
threshold=80.225000000000009 24.850000000000005 37.050000000000004 6.5000000000000009 -13.292267053620082 51.500000000000007 3.5000000000000004 62.050000000000004 35.650000000000013 14.050000000000002 49.500000000000007 28.050000000000004 -10.419328576310145 5849.0000000000009 20.050000000000004 6.5000000000000009 4.5000000000000009 4.364050454270985 61.436764983243769 20.550000000000004 2903.2500000000005 458.25000000000006 47705.750000000007 13.448460418735783 27.750000000000004 1.0000000180025095e-35 -0.89879404629916682 3.1550000000000007 30.150000000000002 0.66913060635885813 38.500000000000007 41.650000000000013 972.1500000000002 92.500000000000014 342.50000000000006 26.750000000000004 -113.74999999999999 5715.2500000000009 23.450000000000003 -0.62932039104983739 977.55000000000007 31.725000000000005 90.02500000000002 32.95000000000001 25.150000000000002 837.50000000000011 -0.35836794954530043 980.75000000000011 255.25000000000003 91.500000000000014 67.725000000000009 -0.9159756150367534 0.77714596145697079 90.050000000000011 30.500000000000004 23.550000000000004 8.5160000000000036 18646.000000000004 -0.60355339059327362 36.650000000000013 -5.9265796414566028 45.500000000000007 52.500000000000007
decision_type=2 2 8 2 2 2 2 8 2 10 2 2 2 2 10 2 2 2 2 8 2 2 2 2 2 2 2 2 2 2 2 2 2 2 2 2 2 2 2 2 2 8 8 2 2 2 2 2 8 2 10 2 2 10 2 2 10 2 2 2 2 2 2
left_child=1 4 3 -3 20 6 10 -2 14 -5 11 -4 45 43 -7 31 -17 -18 58 36 -1 25 23 35 40 46 -15 -21 -26 30 -30 34 -16 37 -8 51 -20 38 -34 -39 41 -11 -33 53 -35 -13 47 -9 -49 -50 -51 -6 -12 -14 55 -55 -10 -58 59 -19 61 -61 -48
right_child=7 2 5 9 22 8 15 21 56 24 52 12 13 26 32 16 17 18 19 27 -22 -23 -24 -25 28 -27 -28 -29 29 -31 -32 42 33 44 -36 -37 -38 39 -40 -41 -42 -43 -44 -45 -46 -47 62 48 49 50 -52 -53 -54 54 -56 -57 57 -59 -60 60 -62 -63 -64
leaf_value=-0.10531548961210296 -0.36705779066163463 0.14010993383107304 0.12083714443244259 0.12002581779856787 -0.053821247633943831 0.11577847938555597 -0.34552923122527518 -0.039919155540425778 -0.087528041581073274 -0.097501001842210597 -0.26371826566108886 -0.80539924239197136 0.076582403899678367 -0.12203907976659577 -0.078991742943822663 0.24238425236885253 0.096107243727970637 -0.021921196922069688 0.019464759586868576 -0.41263403225510936 0.11291994351698915 -1.2185598658826118 -0.32346853507817586 0.41464827471992216 0.09323983300568317 -0.33142899315694763 0.06082588176692813 -0.093781997299364595 -0.17109337114647702 0.1376122718325839 -0.0037718755776777997 -0.44743010215679502 -0.30486134245197838 -0.12933319709644794 0.0047321529563527582 0.37673574123561593 -1.3463016218234876 -0.13378142473463414 0.040445861157244606 -0.014701233883430895 0.032879972721786804 0.014431392415623207 0.011674494037137606 -0.51010671467260971 -0.044618042156884606 -0.23094168720404992 0.17365524578690988 0.39598432668540617 0.032844701072994316 -1.3348502568724707 -2.1623909098528173 0.17079882137233304 -0.8323290574444473 -0.082524988911841568 -0.62566791948385003 -0.76992120928236729 -0.26321452595866207 -0.42084454297622753 0.13686818861788863 -0.34869825699423079 -0.048029666935059251 -0.8587274962371837 -0.055915791592222069
leaf_weight=6017 9973 49492 5115 21143 3193 9645 399 11414 2986 9895 210 95 399 2221 12180 20440 31175 1667 42 1188 5426 4677 180 13447 29035 3084 4750 1138 697 5146 26916 40 735 2248 762 4096 128 3458 43417 22462 12420 6692 20 201 8399 141 23869 17115 3973 294 68 26587 148 640 507 157 1269 113 4933 207 265 26 73085
leaf_count=6017 9973 49492 5115 21143 3193 9645 399 11414 2986 9895 210 95 399 2221 12180 20440 31175 1667 42 1188 5426 4677 180 13447 29035 3084 4750 1138 697 5146 26916 40 735 2248 762 4096 128 3458 43417 22462 12420 6692 20 201 8399 141 23869 17115 3973 294 68 26587 148 640 507 157 1269 113 4933 207 265 26 73085
internal_value=0.000454101 0.000668525 0.000511087 0.000916648 0.00159095 0.000155117 0.000682603 -0.000133444 -0.000224858 0.000578146 -0.000814591 -0.000595389 -0.00166776 -0.00133803 -0.000115365 0.00103236 0.00112639 0.000610636 -0.000956848 -0.00485577 -4.67533e-05 -8.75842e-06 0.00198545 0.00202682 0.000328245 6.62896e-05 -0.000293358 -0.00402837 0.000652491 0.000134162 -0.000200449 -0.00368141 -0.000283157 -0.000112799 -0.002795 0.00159198 -0.0161765 7.14981e-05 0.000448677 -0.000570987 -0.000362499 -0.00102279 -0.0208333 -0.00516281 -0.00132573 -0.0140678 0.000125098 0.000717198 0.00125874 -0.000536332 -0.00798343 0.00132639 -0.00952514 -0.00416031 -0.00581288 -0.00290464 -0.00279533 -0.00552822 0.000414201 -0.00176674 -0.00654618 -0.0130258 -7.56027e-05
internal_weight=551860 404308 345362 161436 58946 183926 77014 147552 106912 111944 14584 14226 9111 8875 102544 62430 61209 40769 9594 2496 11443 137579 47503 47323 90801 132902 6971 2326 61794 32759 27613 1221 92899 80719 1161 33876 170 70072 44152 25920 29007 16587 60 1904 10647 236 129818 32864 21450 4335 362 29780 358 1703 1304 797 4368 1382 7098 2165 498 233 96954
internal_count=551860 404308 345362 161436 58946 183926 77014 147552 106912 111944 14584 14226 9111 8875 102544 62430 61209 40769 9594 2496 11443 137579 47503 47323 90801 132902 6971 2326 61794 32759 27613 1221 92899 80719 1161 33876 170 70072 44152 25920 29007 16587 60 1904 10647 236 129818 32864 21450 4335 362 29780 358 1703 1304 797 4368 1382 7098 2165 498 233 96954
is_linear=0
shrinkage=0.05


Tree=79
num_leaves=64
num_cat=0
split_feature=8 19 27 28 42 11 0 44 7 22 13 40 27 44 38 32 22 41 30 35 2 13 14 13 30 11 31 11 14 13 22 30 30 17 9 37 44 43 2 25 39 32 10 1 14 13 13 28 32 22 28 27 43 17 38 21 37 19 28 11 35 28 16
split_gain=26.411 16.0749 17.1449 14.2556 13.7109 12.4136 10.9749 8.43521 8.06312 10.7972 15.2471 10.0945 8.76752 8.52186 7.59027 9.41741 10.2835 8.2492 9.672 13.3706 8.11239 7.43886 11.2594 17.1182 15.6544 12.4217 9.07162 8.8127 11.4326 11.947 16.0509 8.73088 8.44345 7.94193 12.4191 7.91582 7.45188 7.38509 9.55472 7.3777 7.43801 7.15583 8.74343 7.06872 6.94954 12.3561 9.70193 7.51545 12.8198 7.54448 7.28855 6.83542 6.79208 6.77584 6.72383 7.82555 10.6359 12.0528 8.21423 7.79353 6.98444 11.7909 9.37176
threshold=6.5000000000000018 -0.19936034309715209 18.950000000000003 1.8550000000000002 4.8500000000000014 -1.0000000180025095e-35 114.25000000000001 -16494.999999999996 18.701666666666672 64.500000000000014 3.5000000000000004 978.1500000000002 55.050000000000004 -8129.7499999999991 34.850000000000001 4.0853946248164261 61.500000000000007 16337.500000000002 228.50000000000003 -0.64942331933852315 40.975000000000009 3.5000000000000004 6.5000000000000009 4.5000000000000009 1.5000000000000002 1.0000000180025095e-35 -14.862079353028026 0.91597561503675362 7.5000000000000009 1.5000000000000002 86.500000000000014 4.5000000000000009 6.5000000000000009 -0.18120120705054535 45.050000000000004 84.500000000000014 -1663.7499999999993 2487.5000000000005 50.025000000000006 971.45000000000016 0.55000000000000016 -3.8728884840582016 73.725000000000009 131.25000000000003 4.5000000000000009 4.5000000000000009 3.5000000000000004 6.0650000000000013 6.874724795220204 80.500000000000014 14.935000000000002 26.350000000000005 547.50000000000011 5.7907352840943984 37.750000000000007 787.50000000000011 82.500000000000014 -0.96811077628253228 1.8350000000000002 -0.98296291314453399 0.64942331933852337 1.6350000000000002 18.713706903223819
decision_type=8 2 8 2 2 2 2 2 8 2 2 2 8 2 2 2 2 2 2 2 10 2 2 2 2 2 2 2 2 2 2 2 2 2 8 2 2 2 8 2 2 2 10 10 2 2 2 2 2 2 2 8 2 2 2 2 2 2 2 2 2 2 2
left_child=1 3 7 39 -5 14 44 -3 -4 10 41 13 -12 -11 17 37 -17 18 -2 -20 -18 27 24 25 -23 52 -27 -15 29 30 -29 -31 -33 -28 -35 -25 -26 -16 -39 -1 54 42 -10 -8 45 50 47 -46 49 -49 -7 -19 -24 -50 55 58 60 -58 59 -41 61 -57 -63
right_child=5 2 8 4 -6 6 43 -9 9 11 12 -13 -14 21 15 16 20 51 19 -21 -22 22 23 35 36 26 33 28 -30 31 -32 32 -34 34 -36 -37 -38 38 -40 40 -42 -43 -44 -45 46 -47 -48 48 53 -51 -52 -53 -54 -55 -56 56 57 -59 -60 -61 -62 62 -64
leaf_value=-0.050467527993799416 -0.03004045180808898 -0.079314443987955494 0.087025466632671133 0.26990400605193454 -0.0017242958320025537 0.018068759261691717 -0.2552925918706172 0.11712948836000461 -0.031811699885412728 0.19666127652714749 0.23954356917320016 0.031174136869395935 0.069005737834613584 0.00096611637868628572 0.13237379462302981 -0.068146410080174566 -0.26137775604608526 0.045642187696825112 -3.3126714582655765 -0.13165364664911491 -0.76669680345185165 0.29000620350713341 -0.11270796170435038 -0.16729939819005965 0.23609158167980762 -0.1124576806538906 0.54359463401363439 0.0049113455564007806 0.35887053722003226 0.038808326330844078 -0.37617775523211194 -0.91990112550055736 -0.18062863669095972 -0.64277354582841595 -0.37995109617638079 -0.0030977437961701502 -0.26385734083836065 -0.57277849032331218 -0.017611870127185902 -0.12537427727638928 -0.11080702728470621 0.032630882330758886 -0.33990236946915076 0.021440075470996772 0.087637546350180007 0.40752616019154603 -0.026592617455807002 0.15285929263664888 -0.49442900288424263 -1.7016957556210277 0.36385363169688367 -0.17559474671813238 -0.46012664944731052 -0.12328614494308665 0.33264822268031402 0.0045334574746468004 -0.3505124244106852 0.10254082681878146 -0.81108114834908918 0.14266794799635216 0.12993763959912039 -0.11390905252574715 -0.24310202043204102
leaf_weight=5468 71356 1174 9827 27986 6595 17637 12591 26434 8966 2091 14161 33626 16227 17996 13109 3272 214 2704 229 393 108 2460 1931 3388 451 395 75 399 579 959 788 47 67 171 1009 4715 1466 112 338 3877 1967 21462 2991 27565 36103 9257 28200 1402 506 53 3870 9344 72 299 3945 18375 128 115 99 63677 6119 627 293
leaf_count=5468 71356 1174 9827 27986 6595 17637 12591 26434 8966 2091 14161 33626 16227 17996 13109 3272 214 2704 229 393 108 2460 1931 3388 451 395 75 399 579 959 788 47 67 171 1009 4715 1466 112 338 3877 1967 21462 2991 27565 36103 9257 28200 1402 506 53 3870 9344 72 299 3945 18375 128 115 99 63677 6119 627 293
internal_value=0.00044196 0.000743907 0.000423367 0.00114421 0.00202438 4.57134e-05 0.000355062 0.00156621 0.000207731 0.000108138 0.000582773 -0.000308523 0.00139331 -0.000855244 -0.000374633 0.000583863 -0.00169171 -0.000570299 -0.000367612 -0.00657556 -0.0102174 -0.00103089 -0.00183692 -0.00264291 0.00032785 -0.00548453 -0.00869697 -0.000406767 -0.00299577 -0.00460177 -0.00805813 -0.000778192 -0.0138596 -0.0107769 -0.0117797 -0.00136184 -0.00305947 0.00118703 -0.00511111 0.000853472 0.000952007 -0.000154253 -0.00113448 -0.000340422 0.000642011 0.00126349 0.000354777 0.000872325 -0.00192478 0.000876289 0.000606082 -0.00178121 -0.00283824 -0.00698758 0.00101357 0.000928089 0.00018455 -0.0102263 0.00121007 0.00123116 0.000284096 -0.00018269 -0.00570652
internal_weight=551860 313198 173927 139271 34581 238662 137483 27608 146319 136492 63807 72685 30388 39059 101179 17153 3594 84026 71978 622 322 36968 16133 11756 4377 3653 1650 20835 2839 2260 1187 1073 114 1255 1180 8103 1917 13559 450 104690 99222 33419 11957 40156 97327 30764 66563 38363 2260 1455 21507 12048 2003 805 97255 93310 25657 243 67653 67554 25414 19295 920
internal_count=551860 313198 173927 139271 34581 238662 137483 27608 146319 136492 63807 72685 30388 39059 101179 17153 3594 84026 71978 622 322 36968 16133 11756 4377 3653 1650 20835 2839 2260 1187 1073 114 1255 1180 8103 1917 13559 450 104690 99222 33419 11957 40156 97327 30764 66563 38363 2260 1455 21507 12048 2003 805 97255 93310 25657 243 67653 67554 25414 19295 920
is_linear=0
shrinkage=0.05


Tree=80
num_leaves=64
num_cat=0
split_feature=0 23 38 27 36 44 11 9 21 35 36 38 19 25 11 41 16 40 25 0 37 37 23 28 38 22 3 25 7 25 37 34 3 40 4 13 23 14 38 20 13 15 22 34 19 7 13 34 21 26 11 38 31 23 37 40 13 23 6 27 24 38 21
split_gain=24.4702 22.0076 18.8536 17.6942 17.0959 16.3118 13.9391 12.5985 11.7655 11.3281 9.9442 10.7862 9.31428 8.44833 8.25251 8.34143 9.62347 11.5101 8.44319 8.24301 9.57878 9.57886 9.35491 8.06082 8.04173 8.03342 7.96342 7.81889 7.6995 7.66835 7.59755 10.395 7.57545 8.26073 8.82664 7.52118 8.14258 10.8251 12.3532 9.0318 7.64239 7.2662 15.0655 7.76831 7.21036 7.09144 7.07672 7.12506 7.07468 6.97699 6.87729 7.39626 8.09661 7.41733 12.48 8.41933 7.20526 10.8311 7.15682 6.8328 6.79788 6.78704 8.74179
threshold=80.225000000000009 25.550000000000004 28.050000000000004 44.050000000000004 165.62500000000003 -913.5 -0.78656609248549292 80.850000000000009 1457.5000000000002 0.46173103126271869 392.50000000000006 36.150000000000013 -0.73724926354828224 971.05000000000007 -0.9159756150367534 6993.2500000000009 8.3182953877757466 985.85000000000002 979.95000000000016 17.950000000000003 51.500000000000007 6.5000000000000009 36.150000000000013 2.7850000000000006 41.650000000000013 62.500000000000007 36.525000000000006 972.1500000000002 50.62554347826088 979.45000000000016 93.500000000000014 0.28400453026986799 28.050000000000004 977.25000000000011 48.025000000000006 5.5000000000000009 28.050000000000004 7.5000000000000009 25.850000000000005 -0.33379414889141251 4.5000000000000009 1.0000000180025095e-35 80.500000000000014 0.67556448321067863 0.99961926108774357 54.993452380952384 1.0000000180025095e-35 0.21643137258081221 482.50000000000006 1454.2500000000002 -1.0000000180025095e-35 38.650000000000013 -14.558702080273791 38.350000000000001 33.500000000000007 977.1500000000002 4.5000000000000009 40.250000000000007 53.37916666666667 27.350000000000005 5.5500000000000007 26.250000000000004 677.50000000000011
decision_type=2 2 2 8 2 2 2 8 2 2 2 2 2 2 2 2 2 2 2 2 2 2 2 2 2 2 10 2 10 2 2 2 10 2 8 2 2 2 2 2 2 2 2 2 2 8 2 2 2 2 2 2 2 2 2 2 2 2 8 10 2 2 2
left_child=1 5 4 10 6 8 -3 -2 12 60 41 59 -1 -9 -15 16 -16 25 -19 -5 21 24 27 -10 -21 28 -17 -22 29 -18 -8 32 -32 34 -34 36 37 40 -39 -38 44 -4 -43 -44 -6 -25 47 -31 -46 -20 51 52 -23 -54 -55 -56 -53 58 -58 -12 -7 62 -41
right_child=7 2 3 19 35 9 30 13 23 -11 11 -13 -14 14 15 26 17 18 49 20 22 50 -24 45 -26 -27 -28 -29 -30 46 31 -33 33 -35 -36 -37 39 38 -40 61 -42 42 43 -45 48 -47 -48 -49 -50 -51 -52 56 53 54 55 -57 57 -59 -60 -61 -62 -63 -64
leaf_value=0.44349850226582399 -6.4920646747433173 -0.12642503146753153 0.16497830375368944 0.097764880152078473 -0.10252773823419321 0.13651158721936735 0.10910655956200527 -0.51645118210529084 -0.1921035642053803 -0.033169698107195209 0.069715388179751481 0.16849606700930769 0.14950639749575298 -0.28537073988170375 -0.010293167106061743 -0.36083723523892153 -1.4151692363576434 -1.4738902473709314 0.14470175825937812 -0.17739833777595049 -0.098154855973937138 0.20702220089981616 -0.19113877521814326 -0.68271623419970995 -0.37347849620301443 -0.32338297745416283 -0.043516518014422578 0.0012407132058567215 0.17106167616286702 0.11454573190101046 -0.044813400422579308 0.064108108183478313 -0.36588484603821497 -0.074489652663142655 0.22054727261109752 0.052358887846724073 -0.045045685362119059 -0.070881473240119008 0.11099281795336938 -0.29669770074357571 0.079761016098763918 0.28867257626249326 -0.28869545321090201 -0.10150835411703787 -0.26599946300413596 -0.086814806386960264 0.4038744029499407 -3.1942859611925472 -0.59197532158946897 0.65249774157302298 0.13755128022131768 0.3868265398756181 -0.020137174182837381 0.011883064564154886 -0.24529206177717217 -0.63536300239317456 -0.26642967696920877 0.42657234078625683 0.044273219995525692 0.0020006991037095257 -0.21386415501534356 -0.11635832684744385 0.064307167252674921
leaf_weight=14069 898 3480 37160 9397 11481 22088 27082 1247 586 14618 45094 15492 19714 11368 68971 5182 151 79 8068 950 6481 4084 2735 49 45 3505 27756 32940 7261 30 1184 5346 416 374 98 8148 8790 4324 10941 2109 2320 1102 409 303 187 66 258 34 64 12744 18998 4213 21573 1293 881 163 691 868 588 34127 346 6439 402
leaf_count=14069 898 3480 37160 9397 11481 22088 27082 1247 586 14618 45094 15492 19714 11368 68971 5182 151 79 8068 950 6481 4084 2735 49 45 3505 27756 32940 7261 30 1184 5346 416 374 98 8148 8790 4324 10941 2109 2320 1102 409 303 187 66 258 34 64 12744 18998 4213 21573 1293 881 163 691 868 588 34127 346 6439 402
internal_value=0.000430907 0.000632043 0.000461007 0.000695718 -0.000142458 0.00142767 0.000674039 -0.000120229 0.0022103 0.000699288 0.00107815 0.000801527 0.00234334 -8.40753e-05 -4.89314e-05 6.07661e-05 0.000285902 0.00100062 0.00169475 0.000212937 7.52828e-05 0.000514012 -0.000490321 -0.00420114 -0.00434673 -0.000289616 -0.000630275 -0.000294132 0.000610292 -0.00557082 0.000978261 -0.000439471 -0.00344595 -0.00693694 -0.0110506 -0.000704193 -0.000947043 -0.000435413 0.000486407 -0.00179256 -0.00143681 0.0017504 -0.00133958 -0.00700843 -0.00195534 -0.0163043 -0.00121118 -0.0160937 -0.0103386 0.00175668 0.000604664 0.000182512 -0.000167178 -0.000518611 -0.00319427 -0.00726054 0.0017217 -0.000635771 -0.00356138 0.00056557 0.00140501 -0.00291061 -0.00511549
internal_weight=551860 404308 332772 239587 93185 71536 37980 147552 34484 37052 133687 94713 33783 146654 145407 134039 101101 32130 20891 105900 96503 54347 42156 701 995 11239 32938 39421 7734 473 34500 7418 2072 888 514 55205 47057 29317 15265 17740 14052 38974 1814 712 11732 115 322 64 251 20812 53352 34354 27994 23910 2337 1044 6360 2147 1279 79221 22434 8950 2511
internal_count=551860 404308 332772 239587 93185 71536 37980 147552 34484 37052 133687 94713 33783 146654 145407 134039 101101 32130 20891 105900 96503 54347 42156 701 995 11239 32938 39421 7734 473 34500 7418 2072 888 514 55205 47057 29317 15265 17740 14052 38974 1814 712 11732 115 322 64 251 20812 53352 34354 27994 23910 2337 1044 6360 2147 1279 79221 22434 8950 2511
is_linear=0
shrinkage=0.05


Tree=81
num_leaves=64
num_cat=0
split_feature=8 16 27 0 11 14 13 43 32 15 38 14 25 18 29 36 38 22 23 13 37 23 0 23 3 14 26 9 17 13 22 27 29 32 37 22 32 14 21 26 10 9 23 44 34 23 11 37 26 9 36 41 13 18 13 44 9 13 43 6 6 10 43
split_gain=23.5765 14.7292 15.0251 11.2905 11.0197 9.51892 19.7584 10.9501 10.3536 8.9466 10.5619 9.52518 9.75135 9.19152 8.58993 8.30757 16.2667 8.2355 11.7173 11.0285 10.6749 8.11101 7.78723 7.73216 7.27735 9.55292 8.12033 7.03969 6.8278 6.79603 6.8367 6.76996 6.58397 25.1789 8.5927 7.39389 7.65406 6.89208 15.0789 9.315 7.44002 6.5759 6.41703 6.88738 6.26015 6.19642 12.6352 12.735 7.27628 6.1399 6.10107 6.51217 6.09593 6.51911 5.99385 5.98831 6.28115 5.97052 5.92236 9.37751 5.91313 7.01024 5.85127
threshold=3.8000000000000029 10.35174185195366 15.550000000000002 138.25000000000003 -0.78656609248549292 4.5000000000000009 4.5000000000000009 207.50000000000003 -3.4594831070752456 1.0000000180025095e-35 28.650000000000002 7.5000000000000009 982.6500000000002 11.15 11.443402393208748 96.875000000000014 27.050000000000004 59.500000000000007 34.750000000000007 1.5000000000000002 36.500000000000007 18.250000000000004 51.525000000000006 25.250000000000004 31.550000000000004 3.5000000000000004 34850.500000000007 120.25000000000001 20.665472003554743 4.5000000000000009 15.500000000000002 49.050000000000004 15.943498567552295 7.9783548715612129 51.500000000000007 44.500000000000007 -14.977262384304797 5.5000000000000009 57.500000000000007 39147.000000000007 67.725000000000009 164.25000000000003 29.750000000000004 -6776.2499999999991 -0.87032255546191706 31.050000000000004 0.78656609248549325 65.500000000000014 12947.500000000002 144.25000000000003 1057.5000000000002 1406.2500000000002 3.5000000000000004 17.750000000000004 1.0000000180025095e-35 -17255.999999999996 22.050000000000004 3.5000000000000004 2722.5000000000005 48.840833333333357 46.166666666666679 34.725000000000009 -94.374999999999986
decision_type=8 2 8 2 2 2 2 2 2 2 2 2 2 2 2 2 2 2 2 2 2 2 2 2 10 2 2 10 2 2 2 8 2 2 2 2 2 2 2 2 10 8 2 2 2 2 2 2 2 10 2 2 2 2 2 2 10 2 2 10 10 10 2
left_child=1 2 -1 4 9 6 8 -8 21 10 11 12 13 50 -3 -4 23 18 31 20 -20 -6 42 27 -23 26 -26 -17 58 30 -25 -18 37 35 60 -34 -37 38 40 57 -7 -5 43 -19 -15 -24 48 -48 -47 -46 51 -2 -38 -54 -11 -32 -57 -40 -12 -60 61 -35 -10
right_child=3 14 15 41 5 32 7 -9 62 54 28 -13 -14 44 -16 16 17 22 19 -21 -22 24 45 29 25 -27 -28 -29 -30 -31 55 -33 33 34 -36 36 52 -39 39 -41 -42 -43 -44 -45 49 46 47 -49 -50 -51 -52 -53 53 -55 -56 56 -58 -59 59 -61 -62 -63 -64
leaf_value=0.12665804434094019 -0.50124024074786999 0.079507917340668338 0.13533933315990085 -5.0101272019070446 0.18403438969407171 -0.35060313595816511 0.47493582952228303 0.00044934152291788235 0.28584228881077678 0.45481492911117272 0.024558597070822617 0.021859657478872502 -0.12285445456227358 -0.58517895836722611 0.24248440223269535 0.074504689589877146 0.23207533896929977 0.28779334296927928 0.098331626150874735 0.048623106845146355 -0.25131421451366437 -0.25706863790016216 -0.081430972176083222 -0.64995760741840192 -0.069240916805402938 0.29664121153826156 -0.23527774958071734 -0.11807116597494559 -2.0570257143982564 -0.00070338214558799176 -0.58005373182716147 0.1204609671170816 0.15680439238419755 -0.32009504516113885 -0.15595246489593009 -0.96745491698209785 0.079336116337096016 0.010947297168945297 0.44554426439084127 -0.45716624508740944 -0.58087911009008308 -0.15489644701240055 -0.015684650502077173 0.040663859983654349 0.10043072001607681 -0.17873343618666743 -0.85366856208617592 -0.019475073315531458 -0.46375019998815664 -0.68137147508008711 -0.54634215534707842 -0.25641610605286769 -0.12048201756054644 -0.40633141569008058 -0.26846984952042646 0.052099539172023326 -0.12584746658146537 0.043801632873782498 -0.70605612946153973 0.093219767305265155 -0.48341787999441554 -1.2800928005419516 0.047812543609064118
leaf_weight=21532 272 54358 42087 891 4525 461 13029 3851 7061 246 26731 4833 4957 243 19987 13570 13213 2323 1224 13712 2289 3631 4278 62 7421 2607 641 8454 64 8019 167 16027 6261 182 1695 249 3257 93580 5399 68 139 46300 23704 26404 814 794 79 53 84 503 117 558 1899 458 1785 2247 13118 3288 73 67 992 174 14753
leaf_count=21532 272 54358 42087 891 4525 461 13029 3851 7061 246 26731 4833 4957 243 19987 13570 13213 2323 1224 13712 2289 3631 4278 62 7421 2607 641 8454 64 8019 167 16027 6261 182 1695 249 3257 93580 5399 68 139 46300 23704 26404 814 794 79 53 84 503 117 558 1899 458 1785 2247 13118 3288 73 67 992 174 14753
internal_value=0.000420215 0.000733273 0.000522161 7.90497e-05 0.000231553 0.000404308 0.000931779 0.00236967 0.000334531 -0.00050372 -0.000336205 -0.00155038 -0.00267015 -0.00521141 0.00133936 0.000381641 0.000207281 0.0005521 0.00104756 1.30626e-05 -0.00248648 -0.000524568 0.000153243 -0.000579902 -0.00110839 -0.00045037 -0.00130117 9.39886e-05 0.000218118 -0.00120844 -0.00181672 0.00165698 0.000147415 -0.000825146 -0.00489155 0.00019548 -0.0010805 0.000290718 0.00158471 0.00211022 -0.00608333 -0.000621834 0.000337682 0.000840151 -0.00285256 -0.00167549 -0.00519802 -0.0196212 -0.00302961 -0.00149203 -0.00909715 -0.00759036 -0.000700035 -0.00263683 -0.00373954 -0.00175058 -0.00164823 0.00225452 0.000256969 -0.01 -0.00787092 -0.0133989 0.00107591
internal_weight=551860 287785 213440 264075 216884 175621 57519 16880 40639 41263 39232 12297 7464 2507 74345 191908 149821 104184 46465 17225 3513 18825 57719 45637 14300 10669 8062 22024 26935 23613 15594 29240 118102 15167 3043 12124 5863 102935 9355 8755 600 47191 52431 28727 1560 5288 1010 132 878 1317 947 830 5614 2357 2031 15532 15365 8687 26871 140 1348 356 21814
internal_count=551860 287785 213440 264075 216884 175621 57519 16880 40639 41263 39232 12297 7464 2507 74345 191908 149821 104184 46465 17225 3513 18825 57719 45637 14300 10669 8062 22024 26935 23613 15594 29240 118102 15167 3043 12124 5863 102935 9355 8755 600 47191 52431 28727 1560 5288 1010 132 878 1317 947 830 5614 2357 2031 15532 15365 8687 26871 140 1348 356 21814
is_linear=0
shrinkage=0.05


Tree=82
num_leaves=64
num_cat=0
split_feature=0 28 16 31 45 10 5 0 19 12 38 0 5 10 15 41 25 20 37 36 22 17 38 30 16 17 23 38 9 37 11 11 33 37 30 11 16 33 22 35 21 4 31 42 37 28 6 14 21 27 33 7 37 43 26 43 22 3 35 36 2 33 7
split_gain=22.3432 17.4268 22.8102 16.1812 13.6862 19.7165 13.0206 10.9735 10.6073 12.1207 13.1931 10.1448 13.192 11.3159 11.3171 13.3868 12.3033 11.1343 9.91061 9.89495 13.5048 9.41812 11.6842 10.2077 9.38217 9.92593 9.2844 8.85611 8.33751 9.25002 8.33163 7.97342 7.9363 7.84118 7.66869 7.65767 8.86472 10.3671 7.57365 7.29826 7.25089 7.19111 7.7065 16.2523 7.14105 7.14438 8.08808 7.12086 7.03829 7.4429 7.4105 7.84133 6.99364 6.97463 9.72683 6.88314 8.48047 6.87611 6.78079 7.21062 6.76945 6.63748 6.58293
threshold=17.550000000000004 0.30000000000000004 1.0564618975553799 8.9887686758648986 1.5000000000000002 18.725000000000005 16.550000000000004 58.025000000000006 -0.93663652364155492 0.91597561503675351 28.850000000000005 192.25000000000003 155.25000000000003 79.225000000000009 1.0000000180025095e-35 2134.5000000000005 978.05000000000007 -0.39873388578253688 87.500000000000014 232.50000000000003 65.500000000000014 3.7262957208555911 27.050000000000004 13.500000000000002 -8.8275041759883113 16.178045648204556 30.250000000000004 27.950000000000003 25.250000000000004 69.500000000000014 -0.78656609248549292 0.37940952255126054 28.250000000000004 40.500000000000007 584.50000000000011 -0.37940952255126065 -3.2526059960493541 19.050000000000004 54.500000000000007 -0.70088257582277225 177.50000000000003 23.050000000000004 -11.370198270656809 -6.6499999999999986 14.500000000000002 2.3550000000000009 28.241666666666653 4.5000000000000009 161.87500000000003 25.450000000000003 8.7500000000000018 87.644345238095255 91.500000000000014 1972.5000000000002 47705.750000000007 -882.49999999999989 35.500000000000007 99.425000000000026 0.66259481767468265 537.50000000000011 66.825000000000017 2.2500000000000004 53.36458333333335
decision_type=2 2 2 2 2 8 8 2 2 2 2 2 10 10 2 2 2 2 2 2 2 2 2 2 2 2 2 2 10 2 2 2 2 2 2 2 2 2 2 2 2 10 2 2 2 2 10 2 2 10 2 10 2 2 2 2 2 10 2 2 8 2 10
left_child=28 4 21 7 6 26 24 53 9 44 -11 12 13 14 15 17 19 18 -8 20 -16 23 31 57 -2 -26 34 -17 -1 -30 47 41 -9 38 52 -25 37 61 55 -38 -22 -23 43 -43 45 46 62 -19 49 50 51 -33 -6 -4 -55 56 -10 -3 59 -29 -58 -37 -5
right_child=1 2 3 8 5 -7 11 32 33 10 -12 -13 -14 -15 16 27 -18 30 -20 -21 40 22 -24 35 25 -27 -28 58 29 -31 -32 48 -34 -35 -36 36 39 -39 -40 -41 -42 42 -44 -45 -46 -47 -48 -49 -50 -51 -52 -53 -54 54 -56 -57 60 -59 -60 -61 -62 -63 -64
leaf_value=0.14119025713805355 0.029251262213743946 0.11001717582719717 0.25603767370775471 -0.11497322001697104 -0.098720444222471879 0.012056559799079224 0.079807015847507212 0.1596040160344761 -0.092324975476772528 -0.36319512970241158 -1.6449223464401481 -0.19717143708083334 0.42630042692666503 -0.12433169888427582 0.03114032523295478 -0.024952269837290052 0.015518587006249619 -0.22418471251591507 -0.094571136502788075 -0.080143275592579957 -0.27574602772656315 -0.49342684248356933 0.15802786881693118 -0.046187031341584611 -0.089720009719393368 -0.35776543057261562 -0.34094310794953125 0.086516531358945284 0.11335980877893058 0.019964634439128038 0.21663998977172186 -0.64881460907731014 -0.7643994216750013 0.2321489063998628 -0.94970058301823179 -0.93022438178971878 -0.43478703630657461 -0.5424544981671765 -0.22151691337760801 0.1352264086005821 -0.43270091076233436 -1.4370386546092746 -0.019645567501674198 -0.26199947256803324 -0.0087953297028081408 -0.046629438897398262 -0.21188423888287211 0.10204665489513834 0.14910030177877326 -0.036736733646290286 -0.25846431084727495 -2.4100154484412304 -0.57748737801842676 0.11190738177392455 -0.22804819367843218 0.070744136161850948 -0.64940796381806898 -0.32016344449312317 0.14097230050328333 0.00051216616768183596 -0.29300496849556595 -0.20671918269677986 -0.50813326924214397
leaf_weight=16810 8282 8710 30454 31 5351 16581 16771 28236 1134 243 149 31654 18007 15749 496 53270 8052 2411 7975 2923 710 419 15425 8634 15078 176 3582 29629 15328 23369 36103 47 237 4938 20 31 306 1192 1014 1770 369 157 2058 579 6644 664 531 9027 3977 3066 575 31 1127 336 131 13052 39 931 12945 60311 48 3923 42
leaf_count=16810 8282 8710 30454 31 5351 16581 16771 28236 1134 243 149 31654 18007 15749 496 53270 8052 2411 7975 2923 710 419 15425 8634 15078 176 3582 29629 15328 23369 36103 47 237 4938 20 31 306 1192 1014 1770 369 157 2058 579 6644 664 531 9027 3977 3066 575 31 1127 336 131 13052 39 931 12945 60311 48 3923 42
internal_value=0.000412152 0.00030576 0.000779012 0.00126946 0.000120289 -0.000969393 0.000208342 0.00173957 0.000290757 -0.00121387 -0.00979592 0.000295396 0.000393051 0.000301296 0.000386154 0.000466464 -0.0010757 0.00102902 0.000168916 -0.0031703 -0.00636508 -5.29604e-05 0.000610238 -0.00073793 -0.000924966 -0.00166055 -0.00271329 0.000206045 0.00136352 0.000959635 0.00147673 -0.00064213 0.00103133 0.000908529 -0.00158664 -0.00151804 -0.00271947 -0.0038321 0.00034899 3.85358e-05 -0.00950417 -0.0027342 -0.00181818 -0.00620924 -0.000788675 -0.00422713 -0.00816225 0.000300752 0.000231289 -0.00133235 -0.00617917 -0.020641 -0.0014912 0.00239174 -0.00367238 0.000645625 -0.00294431 0.000545068 0.000476989 0.000322993 -0.0179885 -0.0025999 -0.0237671
internal_weight=551860 496353 139754 87923 356599 26661 329938 59394 28529 8304 392 306402 274748 256741 240992 228442 12550 72287 24746 4498 1575 51831 26334 25497 23536 15254 10080 156155 55507 38697 47541 10909 28473 20225 6498 15856 7222 5146 15287 2076 1079 3213 2794 736 7912 1268 604 11438 7696 3719 653 78 6478 30921 467 14273 1221 9641 102885 89940 87 3954 73
internal_count=551860 496353 139754 87923 356599 26661 329938 59394 28529 8304 392 306402 274748 256741 240992 228442 12550 72287 24746 4498 1575 51831 26334 25497 23536 15254 10080 156155 55507 38697 47541 10909 28473 20225 6498 15856 7222 5146 15287 2076 1079 3213 2794 736 7912 1268 604 11438 7696 3719 653 78 6478 30921 467 14273 1221 9641 102885 89940 87 3954 73
is_linear=0
shrinkage=0.05


Tree=83
num_leaves=64
num_cat=0
split_feature=42 17 0 13 37 45 0 11 25 12 38 32 23 44 23 45 34 10 0 25 8 29 19 38 13 31 14 6 32 26 36 38 11 37 25 20 41 24 43 5 16 26 43 17 23 35 16 13 4 26 32 21 19 35 28 36 41 38 23 14 43 1 0
split_gain=20.5712 17.4183 14.8875 14.5631 12.7166 12.358 10.9815 9.84662 12.6731 11.1071 14.0529 13.5803 11.767 10.0245 8.66066 8.34056 8.17632 9.98662 8.13424 7.7469 7.73532 12.0881 7.66712 7.5297 11.0766 14.3148 10.7867 10.4141 10.6264 10.1339 8.24553 7.52169 7.42043 9.57961 9.47774 8.14454 10.7951 7.41312 7.28238 7.09403 7.06079 6.95472 8.05572 6.81283 6.76611 8.32356 7.88395 8.9545 6.61364 6.5776 6.55552 9.82812 6.5253 6.98071 14.6082 6.44338 6.4424 12.1816 8.96788 8.1052 9.51734 6.36662 6.66652
threshold=-4.7999999999999972 -3.9128174289102806 8.0100000000000016 3.5000000000000004 92.500000000000014 1.5000000000000002 25.050000000000004 -1.0000000180025095e-35 971.05000000000007 0.37940952255126048 29.750000000000004 3.6000513314744365 29.850000000000005 8134.7500000000018 18.850000000000005 1.5000000000000002 -0.73724926354828224 43.725000000000009 62.625000000000007 988.6500000000002 17.505000000000006 347.6564557769816 -0.78257835753184624 34.750000000000007 4.5000000000000009 7.6893758342079837 6.5000000000000009 53.818333333333349 -9.4826253041898809 39147.000000000007 3777.5000000000005 32.550000000000004 -0.9159756150367534 76.500000000000014 978.45000000000016 -0.58068084432175959 3571.2500000000005 3.2500000000000004 -187.49999999999997 37.95000000000001 -3.934578956497178 8938.2500000000018 -81.249999999999986 11.579855045501377 33.95000000000001 -0.85260769842926898 19.379507826676939 4.5000000000000009 17.050000000000004 4356.7500000000009 -11.323679322056572 246.25000000000003 0.9426055981926128 0.70088257582277247 0.95500000000000018 837.50000000000011 2592.7500000000005 27.050000000000004 36.150000000000013 4.5000000000000009 -247.49999999999997 5.0050000000000008 55.050000000000004
decision_type=2 2 2 2 2 2 2 2 2 2 2 2 2 2 2 2 2 10 2 2 10 2 2 2 2 2 2 10 2 2 2 2 2 2 2 2 2 2 2 8 2 2 2 2 2 2 2 2 8 2 2 2 2 2 2 2 2 2 2 2 2 8 2
left_child=1 3 -2 14 7 -5 -3 9 -9 10 16 23 -13 20 18 32 17 -4 -1 -19 52 -22 -14 29 26 -26 -25 28 40 44 43 61 34 56 -8 41 -37 -18 -7 -24 -27 42 -35 -30 46 -46 -12 -48 -31 -15 51 -20 -11 -54 -55 -33 58 59 -34 -58 -61 -10 -63
right_child=2 6 4 5 -6 38 15 8 31 13 11 12 22 49 -16 -17 37 19 50 -21 21 -23 39 24 25 27 -28 -29 30 48 -32 55 33 35 -36 36 -38 -39 -40 -41 -42 -43 -44 -45 45 -47 47 -49 -50 -51 -52 -53 53 54 -56 -57 57 -59 -60 60 -62 62 -64
leaf_value=0.83499761801501027 0.18344619899845163 0.081034083494703618 -0.077728296804550526 0.32733769484497161 -0.063194365204526717 -0.46889380961634963 -0.018502584107780079 -0.13868807904227545 -0.26956049307469399 0.14603713252799838 0.049011068725576409 0.14094076251651796 -0.22828953613632674 -0.19898752887493779 0.035794313115490341 -0.29639928853586744 -0.043122090198260757 -0.44358694997839382 -0.015189973293709566 -0.39867624793845863 -0.031401209482802471 -2.6185675991594346 -0.10940384597234801 0.24699458296780002 0.30120958057419395 -0.39629722616362972 -0.035916439168620508 0.037588784946126733 0.17567192630033357 -0.19421868533278408 -0.37470599786944392 0.37657180948931906 0.23790596401135367 -0.29298134393189246 -0.47768071243300531 0.058178512090417994 -0.21664735656062667 -0.52829982752702487 0.032960984618477185 -0.0011678487787222579 -0.17636226890767892 0.21515334951643986 -0.11729220072753993 -0.40335030079847511 -0.47359692193230807 -0.057511485676163078 -0.20458146248196268 0.1710910319463631 -0.10402780127610692 0.27760270568939321 0.57751334511503527 -1.2156564783206409 0.026418053459076614 -0.086940269232541251 -0.94475463803562298 0.067185475494984145 -0.051268917556848419 0.058578718301821556 -0.31646109899098807 -1.2070784751913692 -0.3761973515073273 0.054343504166565582 0.022204419255445605
leaf_weight=3275 7558 25731 8694 28904 26050 500 2973 5288 690 35345 26573 2523 2438 3446 30068 3165 27509 3012 979 2205 12172 248 5491 12549 2686 420 2870 1576 827 177 26 6335 16696 1902 1520 11095 1334 124 1395 6171 1249 675 2621 58 68 7835 336 220 1072 721 5574 207 8082 890 276 18254 918 11875 161 221 535 68742 88730
leaf_count=3275 7558 25731 8694 28904 26050 500 2973 5288 690 35345 26573 2523 2438 3446 30068 3165 27509 3012 979 2205 12172 248 5491 12549 2686 420 2870 1576 827 177 26 6335 16696 1902 1520 11095 1334 124 1395 6171 1249 675 2621 58 68 7835 336 220 1072 721 5574 207 8082 890 276 18254 918 11875 161 221 535 68742 88730
internal_value=0.000403816 0.000898217 0.000215325 0.00147119 0.000172944 0.00228887 0.000399278 0.000248929 0.000501199 -1.77356e-05 -0.00030379 0.000104104 -0.00115713 0.00052795 0.000843204 4.57902e-06 -0.00104179 -0.00203041 0.0021151 -0.00375982 0.000700981 -0.000402576 -0.00171986 0.000462232 0.00118616 -0.000488161 0.00192911 -0.00232676 -0.00428295 1.80537e-05 6.03734e-05 0.000571023 0.000154781 0.00033654 -0.00178834 -0.000590855 0.000104192 -0.000544096 -0.00162269 -0.00118676 -0.00665368 -0.00225279 -0.00295932 0.000875706 0.000175839 -0.0011116 0.000550887 -0.00534173 -0.00440753 -0.00183945 0.00112426 -0.00225126 0.00100834 -0.000174092 -0.00379074 0.00138456 0.00087417 6.23664e-05 0.00152667 -0.0039307 -0.00776455 0.000444544 0.000465543
internal_weight=551860 152324 399536 70902 391978 30799 81422 365928 188039 177889 116709 75165 16623 61180 40103 55691 41544 13911 10035 5217 57013 12420 14100 58542 22261 6842 15419 4156 2580 36281 911 182751 52526 48033 4493 17627 12429 27633 1895 11662 1669 5198 4523 885 35032 7903 27129 556 1249 4167 6760 1186 44593 9248 1166 24589 30406 13549 16857 1674 756 158162 157472
internal_count=551860 152324 399536 70902 391978 30799 81422 365928 188039 177889 116709 75165 16623 61180 40103 55691 41544 13911 10035 5217 57013 12420 14100 58542 22261 6842 15419 4156 2580 36281 911 182751 52526 48033 4493 17627 12429 27633 1895 11662 1669 5198 4523 885 35032 7903 27129 556 1249 4167 6760 1186 44593 9248 1166 24589 30406 13549 16857 1674 756 158162 157472
is_linear=0
shrinkage=0.05


Tree=84
num_leaves=64
num_cat=0
split_feature=0 28 16 13 44 12 45 10 8 40 28 14 25 31 43 30 25 13 12 1 38 23 35 40 44 16 20 41 21 28 18 42 25 14 13 0 14 16 13 19 26 43 34 20 30 41 17 28 5 31 19 36 29 2 29 38 17 32 7 42 35 27 14
split_gain=20.3769 16.6463 20.5402 18.8651 12.8408 12.635 12.0673 12.6369 11.7811 11.4356 10.6874 13.2949 16.3461 11.2523 12.1737 11.62 13.0613 9.44077 14.811 9.31969 9.83227 10.5473 15.9867 9.75876 9.31832 11.9385 16.4636 16.5667 8.98594 8.91686 8.62028 9.61143 16.9085 8.53296 17.2915 12.8023 11.2112 9.85154 9.66165 11.6095 9.41737 9.10258 9.07945 8.48264 9.88134 7.93567 7.81605 7.62834 7.79589 7.5082 10.4652 7.98153 7.48609 13.742 7.32061 8.40398 8.4594 10.1466 11.4232 7.25497 10.5497 7.14699 7.04324
threshold=15.550000000000002 0.30000000000000004 2.561546802090084 4.5000000000000009 4986.7500000000009 0.60355339059327384 1.5000000000000002 18.725000000000005 70.050000000000011 997.85000000000002 2.7650000000000006 5.5000000000000009 985.55000000000007 4.6923240590432167 2205.0000000000005 316.50000000000006 982.45000000000016 1.5000000000000002 0.78656609248549303 11.450000000000001 28.850000000000005 30.350000000000005 -0.50751903745502724 977.45000000000016 -5236.2499999999991 -11.422266713546877 -0.41467745240824966 2755.7500000000005 977.50000000000011 1.0050000000000001 20.050000000000004 -9.0499999999999954 976.6500000000002 8.5000000000000018 4.5000000000000009 157.25000000000003 11.500000000000002 7.5343212289896746 1.0000000180025095e-35 -0.33379414889141262 23613.750000000004 -52.499999999999993 -0.93663652364155492 -0.39873388578253688 13.500000000000002 10644.000000000002 -6.0671502645529154 0.53500000000000014 30.550000000000004 1.0000000180025095e-35 0.25881904510252091 57.500000000000007 0.20096524649262978 25.950000000000003 113.30977563582861 29.450000000000003 14.774050854291081 8.8742005051786972 27.055265151515155 3.4000000000000017 -0.608738249238853 20.950000000000003 5.5000000000000009
decision_type=2 2 2 2 2 2 2 8 10 2 2 2 2 2 2 2 2 2 2 8 2 2 2 2 2 2 2 2 2 2 2 2 2 2 2 2 2 2 2 2 2 2 2 2 2 2 2 2 8 2 2 2 2 10 2 2 2 2 10 2 2 10 2
left_child=61 5 43 10 -5 6 19 9 30 -8 11 12 29 14 -12 16 17 -15 -19 -2 33 -22 23 24 -23 26 27 -26 -28 47 31 32 49 34 42 -35 40 38 39 -38 -37 -36 -21 -3 -45 54 -16 48 -4 51 -51 -7 -47 -54 55 56 -33 -58 -59 60 -20 -1 -24
right_child=1 2 3 4 -6 8 7 -9 -10 -11 13 -13 -14 15 46 -17 -18 18 59 20 21 22 62 -25 25 -27 28 -29 -30 -31 -32 45 -34 35 41 36 37 -39 -40 -41 -42 -43 -44 44 -46 52 -48 -49 -50 50 -52 -53 53 -55 -56 -57 57 58 -60 -61 -62 -63 -64
leaf_value=0.11871058704890927 -0.13520380543670105 0.066375395610958066 -0.45652414031504823 0.34479982038646906 -0.013808406191418612 0.175960918739511 -0.31452321324942883 -0.039717086697458277 -0.5670020380423515 0.19555598884960634 0.34681254514070581 0.1407137559025374 0.054982167886709711 0.039555613975959567 -0.29537833240375239 0.43365065065871955 0.1143129677561467 -0.21207646435700692 -0.0083445356143911163 0.086710678266400137 0.091045128045403823 0.0069249870791341234 0.11642545986500352 0.036446437127090725 -0.95404018277203839 -0.112636924223379 -0.164161172173269 -0.20849674735133106 -0.49750206309699946 -0.27005625508520431 0.18616401548389164 0.063166886276136328 0.11702383642868588 0.15409538749468066 0.17735389516621988 0.17602409760046334 -0.91104117761090508 0.28709370478533136 -0.80924279353104633 -3.7789908858430659 -1.4491536997029568 -0.010767609671462709 -0.094310895731537531 0.054357570273305157 -0.10426735501406384 0.002803124748553423 -0.06171081969011203 0.027989878762962928 -0.30114020081702697 -0.423443966264132 -0.19507244651611955 -0.31607449929074666 -0.62605546917822863 -0.10892442797441111 -0.29113089158868111 0.22282107384726157 0.044249713997596099 -0.45640830005497701 -0.17804343213689142 0.069284917111594513 -1.5526889954916034 0.03289022769224282 0.012263645320676054
leaf_weight=27379 4520 26135 67 21869 4242 439 6166 12044 5402 1241 17660 9789 9623 1887 122 3066 4569 2749 109 5483 32783 4202 16844 5561 122 7674 985 115 196 5200 19213 62866 2723 20057 8062 10318 254 1973 4471 160 145 14769 50797 11311 19344 2411 174 3412 312 395 408 613 304 1125 1422 11674 1157 272 682 91 319 15159 47224
leaf_count=27379 4520 26135 67 21869 4242 439 6166 12044 5402 1241 17660 9789 9623 1887 122 3066 4569 2749 109 5483 32783 4202 16844 5561 122 7674 985 115 196 5200 19213 62866 2723 20057 8062 10318 254 1973 4471 160 145 14769 50797 11311 19344 2411 174 3412 312 395 408 613 304 1125 1422 11674 1157 272 682 91 319 15159 47224
internal_value=0.000396568 0.000308764 0.000768392 0.00125909 0.0023785 0.000130993 -6.2147e-05 -0.00125932 0.000576297 -0.00288443 0.000764933 6.56623e-05 -0.000718814 0.00141092 0.0022182 0.000277561 -0.000568696 -0.00229389 -0.00391983 3.62252e-05 7.99976e-05 0.000406461 0.000106304 -0.00117343 -0.00190913 -0.00280906 -0.00702398 -0.0190506 -0.0046105 -0.0022517 0.000692689 0.000479877 -0.00174967 -0.000244272 -0.000538421 0.000378298 -0.000617458 -0.00218868 -0.00339304 -0.0107005 0.000412406 0.000622181 -0.00100924 3.16959e-05 -0.000532539 0.000604483 -0.00783784 -0.000407544 -0.0071372 -0.00543127 -0.00907223 -0.00265209 -0.00161458 -0.00448216 0.000713627 0.000779573 0.000557659 -0.00255566 -0.00637317 -0.0116667 -0.0143925 0.00144788 0.000482925
internal_weight=551860 509322 142050 85260 26111 367272 256166 19451 111106 7407 59149 28403 18614 30746 17956 12790 9724 5155 3268 236715 232195 115706 82923 18855 13294 9092 1418 237 1181 8991 105704 86491 4578 116489 79111 37378 17321 6858 4885 414 10463 22831 56280 56790 30655 81913 296 3791 379 1855 803 1052 3840 1429 78073 76651 64977 2111 954 519 428 42538 64068
internal_count=551860 509322 142050 85260 26111 367272 256166 19451 111106 7407 59149 28403 18614 30746 17956 12790 9724 5155 3268 236715 232195 115706 82923 18855 13294 9092 1418 237 1181 8991 105704 86491 4578 116489 79111 37378 17321 6858 4885 414 10463 22831 56280 56790 30655 81913 296 3791 379 1855 803 1052 3840 1429 78073 76651 64977 2111 954 519 428 42538 64068
is_linear=0
shrinkage=0.05


Tree=85
num_leaves=64
num_cat=0
split_feature=8 22 27 9 41 11 21 30 0 23 27 25 19 29 8 1 9 5 0 1 27 0 13 23 36 31 27 31 11 11 0 19 40 1 4 27 1 17 14 17 20 41 20 0 44 10 7 25 0 10 44 6 41 10 16 38 43 23 14 44 41 40 43
split_gain=19.7558 13.4334 16.8667 14.6331 13.7889 11.8518 11.1148 10.6054 9.59188 11.3048 8.96179 8.4822 8.55203 8.09043 8.59931 7.80137 8.20511 8.164 7.67335 7.17319 7.51814 7.08133 9.57648 6.02794 5.75408 6.54689 5.75346 5.67256 6.55509 5.63514 5.55861 5.55326 5.383 5.37489 5.29721 5.27806 6.47694 5.19709 5.13652 10.2901 5.08669 5.06845 4.91048 4.89399 4.81162 4.80676 4.79692 5.23293 4.73369 5.58165 4.67576 4.63275 4.57707 4.556 5.85787 10.6116 7.33364 4.92909 4.54576 5.78203 5.53718 5.05742 4.51703
threshold=0.8000000000000026 62.500000000000007 53.050000000000004 34.050000000000004 2428.0000000000005 -1.0000000180025095e-35 957.50000000000011 1.5000000000000002 116.25000000000001 15.250000000000002 148.25000000000003 971.45000000000016 0.78257835753184668 27.910860417182956 -17.984999999999996 74.325000000000003 56.050000000000004 11.850000000000003 8.0100000000000016 131.25000000000003 546.25000000000011 144.25000000000003 3.5000000000000004 15.65 1372.5000000000002 12.959661608133862 26.350000000000005 7.541527985475363 -0.78656609248549292 -0.9159756150367534 73.825000000000003 -0.60873824923885311 989.05000000000007 12.65 30.025000000000002 65.050000000000011 29.650000000000002 -8.4144460321666852 11.500000000000002 7.7825574927836261 -0.97625883275952019 2755.7500000000005 0.30069434954884205 37.025000000000006 20481.000000000004 72.925000000000026 18.330833333333338 973.85000000000002 23.050000000000004 39.82500000000001 -3551.7499999999995 27.000000000000011 6156.5000000000009 54.925000000000011 -2.5186787389703915 13.050000000000002 135.62500000000003 13.15 3.5000000000000004 12796.250000000002 14104.500000000002 987.95000000000016 81.250000000000014
decision_type=8 2 8 10 2 2 2 2 2 2 10 2 2 2 10 10 10 8 2 10 8 2 2 2 2 2 8 2 2 2 2 2 2 8 10 8 10 2 2 2 2 2 2 2 2 10 10 2 2 8 2 10 2 10 2 2 2 2 2 2 2 2 2
left_child=1 2 6 18 23 21 29 33 9 -2 15 -7 -13 14 -9 16 48 40 -3 -10 -21 22 31 62 -8 -26 -25 -22 32 -1 -31 -4 37 46 -35 36 50 -29 -23 -40 51 -42 -24 -38 53 -20 -6 -48 -11 -50 -19 -18 -45 -30 55 56 57 -55 59 -33 -61 -62 -5
right_child=8 3 5 4 7 11 24 13 19 10 -12 12 -14 -15 -16 -17 17 35 45 20 27 38 42 26 25 -27 -28 28 44 30 -32 58 -34 34 -36 -37 43 -39 39 -41 41 -43 -44 52 -46 -47 47 -49 49 -51 -52 -53 -54 54 -56 -57 -58 -59 -60 60 61 -63 -64
leaf_value=0.11016440116949476 0.41059835840410436 0.20577727521401271 0.043346180092656644 0.69855342411228483 0.023438283919251918 -0.34723734682397694 0.013764329115718253 -0.28672624016184145 -0.26792618889314856 0.069450466493730725 -0.23941354731098086 0.23872522730575241 -0.036428047670313005 0.044771300008273063 -0.06424041324093803 0.098511043066494289 -0.33280494539650035 0.041835443353443455 0.080861455831533507 0.15814775710271367 0.0016557295020499644 -0.3044648201965745 0.0051070948057416743 0.10526882896764363 0.21472311968132418 0.016315264512475898 0.0077092735606464069 -3.026188710322133 -0.05302800417574554 0.37355268889151172 0.067109620695193592 -0.201891429639698 -0.36683889008271187 0.052791644183707666 -0.022255566055696452 -0.033571420808182845 0.088590576054436557 -0.7032882640239263 -1.1790877303958156 -3.0074473149793812 0.031534269436011626 -0.10703236328200788 0.24884267469501831 0.063869481602626441 -1.0416759725826457 -0.26544907115700761 -0.32846848696668574 -0.099519537728184337 -0.036874592747214927 0.077979648110625632 -0.046637631394468582 -0.21661838252189308 -0.016458231545957269 -1.5263548849417914 -0.38984601347780262 -0.14593428894523236 -6.9466545009678304 -2.5025739668744262 -0.045645016317380667 -1.2616444578288886 -0.36581170821036896 -0.90353236832332096 -1.2727092391375994
leaf_weight=7205 6153 5927 8450 4556 1388 628 12513 3525 20505 16316 3657 24980 5445 2160 3498 41342 151 7475 31321 15216 15794 3015 5410 10473 9850 5740 24360 218 5560 18555 1956 3160 496 11323 29699 42960 15742 315 652 68 2260 4744 8467 24725 48 2017 747 1741 11934 12738 20582 193 22074 160 2648 408 21 92 7996 21 403 21 63
leaf_count=7205 6153 5927 8450 4556 1388 628 12513 3525 20505 16316 3657 24980 5445 2160 3498 41342 151 7475 31321 15216 15794 3015 5410 10473 9850 5740 24360 218 5560 18555 1956 3160 496 11323 29699 42960 15742 315 652 68 2260 4744 8467 24725 48 2017 747 1741 11934 12738 20582 193 22074 160 2648 408 21 92 7996 21 403 21 63
internal_value=0.000385515 0.000705565 0.00107861 0.000355728 1.56631e-05 0.000554165 0.00172423 -0.000502857 0.000105882 0.00025244 0.000195092 0.00127733 0.00139606 -0.00205107 -0.00287413 0.000235312 9.43958e-05 -8.67243e-05 0.0011658 -0.000449651 -6.76004e-05 -4.20836e-05 0.000185393 0.000726453 0.00102356 0.00166453 0.000501393 -0.000588121 -0.00152218 0.00243469 0.00285725 -0.000513441 -0.00530126 -0.0001862 -1.80389e-05 2.5459e-06 0.00021899 -0.00878987 -0.00210843 -0.00590278 -0.00170931 -0.00141776 0.00119514 0.000502151 -0.00108705 0.000871078 -0.00196594 -0.00327974 0.000717039 0.000280075 -0.000412196 -0.00764535 0.000245625 -0.0010018 -0.0024647 -0.00660059 -0.0142308 -0.0118651 -0.0012236 -0.00269764 -0.00803371 -0.00679245 0.00242368
internal_weight=551860 257333 124535 132798 93533 68716 55819 54081 294527 233046 226893 31053 30425 9183 7023 223236 181894 140906 39265 61481 40976 37663 33928 39452 28103 15590 34833 25760 9966 27716 20511 20051 1029 44898 41022 133558 90598 533 3735 720 7348 7004 13877 62541 8937 33338 3876 2488 40988 24672 28057 344 46799 8889 3329 681 273 252 11601 3605 445 424 4619
internal_count=551860 257333 124535 132798 93533 68716 55819 54081 294527 233046 226893 31053 30425 9183 7023 223236 181894 140906 39265 61481 40976 37663 33928 39452 28103 15590 34833 25760 9966 27716 20511 20051 1029 44898 41022 133558 90598 533 3735 720 7348 7004 13877 62541 8937 33338 3876 2488 40988 24672 28057 344 46799 8889 3329 681 273 252 11601 3605 445 424 4619
is_linear=0
shrinkage=0.05


Tree=86
num_leaves=64
num_cat=0
split_feature=42 17 27 13 37 45 0 11 37 11 12 35 0 22 30 34 3 3 38 44 2 0 12 0 38 40 8 29 35 27 38 34 22 0 40 20 14 20 44 34 3 13 43 31 15 6 3 13 40 43 19 28 40 27 37 31 44 33 22 13 15 23 8
split_gain=18.2569 15.9298 14.3411 13.3978 11.4747 10.3538 8.90709 9.45542 8.8521 8.52921 10.6269 11.3725 10.5252 9.27477 11.4964 12.212 8.79102 8.5143 9.78744 8.48201 8.11832 8.14755 8.0835 8.42222 7.88096 7.86548 7.53524 7.00471 10.2761 14.9156 8.83054 8.49739 8.27809 7.69583 7.38502 6.99979 8.75456 6.84235 11.7134 10.4924 13.449 10.1918 11.7643 8.89506 7.87306 7.55375 6.80672 6.70201 6.25331 6.22937 6.20581 14.1828 6.203 6.19761 6.17338 6.16136 6.03707 6.02891 6.52843 7.53515 6.01209 12.2112 11.0486
threshold=-4.7999999999999972 -3.9128174289102806 14.550000000000002 3.5000000000000004 92.500000000000014 1.5000000000000002 33.050000000000004 -0.60355339059327362 76.500000000000014 -1.0000000180025095e-35 0.37940952255126048 0.83385407025023306 169.25000000000003 56.500000000000007 35.500000000000007 0.70088257582277247 29.050000000000004 262.25000000000006 33.350000000000001 8134.7500000000018 136.25000000000003 88.02500000000002 0.37940952255126048 692.00000000000011 27.950000000000003 977.6500000000002 -0.78999999999999815 8.6803044258839162 -0.38266886095259295 118.25000000000001 29.250000000000004 -0.57357643635104616 45.500000000000007 64.65000000000002 989.05000000000007 0.81408451933196957 4.5000000000000009 -0.39873388578253688 -2137.7500000000005 0.59480013772226081 36.525000000000006 5.5000000000000009 377.50000000000006 -9.4414041301650666 1.0000000180025095e-35 55.600000000000016 123.25000000000001 1.5000000000000002 983.55000000000007 -187.49999999999997 0.9426055981926128 1.3850000000000005 985.75000000000011 59.550000000000004 77.500000000000014 -19.226160818592611 -208.74999999999986 5.6500000000000012 78.500000000000014 2.5000000000000004 1.0000000180025095e-35 29.450000000000003 147.20000000000002
decision_type=2 2 8 2 2 2 2 2 2 2 2 2 2 2 2 2 8 8 2 2 8 2 2 2 2 2 8 2 2 10 2 2 2 2 2 2 2 2 2 2 8 2 2 2 2 10 10 2 2 2 2 2 2 10 2 2 2 2 2 2 2 2 10
left_child=1 3 -2 22 9 52 -3 17 -9 10 11 12 20 26 25 16 48 -8 -19 27 21 -4 23 35 47 37 -11 30 29 31 50 33 54 -29 -34 -1 -37 38 39 -15 -41 46 44 -42 -43 -44 57 56 -16 53 60 -52 -5 -7 -30 -27 -13 58 59 -40 -12 62 -62
right_child=2 6 4 5 -6 49 7 8 -10 13 19 24 -14 14 15 -17 -18 18 -20 -21 -22 -23 -24 -25 -26 55 -28 28 32 -31 -32 -33 34 -35 -36 36 -38 -39 41 40 43 42 45 -45 -46 -47 -48 -49 -50 -51 51 -53 -54 -55 -56 -57 -58 -59 -60 -61 61 -63 -64
leaf_value=0.05527680127017668 0.11011122355515353 0.065271734236076323 -0.031011261743741227 0.20415014508449358 -0.061391094691625049 -0.29827274757508593 -0.068936095157094243 0.10354653548417614 -0.079520876166144241 0.18390851545048478 0.12822021446375625 -0.80629881157801264 -0.77521643207109037 -0.10520177867689727 -0.56992515651083131 0.049382904339472469 -0.35038323952713746 -0.45737774029366873 -0.55464584223458269 -0.13489870328202644 0.071759553377244045 -0.45993695061863776 0.26398272856644667 -13.825037345380053 0.17290481213469724 -0.099952038635538268 0.054007522973817869 -0.42195269208312319 0.35341881910866446 -1.9123207390833059 0.20886904051752719 -0.016299605009248465 -0.15918478131355052 -0.30274829987275448 0.25738075358313578 -0.55587783039080785 0.035704447469865903 0.021987085360305931 0.18381823644235395 -0.0026286758682931995 -0.41186622171276155 -0.10172270315757503 -0.65403981297841973 -0.94107285961842446 -0.26352795302186555 -1.6842490785860464 -0.82022311473226039 0.050790856672808374 0.22039443342680887 0.024033053144021717 -0.028189953031357091 -0.66148863552350479 0.4899277901293469 -0.69506732971205198 -0.30570053141060466 0.066197157457025563 -0.2177209705358609 0.0064161979755945594 0.11102463588497649 -0.4455535881046413 0.035140218955694295 -0.77904731207032407 -11.006820077686202
leaf_weight=23532 20956 36956 75333 15913 24438 421 8465 22632 12228 24832 21115 498 4353 876 348 1869 1834 852 289 4049 13178 3665 13036 46 10356 4009 43265 142 5667 578 12498 2674 4783 194 1263 1379 2110 17860 132 190 121 1785 151 202 241 40 94 3437 80 1395 5078 339 12991 79 204 68988 785 15297 257 282 1030 136 34
leaf_count=23532 20956 36956 75333 15913 24438 421 8465 22632 12228 24832 21115 498 4353 876 348 1869 1834 852 289 4049 13178 3665 13036 46 10356 4009 43265 142 5667 578 12498 2674 4783 194 1263 1379 2110 17860 132 190 121 1785 151 202 241 40 94 3437 80 1395 5078 339 12991 79 204 68988 785 15297 257 282 1030 136 34
internal_value=0.000370746 0.000836507 0.000193174 0.00138445 0.000122696 0.00216874 0.000359363 -0.000117393 0.000265347 0.000195007 -5.83758e-05 -0.000346534 -0.000546002 0.000432633 0.000158125 -0.00243161 -0.00490274 -0.00150635 -0.00556091 0.00047956 -0.000432542 -0.000624193 0.000782111 0.000289467 0.000930618 0.00025492 0.000894827 0.000640083 -0.000262818 -0.0026087 0.000988069 -0.00119601 0.000443484 -0.00869048 -0.000855111 0.000325858 -0.00176412 -0.000333351 -0.000976713 -0.00540317 -0.0110819 -0.000640352 -0.00381822 -0.017291 -0.0026999 -0.0156806 -0.000201718 -0.000762712 -0.0113551 -0.00141161 0.000490769 -0.00102732 0.00240347 -0.0062 0.00178079 0.000557352 -0.00384645 -0.000122745 -0.00476155 -0.00864734 0.000859288 -0.00258333 -0.000780075
internal_weight=551860 152324 399536 70902 378580 30799 81422 44466 34860 354142 171389 111605 96529 182753 114656 4131 2262 9606 1141 59784 92176 78998 40103 27067 15076 110525 68097 55735 15505 3588 40230 3010 11917 336 6046 27021 3489 37528 19668 1389 513 18279 2217 323 2026 191 16062 4720 428 1895 27732 5417 28904 500 5871 72997 1283 15968 671 414 22315 1200 1064
internal_count=551860 152324 399536 70902 378580 30799 81422 44466 34860 354142 171389 111605 96529 182753 114656 4131 2262 9606 1141 59784 92176 78998 40103 27067 15076 110525 68097 55735 15505 3588 40230 3010 11917 336 6046 27021 3489 37528 19668 1389 513 18279 2217 323 2026 191 16062 4720 428 1895 27732 5417 28904 500 5871 72997 1283 15968 671 414 22315 1200 1064
is_linear=0
shrinkage=0.05


Tree=87
num_leaves=64
num_cat=0
split_feature=8 22 27 9 41 11 21 4 13 11 15 13 38 33 23 32 31 19 4 38 16 3 3 38 38 23 14 26 37 21 11 7 10 37 23 37 7 37 7 18 17 32 14 1 37 40 1 29 29 8 17 13 8 30 16 14 10 30 20 10 31 31 16
split_gain=17.7899 12.1806 15.4556 12.7869 13.8996 10.7754 9.16899 9.05656 8.23677 8.15755 10.5579 18.2462 13.974 7.74217 7.33484 10.7911 8.82426 7.37842 8.23408 7.05725 9.02188 8.01649 7.49395 6.64417 6.55241 6.46728 6.45822 7.12483 6.14439 8.08815 10.1371 6.46875 6.05425 5.95671 7.09765 5.8895 5.80798 5.78143 6.09935 7.35834 6.81053 5.8878 5.70214 5.54932 5.45801 5.4178 5.34118 5.86589 6.81602 7.60443 5.24611 5.25496 5.22911 5.1709 5.83507 6.28308 7.8222 6.4928 5.73171 5.65251 6.98513 5.16862 5.43492
threshold=0.8000000000000026 59.500000000000007 53.050000000000004 34.050000000000004 2428.0000000000005 0.60355339059327384 957.50000000000011 29.425000000000001 4.5000000000000009 -1.0000000180025095e-35 1.0000000180025095e-35 1.0000000180025095e-35 38.650000000000013 14.450000000000001 33.95000000000001 7.3219666634251412 3.3233317863180183 0.47714059151611399 95.325000000000003 20.850000000000005 1.763900401307996 135.25000000000003 113.17500000000001 12.450000000000001 34.750000000000007 15.65 8.5000000000000018 8824.7500000000018 81.500000000000014 57.500000000000007 0.37940952255126054 37.151363636363648 72.925000000000026 27.500000000000004 21.150000000000002 44.500000000000007 31.495416666666667 88.500000000000014 24.488486842105267 8.4500000000000011 3.6108493612026868 -3.9754388860199641 11.500000000000002 10.950000000000001 15.500000000000002 971.55000000000007 18.975000000000005 0.40858951810231853 27.257759133453188 -11 6.9993245934618047 5.5000000000000009 13.500000000000007 25.500000000000004 -3.4125660924301768 4.5000000000000009 74.52500000000002 283.50000000000006 0.64942331933852337 90.02500000000002 -2.4587809284739479 14.174653670722625 -18.000679810455051
decision_type=8 2 8 10 2 2 2 10 2 2 2 2 2 2 2 2 2 2 10 2 2 8 10 2 2 2 2 2 2 2 2 10 10 2 2 2 10 2 8 2 2 2 2 10 2 2 8 2 2 10 2 2 10 2 2 2 10 2 2 10 2 2 2
left_child=1 2 6 32 25 8 -1 -6 -4 10 12 -12 14 28 16 24 26 18 -17 -13 -21 22 -22 -10 52 -5 27 37 29 33 -31 -30 -3 34 -11 42 -18 -2 39 40 -39 -41 -34 45 -14 -32 -9 -48 49 -49 -35 -52 -16 -15 55 57 58 -55 -57 -56 -61 62 -8
right_child=9 3 5 4 7 -7 61 46 23 13 11 19 44 53 15 17 36 -19 -20 20 21 -23 -24 -25 -26 -27 -28 -29 31 30 43 -33 35 50 -36 -37 -38 38 -40 41 -42 -43 -44 -45 -46 -47 47 48 -50 -51 51 -53 -54 54 59 56 -58 -59 -60 60 -62 -63 -64
leaf_value=0.24784446318342301 0.0011841376413068263 0.10048073708430377 -0.019462419638007697 0.65836924285181608 0.038482919864847767 0.23674762731749865 -0.23848108721160002 -0.1205320285687731 -2.3270307608642575 -1.3623304728324648 0.46339203045785071 0.31179976852938562 0.019485406154821298 0.0096619390080429322 -0.030497086000626939 -0.37834818968557049 0.02524887155141067 -0.033383303840632816 -1.7313668649579761 -0.18082752581841896 -0.47648755096635864 -0.49258085644469229 -1.9209971007379654 0.15313463941234429 0.039433077313862246 0.044696578181614162 0.21677770640378663 0.094450708932762639 0.042963919874229525 0.018700836712448578 -0.48778262562862579 -0.093498349407327846 0.2528080664530431 0.051691089105114746 -0.7687690815990369 -0.18146919518001658 -0.10182631533232803 -0.18604890398124763 -0.034903548743546994 -0.41850649858471711 -0.48031648626818924 -0.064706349132761409 -3.9304574745880281 0.20006878132347994 0.41828067323431573 -0.041357360206131753 -0.0097522899245580785 -0.20917211560198196 0.0547413052277861 -0.014397823926664319 -0.41172313224959434 0.54742114959181698 -0.21487283372573263 0.009051948892955285 0.1039238721592935 -0.19068957896879676 -1.1405648046479087 -0.83832548083252911 -0.50357059663667758 -0.036576215651171029 -0.84259627445949059 -0.008565615342906235 0.1183956625285859
leaf_weight=24499 30218 39212 36494 4959 14217 13568 240 5355 39 34 1109 659 2556 64778 5427 1385 10283 1013 29 3914 646 366 63 13396 7776 37766 10883 10995 14840 20974 48 12889 31 6025 294 2288 29808 302 3702 88 216 925 47 33068 4004 1381 26901 6282 2735 3505 1131 301 3710 1946 3691 2252 173 46 96 311 172 6083 19716
leaf_count=24499 30218 39212 36494 4959 14217 13568 240 5355 39 34 1109 659 2556 64778 5427 1385 10283 1013 29 3914 646 366 63 13396 7776 37766 10883 10995 14840 20974 48 12889 31 6025 294 2288 29808 302 3702 88 216 925 47 33068 4004 1381 26901 6282 2735 3505 1131 301 3710 1946 3691 2252 173 46 96 311 172 6083 19716
internal_value=0.000359693 0.000663401 0.00104902 0.00035653 5.45617e-05 0.00052971 0.00170149 -0.000442834 0.00019017 9.43379e-05 -0.000201534 -0.00212594 -9.60913e-05 0.000328367 -0.000222251 -0.00111169 -4.56783e-05 -0.0042295 -0.00656294 -0.00327727 -0.00391962 -0.00797674 -0.011079 0.0012486 -0.000664282 0.000741369 0.000352265 9.53798e-05 0.000636644 0.000908689 0.0011205 1.60484e-05 0.00109529 -0.000600514 -0.00719512 -0.00136095 -0.000614726 -0.000249499 -0.00178387 -0.00443828 -0.00928571 -0.00195953 -0.0148718 0.00164753 0.00214939 -0.00140308 -0.000791907 -0.000590645 -0.00148459 -0.00210126 -0.000310446 -0.00303073 -0.00157218 -5.34266e-05 -0.00119892 -0.00244516 -0.00410353 -0.000346385 -0.00334753 0.000148539 -0.00493789 0.00104824 0.00143716
internal_weight=551860 257333 114035 143298 101720 63497 50538 58995 49929 294527 130077 6757 123320 164450 116760 19340 97420 2427 1414 5648 4989 1075 709 13435 16913 42725 57329 46446 90985 63256 55471 27729 41578 7785 328 2366 40091 35451 5233 1531 518 1013 78 34497 6560 1429 44778 39423 12522 9787 7457 1432 9137 73465 8687 4513 2521 1992 2348 4174 483 26039 19956
internal_count=551860 257333 114035 143298 101720 63497 50538 58995 49929 294527 130077 6757 123320 164450 116760 19340 97420 2427 1414 5648 4989 1075 709 13435 16913 42725 57329 46446 90985 63256 55471 27729 41578 7785 328 2366 40091 35451 5233 1531 518 1013 78 34497 6560 1429 44778 39423 12522 9787 7457 1432 9137 73465 8687 4513 2521 1992 2348 4174 483 26039 19956
is_linear=0
shrinkage=0.05


Tree=88
num_leaves=64
num_cat=0
split_feature=42 17 13 0 37 45 23 0 23 0 44 10 32 25 13 14 14 19 25 31 29 0 42 31 44 21 0 34 13 29 32 23 11 16 25 20 34 42 29 36 37 20 34 0 15 22 0 18 12 22 44 11 32 12 17 7 13 25 32 25 13 23 4
split_gain=16.1184 14.9538 12.7315 12.7246 10.7298 10.314 8.29286 8.11943 8.4984 7.63038 7.94543 12.4644 9.51719 8.71201 8.50564 32.2562 22.6725 17.7346 15.9057 13.6674 15.5529 12.4273 11.2244 10.7572 10.3584 9.12649 10.0418 9.02268 12.8219 8.2908 8.57875 10.1668 9.28614 8.28517 10.0106 7.82182 8.6326 12.0409 10.1684 8.54347 7.45038 8.36549 12.7723 7.32225 7.30541 12.4563 8.23173 9.01818 7.26442 12.6755 14.2527 14.0405 10.7046 6.89393 8.83275 9.34561 6.48914 6.47189 6.44286 7.44565 9.16486 6.43385 6.37759
threshold=-4.7999999999999972 -3.9128174289102806 3.5000000000000004 8.0100000000000016 92.500000000000014 1.5000000000000002 18.850000000000005 80.225000000000009 27.050000000000004 499.50000000000006 7483.2500000000009 41.625000000000007 -2.3677075004575925 971.25000000000011 3.5000000000000004 4.5000000000000009 3.5000000000000004 0.58068084432175981 984.35000000000002 -3.1997434936258244 8.3290926612245233 163.25000000000003 5.0500000000000007 -14.38350638875106 -913.5 282.50000000000006 66.125000000000014 0.043617726472722482 4.5000000000000009 1.9494852926415629 -2.1011429497698546 19.550000000000004 0.91597561503675362 16.42178213704511 986.1500000000002 -0.37460659341591213 0.31729257441605213 3.5000000000000018 13.25973296484292 1577.5000000000002 77.500000000000014 -0.97988739209073461 -0.18222858652173754 62.625000000000007 1.0000000180025095e-35 71.500000000000014 51.050000000000004 27.350000000000005 -0.70710678118654757 75.500000000000014 -2137.7500000000005 -0.25881904510252113 0.98356627979216904 0.91597561503675351 -10.346850364753864 82.393750000000011 1.0000000180025095e-35 986.25000000000011 -15.259380631152551 988.35000000000002 4.5000000000000009 37.850000000000001 78.02500000000002
decision_type=2 2 2 2 2 2 2 2 2 2 2 10 2 2 2 2 2 2 2 2 2 2 2 2 2 2 2 2 2 2 2 2 2 2 2 2 2 2 2 2 2 2 2 2 2 2 2 2 2 2 2 2 2 2 2 10 2 2 2 2 2 2 10
left_child=1 2 6 -2 9 -4 43 8 -3 10 13 12 -12 -5 16 21 18 44 22 48 24 27 23 -15 -21 26 -22 28 33 -20 31 -31 35 -16 -35 -33 39 38 53 -37 -10 42 -42 -1 46 -46 -17 -48 49 -19 62 52 -52 54 -38 -56 -13 -7 59 -23 -61 -30 -51
right_child=3 7 5 4 -6 57 -8 -9 40 -11 11 56 -14 14 15 17 -18 19 29 20 25 58 -24 -25 -26 -27 -28 -29 61 30 -32 32 -34 34 -36 36 37 -39 -40 -41 41 -43 -44 -45 45 -47 47 -49 -50 50 51 -53 -54 -55 55 -57 -58 -59 -60 60 -62 -63 -64
leaf_value=0.76378725772449862 0.15386748705207484 0.11003229851245507 0.28290739622327599 -0.045028248504216065 -0.05638468698507159 -0.3854363315656571 0.02722925390975477 -0.16258072952878419 0.055457710663059934 -1.2940279633947662 0.051025725733432808 0.081872071417591813 -0.037703328140678852 -1.0466633042770619 0.016360125799817112 0.12233838494206771 0.046973381460290703 -0.009807791195584413 0.086002624566266034 -0.17520447425017593 -0.45796973659001605 -0.29742855906947319 -0.091023566329873781 -0.32936684963439955 0.013642576993992243 -0.02931783435076632 -0.47089926329765747 0.50345260034912864 0.29542659929127968 0.091415472878464965 0.052369733079404082 0.34423788181139292 -0.95420718839354213 -0.55404745325633997 0.15249217543507518 -0.090063472142460077 -1.1016032339567814 -0.12651482596050742 -0.24035856427717481 -0.24016126034180876 -0.4866175975819978 -0.020776356237200127 -0.019873203115497798 0.32685921680752944 0.083384554999319765 -0.30196113402247587 0.035980198412212235 -1.5166764058556712 0.035626950062974498 -0.79035765977531547 -0.67638240484076195 0.024830386638154026 -0.1026851198525478 -0.89372923887327582 -0.64957060852126036 -0.54987788633785173 -0.13572964114713496 -0.048783442597214621 0.083998788377255107 -3.4087174046391659 -1.1052932280230621 -0.10468520294115891 0.14054965376414139
leaf_weight=3275 7558 19370 28904 16113 26050 266 30068 12744 31758 2844 30927 2395 24042 174 5154 23521 116247 3367 12947 2882 603 385 4403 3946 5236 650 1326 16241 12034 2879 5126 751 268 414 228 4251 130 1256 342 340 301 16794 455 6760 1949 1037 20435 50 17509 212 158 737 131 145 179 244 16520 1629 4299 79 165 628 29
leaf_count=3275 7558 19370 28904 16113 26050 266 30068 12744 31758 2844 30927 2395 24042 174 5154 23521 116247 3367 12947 2882 603 385 4403 3946 5236 650 1326 16241 12034 2879 5126 751 268 414 228 4251 130 1256 342 340 301 16794 455 6760 1949 1037 20435 50 17509 212 158 737 131 145 179 244 16520 1629 4299 79 165 628 29
internal_value=0.000349636 0.000787269 0.00131816 0.000182787 0.000143605 0.0020827 0.000730993 0.000324974 0.000540057 0.000213403 0.00023361 -0.000229143 0.000151813 0.000351833 0.000418493 0.000734939 0.00017243 0.000156078 -0.000898718 -0.000735383 -0.00220295 0.0019011 -0.00279655 -0.00467233 -0.00112836 -0.0055855 -0.00731208 0.00223479 0.00147849 -0.000338208 -0.0011027 -0.00190311 -0.0028295 -0.000469289 -0.00582554 -0.00250851 -0.00303688 -0.00554007 -0.00951923 -0.00178501 0.00019145 -0.000635327 -0.00578042 0.00197559 0.000779069 -0.0016142 0.000941463 0.000208689 -2.6419e-05 -0.00178679 -0.00604972 -0.00347953 -0.0128201 -0.0129799 -0.0155244 -0.0120213 -0.00133624 -0.00149076 -0.000448458 -0.00517488 -0.0120082 0.00237008 -0.0169917
internal_weight=551860 152324 70902 399536 391978 30799 40103 81422 68678 365928 363084 73884 54969 289200 273087 119459 153628 79832 37381 32840 10697 39627 8523 4120 8118 2579 1929 34699 18458 28858 15911 10785 7906 5796 642 7638 6887 2296 1040 4591 49308 17550 756 10035 46992 2986 44006 20485 22143 4634 1267 1026 289 698 553 423 18915 1895 4928 629 244 12662 241
internal_count=551860 152324 70902 399536 391978 30799 40103 81422 68678 365928 363084 73884 54969 289200 273087 119459 153628 79832 37381 32840 10697 39627 8523 4120 8118 2579 1929 34699 18458 28858 15911 10785 7906 5796 642 7638 6887 2296 1040 4591 49308 17550 756 10035 46992 2986 44006 20485 22143 4634 1267 1026 289 698 553 423 18915 1895 4928 629 244 12662 241
is_linear=0
shrinkage=0.05


Tree=89
num_leaves=64
num_cat=0
split_feature=8 22 27 9 36 12 11 31 30 11 15 13 38 25 33 43 37 21 12 28 25 5 4 31 43 38 29 8 26 23 32 31 19 37 14 23 21 23 38 13 7 29 44 11 30 32 35 13 20 37 34 1 38 20 19 25 26 16 3 12 44 31 2
split_gain=15.9828 10.9493 13.4066 11.0791 10.7029 10.6658 8.7358 7.46713 7.33557 7.21997 9.26805 16.3034 13.3504 7.41341 7.21757 7.13608 7.4501 7.54709 9.34099 8.83813 7.05239 9.8628 6.92502 8.46345 6.88995 6.84993 6.4649 7.82375 6.19906 6.14895 9.10516 8.41833 7.48402 7.43413 6.78939 6.10845 10.1101 6.37363 6.26681 6.05621 5.89665 5.88118 5.8181 5.80281 6.33186 6.29803 5.80239 5.77674 7.05427 6.3303 6.41743 5.68323 5.59282 5.56457 5.41141 5.3531 5.33152 5.30468 5.21172 7.35009 5.20486 5.16291 5.39821
threshold=0.8000000000000026 62.500000000000007 57.550000000000004 34.050000000000004 96.875000000000014 0.25881904510252057 0.37940952255126054 15.314510625227486 1.5000000000000002 -1.0000000180025095e-35 1.0000000180025095e-35 1.0000000180025095e-35 38.650000000000013 970.6500000000002 13.950000000000001 877.50000000000011 80.500000000000014 61.250000000000007 -0.9159756150367534 0.9850000000000001 985.85000000000002 104.07500000000002 50.550000000000004 0.17435133492781457 2487.5000000000005 35.45000000000001 34.531104386477857 -22.079999999999995 603.25000000000011 33.95000000000001 7.2005345076277134 0.70710678118654768 -0.60873824923885311 55.500000000000007 8.5000000000000018 30.150000000000002 1917.5000000000002 28.450000000000003 30.050000000000004 3.5000000000000004 17.91854166666667 347.6564557769816 -6776.2499999999991 -0.98296291314453399 16.500000000000004 -9.4826253041898809 -0.86159635224327535 2.5000000000000004 0.28400453026986811 87.500000000000014 -0.66259481767468265 12.65 34.750000000000007 0.81408451933196957 0.82409480842201688 998.35000000000002 4715.5000000000009 17.474490361786735 17.550000000000004 -0.9159756150367534 523.75000000000011 -6.0248432953715989 207.25000000000003
decision_type=8 2 8 10 2 2 2 2 2 2 2 2 2 2 2 2 2 2 2 2 2 10 8 2 2 2 2 10 2 2 2 2 2 2 2 2 2 2 2 2 10 2 2 2 2 2 2 2 2 2 2 8 2 2 2 2 2 2 8 2 2 2 10
left_child=1 2 5 40 -5 7 47 25 51 10 12 -12 29 -11 15 16 17 -15 19 -19 21 22 23 -13 -14 35 27 61 -23 31 52 33 -32 41 42 36 -1 -38 39 -37 -3 -2 -35 44 -33 -46 -43 53 -49 50 -50 -6 -31 -4 -8 -22 60 -58 59 -40 -17 -10 -63
right_child=9 3 6 4 8 -7 54 -9 26 13 11 20 24 14 -16 56 -18 18 -20 -21 55 28 -24 -25 -26 -27 -28 -29 -30 30 32 43 -34 34 -36 38 37 -39 58 -41 -42 46 -44 -45 45 -47 -48 48 49 -51 -52 -53 -54 -55 -56 -57 57 -59 -60 -61 -62 62 -64
leaf_value=0.21342632039464357 0.20195483658347702 0.14240253092029909 -0.013042535747115142 0.10271675882841198 -0.081122962080504207 0.37209420046129693 0.23337660332770707 -0.015970596670786107 -0.37957808588967334 -0.11945773638391888 0.43591381507075977 -0.13760776755459347 0.27495596903436409 -0.05257051324800948 0.001849990586152392 -0.86708354163401558 0.0034925062090256608 -0.032956595636409479 0.20834182481867797 0.25551139139649753 0.073201767198375803 -5.9580058030614929 -0.082662956533567811 -0.35503785297374868 -0.1574917721827048 0.22563816291184985 0.083179031639948858 -0.052463749806578225 -1.1690051858635429 -0.084494697300218885 -0.45101366723042657 -0.16407772596542186 -0.13237371528468722 0.12223587192262553 0.188754611139833 -0.2473513699707578 -0.31461229148097924 0.034920787577746325 -0.28173289612020613 0.022706731328292165 0.064710629972823577 -5.3914812008989372 -0.04019244551037205 -0.032910750841344004 -0.60650006167758475 0.082847722387752565 0.0099352693974953978 -0.034983719164709867 -0.0021191891358853954 -1.5019274618066158 0.30488229900232733 0.0078236551968805766 0.037646366279589893 -0.26159275644237118 -0.054215530337647172 -1.5420580194852549 -0.032540129735391929 -0.19005935073637004 0.088333398395685048 -0.015051166613857532 -0.21191609017760973 -0.15056110841500681 -0.70290729117059703
leaf_weight=8814 14230 6266 15495 21836 5308 15514 16529 7282 1687 3645 1109 1539 6134 7447 76856 38 26193 11285 33892 3232 1532 68 1350 897 426 10847 2536 6050 128 9077 774 3456 1734 4083 6100 1565 258 289 227 1988 32999 121 26732 42219 184 105 190 10547 5462 78 9885 53389 7755 3750 2511 134 1454 77 12620 874 331 2705 22
leaf_count=8814 14230 6266 15495 21836 5308 15514 16529 7282 1687 3645 1109 1539 6134 7447 76856 38 26193 11285 33892 3232 1532 68 1350 897 426 10847 2536 6050 128 9077 774 3456 1734 4083 6100 1565 258 289 227 1988 32999 121 26732 42219 184 105 190 10547 5462 78 9885 53389 7755 3750 2511 134 1454 77 12620 874 331 2705 22
internal_value=0.000347552 0.000635422 0.000972217 0.000319583 2.36817e-05 0.00150785 0.000469754 0.0011163 -0.00027149 9.60355e-05 -0.000182315 -0.00198535 -8.35224e-05 0.000316206 0.000366749 0.000687263 0.000757413 0.00108368 0.00131164 0.000250396 -0.00307365 -0.00421647 -0.00365029 -0.0052422 0.00211128 0.00140094 -0.00134615 -0.00189507 -0.0151531 -0.000206834 -0.0010212 -4.51651e-05 -0.00383174 0.000394123 1.6931e-05 0.000969589 0.00199818 -0.00459781 0.00041218 -0.00145933 0.00102445 0.0013517 -0.000284764 -0.000536942 -0.00242323 -0.00953287 -0.00545016 9.14481e-05 0.00057793 0.00125932 0.00133153 -3.34768e-05 -0.000602424 -0.000565082 0.00136817 -0.000342137 -0.00234211 -0.0010418 0.000896801 -0.00240236 -0.00773713 -0.0034957 -0.00215071
internal_weight=551860 257333 124535 132798 93533 60278 64257 44764 71697 294527 130077 6757 123320 164450 160805 83949 82049 55856 48409 14517 5648 3982 3786 2436 6560 37482 13000 10464 196 116760 19340 97420 2508 51456 36915 26635 9361 547 17274 3553 39265 14541 30815 45964 3745 289 311 45217 25972 15425 15347 58697 16832 19245 19040 1666 1900 1531 13721 1101 369 4414 2727
internal_count=551860 257333 124535 132798 93533 60278 64257 44764 71697 294527 130077 6757 123320 164450 160805 83949 82049 55856 48409 14517 5648 3982 3786 2436 6560 37482 13000 10464 196 116760 19340 97420 2508 51456 36915 26635 9361 547 17274 3553 39265 14541 30815 45964 3745 289 311 45217 25972 15425 15347 58697 16832 19245 19040 1666 1900 1531 13721 1101 369 4414 2727
is_linear=0
shrinkage=0.05


Tree=90
num_leaves=64
num_cat=0
split_feature=0 9 37 41 38 37 23 1 22 27 25 34 35 11 17 28 23 13 14 35 21 37 34 27 43 14 13 11 17 0 8 43 37 21 1 9 12 13 29 26 11 13 22 6 45 7 45 17 17 5 26 31 4 13 14 29 38 34 10 31 26 36 3
split_gain=14.9488 16.6578 18.0815 18.4449 13.9995 11.577 11.407 10.9674 10.7318 9.55716 11.4162 9.20704 8.5144 8.37075 8.14703 7.96502 10.612 14.2115 10.36 8.49933 8.05827 10.7808 8.09967 7.73112 7.61352 7.28833 10.9145 8.15948 6.88368 6.78615 6.57242 6.55813 6.59755 6.49183 6.48326 9.83821 6.5635 7.13169 10.9984 8.99745 6.4441 10.0309 9.38735 7.21933 6.31323 6.57008 6.29437 6.22798 6.21236 9.1177 6.20046 6.16744 6.09767 6.04136 8.48257 6.46091 6.02531 5.95294 6.14492 5.92995 5.9156 8.6162 5.87252
threshold=98.425000000000026 40.050000000000004 71.500000000000014 9687.7500000000018 37.95000000000001 10.500000000000002 15.65 87.02500000000002 41.500000000000007 88.050000000000011 974.75000000000011 -0.16504132135358071 0.86159635224327547 -0.98296291314453399 16.178045648204556 18.690000000000005 35.95000000000001 1.5000000000000002 5.5000000000000009 -0.22495105434386511 172.50000000000003 24.500000000000004 0.97625883275952063 87.050000000000011 -131.24999999999997 4.5000000000000009 3.5000000000000004 -0.60355339059327362 -5.9351206826417249 359.25000000000006 -23.274999999999995 487.50000000000006 33.500000000000007 112.50000000000001 33.850000000000001 62.550000000000004 -0.70710678118654757 1.0000000180025095e-35 0.44302366132127341 7802.5000000000009 0.12940952255126045 2.5000000000000004 59.500000000000007 55.150000000000027 1.5000000000000002 17.91854166666667 1.5000000000000002 5.2078105133741202e-15 16.178045648204556 30.025000000000002 25584.500000000004 7.3621292623347516 19.950000000000003 4.5000000000000009 4.5000000000000009 1.5181668923115823 35.050000000000004 0.76037701167087512 60.32500000000001 -21.455513983851478 23024.500000000004 1217.5000000000002 93.02500000000002
decision_type=2 10 2 2 2 2 2 8 2 8 2 2 2 2 2 2 2 2 2 2 2 2 2 10 2 2 2 2 2 2 8 2 2 2 10 8 2 2 2 2 2 2 2 8 2 8 2 2 2 8 2 2 8 2 2 2 2 2 10 2 2 2 10
left_child=1 44 3 9 12 62 -4 -2 33 10 11 -3 15 14 -12 16 20 19 56 24 21 30 60 34 28 26 27 -15 -18 59 -5 -29 -33 -8 35 -10 37 38 -37 47 -24 -42 -43 -44 45 -1 -36 -39 -38 -50 -20 52 -49 55 -55 -11 -19 58 -57 -9 -22 -62 -6
right_child=7 2 6 4 5 -7 8 29 23 53 13 -13 -14 25 -16 -17 17 18 50 -21 22 -23 40 -25 -26 -27 -28 31 -30 -31 -32 32 -34 -35 46 36 48 39 -40 -41 41 42 43 -45 -46 -47 -48 51 49 -51 -52 -53 -54 54 -56 57 -58 -59 -60 -61 61 -63 -64
leaf_value=0.1281119944702746 -0.31491394296514702 -0.11294054144431254 0.49059845969657156 -0.83027747913020322 -0.10922432287556938 0.18998841125960028 -0.50298885955545325 -0.47635683232136955 0.026450708441967969 0.0937301447528055 -0.015849872885790466 0.078459702460018377 0.18155670922971451 -0.022953458471824152 -1.0597322598328216 0.1791605016813943 -0.21120459705439015 -0.098070414309113563 -0.1352042052535424 -0.093721486299562895 0.027808086633651193 -0.11381359366397159 -0.040802992590800391 -0.21654998619026672 -0.19154694527954466 0.10573972692330201 0.43979877047738658 0.2614634638822686 -0.53339730518471873 -0.65993448685189859 -0.40040238851571319 -0.091456394764030571 -1.1453708439703973 -0.14951297898733815 0.030158852131724791 -0.10331590512721125 -0.035437078633266783 -0.028083450407695172 -0.48356916014795132 0.0037306701328107027 -0.035998645919507237 -0.13151134088943614 -0.39051555287224365 -1.568143400144228 -0.014438390273409455 0.080565126497406866 -0.20690215095267794 -0.045330702482380913 -0.29633777861139898 -0.001356283340068643 -0.30089295396405469 0.14375668631500613 -0.41258946145956038 0.3360685552479411 -0.031238533225927973 -0.043805325898848418 0.20738308011827075 0.079272737439968197 -0.28530386527229912 0.039031941520791306 -0.17529850056319068 -0.015331261190165946 0.22878904647377954
leaf_weight=11154 13324 5667 3483 110 2596 14874 297 1822 25331 7930 4115 12397 4100 5414 149 3761 360 1496 1245 1341 40448 4044 4123 4188 848 35847 17747 11641 533 9398 300 99 38 1488 51222 433 35683 585 300 2644 827 399 450 41 7553 63095 2213 224 225 281 547 183 759 5869 4317 10226 2692 5694 3309 87984 1956 9394 1047
leaf_count=11154 13324 5667 3483 110 2596 14874 297 1822 25331 7930 4115 12397 4100 5414 149 3761 360 1496 1245 1341 40448 4044 4123 4188 848 35847 17747 11641 533 9398 300 99 38 1488 51222 433 35683 585 300 2644 827 399 450 41 7553 63095 2213 224 225 281 547 183 759 5869 4317 10226 2692 5694 3309 87984 1956 9394 1047
internal_value=0.000339035 0.000470738 0.00032347 0.000591493 7.13614e-05 0.0013088 -0.000148256 -0.000175156 -0.000226248 0.000980346 0.00125137 0.000122897 -0.000218629 0.00152298 -0.000628518 -0.000340052 -0.000458583 -0.00205694 -0.000635451 -0.00481505 -0.000225311 -0.00227436 -6.69695e-05 -0.000170957 -0.00711947 0.00165259 0.00216649 0.00126861 -0.0103415 5.74592e-06 -0.01 0.00200713 -0.00886861 -0.00407563 -9.73075e-05 -0.000426269 -0.000901929 -0.00257605 -0.00714188 -0.00181456 -0.00183219 -0.00440594 -0.00808989 -0.0127189 0.0011144 0.0012545 0.000312997 -0.00459452 -0.000664705 -0.00616601 -0.00381696 -0.00670669 -0.00827569 0.000304592 0.00134302 -8.48704e-05 0.000725884 -0.000580113 -0.00115072 0.000139523 0.000132052 -0.000876652 -0.0012174
internal_weight=551860 439332 357530 227991 97532 18517 129539 112528 126056 130459 93114 18064 79015 75050 4264 74915 71154 9062 5980 3082 62092 4454 57638 124271 1741 70786 34939 17192 893 99204 410 11778 137 1785 120083 66648 41317 5128 733 4395 5840 1717 890 491 81802 74249 53435 1751 36189 506 1792 1166 983 37345 10186 27159 4188 19229 13535 89806 51798 11350 3643
internal_count=551860 439332 357530 227991 97532 18517 129539 112528 126056 130459 93114 18064 79015 75050 4264 74915 71154 9062 5980 3082 62092 4454 57638 124271 1741 70786 34939 17192 893 99204 410 11778 137 1785 120083 66648 41317 5128 733 4395 5840 1717 890 491 81802 74249 53435 1751 36189 506 1792 1166 983 37345 10186 27159 4188 19229 13535 89806 51798 11350 3643
is_linear=0
shrinkage=0.05


Tree=91
num_leaves=64
num_cat=0
split_feature=27 37 41 27 22 38 37 17 0 25 34 21 16 11 37 38 22 26 2 13 32 34 0 3 16 17 41 43 28 28 36 26 20 18 24 13 0 43 10 16 13 6 8 17 0 32 1 29 12 44 13 8 32 27 13 20 13 37 32 11 23 12 17
split_gain=14.5128 13.8696 16.1315 19.6276 15.2537 12.9473 12.3574 10.1619 9.74981 9.39372 9.00841 8.43533 12.0354 7.72274 7.60159 7.45507 12.4774 8.86283 7.58333 7.37585 9.46291 8.93397 8.41136 7.2906 6.95551 6.95474 6.87619 6.85354 6.81417 11.9767 7.07001 7.16029 8.76621 6.66946 6.50178 6.48772 6.31823 6.27829 6.14928 5.88277 10.188 8.12796 7.43262 5.92412 5.84281 7.09382 5.75212 5.92695 6.89163 5.95908 9.65598 5.82246 5.62046 5.61972 5.52561 18.8022 13.4565 10.8859 8.05041 6.74126 7.47059 6.3297 7.2661
threshold=14.050000000000002 71.500000000000014 9687.7500000000018 91.050000000000011 42.500000000000007 37.650000000000013 12.500000000000002 -9.9013403437078491 29.950000000000003 974.6500000000002 -0.087155742747658124 116.25000000000001 -16.421782137045096 -0.98296291314453399 96.500000000000014 24.650000000000002 83.500000000000014 10962.500000000002 484.25000000000006 4.5000000000000009 -4.3114084166034781 -0.88697705852364728 146.75000000000003 93.02500000000002 11.321612722150352 16.178045648204556 2550.7500000000005 -517.49999999999989 6.0650000000000013 11.065000000000003 477.50000000000006 12300.750000000002 0.46173103126271869 12.950000000000001 0.45000000000000007 3.5000000000000004 342.25000000000006 81.250000000000014 142.25000000000003 -3.934578956497178 4.5000000000000009 53.37916666666667 -17.984999999999996 -17.964969140547471 692.00000000000011 6.0215670670235157 109.07500000000002 287.57701779470227 0.25881904510252057 492.00000000000011 1.5000000000000002 -6.7000000000000011 -5.9022245925614945 32.45000000000001 1.0000000180025095e-35 -0.1564344650402309 2.5000000000000004 83.500000000000014 3.3145880551677291 -0.25881904510252113 31.650000000000002 -0.3794095225512602 1.9928691531833587
decision_type=8 2 2 8 2 2 2 2 2 2 2 2 2 2 2 2 2 2 8 2 2 2 2 10 2 2 2 2 2 2 2 2 2 2 2 2 2 2 8 2 2 10 10 2 2 2 10 2 2 2 2 8 2 10 2 2 2 2 2 2 2 2 2
left_child=-1 2 3 9 11 8 23 37 -4 10 -2 12 26 25 28 16 18 34 -16 20 -5 22 -21 52 -15 -11 -3 -24 30 -30 31 38 -33 35 -18 -10 -26 -6 -9 40 -8 42 -42 -41 46 -46 47 -22 -49 50 -50 -52 -7 -36 55 -32 -56 -57 -59 60 61 62 -58
right_child=1 4 5 19 7 6 39 14 33 13 -12 -13 -14 24 15 -17 17 -19 -20 21 44 -23 27 -25 36 -27 -28 -29 29 -31 54 32 -34 -35 53 -37 -38 -39 -40 43 41 -43 -44 -45 45 -47 -48 48 49 -51 51 -53 -54 -55 56 57 59 58 -60 -61 -62 -63 -64
leaf_value=0.10480864496049994 -0.092123188218588586 -1.5695628540000852 0.031533848355888398 -0.1005236554286274 0.27350295230982113 -0.0025166795451037061 0.11730762636370269 -0.0039030930446513771 -0.060045759793745802 -0.015126003220302053 0.081467329283052808 -0.11506959704208397 -0.37643252350682826 0.12641139429763459 -1.3175335382365612 -0.03318848835975504 -0.045914765043846728 -0.66583347382282287 -3.8112711513019719 0.047424331295062135 0.022419986995675004 0.21383032323229859 -2.6556562974638402 0.19251110023432605 0.24932529738432244 -0.90280167316237359 -0.058394832467568318 -0.68871968445175191 -0.5829079694172461 0.04428697376803728 0.029999397134302799 0.16980237422013095 -0.36662714634975074 -0.083985585719030212 -0.02765833678207881 0.067827642173007907 -7.6759777563142908 -0.19052010337251488 0.097004987112869576 -0.24040033366541796 0.99681521300859421 0.029247529787292132 -0.39050386617829691 0.27557437498696913 -1.7362571196179477 -8.0441566492316099 0.33212054247982647 0.20349061774458993 0.36784410058363504 -0.7644164230254058 -0.47444428866164456 -1.5515012752125217 -0.17797604007275628 -0.53496998264192164 0.10098556698126654 -0.21286686014720879 -0.17708271946845669 -0.056137078159195435 -0.50340595417666412 -0.03144611741268754 0.0061586438842148698 -0.13789433508632917 -0.39883763446834297
leaf_weight=29464 6715 60 29114 31880 13313 1890 2552 113351 22123 4652 13729 2064 717 64264 362 4643 1936 77 50 3781 22488 19111 42 1608 23432 162 24 1776 986 1277 2233 6334 181 33006 191 17382 22 1541 12718 349 80 364 370 12969 136 46 13648 437 70 475 49 146 2124 216 8311 1115 801 83 197 13023 1855 3113 632
leaf_count=29464 6715 60 29114 31880 13313 1890 2552 113351 22123 4652 13729 2064 717 64264 362 4643 1936 77 50 3781 22488 19111 42 1608 23432 162 24 1776 986 1277 2233 6334 181 33006 191 17382 22 1541 12718 349 80 364 370 12969 136 46 13648 437 70 475 49 146 2124 216 8311 1115 801 83 197 13023 1855 3113 632
internal_value=0.000329522 0.000268628 0.000464543 0.00073459 -7.01655e-05 1.33544e-05 0.00110419 -1.51426e-05 -0.000226076 0.00117883 0.000208863 -0.0036911 -0.00804619 0.00139314 -0.000122492 -0.00168227 -0.0037041 -0.00233471 -0.0117476 0.000201148 -6.30629e-05 0.000942938 -0.000813538 -0.000923159 0.00150015 -0.000556709 -0.0259524 -0.00360836 -5.23432e-05 -0.00277729 -1.47302e-05 0.000144965 0.00176132 -0.000536401 -0.00178617 -9.80887e-05 0.00223715 0.00124007 6.14348e-05 0.00178734 -8.02137e-05 -0.00495086 -0.00944444 0.00225935 0.000475397 -0.00846154 0.000518988 4.75387e-05 -0.00341121 -0.00635135 -0.0123585 -0.0180769 -0.00206278 -0.00753071 -0.000689825 -0.00252481 -0.000449792 -0.00707885 -0.0158929 -0.0011702 -0.00249883 -0.00358997 -0.00633985
internal_weight=551860 522396 330992 207061 191404 123931 22306 188539 101625 112976 20444 2865 801 92532 173685 7475 2832 2420 412 94085 69375 24710 5599 5622 87718 4814 84 1818 166210 2263 163947 132584 6515 72511 2343 39505 23454 14854 126069 16684 3366 814 450 13318 37495 182 37313 23665 1177 740 265 195 4014 407 31363 3628 27735 1395 280 19424 6401 4546 1433
internal_count=551860 522396 330992 207061 191404 123931 22306 188539 101625 112976 20444 2865 801 92532 173685 7475 2832 2420 412 94085 69375 24710 5599 5622 87718 4814 84 1818 166210 2263 163947 132584 6515 72511 2343 39505 23454 14854 126069 16684 3366 814 450 13318 37495 182 37313 23665 1177 740 265 195 4014 407 31363 3628 27735 1395 280 19424 6401 4546 1433
is_linear=0
shrinkage=0.05


Tree=92
num_leaves=64
num_cat=0
split_feature=8 22 27 36 4 0 12 23 32 16 13 17 28 19 43 31 23 1 0 3 18 0 32 41 34 37 27 14 43 12 35 31 32 4 42 8 27 6 37 27 12 37 31 16 1 27 4 39 2 20 23 18 14 17 23 19 5 38 44 14 44 34 36
split_gain=14.6158 10.458 12.2722 10.7182 10.4012 8.17241 7.67917 7.55118 8.68577 7.05245 9.24622 8.41033 7.29173 6.96608 7.38423 6.54962 6.437 6.41117 12.9913 6.15736 5.88463 5.66562 5.63051 5.50966 5.59668 7.96207 5.47471 5.3877 5.33916 13.1725 5.6237 5.32497 7.889 5.29264 5.78471 5.31088 5.23193 5.08292 5.03435 4.71835 4.7184 6.26955 5.6518 8.13841 4.64665 5.68722 5.3843 5.17599 5.932 4.64655 4.59013 4.56417 4.55213 8.82249 7.55433 4.90401 4.54294 4.53112 4.49556 4.42585 4.40364 4.63675 4.39258
threshold=0.8000000000000026 59.500000000000007 53.050000000000004 96.875000000000014 28.525000000000002 157.25000000000003 0.25881904510252057 26.350000000000005 -2.4789207596692351 8.8291495629105174 1.5000000000000002 -11.054803114112481 1.8350000000000002 -0.66259481767468265 312.50000000000006 14.174653670722625 14.850000000000003 40.525000000000006 37.025000000000006 18.550000000000004 32.650000000000013 64.65000000000002 -4.1839692616091275 9534.7500000000018 0.78257835753184668 33.500000000000007 67.550000000000011 5.5000000000000009 -487.49999999999994 0.78656609248549303 -0.73724926354828213 13.814260479298996 11.566456247189537 153.75000000000003 -5.1999999999999966 -41.874999999999986 19.050000000000004 73.808333333333351 94.500000000000014 15.550000000000002 0.78656609248549303 26.500000000000004 -5.407151639431456 13.293329468144124 168.25000000000003 546.25000000000011 313.25000000000006 0.45000000000000007 128.25000000000003 -0.50751903745502724 35.95000000000001 15.950000000000001 11.500000000000002 8.2854521780118944 21.750000000000004 0.77159520228797462 17.050000000000004 35.750000000000007 -5236.2499999999991 7.5000000000000009 -12684.249999999998 0.49240481012316861 4962.5000000000009
decision_type=8 2 8 2 10 2 2 2 2 2 2 2 2 2 2 2 2 10 2 10 2 2 2 2 2 2 8 2 2 2 2 2 2 10 2 10 10 8 2 8 2 2 2 2 10 8 10 2 8 2 2 2 2 2 2 2 8 2 2 2 2 2 2
left_child=1 2 6 60 28 7 15 8 16 10 11 12 37 38 -15 21 -2 18 58 -18 44 57 33 31 -25 -26 -19 -27 29 -5 -31 -11 -33 -13 35 -35 -32 -4 -10 -6 42 -42 43 -41 47 -46 -47 -7 -49 -43 -24 56 55 -54 -55 -12 -20 -1 -9 -44 -3 -62 -23
right_child=5 3 9 4 39 20 -8 17 13 23 52 22 -14 14 -16 -17 19 26 51 -21 -22 62 50 24 25 27 -28 -29 -30 30 36 32 -34 34 -36 -37 -38 -39 -40 40 41 49 59 -45 45 46 -48 48 -50 -51 -52 -53 53 54 -56 -57 -58 -59 -60 -61 61 -63 -64
leaf_value=0.095313933538074491 0.30349334872510564 0.54494190989328828 -0.61618874745459573 -0.011787038115222038 0.064762521734585604 -0.35870051896704214 0.37615506096685875 0.055174138310503842 0.28046347452760645 0.27889895335581499 0.13850504658272514 -0.10771870429392105 0.35721730609044194 0.093860021842929311 -0.15430701421267945 -0.0061693535104305978 -0.13711857733393629 0.04745203639202096 -0.18610364987244665 0.013520778353539129 -3.629221422716137 -0.081392068933384187 0.07365515964742464 0.053293795396116332 0.2767000864690034 -0.41253487597389615 -0.014098663031760323 0.0069555543391994134 0.056033610275154057 -0.48272241437130492 -0.14921981689233196 -0.037529362727638522 -1.5799865896349328 -1.1341489249014536 -0.88865534255922951 -2.5644215674486368 -0.42297184328716919 -0.27735642833032353 -0.42612619125510182 -0.058576236488353306 -0.3139709320745111 0.12944820914268759 -0.046238821611428851 -0.31103961271951919 0.23038984445842023 -0.10721126991206241 -1.5270204783965096 -1.2679029090308718 -3.2619894627923309 -0.012482500270174434 -0.14973123462107624 -0.20235293151834483 -0.3863369127698858 0.15716765364983218 -3.1559774704150501 -0.019713298463808541 -0.041685762492753776 0.25303927798433512 -0.0064552536365480809 0.062264466634668031 0.06955454605981419 0.21504585058761083 -0.36699612437706719
leaf_weight=19728 5693 1149 964 1204 8729 12633 12284 13148 11280 15408 19170 2076 272 24396 1753 8377 6287 56482 2238 25872 44 2365 4624 5755 367 526 38773 242 27993 27 132 1697 76 152 719 25 24 411 240 23074 213 5264 17170 928 7976 16638 2068 83 59 9988 712 6438 1199 22 40 9040 18626 7763 43800 11053 25417 10933 21
leaf_count=19728 5693 1149 964 1204 8729 12633 12284 13148 11280 15408 19170 2076 272 24396 1753 8377 6287 56482 2238 25872 44 2365 4624 5755 367 526 38773 242 27993 27 132 1697 76 152 719 25 24 411 240 23074 213 5264 17170 928 7976 16638 2068 83 59 9988 712 6438 1199 22 40 9040 18626 7763 43800 11053 25417 10933 21
internal_value=0.000321277 0.000596562 0.000953874 0.000312217 5.47739e-05 8.07568e-05 0.00153528 0.000184413 0.000603872 0.000491126 7.93894e-05 -0.00123807 -0.00450212 0.00114139 0.000690084 0.00118602 6.89529e-05 7.93868e-06 -0.000309792 -0.000205386 -0.000588466 0.00153245 -0.000590996 0.00116551 -2.90274e-05 -0.00323789 0.000288961 -0.00613281 0.000854323 -0.00217376 -0.0146721 0.00164455 -0.000950366 -0.00233513 -0.00554687 -0.0136441 -0.0110256 -0.00598182 0.0021658 -0.00025262 -0.000393706 0.000373424 -0.000620871 -0.0011849 -0.000568087 -0.000192639 -0.000669304 -0.00135225 -0.0108451 0.000492395 0.000380435 -0.0012065 0.000524414 -0.00241475 -0.0208065 0.000655796 -0.000847392 0.0017353 0.00012011 -0.000141197 0.00103856 0.000942229 -0.000804694
internal_weight=551860 257333 114035 143298 105799 294527 50538 255026 75521 63497 39426 9955 1647 37669 26149 38254 37852 179505 84250 32159 39501 29877 8308 24071 6890 1135 95255 768 29380 1387 183 17181 1773 2972 896 177 156 1375 11520 76419 67690 15465 52225 24002 39457 26682 18706 12775 142 15252 5336 27302 29471 1261 62 28210 20864 27491 56948 28223 37499 36350 2386
internal_count=551860 257333 114035 143298 105799 294527 50538 255026 75521 63497 39426 9955 1647 37669 26149 38254 37852 179505 84250 32159 39501 29877 8308 24071 6890 1135 95255 768 29380 1387 183 17181 1773 2972 896 177 156 1375 11520 76419 67690 15465 52225 24002 39457 26682 18706 12775 142 15252 5336 27302 29471 1261 62 28210 20864 27491 56948 28223 37499 36350 2386
is_linear=0
shrinkage=0.05


Tree=93
num_leaves=64
num_cat=0
split_feature=8 22 27 0 36 12 11 1 0 23 35 4 31 1 0 40 0 38 23 26 38 36 38 14 24 23 38 4 8 7 27 26 30 44 23 42 5 38 11 1 32 9 19 27 37 37 11 33 2 14 14 18 36 22 41 17 2 36 23 0 5 28 8
split_gain=13.3678 9.65975 10.9879 10.0908 8.95868 8.15145 7.65884 7.64277 7.04579 7.17666 8.73492 6.68434 5.92007 5.66895 11.6026 5.64091 5.58565 5.4956 5.46275 7.97079 6.60138 5.45895 5.45458 8.5865 5.17204 5.06894 5.12078 5.05043 4.9333 5.58463 5.19078 7.70981 4.90577 7.57918 7.22005 10.7685 6.70979 5.0897 7.66459 5.37168 7.38263 5.1932 5.16407 4.88004 5.26172 5.93875 7.33999 9.63858 5.2874 6.6444 7.35941 6.08545 7.50069 6.35927 5.53041 5.22317 5.77407 10.9096 4.91662 9.42878 5.24343 4.91171 6.10271
threshold=0.8000000000000026 62.500000000000007 57.050000000000004 8.0100000000000016 96.875000000000014 0.25881904510252057 0.12940952255126045 3.0150000000000001 157.25000000000003 26.050000000000004 -0.10452846326765344 29.050000000000004 14.004752441073308 38.525000000000006 37.025000000000006 986.6500000000002 208.75000000000003 35.45000000000001 30.150000000000002 39147.000000000007 30.050000000000004 52.500000000000007 29.650000000000002 7.5000000000000009 3.1500000000000008 22.950000000000003 24.350000000000005 38.525000000000006 -51.694999999999986 269.87022727272733 308.50000000000006 460.75000000000006 1.5000000000000002 -2600.2499999999995 31.050000000000004 -3.6999999999999971 21.750000000000004 34.95000000000001 -0.70710678118654735 20.550000000000004 9.3261652939940287 61.250000000000007 0.97625883275952063 36.550000000000004 6.5000000000000009 51.500000000000007 -0.70710678118654735 9.5500000000000025 38.525000000000006 3.5000000000000004 4.5000000000000009 6.8500000000000005 1342.5000000000002 49.500000000000007 5626.2500000000009 11.853488497216714 138.25000000000003 462.50000000000006 38.650000000000013 60.025000000000006 25.050000000000004 6.6200000000000019 39.015000000000008
decision_type=8 2 8 2 2 2 2 8 2 2 2 10 2 10 2 2 2 2 2 2 2 2 2 2 2 2 2 10 10 8 10 2 2 2 2 2 10 2 2 10 2 10 2 8 2 2 2 2 8 2 2 2 2 2 2 2 8 2 2 2 10 2 10
left_child=1 2 5 -3 28 12 16 -6 9 10 -2 22 17 14 -11 -12 -4 18 19 -1 -20 -17 23 24 -9 -8 -27 -21 -5 -30 -31 -32 36 -34 -35 -36 -13 39 -39 40 41 -38 -42 -15 -45 48 47 58 -46 51 -51 52 -50 -53 -54 -48 -57 -58 60 -60 -47 -49 -63
right_child=8 3 6 4 7 -7 25 11 -10 13 15 32 -14 43 -16 21 -18 -19 20 27 -22 -23 -24 -25 -26 26 -28 -29 29 30 31 -33 33 34 35 -37 37 38 -40 -41 42 -43 -44 44 45 46 55 61 49 50 -52 53 54 -55 -56 56 57 -59 59 -61 -62 62 -64
leaf_value=0.22057363307610697 0.15631870385967375 0.1507007358119658 0.014653173188534008 0.44406506271602625 -0.42592829355694228 0.33015189831529723 0.38940229123664416 -0.053975122944909727 -0.15355021890625695 0.0047082783231799609 -0.031417961703240425 -0.067720606371546629 -0.0068734671364719504 0.070625436050045745 -0.098227965365931563 0.35920146593240743 -0.92835048031710932 0.21659905612021313 -0.10227018395469263 0.0071069865047730706 0.068349139989061364 0.034506764333161223 0.08745772468023362 0.053146804456076405 -0.22943757895865949 -0.1446614202588474 0.11903066714358841 -0.39514612173721342 0.064261010609498098 -0.63507124146307126 -0.3085764018390843 -1.4782121000173278 0.21358990408256362 -0.091091852941448226 -0.76674015269134432 -0.28486678881491367 0.052197781728618178 -0.3915485803415707 -0.029285643377504913 0.039998884219141551 -0.075063801133374464 -0.11159946119676563 -0.2569112493331932 -0.30941393528687611 -0.10129807505644782 -0.51076158228155755 0.014004936014098491 -0.019609602529047771 0.02188047392926536 0.28189412229189797 0.034676845659531198 0.018467769126322985 -0.8369290987287713 -0.59189242821778731 -0.40751577125550154 -0.09539054098245181 -0.12258257778791724 -1.1073091813338563 -0.60609257181299725 -0.25393862240102272 -0.11180525265385122 -0.049460810402715105 -0.6467046786300511
leaf_weight=8055 24849 7988 38805 8915 565 15347 7932 5180 39501 57685 21741 11961 9441 25228 24506 4873 1854 9845 3254 359 13217 17445 9617 9271 168 2394 13748 284 23796 662 48 31 2041 10552 81 794 4503 103 199 32573 870 2531 349 551 4022 572 25952 4266 587 11885 20778 4851 30 100 680 2633 160 49 43 94 1236 121 89
leaf_count=8055 24849 7988 38805 8915 565 15347 7932 5180 39501 57685 21741 11961 9441 25228 24506 4873 1854 9845 3254 359 13217 17445 9617 9271 168 2394 13748 284 23796 662 48 31 2041 10552 81 794 4503 103 199 32573 870 2531 349 551 4022 572 25952 4266 587 11885 20778 4851 30 100 680 2633 160 49 43 94 1236 121 89
internal_value=0.000312308 0.000575577 0.000891918 0.00027892 0.000168657 0.00138056 0.000440502 -8.76769e-05 8.22847e-05 0.000178531 0.000614443 -5.16007e-05 0.00103757 1.71398e-05 -0.000293158 0.000191675 2.20125e-05 0.00133718 0.000945409 0.00195907 0.000410115 0.000750067 0.00065935 5.09613e-05 -0.0015445 0.0011473 0.000638707 -0.00339813 0.000868708 0.00050271 -0.00377193 -0.0158861 -0.000310486 -0.00116276 -0.00166404 -0.00602857 -9.42755e-05 0.00020886 -0.00625828 0.000256699 -0.000882709 -0.000260165 -0.00447498 0.00026254 6.85525e-05 0.000102882 -0.00037839 -0.00190702 0.000497636 0.00067603 0.000961792 -0.000817862 -0.00386661 -1.91879e-05 -0.00732394 -3.75076e-05 -0.00207248 -0.0100718 -0.00484576 -0.0139781 -0.00415376 -0.000630027 -0.00809524
internal_weight=551860 257333 124535 132798 124810 59802 64733 91358 294527 255026 68908 90793 44455 186118 82191 44059 40659 35014 25169 8698 16471 22318 24236 14619 5348 24074 16142 643 33452 24537 741 79 66557 13468 11427 875 53089 41128 302 40826 8253 7034 1219 103927 78699 78148 35215 6421 42933 38911 32663 6248 1297 4951 710 28794 2842 209 1945 137 1808 4476 210
internal_count=551860 257333 124535 132798 124810 59802 64733 91358 294527 255026 68908 90793 44455 186118 82191 44059 40659 35014 25169 8698 16471 22318 24236 14619 5348 24074 16142 643 33452 24537 741 79 66557 13468 11427 875 53089 41128 302 40826 8253 7034 1219 103927 78699 78148 35215 6421 42933 38911 32663 6248 1297 4951 710 28794 2842 209 1945 137 1808 4476 210
is_linear=0
shrinkage=0.05


Tree=94
num_leaves=64
num_cat=0
split_feature=45 10 42 17 27 40 0 40 0 42 5 25 31 33 30 40 21 13 38 11 40 32 37 14 23 0 22 10 0 26 0 35 14 13 17 11 21 26 35 14 38 19 40 12 22 19 13 35 38 22 26 37 26 16 44 23 13 11 22 16 31 29 10
split_gain=13.3809 14.4321 13.4648 14.1309 11.5482 11.1221 9.319 10.6517 9.2684 9.10176 8.6431 8.19191 9.5453 9.48083 9.47996 8.12541 8.80367 8.02028 7.83965 10.6083 11.23 11.6945 9.55322 9.84697 9.42125 9.19852 7.93819 8.11682 7.74329 7.56927 7.48044 7.28448 7.18396 7.00812 6.89142 8.23583 8.10199 7.75687 9.1841 7.81982 10.2482 12.7807 7.2765 8.35694 8.08057 6.79386 6.6857 6.49872 6.46705 6.42029 7.36543 6.35236 16.6755 11.0568 6.69448 6.2648 10.2909 14.32 6.17475 6.1594 6.14482 7.09267 6.11273
threshold=1.5000000000000002 23.325000000000006 -4.7999999999999972 6.7985025888127177 14.550000000000002 985.85000000000002 32.050000000000004 997.05000000000007 69.825000000000017 4.9000000000000021 43.550000000000004 979.6500000000002 -13.578612785453737 5.8500000000000005 9.5000000000000018 981.75000000000011 120.62500000000001 3.5000000000000004 28.050000000000004 -0.9159756150367534 977.75000000000011 -2.4789207596692351 72.500000000000014 5.5000000000000009 26.350000000000005 692.00000000000011 15.500000000000002 110.02500000000002 63.725000000000009 1794.2500000000002 208.75000000000003 0.82409480842201688 3.5000000000000004 4.5000000000000009 4.1937205696157092 0.37940952255126054 3232.5000000000005 24156.500000000004 -0.10452846326765344 7.5000000000000009 36.050000000000004 0.93038214053199464 988.55000000000007 -0.78656609248549325 71.500000000000014 -0.31729257441605213 5.5000000000000009 -0.63605400036818849 9.2500000000000018 51.500000000000007 900.50000000000011 35.500000000000007 1960.5000000000002 3.761564072082026 562.75000000000011 30.650000000000002 3.5000000000000004 0.78656609248549325 63.500000000000007 9.8219965792408441 -20.582981804668908 14.927151915119246 66.425000000000026
decision_type=2 8 2 2 8 2 2 2 2 2 10 2 2 2 2 2 2 2 2 2 2 2 2 2 2 2 2 10 2 2 2 2 2 2 2 2 2 2 2 2 2 2 2 2 2 2 2 2 2 2 2 2 2 2 2 2 2 2 2 2 2 2 10
left_child=2 6 3 5 -4 8 -2 9 10 -8 62 13 15 59 -14 16 -13 -18 19 26 -21 60 30 29 -20 31 27 -6 -19 58 -23 34 45 -7 35 36 37 38 39 40 41 42 43 44 46 -10 -26 55 -25 50 -50 52 53 -45 -55 -15 57 -57 -24 -5 61 -22 -1
right_child=1 -3 4 11 18 33 7 -9 32 -11 -12 12 14 47 -16 -17 17 28 24 20 21 22 23 48 25 -27 -28 -29 -30 -31 -32 -33 -34 -35 -36 -37 -38 -39 -40 -41 -42 -43 -44 51 -46 -47 -48 -49 49 -51 -52 -53 -54 54 -56 56 -58 -59 -60 -61 -62 -63 -64
leaf_value=0.046030789980195427 -0.021127791214409823 0.040978630088297496 0.098035661116163242 -0.063466801155670466 -0.3096807087809868 0.19321490236795189 -0.58151410927545177 0.043275332874598976 -0.17139885340751901 -0.14879474562086489 0.19401569216907397 -1.3439740864206353 -0.19684836666149022 0.016434484072055482 0.27979849628426401 0.049470913919710063 0.060288968738625416 -0.83239145483795962 0.21744416733821442 -0.040878234595087687 -0.1908862274979724 0.23565400570673592 -0.68205967617029772 -2.6665400373142578 -0.25658344839914488 -6.1095260236121334 -0.12049000423267167 -0.69717183607754485 -0.4013864321853009 0.10728382461610786 -0.20687893017316689 0.13825433462428469 0.022857993940243779 0.50339447607513754 0.054594574676796674 0.06625711378110026 0.20750251318722485 -0.077542707336435937 0.026039357381731701 0.063595567639701076 0.1001130542796148 0.0051832799472279591 0.5242064052666483 -0.45171618120317475 0.11464664722441742 -0.91530275581003373 0.19802051612456489 0.12704758083567602 -0.41886501165040119 0.080313146245332104 -4.2195182688242898 -0.068060235083935647 -0.0035289977171685453 -1.720356635094741 -1.3279159998992645 -0.21677033463921724 -0.059258196322834834 -0.88239133276024284 -0.25103506492946825 -0.35329893399281476 -0.013538939380803498 -0.46713836054860336 -0.19280486998297386
leaf_weight=40261 6949 17776 19726 4689 174 19506 4712 2116 2343 2093 23310 20 7823 4071 2386 242 160 146 6955 37703 536 23422 818 230 3662 131 14994 26 216 1960 4096 14377 10684 9531 51008 23431 3448 10653 38803 6266 3870 8208 469 761 485 835 345 13145 44 18266 26 7495 1205 113 227 226 730 65 4162 312 67251 200 1967
leaf_count=40261 6949 17776 19726 4689 174 19506 4712 2116 2343 2093 23310 20 7823 4071 2386 242 160 146 6955 37703 536 23422 818 230 3662 131 14994 26 216 1960 4096 14377 10684 9531 51008 23431 3448 10653 38803 6266 3870 8208 469 761 485 835 345 13145 44 18266 26 7495 1205 113 227 226 730 65 4162 312 67251 200 1967
internal_value=0.000307325 -0.000658919 0.00037006 0.000783568 0.00021297 0.00106315 -0.00175488 -0.00282423 0.000756927 -0.00378766 0.00100537 -0.0001021 -0.00122669 0.000429899 -0.000818395 -0.00654337 -0.00994465 -0.00869732 0.000147687 -9.23475e-05 2.84791e-05 0.000263241 0.000819818 0.000122716 0.000377161 0.000305418 -0.00135448 -0.01125 -0.0128177 -0.00148415 0.00146595 0.000315342 -0.000417688 0.00190051 0.00021873 -4.97967e-06 -0.000231368 -0.000330539 -0.000144001 -0.000755754 -0.00112705 -0.00152808 -0.00240753 -0.00260862 -0.00439448 -0.00250472 -0.00513227 0.000958765 0.000723365 0.00082788 -0.0142857 -0.00179012 -0.004085 -0.00853315 -0.0160294 -0.000557737 -0.00405975 -0.0120103 -0.00252008 -0.0014987 -0.000170841 -0.00471467 0.000578763
internal_weight=551860 33646 518214 142668 375546 108437 15870 8921 79400 6805 65538 34231 10993 23238 10209 784 542 522 355820 173908 158714 121011 53024 25506 181912 174957 15194 200 362 6940 27518 174826 13862 29037 160449 109441 86010 82562 71909 33106 26840 22970 14762 14293 4492 3178 4007 18237 18566 18336 70 9801 2306 1101 340 5092 1021 291 4980 5001 67987 736 42228
internal_count=551860 33646 518214 142668 375546 108437 15870 8921 79400 6805 65538 34231 10993 23238 10209 784 542 522 355820 173908 158714 121011 53024 25506 181912 174957 15194 200 362 6940 27518 174826 13862 29037 160449 109441 86010 82562 71909 33106 26840 22970 14762 14293 4492 3178 4007 18237 18566 18336 70 9801 2306 1101 340 5092 1021 291 4980 5001 67987 736 42228
is_linear=0
shrinkage=0.05


Tree=95
num_leaves=64
num_cat=0
split_feature=8 22 13 28 38 9 23 23 23 0 4 23 4 1 43 23 45 11 31 22 18 7 28 17 11 15 13 38 25 3 9 31 3 18 41 23 0 1 1 29 32 36 17 33 38 23 42 28 31 13 27 42 17 38 41 7 10 0 26 38 16 17 0
split_gain=12.2647 9.34771 11.4562 10.2584 8.63109 8.60981 10.1587 8.25733 7.10685 6.34581 6.98368 6.1718 6.09503 6.97988 5.893 5.85727 8.25563 5.74424 10.1487 8.07401 10.0679 5.91973 5.86288 5.70902 5.66718 9.06036 9.15614 7.64592 7.34465 5.91525 6.30045 5.5925 7.85198 5.53254 5.42115 5.30513 5.21223 6.77803 6.4737 7.63348 11.1466 8.68129 10.0265 9.20114 5.96173 7.12418 5.56863 7.79012 6.46852 5.56425 5.43656 5.09107 5.07608 5.00583 5.24568 6.43551 4.98441 4.88733 4.84744 7.10891 4.98271 4.84916 4.79836
threshold=0.8000000000000026 62.500000000000007 4.5000000000000009 17.270000000000007 35.750000000000007 54.550000000000004 15.850000000000003 35.050000000000004 11.550000000000002 561.75000000000011 76.850000000000023 19.850000000000005 68.625000000000014 12.65 -167.49999999999997 31.650000000000002 1.5000000000000002 -0.9159756150367534 0.70710678118654768 19.500000000000004 20.750000000000004 95.307291666666671 0.46500000000000002 -13.330794159369754 -0.60355339059327362 1.0000000180025095e-35 1.0000000180025095e-35 38.350000000000001 970.45000000000016 17.050000000000004 122.25000000000001 12.304149708010485 483.50000000000006 20.850000000000005 33465.250000000007 41.650000000000013 116.25000000000001 131.25000000000003 78.02500000000002 35.3957653837846 8.3324246518880454 317.50000000000006 7.1045690058709052 3.8500000000000001 28.050000000000004 30.750000000000004 6.0500000000000007 0.58500000000000008 14.366307529316794 5.5000000000000009 65.050000000000011 6.9000000000000021 11.400064878993627 13.950000000000001 3160.2500000000005 469.43977272727278 86.02500000000002 12.65 23613.750000000004 30.750000000000004 13.99893386609474 7.7825574927836261 8.0100000000000016
decision_type=8 2 2 2 2 10 2 2 2 2 8 2 10 8 2 2 2 2 2 2 2 10 2 2 2 2 2 2 2 8 8 2 10 2 2 2 2 10 10 2 2 2 2 2 2 2 2 2 2 2 10 2 2 2 2 10 10 2 2 2 2 2 2
left_child=1 2 3 4 7 62 -7 17 -4 24 11 -11 13 57 -14 51 34 18 -1 20 56 -21 -22 -19 25 27 -27 31 -26 30 -28 35 -33 -18 -17 -2 38 -38 39 41 49 42 -30 -44 52 -46 47 -47 -49 -41 -39 -10 -43 54 55 -12 -20 -8 59 60 -25 -61 -3
right_child=9 5 8 -5 -6 6 12 -9 15 10 53 -13 14 -15 -16 16 33 23 19 21 22 -23 -24 58 28 26 29 -29 36 -31 -32 32 -34 -35 -36 -37 37 50 -40 40 -42 44 43 -45 45 46 -48 48 -50 -51 -52 -53 -54 -55 -56 -57 -58 -59 -60 61 -62 -63 -64
leaf_value=0.10097222449852539 -0.0012566267660136443 0.14751877656300769 -1.9950806436842645 0.25325562870265611 0.13877547771081142 0.30477593355531613 0.042803154043658129 -0.1041615720352233 0.27737972975990915 -7.3489060743381858 -0.16470322300040657 -6.7153334643871023 0.15036689085397281 0.010066954159309359 -0.13685222438792963 0.13664771793455913 -0.14847306159525198 0.20169206844195001 -0.050486494562053674 0.0024272670622694972 -0.32201159615791142 -0.40593017566742323 -0.60609704731219327 -0.027142421862513418 -0.10512401556589852 0.46197897922281994 -0.26406002478380269 0.19983322207278228 0.11512361308834647 -0.23482208300150426 -0.57919234403263509 -0.082362320011628021 -7.6859971036806121 -0.62918732290902557 -0.051037198042826887 -0.25613477225580294 -0.2122709756514396 -0.066035456209705121 0.12718994667139114 -0.048612528013343745 -0.26569721811054442 -0.074434405804913298 -0.2375628564551521 -0.0023519542792514729 0.070831029751878091 -0.063305652944075683 0.053697215168446888 0.13875129543777059 -0.13037198649683454 0.28147626773858425 0.21849563098550548 0.034000488845157432 0.14549601798115699 -0.60079733058590035 -3.0579657415165022 -5.4957552677491588 -0.45677022980114251 -0.21493354504653672 -0.068334802181708384 0.096839112422376319 0.18967401655258728 0.53922809633258895 0.038129228188901743
leaf_weight=4645 56679 7201 22 9775 11514 6203 775 6113 19378 23 149 155 2643 43338 16810 11727 711 6693 595 3588 84 2208 124 21788 4859 543 130 4071 41220 3243 40 12865 41 130 2254 264 15436 21659 33196 8467 2489 13310 515 14658 16331 15514 8379 3806 535 1335 11800 3525 1047 1682 28 58 159 1965 3306 9102 5123 1971 53863
leaf_count=4645 56679 7201 22 9775 11514 6203 775 6113 19378 23 149 155 2643 43338 16810 11727 711 6693 595 3588 84 2208 124 21788 4859 543 130 4071 41220 3243 40 12865 41 130 2254 264 15436 21659 33196 8467 2489 13310 515 14658 16331 15514 8379 3806 535 1335 11800 3525 1047 1682 28 58 159 1965 3306 9102 5123 1971 53863
internal_value=0.000301254 0.000553427 0.000864617 0.000548348 0.000354681 0.000261601 -0.00010985 0.00013275 0.00159178 8.09266e-05 -0.0026611 -0.0121348 -0.000292915 2.04004e-05 -0.00103506 0.00160835 0.000833896 0.000312869 -0.000695869 -0.00193252 -0.00617464 -0.00122843 -0.0159135 0.000552592 0.000100571 -0.00026478 -0.00259606 -0.000140016 0.000233179 -0.00355552 -0.0126471 -0.000262781 -0.00120254 -0.00397741 0.00112331 -4.97864e-05 0.00027771 -0.000174353 0.000415169 0.000253358 -0.000931169 0.000379613 0.000823063 -0.000275819 -4.48048e-05 0.00024066 -0.000240136 -0.000696298 0.001176 -0.000172414 0.0002255 0.00210955 -0.000930905 -0.00178143 -0.00861702 -0.00586956 -0.00348806 -0.00242701 0.000333011 0.000492839 5.40673e-05 0.0015592 0.000697956
internal_weight=551860 257333 124535 86788 77013 132798 71734 65499 37747 294527 2095 178 65531 46078 19453 37725 14822 59386 11403 6758 962 5796 208 47983 292432 77876 3956 73920 214556 3413 170 69849 12906 841 13981 56943 209697 48895 160802 127606 12291 115315 56393 15173 58922 44565 28234 19855 4341 9802 33459 22903 14357 1917 235 207 754 2740 41290 37984 26911 11073 61064
internal_count=551860 257333 124535 86788 77013 132798 71734 65499 37747 294527 2095 178 65531 46078 19453 37725 14822 59386 11403 6758 962 5796 208 47983 292432 77876 3956 73920 214556 3413 170 69849 12906 841 13981 56943 209697 48895 160802 127606 12291 115315 56393 15173 58922 44565 28234 19855 4341 9802 33459 22903 14357 1917 235 207 754 2740 41290 37984 26911 11073 61064
is_linear=0
shrinkage=0.05


Tree=96
num_leaves=64
num_cat=0
split_feature=27 16 23 31 22 29 37 22 11 31 25 10 43 0 29 35 13 17 38 23 14 37 35 14 32 21 27 13 13 14 16 23 3 14 5 21 22 3 39 29 7 25 19 12 16 15 25 23 9 31 28 43 20 37 38 23 26 0 22 15 37 43 32
split_gain=11.8671 11.4201 13.3703 10.6485 12.6294 14.8258 9.10303 11.62 10.3448 12.1131 10.4889 9.74481 9.0651 9.06359 8.89758 8.82292 8.7261 9.87527 8.5145 10.6246 11.0373 9.76745 9.41271 8.482 8.45208 8.21644 7.78831 7.7339 8.35179 12.8365 9.20775 10.8946 9.24686 7.73032 7.66782 7.49984 9.35375 8.04522 7.3377 7.28256 7.19089 7.17514 7.17105 6.99662 7.08439 6.86553 9.9931 10.5032 6.83089 6.74437 6.70057 6.96726 6.86698 6.66646 7.5082 6.48246 6.38985 6.3826 6.37625 6.30699 6.3057 6.28171 6.27625
threshold=24.350000000000005 13.448460418735783 19.450000000000003 4.3351556671675544 50.500000000000007 0.40858951810231853 71.500000000000014 44.500000000000007 -1.0000000180025095e-35 5.5889732558055334 971.05000000000007 171.25000000000003 1972.5000000000002 122.25000000000001 11.443402393208748 -0.67556448321067808 3.5000000000000004 -2.7664340952968498 38.350000000000001 34.45000000000001 3.5000000000000004 36.500000000000007 0.49240481012316878 6.5000000000000009 -11.803723063378948 72.500000000000014 283.25000000000006 1.5000000000000002 4.5000000000000009 5.5000000000000009 17.014476433719839 24.450000000000003 68.725000000000009 7.5000000000000009 21.750000000000004 57.500000000000007 69.500000000000014 24.025000000000002 1.0000000180025095e-35 95.880698278289188 401.09915178571435 993.25000000000011 -0.55191596924288666 0.1294095225512602 -16.421782137045096 1.0000000180025095e-35 975.85000000000002 33.050000000000004 433.25000000000006 -0.34793275240016336 7.9900000000000011 312.50000000000006 -0.64942331933852315 40.500000000000007 24.250000000000004 26.050000000000004 47705.750000000007 9.0050000000000008 48.500000000000007 1.0000000180025095e-35 31.500000000000004 -207.49999999999997 0.75953199500957391
decision_type=8 2 2 2 2 2 2 2 2 2 2 8 2 2 2 2 2 2 2 2 2 2 2 2 2 2 10 2 2 2 2 2 8 2 8 2 2 10 2 2 10 2 2 2 2 2 2 2 8 2 2 2 2 2 2 2 2 2 2 2 2 2 2
left_child=23 6 24 4 12 -6 8 43 9 16 -10 33 -4 14 15 34 18 -18 19 20 22 -21 -2 -1 49 38 -22 -5 29 30 42 -32 -33 45 -11 36 37 53 -26 58 -19 -7 -29 -8 62 -9 47 -47 -13 -3 51 -48 -52 54 -12 -38 -14 -25 -16 -41 -37 -15 -45
right_child=1 2 3 27 5 41 7 11 10 13 35 48 56 61 39 -17 17 40 -20 21 26 -23 -24 57 25 -27 -28 28 -30 -31 31 32 -34 -35 -36 60 55 -39 -40 59 -42 -43 -44 44 -46 46 50 -49 -50 -51 52 -53 -54 -55 -56 -57 -58 -59 -60 -61 -62 -63 -64
leaf_value=0.12818695170636557 0.026462886092936261 -0.50997596910348209 0.2448324730027224 0.055207807934809811 0.085286260837226568 -0.21713535507008563 -0.070779754078504384 -0.043540715257493007 -0.21777304635075639 -0.22005762059855105 -0.59717934770243841 -0.078855430339002122 -0.093209210171151649 -0.95818164556451224 -0.10263023525811894 0.020286651842994718 0.24396408802195008 0.01770173664836398 0.40962349073799409 0.10801296657636278 0.070250038721206762 -0.15893147009733613 -0.31520893026818042 0.13340038686522374 0.09067171754619241 0.79182033421674847 -1.856713176581664 -0.073696478605650803 0.029877228921753048 0.038549816385381949 -0.10569472692292883 -0.45344669258226844 -0.22798949572371155 0.0098112180763542459 -0.10393489375311349 0.18052093426758822 -0.14166029757832252 0.19448192984606508 -2.9295642963036941 -0.052968824050862166 -2.9405615334522426 -1.0871666804665898 -1.617491024288398 -0.77188621042765904 -0.31886628982227821 -0.38079340160263792 0.048320445819479009 -0.069559174680760685 0.15954476197205322 0.089874344039376164 -0.45206143656620229 -1.4966792915128864 -0.9694961255860739 0.044692426626772169 -0.086431870373465711 -0.29976249960097168 -0.33978708654931333 0.020667119778565706 -0.2755454648573652 0.44231835043175488 0.064569442917962405 -0.41578718554513983 -1.4364953951734387
leaf_weight=25807 3395 572 18264 10619 3371 1838 1677 63946 2241 264 603 2848 212 782 6384 27030 16126 16243 2164 2759 25128 6735 4264 6870 2874 11109 471 3783 7241 4962 1622 1270 1392 57654 694 20271 5317 10362 31 2847 69 81 38 97 1267 687 1969 463 10470 4499 91 151 57 1376 643 969 142 60839 2008 949 76117 6781 55
leaf_count=25807 3395 572 18264 10619 3371 1838 1677 63946 2241 264 603 2848 212 782 6384 27030 16126 16243 2164 2759 25128 6735 4264 6870 2874 11109 471 3783 7241 4962 1622 1270 1392 57654 694 20271 5317 10362 31 2847 69 81 38 97 1267 687 1969 463 10470 4499 91 151 57 1376 643 969 142 60839 2008 949 76117 6781 55
internal_value=0.000293825 0.000189094 0.000758252 0.000361539 0.00115401 -0.00100189 7.96518e-05 -0.000239267 0.000265276 -5.14415e-05 0.00060132 -0.000171466 0.00176657 -0.000677748 -0.000378833 0.000112191 0.000335083 0.000959985 -0.000116217 -0.000271098 0.000150039 -0.00174637 -0.00151521 0.000807135 0.00189809 0.00253104 0.000648268 -0.000251075 -0.000822828 -0.00157764 -0.00280382 -0.00439542 -0.00636364 -0.000308435 -0.00460334 0.000666967 -0.000233523 0.000532964 0.000163511 -0.0015064 9.25701e-05 -0.00451016 -0.00101937 -0.00326873 -0.00585271 -0.000672169 -0.00285547 -0.00665217 0.00111428 0.000148886 -0.000930335 -0.000212264 -0.0112162 -0.00194127 -0.00459069 -0.00181674 -0.00615819 0.000513152 -0.00232841 0.000310854 0.000846994 -0.00226564 -0.0160526
internal_weight=551860 458344 73920 54835 23908 5290 384424 141432 242992 125093 117899 138336 18618 47739 40176 27988 77354 32438 44916 42752 33258 9494 7659 93516 19085 14014 25599 30927 20308 13067 8105 4284 2662 125018 958 115658 19270 12984 2905 12188 16312 1919 3821 3096 1419 67364 3418 1150 13318 5071 2268 2120 148 2622 1246 6286 354 67709 8392 3796 96388 7563 152
internal_count=551860 458344 73920 54835 23908 5290 384424 141432 242992 125093 117899 138336 18618 47739 40176 27988 77354 32438 44916 42752 33258 9494 7659 93516 19085 14014 25599 30927 20308 13067 8105 4284 2662 125018 958 115658 19270 12984 2905 12188 16312 1919 3821 3096 1419 67364 3418 1150 13318 5071 2268 2120 148 2622 1246 6286 354 67709 8392 3796 96388 7563 152
is_linear=0
shrinkage=0.05


Tree=97
num_leaves=64
num_cat=0
split_feature=8 22 13 28 14 23 14 41 35 20 26 12 4 26 29 32 19 33 44 36 14 0 4 23 44 38 37 38 41 29 37 13 7 31 21 12 22 17 44 13 23 18 31 4 29 44 14 1 2 23 43 21 3 33 12 35 10 17 16 38 26 25 43
split_gain=11.849 8.89746 10.1003 9.38465 8.09357 14.0949 8.01813 6.86538 7.51635 7.07345 8.20159 7.68254 7.06662 6.66911 7.96815 7.55932 13.028 6.96872 6.59265 6.2553 6.15372 5.97901 7.08964 6.1718 5.52233 5.45132 5.35072 5.90194 6.74559 8.27436 9.85868 9.56875 12.6148 8.97495 10.0742 8.02172 7.37996 6.88036 7.38969 7.63909 12.4655 7.10207 6.51411 6.20956 5.8462 7.41463 9.48687 8.29182 13.1771 7.9849 7.4537 7.70435 7.97842 5.70199 5.59073 5.48537 5.4608 5.32334 5.2132 12.7725 9.0125 7.18692 5.74837
threshold=0.8000000000000026 62.500000000000007 4.5000000000000009 17.270000000000007 3.5000000000000004 22.950000000000003 8.5000000000000018 2633.0000000000005 0.87032255546191739 -0.39873388578253688 18086.000000000004 0.78656609248549303 28.525000000000002 5664.5000000000009 6.3567296348715123 3.7965491201041548 0.86159635224327558 10.15 21672.000000000004 67.500000000000014 4.5000000000000009 561.75000000000011 76.850000000000023 19.850000000000005 -11338.249999999998 6.8500000000000005 6.5000000000000009 38.350000000000001 4991.2500000000009 80.146998816415746 72.500000000000014 1.5000000000000002 49.446446078431379 -4.9960219855567738 61.250000000000007 0.91597561503675351 44.500000000000007 9.501081856876155 713.00000000000034 3.5000000000000004 18.050000000000004 20.150000000000002 2.4869552898224243 116.25000000000001 0.12972906149513588 -656.99999999999977 2.5000000000000004 121.25000000000001 62.625000000000007 13.15 -322.49999999999994 392.50000000000006 18.550000000000004 9.5500000000000025 -0.78656609248549325 0.99535829673000953 43.725000000000009 -17.003240589964452 -10.230870536914892 23.950000000000003 20093.500000000004 973.85000000000002 96.250000000000014
decision_type=8 2 2 2 2 2 2 2 2 2 2 2 10 2 2 2 2 2 2 2 2 2 8 2 2 2 2 2 2 2 2 2 8 2 2 2 2 2 2 2 2 2 2 10 2 2 2 8 10 2 2 2 8 2 2 2 8 2 2 2 2 2 2
left_child=1 2 3 4 5 24 7 8 9 10 13 -12 -9 14 17 -16 -17 -3 -7 -18 57 26 23 -23 -1 -8 -2 28 29 30 33 -31 -33 -28 -35 -34 -32 41 39 40 -39 54 -37 -29 45 47 49 48 50 -47 -41 52 -52 -50 -38 -43 -44 -4 59 -6 -61 62 -60
right_child=21 6 20 -5 58 18 25 12 -10 -11 11 -13 -14 -15 15 16 19 -19 -20 -21 -22 22 -24 -25 -26 -27 27 43 -30 31 36 32 35 34 -36 42 37 38 -40 44 -42 55 56 -45 -46 46 -48 -49 53 -51 51 -53 -54 -55 -56 -57 -58 -59 61 60 -62 -63 -64
leaf_value=0.34002757166829051 -0.16879842746267359 -0.086607871339476131 -0.077272119256233979 0.23590911376035506 -0.44658840999473431 -0.10633518163185743 -4.8728338498507462 0.033465787709950595 -0.10140618968891527 0.10165150335915413 0.31293957247781079 -0.29322262656403336 -0.042058622167248649 0.30214190175725641 -0.071994573625912564 -0.18670391560636684 0.21871290739952484 0.053453949965460934 0.11000168511592466 -0.99132567458580212 0.090604328188406622 -6.9879352182097207 -1.0794974598696103 -6.381683759848956 0.064440757422632375 0.097963570831468033 0.25623326287479514 0.10368892723189289 -0.015587238111802494 0.32019123157192025 -0.34327340363486902 -0.49438348325438553 0.01356109060982918 -0.11991363535062086 0.088210050251967834 -0.48350800202251998 -0.18052680793220668 -1.6565627054743945 0.16917175507914506 0.438483804218879 0.012581205742959871 0.18055482097489972 -0.15091602439962132 -3.1827148746388936 -0.048199039628827281 -2.6309328366464184 0.086472319605528661 0.37059268060367012 -2.5712938002665267 -5.9719617086865302 -0.35497340518501269 -0.49327208675405071 -0.17367515367310135 -0.57051074573287108 0.010007473187666021 -0.47794197147821693 -1.3783481931300248 0.20117577826750854 -0.1065991476337997 0.074874294101579253 -0.16947329532852975 0.1321792348840794 0.16848216341799349
leaf_weight=1711 837 4880 1192 9775 1425 13003 65 15388 5136 26968 90 210 42094 2232 589 354 25 6602 1108 119 19675 23 1917 155 7171 28046 20969 10982 121223 1812 950 1589 4335 12915 40748 808 1973 304 1828 145 4460 7453 159 24 1120 43 684 262 48 25 378 188 687 61 54918 199 305 16880 4208 9676 1803 34697 2211
leaf_count=1711 837 4880 1192 9775 1425 13003 65 15388 5136 26968 90 210 42094 2232 589 354 25 6602 1108 119 19675 23 1917 155 7171 28046 20969 10982 121223 1812 950 1589 4335 12915 40748 808 1973 304 1828 145 4460 7453 159 24 1120 43 684 262 48 25 378 188 687 61 54918 199 305 16880 4208 9676 1803 34697 2211
internal_value=0.00028866 0.000536523 0.000840125 0.000543163 0.000357927 -0.000427739 0.000251811 5.0484e-05 0.000497299 0.00071775 -0.000148665 -0.00833333 -0.000316447 1.72288e-05 -0.000430026 -0.00452162 -0.00905622 -4.26753e-05 -0.00140989 -0.0217361 0.0015229 7.20988e-05 -0.0025895 -0.0121348 0.00113263 0.00100157 9.11667e-05 0.000102625 5.80745e-05 0.00027189 0.000360074 -0.00120004 -0.00201779 0.000767901 0.000425153 -0.000903335 -4.18613e-05 1.37747e-05 -0.00119076 -0.00181737 -0.00049958 0.000204747 -0.00439465 0.00123842 -0.00354161 -0.00487703 -0.000718085 -0.006645 -0.00807233 -0.0185294 -0.00676681 -0.00800878 -0.0063615 -0.0248165 1.23923e-05 0.00163487 -0.00911638 0.00218902 0.000692336 -0.000184439 0.000369806 0.000967507 -0.000569403
internal_weight=551860 257333 124535 86788 77013 22993 132798 104687 47205 42069 15101 300 57482 14801 12569 1087 498 11482 14111 144 37747 294527 2095 178 8882 28111 292432 291595 280589 159366 150358 9008 7196 74632 53663 5607 75726 74776 10233 8405 4764 64543 1272 11006 3641 2521 752 1769 1507 68 1398 1253 1065 109 56891 7652 464 18072 54020 12904 11479 41116 6419
internal_count=551860 257333 124535 86788 77013 22993 132798 104687 47205 42069 15101 300 57482 14801 12569 1087 498 11482 14111 144 37747 294527 2095 178 8882 28111 292432 291595 280589 159366 150358 9008 7196 74632 53663 5607 75726 74776 10233 8405 4764 64543 1272 11006 3641 2521 752 1769 1507 68 1398 1253 1065 109 56891 7652 464 18072 54020 12904 11479 41116 6419
is_linear=0
shrinkage=0.05


Tree=98
num_leaves=64
num_cat=0
split_feature=45 44 10 22 13 14 10 8 10 23 9 40 42 28 43 31 22 38 38 23 14 35 23 22 13 30 12 43 3 3 35 21 38 28 40 21 21 16 38 43 26 33 29 20 13 14 6 37 13 10 34 9 7 44 28 17 40 43 40 34 40 7 7
split_gain=11.9944 12.3969 12.3008 9.97445 16.1538 11.3917 9.62537 9.39303 9.08665 8.89464 8.85535 9.55777 8.48464 8.40256 11.4824 9.35418 13.9468 14.0487 8.70809 8.4096 7.65681 11.0053 9.26193 12.9055 10.6529 7.61663 7.55135 8.54593 7.45881 7.20235 7.05549 8.92222 7.10972 6.80677 6.80596 8.49025 6.72851 7.67873 11.1739 7.2213 6.64627 15.7689 8.1687 10.3487 6.60177 6.57869 8.46275 6.39459 6.27066 6.21877 6.1534 6.06763 8.85457 6.29255 6.06472 7.59841 5.94606 5.91096 5.87252 5.83965 5.76248 6.82033 5.68426
threshold=1.5000000000000002 5122.2500000000009 23.125000000000004 59.500000000000007 4.5000000000000009 4.5000000000000009 7.2350000000000012 9.4000000000000057 37.725000000000009 36.250000000000007 51.550000000000004 990.85000000000002 18.950000000000006 17.270000000000007 1797.5000000000002 7.8715773642545637 12.500000000000002 32.350000000000001 39.250000000000007 41.650000000000013 3.5000000000000004 0.24192189559966759 27.450000000000003 33.500000000000007 1.0000000180025095e-35 72.500000000000014 -0.9159756150367534 -45.624999999999993 17.950000000000003 28.050000000000004 0.11319890333640049 527.50000000000011 15.15 0.76000000000000012 977.6500000000002 1122.5000000000002 52.500000000000007 -2.2313371151098864 13.050000000000002 21.250000000000004 6530.0000000000009 7.4500000000000011 0.44302366132127341 -0.095842103007655791 1.5000000000000002 8.5000000000000018 40.591666666666661 22.500000000000004 1.0000000180025095e-35 11.625000000000002 -0.74892720285008318 74.050000000000011 80.087867647058843 921.00000000000102 29.355 2.2546042355530629 981.85000000000002 1587.5000000000002 975.6500000000002 -0.5948001377222607 979.75000000000011 49.056521739130446 469.43977272727278
decision_type=2 2 8 2 2 2 10 10 10 2 8 2 2 2 2 2 2 2 2 2 2 2 2 2 2 2 2 2 8 8 2 2 2 2 2 2 2 2 2 2 2 2 2 2 2 2 10 2 2 10 2 10 10 2 2 2 2 2 2 2 2 10 10
left_child=1 3 6 4 13 9 51 62 30 -6 34 25 36 18 15 -15 17 -17 19 20 21 -1 -23 33 -25 26 27 40 -22 -27 32 -32 -3 -24 -5 -36 37 38 39 -13 41 -12 -42 -44 -18 46 50 -11 -10 -41 -34 -2 -53 -54 -28 -56 -19 -20 -50 -52 -45 -62 -7
right_child=2 8 -4 10 5 7 -8 -9 48 47 11 12 -14 14 -16 16 44 56 57 -21 28 22 23 24 -26 29 54 -29 -30 -31 31 -33 45 -35 35 -37 -38 -39 -40 49 42 -43 43 60 -46 -47 -48 -49 58 -51 59 52 53 -55 55 -57 -58 -59 -60 -61 61 -63 -64
leaf_value=0.071813391049830672 0.33755968173956896 -2.2998566734146006 0.033940197242832398 0.028843335550609878 0.27986999900032833 0.15789129124124893 -0.16977510328140882 -0.05173956695985385 0.059796692106027532 -0.3041801909083664 -0.42191307164943953 -0.26371205249903878 -3.414310107005099 0.30074777546533993 -0.24582034696307387 -1.4695860197693069 0.64051230079357735 -0.14416537766233614 0.36378870431313282 -0.2412821223337295 -0.12361445651395719 -0.052550081201120757 0.019758767866568844 0.23256931855873006 -0.64405977627802169 -0.50043434434499889 0.01052940627181894 0.016827736515520861 0.062352404435553288 -0.25096090496056522 -0.043874286721617493 0.076614712203311494 0.094525573592113984 -0.15092153885709367 0.14773073040521775 -0.22060066039164075 0.45485254564474875 0.34487357226899884 0.75412703837737538 -0.26824486585203366 -0.060468946960930962 0.076866003526495086 0.25561900552852607 -0.45516063571210846 -0.12044257457046406 0.19089013459417431 0.024339292773435162 0.21760963540177342 0.02625692072225938 -2.5415075385552011 -0.15528876592323634 0.0077422586266742803 -0.92626102423264745 0.22823008377735943 -0.82173645686431918 1.0093297199245139 -1.3291724967267449 -0.19885838978153081 -0.1140272802111527 -0.086321544915899176 -0.14634190713251594 -0.67297274749655678 -2.7656947531885696
leaf_weight=11023 1227 46 17858 26091 22249 19504 13992 9086 4368 776 494 246 46 14453 195 115 1027 469 3498 701 2567 17087 1928 153 768 198 172682 4545 68030 989 10029 25645 1837 1699 15454 373 9251 2326 454 95 3958 431 148 121 2057 2184 15277 961 5502 345 306 484 56 29 179 104 46 53 22852 12953 129 31 80
leaf_count=11023 1227 46 17858 26091 22249 19504 13992 9086 4368 776 494 246 46 14453 195 115 1027 469 3498 701 2567 17087 1928 153 768 198 172682 4545 68030 989 10029 25645 1837 1699 15454 373 9251 2326 454 95 3958 431 148 121 2057 2184 15277 961 5502 345 306 484 56 29 179 104 46 53 22852 12953 129 31 80
internal_value=0.00028413 0.000343526 -0.000630684 0.00046385 0.000746534 0.00148188 -0.00164745 0.000809208 -0.000153516 0.00228592 0.00025242 0.000111856 0.00143501 0.000438909 0.0014274 0.00155694 -0.000681206 -0.00746032 0.000270076 0.000186906 0.00022396 -0.000409088 -0.00106425 -0.00306948 -0.00835505 2.00807e-05 4.60012e-05 -0.00130009 0.000516807 -0.0039722 0.000174803 0.000660705 -0.000356869 -0.00172732 0.000912257 0.00173027 0.00151254 -0.000366416 -0.00372807 -0.0077551 -0.0026619 -0.00651351 -0.00184978 -0.00840326 0.000703632 -0.000329115 -0.000519705 -0.00116005 -0.000838579 -0.0115909 -0.0013593 0.00179844 -0.00246924 -0.0173529 0.000122713 -0.00719081 -0.00393204 0.00270487 -0.00111025 -0.00173505 -0.0140391 -0.0078125 0.00142565
internal_weight=551860 518214 33646 417215 178525 52656 15788 28670 100999 23986 238690 196772 12763 125869 18362 18167 3714 630 107507 103956 103255 32658 21635 4548 921 184009 182822 9857 70597 1187 68277 35674 32603 3627 41918 15827 12717 3466 1140 686 5312 925 4387 429 3084 32557 30373 1737 32722 440 15096 1796 569 85 172965 283 515 3551 28354 13259 281 160 19584
internal_count=551860 518214 33646 417215 178525 52656 15788 28670 100999 23986 238690 196772 12763 125869 18362 18167 3714 630 107507 103956 103255 32658 21635 4548 921 184009 182822 9857 70597 1187 68277 35674 32603 3627 41918 15827 12717 3466 1140 686 5312 925 4387 429 3084 32557 30373 1737 32722 440 15096 1796 569 85 172965 283 515 3551 28354 13259 281 160 19584
is_linear=0
shrinkage=0.05


Tree=99
num_leaves=64
num_cat=0
split_feature=8 22 13 41 16 4 28 41 6 13 34 17 26 0 14 28 17 33 42 14 23 37 11 38 37 10 10 40 0 1 0 0 25 14 7 13 38 41 43 38 16 40 38 31 13 14 13 43 14 32 18 37 19 28 13 37 20 27 22 3 16 43 27
split_gain=10.8513 8.66018 9.18449 7.74278 7.14311 6.87731 6.47303 6.29924 6.47847 10.011 6.56542 6.1441 6.05751 6.62922 6.14758 8.59345 9.36403 6.29992 5.89346 6.35397 8.21587 7.22605 6.88757 6.14703 5.85051 5.82906 7.38764 15.181 6.13075 5.97657 10.0391 7.28564 7.37841 6.96341 6.4846 5.90009 7.14101 8.10267 5.6773 5.60173 5.58747 5.52037 5.50854 8.02451 8.12401 9.28132 5.48413 6.03246 5.93305 5.88252 5.66763 11.3945 5.53819 6.1333 5.46316 5.42704 5.42317 7.02082 5.37031 6.00436 5.32364 5.14952 5.12269
threshold=-1.4999999999999989 62.500000000000007 3.5000000000000004 2755.7500000000005 10.664212986468735 28.525000000000002 37.785000000000004 9534.7500000000018 71.77500000000002 1.5000000000000002 0.87878364999916148 -10.346850364753864 22553.250000000004 110.10000000000001 4.5000000000000009 3.1150000000000007 9.501081856876155 17.950000000000003 -7.8499999999999979 3.5000000000000004 35.650000000000013 34.500000000000007 -0.70710678118654735 23.450000000000003 14.500000000000002 7.535000000000001 10.425000000000002 982.6500000000002 378.75000000000006 38.525000000000006 36.050000000000004 118.25000000000001 984.45000000000016 2.5000000000000004 469.43977272727278 2.5000000000000004 23.050000000000004 4437.2500000000009 1492.5000000000002 31.250000000000004 15.682813596863335 985.85000000000002 31.550000000000004 -3.9634444034305512 5.5000000000000009 5.5000000000000009 4.5000000000000009 307.50000000000006 3.5000000000000004 8.3324246518880454 6.5500000000000007 26.500000000000004 0.93663652364155514 2.4050000000000007 2.5000000000000004 75.500000000000014 0.30069434954884205 25.550000000000004 47.500000000000007 38.050000000000004 16.599707372873919 217.50000000000003 26.350000000000005
decision_type=8 2 2 2 2 10 2 2 10 2 2 2 2 2 2 2 2 2 2 2 2 2 2 2 2 10 10 2 2 10 2 2 2 2 10 2 2 2 2 2 2 2 2 2 2 2 2 2 2 2 2 2 2 2 2 2 2 8 2 10 2 2 8
left_child=1 2 4 62 6 -5 18 -6 -9 -10 -11 -12 13 14 17 -16 58 -4 -1 22 23 -22 -20 54 39 -2 27 28 -27 30 -28 32 35 34 -33 36 -31 38 -38 -14 -35 -32 43 61 45 -45 48 -48 49 50 51 -34 -52 -54 -21 -46 57 -41 -17 -60 -19 -37 -3
right_child=25 3 12 5 7 -7 -8 8 9 10 11 -13 24 -15 15 16 -18 60 19 20 21 -23 -24 -25 -26 26 29 -29 -30 31 41 33 46 40 -36 42 37 -39 -40 56 -42 -43 -44 44 55 -47 47 -49 -50 -51 52 -53 53 -55 -56 -57 -58 -59 59 -61 -62 -63 -64
leaf_value=-0.1394316482202278 0.047733318331388101 0.090604870522958306 0.37513677586516425 0.039833503700956015 0.24290943060511952 -0.02928559904351747 0.37480452817871052 0.041134947958298133 0.12074786728515963 -0.25380345246958352 -0.8596673298263191 -0.25593163770068794 -0.44802051866500153 -0.0098939462251394633 0.15577310504578842 0.16917859832272136 -0.63399702151568071 0.17830036019652742 -0.21473551317685022 -0.37186300284657103 0.16422954421729416 -0.21569173338549349 0.015208602288519569 0.13177293565792925 0.062022335796149991 0.026618125309689419 0.0067982837537327728 -0.39979822462156844 -5.23058402005109 -0.3012561686840069 -0.10307275462608166 -0.35906118185377062 -0.46432397811817278 -0.035656429344137271 -2.6611803801629206 0.051458544339952256 0.19195550756797802 0.0064566455003230994 -0.2858281202493031 -0.29085176829940146 0.5314132216574281 0.056063960612798107 0.036494227904535388 -0.29118624991225922 0.2522330531211317 -0.043388703195083894 0.36736680996355797 -0.042703100179106966 0.24630778765012984 0.41639764252505646 0.040515483846194834 -0.090331883264108376 -0.21227037558511019 -0.97034421801150728 0.52225897713243497 -0.090890883629508326 0.012895394332139704 -0.1285558479709896 -0.88208656091293358 -0.15392420353293648 -0.06087129963583994 -0.1244696451918149 0.036283387584465795
leaf_weight=4200 41918 16671 12267 14801 13920 45370 1785 7705 1011 705 64 139 50 5724 19249 1338 168 4766 3652 1982 1309 2699 4931 15604 5843 9122 60765 7477 23 1637 25891 9820 321 33977 62 13360 16788 17922 20 90 2889 6238 19398 4474 1614 4897 8371 1993 7262 1872 12614 1933 663 131 665 1325 974 652 153 465 1613 3585 42933
leaf_count=4200 41918 16671 12267 14801 13920 45370 1785 7705 1011 705 64 139 50 5724 19249 1338 168 4766 3652 1982 1309 2699 4931 15604 5843 9122 60765 7477 23 1637 25891 9820 321 33977 62 13360 16788 17922 20 90 2889 6238 19398 4474 1614 4897 8371 1993 7262 1872 12614 1933 663 131 665 1325 974 652 153 465 1613 3585 42933
internal_value=0.000275976 0.000534866 0.000847366 0.000238155 0.000424956 -0.000161955 -9.91102e-06 0.00110516 0.000121571 -0.00247785 -0.00628855 -0.0142118 0.00132535 0.00154264 0.00177028 0.00119146 -0.00182674 0.00243377 -0.000159523 7.97615e-05 0.000525406 -0.00152445 -0.00107596 0.000975563 1.90566e-05 8.60971e-05 2.78556e-06 -0.00101913 0.000347184 6.81622e-05 -0.000253299 0.000247053 0.000453071 -0.000282579 -0.00146124 0.000201129 0.0006829 0.000835013 0.00162363 -0.00250283 3.33643e-05 -0.000968128 -0.000158983 -0.000592206 -0.00156377 -0.00228311 0.00106229 0.00202817 0.000658574 0.000160831 -0.000155791 -0.0024756 0.000234189 -0.00381612 -0.00125236 0.00072984 -0.00202214 -0.00524259 -0.000853783 -0.00470874 0.00115927 0.000113603 0.000642071
internal_weight=551860 233498 113723 119775 60371 60171 36827 23544 9624 1919 908 203 53352 45743 40019 21373 2124 18646 35042 30842 22259 4008 8583 18251 7609 318362 276444 16622 9145 259822 92894 166928 120180 46748 9882 85020 36367 34730 16808 1766 36866 32129 48653 29255 12310 9371 35160 10364 24796 17534 15662 2254 13408 794 2647 2939 1716 742 1956 618 6379 16945 59604
internal_count=551860 233498 113723 119775 60371 60171 36827 23544 9624 1919 908 203 53352 45743 40019 21373 2124 18646 35042 30842 22259 4008 8583 18251 7609 318362 276444 16622 9145 259822 92894 166928 120180 46748 9882 85020 36367 34730 16808 1766 36866 32129 48653 29255 12310 9371 35160 10364 24796 17534 15662 2254 13408 794 2647 2939 1716 742 1956 618 6379 16945 59604
is_linear=0
shrinkage=0.05


Tree=100
num_leaves=64
num_cat=0
split_feature=45 8 25 23 5 9 11 36 38 38 22 40 30 37 33 9 35 23 21 24 35 11 13 32 14 11 11 38 37 22 28 33 0 22 2 24 3 25 15 31 14 32 22 25 36 26 12 38 23 38 41 13 43 30 30 37 0 25 9 20 40 43 11
split_gain=10.6245 10.3064 12.4345 8.886 8.28823 8.81473 7.63243 10.836 12.3296 8.58888 7.80794 7.26896 7.13676 6.9199 7.60532 6.68557 6.36029 7.0927 6.4802 6.1047 7.24677 6.06966 12.992 10.6827 9.06693 6.05765 5.84662 5.93144 5.68631 5.4459 5.42102 5.3576 6.21516 6.30772 5.38507 5.2582 5.10372 5.74173 7.76234 5.05922 7.84357 9.5917 7.86036 7.22707 6.96649 5.61028 5.99593 5.17949 8.72016 6.57499 5.20215 5.37095 5.04282 4.98438 4.98264 5.64945 4.93507 4.88102 6.64952 5.42096 6.39611 7.60934 7.2193
threshold=1.5000000000000002 6.8000000000000087 974.75000000000011 30.350000000000005 51.025000000000006 65.550000000000011 -0.9159756150367534 96.875000000000014 27.950000000000003 28.150000000000002 15.500000000000002 978.1500000000002 584.50000000000011 51.500000000000007 12.950000000000001 79.325000000000003 0.60873824923885345 24.050000000000004 76.250000000000014 2.3500000000000001 -0.58068084432175959 0.91597561503675362 1.5000000000000002 1.261090069494964 7.5000000000000009 0.25881904510252091 -0.9159756150367534 31.450000000000003 93.500000000000014 88.500000000000014 13.305000000000001 15.15 692.00000000000011 36.500000000000007 347.25000000000006 8.0500000000000025 22.975000000000005 970.6500000000002 1.0000000180025095e-35 11.357217151124987 8.5000000000000018 5.4000000000000004 38.500000000000007 981.25000000000011 737.50000000000011 124.25000000000001 0.91597561503675351 32.550000000000004 30.450000000000003 28.850000000000005 770.25000000000011 1.0000000180025095e-35 172.50000000000003 129.50000000000003 25.500000000000004 27.500000000000004 112.07500000000002 972.1500000000002 124.25000000000001 -0.069756473744125441 974.05000000000007 -282.49999999999994 0.12940952255126045
decision_type=2 8 2 2 10 10 2 2 2 2 2 2 2 2 2 10 2 2 2 2 2 2 2 2 2 2 2 2 2 2 2 2 2 2 10 2 10 2 2 2 2 2 2 2 2 2 2 2 2 2 2 2 2 2 2 2 2 2 10 2 2 2 2
left_child=1 2 4 12 5 21 9 30 11 10 -4 19 28 -5 -15 -13 17 18 53 -9 -21 -1 23 -23 29 36 27 -3 -2 -25 -8 35 52 34 -34 57 37 -7 -39 43 41 -41 44 47 -42 46 -44 48 -10 50 -50 -52 54 -17 -33 -56 -6 58 -28 60 -59 -62 -63
right_child=3 26 6 13 56 25 7 8 39 -11 -12 15 -14 14 -16 16 -18 -19 -20 20 -22 22 -24 24 -26 -27 31 -29 -30 -31 -32 32 33 -35 -36 -37 -38 38 -40 40 42 -43 45 -45 -46 -47 -48 -49 49 -51 51 -53 -54 -55 55 -57 -58 59 -60 -61 61 62 -64
leaf_value=0.026095402632507564 0.027440435681367233 -0.12705677821270253 -0.54640065209067068 -0.055620260989700722 0.10431182008938761 -0.24023255407509231 0.1607150158067058 -0.037648248640476716 0.092668933120426178 0.043000128235320879 -0.085480909433886851 0.08071154895203822 -0.86628206591201673 -0.29519816217558908 -0.098100170676171827 -0.0823666744531657 -0.10637868785909654 -0.02905439759342129 0.26566569997254164 -0.33389512371343821 -0.10272502736674274 -0.0029622524060438928 0.012123425665680332 -0.18399955117524938 0.65414824523658954 -0.17694761648116558 0.0040530787798882537 0.022441002862044465 -0.15772458225813307 -0.38685908133836383 0.55617916497070796 0.031530557138293801 -8.782618579573688 -2.7691254791616964 -3.6903257838575287 -0.21537464366374437 -0.0088555921652545538 -0.048767194060911803 -0.34958341132905835 0.06950199352800332 -1.016349455894374 -0.24555933568306881 -0.11361941059670687 0.14974063357531506 -0.16324693034479099 -0.0056350470676124797 -0.55838909978060647 0.13552564217314064 -0.70603254828243855 -0.0034299030689557346 -0.26201346225229144 -0.10788259637822069 -0.055116223113951972 -1.488457567110884 0.094923855935948764 -0.21484313708704234 -1.3814799805570874 0.10437887856565853 -0.23303345888069696 0.096596724360550112 0.11857868998359165 -0.11068320877280585 0.01584356079085179
leaf_weight=24471 20597 13016 137 5293 14961 1088 43806 13706 16370 19256 12951 21770 34 2524 2384 2402 9900 11173 6204 215 451 414 2420 191 90 4783 7366 8471 2814 382 4956 48288 20 327 41 189 10123 3437 82 15086 39 772 61 18429 997 6075 52 14638 21 12474 304 1100 25966 38 2407 4167 154 7480 2646 59455 6413 13594 22389
leaf_count=24471 20597 13016 137 5293 14961 1088 43806 13706 16370 19256 12951 21770 34 2524 2384 2402 9900 11173 6204 215 451 414 2420 191 90 4783 7366 8471 2814 382 4956 48288 20 327 41 189 10123 3437 82 15086 39 772 61 18429 997 6075 52 14638 21 12474 304 1100 25966 38 2407 4167 154 7480 2646 59455 6413 13594 22389
internal_value=0.000274889 0.00033079 0.000524007 -0.000586102 -0.000101764 -0.000426381 0.000691846 0.000806535 0.00059881 -2.10238e-05 -0.00100932 8.3436e-05 -5.01171e-05 -0.00181796 -0.00317033 0.000360965 -0.000126695 0.000390322 0.00146576 -0.000910799 -0.00558559 0.000142663 -0.00180583 -0.00637419 -0.0103092 -0.00124199 7.34585e-05 -0.000710429 -1.68722e-05 -0.0126265 0.00145523 0.000157362 -0.000156004 -0.00646907 -0.0212295 0.000370278 -0.000739986 -0.0021196 -0.00113811 0.000991576 0.000357855 0.000979947 -0.00100775 0.00122253 -0.00503861 -0.000332902 -0.0113717 0.000880375 0.000506954 -0.000414058 -0.00363158 -0.00326211 -0.000125699 -0.000717213 0.000146003 -0.00114542 0.000917962 0.000383475 -0.000673192 0.000480239 9.58379e-05 -0.000141994 -0.000424784
internal_weight=551860 518214 295979 33646 62596 47481 233383 201039 152277 32344 13088 65859 23445 10201 4908 51487 29717 19817 8644 14372 666 27968 3497 1077 663 19513 222235 21487 23411 573 48762 200748 81216 388 61 119532 14730 4607 3519 86418 23082 15858 7224 63336 1036 6188 113 44907 30269 13899 1425 1404 80828 2440 54862 6574 15115 119343 10012 109331 49876 42396 35983
internal_count=551860 518214 295979 33646 62596 47481 233383 201039 152277 32344 13088 65859 23445 10201 4908 51487 29717 19817 8644 14372 666 27968 3497 1077 663 19513 222235 21487 23411 573 48762 200748 81216 388 61 119532 14730 4607 3519 86418 23082 15858 7224 63336 1036 6188 113 44907 30269 13899 1425 1404 80828 2440 54862 6574 15115 119343 10012 109331 49876 42396 35983
is_linear=0
shrinkage=0.05


Tree=101
num_leaves=64
num_cat=0
split_feature=8 22 27 21 27 23 0 0 10 1 0 10 15 14 25 34 7 10 40 1 0 45 29 21 19 34 41 5 25 0 25 14 13 38 36 29 12 17 9 23 30 12 36 26 21 13 36 14 32 18 36 19 23 23 35 23 33 6 2 25 42 1 17
split_gain=9.75837 8.46232 8.40983 9.78102 7.63731 9.92866 6.71788 6.34122 6.13485 5.38067 5.26149 5.24754 6.52823 6.45705 11.8167 11.1127 8.38067 6.17613 13.2446 5.81289 8.26128 5.54577 5.50798 5.73284 6.5484 5.67355 6.35259 5.51202 5.41886 5.22055 6.48781 5.52043 5.21886 6.75161 9.19514 5.95887 5.01482 4.88415 5.31519 5.63082 4.71267 5.67409 6.62334 5.27243 5.86024 4.69427 6.13594 5.12228 5.68951 5.34789 14.4892 4.73887 5.07332 4.68251 4.62619 4.54224 5.37243 4.52151 5.9381 7.36383 4.50445 4.48875 4.42921
threshold=-1.4999999999999989 62.500000000000007 114.25000000000001 1282.5000000000002 24.050000000000004 15.850000000000003 9.0050000000000008 62.050000000000004 72.925000000000026 5.0050000000000008 458.25000000000006 7.535000000000001 1.0000000180025095e-35 8.5000000000000018 985.25000000000011 -0.26722820045975981 98.795643939393969 10.425000000000002 982.6500000000002 38.525000000000006 23.050000000000004 1.5000000000000002 35.3957653837846 242.50000000000003 -0.85260769842926909 0.026175951569892244 4857.7500000000009 13.250000000000002 979.85000000000002 118.25000000000001 984.45000000000016 2.5000000000000004 2.5000000000000004 23.650000000000002 212.50000000000003 246.65475574023762 0.78656609248549303 -14.54675769548434 150.25000000000003 19.650000000000002 15.500000000000002 0.37940952255126048 462.50000000000006 2559.2500000000005 181.25000000000003 4.5000000000000009 3402.5000000000005 3.5000000000000004 8.3324246518880454 6.5500000000000007 1327.5000000000002 0.93663652364155514 18.650000000000002 19.450000000000003 -0.27563735581699894 39.45000000000001 16.150000000000002 18.142500000000009 25.050000000000004 976.95000000000016 13.550000000000002 208.25000000000003 16.178045648204556
decision_type=8 2 8 2 10 2 2 2 10 8 2 10 2 2 2 2 8 10 2 10 2 2 2 2 2 2 2 8 2 2 2 2 2 2 2 2 2 2 10 2 2 2 2 2 2 2 2 2 2 2 2 2 2 2 2 2 2 8 10 2 2 10 2
left_child=1 2 3 53 6 -6 -3 -5 -4 -8 11 12 -2 55 15 16 -15 18 21 20 60 -13 27 24 25 26 28 -22 -24 30 32 -31 33 -21 -35 40 37 38 -7 -40 -34 54 -43 -44 -45 47 -47 48 49 50 -32 -51 -53 -1 -42 -14 -57 58 -29 -60 -19 -18 -55
right_child=10 4 8 7 5 36 9 -9 -10 -11 -12 17 13 14 -16 -17 61 19 -20 29 22 -23 23 -25 -26 -27 -28 57 -30 31 45 -33 35 34 -36 -37 -38 -39 39 -41 41 42 43 44 -46 46 -48 -49 -50 51 -52 52 -54 62 -56 56 -58 -59 59 -61 -62 -63 -64
leaf_value=0.49864265642447925 0.056814088616840931 0.13603239143480275 0.053427550932798162 0.03043534479085418 0.30223700847689799 -0.13294887240597128 -0.13551870664730584 -0.22598036443137393 -0.19246587539442428 0.034564398783588503 -0.97546055963669431 0.031747884536290717 0.019369523126691868 -1.7639463440842764 1.0400324631781555 -0.23545955747041339 0.042740928437545303 0.031856356836756854 -0.36809822085511551 -0.26079727853186863 -0.10790328138092027 -3.5813563759384675 -1.1476436880828147 -0.054736619112021101 -0.19777377883440792 -0.28555234245845273 0.03315819775018386 -0.14152120405317153 -0.13884483559775412 -0.32495941636593673 -0.047361093176251465 0.020853880593834632 -0.0017312112217131735 0.23159347839583511 0.015617571955417939 0.28821583761680791 0.025797658616946668 -0.040462166665848072 -0.20135373657811761 -2.1783847975853221 0.20947072733756641 -0.18809954124387074 -0.010471351508964907 -1.1858352285581255 -0.46686060207837976 0.25998863095061248 -0.1111479489290511 0.23458055363872479 0.3913753030149395 0.038629903763091812 -0.54018784078155613 0.29408308900860125 -0.63367852934665669 0.11405651512295763 -0.10666750690592362 -0.55827898000583076 -0.15903294940695134 -0.011375832695594465 -0.82986679610222047 0.45240946804547921 -0.090652799166081807 -1.9585233183729245 0.5081507108502954
leaf_weight=3270 39132 7334 28105 19045 3741 462 787 2351 6743 58368 4009 8940 1528 83 208 229 46 24233 7193 1907 4872 197 126 3066 1496 193 48 1694 48 9521 1793 34392 36767 12101 22359 3164 13198 35614 129 142 1586 3239 84 31 141 10252 112 7262 1872 12614 461 220 574 51714 3641 23 75 55811 34 20 944 21 2495
leaf_count=3270 39132 7334 28105 19045 3741 462 787 2351 6743 58368 4009 8940 1528 83 208 229 46 24233 7193 1907 4872 197 126 3066 1496 193 48 1694 48 9521 1793 34392 36767 12101 22359 3164 13198 35614 129 142 1586 3239 84 31 141 10252 112 7262 1872 12614 461 220 574 51714 3641 23 75 55811 34 20 944 21 2495
internal_value=0.000270087 0.000515593 0.000824504 0.0011103 0.000222292 -0.000223698 0.00057972 0.000197701 0.000177629 0.000402756 9.00235e-05 0.000112978 0.000637925 -0.00200407 -0.00649915 -0.0117546 -0.0223333 3.34791e-05 -0.000909369 9.34636e-05 -0.000223308 0.000354055 -0.000511957 -0.00211272 -0.00426217 -0.00981928 -0.0152703 -0.000384344 -0.0197126 0.000272193 0.00044267 -0.000194361 0.000206422 0.000659527 0.000819791 -0.000132263 -0.000411242 -0.000714364 -0.00475443 -0.0103137 -0.000278199 -0.00132309 -0.00288269 -0.010625 -0.0156395 0.00101394 0.00190756 0.000640426 0.00017794 -0.000133444 -0.00238687 0.000245376 -0.00350126 0.00145001 -0.000280275 -0.000381304 -0.0108163 -0.000247659 -0.00275172 -0.0190741 0.00054951 -0.0091791 0.00133917
internal_weight=551860 233498 113723 78875 119775 53286 66489 21396 34848 59155 318362 314353 41345 2213 587 379 150 273008 16330 256678 92585 9137 67408 4977 1911 415 222 62431 174 164093 120180 43913 85020 36367 34460 48653 49545 36347 733 271 45489 8722 3495 256 172 35160 10364 24796 17534 15662 2254 13408 794 57479 5227 1626 98 57559 1748 54 25177 67 54209
internal_count=551860 233498 113723 78875 119775 53286 66489 21396 34848 59155 318362 314353 41345 2213 587 379 150 273008 16330 256678 92585 9137 67408 4977 1911 415 222 62431 174 164093 120180 43913 85020 36367 34460 48653 49545 36347 733 271 45489 8722 3495 256 172 35160 10364 24796 17534 15662 2254 13408 794 57479 5227 1626 98 57559 1748 54 25177 67 54209
is_linear=0
shrinkage=0.05


Tree=102
num_leaves=64
num_cat=0
split_feature=45 44 40 32 13 29 35 14 38 27 14 34 10 12 34 11 21 32 13 12 40 0 10 10 36 18 33 13 15 37 5 38 18 4 13 29 41 9 0 32 21 38 9 13 14 37 3 6 40 35 1 41 38 33 35 0 13 14 30 12 22 17 3
split_gain=9.75058 10.2851 9.95461 12.0593 11.0982 18.8943 12.2766 11.108 10.7283 12.4308 11.1237 9.87856 9.78711 9.34412 10.509 12.7145 10.6661 9.04348 8.90697 13.6536 8.01863 8.76547 7.89127 7.74241 7.64697 7.44007 7.55723 7.85801 7.29337 7.10703 7.09004 7.45743 8.92865 7.45189 6.92496 6.64839 6.58372 6.49364 6.34388 6.25527 7.60187 6.80778 6.20371 6.67424 9.77205 6.81462 8.19138 6.1411 6.22866 6.05613 7.91989 6.02268 10.4275 6.54416 5.99684 5.91097 5.68179 6.36639 5.66111 7.983 6.79483 6.95381 6.73103
threshold=1.5000000000000002 5122.2500000000009 977.75000000000011 -1.7786474128843355 4.5000000000000009 1.0000000180025095e-35 0.46947156278589069 3.5000000000000004 27.750000000000004 47.95000000000001 6.5000000000000009 0.061046214993534575 23.325000000000006 0.60355339059327384 -0.62932039104983761 0.25881904510252091 86.250000000000014 0.60376129295326497 2.5000000000000004 -0.78656609248549325 983.1500000000002 218.25000000000003 7.2350000000000012 41.925000000000011 1482.5000000000002 6.4500000000000011 6.7500000000000009 5.5000000000000009 1.0000000180025095e-35 6.5000000000000009 53.025000000000006 20.450000000000003 28.350000000000005 280.25000000000006 2.5000000000000004 54.897248799294211 36821.750000000007 37.250000000000007 32.050000000000004 -1.8468395289662538 527.50000000000011 15.15 51.550000000000004 1.0000000180025095e-35 7.5000000000000009 89.500000000000014 38.550000000000004 40.591666666666661 975.25000000000011 -0.67556448321067808 24.025000000000002 11512.000000000002 39.250000000000007 12.65 -0.73724926354828213 561.75000000000011 1.0000000180025095e-35 3.5000000000000004 15.500000000000002 -0.12940952255126037 61.500000000000007 -19.803676155580387 29.050000000000004
decision_type=2 2 2 2 2 2 2 2 2 8 2 2 8 2 2 2 2 2 2 2 2 2 10 10 2 2 2 2 2 2 8 2 2 10 2 2 2 10 2 2 2 2 8 2 2 2 8 10 2 2 10 2 2 2 2 2 2 2 2 2 2 2 8
left_child=1 2 8 4 7 6 -6 13 -1 10 -10 34 22 14 15 -4 -17 -11 36 25 29 -22 -2 39 30 26 27 -20 -21 -5 -16 32 -32 -33 35 -9 -12 -19 -24 40 -3 -41 43 44 45 -31 54 48 -43 50 -30 53 -53 -39 -47 -44 -25 -58 -36 -60 61 -61 -62
right_child=12 23 3 20 5 -7 -8 11 9 17 18 -13 -14 -15 24 16 -18 37 19 28 21 -23 38 56 -26 -27 -28 -29 49 42 31 33 -34 -35 58 -37 -38 51 -40 41 -42 47 55 -45 -46 46 -48 -49 -50 -51 -52 52 -54 -55 -56 -57 57 -59 59 60 62 -63 -64
leaf_value=-0.032891232072206254 0.13171909386838029 -0.042732284581431954 -0.1139328105532363 -0.22320021044399627 -0.1384325286445017 0.19697788370029978 0.12954580451894709 -0.076876890262930084 0.16373625136687653 0.046584183545192032 0.083660849204053242 0.16152970904343808 0.03412453103225397 0.05153818048044867 -0.0035220106066548244 -0.34695852008942513 0.36480745400265796 0.095929831054141601 -0.39813314329809019 0.04607709708036483 0.21478619355039258 0.0046167518976199346 -0.031738325039600807 0.061514915777306584 -0.29561609565381314 -0.067254016729826643 0.00087519061793818345 0.062577129089776432 -0.35493471061490089 -0.066020181917231732 -0.18740164476228757 -0.3953122483340924 -1.110923033381747 -12.94576812812879 0.17477056817042458 0.20284085776735072 -1.3876679355601191 -0.12578111340494344 -0.36963852036853173 -2.7297060401271716 0.066496962425521833 -0.10167981634705366 0.047176186282440413 0.18996990881260312 0.32114186349049112 -0.4848897383009293 0.1372974644408157 0.023870165689312287 -0.00582494505520419 -0.10809901072948383 -0.24515323676994083 -0.25620316586047209 0.53551058351481684 0.0025222685955091509 -0.2157124000841637 -5.6523387537301 -0.14921376495382183 -0.047416292819555367 0.20486065735534797 -0.83693694580354239 -0.85028085100946249 -0.028131042379816243 -0.43142571268910929
leaf_weight=44409 1796 11185 8707 281 6777 19582 12373 19852 25728 17501 18037 18771 17776 16225 3411 1964 5913 3341 637 16784 38905 8165 6257 3624 321 4716 374 175 69 707 5620 2981 256 24 10724 2051 54 10474 7817 44 27046 7691 64150 8364 767 67 76 17658 10315 882 195 2394 491 10745 157 94 8102 15334 1261 119 59 1154 331
leaf_count=44409 1796 11185 8707 281 6777 19582 12373 19852 25728 17501 18037 18771 17776 16225 3411 1964 5913 3341 637 16784 38905 8165 6257 3624 321 4716 374 175 69 707 5620 2981 256 24 10724 2051 54 10474 7817 44 27046 7691 64150 8364 767 67 76 17658 10315 882 195 2394 491 10745 157 94 8102 15334 1261 119 59 1154 331
internal_value=0.000265466 0.000319019 0.000428616 0.00061833 0.000299186 0.00101751 -9.92165e-05 2.0252e-05 0.0001142 0.000373767 0.000801984 0.000502743 -0.000559353 -0.000556778 -0.00109138 -0.00026411 0.00119144 -0.000270769 0.000299716 -0.000335263 0.000981369 0.00149246 -0.00146188 -0.000133714 -0.0021791 -0.00242121 -0.00596121 -0.00866995 0.000351367 0.000659162 -0.00198015 -0.00272436 -0.00168822 -0.00475042 1.27987e-05 -0.000538054 0.0011362 -0.000837129 -0.00186017 0.000131122 0.00057558 -0.00034474 0.000689145 0.00183863 -0.000947012 -0.0041857 -0.0105 -0.000320491 -0.000970232 -0.00350785 -0.0101515 -0.00112346 -0.0032669 -0.000832037 -0.0153125 0.000507752 -0.000857354 -0.00114226 0.000896835 -0.00105335 -0.00332832 -0.00155931 -0.00910256
internal_weight=551860 518214 417215 260209 138476 38732 19150 99744 157006 112597 67651 54322 33646 45422 29197 16584 7877 44946 41923 23832 121733 47070 15870 100999 12613 5902 1186 812 17930 74663 12292 8881 5876 3005 35551 21903 18091 27445 14074 73939 38231 35708 74382 10138 1774 1007 300 35664 18006 1146 264 24104 2885 21219 224 64244 27060 23436 13648 2924 1663 1273 390
internal_count=551860 518214 417215 260209 138476 38732 19150 99744 157006 112597 67651 54322 33646 45422 29197 16584 7877 44946 41923 23832 121733 47070 15870 100999 12613 5902 1186 812 17930 74663 12292 8881 5876 3005 35551 21903 18091 27445 14074 73939 38231 35708 74382 10138 1774 1007 300 35664 18006 1146 264 24104 2885 21219 224 64244 27060 23436 13648 2924 1663 1273 390
is_linear=0
shrinkage=0.05


Tree=103
num_leaves=64
num_cat=0
split_feature=27 37 41 25 27 37 35 16 12 13 29 14 3 35 14 13 31 11 34 28 17 22 26 4 37 20 23 35 22 23 23 44 15 35 21 40 3 4 27 1 20 37 11 33 9 23 31 17 13 23 43 20 23 12 6 16 6 13 44 37 13 1 20
split_gain=9.14105 10.502 9.91297 11.055 9.92315 14.423 8.54911 8.28029 7.89982 10.001 9.56654 7.40976 9.34355 8.11452 7.05539 8.29767 6.83117 7.39673 6.47175 6.46088 6.36894 6.3556 8.24512 7.42747 7.35691 9.69533 9.17599 7.15546 9.93022 9.61474 7.57392 8.6794 7.1313 6.47353 6.04076 5.72641 5.66793 5.55113 5.54359 7.88391 6.30773 5.54252 7.89203 5.98309 5.38379 5.38069 5.35479 6.60462 5.31316 6.18598 8.57577 5.89793 5.29959 5.22396 6.49176 6.67248 5.19064 5.12886 11.0138 6.21955 5.05883 5.71761 5.01023
threshold=10.550000000000002 92.500000000000014 5715.2500000000009 972.85000000000002 76.550000000000011 74.500000000000014 0.86159635224327547 -6.1810087913625491 -0.78656609248549325 1.0000000180025095e-35 0.44302366132127341 8.5000000000000018 262.25000000000006 0.68832836526074803 3.5000000000000004 3.5000000000000004 -4.584186983966692 0.60355339059327384 -0.62932039104983761 1.155 14.371303682491698 30.500000000000004 26471.250000000004 64.625000000000014 12.500000000000002 0.27563735581699933 33.650000000000013 -0.68832836526074781 48.500000000000007 30.450000000000003 33.050000000000004 -2688.9999999999995 1.0000000180025095e-35 -0.28400453026986777 67.500000000000014 979.35000000000002 23.650000000000006 22.050000000000004 126.75000000000001 111.07500000000002 0.80382625221112025 51.500000000000007 -0.60355339059327362 10.250000000000002 71.850000000000009 34.850000000000001 19.6090164354049 9.2054213085475194 4.5000000000000009 11.950000000000001 81.250000000000014 0.9681107762825325 28.450000000000003 0.78656609248549303 27.250000000000011 3.245032897177861 64.58750000000002 1.0000000180025095e-35 -1489.7499999999998 61.500000000000007 2.5000000000000004 30.950000000000003 -0.017452406437283484
decision_type=8 2 2 2 8 2 2 2 2 2 2 2 10 2 2 2 2 2 2 2 2 2 2 10 2 2 2 2 2 2 2 2 2 2 2 2 8 8 10 10 2 2 2 2 8 2 2 2 2 2 2 2 2 2 8 2 10 2 2 2 2 8 2
left_child=-1 2 3 7 5 16 21 -2 9 10 -7 13 18 14 15 -6 -5 -18 -13 -17 -10 23 27 24 25 26 37 28 -23 -30 31 -31 -24 -26 36 -12 44 -4 -16 40 -40 -35 43 -43 -29 -27 -25 -48 49 50 -15 -52 -46 -22 55 -55 -8 58 -14 -60 61 -42 -33
right_child=1 -3 6 4 11 8 56 -9 20 -11 35 12 57 48 38 19 17 -19 -20 -21 53 22 32 46 33 45 -28 34 29 30 -32 62 -34 41 -36 -37 -38 -39 39 -41 60 42 -44 -45 52 -47 47 -49 -50 -51 51 -53 -54 54 -56 -57 -58 -59 59 -61 -62 -63 -64
leaf_value=0.10220733704296883 0.033324614956414242 -0.039916271468074888 -0.32137539465427167 0.27672731126333211 0.0040600239596956704 -0.11276269547858551 0.14835017286855359 -0.074833155597131176 0.035509561664118984 -0.050329867935046839 -0.46648317228785108 0.042721634573822498 0.98490884026479764 0.5425916099877619 0.0045577693362191338 0.17851815699166526 0.052650851921158738 0.20670004855664459 0.38833336777433564 0.65130164969149762 0.06704788071574215 0.067225113646734128 -0.083211107008992688 -0.035243015933598784 0.19754172278088752 0.16661306715605145 -0.073661630193502997 0.084233236200162792 -0.033582949599189053 -0.41156970299906526 -0.04923526639599396 -0.17153076228487429 -0.43808947262784204 0.045354841290467782 0.0046050863282024301 -0.10720065569954694 -0.06911904093002727 -0.15226342135276638 -0.22259532119485967 0.19341619360470144 -1.7783128717248093 -0.43667910999757709 0.059568127489155513 -0.16189114092816992 -0.37347614368226345 -0.032198231707052313 -0.42176769915041518 -1.2937627732235486 0.089257991602840855 -0.18404293538390826 -2.4772299644175413 -3.9220076442415741 0.012823209426489336 -0.31903950822162552 -0.06559318422736958 0.15120167452887465 0.022732057438031274 -0.050019360832752741 -2.9582124414024862 -1.0220342540543412 -0.23423352608562809 -1.8790279067652986 0.0006149878422081293
leaf_weight=15701 12210 36236 95 22985 14720 268 7949 15171 48931 2696 141 15357 416 2124 29497 9703 35658 16940 22849 4426 698 4358 7012 13259 11134 1929 1978 337 5039 824 1707 2024 175 20558 112832 99 6227 490 2680 1700 29 158 546 414 733 2143 731 36 4557 16591 33 24 208 355 588 90 6115 7161 343 534 251 322 765
leaf_count=15701 12210 36236 95 22985 14720 268 7949 15171 48931 2696 141 15357 416 2124 29497 9703 35658 16940 22849 4426 698 4358 7012 13259 11134 1929 1978 337 5039 824 1707 2024 175 20558 112832 99 6227 490 2680 1700 29 158 546 414 733 2143 731 36 4557 16591 33 24 208 355 588 90 6115 7161 343 534 251 322 765
internal_value=0.000260121 0.000225297 0.000284874 0.000474191 0.000573819 0.000885639 2.30247e-05 -0.000481903 0.000260461 -0.00214732 -0.00858268 0.000271046 0.00077904 -2.48086e-06 0.000291183 0.000868141 0.00133119 0.00101696 0.00111187 0.00173367 0.000412736 -6.25407e-05 -0.000237238 0.000402181 0.000753581 -0.000764883 -0.00317401 -0.000149422 -0.00119012 -0.00203253 -0.00351504 -0.00481179 -0.00188744 0.00106065 -2.2146e-05 -0.0158333 -0.00139574 -0.00867521 -0.000191566 -0.00173424 -0.00316575 0.000557299 -0.0028712 -0.00697552 -0.00442879 0.000751474 -0.000586054 -0.00464798 -0.000799648 -0.00117143 0.00133196 -0.017807 -0.00637088 -0.00256788 -0.00482575 -0.00938202 0.00121374 -0.0007251 -0.00362336 -0.0068016 -0.0077907 -0.0116667 -0.00347974
internal_weight=551860 536159 499923 290147 262766 129449 209776 27381 53866 3204 508 133317 46660 86657 63328 28849 75583 52598 38206 14129 50662 195712 142241 53471 39445 6635 2563 135054 14717 10359 5320 3613 7187 32810 120337 240 7505 585 34479 4982 3282 21676 1118 572 1278 4072 14026 767 23329 18772 2181 57 941 1731 1033 445 14064 8454 1293 877 602 351 2789
internal_count=551860 536159 499923 290147 262766 129449 209776 27381 53866 3204 508 133317 46660 86657 63328 28849 75583 52598 38206 14129 50662 195712 142241 53471 39445 6635 2563 135054 14717 10359 5320 3613 7187 32810 120337 240 7505 585 34479 4982 3282 21676 1118 572 1278 4072 14026 767 23329 18772 2181 57 941 1731 1033 445 14064 8454 1293 877 602 351 2789
is_linear=0
shrinkage=0.05


Tree=104
num_leaves=64
num_cat=0
split_feature=45 27 22 31 13 28 32 30 16 28 38 40 29 13 43 10 37 10 43 18 6 14 13 37 14 13 44 11 31 44 43 20 13 11 33 29 41 35 16 16 43 11 22 38 14 16 22 26 31 10 10 16 14 37 11 0 19 3 10 25 21 38 5
split_gain=9.16788 8.94691 10.0001 11.3336 14.2349 14.022 11.4692 10.7907 10.5716 17.6347 10.2293 8.65754 12.3552 11.6322 12.2563 9.11703 11.1382 8.45379 8.07877 8.29739 8.07822 7.87525 14.9006 11.2919 10.9313 10.8437 17.6365 12.7862 9.44651 10.3348 10.6578 9.93633 17.1131 12.9764 15.868 8.84304 9.98969 8.7413 13.4978 8.22388 8.22297 8.11816 7.40188 7.71025 7.27501 7.26556 7.23751 9.68544 7.21634 8.59603 7.17403 7.16441 7.11947 11.6174 9.68252 8.09491 8.17896 7.20262 6.97412 6.88607 6.87104 6.83395 9.26368
threshold=1.5000000000000002 13.550000000000002 59.500000000000007 7.3621292623347516 3.5000000000000004 20.705000000000002 10.947244603802046 35.500000000000007 -15.453478342077812 6.245000000000001 38.350000000000001 977.55000000000007 5.6837542803795289 2.5000000000000004 -131.24999999999997 39.225000000000009 40.500000000000007 23.325000000000006 1972.5000000000002 20.350000000000005 108.59166666666667 6.5000000000000009 2.5000000000000004 84.500000000000014 7.5000000000000009 2.5000000000000004 -3059.2499999999986 -0.5 5.7675701756299143 -11338.249999999998 -1.0000000180025095e-35 -0.25881904510252068 3.5000000000000004 -0.37940952255126065 16.550000000000004 0.28305743090441415 13166.500000000002 -0.28400453026986777 10.478624712511484 9.8219965792408441 -882.49999999999989 0.91597561503675362 87.500000000000014 31.850000000000005 7.5000000000000009 3.761564072082026 84.500000000000014 6961.7500000000009 -5.7446769917272293 35.025000000000006 40.125000000000007 -3.934578956497178 7.5000000000000009 40.500000000000007 -0.78656609248549292 58.025000000000006 -0.96811077628253228 31.050000000000004 7.2350000000000012 975.25000000000011 907.50000000000011 12.450000000000001 72.02500000000002
decision_type=2 8 2 2 2 2 2 2 2 2 2 2 2 2 2 10 2 8 2 2 8 2 2 2 2 2 2 2 2 2 2 2 2 2 2 2 2 2 2 2 2 2 2 2 2 2 2 2 2 10 10 2 2 2 2 2 2 10 10 2 2 2 8
left_child=1 -1 3 4 5 7 52 10 9 -6 44 12 21 20 -15 -13 -17 58 -7 -20 -14 25 23 40 39 26 27 48 29 -24 31 32 -31 -34 50 -27 -37 -32 -39 41 -23 -25 43 -28 -3 -8 47 -26 -4 -50 -35 61 54 -54 -5 56 -56 -57 -2 -41 -9 -18 -63
right_child=17 2 11 6 8 18 45 60 -10 -11 -12 15 13 14 -16 16 51 -19 19 -21 -22 22 28 24 46 35 42 -29 -30 30 37 -33 33 34 -36 36 -38 38 -40 59 -42 -43 -44 -45 -46 -47 -48 -49 49 -51 -52 -53 53 -55 55 57 -58 -59 -60 -61 -62 62 -64
leaf_value=0.084671911952190926 0.12734258631231668 -0.012408524306766056 -0.13260281060229051 -0.038078393499982932 0.043559337639711787 0.27549890366007757 -0.061183977530169825 -0.047358319887886566 0.18365289804861432 -0.42461312735993284 0.36134882425389236 0.047822026587571467 0.084156885621294503 0.16521422503192737 -0.34915278264123695 -0.33526216037173778 -0.92663686187532235 0.032072340122911019 -0.083724747552385737 -0.60828154727671668 -0.93994329907802843 -0.47796525484430125 0.18159103510240857 -0.024677805694343413 0.097363813199380575 0.25711434451721699 0.17386596505615537 -0.077824157824158302 0.025060085965973422 -0.0062030455967673429 0.0020333355872590888 -0.050682418534726173 -0.064904782448629031 -0.34753642531595924 -0.048292949586346681 0.034800263481780745 -0.77902290230813942 -0.084532610608707662 -0.31674229373147961 -0.16939580758555017 0.080058841612493464 -0.2026638153212188 -0.10499152307700177 -0.098050862829261717 0.20167202461271111 -0.44097007214668671 0.23614335785601415 -0.27828302745381683 -0.57906188207184839 -0.0041023012363407222 -0.10242363074106127 0.053520512642065546 -0.17331835682077074 0.036165123747976889 -0.09367846777177874 -0.19743549674406438 0.099550066312552948 0.052602369186910941 -0.14467662023052136 -0.3000120259063942 -0.1811997341888576 -0.12452089253577014 0.059340870511985694
leaf_weight=25147 1796 45722 162 16903 4684 11046 721 6878 59127 997 3807 94100 2393 792 3446 1765 1597 17776 430 40 151 30 1827 5453 1021 8467 5945 606 10954 2427 12200 5630 1637 2889 820 5127 181 7925 802 414 20219 1965 2594 2616 13797 868 3828 620 341 94 479 32449 8035 8268 1646 3919 21560 17976 14074 185 3444 8428 10620
leaf_count=25147 1796 45722 162 16903 4684 11046 721 6878 59127 997 3807 94100 2393 792 3446 1765 1597 17776 430 40 151 30 1827 5453 1021 8467 5945 606 10954 2427 12200 5630 1637 2889 820 5127 181 7925 802 414 20219 1965 2594 2616 13797 868 3828 620 341 94 479 32449 8035 8268 1646 3919 21560 17976 14074 185 3444 8428 10620
internal_value=0.000252329 0.000304257 0.000257338 0.000498286 0.000754541 0.0003296 1.72726e-05 7.59018e-05 0.00131296 -0.000747227 0.000320248 4.69039e-05 -0.00028055 -0.00235034 -0.0039547 0.000298035 -0.000214276 -0.000547465 0.00195207 -0.00446808 0.000322327 -0.000149919 -0.000392561 0.000411294 -0.000709625 0.000605174 -0.000470141 -0.00622194 -0.000962387 -0.00134758 -0.00153998 -0.00261418 -0.0037191 -0.00518884 -0.00666428 0.00156987 -3.0143e-05 -0.0008274 -0.00203564 -0.00188537 0.00115784 -0.0014303 0.000150157 0.000859129 0.000159529 -0.00418817 0.0010139 -0.00176417 -0.0114154 -0.0147701 -0.0081829 -8.43785e-05 0.000102609 -0.000827148 0.000347075 0.000729585 0.00138025 3.99636e-05 -0.00138626 -0.00752087 -0.00142317 -0.000812545 -0.000549139
internal_weight=551860 518214 493067 229868 149972 85164 79896 73648 64808 5681 63326 263199 114240 6782 4238 148959 54859 33646 11516 470 2544 107458 81325 33735 13486 26133 12358 1203 47590 36636 34809 13882 8252 5825 4188 13775 5308 20927 8727 8017 20249 7418 11155 8561 59519 1589 5469 1641 597 435 3368 53094 78307 16303 62004 45101 23206 21895 15870 599 10322 20645 19048
internal_count=551860 518214 493067 229868 149972 85164 79896 73648 64808 5681 63326 263199 114240 6782 4238 148959 54859 33646 11516 470 2544 107458 81325 33735 13486 26133 12358 1203 47590 36636 34809 13882 8252 5825 4188 13775 5308 20927 8727 8017 20249 7418 11155 8561 59519 1589 5469 1641 597 435 3368 53094 78307 16303 62004 45101 23206 21895 15870 599 10322 20645 19048
is_linear=0
shrinkage=0.05


Tree=105
num_leaves=64
num_cat=0
split_feature=8 22 11 44 12 19 27 36 9 10 35 0 1 10 10 38 9 5 1 27 10 14 16 37 23 3 40 21 1 30 41 0 30 15 32 23 14 11 5 0 3 44 15 23 40 8 27 27 18 30 13 43 13 25 21 26 43 23 32 22 13 24 26
split_gain=8.78125 7.71471 8.55548 9.43983 9.04752 8.90652 7.40197 7.00015 6.45961 5.53765 6.12979 5.22948 6.90417 6.51478 5.78545 5.44308 5.20997 8.54323 5.08757 5.0629 5.25635 5.25155 6.75931 8.1222 5.40005 6.00764 5.34769 5.03367 4.95574 4.83383 4.61037 4.78049 4.60078 8.93488 8.83086 7.17091 6.22731 5.59632 5.05904 4.49488 4.45915 4.6453 4.44632 4.43233 4.90733 4.8974 5.03766 4.68438 4.42712 4.42357 4.39151 5.36701 4.86648 5.0945 6.08031 4.82434 5.61401 4.59772 4.40551 6.19452 6.06348 5.91379 5.10853
threshold=-1.4999999999999989 63.500000000000007 0.37940952255126054 1260.7500000000002 0.37940952255126048 0.77159520228797462 51.050000000000004 67.500000000000014 65.550000000000011 72.925000000000026 0.55191596924288711 120.07500000000002 76.625000000000014 10.215000000000002 7.2350000000000012 18.850000000000005 58.550000000000004 16.550000000000004 133.25000000000003 53.550000000000004 40.125000000000007 3.5000000000000004 -12.117647731709871 84.500000000000014 13.15 169.25000000000003 981.1500000000002 3302.5000000000005 17.050000000000004 73.500000000000014 3114.5000000000005 378.75000000000006 24.500000000000004 1.0000000180025095e-35 8.3324246518880454 38.850000000000001 4.5000000000000009 -0.37940952255126065 19.975000000000005 458.25000000000006 17.950000000000003 -14439.499999999998 1.0000000180025095e-35 18.650000000000002 977.1500000000002 -1.2749999999999984 25.050000000000004 108.12500000000001 19.450000000000003 3.5000000000000004 1.0000000180025095e-35 96.250000000000014 1.5000000000000002 985.95000000000016 21.250000000000004 36771.500000000007 527.50000000000011 14.850000000000003 4.475237908141275 86.500000000000014 5.5000000000000009 4.1500000000000012 18086.000000000004
decision_type=8 2 2 2 2 2 8 2 10 10 2 2 10 8 10 2 10 8 10 10 10 2 2 2 2 10 2 2 8 2 2 2 2 2 2 2 2 2 10 2 8 2 2 2 2 10 10 10 2 2 2 2 2 2 2 2 2 2 2 2 2 2 2
left_child=1 2 4 5 9 -4 -6 29 -9 10 40 12 16 14 -13 -16 -2 -18 -15 20 39 22 23 -22 -25 -26 -24 48 -19 -3 -12 -32 33 50 35 42 -36 38 -35 -20 41 -1 -34 47 45 46 -45 -39 -23 -17 51 -30 53 -52 -55 -53 -57 -54 59 60 -59 62 -62
right_child=11 7 3 -5 6 -7 -8 8 -10 -11 30 13 -14 18 15 49 17 28 19 -21 21 27 26 24 25 -27 -28 -29 32 -31 31 -33 34 37 36 -37 -38 43 -40 -41 -42 -43 -44 44 -46 -47 -48 -49 -50 -51 52 55 57 54 -56 56 -58 58 -60 -61 61 -63 -64
leaf_value=-0.28179896954757833 0.030717658108686693 0.15478167041070251 0.3910513725416247 0.002939480862691819 0.30392640476677146 -0.005792977114579342 0.083649099637195315 0.024340856953283765 -0.034802317477628707 -0.16116113781355146 -0.062144037792074662 0.066213936367236811 0.083645882572994365 -0.20536144131148953 -0.22081243938445103 -5.1227112583912433 -0.060576317728577772 -0.09687305480916221 0.2041896996103772 0.17492430701740561 -0.54872554810894814 -0.17769390993698839 -4.6251439743958089 -0.71885573194272046 -3.3777837649568641 -1.454848182549398 -0.44671043095574775 -2.2671670378993611 -0.077495298223285825 -0.31018516675930391 0.092457839878451506 -5.7924598075362219 -0.078908046000240886 -0.37936518092833588 -0.041990584413993878 0.19008133043665507 -0.31195991311077687 -0.3382003245729806 -0.14107180953273898 -0.97917042093444495 0.0032298284224410775 -0.065962936757823734 0.36514646909324999 0.021375924761608382 0.13256566323461536 -0.13019486211858541 -1.0359121690477373 -1.8762051463843308 0.77792965919425816 -0.10750763687281938 0.14339527883793052 0.061174983208485315 0.42957567546052866 -0.640203299246906 -0.040836146151468793 -0.23804012354165027 0.031592607972275477 -0.008863821582724701 0.052448344847803953 -0.099923094434497609 0.1446407345193603 -0.84172388243729024 -0.042300802544164177
leaf_weight=310 53368 22160 17546 7953 8858 3943 17526 52849 41423 6102 4015 830 46175 18279 825 844 16581 5942 9909 13210 223 9294 40 56 71 34 3530 35 9839 200 17944 37 11403 438 1231 3391 1701 174 1842 878 31112 1520 1018 27 2298 772 57 57 1005 276 13535 6115 1554 64 2330 159 182 35571 25027 6581 9649 28 1914
leaf_count=310 53368 22160 17546 7953 8858 3943 17526 52849 41423 6102 4015 830 46175 18279 825 844 16581 5942 9909 13210 223 9294 40 56 71 34 3530 35 9839 200 17944 37 11403 438 1231 3391 1701 174 1842 878 31112 1520 1018 27 2298 772 57 57 1005 276 13535 6115 1554 64 2330 159 182 35571 25027 6581 9649 28 1914
internal_value=0.000247799 0.00048069 0.000767803 0.00150499 0.000519537 0.00204965 0.00129321 0.000193 4.3493e-06 0.000185125 0.000343842 7.6988e-05 0.000173981 -0.000346399 -0.00271171 -0.00420308 5.37475e-05 -8.93527e-05 -0.000230358 9.72968e-05 -0.00032004 -0.000949048 -0.00249874 -0.00880208 -0.0173602 -0.0240476 -0.00182073 -0.000356106 3.53048e-05 0.000988372 0.00099018 0.00133224 9.66364e-05 0.000212033 -0.000631135 -0.000163799 -0.00315143 -0.00172551 -0.00364035 0.000513118 -8.77298e-05 -0.00248634 -0.000720151 -0.000435746 5.39e-05 -0.00317757 -0.0146429 -0.00712121 -0.000291776 -0.00647321 0.000309557 -0.000449524 0.000438064 0.00123642 -0.000889724 0.000670694 -0.0051173 0.000279742 0.000226609 -2.85617e-05 0.000171961 0.00116513 0.0012207
internal_weight=551860 233498 116866 29442 87424 21489 26384 116632 94272 61040 54938 318362 259023 59339 2775 1945 212848 159480 56564 38285 25075 14288 3954 384 161 105 3570 10334 142899 22360 21996 17981 136957 118213 18744 15812 2932 5665 2280 10787 32942 1830 12421 3385 3154 856 84 231 10299 1120 112548 16295 96253 15929 2394 6456 341 80324 78770 53743 47162 11591 11563
internal_count=551860 233498 116866 29442 87424 21489 26384 116632 94272 61040 54938 318362 259023 59339 2775 1945 212848 159480 56564 38285 25075 14288 3954 384 161 105 3570 10334 142899 22360 21996 17981 136957 118213 18744 15812 2932 5665 2280 10787 32942 1830 12421 3385 3154 856 84 231 10299 1120 112548 16295 96253 15929 2394 6456 341 80324 78770 53743 47162 11591 11563
is_linear=0
shrinkage=0.05


Tree=106
num_leaves=64
num_cat=0
split_feature=8 12 42 17 32 22 11 4 37 32 27 13 29 37 38 26 1 17 30 31 41 29 29 21 0 17 16 38 4 23 42 10 15 14 25 16 7 6 25 37 31 14 11 31 43 32 37 12 32 29 9 16 25 23 38 14 16 5 38 26 13 13 40
split_gain=8.27756 7.25711 7.45992 7.11486 6.58377 6.26218 11.0561 7.30094 6.23336 8.39984 5.88606 5.2995 6.54687 7.93653 6.266 5.01842 8.78357 6.09164 4.95982 4.74672 5.32331 5.45151 9.18424 4.88476 4.69817 4.42585 6.45012 5.19335 8.43678 5.68182 5.19809 4.41796 6.92329 6.09589 12.109 10.6651 6.71874 5.46162 4.76374 4.47004 8.19241 7.13676 7.04221 8.77029 6.86544 5.33058 5.25504 8.07287 8.75532 7.24842 5.19654 7.48063 7.3961 5.51443 6.13674 5.42978 10.8559 6.77194 7.70386 8.31035 5.58791 7.15037 6.54091
threshold=-1.4999999999999989 0.60355339059327384 6.3500000000000014 -5.129887376840502 -14.741815179544437 61.500000000000007 0.37940952255126054 29.050000000000004 39.500000000000007 10.765966953498088 45.050000000000004 3.5000000000000004 3.7863405273500339 15.500000000000002 37.650000000000013 18086.000000000004 18.050000000000004 9.0616305104452479 11.500000000000002 7.6893758342079837 2170.5000000000005 0.39379869351025293 27.910860417182956 107.50000000000001 458.25000000000006 -10.440595499701852 16.599707372873919 31.650000000000002 71.325000000000017 31.250000000000004 4.8500000000000014 1.0000000180025095e-35 1.0000000180025095e-35 8.5000000000000018 985.25000000000011 4.9734023493651867 98.795643939393969 20.500000000000018 981.25000000000011 71.500000000000014 7.3621292623347516 7.5000000000000009 0.37940952255126054 -13.440885184228451 1402.5000000000002 1.6553908473898116 34.500000000000007 0.1294095225512602 -4.3744509185951523 63.785311456001033 291.25000000000006 -12.117647731709871 984.75000000000011 13.15 11.850000000000003 6.5000000000000009 -1.9769833988162959 69.77500000000002 27.950000000000003 1860.2500000000002 1.0000000180025095e-35 2.5000000000000004 980.05000000000007
decision_type=8 2 2 2 2 2 2 10 2 2 8 2 2 2 2 2 8 2 2 2 2 2 2 2 2 2 2 2 10 2 2 10 2 2 2 2 8 8 2 2 2 2 2 2 2 2 2 2 2 2 10 2 2 2 2 2 2 10 2 2 2 2 2
left_child=1 5 3 4 -3 6 11 -7 9 10 -4 14 -13 -14 18 -5 17 -17 -1 20 -9 -22 25 -21 31 26 -23 -27 30 -30 -29 32 -2 -34 35 37 -37 -35 -38 40 42 50 46 45 -45 -44 -33 48 -48 -50 55 52 -52 -54 -55 -41 57 -57 59 -59 -58 62 -62
right_child=24 2 8 15 -6 7 -8 19 -10 -11 -12 12 13 -15 -16 16 -18 -19 -20 23 21 22 -24 -25 -26 27 -28 28 29 -31 -32 39 33 34 -36 36 38 -39 -40 41 -42 -43 43 44 -46 -47 47 -49 49 -51 51 -53 53 54 -56 56 60 58 -60 -61 61 -63 -64
leaf_value=-0.0034924012047999422 0.066519062944396523 -0.025904556700859633 -0.33353018353182984 0.06496057411531915 0.38180675785359641 0.041788247106509156 0.18645900949621111 0.010237534319472158 0.025987206531091663 -0.61396322270841497 -0.027454491598228214 0.0092263349567682455 -0.079742950439106897 0.19745892865226511 0.11062599121513111 0.361218569362801 0.19970730881408813 -0.29606908149895583 -0.11171928461174117 -0.075139234136508692 -0.03704977901865901 -0.63397872372644593 0.12669376615607247 0.072544407124443863 -0.91558157074230939 -0.13508473168794707 -1.07788399743793 -0.0021407355267020413 0.58079689372451682 -0.87400663570895354 -0.6470045994702488 0.088788818708728762 -0.036406878871867214 -0.26542177672984152 1.0667032243098238 -1.9773445952995552 0.78992829722772306 -0.3028911214554037 -1.8791824758809768 0.0043952439055098191 -0.017895109441057985 0.015830420939035052 -0.39130522912869153 0.20380709996757887 -0.21812420275068953 0.0053559455217896705 0.10224442460014374 0.08818576739693415 -0.050450598437912046 -0.18479217085284266 -0.38551734073469246 -0.20275740128370737 -0.047317462622477775 -3.7103051311646604 -0.95070844142884714 -0.0035983548581546318 -0.23897817323130993 -0.010621014675027319 0.22410239621945399 -0.7818157152921773 0.11607084930652617 -0.14686253803304491 -0.39862378852345165
leaf_weight=21149 26297 2571 188 37500 14220 20127 21252 17501 10444 389 2009 16905 1710 10882 5051 42 199 164 8101 5531 19942 303 1230 12361 4009 3120 74 263 22 88 160 22092 1083 43 199 67 24 158 28 25888 67455 52188 1086 25873 147 5590 8072 22929 24162 1606 398 3079 71 77 160 16069 1299 139 217 209 1661 5828 159
leaf_count=21149 26297 2571 188 37500 14220 20127 21252 17501 10444 389 2009 16905 1710 10882 5051 42 199 164 8101 5531 19942 303 1230 12361 4009 3120 74 263 22 88 160 22092 1083 43 199 67 24 158 28 25888 67455 52188 1086 25873 147 5590 8072 22929 24162 1606 398 3079 71 77 160 16069 1299 139 217 209 1661 5828 159
internal_value=0.000244084 0.000470197 0.000906299 0.00116243 0.00201924 0.000292028 0.000591417 -2.34135e-05 -0.000168841 -0.00236659 -0.0011675 0.000262391 0.000753806 0.0016169 -0.000160199 0.000782878 -0.00475309 -0.0119903 -0.000441025 -0.000297467 -0.000583917 -0.00104912 -0.00248099 0.000386206 7.82444e-05 -0.00363524 -0.0087931 -0.00310293 -0.00766416 -0.02 -0.00445626 9.99356e-05 0.000700563 -0.00249064 -0.00694605 -0.0129687 -0.0248319 -0.00594527 -0.0113462 4.14379e-05 0.000194456 -0.00021351 0.000457479 0.00107444 0.00148924 -0.000542241 0.000201684 -5.29336e-05 -0.000543735 -0.000993868 -0.000609548 -0.00239762 -0.00703966 -0.0128571 -0.016519 -0.000478055 -0.000994683 -0.000239269 -0.00561947 -0.0102299 -0.00239913 -0.00188415 0.000851649
internal_weight=551860 233498 67726 54696 16791 165772 85050 80722 13030 2586 2197 63798 29497 12592 34301 37905 405 206 29250 60595 42703 25202 5260 17892 318362 4030 377 3653 533 110 423 314353 27899 1602 519 320 119 201 52 286454 179012 107442 111557 32696 26020 6676 78861 56769 33840 25768 55254 3785 706 308 237 51469 25581 16634 565 348 8947 7648 1820
internal_count=551860 233498 67726 54696 16791 165772 85050 80722 13030 2586 2197 63798 29497 12592 34301 37905 405 206 29250 60595 42703 25202 5260 17892 318362 4030 377 3653 533 110 423 314353 27899 1602 519 320 119 201 52 286454 179012 107442 111557 32696 26020 6676 78861 56769 33840 25768 55254 3785 706 308 237 51469 25581 16634 565 348 8947 7648 1820
is_linear=0
shrinkage=0.05


Tree=107
num_leaves=64
num_cat=0
split_feature=45 10 8 40 26 0 5 42 25 36 0 40 42 9 1 3 16 7 38 40 35 15 13 22 23 17 0 24 7 40 33 32 12 32 38 4 22 41 7 23 18 9 35 3 14 36 9 38 0 11 22 10 5 9 40 13 28 0 16 26 24 31 22
split_gain=8.41937 7.83525 7.51906 8.12015 7.46115 7.30542 8.74723 10.4696 7.9154 7.48501 6.8954 7.76152 7.32273 6.74044 6.43915 6.37603 6.12137 6.13232 5.82526 7.28785 5.73589 8.03084 6.98691 7.57882 6.80828 6.23275 5.4572 5.4428 5.34583 5.29393 5.22381 5.18954 5.04944 5.29047 5.43996 5.95846 4.89686 5.59062 5.81496 5.44841 4.77513 4.75912 4.7329 4.64526 4.63617 6.32571 6.55691 6.61777 8.62893 4.63175 4.54223 4.44721 4.39495 7.59253 5.46601 4.71532 9.06827 6.78005 5.85262 5.19129 5.35487 5.48056 5.21933
threshold=1.5000000000000002 23.325000000000006 -1.4999999999999989 989.1500000000002 756.25000000000011 63.050000000000004 52.025000000000006 6.3500000000000014 976.35000000000002 190.62500000000003 32.050000000000004 997.05000000000007 4.9000000000000021 28.050000000000004 61.525000000000013 17.050000000000004 -10.440944703380501 75.897916666666674 26.950000000000003 978.1500000000002 -0.62249093318774762 1.0000000180025095e-35 1.0000000180025095e-35 97.500000000000014 30.450000000000003 5.4000000000000004 458.25000000000006 2.6500000000000008 41.565942028985518 979.6500000000002 5.4500000000000011 -14.741815179544437 0.60355339059327384 8.239178195002383 7.9500000000000011 290.25000000000006 61.500000000000007 13381.250000000002 87.644345238095255 31.050000000000004 27.150000000000002 25.250000000000004 -0.66259481767468253 16.550000000000004 11.500000000000002 37.500000000000007 573.25000000000011 11.550000000000002 160.25000000000003 -0.78656609248549292 61.500000000000007 1.0000000180025095e-35 11.850000000000003 57.050000000000004 991.95000000000016 5.5000000000000009 0.49500000000000005 401.25000000000006 -15.453478342077812 18495.500000000004 0.95000000000000007 -10.809636061826316 75.500000000000014
decision_type=2 8 8 2 2 2 10 2 2 2 2 2 2 10 8 8 2 8 2 2 2 2 2 2 2 2 2 2 10 2 2 2 2 2 2 10 2 2 10 2 2 10 2 8 2 2 8 2 2 2 2 10 8 8 2 2 2 2 2 2 2 2 2
left_child=2 10 3 5 43 6 8 9 20 31 -2 12 -12 -10 15 -7 17 -13 19 -15 21 22 -1 24 -24 -23 -3 -25 -27 30 -26 -8 33 34 35 -16 37 -17 -39 40 -38 -22 -41 -5 -45 -46 -47 48 -48 -33 -11 -43 53 54 -4 -54 57 59 -58 60 -57 62 -62
right_child=1 26 52 4 -6 14 7 -9 13 50 11 16 -14 18 32 36 -18 -19 -20 -21 41 25 23 27 29 28 -28 -29 -30 -31 -32 49 -34 -35 -36 -37 39 38 -40 42 -42 51 -44 44 45 46 47 -49 -50 -51 -52 -53 55 -55 -56 56 58 -59 -60 -61 61 -63 -64
leaf_value=-0.14819442724832474 -0.0052210216916723723 0.039339366489134539 0.050345563175130517 -1.3704346492067612 0.29945557104139192 -0.66682428027461393 -0.048810040531309849 -0.04092703749635327 0.12174170309053174 0.13940824919128011 -0.50110650966961712 -1.2484876655685515 -0.10339725140520457 -0.10360429804010569 -0.82941876444755458 0.021502936337149926 0.13856872648249094 -0.31703694055961218 0.046082647378333272 0.01090569619615845 0.077215187294880916 -0.082443348740649791 0.052334962812583541 -0.011468423552224308 0.055753245527044887 -0.34172437029754477 -3.6849458223694729 -0.2536490412412295 0.01178533232899677 -0.42344300970283788 -0.16050278776501747 0.086250409700265762 0.12045467547315801 0.17723550352092224 -0.08890614584992218 -4.1667923432578178 -0.24811960224402499 -0.087777724165219562 -1.2705897228221383 -1.7176685929249869 -1.8846411153113865 -0.19407396958926962 -0.80681771282502257 0.17521226159963688 1.062616077823596 0.63015964100279476 -1.5632206382358322 -1.5760648606690086 -4.6544454272577918 0.38692816875267844 -0.0055767604443913953 -0.00098398841533835191 0.0070539320514202489 -0.081849915209292995 -0.076001235694416053 0.057818285030294098 -0.16221728784659947 -1.3787988888959688 0.22774708311575004 -0.1012198737398802 0.45457764936916212 -0.03553668558132124 -0.44700604224749024
leaf_weight=2088 6949 17582 3875 40 15265 189 1437 7680 8177 14654 4712 39 2093 2912 292 4178 2008 69 40281 9870 7387 160 6589 78 1229 103 194 98 33 20 2565 2737 15046 3495 20380 77 1746 365 192 39 23 603 66 2545 367 209 42 287 64 12861 7555 25658 244323 9043 20 26786 688 728 10151 2018 61 604 235
leaf_count=2088 6949 17582 3875 40 15265 189 1437 7680 8177 14654 4712 39 2093 2912 292 4178 2008 69 40281 9870 7387 160 6589 78 1229 103 194 98 33 20 2565 2737 15046 3495 20380 77 1746 365 192 39 23 603 66 2545 367 209 42 287 64 12861 7555 25658 244323 9043 20 26786 688 728 10151 2018 61 604 235
internal_value=0.000241275 -0.000525174 0.000291038 0.00051306 0.00150619 0.000420013 0.000584558 0.00115442 0.000336622 0.00148481 -0.0013327 -0.00225255 -0.00307494 0.00071032 -0.000132572 -0.0015534 0.00039225 -0.0112037 0.000504401 -0.000425598 -0.000154363 -0.00104798 -0.00085774 -0.000336043 -0.000161972 -0.00918919 0.00019577 -0.010625 -0.0170588 -0.00184321 -0.00170796 0.00227326 0.000113261 -0.000333278 -0.000636416 -0.00665312 -0.00129445 -0.000438226 -0.00514363 -0.00345784 -0.00280102 0.000189907 -0.0145238 -0.000557119 -0.000364257 -0.00330753 -0.00646179 -0.0102672 -0.0209434 0.00253815 0.000880049 -0.000125471 0.000127658 -0.00077369 0.00107189 0.000168491 0.000662814 0.000220492 0.0019047 0.000337328 0.000515784 -0.00327778 -0.00885135
internal_weight=551860 33646 518214 219682 18819 200863 154775 46924 107851 39244 15870 8921 6805 61240 46088 6798 2116 108 53063 12782 46611 12963 12667 10579 10403 296 17776 176 136 3814 3794 17035 39290 24244 20749 369 6609 4735 557 1874 1769 33648 105 3554 3514 969 602 393 106 15598 22209 26261 298532 12938 3895 285594 41271 30432 10839 29704 27686 900 296
internal_count=551860 33646 518214 219682 18819 200863 154775 46924 107851 39244 15870 8921 6805 61240 46088 6798 2116 108 53063 12782 46611 12963 12667 10579 10403 296 17776 176 136 3814 3794 17035 39290 24244 20749 369 6609 4735 557 1874 1769 33648 105 3554 3514 969 602 393 106 15598 22209 26261 298532 12938 3895 285594 41271 30432 10839 29704 27686 900 296
is_linear=0
shrinkage=0.05


Tree=108
num_leaves=64
num_cat=0
split_feature=12 45 38 13 23 32 23 20 11 17 12 6 33 38 20 32 25 43 21 8 29 36 33 31 22 22 25 0 35 32 12 33 21 25 39 38 19 31 36 23 23 19 38 13 20 0 5 26 31 40 32 25 6 16 9 13 25 36 41 20 34 4 0
split_gain=7.66735 9.07373 9.74184 15.717 13.9362 13.4598 11.1846 10.7047 10.3439 14.8621 8.03305 7.74087 7.8844 7.40177 7.18752 7.02747 9.65094 13.6157 8.93264 6.8254 8.43874 8.25117 8.54203 6.94403 10.6112 7.48792 7.2396 7.51829 6.78473 6.51421 6.50348 11.1385 7.89927 6.55704 6.61698 6.50607 7.68436 8.85897 6.99518 6.33362 6.30179 6.29118 6.21722 8.07786 7.30965 6.92409 7.80444 6.15926 6.1405 6.08667 7.36878 7.23339 6.5353 6.64483 6.07335 9.32364 6.05918 5.99037 7.60947 6.11705 5.88412 7.64246 5.82083
threshold=0.60355339059327384 1.5000000000000002 28.850000000000005 4.5000000000000009 28.050000000000004 -7.5383158261326146 27.750000000000004 -0.63605400036818849 -0.25881904510252113 4.9935165905460179 0.1294095225512602 361.75000000000006 21.050000000000004 34.050000000000004 -0.83385407025023273 6.3081315103277431 980.1500000000002 782.50000000000011 1982.5000000000002 17.025000000000009 31.319248849604204 67.500000000000014 5.4500000000000011 7.8715773642545637 18.500000000000004 93.500000000000014 968.35000000000002 51.050000000000004 -0.82409480842201666 -3.3612811546596117 -0.78656609248549325 18.950000000000003 1367.5000000000002 989.35000000000002 0.95000000000000007 26.650000000000002 0.82409480842201688 -16.16816420988296 567.50000000000011 30.350000000000005 10.450000000000001 0.79332313182700753 31.750000000000004 2.5000000000000004 0.96359376111369366 33.925000000000004 37.95000000000001 1930.2500000000002 12.792572392965683 982.95000000000016 3.3145880551677291 992.45000000000016 70.458333333333357 19.379507826676939 40.050000000000004 1.5000000000000002 972.75000000000011 1047.5000000000002 28587.250000000004 0.4539904997395468 0.93038214053199464 112.05000000000001 16.050000000000004
decision_type=2 2 2 2 2 2 2 2 2 2 2 8 2 2 2 2 2 2 2 8 2 2 2 2 2 2 2 2 2 2 2 2 2 2 2 2 2 2 2 2 2 2 2 2 2 2 10 2 2 2 2 2 10 2 10 2 2 2 2 2 2 10 2
left_child=1 2 3 4 5 -1 -4 62 9 -5 -11 12 40 19 -6 42 57 -18 -19 21 -21 -2 -23 41 -25 26 -26 -28 54 -13 31 32 33 34 -16 36 -32 -38 -37 -3 -10 -24 43 44 -8 48 -47 -27 56 52 -51 -52 -29 -54 -22 -56 -44 -17 59 -59 -14 -62 -7
right_child=13 39 6 8 14 7 15 -9 11 10 -12 29 60 -15 30 16 17 18 -20 20 28 22 23 24 25 47 27 49 -30 -31 35 -33 -34 -35 -36 38 37 -39 -40 -41 -42 -43 45 -45 -46 46 -48 -49 -50 50 51 -53 53 -55 55 -57 -58 58 -60 -61 61 -63 -64
leaf_value=-0.11537147834234979 0.16175694344153771 -0.016184262407755844 0.13612831328240096 0.013951484331895303 0.048151771720123464 0.089210031987699834 0.0704931637484668 0.045633547079234657 -0.92333106359121142 -0.54520506351642106 -0.11742847899224335 0.31312508489871088 0.0034949309119709608 0.75234396637228562 -0.41577685457932079 -0.027112555045824323 0.14877916108095013 -0.01482076973191955 -0.28084612465774134 0.026412176197063039 0.40208849409441205 -0.26426987769597371 0.11686922335610116 -0.54886452472838188 -0.51945000119983775 0.021745304839041957 0.06689728677939126 -0.28420711520522524 -0.094351692797941755 -1.2402966610422237 -0.083523030376851548 0.16279389273882006 -0.010387610893728251 0.5174476512274746 -0.029045294428415261 -0.013408066571207987 -0.016651795966787713 -0.32743296370842701 -0.17843546591073198 -0.14425359864371548 0.17966706426710013 0.014125742428734737 0.013420961887029207 -0.03440823621544039 -0.35435646294757461 -0.024487621387552103 0.080185069066070105 -0.22085660873269505 0.0047011394772890954 0.043203073043853388 0.82060307029388613 -1.0075963316148522 0.054972841400978405 -0.9135647442897723 0.57588687831652396 -1.2821823291806562 0.11244368347894101 -0.17795833458044599 0.089560589918393274 -0.042391903268479775 -0.11153696320782401 -2.068811160887599 -0.12982954127463131
leaf_weight=28562 29194 14604 14299 12278 3716 1600 21533 55177 698 923 1122 603 5814 2230 2056 15319 7565 804 574 44525 320 877 30293 332 120 745 10374 1739 5550 663 2007 680 713 246 403 9994 540 1235 2383 9300 27499 25717 6571 30078 774 24299 35519 1040 9900 4845 23 38 1098 59 144 710 23158 3688 1412 1576 318 165 11519
leaf_count=28562 29194 14604 14299 12278 3716 1600 21533 55177 698 923 1122 603 5814 2230 2056 15319 7565 804 574 44525 320 877 30293 332 120 745 10374 1739 5550 663 2007 680 713 246 403 9994 540 1235 2383 9300 27499 25717 6571 30078 774 24299 35519 1040 9900 4845 23 38 1098 59 144 710 23158 3688 1412 1576 318 165 11519
internal_value=0.000233483 0.000114408 0.000175728 -0.000100518 -0.000409208 -0.000142063 0.000415312 0.000239106 0.000644231 -0.000491168 -0.00443765 0.00109899 0.00123993 0.000525183 -0.00148855 0.000309953 -0.000376883 0.00100805 -0.00356313 0.000484744 1.06345e-05 0.000712904 0.000442432 0.000498737 -0.000290746 -0.000144166 0.000157412 0.000238226 -0.00164039 -0.00274092 -0.00185936 -0.00363836 -0.00480105 -0.00603512 -0.00681375 -0.00140819 -0.00322316 -0.00561972 -0.000853599 -0.000829568 0.00159716 0.000786467 0.000449905 9.06767e-06 0.00073004 0.000682122 0.000342539 -0.00323529 0.00119471 -0.000934376 0.000138606 -0.0171311 -0.00275207 0.000159896 -0.0050937 -0.00729508 0.00155387 -0.000939986 -0.00218993 -0.00306421 -0.000359695 -0.00566253 -0.00104467
internal_weight=551860 391887 367983 170914 120831 96858 197069 68296 50083 14323 2045 35760 34494 159973 23973 182770 30938 8943 1378 157743 51249 106494 77300 76423 20413 20081 18296 18176 6724 1266 20257 4098 3418 2705 2459 16159 3782 1775 12377 23904 28197 56010 151832 52385 22307 99447 59818 1785 39629 7802 4906 61 2896 1157 1174 854 29729 21995 6676 5264 6297 483 13119
internal_count=551860 391887 367983 170914 120831 96858 197069 68296 50083 14323 2045 35760 34494 159973 23973 182770 30938 8943 1378 157743 51249 106494 77300 76423 20413 20081 18296 18176 6724 1266 20257 4098 3418 2705 2459 16159 3782 1775 12377 23904 28197 56010 151832 52385 22307 99447 59818 1785 39629 7802 4906 61 2896 1157 1174 854 29729 21995 6676 5264 6297 483 13119
is_linear=0
shrinkage=0.05


Tree=109
num_leaves=64
num_cat=0
split_feature=28 25 15 10 12 38 37 45 23 40 0 1 7 38 13 14 25 11 14 29 35 6 35 23 8 23 20 43 38 32 23 33 36 26 25 13 31 19 14 19 18 5 13 6 13 31 5 36 37 23 32 0 31 13 14 40 44 20 38 22 26 17 7
split_gain=7.63852 12.1871 10.5317 7.92154 7.65832 8.0113 12.8727 7.24618 8.31567 8.1738 8.62533 8.49505 8.29139 7.81308 13.4278 15.3319 13.2367 11.0487 10.0432 10.2634 8.73456 8.30005 8.25039 13.1469 9.10428 7.81349 9.6994 7.54031 6.91552 6.80152 6.78429 6.55237 6.47027 6.43116 6.43074 7.59187 6.96019 6.5678 7.36632 6.42823 9.45198 6.28389 6.25955 8.20737 6.16375 6.08205 6.01766 8.44465 5.8195 6.44907 8.52227 7.98326 7.78566 8.87469 10.8044 11.4535 8.25181 11.0458 7.82944 7.80569 16.3729 10.3861 6.8717
threshold=15.320000000000002 980.75000000000011 1.0000000180025095e-35 78.225000000000009 0.78656609248549303 38.350000000000001 10.500000000000002 1.5000000000000002 31.150000000000002 990.75000000000011 14.050000000000002 11.450000000000001 11.602690217391306 28.250000000000004 4.5000000000000009 8.5000000000000018 992.85000000000002 0.37940952255126054 4.5000000000000009 1.0000000180025095e-35 0.59480013772226059 215.72500000000002 -0.46947156278589081 38.650000000000013 25.725000000000005 26.450000000000003 -0.62249093318774762 1402.5000000000002 33.650000000000013 4.364050454270985 30.350000000000005 22.350000000000005 407.50000000000006 24156.500000000004 974.95000000000016 1.0000000180025095e-35 -12.082803086933628 -0.98321746822993583 8.5000000000000018 0.98624804680367306 22.550000000000004 35.95000000000001 2.5000000000000004 16.816666666666674 4.5000000000000009 8.4977817612202653 173.25000000000003 32.500000000000007 16.500000000000004 25.550000000000004 -14.182185927007987 99.325000000000003 -0.17710577812128581 2.5000000000000004 5.5000000000000009 980.95000000000016 -1114.2499999999998 -0.97625883275952019 24.150000000000002 85.500000000000014 18897.000000000004 15.129428831951095 50.62554347826088
decision_type=2 2 2 10 2 2 2 2 2 2 2 8 8 2 2 2 2 2 2 2 2 8 2 2 10 2 2 2 2 2 2 2 2 2 2 2 2 2 2 2 2 8 2 8 2 2 8 2 2 2 2 2 2 2 2 2 2 2 2 2 2 2 8
left_child=4 2 3 -2 5 7 41 9 -9 10 -1 -12 44 14 15 20 29 22 19 -16 25 46 23 30 33 26 -13 34 48 -17 -15 -21 -28 -24 42 36 -36 38 -38 -34 -41 -7 -19 -44 -11 -35 -18 -48 -6 50 -50 52 58 -54 55 62 57 -56 -51 -60 61 -61 -55
right_child=1 -3 -4 -5 28 6 -8 8 -10 12 11 13 -14 17 18 16 21 27 -20 31 -22 -23 24 -25 -26 -27 32 -29 -30 -31 -32 -33 39 45 35 -37 37 -39 -40 40 -42 -43 43 -45 -46 -47 47 -49 49 51 -52 -53 53 54 56 -57 -58 -59 59 60 -62 -63 -64
leaf_value=0.044187834394967498 0.0051439332586307391 0.21083806492284715 0.66185002758234823 -0.35510188460988279 0.81088783362894257 -0.31649245526626368 0.16480590702110556 -0.021528861104884018 -0.16134045781345002 0.078424576038925733 -0.10867273117337162 -0.17235599361451956 0.16327614824976766 0.043878375452525972 -0.046530949516414344 0.033483544507836221 -1.0966805703072828 0.10767709542508255 -0.010361218152942967 0.37890557327733632 -0.17409627640465525 -1.0473031665385011 0.043221981843887425 -0.29924895274499169 -0.13069093344429622 -0.07836133648213825 0.08391921300067412 -0.26617032698644011 0.83630995053708357 0.44883904881135905 -0.062295446319095817 -0.03021719761650915 -0.058524868312080251 0.037431677450685034 -0.15067829372450356 0.13194404640471094 -0.0047834463405427748 0.12675959545408244 -0.39039807910875463 -0.23038710294599066 -0.60692411099495713 -0.071582808377138527 -0.2612477527158279 -0.064619383937229893 -0.15118019888130521 -0.073983455871982781 0.39766286407401102 -3.0303692980303207 -0.036084454014659657 -0.2951463237992123 0.21243786823944497 -0.31126727459421488 0.053170762532024678 -0.43620153827018832 -0.46875875100258074 0.15536377682406874 0.024952623320168666 -0.10247763415033083 0.1338375435993491 0.030317310704712015 -0.30772805620414961 -0.19200701810715531 -0.36638933660635709
leaf_weight=25509 11843 15494 1940 2383 1433 295 12939 18318 6921 23 6371 7144 20804 9608 5284 20789 82 3788 26148 9404 20669 319 73035 1282 9452 25319 19505 146 1587 4597 21429 1970 5392 6214 928 29382 462 2888 249 384 75 1502 217 4817 37 8018 25 76 9765 499 32473 4912 7560 357 281 554 5743 2594 20361 17927 342 686 1310
leaf_count=25509 11843 15494 1940 2383 1433 295 12939 18318 6921 23 6371 7144 20804 9608 5284 20789 82 3788 26148 9404 20669 319 73035 1282 9452 25319 19505 146 1587 4597 21429 1970 5392 6214 928 29382 462 2888 249 384 75 1502 217 4817 37 8018 25 76 9765 499 32473 4912 7560 357 281 554 5743 2594 20361 17927 342 686 1310
internal_value=0.000229859 0.000983892 2.35063e-05 -0.000447771 0.000183968 8.55481e-05 0.00123032 4.30646e-05 -0.000776774 9.87117e-05 4.15556e-05 -2.78367e-05 0.0010602 8.25786e-06 -0.000259135 -0.000564976 0.000490189 0.000237181 0.000486614 0.00144615 -0.000913006 -0.0075498 6.12241e-06 -0.00068551 0.000237234 -0.000597641 -8.46152e-05 0.000932551 0.000557924 0.000649177 -0.000480555 0.00229207 0.000373876 0.000396886 0.000971309 0.00128417 -0.000621824 0.000373715 -0.00393108 -0.00108443 -0.00676471 -0.00273511 -0.00023124 -0.00138657 -0.0175 -0.000575464 -0.0160383 -0.0242079 0.000509237 0.000466194 0.00094441 0.000146216 0.000309548 -0.000541062 -0.00145816 -0.00456776 -0.000656765 -0.00284348 0.000702625 0.000781616 5.14378e-05 0.000250631 -0.00663767
internal_weight=551860 31660 16166 14226 520200 411816 14736 397080 25239 371841 350977 325468 20864 319097 147182 104376 25888 171915 42806 16658 78488 502 129038 32319 96719 57819 32500 42877 108384 25386 31037 11374 25356 87267 42731 33909 4527 3599 711 5851 459 1797 8822 5034 60 14232 183 101 106797 105364 42238 63126 58214 18399 10839 2221 8618 2875 39815 39316 18955 18613 1667
internal_count=551860 31660 16166 14226 520200 411816 14736 397080 25239 371841 350977 325468 20864 319097 147182 104376 25888 171915 42806 16658 78488 502 129038 32319 96719 57819 32500 42877 108384 25386 31037 11374 25356 87267 42731 33909 4527 3599 711 5851 459 1797 8822 5034 60 14232 183 101 106797 105364 42238 63126 58214 18399 10839 2221 8618 2875 39815 39316 18955 18613 1667
is_linear=0
shrinkage=0.05


Tree=110
num_leaves=64
num_cat=0
split_feature=41 38 25 27 14 7 36 40 14 0 34 11 34 9 10 3 27 38 22 23 18 17 14 38 35 17 16 12 26 12 21 12 15 13 5 13 13 12 17 38 21 38 23 16 35 41 35 23 11 31 17 12 24 8 33 22 35 40 0 5 25 16 27
split_gain=7.42115 11.7572 9.45062 9.32988 13.4759 9.11566 9.11169 7.91378 7.42128 7.094 6.98131 6.70641 6.6683 6.62903 6.51379 7.39025 7.17199 6.32776 6.38822 8.79831 6.18353 6.16642 9.17305 10.9548 10.8649 10.4632 9.51354 10.3944 9.11306 8.60458 9.60865 8.57435 8.11854 7.61358 7.4054 7.34713 6.69274 8.26216 6.66424 7.4011 7.27938 6.74756 6.54603 6.49546 6.14019 6.11774 7.48426 7.05536 6.39645 9.49745 8.67927 8.9473 6.63247 6.0487 6.04095 7.3122 6.81207 8.2332 6.00597 7.46199 5.89852 5.84613 5.81391
threshold=4857.7500000000009 31.450000000000003 972.55000000000007 76.550000000000011 6.5000000000000009 9.9022916666666685 837.50000000000011 992.6500000000002 8.5000000000000018 48.025000000000006 -0.85260769842926909 -0.9159756150367534 -0.21643137258081238 17.950000000000003 72.925000000000026 32.95000000000001 78.550000000000011 13.350000000000003 41.500000000000007 19.650000000000002 6.4500000000000011 1.3250701454513936 7.5000000000000009 28.650000000000002 -0.034899496702500851 9.3556210787969221 14.690834875739299 1.0000000180025095e-35 9803.0000000000018 0.37940952255126048 332.50000000000006 -0.78656609248549325 1.0000000180025095e-35 4.5000000000000009 65.725000000000009 2.5000000000000004 1.0000000180025095e-35 -0.3794095225512602 15.574850815836376 24.950000000000003 442.50000000000006 27.350000000000005 27.750000000000004 -9.1275840575488569 -0.97233289553061575 45682.000000000007 1.0000000180025095e-35 38.850000000000001 -0.60355339059327362 -7.877898587079021 -9.7515337838449323 1.0000000180025095e-35 3.2500000000000004 1.500000000000002 16.850000000000005 47.500000000000007 0.026175951569892341 980.1500000000002 66.825000000000017 57.050000000000004 981.55000000000007 11.018735296587531 34.050000000000004
decision_type=2 2 2 8 2 8 2 2 2 2 2 2 2 10 10 8 10 2 2 2 2 2 2 2 2 2 2 2 2 2 2 2 2 2 10 2 2 2 2 2 2 2 2 2 2 2 2 2 2 2 2 2 2 8 2 2 2 2 2 8 2 2 10
left_child=2 8 12 4 5 7 -3 -4 13 54 -10 -7 -1 -2 -5 17 -17 -16 19 -19 -13 36 23 25 38 28 33 53 34 -27 -31 35 -33 42 61 -25 37 -6 39 40 -24 -40 -26 -32 -12 46 -15 48 52 50 51 -50 -48 -28 55 -8 -57 -58 59 -22 -21 -23 -63
right_child=1 6 3 14 21 11 9 -9 10 -11 44 20 -14 45 15 16 -18 18 -20 60 58 22 24 31 26 29 27 -29 -30 30 43 32 -34 -35 -36 -37 -38 -39 41 -41 -42 -43 -44 -45 -46 -47 47 -49 49 -51 -52 -53 -54 -55 -56 56 57 -59 -60 -61 -62 62 -64
leaf_value=-0.11037138184203404 0.041854890325282459 0.12063110627990359 -0.040501242238120516 0.044449675121084248 -0.17916435386182475 -0.01251547171228899 0.10341749605672185 -0.13863337832424685 -0.051728250040354133 -0.034380312742616409 -0.22272503223630702 -0.022175009139984228 -0.0010638550208710883 -0.016593419234178321 -2.2133180932361944 -0.23295230922206375 0.119637161640928 -1.7547685615482838 -0.10046487174051658 -0.89902907477694427 0.10926654764111801 -0.056939544118142699 -0.051303371662105052 0.32277744478426978 0.088098396790162972 0.035095283438028251 -0.43198928237673651 -0.043945011814991539 0.63031632652361003 -0.19891469162536191 -0.2957710938907076 0.13612330550094631 -0.5203290928519454 -0.13977227687177426 -0.47010206972395752 -0.19235286380526978 0.080730794642315334 0.0030160279108879017 0.15250582797223988 0.14888719148722815 -0.61561825492426037 -0.30964882151812462 -0.089384048358920276 -0.37357273425083054 0.15482649856305752 0.17983820896189925 -0.11265005328133221 -0.77335584033559857 -0.89601131430305014 -0.0046649271532804492 -0.10658701903682891 -0.23407414926714784 -0.46250626322790778 -0.043750863413951964 -0.011981204371112225 -0.03343314733154857 0.10891222397405947 -0.060541281753714926 0.10193659655889512 0.345041012231248 -0.15256706304166334 -0.10254736521357746 -0.36924910339108674
leaf_weight=7096 13556 20918 37 107055 855 7590 20323 35 8006 33875 318 4409 19263 54153 26 15107 12238 85 1410 333 17936 5619 471 286 4770 566 97 175 672 1283 494 4671 109 2039 301 985 27333 3129 291 13242 77 319 2962 23 14249 1166 14638 67 255 18419 6228 438 157 41 15913 11226 10264 3072 18061 22488 492 108 40
leaf_count=7096 13556 20918 37 107055 855 7590 20323 35 8006 33875 318 4409 19263 54153 26 15107 12238 85 1410 333 17936 5619 471 286 4770 566 97 175 672 1283 494 4671 109 2039 301 985 27333 3129 291 13242 77 319 2962 23 14249 1166 14638 67 255 18419 6228 438 157 41 15913 11226 10264 3072 18061 22488 492 108 40
internal_value=0.000229225 2.57039e-05 0.000394411 0.000480127 0.00076473 0.00125404 0.000393673 -0.0165278 -0.000297379 0.000185005 0.000527843 0.0012722 -0.000510452 -0.000468155 0.0001856 -0.000469671 -0.000238617 -0.00316283 -0.00288793 -0.00615385 0.00144163 0.000278193 -0.000136096 -0.00110279 0.000462343 -0.00219855 -0.000796311 -0.009377 -0.00119436 -0.00505917 -0.00675 0.000546191 0.00151674 -0.000521441 -0.0018062 -0.00310385 0.000802599 -0.00111195 0.00134375 0.00156998 -0.00412409 -0.00377049 0.000195292 -0.0125048 0.00117972 -0.000614995 -0.000659477 -0.00117631 -0.00114925 -0.00066693 -0.00224606 -0.00755411 -0.00197533 -0.0196377 0.000508076 0.000804835 0.00022433 0.000988303 0.00157776 0.00191644 -0.00457576 -0.00140714 -0.0112162
internal_weight=551860 247241 304619 278260 141514 70556 115591 72 131650 94673 22573 70484 26359 109077 136746 29691 27345 2346 2320 910 62894 70958 39641 15157 24484 9106 10084 313 6740 2366 1800 6051 4780 9771 6068 1271 31317 3984 14400 13790 548 610 7732 517 14567 95521 94355 40202 40135 25340 6921 693 14795 138 60798 44885 24562 13336 58485 40424 825 5767 148
internal_count=551860 247241 304619 278260 141514 70556 115591 72 131650 94673 22573 70484 26359 109077 136746 29691 27345 2346 2320 910 62894 70958 39641 15157 24484 9106 10084 313 6740 2366 1800 6051 4780 9771 6068 1271 31317 3984 14400 13790 548 610 7732 517 14567 95521 94355 40202 40135 25340 6921 693 14795 138 60798 44885 24562 13336 58485 40424 825 5767 148
is_linear=0
shrinkage=0.05


Tree=111
num_leaves=64
num_cat=0
split_feature=27 5 16 43 13 13 36 34 14 24 32 10 8 25 27 14 37 38 16 38 3 9 18 15 37 40 14 37 12 36 34 5 36 16 37 23 33 7 10 14 15 18 1 4 25 7 37 35 18 43 12 22 13 14 14 13 4 38 17 14 37 25 30
split_gain=7.70182 8.2071 8.55351 8.31638 8.30592 11.2583 8.61381 7.88774 6.77109 6.72451 5.81747 5.46857 5.6507 5.13544 5.08818 8.5373 5.52015 8.21554 6.9454 6.02066 6.87075 6.72042 5.03032 4.97344 5.50977 4.91163 5.43254 4.78743 6.63631 4.99057 4.73642 4.69287 4.66392 8.27212 4.54089 4.51475 5.58962 4.89286 5.25952 4.61456 4.4879 4.60524 4.4103 6.87428 5.56757 5.33622 4.40098 4.35112 4.87348 4.26227 4.22672 5.2227 5.04987 6.93072 6.79164 6.24796 8.0664 7.43082 5.6607 5.57978 5.39077 6.75608 5.00125
threshold=24.550000000000004 35.025000000000006 12.157213929237605 -31.249999999999996 1.5000000000000002 2.5000000000000004 122.50000000000001 -0.51503807491005416 6.5000000000000009 5.0500000000000007 15.135976686708803 72.925000000000026 43.050000000000011 973.55000000000007 26.050000000000004 5.5000000000000009 41.500000000000007 19.150000000000002 -5.7717804557247314 12.450000000000001 175.75000000000003 145.25000000000003 11.850000000000003 1.0000000180025095e-35 88.500000000000014 975.35000000000002 7.5000000000000009 52.500000000000007 0.78656609248549303 161.25000000000003 0.0087262032186417818 80.325000000000003 282.50000000000006 16.06335055468109 66.500000000000014 18.850000000000005 21.650000000000002 15.017291666666669 50.925000000000011 1.5000000000000002 1.0000000180025095e-35 16.750000000000004 177.25000000000003 120.07500000000002 994.95000000000016 107.56875000000002 89.500000000000014 0.95368063612909459 28.150000000000002 -16.249999999999996 0.78656609248549303 14.500000000000002 5.5000000000000009 3.5000000000000004 4.5000000000000009 4.5000000000000009 48.550000000000004 9.2500000000000018 -4.6366208486258218 8.5000000000000018 96.500000000000014 979.55000000000007 27.500000000000004
decision_type=8 10 2 2 2 2 2 2 2 2 2 10 8 2 10 2 2 2 2 2 8 10 2 2 2 2 2 2 2 2 2 8 2 2 2 2 2 10 8 2 2 2 8 10 2 8 2 2 2 2 2 2 2 2 2 2 10 2 2 2 2 2 2
left_child=8 13 11 9 -5 6 -6 10 -1 35 27 12 50 25 16 -16 17 22 19 20 21 -18 -13 31 -25 -2 -27 28 -7 -30 32 -10 33 -8 -9 36 39 38 -38 47 41 49 43 44 -42 -46 -23 -4 -49 -14 51 -3 53 -53 -54 -55 58 -58 59 -57 -56 -62 -59
right_child=1 2 3 4 5 7 30 34 23 -11 -12 14 40 -15 15 -17 18 -19 -20 -21 -22 46 -24 24 -26 26 -28 -29 29 -31 -32 -33 -34 -35 -36 -37 37 -39 -40 -41 42 -43 -44 -45 45 -47 -48 48 -50 -51 -52 52 54 55 60 56 57 62 -60 -61 61 -63 -64
leaf_value=0.096594386965553058 -0.031565436892135507 0.24922681433544649 0.58085028373932313 0.19469119030147494 0.24276679556263719 -0.067696228434330888 -0.016598223169799819 0.41567176260523797 0.032205723041703299 -0.73061640684746754 -0.65430466220247951 -2.9938774603580995 0.19393183403447803 -0.00050566687237103912 -0.061093066048757631 0.31028010593031213 -0.85030447004612852 -0.47955943864206108 0.015943519476320077 -0.41953002889647328 -0.60884358745218248 -5.0779887685310996 0.45399739406361495 -0.18273184154349906 0.18270331233810977 -0.22811917633312762 0.11134062433057211 0.1677226177873633 -1.0892918157187597 0.00045858535246306266 -0.40358818287541925 -0.053003622553551379 -0.060433029100548846 -0.82641771316499713 -0.090680720520443514 0.10314255890142619 -1.4597119536430143 -0.22790754984017678 -0.12157742073919163 0.81513174660687582 -0.29385675040781684 -0.15907781274008256 0.11183311483064245 -5.5600722007464585 -0.83931513495154153 -3.3988506732476966 -3.6535268493630539 -0.24383388378659432 -1.1595032852750979 -0.035267528036202096 0.084793995890723228 -0.072430030262275166 0.2285216240540725 0.051273687079780042 0.037234804427655949 -0.27833137422349535 -4.4371004109463712 0.11068456681838233 -0.068906212547775667 0.069116072915328106 -0.077278137722151641 -0.56179149239624515 -0.21171813892396141
leaf_weight=26353 25235 2627 1714 9491 1031 3654 270 4447 61128 20 58 121 7747 151166 17672 5183 96 2003 7632 2719 109 34 35 1482 601 2181 528 2684 318 159 1558 5523 1519 243 1360 18708 20 442 28 6190 1402 5346 840 67 63 25 20 359 77 19057 36293 23480 7301 59704 10391 835 34 6402 4330 309 252 108 1076
leaf_count=26353 25235 2627 1714 9491 1031 3654 270 4447 61128 20 58 121 7747 151166 17672 5183 96 2003 7632 2719 109 34 35 1482 601 2181 528 2684 318 159 1558 5523 1519 243 1360 18708 20 442 28 6190 1402 5346 840 67 63 25 20 359 77 19057 36293 23480 7301 59704 10391 835 34 6402 4330 309 252 108 1076
internal_value=0.000224604 0.00013938 0.000309602 0.000872125 0.000244849 -0.000407202 -0.00252002 0.000362776 0.000633999 0.00148197 -0.0007835 0.000172695 0.000280491 -0.000124504 -0.000395239 5.14113e-05 -0.00119469 -0.0034993 -0.00072573 -0.00277367 -0.0100579 -0.017 -0.0145513 0.000372741 -0.00203313 -0.000747209 -0.00277039 -0.000649303 -0.0017175 -0.00726415 -0.00367688 0.00044793 -0.00208661 -0.00620858 0.00171948 0.00150301 0.00243488 -0.0027551 -0.0179167 0.00273981 -0.000297131 -0.000141524 -0.00238423 -0.00395954 -0.00325503 -0.0154545 -0.0311111 0.000744186 -0.0037156 0.000125728 0.000410795 0.000264401 0.000213707 6.96685e-05 0.000981055 0.00031091 -0.000683043 0.000380724 -0.00214286 -0.00527098 0.000181844 -0.00583333 0.000486761
internal_weight=551860 456773 277663 54350 26792 17301 4621 12680 95087 27558 6873 223313 187689 179110 35624 22855 12769 2159 10610 2978 259 150 156 68734 2083 27944 2709 6815 4131 477 3590 66651 2032 513 5807 27538 8830 490 48 8340 34547 32150 2397 1557 1490 88 54 2150 436 26804 153142 116849 114222 96170 18052 72690 12986 7512 5474 1144 10751 360 7478
internal_count=551860 456773 277663 54350 26792 17301 4621 12680 95087 27558 6873 223313 187689 179110 35624 22855 12769 2159 10610 2978 259 150 156 68734 2083 27944 2709 6815 4131 477 3590 66651 2032 513 5807 27538 8830 490 48 8340 34547 32150 2397 1557 1490 88 54 2150 436 26804 153142 116849 114222 96170 18052 72690 12986 7512 5474 1144 10751 360 7478
is_linear=0
shrinkage=0.05


Tree=112
num_leaves=64
num_cat=0
split_feature=27 37 41 11 26 25 13 13 7 37 22 31 19 28 23 0 37 22 15 4 14 0 23 14 21 14 28 8 14 23 22 38 16 35 27 1 30 37 26 7 20 4 8 25 34 28 2 35 13 23 38 11 19 25 41 35 26 35 43 18 1 38 26
split_gain=7.01872 8.55736 7.93694 11.9907 11.1943 8.95205 8.00428 7.72516 9.76163 7.68382 7.18565 8.04451 9.90916 7.64657 8.82607 7.95206 7.529 7.12678 7.15415 6.81187 6.78354 6.73646 7.95273 6.61235 6.47961 9.69173 9.38533 7.97949 6.83509 6.68779 7.58966 6.63164 10.0744 7.39103 6.45339 6.44131 6.0252 8.80553 8.53568 6.91001 7.26742 6.72244 6.34941 5.9067 7.14098 7.10318 5.86114 6.76126 5.82597 6.11939 9.01832 7.4375 10.5379 8.94598 6.03304 11.1183 9.49996 7.72727 6.40359 9.08945 6.03963 5.83689 5.77971
threshold=13.550000000000002 92.500000000000014 2386.7500000000005 -0.9159756150367534 8414.2500000000018 976.35000000000002 2.5000000000000004 4.5000000000000009 9.9022916666666685 84.500000000000014 58.500000000000007 7.3621292623347516 0.50751903745502713 7.9900000000000011 28.850000000000005 56.550000000000004 80.500000000000014 88.500000000000014 1.0000000180025095e-35 5.0050000000000008 4.5000000000000009 303.25000000000006 26.350000000000005 4.5000000000000009 101.25000000000001 5.5000000000000009 6.3500000000000005 -35.784999999999989 6.5000000000000009 12.550000000000002 96.500000000000014 23.850000000000005 -12.581395328544493 -0.5 50.050000000000004 19.950000000000003 20.500000000000004 51.500000000000007 26471.250000000004 54.168750000000003 0.78257835753184646 57.025000000000006 6.5000000000000018 984.45000000000016 -0.86159635224327524 38.655000000000008 51.525000000000006 -0.96811077628253217 1.5000000000000002 32.550000000000004 29.950000000000003 0.91597561503675362 0.98897820466835418 978.1500000000002 6156.5000000000009 -0.68832836526074781 9803.0000000000018 -0.27563735581699894 21.250000000000004 3.0500000000000003 5.0050000000000008 32.750000000000007 646.75000000000011
decision_type=8 2 2 2 2 2 2 2 8 2 2 2 2 2 2 2 2 2 2 10 2 2 2 2 2 2 2 8 2 2 2 2 2 2 10 10 2 2 2 10 2 10 8 2 2 2 8 2 2 2 2 2 2 2 2 2 2 2 2 2 10 2 2
left_child=-1 2 3 -2 5 6 9 24 19 -5 11 12 -4 48 16 -16 -15 23 -19 -9 -10 -6 -23 -8 25 27 28 -7 -27 -29 31 32 33 -31 -25 -20 38 39 -14 -38 -41 -39 -40 44 -34 -45 47 -33 49 51 -51 -12 -53 -54 57 56 -56 58 59 -50 -61 -57 -28
right_child=1 -3 10 4 21 7 17 8 20 -11 13 -13 36 14 15 -17 -18 18 35 -21 -22 22 -24 34 -26 26 62 29 -30 30 -32 46 43 -35 -36 -37 37 41 42 40 -42 -43 -44 45 -46 -47 -48 -49 54 50 -52 52 53 -55 55 61 -58 -59 -60 60 -62 -63 -64
leaf_value=0.067736313756152619 -0.061133030878929906 -0.038535796609158443 0.095832747488079184 0.16775722068344112 0.19839320863050247 0.33041045672048064 0.45342380341888683 -0.1373412406025934 0.3925065662896598 -0.056464066348824518 0.060370343883334156 -0.0072938429646278282 0.061704944316562073 -0.031361686533530247 -0.52829838663413387 -0.11498736259241185 -0.60003138138755041 0.18397296161929419 -0.25825389897638334 -0.17811572352743729 0.083975024270714099 -2.5515413865228482 -4.2311367648253055 -0.072403424643775069 0.10167654637149592 0.81667744066427983 -0.34020534349392528 0.28494913828266522 0.10747119463952617 -1.3015404863793492 -2.3947570100891227 -0.97611823863430447 0.1712364913709552 -0.68837527896697215 -0.28403422130911243 -0.18521283345473835 -0.11473682803316132 -0.24883781864479027 -0.2947816647527034 0.12225565934804677 -0.57694149482960666 -0.072457169064696 -0.02924948785037958 -0.1151212000245861 -0.67536314877160608 -0.69092318712933531 0.148631677942063 -0.11492338199604729 -0.39399895571266685 -0.2914752541970051 -0.019772846906797079 -0.024269933072391201 -0.43060513959940372 0.055436032129756965 -0.062442115121980474 -0.04253732923630385 -0.22307445337256948 -0.031918288656264192 0.14399299621432815 -0.18292276589597867 0.01961560300633142 0.062183079736750128 -1.9169053142655827
leaf_weight=26753 23510 34729 66370 7089 15161 3189 778 23 16512 3913 31273 69734 23270 1115 112 213 117 2719 31 28 15576 55 20 7901 35963 1798 149 3338 19853 48 25 268 425 577 3047 175 1873 1947 665 6345 406 2779 923 6510 1544 101 4088 2638 191 720 2427 4844 334 172 3640 36440 2490 29700 10560 455 8226 5896 89
leaf_count=26753 23510 34729 66370 7089 15161 3189 778 23 16512 3913 31273 69734 23270 1115 112 213 117 2719 31 28 15576 55 20 7901 35963 1798 149 3338 19853 48 25 268 425 577 3047 175 1873 1947 665 6345 406 2779 923 6510 1544 101 4088 2638 191 720 2427 4844 334 172 3640 36440 2490 29700 10560 455 8226 5896 89
internal_value=0.000219802 0.000179554 0.000233269 0.000500759 0.000661683 0.00052007 -0.000322964 0.000711891 0.00136734 0.000696237 8.19988e-05 0.000295792 0.000573161 -0.000186251 -0.00367052 -0.011 -0.00173701 -0.00108832 0.00111966 -0.0204902 0.00140208 0.00194802 -0.013 -0.00163909 0.000450542 4.81633e-05 0.00079926 -0.000674476 0.00090781 -0.00105255 -0.00147189 -0.00142941 -0.00231124 -0.00844 -0.00195561 -0.00786408 -6.83101e-05 -0.000925093 0.000391826 2.55104e-05 0.000770997 -0.00265975 -0.00315491 -0.0018648 -0.00426866 -0.00114884 -0.000268802 -0.00198555 -0.000146759 0.000363339 -0.00175246 0.000545149 -0.00117757 -0.00804348 -0.000354618 -0.000750423 -0.00274062 3.58221e-05 0.000811034 -0.000179215 5.81732e-05 -0.000462254 -0.00907563
internal_weight=551860 525107 490378 177141 153631 138395 25653 112742 32139 11002 313237 174312 104578 138925 1557 325 1232 14651 2925 51 32088 15236 75 11726 80603 44640 21889 22751 21651 19562 16224 16199 9205 625 10948 206 38208 13350 24858 8624 6751 4726 1588 8580 1969 6611 6994 2906 137368 39770 3147 36623 5350 506 97598 48466 6130 49132 19432 8872 8681 42336 238
internal_count=551860 525107 490378 177141 153631 138395 25653 112742 32139 11002 313237 174312 104578 138925 1557 325 1232 14651 2925 51 32088 15236 75 11726 80603 44640 21889 22751 21651 19562 16224 16199 9205 625 10948 206 38208 13350 24858 8624 6751 4726 1588 8580 1969 6611 6994 2906 137368 39770 3147 36623 5350 506 97598 48466 6130 49132 19432 8872 8681 42336 238
is_linear=0
shrinkage=0.05


Tree=113
num_leaves=64
num_cat=0
split_feature=12 28 38 28 27 45 37 14 37 23 27 32 40 6 44 44 16 24 32 27 37 11 25 21 30 44 34 13 30 16 44 6 13 22 31 38 31 13 22 26 31 19 14 13 15 7 23 3 15 38 33 25 38 17 35 14 17 31 7 13 7 23 25
split_gain=6.96731 7.99421 7.65706 7.15711 8.03028 7.14365 7.13524 7.02727 6.58203 6.8266 11.0541 8.34344 6.3877 7.81521 6.32273 6.22949 6.04898 7.97779 5.96838 5.83104 6.29687 7.91825 9.43598 7.52511 11.0866 7.25129 7.36507 6.37842 11.9756 20.3438 12.4145 8.48106 6.07967 8.66962 5.85896 5.83682 6.34433 5.69164 8.35781 6.00583 6.8332 6.69335 5.54489 10.657 10.1331 9.8187 9.83322 8.63801 8.06577 8.24693 10.8827 8.1726 7.29927 7.05636 6.56448 10.6928 12.7534 17.8847 10.5535 8.46744 7.97222 7.22243 6.98958
threshold=0.78656609248549303 2.7650000000000006 33.150000000000013 2.3550000000000009 44.050000000000004 1.5000000000000002 6.5000000000000009 8.5000000000000018 14.500000000000002 25.550000000000004 74.350000000000009 -14.182185927007987 997.45000000000016 361.75000000000006 2347.7500000000005 -1374.7499999999998 6.6456999851684389 1.0000000180025095e-35 -6.0497609128446337 10.550000000000002 91.500000000000014 0.37940952255126054 977.6500000000002 150.62500000000003 6.5000000000000009 -2600.2499999999995 0.99140711019144634 2.5000000000000004 5.5000000000000009 -10.973473248571668 -1550.25 38.400000000000027 1.0000000180025095e-35 75.500000000000014 -15.348413229447798 20.050000000000004 17.337287329873405 1.5000000000000002 12.500000000000002 713.50000000000011 0.87517210780140109 -0.7660444431189779 3.5000000000000004 4.5000000000000009 1.0000000180025095e-35 9.9022916666666685 32.550000000000004 25.050000000000004 1.0000000180025095e-35 23.750000000000004 5.0500000000000007 979.05000000000007 22.950000000000003 5.4000000000000004 -0.078456108245891901 7.5000000000000009 0.74326492920653975 12.469776187822729 179.14356884057975 1.5000000000000002 327.66699604743093 28.050000000000004 995.95000000000016
decision_type=2 2 2 2 8 2 2 2 2 2 10 2 2 8 2 2 2 2 2 8 2 2 2 2 2 2 2 2 2 2 2 8 2 2 2 2 2 2 2 2 2 2 2 2 2 8 2 8 2 2 2 2 2 2 2 2 2 2 10 2 10 2 2
left_child=1 3 8 5 -5 19 18 16 -2 11 -11 -10 -7 -14 37 -13 -8 -18 -3 -1 21 42 25 24 34 -23 27 31 -29 30 -30 32 33 -27 -24 -36 -37 -12 -39 40 41 -40 43 48 54 -45 52 53 49 51 -51 -21 -47 -46 61 58 57 -57 -56 -58 -59 62 -44
right_child=2 6 -4 4 -6 12 7 -9 9 10 14 15 13 -15 -16 -17 17 -19 -20 20 -22 22 23 -25 -26 26 -28 28 29 -31 -32 -33 -34 -35 35 36 -38 38 39 -41 -42 -43 44 45 47 46 -48 -49 -50 50 -52 -53 -54 -55 55 56 59 60 -60 -61 -62 -63 -64
leaf_value=0.082667465427700995 0.87347320717660737 0.065065469744426535 0.60808786848997609 0.10348349875974967 -0.31297304222633399 -0.098054763914480633 0.019038007242034197 -0.20161025060444923 -0.031837164253684803 0.024065205412181104 0.036112019343637412 0.36501652340561908 0.1491124025866665 -1.7439703653116816 0.0072758939964830405 0.14009371488203834 0.12812892645595739 -0.39809300720605556 -0.24324074175884666 -1.1356156801687971 -0.043250556654126436 0.066540511893871529 -0.22748470557057276 0.10433544156729702 -0.15702295362622271 0.071696406335809343 -0.17832440096160673 -0.035104927509012167 -0.90571549658485173 -0.098120091239572049 -0.55333162610625297 0.1733565642794028 0.010638902270247108 -0.19818101162081808 0.030449826780399154 0.27173231798040959 -0.069487661763253702 -1.182808276820144 -1.964888881092179 -0.19124485234793878 -0.24354662109072131 -1.3518032187123803 0.14627302637380954 -0.20898916436912712 -0.17093384147357357 -0.1005560987616861 -0.31101187671020897 -0.07527831383714334 0.11290237395673641 -0.63501166617678306 -0.1079092281454305 -0.031263215908433277 0.10684057747439074 -0.807356780052645 0.092948973302323393 0.11229072878924683 0.012227466219983756 -0.069185370851600911 -2.0195874966466878 -0.20295040071905365 -3.3229200335449178 -0.023581637520104153 -1.7862090552610674
leaf_weight=11092 1480 585 2519 1229 3368 17645 28074 610 9845 56408 1301 10085 7079 309 4060 23971 29443 238 740 178 26767 9026 1688 43562 7054 655 2018 11004 128 940 372 5687 4089 1120 14185 10714 1625 140 51 3340 659 237 6742 23 773 4364 155 5966 3104 360 14627 12487 8116 80 39178 26362 4466 10587 143 6491 295 52199 22
leaf_count=11092 1480 585 2519 1229 3368 17645 28074 610 9845 56408 1301 10085 7079 309 4060 23971 29443 238 740 178 26767 9026 1688 43562 7054 655 2018 11004 128 940 372 5687 4089 1120 14185 10714 1625 140 51 3340 659 237 6742 23 773 4364 155 5966 3104 360 14627 12487 8116 80 39178 26362 4466 10587 143 6491 295 52199 22
internal_value=0.000218896 0.000128197 0.000566891 4.32986e-05 -0.00191755 6.74341e-05 0.000665941 0.000748308 0.000505346 0.000460821 0.00014019 0.000944284 -0.000748412 0.000485923 -0.00141091 0.00131489 0.000804692 0.00130235 -0.00296226 0.000126046 8.89577e-05 0.000152374 0.000484205 0.000787664 0.000244712 -0.000198493 -0.000622189 -0.000378204 -0.00116361 -0.00545139 -0.0136 0.000467925 -0.000866303 -0.00330986 0.000688005 0.000869778 0.00166505 -0.0024808 -0.00333522 -0.00294262 -0.00645723 -0.0128819 -3.97013e-05 -0.000538536 0.000101563 0.000682572 0.000741987 -0.00178252 -0.0010411 -0.00131238 -0.00210616 -0.000373075 0.000897436 -0.00648886 0.000189269 0.000463998 -3.51651e-05 0.000405972 0.00107589 -0.00153464 -0.00129939 -0.000218527 0.00131875
internal_weight=551860 437764 114096 378074 4597 373477 59690 58365 111577 110097 66196 43901 25033 7388 9788 34056 57755 29681 1325 348444 337352 310585 113867 78828 35266 35039 26013 23995 12444 1440 500 11551 5864 1775 28212 26524 12339 5728 4427 4287 947 288 196718 43414 153304 12658 12635 6819 30756 27652 14987 12665 12480 853 146485 87522 48201 37244 39321 10957 10882 58963 6764
internal_count=551860 437764 114096 378074 4597 373477 59690 58365 111577 110097 66196 43901 25033 7388 9788 34056 57755 29681 1325 348444 337352 310585 113867 78828 35266 35039 26013 23995 12444 1440 500 11551 5864 1775 28212 26524 12339 5728 4427 4287 947 288 196718 43414 153304 12658 12635 6819 30756 27652 14987 12665 12480 853 146485 87522 48201 37244 39321 10957 10882 58963 6764
is_linear=0
shrinkage=0.05


Tree=114
num_leaves=64
num_cat=0
split_feature=28 25 15 31 12 9 0 1 45 40 16 0 27 40 29 27 6 0 16 8 31 41 25 25 16 0 6 7 26 37 9 7 5 11 31 39 17 22 30 22 34 3 41 4 6 31 7 27 29 9 7 43 38 29 5 42 5 4 34 16 6 43 5
split_gain=6.55965 11.2297 9.92491 7.50384 8.65353 7.68942 6.62765 9.04825 7.0689 9.13852 6.13215 6.47398 5.98261 12.4344 7.01522 5.97143 7.33025 8.91069 7.32933 7.16629 6.21035 6.26855 5.50376 5.43109 5.32531 5.23639 5.98769 5.17439 5.12504 5.08366 5.05703 4.98881 6.20044 4.83919 6.46452 6.45418 6.49628 6.34503 5.90632 9.03571 7.71144 7.63095 5.63278 4.99607 4.9737 4.80983 4.71263 4.70791 4.64711 8.62465 8.72605 6.02545 6.37459 5.46227 4.65989 4.55127 5.11278 4.93752 4.53223 4.84763 4.5307 4.80041 4.48814
threshold=15.320000000000002 980.75000000000011 1.0000000180025095e-35 5.4071516394314596 0.78656609248549303 86.02500000000002 9.0050000000000008 5.0050000000000008 1.5000000000000002 992.25000000000011 -2.5186787389703915 401.25000000000006 25.850000000000005 992.6500000000002 6.2229954624792745 37.95000000000001 31.366666666666671 63.050000000000004 14.488725739337445 25.725000000000005 13.315245147336716 3160.2500000000005 970.45000000000016 986.95000000000016 9.1767591656814478 71.825000000000003 58.918333333333337 119.05625000000002 29266.000000000004 10.500000000000002 48.050000000000004 26.836602870813397 25.050000000000004 -0.9159756150367534 1.4264748113697137 1.9500000000000002 14.371303682491698 50.500000000000007 35.500000000000007 48.500000000000007 0.90255091666790854 37.95000000000001 1437.0000000000002 48.025000000000006 160.35833333333338 4.1773769514550283 19.42576086956522 44.050000000000004 4.5415648672107487 64.02500000000002 83.991287878787901 31.250000000000004 25.650000000000002 588.55950882235913 485.25000000000006 3.4000000000000017 79.52500000000002 90.02500000000002 0.95368063612909471 -18.283813306676535 49.633333333333354 27.500000000000004 485.25000000000006
decision_type=2 2 2 2 2 8 2 8 2 2 2 2 10 2 2 8 10 2 2 10 2 2 2 2 2 2 10 10 2 2 8 10 10 2 2 2 2 2 2 2 2 10 2 10 8 2 8 10 2 10 10 2 2 2 8 2 8 10 2 2 10 2 8
left_child=6 2 3 58 5 24 12 -8 9 15 11 -11 -1 -14 -15 16 19 20 22 30 -18 -22 27 25 -5 45 -27 -17 -21 -4 -9 -26 -33 34 35 36 -24 -38 -35 43 41 -41 44 -40 -36 -10 -37 -6 49 -25 -51 52 -52 -50 -54 56 60 -58 -2 -60 -49 -62 -13
right_child=1 -3 29 4 47 -7 7 8 23 10 -12 62 13 14 -16 18 17 -19 -20 28 21 -23 33 48 31 26 -28 -29 -30 -31 -32 32 -34 38 42 46 37 -39 39 40 -42 -43 -44 -45 -46 -47 -48 55 53 50 51 -53 54 -55 -56 -57 57 -59 59 -61 61 -63 -64
leaf_value=0.11320041842984324 0.093253116502433051 0.18973151304461666 -0.64976967930145246 -0.21260025358875156 -0.0091298521563531951 -0.027495411782195285 -0.15365870849591845 0.038590972625898473 -0.12964170237678577 -0.044382890834137351 0.28286023919947428 -1.0430109046346538 -0.018366552549447548 -0.041938194051156348 -0.18815004076980085 -0.071007069387096888 0.093579128474068157 -0.062032997390429848 0.066405721125072606 -0.33433917832421628 0.21059921414531033 -0.027229581152795557 0.02032262804521506 -0.017804072132291068 0.38375029019126794 -11.858303829315988 -3.5455156700166146 -0.53259534667587827 -1.7075205998944942 0.81143430840868036 -0.0046229443047135074 -1.0046618673064567 -0.56579523554486866 0.011708744472652931 -0.21311623072384256 -0.82428002108137199 -1.1621188004030871 0.099256184452160223 -0.10760222777705593 -0.43694786499059435 0.016525637123898571 -0.13011391055319205 -0.057344492193745822 0.092699007534859768 -1.1927186912455217 0.089965208929030718 -0.2780206480161172 -1.3436647180322441 0.089490265426484111 -0.15374280211639402 -1.0598960766246854 -0.4481983163437992 -0.7451335635499563 -0.69651391217437841 -1.0337810542871047 0.089439700159882229 0.05312203845671909 -2.2459581319398398 -1.2171056098744817 -0.13012054433448475 -1.3288165663687739 -0.520828390141724 -5.9500722868594424
leaf_weight=10928 8099 15494 91 322 133 3353 2213 21945 4282 2155 9908 74 2830 38 51 9170 54687 11982 34728 896 2267 10500 16769 13638 27 61 522 83 23 1849 59182 49 87 208344 3075 35 190 99 3762 1462 2033 2961 9095 6143 763 1274 211 33 8350 2606 162 333 198 101 25 63 92 38 133 1650 68 79 46
leaf_count=10928 8099 15494 91 322 133 3353 2213 21945 4282 2155 9908 74 2830 38 51 9170 54687 11982 34728 896 2267 10500 16769 13638 27 61 522 83 23 1849 59182 49 87 208344 3075 35 190 99 3762 1462 2033 2961 9095 6143 763 1274 211 33 8350 2606 162 333 198 101 25 63 92 38 133 1650 68 79 46
internal_value=0.000218806 0.000917562 -4.32989e-06 -0.00046183 -0.00219383 -0.00138353 0.000176279 0.000146765 0.000160769 0.000209146 0.00156078 -0.00078022 0.00125551 -0.000755395 -0.0191573 0.00017338 0.000418375 0.000760738 4.10308e-05 8.69027e-05 0.00098393 -9.00741e-06 -4.87328e-05 -0.000563831 -0.00726804 -0.00189852 -0.00640652 -0.00124662 -0.00430359 0.00335052 0.000136638 -0.0146319 -0.0185294 -5.25591e-06 -0.0005991 3.29405e-05 0.000148904 -0.00728374 7.46536e-05 -0.000840107 -0.00229554 -0.0034671 -0.00144475 0.000108531 -0.00305107 -0.00142549 -0.00800813 -0.00833992 -0.000241412 -0.000718665 -0.00300241 -0.00788301 -0.0121429 0.000716483 -0.00665919 -0.0112198 -0.0137097 -0.00615385 0.000299535 -0.00198261 -0.0191667 -0.0154082 -0.0120833
internal_weight=551860 31660 16166 14226 4344 3838 520200 506353 504140 472588 12183 2275 13847 2919 89 460405 161482 79436 298923 82046 67454 12767 264195 31552 485 6139 583 9253 919 1940 81127 163 136 254942 30237 17304 17058 289 224705 16361 6456 4423 12933 9905 3838 5556 246 506 25413 16962 3324 718 385 8451 223 373 310 130 9882 1783 180 147 120
internal_count=551860 31660 16166 14226 4344 3838 520200 506353 504140 472588 12183 2275 13847 2919 89 460405 161482 79436 298923 82046 67454 12767 264195 31552 485 6139 583 9253 919 1940 81127 163 136 254942 30237 17304 17058 289 224705 16361 6456 4423 12933 9905 3838 5556 246 506 25413 16962 3324 718 385 8451 223 373 310 130 9882 1783 180 147 120
is_linear=0
shrinkage=0.05


Tree=115
num_leaves=64
num_cat=0
split_feature=5 0 36 38 0 17 1 27 36 12 1 37 44 5 9 40 25 14 36 40 43 13 7 35 14 19 14 13 27 10 7 3 15 7 28 25 11 31 4 23 1 5 37 22 4 5 8 2 33 44 0 17 23 17 13 1 28 29 38 26 23 34 38
split_gain=6.52258 11.2046 9.46609 8.25686 7.48023 7.3192 7.04952 6.32418 6.27115 5.83493 5.59663 5.23991 5.50005 5.01436 5.0054 4.99159 5.25505 4.80619 5.74067 5.06934 4.70482 4.66548 8.82677 8.60061 6.23762 5.51802 4.94756 8.34057 6.88131 9.86122 20.3575 15.9947 9.83725 6.07299 5.0309 9.50854 6.03623 5.8827 4.896 4.88178 4.60568 5.6036 4.55441 4.51313 4.4985 7.62715 4.44742 6.09643 4.43887 9.43088 6.53527 5.22216 7.52829 5.55943 5.52336 5.13646 4.94688 6.56071 6.91551 5.75409 4.85497 4.43895 4.38944
threshold=35.550000000000004 52.525000000000006 136.25000000000003 31.150000000000002 15.550000000000002 -5.443529083057026 11.450000000000001 12.050000000000002 427.50000000000006 -0.60355339059327384 38.050000000000004 26.500000000000004 1686.2500000000002 18.050000000000004 56.050000000000004 988.45000000000016 988.05000000000007 2.5000000000000004 57.500000000000007 977.75000000000011 747.50000000000011 5.5000000000000009 301.98958333333343 0.67556448321067852 3.5000000000000004 0.95368063612909471 9.5000000000000018 1.5000000000000002 546.25000000000011 131.75000000000003 105.99208333333335 113.17500000000001 1.0000000180025095e-35 283.1805555555556 14.615000000000002 982.45000000000016 0.25881904510252091 -21.455513983851478 93.125000000000014 22.150000000000002 540.25000000000011 290.25000000000006 36.500000000000007 61.500000000000007 77.425000000000011 82.02500000000002 43.050000000000011 444.25000000000006 10.250000000000002 7683.7500000000009 146.75000000000003 0.69533046434943735 19.650000000000002 8.660629113372595 1.5000000000000002 84.02500000000002 1.6350000000000002 588.55950882235913 23.450000000000003 41551.750000000007 34.550000000000004 0.8869770585236475 30.650000000000002
decision_type=10 2 2 2 2 2 8 10 2 2 8 2 2 8 10 2 2 2 2 2 2 2 10 2 2 2 2 2 8 8 8 8 2 10 2 2 2 2 10 2 10 10 2 2 10 10 8 10 2 2 2 2 2 2 2 8 2 2 2 2 2 2 2
left_child=4 2 5 8 7 -2 -6 -1 -4 -10 -3 12 -7 14 -8 16 -16 18 -9 62 -18 26 24 25 -23 39 34 28 -28 -30 31 32 44 -32 48 36 43 -38 -34 -24 41 -41 -29 -36 -31 -46 -26 -48 49 51 56 55 53 -53 -54 -12 57 59 -59 61 -51 -50 -19
right_child=1 10 3 -5 6 11 13 17 9 -11 21 -13 -14 -15 15 -17 20 19 -20 -21 -22 22 23 -25 46 -27 27 42 29 30 33 -33 38 -35 35 -37 37 -39 -40 40 -42 -43 -44 -45 45 -47 47 -49 50 60 -52 52 54 -55 -56 -57 -58 58 -60 -61 -62 -63 -64
leaf_value=0.076692624061335715 0.30280419967889288 -0.19079235270797579 0.031654533712648744 0.083495983464360851 -0.11079430756534013 0.83802603768045081 0.014562028029573224 -0.12684252741134022 0.011806142550741703 -0.073282803712381814 -0.13896420080739308 0.057548416606893096 -0.37022525762720515 0.0043747643614266757 -0.049891933690784013 0.16242082952106057 -0.11286292395078235 -0.055381584252463513 -0.067613232733051976 0.044952053454653522 -0.37221168620281769 0.3421571569964883 -0.60126470690263334 2.2156033655158223 0.096313283270423419 -2.7070804080837627 0.45290303392203923 -0.10731214757550377 -0.08934264178705785 0.27507235745309905 0.20556569721733653 -1.4984523640916156 -1.4372552909664886 -2.6323900114397834 -0.14690538469004993 0.41175671168076405 -0.90806757111269309 0.22152749501577135 -0.52199000100993298 -2.3838209078361099 -1.237321045866109 -5.0902418677354921 0.42304477943146523 -0.75348755490013652 -1.4097258649466902 -0.2515694648274977 -0.13151243563546153 -3.680637690133969 0.019322748420994646 -0.47837171981624493 -0.22758896159754649 -0.38068393745049889 0.10883109761679539 -1.3260948732621971 -0.16013522019443774 0.15033124059407688 -0.067460170476848699 -0.86185036525443059 -0.49092397739762311 -0.26527921475425531 0.17683148774853241 0.14877642722616849 0.051722209402810498
leaf_weight=13634 10593 6347 31341 37416 5044 1620 12065 36 10764 11037 6128 17161 57 164202 25144 1676 474 7396 174 8664 146 9259 555 297 11550 37 2486 3479 8342 147 1028 79 40 543 4147 5186 380 4779 29 83 159 67 22546 117 40 87 3645 24 38799 456 14700 574 2440 418 5862 7758 12937 30 241 549 116 13152 3578
leaf_count=13634 10593 6347 31341 37416 5044 1620 12065 36 10764 11037 6128 17161 57 164202 25144 1676 474 7396 174 8664 146 9259 555 297 11550 37 2486 3479 8342 147 1028 79 40 543 4147 5186 380 4779 29 83 159 67 22546 117 40 87 3645 24 38799 456 14700 574 2440 418 5862 7758 12937 30 241 549 116 13152 3578
internal_value=0.000213188 0.00036523 0.00074336 0.000490183 1.88457e-05 0.00152237 -9.24305e-05 0.000712622 8.95715e-05 -0.000561671 0.000125977 0.000931097 0.00359869 -4.67091e-05 -0.000552462 -0.000925656 -0.00109766 0.000143088 -0.00738095 0.000223546 -0.00564516 0.000176523 0.000801527 -0.00338898 0.00100662 -0.00582131 7.47075e-05 0.000564537 -0.000479292 -0.00104741 -0.00420723 -0.0139573 -0.00928571 -0.00158816 -8.55019e-05 0.000783421 -0.000162899 0.000987595 -0.0261594 -0.00501157 -0.0100485 -0.0163333 0.00107877 -0.00155488 -0.0050365 -0.0119291 0.00038406 -0.00113246 -0.000207373 -0.000807932 -2.9972e-05 -0.000651423 -0.00156875 -0.00568548 -0.00107685 -3.74476e-05 0.000183235 0.000398041 -0.00736162 0.000438095 -0.00715035 0.000491906 -0.000490249
internal_weight=551860 309627 119989 90558 242233 29431 208751 33482 53142 21801 189638 18838 1677 203707 39505 27440 25764 19848 210 19638 620 183291 25676 1198 24478 901 157615 38846 12821 10335 1993 422 343 1571 118769 14609 9423 5159 69 864 309 150 26025 4264 274 127 15219 3669 104160 23752 80408 23180 9294 992 8302 13886 65708 52771 271 52500 572 51951 10974
internal_count=551860 309627 119989 90558 242233 29431 208751 33482 53142 21801 189638 18838 1677 203707 39505 27440 25764 19848 210 19638 620 183291 25676 1198 24478 901 157615 38846 12821 10335 1993 422 343 1571 118769 14609 9423 5159 69 864 309 150 26025 4264 274 127 15219 3669 104160 23752 80408 23180 9294 992 8302 13886 65708 52771 271 52500 572 51951 10974
is_linear=0
shrinkage=0.05


Tree=116
num_leaves=64
num_cat=0
split_feature=8 22 11 12 38 37 9 4 2 33 35 9 3 7 9 41 29 35 43 41 39 33 37 19 28 26 17 40 29 4 43 37 5 4 4 33 13 23 4 34 44 21 29 32 22 3 15 25 28 17 7 35 1 41 39 43 32 19 5 22 31 21 44
split_gain=6.59798 6.21588 6.90344 9.6429 10.0668 11.3908 8.32464 7.67863 7.93897 7.17763 7.13868 7.51494 6.858 6.09849 6.54014 5.93893 6.31223 6.19488 5.92541 7.77447 5.86495 5.52238 5.49368 8.06891 7.09905 8.82794 10.6237 5.38202 6.09896 5.37971 6.14886 5.45444 5.38698 5.36413 5.3255 5.29473 5.27347 10.9231 9.95868 7.19364 7.12629 11.98 8.80823 8.45422 8.68236 7.97213 8.43338 11.0601 6.34825 6.37697 7.32103 6.39713 6.28434 8.97321 6.00369 5.91786 5.22817 5.18105 5.07352 5.04722 8.64504 4.98967 6.4122
threshold=-65.34999999999998 58.500000000000007 0.25881904510252091 0.1294095225512602 38.350000000000001 10.500000000000002 148.25000000000003 387.25000000000006 116.12500000000001 14.550000000000002 -0.50751903745502724 367.25000000000006 91.02500000000002 17.91854166666667 59.95000000000001 4857.7500000000009 83.549865963900814 -0.62249093318774762 1587.5000000000002 9381.7500000000018 1.0000000180025095e-35 22.850000000000005 47.500000000000007 -0.64278760968653936 1.6650000000000003 10962.500000000002 7.9111809767249825 993.85000000000002 2.9138405762872375 89.02500000000002 -217.49999999999997 59.500000000000007 26.550000000000004 76.02500000000002 46.525000000000006 6.0500000000000007 1.0000000180025095e-35 33.250000000000007 539.75000000000011 0.8869770585236475 -10868.249999999998 242.50000000000003 38.38830594586517 -6.2353210680238274 94.500000000000014 115.17500000000001 1.0000000180025095e-35 976.05000000000007 20.765000000000004 14.774050854291081 27.279800724637685 -0.42261826174069922 19.050000000000004 1220.5000000000002 1.0000000180025095e-35 81.250000000000014 8.8742005051786972 -0.64278760968653936 19.975000000000005 14.500000000000002 1.0602808442677427 547.50000000000011 -3341.9999999999991
decision_type=8 2 2 2 2 2 10 10 8 2 2 10 10 8 10 2 2 2 2 2 2 2 2 2 2 2 2 2 2 10 2 2 8 8 8 2 2 2 10 2 2 2 2 2 2 10 2 2 2 2 10 2 10 2 2 2 2 2 8 2 2 2 2
left_child=-1 2 3 4 6 12 -2 8 20 18 11 -5 -6 14 27 16 36 -17 -4 -20 29 22 58 -24 35 -26 -27 -3 -29 32 31 -31 -8 -28 -13 -25 37 38 39 -15 -38 45 43 -43 -45 46 48 52 49 51 56 -42 53 -48 -46 -53 -51 -49 -12 60 -60 -19 -63
right_child=1 13 9 10 5 -7 7 -9 -10 -11 21 34 -14 15 -16 17 -18 61 19 -21 -22 -23 23 24 25 26 33 28 -30 30 -32 -33 -34 -35 -36 -37 40 -39 -40 -41 41 42 -44 44 54 -47 47 57 -50 50 -52 55 -54 -55 -56 -57 -58 -59 59 -61 -62 62 -64
leaf_value=0.15162497640492154 0.00066039916238561601 0.059416368624800764 0.15700980236877307 -0.0075435537710737618 -0.13475549218643665 0.15036075098274743 -0.17454822173511517 -1.9157083802070816 0.0089112447366956251 0.012599977248095709 -0.17405965326505404 -2.9890809878257478 0.1231104034701121 -0.05606969789238965 -0.033646695521427246 -0.071065993949572914 -0.17181317852181319 -0.036914823738402817 -0.22400921792988121 -0.1086762967996337 0.15874744747063538 -0.035151985676650815 0.26077095005517148 -0.40547640154994857 -0.13698808587947497 -0.010062848154907711 -2.1862232444998022 -0.0023065288048803693 -0.10410677246342259 -1.1631324541656689 -0.31993873064398182 0.090707498794127261 -0.090959688150579809 -0.61199137568099871 -0.41937754351753043 0.10827057061772075 0.14878628622723519 -0.38074480119368187 -6.982581054650419 0.12077896439137048 0.14389772169334325 -0.1607403313799044 0.68478328025154644 -0.011693530303517261 -0.18607741999901442 -0.11196564797664509 -0.45926133505946676 -0.73220635124564004 -0.90122274282546666 -0.14476480752779794 0.015480220708398475 0.089907878158837606 -0.20513082952744371 -0.21922500031590372 0.005672958181764387 -0.037499291945220274 -0.38752220165543161 0.07849809892205499 0.22513661446116706 0.26136128030028971 -0.57433610496224341 -0.055706852231650256 0.05274421812038671
leaf_weight=25643 61520 18272 41259 8923 2453 13397 1838 61 10012 28271 821 220 1102 19990 5255 14110 3391 48310 51 278 1056 5640 4999 401 2785 153 96 39 28 366 664 102 12516 62 557 8173 6762 335 45 4925 29918 4180 1212 33411 1850 18765 41 415 204 367 1546 36463 1083 85 896 10516 280 3368 1272 20949 492 6402 23264
leaf_count=25643 61520 18272 41259 8923 2453 13397 1838 61 10012 28271 821 220 1102 19990 5255 14110 3391 48310 51 278 1056 5640 4999 401 2785 153 96 39 28 366 664 102 12516 62 557 8173 6762 335 45 4925 29918 4180 1212 33411 1850 18765 41 415 204 367 1546 36463 1083 85 896 10516 280 3368 1272 20949 492 6402 23264
internal_value=0.000207933 0.000169769 0.000364421 0.000183963 -9.76808e-05 0.00101817 -0.000312305 -0.0010511 -0.00101039 0.000779356 0.000716832 -0.000515464 -0.00149789 1.80573e-05 0.000789184 -4.87993e-05 0.000118246 -0.00037541 0.00119722 -0.00548632 -0.00168299 0.000977576 0.00118312 0.000488632 -0.000231362 -0.00228359 -0.0102733 0.0012348 -0.0129104 -0.00192884 -0.00524735 -0.00963675 -0.00166713 -0.0193671 -0.00523166 0.000509681 0.000159264 -0.000508994 -0.000388622 -0.000346177 0.00027094 0.00019675 -0.000519988 -0.000646181 -0.000400061 0.000485731 0.000693235 -0.00130008 0.000818725 0.000841447 -0.00181715 0.000917266 -0.00546319 -0.0160317 -0.00310269 0.000553333 -0.00628284 3.03993e-05 0.00167502 0.0018146 -0.000753968 -0.000200959 0.000309445
internal_weight=551860 526217 230489 160630 105087 16952 88135 26615 26554 69859 55543 9700 3555 295728 23594 272134 180048 92086 41588 329 16542 45843 40203 16669 11670 3096 311 18339 67 15486 1132 468 14354 158 777 8574 176657 25295 24960 24915 151362 144600 41549 40337 36157 103051 84286 4992 79294 79090 2193 76897 1209 126 2746 46979 647 3783 23534 22713 1764 77976 29666
internal_count=551860 526217 230489 160630 105087 16952 88135 26615 26554 69859 55543 9700 3555 295728 23594 272134 180048 92086 41588 329 16542 45843 40203 16669 11670 3096 311 18339 67 15486 1132 468 14354 158 777 8574 176657 25295 24960 24915 151362 144600 41549 40337 36157 103051 84286 4992 79294 79090 2193 76897 1209 126 2746 46979 647 3783 23534 22713 1764 77976 29666
is_linear=0
shrinkage=0.05


Tree=117
num_leaves=64
num_cat=0
split_feature=12 38 37 37 23 27 32 44 17 14 17 14 13 44 23 20 23 19 36 27 31 31 34 13 27 17 22 26 20 7 38 31 22 10 27 41 28 15 22 3 36 26 39 7 44 31 37 21 1 3 1 19 13 30 14 26 23 10 33 32 41 37 28
split_gain=6.27969 7.30793 7.18803 6.45304 5.8155 8.46545 8.13794 5.90205 5.52174 7.38334 9.62352 7.10997 8.86749 10.7279 8.01629 9.14514 7.83721 6.38986 6.00375 5.68986 7.13838 5.5181 5.46431 6.60197 7.17359 5.89998 5.38896 11.9315 8.5156 6.92521 5.81609 5.36454 5.32454 5.28936 7.39424 5.61241 7.19479 8.72818 7.10817 7.00547 6.5414 6.19058 6.78611 6.01657 6.03127 5.56252 5.9335 7.55693 5.32661 5.23727 9.39309 5.22066 5.19099 9.75651 8.39149 6.72324 5.72684 5.42799 5.14644 5.12826 5.18629 5.83747 6.83963
threshold=0.78656609248549303 33.150000000000013 91.500000000000014 14.500000000000002 25.550000000000004 74.350000000000009 -14.182185927007987 -1374.7499999999998 -6.479716738424929 11.500000000000002 9.501081856876155 7.5000000000000009 1.5000000000000002 -1062.7499999999998 28.450000000000003 -0.68832836526074781 28.050000000000004 0.90255091666790854 232.50000000000003 67.550000000000011 -13.440885184228451 16.566689231746469 -0.22495105434386511 1.5000000000000002 34.650000000000013 8.8046846850156033 85.500000000000014 18897.000000000004 -0.92384435400961373 68.136141304347845 23.450000000000003 -13.292267053620082 12.500000000000002 79.225000000000009 28.450000000000003 2349.2500000000005 13.305000000000001 1.0000000180025095e-35 30.500000000000004 280.75000000000006 3777.5000000000005 27378.500000000004 1.0000000180025095e-35 165.80643939393943 -871.24999999999989 8.4977817612202653 35.500000000000007 2732.5000000000005 48.025000000000006 27.050000000000004 55.525000000000006 -0.71322329076259938 3.5000000000000004 39.500000000000007 4.5000000000000009 7917.5000000000009 26.950000000000003 18.725000000000005 14.350000000000003 12.780107112071276 43354.500000000007 13.500000000000002 3.9650000000000003
decision_type=2 2 2 2 2 10 2 2 2 2 2 2 2 2 2 2 2 2 2 10 2 2 2 2 10 2 2 2 2 10 2 2 2 10 10 2 2 2 2 10 2 2 2 8 2 2 2 2 8 8 10 2 2 2 2 2 2 10 2 2 2 2 2
left_child=2 3 33 -2 6 22 -5 21 -4 11 -11 12 13 14 15 -10 18 -14 -13 -20 -21 -8 23 -6 25 -25 30 28 -28 -30 -24 -17 -26 35 -35 36 37 39 45 52 41 -40 -43 44 -39 46 -37 -48 -42 50 -46 -49 54 -54 55 57 -56 -1 -33 60 61 62 -47
right_child=1 -3 8 4 5 -7 7 -9 9 10 -12 16 17 -15 -16 31 -18 -19 19 20 -22 -23 26 24 32 -27 27 -29 29 -31 -32 58 -34 34 -36 38 -38 43 40 -41 48 42 -44 -45 49 59 47 51 -50 -51 -52 -53 53 -55 56 -57 -58 -59 -60 -61 -62 -63 -64
leaf_value=-0.35081454346525054 0.80989384330991576 0.57963614133837293 0.17651511101124912 -0.034542205095636241 0.071015267225478185 -0.13096985000329997 0.39850049743192179 0.12589129900676194 -0.69950489209594391 -1.6027990606164679 1.9472379257438472 0.14474579199204154 -0.14586508401425538 -0.084113885702730859 -0.019439415490732914 -0.054989348478006163 -0.11857554444471621 0.081812262858201229 -0.014295451702768962 -0.11419799942477796 -0.82454444827763129 -0.23891127827043707 -0.44815161795819736 0.045524414261493715 -1.5450880606527011 -0.15475252135668438 -0.17409680047094631 -0.29168178315970972 0.042357858440968441 -0.79436867519917254 0.11688074471904775 -0.22276116853886485 -0.16688099828528855 -0.23682078609106647 0.015491744978339937 0.13049451956697386 0.32982620675859731 -0.0099788425473531731 0.0015683644922285607 -0.70823112945831745 -0.33673828068011474 -0.093497204741816359 0.1319943886328285 0.65404838144446942 -0.15317302378122216 -0.062000694299623661 0.036998433362370985 -0.40973820828926261 0.012372187456620394 -0.23953510069518452 -1.5020579171644117 -0.14690021038804366 0.12509712272042206 -0.20030522138285198 0.19726347407129924 0.22586691875892809 0.016544548624565003 -0.055186677641111771 -0.36190860339462544 -0.47097708503404068 0.064482465374876494 0.0036264832547176166 -0.32542535287680668
leaf_weight=3538 1480 2519 3839 9845 5091 9788 9639 23971 135 779 263 6751 5199 2586 362 290 2421 3297 5069 233 89 446 225 4989 24 1464 1567 347 16973 483 21143 487 4102 13371 20426 24655 6734 2129 199264 3012 64 6834 1230 922 310 2684 10960 360 51 2241 121 676 37299 1358 12995 1778 21411 9202 164 264 8270 12945 696
leaf_count=3538 1480 2519 3839 9845 5091 9788 9639 23971 135 779 263 6751 5199 2586 362 290 2421 3297 5069 233 89 446 225 4989 24 1464 1567 347 16973 483 21143 487 4102 13371 20426 24655 6734 2129 199264 3012 64 6834 1230 922 310 2684 10960 360 51 2241 121 676 37299 1358 12995 1778 21411 9202 164 264 8270 12945 696
internal_value=0.000200142 0.000530518 0.000114034 0.000470393 0.000426306 0.000130371 0.000872532 0.00123855 -0.000607871 -0.000850666 -0.00498081 -0.000691762 -0.00156549 -0.00349901 -0.00696106 -0.00912639 5.93973e-05 -0.000649717 0.000577335 -0.000666852 -0.0071118 0.00225335 0.000365906 -0.000427568 -0.00113952 -9.84037e-05 0.000671118 6.71143e-05 0.000234716 0.000551673 0.00121864 -0.00738045 -0.00276781 0.000170897 -0.000427996 0.000225308 0.000539059 0.000428589 0.000105093 0.000548221 -3.48769e-05 -2.82642e-05 -0.00138641 -0.00146514 -0.00217559 0.000577142 0.000968732 5.66857e-05 -0.0119565 -0.00375748 -0.0088051 -0.0040251 0.00062976 0.00106281 0.000287589 -0.000720485 0.000712957 -0.00112245 -0.00990015 -2.00948e-07 7.42023e-05 -0.000442573 -0.0022929
internal_weight=551860 114096 437764 111577 110097 66196 43901 34056 31964 28125 1042 27083 12520 4024 1438 1076 14563 8496 12142 5391 322 10085 56408 15670 10579 6453 40738 19370 19023 17456 21368 941 4126 405800 33797 372003 103050 96316 268953 90593 207443 207328 8064 5723 4801 61510 36651 11996 115 2672 431 1036 87581 38657 48924 14518 34406 12740 651 24859 24595 16325 3380
internal_count=551860 114096 437764 111577 110097 66196 43901 34056 31964 28125 1042 27083 12520 4024 1438 1076 14563 8496 12142 5391 322 10085 56408 15670 10579 6453 40738 19370 19023 17456 21368 941 4126 405800 33797 372003 103050 96316 268953 90593 207443 207328 8064 5723 4801 61510 36651 11996 115 2672 431 1036 87581 38657 48924 14518 34406 12740 651 24859 24595 16325 3380
is_linear=0
shrinkage=0.05


Tree=118
num_leaves=64
num_cat=0
split_feature=5 0 41 38 9 0 18 1 23 36 25 10 5 44 24 38 27 17 27 9 23 14 27 1 14 37 40 14 16 31 14 36 40 16 23 34 38 26 2 38 43 5 38 44 27 5 16 35 0 6 37 38 5 2 2 40 0 0 2 37 14 27 38
split_gain=6.32321 10.1978 8.87353 8.48814 6.66668 6.60403 6.52509 6.51382 5.79 5.57026 5.53406 6.901 6.60919 6.49138 5.49842 5.42586 5.29794 5.12642 4.95279 4.91805 4.90874 5.09401 4.84658 6.49371 7.45901 7.32383 5.09635 5.02257 4.94288 5.96271 4.80297 5.74067 4.59197 4.54797 4.66971 4.53193 4.50727 5.11385 5.51237 4.64969 4.57737 4.48938 4.58785 4.32079 4.26239 4.25959 7.49788 5.30953 4.23965 4.26071 4.16111 4.14651 4.31377 5.22854 7.15358 4.49918 4.1457 4.11422 7.60414 4.92308 4.02347 5.57463 5.76671
threshold=35.550000000000004 80.225000000000009 2883.2500000000005 31.050000000000004 56.050000000000004 15.550000000000002 19.850000000000005 11.450000000000001 41.050000000000004 727.50000000000011 985.85000000000002 10.215000000000002 104.07500000000002 -2957.7499999999995 3.8500000000000001 34.850000000000001 12.050000000000002 0.74326492920653975 60.550000000000004 231.25000000000003 16.250000000000004 11.500000000000002 26.350000000000005 50.025000000000006 7.5000000000000009 92.500000000000014 982.55000000000007 3.5000000000000004 21.933959198780077 -1.462181853235123 2.5000000000000004 57.500000000000007 977.75000000000011 -13.005389563475839 21.350000000000005 0.70088257582277247 39.650000000000013 24156.500000000004 138.25000000000003 35.250000000000007 1697.5000000000002 17.550000000000004 37.750000000000007 1314.2500000000002 71.350000000000009 11.850000000000003 -6.8250451130112078 0.078456108245891568 130.12500000000003 33.270833333333343 6.5000000000000009 22.250000000000004 161.25000000000003 197.25000000000003 106.60000000000001 989.95000000000016 43.550000000000004 692.00000000000011 415.25000000000006 53.500000000000007 5.5000000000000009 211.25000000000003 22.950000000000003
decision_type=10 2 2 2 8 2 2 8 2 2 2 8 10 2 2 2 10 2 8 10 2 2 8 10 2 2 2 2 2 2 2 2 2 2 2 2 2 2 8 2 2 8 2 2 10 8 2 2 2 8 2 2 10 8 10 2 2 2 8 2 2 8 2
left_child=5 2 6 8 -3 16 17 -7 14 50 13 12 -12 19 -4 20 -1 35 -8 -6 -15 57 48 24 26 -25 27 33 45 -30 31 -18 -32 34 -24 -2 37 -11 39 -39 -38 42 -35 -23 -31 46 -29 -48 49 56 -5 -14 -53 54 -54 -56 -9 60 59 -59 61 -22 -63
right_child=1 4 3 9 10 7 18 22 -10 36 11 -13 51 15 -16 -17 30 -19 -20 -21 21 43 23 25 -26 -27 -28 28 29 44 32 -33 -34 41 -36 -37 40 38 -40 -41 -42 -43 -44 -45 -46 -47 47 -49 -50 -51 -52 52 53 -55 55 -57 -58 58 -60 -61 -62 62 -64
leaf_value=0.07086749607759632 0.079136813599988892 -13.267484779492783 -0.0024794666261422921 -0.27311057426056007 -0.44681460436515946 -0.10722343271621088 0.29035911152684712 0.0070834780629344023 -0.53224405350092108 0.045010975017823668 -0.73629801888663693 0.089691486656435601 0.26485867226487841 0.32718845420629611 -0.37636831141585536 0.25136362884733554 -0.12706907583895041 0.016594846699512802 0.098751749332324668 -0.0095481024913948911 -0.0495413331425558 -1.9365018511563585 -0.84042548609032119 0.039882531417110234 0.0078781000530640782 -0.26429879382881005 -0.0025332594683485869 0.027717003151898047 0.028293659930715687 -0.44495420679642045 -0.023383351326036032 -0.066011633143552892 0.04154161779043461 -0.21165620892130349 -0.23692726613854928 0.23595062762971741 0.19580135812058477 -0.18042992479037434 0.20890353488451086 -0.017070420362295054 -0.069125589768564671 -0.10436291337417739 -0.29333479955081476 0.050354264397300924 -0.48691911670944432 -0.042313759935512091 -0.2021161374075216 -0.031703734825931917 -3.048808370698695 0.083317257359920335 0.16354115256368132 0.075770710316646075 -2.0458038479439185 -0.30915229562148211 -0.99453854426578658 -3.363216004746528 -0.47981372969824676 -4.3096003817085622 -1.6304997377587982 -8.4525885330905819 0.048976459518341585 -0.69681402850224605 -0.21384400371118495
leaf_weight=13634 18508 213 60474 51 4184 5044 10759 30610 39 26389 1433 60455 2020 4107 519 3022 36 25855 8429 2604 21191 223 38 54102 37033 3288 17091 1242 117 106 10974 174 8664 265 58 9378 6370 2761 982 4985 927 1355 27 149 28 38125 1642 679 173 17161 14105 217 55 108 27 47 567 26 192 26 14258 1766 2773
leaf_count=13634 18508 213 60474 51 4184 5044 10759 30610 39 26389 1433 60455 2020 4107 519 3022 36 25855 8429 2604 21191 223 38 54102 37033 3288 17091 1242 117 106 10974 174 8664 265 58 9378 6370 2761 982 4985 927 1355 27 149 28 38125 1642 679 173 17161 14105 217 55 108 27 47 567 26 192 26 14258 1766 2773
internal_value=0.000201319 0.000351019 0.000577885 0.000309179 -1.1923e-05 9.96993e-06 0.00101119 -9.45862e-05 -9.97835e-05 0.000750398 3.91159e-06 0.00031789 -0.00171871 -0.000366739 -8.74689e-05 -0.000161 0.000661848 0.000728587 0.00180269 -0.00181349 -0.000299591 -0.00046621 -5.06363e-05 -0.000186989 -0.000434738 0.000235233 -0.000775591 -0.00106199 -0.000952693 -0.00794821 0.000140569 -0.00738095 0.000221 -0.00369191 -0.0142708 0.00119881 0.000463762 0.000228807 -0.000820348 -0.00126775 0.00159449 -0.00307529 -0.00869863 -0.00629032 -0.0151493 -0.000910574 -0.00256385 -0.00424171 0.000385583 0.000413546 0.00160921 -0.000153597 -0.00447137 -0.00913502 -0.0159302 -0.0260811 6.52727e-05 -0.000412358 -0.00688525 -0.0238462 -0.000372862 -0.00074621 -0.00233642
internal_weight=551860 309627 190531 117602 119096 242233 72929 208751 61032 56570 118883 64362 3907 54521 60993 47733 33482 53741 19188 6788 44711 40604 203707 155196 97806 57390 60773 43682 41939 251 19848 210 19638 1743 96 27886 42414 35117 8728 7746 7297 1647 292 372 134 41688 3563 2321 48511 48338 14156 2474 454 237 129 74 31177 40232 244 52 39988 25730 4539
internal_count=551860 309627 190531 117602 119096 242233 72929 208751 61032 56570 118883 64362 3907 54521 60993 47733 33482 53741 19188 6788 44711 40604 203707 155196 97806 57390 60773 43682 41939 251 19848 210 19638 1743 96 27886 42414 35117 8728 7746 7297 1647 292 372 134 41688 3563 2321 48511 48338 14156 2474 454 237 129 74 31177 40232 244 52 39988 25730 4539
is_linear=0
shrinkage=0.05


end of trees

feature_importances:
pm25_lag1=609
month=387
fx_rh=386
dow=323
fx_temp_c=289
temp_c=280
pressure=257
hour_sin=250
upwind_pm25=246
rh=240
u=232
fx_u=204
fx_v=201
fx_d_vent_index=201
fx_pblh=173
hour_cos=166
fx_d_pblh=166
fx_vent_index=156
fx_wind_dir_cos=144
upwind_fire_frp_regional_48h=140
upwind_fire_frp_24h=137
pm25_delta_24h=132
pm25_lag3=130
v=128
pm10_lag1=123
fx_wind_dir_sin=118
fx_pressure=116
no2_lag1=111
pm25_lag12=108
upwind_fire_count_regional_48h=106
vent_index=103
pm25_lag48=95
pm25_roll24=95
fx_wind_speed=93
is_holiday=91
pblh=88
wind_speed=86
wind_dir_sin=84
wind_dir_cos=82
fx_d_wind_speed=82
pm25_lag24=78
fx_precip=74
pm25_roll6=60
pm25_lag6=53
precip=37
city_code=37

parameters:
[boosting: gbdt]
[objective: quantile]
[metric: quantile]
[tree_learner: serial]
[device_type: cpu]
[data_sample_strategy: bagging]
[data: ]
[valid: ]
[num_iterations: 600]
[learning_rate: 0.05]
[num_leaves: 64]
[num_threads: 10]
[seed: 0]
[deterministic: 0]
[force_col_wise: 0]
[force_row_wise: 0]
[histogram_pool_size: -1]
[max_depth: -1]
[min_data_in_leaf: 20]
[min_sum_hessian_in_leaf: 0.001]
[bagging_fraction: 1]
[pos_bagging_fraction: 1]
[neg_bagging_fraction: 1]
[bagging_freq: 0]
[bagging_seed: 3]
[bagging_by_query: 0]
[feature_fraction: 0.9]
[feature_fraction_bynode: 1]
[feature_fraction_seed: 2]
[extra_trees: 0]
[extra_seed: 6]
[early_stopping_round: 0]
[early_stopping_min_delta: 0]
[first_metric_only: 0]
[max_delta_step: 0]
[lambda_l1: 0]
[lambda_l2: 0]
[linear_lambda: 0]
[min_gain_to_split: 0]
[drop_rate: 0.1]
[max_drop: 50]
[skip_drop: 0.5]
[xgboost_dart_mode: 0]
[uniform_drop: 0]
[drop_seed: 4]
[top_rate: 0.2]
[other_rate: 0.1]
[min_data_per_group: 100]
[max_cat_threshold: 32]
[cat_l2: 10]
[cat_smooth: 10]
[max_cat_to_onehot: 4]
[top_k: 20]
[monotone_constraints: ]
[monotone_constraints_method: basic]
[monotone_penalty: 0]
[feature_contri: ]
[forcedsplits_filename: ]
[refit_decay_rate: 0.9]
[cegb_tradeoff: 1]
[cegb_penalty_split: 0]
[cegb_penalty_feature_lazy: ]
[cegb_penalty_feature_coupled: ]
[path_smooth: 0]
[interaction_constraints: ]
[verbosity: -1]
[saved_feature_importance_type: 0]
[use_quantized_grad: 0]
[num_grad_quant_bins: 4]
[quant_train_renew_leaf: 0]
[stochastic_rounding: 1]
[linear_tree: 0]
[max_bin: 255]
[max_bin_by_feature: ]
[min_data_in_bin: 3]
[bin_construct_sample_cnt: 200000]
[data_random_seed: 1]
[is_enable_sparse: 1]
[enable_bundle: 1]
[use_missing: 1]
[zero_as_missing: 0]
[feature_pre_filter: 1]
[pre_partition: 0]
[two_round: 0]
[header: 0]
[label_column: ]
[weight_column: ]
[group_column: ]
[ignore_column: ]
[categorical_feature: ]
[forcedbins_filename: ]
[precise_float_parser: 0]
[parser_config_file: ]
[objective_seed: 5]
[num_class: 1]
[is_unbalance: 0]
[scale_pos_weight: 1]
[sigmoid: 1]
[boost_from_average: 1]
[reg_sqrt: 0]
[alpha: 0.1]
[fair_c: 1]
[poisson_max_delta_step: 0.7]
[tweedie_variance_power: 1.5]
[lambdarank_truncation_level: 30]
[lambdarank_norm: 1]
[label_gain: ]
[lambdarank_position_bias_regularization: 0]
[eval_at: ]
[multi_error_top_k: 1]
[auc_mu_weights: ]
[num_machines: 1]
[local_listen_port: 12400]
[time_out: 120]
[machine_list_filename: ]
[machines: ]
[gpu_platform_id: -1]
[gpu_device_id: -1]
[gpu_use_dp: 0]
[num_gpu: 1]

end of parameters

pandas_categorical:[]
