tree
version=v4
num_class=1
num_tree_per_iteration=1
label_index=0
max_feature_idx=45
objective=quantile
feature_names=pm25_lag1 pm25_lag3 pm25_lag6 pm25_lag12 pm25_lag24 pm25_lag48 pm25_roll6 pm25_roll24 pm25_delta_24h pm10_lag1 no2_lag1 hour_sin hour_cos dow month is_holiday u v wind_speed wind_dir_sin wind_dir_cos pblh rh temp_c precip pressure vent_index upwind_pm25 upwind_fire_frp_24h upwind_fire_frp_regional_48h upwind_fire_count_regional_48h fx_u fx_v fx_wind_speed fx_wind_dir_sin fx_wind_dir_cos fx_pblh fx_rh fx_temp_c fx_precip fx_pressure fx_vent_index fx_d_wind_speed fx_d_pblh fx_d_vent_index city_code
feature_infos=[0.0033300000000000001:1000] [0.0033300000000000001:1000] [0.0050000000000000001:1000] [0.0050000000000000001:1000] [0.0050000000000000001:1000] [0.0050000000000000001:1000] [0.012500000000000001:1000] [0.013025000000000002:881.3125] [-973.98749999999995:969] [0.0033300000000000001:1500] [0.0025000000000000001:1000] [-1:1] [-1:1] [0:6] [1:12] [0:1] [-45.59659896446523:37.996723358436107] [-43.458382145597099:37.071794067811233] [0:50.700000000000003] [-1:1] [-1:1] [10:5825] [4:100] [2.8999999999999999:44.100000000000001] [0:19.199999999999999] [961.29999999999995:1008.9] [0:171190] [0.0033300000000000001:1000] [0:957.52999999999997] [0:3065.2096965021628] [0:1830] [-46.42496206192645:39.187420418643683] [-48.27057694502232:37.023889258964786] [0:50.700000000000003] [-1:1] [-1:1] [10:5930] [4:100] [3.1000000000000001:44.100000000000001] [0:27.399999999999999] [961.39999999999998:1008.8] [0:148813.5] [-40:36.299999999999997] [-4275:3985] [-115311.5:113325.5] [0:2]
tree_sizes=5655 5901 5900 5923 5892 5932 5964 5927 5918 5897 5937 5945 5902 5941 5904 5931 5911 5938 5896 5899 5931 5963 5978 5972 5949 5947 5975 5986 6004 6009

Tree=0
num_leaves=64
num_cat=0
split_feature=36 5 5 8 28 16 14 33 16 41 14 43 25 25 7 11 20 36 30 41 41 8 23 17 16 23 16 8 16 0 44 38 8 9 13 13 34 29 25 14 41 33 41 22 37 37 0 43 16 5 14 22 23 16 22 8 37 32 34 14 14 8 29
split_gain=2413.18 712.346 648.222 364.718 306.001 294.754 221.571 205.297 150.12 125.918 163.684 100.846 95.2671 93.4893 92.1362 84.795 83.7392 80.4889 79.8254 77.637 69.7451 61.4053 56.7894 56.5812 51.3867 55.6948 49.3046 46.4254 46.3369 46.232 44.5226 44.3241 42.5403 48.92 40.1395 47.5261 57.0437 42.4808 38.3718 36.3995 32.5077 31.7361 31.1648 33.3812 36.5916 30.1073 30.0862 29.1866 28.2787 27.976 27.1312 26.7665 26.5625 28.8077 26.4553 26.2027 25.377 25.17 24.9956 27.4841 24.6621 24.6042 24.4949
threshold=86.250000000000014 68.725000000000009 77.925000000000011 -40.449999999999982 7.7550000000000008 19.062444841230214 9.5000000000000018 10.65 14.283668752687726 3316.7500000000005 5.5000000000000009 36.875000000000007 986.45000000000016 981.75000000000011 43.62554347826088 0.60355339059327384 -0.16504132135358066 52.500000000000007 25.500000000000004 1144.7500000000002 834.50000000000011 -35.584999999999987 18.550000000000004 -8.652557750493715 11.072857899613179 13.250000000000002 21.192006176278046 -33.649999999999984 16.735604574920227 40.975000000000009 -1295.9999999999995 24.750000000000004 -52.974999999999987 66.550000000000011 1.5000000000000002 2.5000000000000004 0.83385407025023295 498.12195853987458 985.75000000000011 3.5000000000000004 1754.0000000000002 7.6500000000000012 7847.2500000000009 44.500000000000007 47.500000000000007 66.500000000000014 95.02500000000002 -11.874999999999998 2.4749940728641588 138.25000000000003 3.5000000000000004 43.500000000000007 28.550000000000004 7.3434924023003871 30.500000000000004 -6.4999999999999982 74.500000000000014 -3.9859225770390192 0.71322329076259938 10.500000000000002 6.5000000000000009 -10.025000000000002 1.0000000180025095e-35
decision_type=2 8 10 8 2 2 2 2 2 2 2 2 2 2 10 2 2 2 2 2 2 10 2 2 2 2 2 8 2 2 2 2 8 8 2 2 2 2 2 2 2 2 2 2 2 2 2 2 2 10 2 2 2 2 2 8 2 2 2 2 2 10 2
left_child=1 4 6 17 14 13 9 12 55 10 15 32 -4 -5 51 -2 -10 26 28 24 23 -14 -18 -7 58 47 38 -11 -17 42 31 50 33 57 -20 37 -37 -36 54 -27 -30 52 43 44 -13 -38 -19 -26 -23 -34 -16 -1 53 -8 -3 -6 -40 -9 59 -15 -29 -12 -50
right_child=2 3 7 5 8 20 41 11 16 27 61 29 21 19 30 18 22 46 34 -21 -22 48 -24 -25 25 39 -28 60 40 -31 -32 -33 49 -35 35 36 45 -39 56 -41 -42 -43 -44 -45 -46 -47 -48 -49 62 -51 -52 -53 -54 -55 -56 -57 -58 -59 -60 -61 -62 -63 -64
leaf_value=40.421498107910153 39.081498336791995 43.751494741439821 39.836498260498047 39.861498260498045 41.155497725958774 46.611498260498045 42.886498260498044 41.28699768316892 61.486498260498053 39.031498336791991 38.950746985514137 39.736498260498045 44.711498260498047 40.719495020553993 40.94799759423195 39.551497727044037 42.16149826049805 41.912497680434264 38.964498141526676 39.861498260498045 42.228997103576603 40.711498260498047 45.721494972705841 45.23149622678757 44.778996977210042 40.41149826049805 49.086498260498047 38.401498222351073 42.339497462036888 38.611498260498045 39.476498222351076 39.736498260498045 39.382996268661238 40.275495828142219 40.570997681499378 39.938497305389546 41.736498260498045 58.894995085833763 45.161490237712862 43.40149269104004 40.41149826049805 40.111498260498045 39.110497808216294 39.811498260498048 40.211498260498047 40.028998075127376 42.021498107910155 41.667498201369014 44.311498260498048 40.463497343553719 41.961498260498047 38.691798008507092 40.2539981842041 49.731496787071229 42.611498260498045 39.21149773478642 47.848996481299402 40.581498336791995 42.306496277451515 43.966493707895282 38.061498260498048 38.41149826049805 39.686497392655248
leaf_weight=1537 21067 739 9526 13216 1325 1739 948 403 499 14789 20944 273 3283 13558 1480 8311 728 2370 548 5511 1296 3283 1380 854 2154 2339 575 126543 367 30930 12875 2915 17158 5214 234 1347 695 234 2693 2337 351 7177 1882 1112 426 246 3109 673 3499 7437 694 23315 1223 310 2929 1471 2986 314 6655 7639 107032 50939 911
leaf_count=1537 21067 739 9526 13216 1325 1739 948 403 499 14789 20944 273 3283 13558 1480 8311 728 2370 548 5511 1296 3283 1380 854 2154 2339 575 126543 367 30930 12875 2915 17158 5214 234 1347 695 234 2693 2337 351 7177 1882 1112 426 246 3109 673 3499 7437 694 23315 1223 310 2929 1471 2986 314 6655 7639 107032 50939 911
internal_value=39.17 39.1762 39.1683 39.1793 39.1715 39.1775 39.1674 39.1722 39.1827 39.1672 39.1686 39.1708 39.1766 39.1766 39.1701 39.1715 39.1914 39.1862 39.1748 39.1778 39.1908 39.1798 39.187 39.1956 39.1786 39.1823 39.1889 39.1666 39.1724 39.169 39.1728 39.1768 39.1729 39.1767 39.1815 39.1839 39.181 39.1984 39.188 39.1789 39.1846 39.1749 39.1743 39.179 39.1875 39.1904 39.1813 39.1878 39.1773 39.172 39.1822 39.1681 39.1797 39.1848 39.184 39.1747 39.1906 39.189 39.1776 39.1768 39.1664 39.1673 39.1799
internal_weight=570547 121591 448956 73372 48219 57971 363305 85651 5403 353647 105283 65149 20502 54082 42816 33400 2607 15401 12333 40866 3889 10976 2108 2593 35355 7503 9922 248364 9029 34623 17964 5089 30526 5931 3304 2756 2288 468 9347 4676 718 9658 3693 1811 699 941 5479 2827 7693 24595 2174 24852 2481 1258 3668 2796 5679 717 27852 21197 233575 71883 4410
internal_count=570547 121591 448956 73372 48219 57971 363305 85651 5403 353647 105283 65149 20502 54082 42816 33400 2607 15401 12333 40866 3889 10976 2108 2593 35355 7503 9922 248364 9029 34623 17964 5089 30526 5931 3304 2756 2288 468 9347 4676 718 9658 3693 1811 699 941 5479 2827 7693 24595 2174 24852 2481 1258 3668 2796 5679 717 27852 21197 233575 71883 4410
is_linear=0
shrinkage=1


Tree=1
num_leaves=64
num_cat=0
split_feature=36 38 5 8 16 22 14 44 16 17 41 14 5 5 7 42 23 41 23 11 43 29 43 16 42 41 41 12 27 27 14 8 30 44 11 41 0 12 27 5 8 33 7 9 23 11 7 11 42 23 11 19 31 19 17 38 8 18 33 14 5 21 0
split_gain=2098.5 615.033 588.124 348.668 292.414 208.635 190.163 183.428 132.352 110.93 109.837 129.054 107.648 98.0934 85.9635 81.9466 83.8494 79.0004 67.2449 65.6538 61.4099 62.6688 48.0807 47.4444 45.4903 44.9098 42.3358 42.3327 41.212 40.487 39.4069 39.3112 38.8541 38.5016 38.159 33.2318 33.2167 30.6369 30.3068 29.6229 29.3112 27.6939 27.6739 27.6235 27.3464 26.9025 26.7419 26.4244 25.1904 25.1783 24.5101 24.4449 24.3514 29.4177 43.554 32.4848 23.0682 22.988 22.986 22.3643 21.3384 27.3901 23.6938
threshold=86.250000000000014 24.650000000000002 71.825000000000003 -33.649999999999984 22.920650590535264 33.500000000000007 9.5000000000000018 1216.5000000000002 11.504957002658143 4.9133702105616655 3316.7500000000005 5.5000000000000009 95.325000000000003 138.25000000000003 41.902083333333344 -4.8499999999999979 12.350000000000003 834.50000000000011 18.850000000000005 0.60355339059327384 -11.874999999999998 498.12195853987458 -87.499999999999986 21.631439747182288 -10.849999999999996 3378.0000000000005 1144.7500000000002 -0.3794095225512602 38.750000000000007 77.225000000000009 4.5000000000000009 -27.984999999999992 19.500000000000004 -922.24999999999989 0.37940952255126054 2705.0000000000005 118.25000000000001 -0.3794095225512602 122.25000000000001 94.15000000000002 6.3000000000000034 7.6500000000000012 113.05000000000003 207.25000000000003 8.0500000000000025 0.37940952255126054 36.625357142857148 -0.78656609248549292 -9.3499999999999996 24.750000000000004 0.78656609248549325 -0.65605902899050716 13.067518442324923 0.49240481012316861 14.306024631724204 29.850000000000005 -10.025000000000002 13.450000000000001 7.8500000000000005 10.500000000000002 164.25000000000003 77.500000000000014 328.25000000000006
decision_type=2 2 10 8 2 2 2 2 2 2 2 2 8 10 10 2 2 2 2 2 2 2 2 2 2 2 2 2 10 8 2 8 2 2 2 2 2 2 8 8 10 2 8 8 2 2 10 2 2 2 2 2 2 2 2 2 10 2 2 2 10 2 2
left_child=1 3 6 17 12 8 10 13 -3 29 11 19 22 25 30 16 -14 23 24 -2 21 48 45 47 -6 32 44 35 52 34 46 -12 37 50 -10 40 -19 -4 -23 -16 49 51 -27 -11 57 -5 -7 -1 -21 -15 -34 59 53 54 -9 -56 -13 -17 -22 -8 61 -49 -62
right_child=2 5 7 4 18 14 41 28 9 43 31 56 15 27 39 26 -18 36 -20 20 58 38 -24 -25 -26 42 -28 -29 -30 -31 -32 -33 33 -35 -36 -37 -38 -39 -40 -41 -42 -43 -44 -45 -46 -47 -48 60 -50 -51 -52 -53 -54 -55 55 -57 -58 -59 -60 -61 62 -63 -64
leaf_value=3.9989250946044921 -0.10407491683959975 0.56692512512207038 1.8831750869750978 0.76292447972478838 5.5444250869750977 0.42602479239887958 1.0802994419338849 1.0106746319063586 2.5506739875670217 22.943425493836404 -0.27157499313354488 -0.22253734927570684 5.7346751861274248 5.489425086975098 0.25697447219138214 2.5570241369842712 2.8885501448211701 3.3877375937401455 2.7744250106811528 1.8140245289429915 1.9020845207761496 17.74524963535675 0.4861751270294189 9.4206750869750984 2.9397250971140156 -0.10157491683959954 0.58708734900099846 0.87936400687976823 -0.68057491302490236 1.9401235827147028 -0.48458990042535466 -0.89507491111755366 1.5574775379758379 0.82394225083507822 11.895100051080508 2.4768251328223143 2.2239224541187288 0.23442508697509759 -1.7434650860082923 1.3929732807708008 3.0644250869750977 0.89442508697509782 1.2344250869750977 9.7756730648875241 2.6640252489723006 2.1083295989968316 1.8996753387153149 3.7602980175911136 1.0458730677891928 3.0986747053265571 2.2308501865669381 1.8606741702556613 -0.46035578379662651 -0.065524928557787382 0.30142463970234523 1.1844248795506702 -0.72057491302490251 7.2888352021032778 -0.15117573249049923 7.7134251606464392 7.7075501759350304 3.3820240176094205 11.968361281843357
leaf_weight=2231 19603 4215 4036 997 1715 445 279 6996 1076 454 18931 20400 2584 1861 12597 520 7393 1904 514 753 710 256 16257 518 259 14599 4520 7317 23641 2158 22934 221185 1424 2080 548 5914 2216 8971 62 6146 1726 6701 4332 231 18665 1667 157 2736 4457 675 850 1539 6935 6576 185 291 50126 416 5039 506 3191 1683 644
leaf_count=2231 19603 4215 4036 997 1715 445 279 6996 1076 454 18931 20400 2584 1861 12597 520 7393 1904 514 753 710 256 16257 518 259 14599 4520 7317 23641 2158 22934 221185 1424 2080 548 5914 2216 8971 62 6146 1726 6701 4332 231 18665 1667 157 2736 4457 675 850 1539 6935 6576 185 291 50126 416 5039 506 3191 1683 644
internal_value=-0.000108905 0.0057179 -0.00168698 0.0087385 0.0069048 0.00153146 -0.00264582 0.00172855 0.00859134 0.0145881 -0.00283513 -0.00145534 0.00611865 0.0036948 8.17179e-05 0.00779694 0.0116082 0.0154688 0.0236576 0.00124028 0.00427995 0.00804269 0.00309418 0.0176802 0.0278521 0.00221233 0.00622051 0.00677042 -0.00064136 0.0112348 -0.00193024 -0.00341785 0.00404902 0.00813734 0.0171983 0.00885613 0.00956311 0.00268048 0.0295912 0.00260817 0.012222 0.004518 0.000527969 0.0331022 0.00722642 0.00932057 0.0106977 0.0169504 0.00672745 0.0156427 0.0126341 0.00922117 0.0009715 0.00216828 0.00431477 0.0189496 -0.00263562 0.0155662 0.000661853 0.0164013 0.0182554 0.0158871 0.0209844
internal_weight=570547 121591 448956 70630 55507 50961 350547 98409 8682 4467 341522 101406 53019 53785 42279 34098 9977 15123 2488 30880 11277 5528 18921 11003 1974 36292 24121 17493 44624 3782 23536 240116 17361 4354 1624 10176 4120 13007 318 18743 4262 9025 18931 685 19601 2664 602 10485 5210 2536 2274 2324 20983 14048 7472 476 70526 936 5749 785 8254 4419 3835
internal_count=570547 121591 448956 70630 55507 50961 350547 98409 8682 4467 341522 101406 53019 53785 42279 34098 9977 15123 2488 30880 11277 5528 18921 11003 1974 36292 24121 17493 44624 3782 23536 240116 17361 4354 1624 10176 4120 13007 318 18743 4262 9025 18931 685 19601 2664 602 10485 5210 2536 2274 2324 20983 14048 7472 476 70526 936 5749 785 8254 4419 3835
is_linear=0
shrinkage=0.05


Tree=2
num_leaves=64
num_cat=0
split_feature=36 5 38 8 16 14 28 44 16 14 35 5 5 8 42 23 23 11 32 36 9 43 35 42 43 36 11 42 36 13 22 37 42 22 28 40 19 31 44 25 38 13 23 40 42 11 22 14 38 25 11 5 5 14 40 21 37 29 7 16 5 0 17
split_gain=1824.79 534.797 532.279 293.943 270.552 249.255 175.012 150.166 135.813 118.456 103.545 99.7447 86.5724 82.1345 74.3948 75.4678 63.2322 60.2468 60.1184 55.9597 54.6977 48.1392 46.654 45.3712 43.4645 41.5257 40.8378 43.7041 47.7322 47.8296 44.5267 39.8316 35.9831 34.6298 34.0579 33.894 32.1341 47.9788 31.4237 30.8024 29.4201 28.6872 28.3917 27.2489 27.0348 40.8862 29.253 26.9984 26.658 26.5225 26.348 26.2579 26.1761 25.8 25.4553 25.106 24.5234 23.7131 23.2554 22.6296 22.3387 25.4764 22.1069
threshold=86.250000000000014 57.050000000000004 24.650000000000002 -40.449999999999982 22.920650590535264 9.5000000000000018 7.7550000000000008 2057.7500000000005 12.938306262281229 5.5000000000000009 0.47714059151611404 50.050000000000004 96.325000000000017 -63.459999999999987 -4.8499999999999979 12.350000000000003 19.050000000000004 -0.60355339059327362 -9.3507087022012296 52.500000000000007 66.550000000000011 -61.874999999999993 0.4539904997395468 -10.849999999999996 -87.499999999999986 180.62500000000003 -0.37940952255126065 -7.7999999999999972 226.25000000000003 5.5000000000000009 89.500000000000014 61.500000000000007 -16.949999999999996 35.500000000000007 5.9850000000000012 980.05000000000007 -0.90255091666790832 -5.71708267572303 414.24999999999915 981.45000000000016 31.250000000000004 1.0000000180025095e-35 8.0500000000000025 990.05000000000007 -2.2999999999999989 0.91597561503675362 47.500000000000007 10.500000000000002 23.550000000000004 982.35000000000002 0.12940952255126045 102.52500000000002 440.50000000000006 9.5000000000000018 986.6500000000002 82.500000000000014 81.500000000000014 0.25470404567883637 61.408514492753632 -3.2956361132945373 173.75000000000003 328.25000000000006 12.663420743400366
decision_type=2 8 2 8 2 2 2 2 2 2 2 8 8 8 2 2 2 2 2 2 8 2 2 2 2 2 2 2 2 2 2 2 2 2 2 2 2 2 2 2 2 2 2 2 2 2 2 2 2 2 2 10 10 2 2 2 2 2 8 2 10 2 2
left_child=2 25 3 19 12 7 11 9 -8 13 32 -4 24 20 15 55 23 -12 -7 21 -3 62 54 -6 34 31 51 28 29 56 -30 44 50 -21 -5 -19 37 -29 42 -13 41 48 -16 -22 45 -2 -47 -44 -24 -39 -10 -15 -43 -27 -20 -14 -28 -51 -26 -56 -23 -62 -1
right_child=1 5 6 4 16 18 8 -9 10 -11 17 39 14 26 38 -17 -18 35 22 33 43 60 40 -25 58 53 27 36 30 -31 -32 -33 -34 -35 -36 -37 -38 49 -40 -41 -42 52 47 -45 -46 46 -48 -49 -50 57 -52 -53 -54 -55 59 -57 -58 -59 -60 -61 61 -63 -64
leaf_value=5.6621413326263434 0.43912845850544535 1.8416819154975657 -0.42536036725711424 1.1565084544373654 5.2887725582560057 0.32957103815451172 0.49148159608170738 -0.70832116746902474 1.2414190095248863 -0.36230549293146219 1.9923914030425534 0.27727638478958488 4.4979414268210531 -0.25387109470367442 4.9566078331348598 2.7797154863862232 2.6610022937753528 19.603138169015867 0.35056119421085091 5.062987653598281 0.92612882900238036 3.7634489750545592 1.6588222949114344 2.7325630798201344 -0.013133629322052087 -0.80832116746902472 2.3879495400475683 2.9096780847102921 0.40734103680246875 1.8585915134754427 2.7650003907242162 -0.54679241346379337 1.4468266967176826 2.4377289718985562 2.7101377100820274 1.8378131143655594 0.24487367492297488 2.3373166801332461 1.1520221671882411 1.3511765253627315 0.70726526909798126 3.2359355593843562 1.3258240628176308 3.302384104539664 -0.17641044366494896 13.942987763940474 0.48753656447079019 4.7684740521566216 14.129808402947635 1.8745332044197369 20.499235035889114 0.75489595606015936 14.573885497435292 0.64270256805729886 0.67406718668342369 6.799316391833127 -0.98755172962861659 -0.30869604556513086 0.81471649262082946 3.174259523905814 8.0721722746253608 8.9897431414133031 4.7996706173345443
leaf_weight=1485 3045 1031 24802 2096 1780 8285 3292 59075 185 30824 221 12362 1727 17751 937 7653 499 741 3750 277 4743 3502 333 275 7147 216121 1056 561 3186 406 98 33327 1313 4021 719 123 27505 1581 5906 7799 1477 5425 10489 845 8828 190 155 7429 655 1440 123 4548 365 1705 2234 932 320 2809 9716 5282 3171 687 182
leaf_count=1485 3045 1031 24802 2096 1780 8285 3292 59075 185 30824 221 12362 1727 17751 937 7653 499 741 3750 277 4743 3502 333 275 7147 216121 1056 561 3186 406 98 33327 1313 4021 719 123 27505 1581 5906 7799 1477 5425 10489 845 8828 190 155 7429 655 1440 123 4548 365 1705 2234 932 320 2809 9716 5282 3171 687 182
internal_value=-0.000206619 -0.00167818 0.00522691 0.00803695 0.00648154 0.000377589 0.00133229 -0.000391657 0.00935478 0.000801689 0.0176534 0.000262103 0.00573953 0.00196891 0.00722878 0.0107971 0.0223884 0.0296083 0.0047425 0.0147261 0.00726016 0.0169619 0.00625711 0.0262652 0.00308517 -0.00312679 0.00139722 0.00237385 0.00670549 0.0132941 0.00313033 -0.00175376 0.00965145 0.0100302 0.00883659 0.0355671 0.00172646 0.0049202 0.0057427 0.00287411 0.00911266 0.010506 0.00673959 0.0053078 0.000688328 0.00448377 0.0207971 0.0062959 0.0183806 0.00357633 0.0250325 -0.000309208 0.00916235 -0.00341387 0.00416474 0.0180538 0.00884448 0.00151918 0.00212507 0.00584353 0.0152242 0.0178486 0.0246341
internal_weight=570547 448956 121591 70630 57305 185585 50961 157779 5998 98704 2706 44963 54751 67880 35073 10312 2554 1085 27806 13325 6619 9027 19521 2055 19678 263371 61261 38962 5066 1782 3284 45545 1621 4298 2815 864 33896 6391 24761 20161 8255 6778 18855 5588 12218 3390 345 17918 988 5830 308 22299 5790 217826 11266 2659 1376 4249 16863 7516 7360 3858 1667
internal_count=570547 448956 121591 70630 57305 185585 50961 157779 5998 98704 2706 44963 54751 67880 35073 10312 2554 1085 27806 13325 6619 9027 19521 2055 19678 263371 61261 38962 5066 1782 3284 45545 1621 4298 2815 864 33896 6391 24761 20161 8255 6778 18855 5588 12218 3390 345 17918 988 5830 308 22299 5790 217826 11266 2659 1376 4249 16863 7516 7360 3858 1667
is_linear=0
shrinkage=0.05


Tree=3
num_leaves=64
num_cat=0
split_feature=36 5 5 14 16 28 8 41 43 11 14 43 7 8 25 7 36 11 32 30 41 17 19 41 16 14 31 16 25 32 41 30 8 16 14 38 22 28 12 31 22 17 27 32 25 17 26 11 9 28 24 8 25 41 32 40 25 8 16 7 22 31 4
split_gain=1578.08 492.2 462.218 229.063 219.922 204.324 195.882 192.049 97.1006 84.7152 81.3848 79.3562 70.4597 69.4988 69.3349 65.8564 64.7597 58.3723 51 47.8322 45.2645 43.3769 41.0361 39.4324 38.065 45.0746 38.4227 39.5667 37.6492 36.7679 34.9692 33.0866 33.6767 32.6186 40.1397 43.6745 31.9342 31.7806 31.5279 31.224 31.1485 48.8396 34.7452 30.9528 30.7841 30.4765 28.6332 30.628 28.088 38.9518 32.9956 26.4381 26.2718 25.8346 25.1088 24.9628 24.4897 23.512 22.9204 22.704 22.2362 21.3896 41.1882
threshold=86.250000000000014 52.025000000000006 73.02500000000002 9.5000000000000018 19.062444841230214 7.7550000000000008 -60.449999999999996 2881.2500000000005 -46.249999999999993 -0.60355339059327362 5.5000000000000009 -1.0000000180025095e-35 43.97708333333334 -30.949999999999992 979.55000000000007 42.946862745098045 46.250000000000007 -0.37940952255126065 -9.3507087022012296 19.500000000000004 1144.7500000000002 -8.9224589770123881 -0.72534675097891066 3744.5000000000005 -3.7993501325900909 10.500000000000002 7.2286060702528259 2.4749940728641588 979.45000000000016 16.197903711174003 1200.2500000000002 449.50000000000006 -23.699999999999989 10.750899100799353 10.500000000000002 10.350000000000003 33.500000000000007 23.880000000000006 0.1294095225512602 3.2687315981247376 50.500000000000007 16.164885207316875 41.550000000000004 -12.082570155746895 980.05000000000007 17.572819240734859 1562.2500000000002 0.37940952255126054 56.050000000000004 7.9900000000000011 1.0000000180025095e-35 -57.92499999999999 981.05000000000007 10023.250000000002 -10.704160384514516 982.75000000000011 977.45000000000016 2.3000000000000029 16.93629958554229 116.85208333333334 38.500000000000007 -5.9620266400456758 52.025000000000006
decision_type=2 8 8 2 2 2 8 2 2 2 2 2 10 8 2 10 2 2 2 2 2 2 2 2 2 2 2 2 2 2 2 2 8 2 2 2 2 2 2 2 2 2 8 2 2 2 2 2 10 2 2 10 2 2 2 2 2 8 2 10 2 2 8
left_child=2 23 5 7 6 12 30 10 9 -7 11 17 60 48 -8 22 21 -3 -5 43 33 55 44 28 -20 -26 27 -27 -2 -12 52 32 -30 61 35 -35 -37 -33 39 57 41 53 -43 -19 -11 54 -14 -48 49 51 -51 -9 -4 -15 -21 -6 -49 -13 -45 -36 -1 62 -16
right_child=1 3 4 18 16 8 14 13 -10 15 29 38 46 40 20 -17 -18 19 24 45 -22 -23 -24 -25 25 26 -28 -29 31 -31 -32 37 -34 34 59 36 -38 -39 -40 -41 -42 42 -44 58 -46 -47 47 56 -50 50 -52 -53 -54 -55 -56 -57 -58 -59 -60 -61 -62 -63 -64
leaf_value=1.425683039344892 -0.62099442343847044 0.26483644442804305 1.3968390061992559 0.28372520442467181 1.8687642491314556 0.61026505212565185 0.28623771212282328 2.0488570214677018 0.92731420137531995 18.250310432415851 -0.24121285453299676 2.4820218292778664 0.20984690074376938 -0.044376838522225362 2.6524326976795467 2.4757728857874199 2.9749740480760316 0.020613248732176716 0.61210367183537595 2.3106426869106484 0.64188050599258517 5.3050119071002522 0.071349794278032161 -0.84490514533519745 0.9386310580509678 2.9574204538996085 1.6263050083985466 7.135237355348754 0.79649608320876097 0.7333826602275888 1.3488261992227748 -0.88465336481167012 -0.29413010900020603 4.035792871569158 6.5179394719410642 3.31114770439304 1.1889184638619994 11.295930713038032 -0.21039833379949782 0.087348476044264933 -0.76368335189611869 1.0806196496022182 0.056822486953366891 1.417887623924299 2.802927848289543 1.1331992533286079 0.3374127847415675 0.1365943435814117 0.015569632491474212 0.80190158133628009 2.714919212376584 -0.0025801088094709714 6.0821891362715519 -0.58990510718822475 1.7774093902790353 8.0165342659950252 2.0752895605810013 1.018984263672263 2.9576745122539823 5.3415344260633928 -0.42409242518820389 2.0137906636183676 2.516072233681653
leaf_weight=1270 54917 5262 1224 8449 233 946 8251 1927 2628 490 15216 949 12828 23893 786 1236 2049 1950 4630 423 6348 941 109 164200 4691 2545 4004 3929 2095 352 1135 93 23907 1290 409 867 4745 96 9217 2925 49724 449 428 5693 500 257 3716 800 16192 184 160 2743 7163 31557 3366 1753 2326 1811 722 1918 24095 23726 7809
leaf_count=1270 54917 5262 1224 8449 233 946 8251 1927 2628 490 15216 949 12828 23893 786 1236 2049 1950 4630 423 6348 941 109 164200 4691 2545 4004 3929 2095 352 1135 93 23907 1290 409 867 4745 96 9217 2925 49724 449 428 5693 500 257 3716 800 16192 184 160 2743 7163 31557 3366 1753 2326 1811 722 1918 24095 23726 7809
internal_value=-0.000297233 -0.00166571 0.00475566 0.000151289 0.00737349 0.00112535 0.00660558 -0.000521666 0.00986715 0.0156035 0.00216823 0.00358941 -2.1651e-05 -0.00153929 0.00548104 0.0207173 0.017508 0.00585554 0.00432986 0.00772661 0.00621028 0.0222805 0.0296224 -0.00317413 0.00571771 0.00692893 0.00875262 0.0111338 -0.00227216 -0.0008055 0.0132367 -0.000712269 -0.000863781 0.00681107 0.00943277 0.00751811 0.00561119 0.0201323 0.000901891 0.00383025 -0.00206179 -0.00125668 0.0104504 0.00556784 0.0328283 0.0121898 0.0022242 0.0048363 0.00107375 0.00434384 0.0205814 0.00314775 0.0143514 -0.00144184 0.0110596 0.0264703 0.00848368 0.00764493 0.00724474 0.0151117 -0.00176326 0.00606247 0.00819953
internal_weight=570547 448956 121591 203648 70647 50944 65671 175400 5909 3281 48143 32575 45035 127257 56149 2335 4976 17673 28248 12411 47898 2927 1099 245308 19799 15169 10478 6474 81108 15568 9522 26191 26002 41550 9229 6902 5612 189 14902 5685 106051 56327 877 8365 990 4046 19670 6842 21206 5014 344 4670 8387 55450 3789 1986 3126 2760 6415 2327 25365 32321 8595
internal_count=570547 448956 121591 203648 70647 50944 65671 175400 5909 3281 48143 32575 45035 127257 56149 2335 4976 17673 28248 12411 47898 2927 1099 245308 19799 15169 10478 6474 81108 15568 9522 26191 26002 41550 9229 6902 5612 189 14902 5685 106051 56327 877 8365 990 4046 19670 6842 21206 5014 344 4670 8387 55450 3789 1986 3126 2760 6415 2327 25365 32321 8595
is_linear=0
shrinkage=0.05


Tree=4
num_leaves=64
num_cat=0
split_feature=36 38 5 8 16 37 14 33 16 4 5 41 42 38 25 7 20 41 43 8 23 28 41 42 5 21 30 0 13 5 11 16 29 14 8 37 32 28 14 28 5 4 13 4 9 40 31 5 23 9 3 26 20 14 9 1 44 5 21 41 13 23 37
split_gain=1386.91 446.133 389.3 213.941 193.941 160.412 144.846 127.968 112.356 96.0053 90.3693 81.9719 77.7647 90.7088 72.8305 70.9334 70.6562 61.1883 54.123 53.0911 52.7353 49.6748 44.9697 41.7507 41.4444 38.2469 37.5195 36.8911 36.7857 42.7256 32.6986 30.1991 29.9238 29.8334 29.553 28.8552 28.3721 36.059 50.7694 27.1388 26.9944 26.9939 25.8009 24.7466 24.7244 24.0268 23.2804 22.6419 21.7831 21.7201 21.4513 21.4058 35.546 21.1578 20.7903 20.1829 19.5455 19.5038 19.3653 19.3351 19.154 28.1419 29.8887
threshold=106.25000000000001 24.650000000000002 77.925000000000011 -40.449999999999982 22.920650590535264 55.500000000000007 9.5000000000000018 13.050000000000002 12.444976220190989 30.525000000000002 42.525000000000006 2971.2500000000005 -4.5999999999999979 13.250000000000002 983.6500000000002 45.045227272727281 0.16504132135358049 1200.2500000000002 142.50000000000003 -28.984999999999996 18.850000000000005 11.635000000000003 1144.7500000000002 -10.849999999999996 98.52500000000002 4452.5000000000009 416.50000000000006 31.050000000000004 3.5000000000000004 118.25000000000001 -0.78656609248549292 21.631439747182288 30.962600251364091 3.5000000000000004 -21.784999999999993 60.500000000000007 -2.9906815361141459 7.7550000000000008 4.5000000000000009 7.7550000000000008 62.025000000000006 51.050000000000004 4.5000000000000009 121.25000000000001 118.25000000000001 986.05000000000007 -5.8001849185172789 51.050000000000004 7.0500000000000007 50.050000000000004 219.25000000000003 2376.2500000000005 -0.83385407025023273 10.500000000000002 13.050000000000002 39.975000000000009 -268.25000000000017 675.25000000000011 186.25000000000003 4809.2500000000009 1.0000000180025095e-35 18.850000000000005 40.500000000000007
decision_type=2 2 10 8 2 2 2 2 2 8 8 2 2 2 2 10 2 2 2 10 2 2 2 2 8 2 2 2 2 8 2 2 2 2 8 2 2 2 2 2 10 8 2 10 10 2 2 8 2 8 10 2 2 2 8 8 2 10 2 2 2 2 2
left_child=1 3 6 17 12 8 10 14 28 16 59 21 13 44 -4 54 39 30 27 -16 23 35 24 47 -14 34 49 32 53 51 -1 -32 -9 60 -13 -12 37 -11 40 -10 -39 55 -27 -17 -5 -46 -24 -6 56 -23 -21 -30 -53 -3 -7 -31 -26 -50 -40 -2 -15 62 -62
right_child=2 5 7 4 20 15 -8 18 9 36 11 25 22 33 19 43 -18 -19 -20 50 -22 26 46 -25 48 42 -28 -29 29 41 31 -33 -34 -35 -36 -37 -38 38 58 -41 -42 -43 -44 -45 45 -47 -48 -49 57 -51 -52 52 -54 -55 -56 -57 -58 -59 -60 -61 61 -63 -64
leaf_value=3.2920316900400817 -0.57014727218824068 -0.10123464073264402 0.13730217293093946 3.7533577937334699 1.5181186456432489 0.63024875710250317 1.2223139614902376 0.54222837465029738 17.603138456021373 1.42557937123145 0.32653929066217774 -0.13003214119817794 0.43184595167250617 1.8252053449183703 3.4538468226109305 0.28910200045157169 1.5513748475335047 1.4078572693722444 -0.84680827694689664 0.94725670542520002 2.1018269321585761 3.0843883489573169 1.259373292050898 2.1809455155165911 7.8519860860542599 -0.72541044549107569 17.351888096915374 0.11054708714515563 0.042939067573106726 0.79232348169822386 4.9079778728500232 8.6032075526952756 1.2664913763927963 2.5738553580630659 -0.66065988997578629 -0.26342209071813011 0.89697983247782342 0.4907117871176041 22.238828522622718 17.448879773043458 4.1851329945917302 1.4507397480615998 1.2924542388898312 2.2260003544738889 2.1899834222839547 6.1605601482759589 -0.09401993442983142 5.2665138253190324 2.1845985356562312 1.1124262067271866 3.9071184853155767 1.9987668252521396 0.3387997934505364 14.932656450177451 -0.50288780392879351 2.6666481751078077 2.8775632945911847 21.259352705367814 2.262258385189833 -0.87765989760518082 2.8097907316683339 -0.15170886519113047 1.1636117678511193
leaf_weight=2617 75290 9101 9485 2603 339 682 8934 2362 174 1181 11429 18478 9973 1822 5483 10623 251 3240 14834 8466 587 51 3182 359 120 333 163 32803 4051 204 8969 429 792 6329 91867 18495 3101 404 239 450 460 1712 455 1347 236 1057 10073 1487 18842 1925 3820 315 1054 131 29784 298 440 217 58 119101 241 3416 3783
leaf_count=2617 75290 9101 9485 2603 339 682 8934 2362 174 1181 11429 18478 9973 1822 5483 10623 251 3240 14834 8466 587 51 3182 359 120 333 163 32803 4051 204 8969 429 792 6329 91867 18495 3101 404 239 450 460 1712 455 1347 236 1057 10073 1487 18842 1925 3820 315 1054 131 29784 298 440 217 58 119101 241 3416 3783
internal_value=-0.000377946 0.00382615 -0.00182346 0.0063239 0.00507511 0.000767295 -0.002542 0.00136684 0.00411189 0.00979899 -0.0027083 -0.00175515 0.00449963 0.00711833 0.00413077 -0.00105995 0.0251714 0.0116536 -0.000116262 0.00601919 0.0180159 0.000472038 0.00330863 0.0215904 0.00439274 -0.00239771 0.0078331 0.000932084 0.0019815 0.00454938 0.013298 0.0146744 0.00609702 0.00541306 -0.0024761 -5.41383e-05 0.00732776 0.0114816 0.017739 0.0341827 0.0116088 0.010402 0.00857868 0.00220134 0.0139425 0.019594 0.000888343 0.024655 0.00572685 0.00593117 0.00419339 0.00215867 0.00756391 -0.000141899 -0.0023413 0.0205976 0.0154464 0.00544126 0.0355724 -0.00341042 0.00360505 0.00247984 0.00531312
internal_weight=570547 145981 424566 80361 65106 65620 346521 78045 23184 6318 337587 143196 62334 19487 27254 42436 875 15255 50791 17769 2772 32063 42847 2185 29592 111133 2139 35957 16866 7634 12015 9398 3154 15591 110345 29924 5443 2342 1161 624 864 2214 788 11970 3896 1293 13255 1826 19619 1976 12286 5420 1369 9232 30466 502 560 19059 297 194391 9262 7440 4024
internal_count=570547 145981 424566 80361 65106 65620 346521 78045 23184 6318 337587 143196 62334 19487 27254 42436 875 15255 50791 17769 2772 32063 42847 2185 29592 111133 2139 35957 16866 7634 12015 9398 3154 15591 110345 29924 5443 2342 1161 624 864 2214 788 11970 3896 1293 13255 1826 19619 1976 12286 5420 1369 9232 30466 502 560 19059 297 194391 9262 7440 4024
is_linear=0
shrinkage=0.05


Tree=5
num_leaves=64
num_cat=0
split_feature=36 5 5 16 7 8 28 41 33 25 42 17 16 41 38 25 41 14 23 31 8 16 8 5 7 14 13 16 37 41 29 3 28 22 7 22 17 27 14 28 22 23 17 0 8 31 1 8 44 25 35 0 26 40 35 32 33 21 24 29 25 8 7
split_gain=1226.55 411.28 351.71 197.227 188.394 180.608 120.431 104.261 96.8768 80.835 70.9336 66.2386 100.505 62.7949 54.1866 52.3229 46.6262 46.2121 47.7235 48.0414 39.6099 37.0597 36.3256 35.9541 35.798 35.2498 30.7851 29.5902 32.2151 28.5501 32.7607 42.4032 28.3217 35.9963 26.6199 25.292 47.7962 29.2542 25.0192 25.0178 24.6905 34.3402 24.0419 23.9885 24.6808 23.8708 26.4604 23.7998 23.0991 22.9138 22.463 28.3562 21.9916 21.1387 21.1005 20.7617 20.7083 20.8308 20.1631 34.5791 19.7283 19.541 19.2571
threshold=111.25000000000001 48.550000000000004 52.025000000000006 19.997300176271168 121.14772727272729 -43.474999999999987 5.9850000000000012 3429.5000000000005 14.050000000000002 979.75000000000011 -12.249999999999996 2.1650291525648857 11.184577598898509 1144.7500000000002 18.450000000000003 977.45000000000016 1200.2500000000002 10.500000000000002 9.3500000000000032 -4.5500881232402355 -99.949999999999989 4.4223743454074294 -21.784999999999993 183.75000000000003 43.97708333333334 4.5000000000000009 5.5000000000000009 -1.4609657143220571 35.500000000000007 4809.2500000000009 694.56127874187735 33.050000000000004 8.8450000000000006 89.500000000000014 121.14772727272729 50.500000000000007 16.164885207316875 41.550000000000004 2.5000000000000004 2.7650000000000001 28.500000000000004 26.350000000000005 16.164885207316875 328.25000000000006 -91.949999999999989 12.765137489509838 91.02500000000002 -20.788749999999997 1090.2500000000002 979.45000000000016 -0.39873388578253688 202.25000000000003 2460.2500000000005 980.1500000000002 0.60181502315204816 14.415310810901209 9.5500000000000025 4937.5000000000009 2.1500000000000008 18.697231927471865 985.05000000000007 -6.4999999999999982 46.479583333333331
decision_type=2 8 8 2 10 8 2 2 2 2 2 2 2 2 2 2 2 2 2 2 8 2 8 10 10 2 2 2 2 2 2 10 2 2 10 2 2 8 2 2 2 2 2 2 10 2 10 10 2 2 2 2 2 2 2 2 2 2 2 2 2 8 10
left_child=1 6 29 5 7 16 24 15 27 -7 14 -8 -13 17 38 39 23 18 -11 26 -17 -19 58 40 -1 -14 54 -6 -29 30 49 -32 55 -34 -23 36 -24 -38 -5 -4 41 -3 -41 44 -25 46 -12 -21 -10 -2 51 -15 -26 -42 61 -22 57 -31 -9 -60 -30 -20 -51
right_child=2 3 4 10 8 9 11 22 48 13 45 12 25 50 -16 20 -18 21 19 47 32 34 35 43 52 -27 -28 28 60 56 31 -33 33 -35 -36 -37 37 -39 -40 42 53 -43 -44 -45 -46 -47 -48 -49 -50 62 -52 -53 -54 -55 -56 -57 -58 -59 59 -61 -62 -63 -64
leaf_value=-0.45451275156311288 -0.59457306236584306 5.3990958776428757 -0.42155228908484488 6.5367159380526818 0.8462019834009612 0.10505801379024292 0.84225616822618066 -0.035355269183050098 0.88416775017916516 3.878421996828175 1.9746305067954584 0.8396572655362724 0.014830891033266883 1.6251116410611595 6.2345536057848898 1.8738243974544524 1.0924211098830221 3.1393563596827962 2.221383541219248 1.4039022134944674 0.26197436312332456 6.3932033586767254 -0.42465327076332432 7.9690557029509312 -0.045139565917177583 18.210712212294212 2.1878632143051546 0.92728098210885346 0.16976298242455778 -0.40962685542267541 9.5016402811608156 -0.3166717535190981 1.3915209266614599 3.1836305174327055 5.3536498312857521 -0.78168796800051232 1.0731481868852242 0.076794466084107435 5.7886098235052028 0.62576476710980844 0.44633247698897494 1.1486373313885092 0.84155739580160938 6.3601366043161178 4.012007673685404 1.5003648968641181 6.6393576818991864 0.51495770671029073 -0.34967239132041122 -0.4256717562683629 0.2284792266791035 -1.0225046502455803 1.0198858323386533 2.7200231683340874 0.25014901919431815 0.79370865714319061 -0.90417048609053818 1.0888834579214837 -0.060605665899369214 2.974093865511227 4.0865508303709595 1.5014432490237768 0.13908361660262525
leaf_weight=29870 60170 397 12487 505 4727 17013 2746 23325 5107 2371 536 728 74 1978 1075 774 3907 7468 1770 6462 23666 787 46662 2186 8827 499 1966 3740 798 24214 171 261 2638 93 4278 38922 375 326 1421 968 1454 745 101 790 1974 1945 574 18219 11358 17679 12460 972 2396 5963 1941 916 120922 283 152 88 9029 4897 9401
leaf_count=29870 60170 397 12487 505 4727 17013 2746 23325 5107 2371 536 728 74 1978 1075 774 3907 7468 1770 6462 23666 787 46662 2186 8827 499 1966 3740 798 24214 171 261 2638 93 4278 38922 375 326 1421 968 1454 745 101 790 1974 1945 574 18219 11358 17679 12460 972 2396 5963 1941 916 120922 283 152 88 9029 4897 9401
internal_value=-0.000441919 0.00341898 -0.00183393 0.00512031 -0.000214012 0.00458969 -0.000578202 -0.000975723 0.00310581 0.00361386 0.0138821 0.00765135 0.0169447 0.0044107 0.0193419 0.00115469 0.00921681 0.00526835 0.00439244 0.00393065 0.00238598 0.00789795 -0.00178334 0.0106081 -0.00138868 0.0326091 0.00675052 0.00561003 0.00679701 -0.00312828 -0.00241566 0.0113194 0.00206989 0.0069004 0.0111994 -0.0022585 -0.00148249 0.0114765 0.0243614 -0.00139643 0.00864645 0.0154904 0.00594481 0.014 0.0155168 0.00851882 0.0143694 0.00272254 0.000323412 -0.00248367 0.00161908 0.00554237 0.00101889 0.00759269 0.0054612 0.00153323 -0.00355796 -0.00223232 -4.34979e-05 0.014375 0.00830009 0.00679691 -0.00127585
internal_weight=570547 151194 419353 106054 186252 99998 45140 151493 34759 82582 6056 4047 1301 65569 3001 41643 17416 50159 37626 35255 28087 12533 109850 13509 41093 573 10574 18294 13567 233101 87682 432 27313 2731 5065 86285 47363 701 1926 13556 8559 1142 1069 4950 4160 3055 1110 24681 16465 87250 15410 2950 11223 7417 8608 24582 145419 24497 23565 240 9827 6667 27080
internal_count=570547 151194 419353 106054 186252 99998 45140 151493 34759 82582 6056 4047 1301 65569 3001 41643 17416 50159 37626 35255 28087 12533 109850 13509 41093 573 10574 18294 13567 233101 87682 432 27313 2731 5065 86285 47363 701 1926 13556 8559 1142 1069 4950 4160 3055 1110 24681 16465 87250 15410 2950 11223 7417 8608 24582 145419 24497 23565 240 9827 6667 27080
is_linear=0
shrinkage=0.05


Tree=6
num_leaves=64
num_cat=0
split_feature=36 5 5 14 16 14 41 25 44 41 42 4 11 16 14 33 14 21 14 23 23 14 21 41 29 3 16 14 25 11 34 16 44 22 11 13 14 11 29 23 13 41 27 5 29 22 4 0 20 14 22 7 25 34 31 7 14 36 30 14 13 22 31
split_gain=1076.88 355.783 329.115 172.851 145.137 96.5987 96.2084 92.2305 90.9383 78.5065 69.2459 64.1899 60.7461 65.7988 115.517 54.9742 50.2475 61.1481 48.3293 45.292 35.8236 35.6596 30.2936 29.1182 31.3057 39.6209 28.8961 37.6031 28.743 28.6059 36.3716 28.5258 28.039 27.4666 26.3677 31.0331 26.1232 26.048 27.9875 26.0436 62.3013 28.7574 24.8727 24.6265 25.4441 74.9919 24.2396 24.0247 25.8521 23.8707 23.2189 22.3591 22.045 21.7895 20.8462 20.6628 19.6453 19.3069 18.9297 18.9271 31.8253 18.8678 18.8365
threshold=111.25000000000001 56.025000000000006 52.025000000000006 9.5000000000000018 18.729165766681053 5.5000000000000009 3378.0000000000005 979.75000000000011 -742.74999999999989 834.50000000000011 -10.849999999999996 151.25000000000003 -0.70710678118654735 16.735604574920227 4.5000000000000009 14.050000000000002 5.5000000000000009 141.87500000000003 1.5000000000000002 18.850000000000005 32.250000000000007 10.500000000000002 101.87500000000001 4809.2500000000009 694.56127874187735 33.050000000000004 -1.4609657143220571 10.500000000000002 981.85000000000002 -0.37940952255126065 0.97233289553061597 3.615214933819122 3166.0000000000009 73.500000000000014 -0.37940952255126065 4.5000000000000009 1.5000000000000002 -0.37940952255126065 5.9512272165971458 27.750000000000004 1.5000000000000002 1690.7500000000002 122.25000000000001 112.07500000000002 25.308975206267423 81.500000000000014 73.950000000000017 38.025000000000006 -0.90255091666790832 2.5000000000000004 16.500000000000004 123.68291666666669 979.45000000000016 0.53727914962411616 5.7286892999883934 176.3809782608696 9.5000000000000018 37.500000000000007 22.500000000000004 4.5000000000000009 5.5000000000000009 56.500000000000007 -7.9516897719137551
decision_type=2 8 8 2 2 2 2 2 2 2 2 8 2 2 2 2 2 2 2 2 2 2 2 2 2 10 2 2 2 2 2 2 2 2 2 2 2 2 2 2 2 2 8 10 2 2 10 2 2 2 2 8 2 2 2 10 2 2 2 2 2 2 2
left_child=1 5 23 6 7 8 16 59 12 11 19 21 -1 20 -15 26 17 -4 -8 49 46 22 62 24 52 -26 -5 -28 -16 -19 36 55 43 34 -11 50 -31 -24 -39 41 -41 -29 -37 44 -20 47 -14 48 -46 -6 -36 -23 -2 -12 -42 -13 -25 -57 -38 60 -3 -62 -9
right_child=2 4 3 15 10 -7 18 9 -10 33 53 31 13 14 28 -17 -18 29 32 -21 -22 51 37 56 25 -27 27 39 -30 30 -32 -33 -34 -35 35 42 58 38 -40 40 54 -43 -44 -45 45 -47 -48 -49 -50 -51 -52 -53 -54 -55 -56 57 -58 -59 -60 -61 61 -63 -64
leaf_value=-0.16951300836970751 -0.56484440924755075 0.56026652332809002 -0.14140898058231244 0.75263158232748362 5.7746567405082274 -0.38933664761982767 0.84440456262111718 1.6056443383202617 -0.17543673452083303 0.58242888097759027 1.9939230794152309 1.598246818534373 0.57231108342877235 1.4921000716055941 17.119869066467757 0.12485659540068064 -0.19854765386039397 0.19951623968034904 -0.43490435140231726 4.5993408635528423 15.241439958446584 4.283558040339555 0.47383007677340122 -0.76129551417742081 9.0265582671027733 -0.30083816584314332 0.6530159810856434 6.4393328792731426 -0.56119871749077932 3.8058299029007268 1.5825127556669187 4.2848496492978736 -0.74201728849030668 0.37763802975068894 3.8597052444443949 2.2451867889814774 0.63860490031123507 1.1734968515404647 2.0138652854956689 21.985510031169511 2.6299876259720638 2.7780247540415988 1.5523883084567731 0.31144268886639831 0.91543949548619252 2.1981232330084004 1.7510490066066611 -0.28684204701000315 0.40575081148932973 5.2741823089725806 0.92345157996524763 2.9387563069506668 -0.2437909224381084 6.5296346431473031 14.119233332213071 5.8677761659373919 0.61515645900063665 3.0937000016091876 1.3687211653311793 -0.00079503111381155369 0.88391786358633839 1.5374706330620638 0.55386543808355959
leaf_weight=2480 60170 3618 10581 4406 832 31848 6781 1942 10810 6747 3452 5464 4025 1423 488 8955 15764 5253 41346 1035 127 787 1518 144315 171 261 3468 1389 44 925 1178 10464 47959 11371 183 1495 6848 1328 1867 327 691 5356 1196 7798 207 299 1182 11247 2375 1697 6722 1779 27080 240 247 5745 1104 2809 2852 12320 477 282 13397
leaf_count=2480 60170 3618 10581 4406 832 31848 6781 1942 10810 6747 3452 5464 4025 1423 488 8955 15764 5253 41346 1035 127 787 1518 144315 171 261 3468 1389 44 925 1178 10464 47959 11371 183 1495 6848 1328 1867 327 691 5356 1196 7798 207 299 1182 11247 2375 1697 6722 1779 27080 240 247 5745 1104 2809 2852 12320 477 282 13397
internal_value=-0.000501949 0.00311573 -0.00180627 -0.000239247 0.00488285 -0.000213345 -0.000836768 0.00434314 0.00245663 0.00509303 0.0116896 0.00633546 0.00595301 0.00825285 0.0160997 0.00364366 0.00117612 0.00246101 -0.00157704 0.0166611 0.00537683 0.00441507 0.00370487 -0.00305835 -0.00233868 0.011088 0.00540985 0.00673114 0.0359774 0.00431344 0.00567949 0.00810963 -0.00182687 0.00298152 0.0042945 0.00597853 0.00475529 0.0072109 0.00977308 0.00861423 0.0151976 0.00737954 0.0105333 -0.00113573 -0.00150557 0.000326301 0.00473689 -0.000209344 0.0041402 0.0202669 0.00420347 0.00996492 -0.00240516 0.00689057 0.00864605 0.00663504 -0.00349229 0.00816928 0.00398969 0.00098311 0.0038074 0.0131159 0.00262761
internal_weight=570547 151194 419353 186252 98767 52427 161413 91511 20579 74814 7256 47100 9769 7289 1955 24839 43401 27637 118012 3564 5334 22618 20052 233101 87682 432 15884 11478 532 17056 11803 24482 111231 27714 16343 9596 10625 4713 3195 8010 1265 6745 2691 63272 55474 14128 5207 13829 2582 2529 6905 2566 87250 3692 938 14018 145419 8554 9700 16697 4377 759 15339
internal_count=570547 151194 419353 186252 98767 52427 161413 91511 20579 74814 7256 47100 9769 7289 1955 24839 43401 27637 118012 3564 5334 22618 20052 233101 87682 432 15884 11478 532 17056 11803 24482 111231 27714 16343 9596 10625 4713 3195 8010 1265 6745 2691 63272 55474 14128 5207 13829 2582 2529 6905 2566 87250 3692 938 14018 145419 8554 9700 16697 4377 759 15339
is_linear=0
shrinkage=0.05


Tree=7
num_leaves=64
num_cat=0
split_feature=36 5 5 7 8 14 44 41 42 38 33 16 14 13 25 7 23 43 8 36 8 43 14 8 23 14 22 31 13 24 7 25 33 43 38 27 23 8 25 16 41 34 8 3 9 22 43 16 6 22 17 41 29 42 12 22 30 13 16 24 30 2 27
split_gain=953.884 310.367 296.662 147.359 125.003 118.232 99.0212 85.3306 84.2488 80.3706 70.7934 58.3101 113.473 61.8334 46.9125 46.5726 45.0865 41.3133 35.724 35.5316 33.0919 31.3059 32.3168 28.8739 27.6586 29.5967 35.0979 30.1829 27.6076 27.1812 26.6001 25.6017 25.5111 24.7397 28.7597 24.1089 23.7492 23.5145 23.2871 22.9898 22.9884 21.883 21.7374 21.5621 19.5599 19.4591 23.8407 19.3086 19.3047 18.3862 18.3893 17.8443 29.5909 33.0613 17.3247 17.1665 23.1951 24.8857 20.3431 17.1206 45.7669 17.0117 16.9863
threshold=111.25000000000001 73.02500000000002 52.025000000000006 121.14772727272729 -79.449999999999974 5.5000000000000009 -1125.2499999999998 3429.5000000000005 -10.549999999999995 19.250000000000004 13.050000000000002 15.264692951252451 4.5000000000000009 2.5000000000000004 977.45000000000016 36.082971014492763 18.850000000000005 11.250000000000002 -11.599999999999994 46.250000000000007 -27.984999999999992 -66.249999999999986 2.5000000000000004 -32.774999999999991 9.3500000000000032 10.500000000000002 27.500000000000004 -6.8778274236459698 5.5000000000000009 1.4500000000000002 59.12554347826088 987.1500000000002 10.550000000000002 -27.499999999999996 16.850000000000005 100.07500000000002 12.050000000000002 -19.774999999999995 988.6500000000002 -6.9167085854575685 7613.2500000000009 0.36648727148060617 -11 52.525000000000006 96.550000000000011 63.500000000000007 -11.874999999999998 3.615214933819122 62.683333333333373 50.500000000000007 16.164885207316875 3744.5000000000005 637.16972822656714 -1.3999999999999995 -0.12940952255126037 45.500000000000007 16.500000000000004 3.5000000000000004 19.685229750630722 1.1500000000000001 14.500000000000002 68.02500000000002 40.550000000000004
decision_type=2 8 8 10 8 2 2 2 2 2 2 2 2 2 2 8 2 2 8 2 8 2 2 8 2 2 2 2 2 2 8 2 2 2 2 8 2 8 2 2 2 2 8 10 10 2 2 2 8 2 2 2 2 2 2 2 2 2 2 2 2 8 8
left_child=1 5 20 7 19 6 11 14 9 21 38 42 16 31 -4 -10 44 24 40 -3 -2 22 36 29 -17 26 35 28 55 -16 -30 -14 61 34 -12 47 -6 -8 -5 -27 59 -19 48 -7 -13 46 -25 -26 -1 50 -20 52 -34 -54 -29 -28 58 -58 -57 -9 -61 -22 -52
right_child=2 4 3 10 8 43 37 18 15 -11 33 12 13 -15 23 17 -18 41 49 -21 32 -23 -24 45 25 39 27 54 30 -31 -32 -33 51 -35 -36 -37 -38 -39 -40 -41 -42 -43 -44 -45 -46 -47 -48 -49 -50 -51 62 -53 53 -55 -56 56 57 -59 -60 60 -62 -63 -64
leaf_value=0.78069084899701502 -0.12904290277672673 6.5125272292248981 -0.28719414831726592 1.3159084925620315 6.2988380228203553 -0.40881996537295751 0.92908652518233148 0.13908455449608031 -0.35836148758012376 1.0579489670434234 2.9829450084248741 1.2686519467357764 16.228313558113548 -0.32773651856883218 0.96570723236045686 3.548831414664082 0.29487626093466551 0.20334608206606386 -0.43174329996838667 2.5198970655547988 -0.47608073694267078 3.3086773754087613 5.4698585041407135 1.0359110901071054 0.70995458211279472 0.91636386453948515 -0.44248558009955918 1.4126775522854269 2.2789284069665903 2.9658559605033523 3.0338774019063464 0.025398082304685023 -0.52307286653790264 -0.24974691146484981 0.5790873676021433 1.2250767764907169 1.5908948227483188 -0.097299018439975377 3.1440780546001363 4.3673336111131063 -0.2643939534375388 1.4534772337173729 0.38346696376552403 0.36989602538243482 2.637522511088993 -0.070038817345931301 0.12675517965478167 2.656881833199189 2.4450423442479146 -0.75969378262247844 0.9802479182238355 -0.84135351726230501 11.600713118336261 -1.1346180585281815 0.51565430227438791 1.2108231747441702 1.3786360588820195 2.3511738132368065 9.2674865700880158 -0.16938261120204989 2.7530602328182852 -0.11777940322593815 -0.16150016674143047
leaf_weight=2007 14091 4467 13556 8545 415 31067 3091 14071 3672 4070 682 651 640 151 4092 2645 1702 11215 41068 4235 52063 1453 1399 6817 365 2102 939 3504 400 121 838 54 34355 13102 4109 1571 543 16178 8321 9370 19914 6197 5340 4714 846 9440 7617 1118 627 33909 240 118640 109 113 19466 3116 549 426 51 241 124 13730 283
leaf_count=2007 14091 4467 13556 8545 415 31067 3091 14071 3672 4070 682 651 640 151 4092 2645 1702 11215 41068 4235 52063 1453 1399 6817 365 2102 939 3504 400 121 838 54 34355 13102 4109 1571 543 16178 8321 9370 19914 6197 5340 4714 846 9440 7617 1118 627 33909 240 118640 109 113 19466 3116 549 426 51 241 124 13730 283
internal_value=-0.000553654 0.00285117 -0.00178123 -0.000293475 0.00487388 0.000314008 0.00255905 -0.000967142 0.00421921 0.00911167 0.00264262 0.00612082 0.0110114 0.0273077 0.000960184 0.00364844 0.00670678 0.00396324 -0.00169777 0.0105481 -0.00296998 0.0143307 0.0178893 0.00212607 0.00474171 0.00444197 0.00366803 0.00313616 0.00619639 0.00594232 0.0128918 0.0336167 -0.00312109 0.000451851 0.0035264 0.00876883 0.0108142 0.000337588 0.0049668 0.00662395 -0.000360991 0.00188605 0.00364058 -0.00164906 0.0130361 0.00145263 0.00260704 0.0133412 0.00735763 -0.00230596 -0.00160143 -0.00347471 -0.0024752 0.0157207 0.0022943 0.00456505 0.00594882 0.0126923 0.00387275 0.00115821 0.0118493 -0.00229759 0.0077151
internal_weight=570547 151194 419353 186252 84126 67068 31287 151493 75424 7880 34759 12018 4044 845 41643 67544 3199 63872 109850 8702 233101 3810 2357 28087 46460 43815 32343 29289 6319 4213 1238 694 219010 17893 4791 3054 958 19269 16866 11472 34350 17412 7974 35781 1497 23874 14434 1483 2634 75500 41591 153217 34577 222 22970 5081 4142 975 3167 14436 365 65793 523
internal_count=570547 151194 419353 186252 84126 67068 31287 151493 75424 7880 34759 12018 4044 845 41643 67544 3199 63872 109850 8702 233101 3810 2357 28087 46460 43815 32343 29289 6319 4213 1238 694 219010 17893 4791 3054 958 19269 16866 11472 34350 17412 7974 35781 1497 23874 14434 1483 2634 75500 41591 153217 34577 222 22970 5081 4142 975 3167 14436 365 65793 523
is_linear=0
shrinkage=0.05


Tree=8
num_leaves=64
num_cat=0
split_feature=36 23 7 8 28 7 33 8 42 44 38 4 41 7 41 19 25 34 9 25 28 41 7 43 43 18 11 17 8 8 44 9 17 21 28 22 40 0 29 44 11 17 34 34 9 41 28 29 12 14 28 38 8 40 7 7 8 22 43 37 6 27 35
split_gain=852.894 269.508 264.072 130.86 127.271 111.541 94.8627 94.4941 91.9796 82.9317 75.9646 75.546 56.8838 56.4819 49.9323 45.0221 44.9024 42.7428 41.4161 39.6276 38.0247 35.1606 35.1144 33.0662 31.8456 28.6515 27.2799 29.3688 27.016 27.0019 26.2546 25.6683 25.5088 23.9581 23.2203 29.143 23.1052 25.6279 22.5218 21.4036 20.5179 23.8318 20.3573 19.1157 19.0584 18.9746 25.6876 20.0827 18.515 18.1582 17.7569 17.5341 17.322 17.0705 16.95 16.8875 16.5747 16.3035 17.4509 15.6991 15.4749 26.1167 26.1727
threshold=111.25000000000001 24.650000000000002 103.22708333333335 -40.449999999999982 7.285000000000001 35.056439393939407 13.050000000000002 -20.189999999999994 -8.7499999999999964 -710.99999999999807 16.650000000000002 34.050000000000004 3265.0000000000005 40.954583333333339 6699.5000000000009 -0.83385407025023295 979.6500000000002 0.49240481012316861 50.050000000000004 988.6500000000002 3.8150000000000008 1200.2500000000002 91.106250000000017 11.250000000000002 -66.249999999999986 23.950000000000003 -0.78656609248549292 -6.5502915284904217 -9.1999999999999957 -28.984999999999996 4672.2500000000009 123.25000000000001 3.9245028228601235 4937.5000000000009 4.2750000000000012 81.500000000000014 987.05000000000007 25.050000000000004 694.56127874187735 -1790.9999999999989 0.98296291314453421 2.0736792043049777 -0.069756473744125441 0.9426055981926128 13.050000000000002 4809.2500000000009 19.865000000000006 433.90074162801125 -0.3794095225512602 4.5000000000000009 18.730000000000004 20.750000000000004 -39.04999999999999 983.95000000000016 24.213125000000005 229.477766798419 -269.94999999999993 33.500000000000007 -6.2499999999999991 37.500000000000007 30.700000000000003 51.550000000000004 -0.49240481012316833
decision_type=2 2 10 8 2 8 2 8 2 2 2 8 2 10 2 2 2 2 8 2 2 2 8 2 2 2 2 2 8 8 2 10 2 2 2 2 2 2 2 2 2 2 2 2 8 2 2 2 2 2 2 2 8 2 10 10 10 2 2 2 8 8 2
left_child=1 3 5 21 13 45 19 14 10 11 24 15 16 44 18 49 25 22 20 33 -7 26 57 53 31 50 -1 -28 40 36 -14 -5 -13 55 -20 -36 -8 -38 -18 -40 -15 -42 -34 -27 -3 46 -2 -48 -19 -6 -9 59 -21 -24 -51 -4 -29 58 -10 -12 -50 62 -62
right_child=2 4 6 8 9 7 29 12 17 -11 51 32 30 28 -16 -17 38 48 34 52 -22 -23 23 -25 -26 43 27 56 -30 -31 -32 -33 42 -35 35 -37 37 -39 39 -41 41 -43 -44 -45 -46 -47 47 -49 60 54 -52 -53 -54 -55 -56 -57 -58 -59 -60 -61 61 -63 -64
leaf_value=2.5167629900244952 -0.47863910730529896 0.64073322644387654 0.28849137193557761 3.9148896524332799 -0.032414774182203419 0.75868249984019309 -0.099928591638899542 -0.54264908082307561 1.4212717488975575 0.23597390184478564 3.5413796241252196 1.6755712865685919 -0.43827531923897589 0.50805873488867548 -0.19207508344634441 0.45958892068013574 0.2440460218784534 3.6006875481922691 0.13716490442465831 5.338541466809791 2.057131294806215 1.0113217629269009 0.26110152452014135 0.28209549974305509 2.974893212352717 -0.07479566489814618 5.0059831315570307 13.007489916521525 -0.020817818498565899 -0.38442848191779311 -0.81893588107204141 5.1901314933876996 15.145364298933288 1.917330290134974 0.78578353851795724 2.8782603944685703 5.6328754694773542 1.2186907254494621 -1.4421414513367818 15.732003738857186 0.57081861015114765 3.2969175072249399 1.7257967989454954 0.73773569092795099 -0.40510990735758629 -0.79143591921901413 0.18904104516239786 6.3289501823705754 -0.20219696033958004 6.6795325007981123 1.8387914903870806 0.45405255987765092 2.1925937796184924 2.3508071868328293 18.810067275645125 3.2368930260609647 3.3046312788156484 -0.052436207159136876 -0.56518722370105012 1.8407387340931725 1.9463319847322731 1.5993103272084701 1.1257012198419296
leaf_weight=2586 58030 686 10752 1657 38 2549 4748 22025 1575 3300 159 2406 94169 10403 20133 174 21314 376 16099 1739 255 3506 2574 8051 2014 293 4315 225 17486 20792 46301 920 315 105 2378 90 81 3907 48 85 214 206 639 310 30874 81585 214 125 976 133 611 2809 8196 13602 353 2419 4701 16057 706 2928 561 13023 646
leaf_count=2586 58030 686 10752 1657 38 2549 4748 22025 1575 3300 159 2406 94169 10403 20133 174 21314 376 16099 1739 255 3506 2574 8051 2014 293 4315 225 17486 20792 46301 920 315 105 2378 90 81 3907 48 85 214 206 639 310 30874 81585 214 125 976 133 611 2809 8196 13602 353 2419 4701 16057 706 2928 561 13023 646
internal_value=-0.000588621 0.00263092 -0.0017494 0.00451981 0.00027169 -0.00222528 0.00155871 -0.00153997 0.00358685 0.0064773 0.00789692 0.0112642 -0.00202332 -0.00049099 0.000616325 0.0262321 -0.000469499 0.00280952 0.00229961 0.0039505 0.00796362 0.00869595 0.00198931 0.00323874 0.0127194 -0.00199213 0.00999958 0.0112699 0.00113056 -0.000321391 -0.00251762 0.0164009 0.00815476 0.0021633 0.00144423 0.00596029 0.00201122 0.00481695 0.00118035 0.0216917 0.00309387 0.0139286 0.0150734 0.00876451 -0.0019455 -0.00333517 -0.00264687 0.0110767 0.00505006 0.0335496 -0.00227867 0.00414179 0.0063387 0.00454191 0.0361523 0.00197365 0.00863175 0.00033864 0.00429417 0.00674279 0.00477903 0.00519677 0.0122328
internal_weight=570547 151194 419353 83967 67227 366614 52739 226660 68634 7358 10487 4058 185156 59869 41504 698 44686 58147 21371 23211 2804 15333 42565 24227 4591 23239 11827 9241 28309 29528 140470 2577 3360 13276 18567 2468 8736 3988 21447 133 10823 420 954 603 31560 139954 58369 339 15582 524 22636 5896 9935 16176 486 13171 4926 18338 2281 3087 15206 14230 1207
internal_count=570547 151194 419353 83967 67227 366614 52739 226660 68634 7358 10487 4058 185156 59869 41504 698 44686 58147 21371 23211 2804 15333 42565 24227 4591 23239 11827 9241 28309 29528 140470 2577 3360 13276 18567 2468 8736 3988 21447 133 10823 420 954 603 31560 139954 58369 339 15582 524 22636 5896 9935 16176 486 13171 4926 18338 2281 3087 15206 14230 1207
is_linear=0
shrinkage=0.05


Tree=9
num_leaves=64
num_cat=0
split_feature=36 5 5 14 8 16 28 44 5 25 17 16 29 22 36 36 33 14 32 36 8 7 4 8 44 17 25 30 26 28 13 16 3 34 17 16 14 43 6 31 0 14 8 28 37 35 21 21 29 8 21 35 28 25 26 12 16 16 4 37 8 8 2
split_gain=758.311 263.997 244.127 124.682 114.384 86.8554 79.5491 78.7205 65.88 52.2954 51.6767 76.2796 42.1523 86.3794 41.7701 37.0718 35.957 34.9268 31.1013 30.6242 30.4684 28.8528 27.3107 25.5283 23.0096 22.7778 22.3787 21.2857 37.149 21.3242 21.1801 32.1941 31.7306 25.6472 25.331 20.9707 23.1614 20.7456 25.6414 20.28 23.2825 19.8577 19.822 19.477 26.9967 23.0294 19.1103 18.7043 17.0046 20.1156 16.665 19.0959 16.5321 16.5996 16.5124 16.0865 16.0015 15.9736 17.1938 15.4954 17.6659 15.4933 15.089
threshold=111.25000000000001 50.550000000000004 48.550000000000004 9.5000000000000018 -60.449999999999996 18.729165766681053 5.9850000000000012 3066.7499999999995 104.12500000000001 979.55000000000007 1.846908773958611 11.184577598898509 25.308975206267423 86.500000000000014 42.500000000000007 52.500000000000007 10.850000000000003 4.5000000000000009 -5.7987733051482317 46.250000000000007 -18.274999999999995 106.17083333333336 73.225000000000009 1.5000000000000011 893.75000000000011 -11.872652678185037 981.05000000000007 173.50000000000003 5208.7500000000009 20.345000000000002 3.5000000000000004 3.9482131775174363 52.525000000000006 0.85260769842926931 -0.67509904083814465 2.4749940728641588 10.500000000000002 -66.249999999999986 203.0916666666667 5.8214418269335573 190.75000000000003 10.500000000000002 -156.84999999999997 19.865000000000006 21.500000000000004 0.25037047035109405 707.50000000000011 4452.5000000000009 1.830038542943746 -99.949999999999989 1452.5000000000002 0.58068084432175959 15.320000000000002 985.45000000000016 1531.5000000000002 -0.3794095225512602 16.180464582078827 11.072857899613179 125.25000000000001 34.500000000000007 -8.9999999999999929 -37.99499999999999 38.975000000000009
decision_type=2 8 8 2 8 2 2 2 10 2 2 2 2 2 2 2 2 2 2 2 10 8 10 10 2 2 2 2 2 2 2 2 8 2 2 2 2 2 8 2 2 2 10 2 2 2 2 2 2 8 2 2 2 2 2 2 2 2 10 2 8 8 8
left_child=2 20 6 7 19 9 22 8 12 -6 -8 -12 61 30 37 21 35 -13 -17 26 47 41 -1 48 27 56 -4 -22 29 -29 31 -14 43 -32 -35 -5 -37 38 -7 40 59 54 -28 -33 -45 -46 52 62 49 -10 -38 -52 53 -36 -11 -16 -24 -23 -59 -20 -61 -3 -2
right_child=1 3 4 16 5 14 10 -9 23 15 11 17 13 -15 55 18 -18 -19 39 -21 24 57 25 -25 -26 -27 42 28 -30 -31 33 32 -34 34 46 36 50 -39 -40 -41 -42 -43 -44 44 45 -47 -48 -49 -50 -51 51 -53 -54 -55 -56 -57 -58 58 -60 60 -62 -63 -64
leaf_value=-0.34124425758911775 -0.45097806562537346 0.18664570568910044 0.65565616422884321 1.2434178132953648 0.037904662286994545 5.279049667052143 0.48628378507381442 -0.62790896409328811 3.9968756097746621 0.35185890536823194 0.5857430652887764 -0.38175160411920822 -0.59819555549110548 2.5063144847761984 3.575023201438416 0.16620779500602617 0.30268356687582854 15.254633154048259 -0.26282564485199977 1.7917379488142076 -0.51970711379306145 2.6631788424295575 2.0847861638039622 0.038028091434928517 -0.80186407557434747 0.29048057966192475 9.505433436151991 -0.50586893396676069 0.037627886415786453 10.693501764450405 0.20562827930498631 0.51091722256073457 0.089374367629069612 -0.024010728295897378 1.6875430398880635 0.66959253189110712 4.276940319950123 2.1862972439718158 10.883994784970433 0.22255112504093502 0.49798764460120115 3.0641987661759602 3.8791275928010052 1.3744169471388969 -0.37996625952976509 15.843193957601551 0.14609448565242575 0.98636049660138847 0.4089465141267925 1.1913784120355262 -1.86933498942523 16.93883410305633 0.29674950918643872 -0.92033822781484975 1.2259528184317086 1.3641361874871802 5.131069183793735 4.4757491407131189 2.4311899208891341 1.6914706373961506 0.99584724547438985 -0.30916065339714049 -0.11967866887922185
leaf_weight=38256 22271 6556 854 6142 17032 2180 2713 53363 690 11256 738 86 7477 276 224 16198 12560 510 829 6655 94742 17607 402 7807 89145 2353 1401 60 2536 122 6938 530 3387 766 855 1785 4112 668 168 4186 2593 515 4283 333 37 145 375 146 7599 4940 74 265 245 99 3744 3438 82 1615 2272 2399 5937 64768 18207
leaf_count=38256 22271 6556 854 6142 17032 2180 2713 53363 690 11256 738 86 7477 276 224 16198 12560 510 829 6655 94742 17607 402 7807 89145 2353 1401 60 2536 122 6938 530 3387 766 855 1785 4112 668 168 4186 2593 515 4283 333 37 145 375 146 7599 4940 74 265 245 99 3744 3438 82 1615 2272 2399 5937 64768 18207
internal_value=-0.000624113 -0.00171864 0.00241167 -0.000354304 0.00372244 0.00310351 -0.000667923 -0.000846244 -0.000103363 0.00267785 0.00602051 0.014078 -0.00067612 0.0012666 0.00859688 0.00328911 0.0029437 0.0273825 0.00204685 0.0080789 -0.00287219 0.00436799 -0.00132663 0.00242299 -0.00314233 0.00340677 0.0105093 -0.00261133 0.00175129 0.0235714 0.000904563 -0.000490806 0.00288583 0.00269562 0.00722222 0.0048562 0.00689865 0.0129542 0.0151661 0.00361452 0.00467852 0.00272478 0.0116432 0.0105024 0.0174272 0.0329121 0.0108513 -0.0016313 0.00376105 0.00584369 0.00882835 0.0194838 0.0139324 0.0169078 0.00239333 0.00500819 0.0132851 0.00555411 0.00845511 0.00586197 0.00651032 -0.00126073 -0.00169574
internal_weight=570547 419353 151194 192124 106054 92861 45140 167186 113823 86183 4047 1334 92787 21463 6678 69151 24938 596 32142 13193 227229 37009 41093 21036 186605 2837 6538 97460 2718 182 21187 11909 4432 9278 2340 12378 6236 3016 2348 15944 11758 15515 5684 1045 515 182 1574 40624 13229 5630 4451 339 1199 954 15000 3662 484 21494 3887 9165 8336 71324 40478
internal_count=570547 419353 151194 192124 106054 92861 45140 167186 113823 86183 4047 1334 92787 21463 6678 69151 24938 596 32142 13193 227229 37009 41093 21036 186605 2837 6538 97460 2718 182 21187 11909 4432 9278 2340 12378 6236 3016 2348 15944 11758 15515 5684 1045 515 182 1574 40624 13229 5630 4451 339 1199 954 15000 3662 484 21494 3887 9165 8336 71324 40478
is_linear=0
shrinkage=0.05


Tree=10
num_leaves=64
num_cat=0
split_feature=41 5 5 8 25 14 42 38 44 14 7 44 25 5 9 6 11 25 22 13 8 44 43 14 42 11 13 19 11 8 0 25 17 29 11 35 12 37 2 24 27 21 19 4 22 21 11 32 38 32 40 9 8 33 9 24 41 20 0 12 3 4 0
split_gain=691.635 345.523 192.721 132.501 77.2029 73.6328 58.9483 51.7853 50.1369 46.7699 46.6827 44.9583 40.9937 36.5186 35.8909 34.4644 32.9402 41.2463 74.3942 39.1815 30.1793 26.6721 26.6599 24.3152 43.9527 40.766 35.6475 22.3522 22.3293 21.5675 20.9324 20.3857 19.8245 19.7771 22.8175 57.7179 19.589 19.5012 19.387 28.4298 19.0578 19.0434 19.2771 18.7168 21.363 18.5612 18.2766 18.2093 16.6495 16.5234 16.3454 16.1683 16.0612 15.7993 15.5837 15.4617 15.1371 14.9516 20.9989 14.6823 14.3508 14.2983 13.9678
threshold=1959.0000000000005 43.975000000000009 63.025000000000013 -33.649999999999984 979.75000000000011 9.5000000000000018 -10.249999999999996 17.050000000000004 3066.7499999999995 5.5000000000000009 33.976041666666674 -1168.2499999999998 980.6500000000002 110.10000000000001 35.45000000000001 91.320833333333354 -0.78656609248549292 979.45000000000016 37.500000000000007 2.5000000000000004 -85.449999999999989 2576.2500000000005 11.250000000000002 5.5000000000000009 -10.549999999999995 -1.0000000180025095e-35 2.5000000000000004 -0.7660444431189779 -1.0000000180025095e-35 -12.499999999999993 30.725000000000005 988.95000000000016 14.731447167138226 300.71334683011929 0.60355339059327384 0.43049470426488862 -0.5 54.500000000000007 63.625000000000007 1.1500000000000001 12.550000000000002 107.50000000000001 0.92384435400961407 52.550000000000004 72.500000000000014 77.500000000000014 0.37940952255126054 8.0075852071834799 19.550000000000004 -2.5638997512272845 985.75000000000011 101.25000000000001 -7.1999999999999966 9.5500000000000025 126.25000000000001 1.4500000000000002 5744.0000000000009 0.31729257441605191 379.25000000000006 0.60355339059327384 208.25000000000003 69.02500000000002 52.525000000000006
decision_type=2 8 10 8 2 2 2 2 2 2 8 2 2 10 8 8 2 2 2 2 10 2 2 2 2 2 2 2 2 8 2 2 2 2 2 2 2 2 10 2 8 2 2 10 2 2 2 2 2 2 2 10 10 2 10 2 2 2 2 2 10 10 2
left_child=1 9 5 12 23 10 7 27 13 11 -2 16 -3 30 56 47 -1 18 19 -18 57 33 31 24 25 -5 37 50 -22 48 38 61 -28 52 -35 -36 60 -27 -4 -40 46 -15 -43 -19 -45 -30 -25 -8 -11 -48 -6 55 -16 -32 59 -47 -12 -14 -59 -52 -10 -17 -49
right_child=2 3 8 4 6 -7 15 -9 36 29 14 -13 20 41 21 22 17 43 -20 -21 28 -23 -24 40 -26 26 32 -29 45 -31 53 -33 -34 34 35 -37 -38 -39 39 -41 -42 42 -44 44 -46 51 49 62 -50 -51 54 -53 -54 -55 -56 -57 -58 58 -60 -61 -62 -63 -64
leaf_value=-0.58589520956428165 -0.66073009503094793 0.47389854659013447 0.21748742209527167 -0.024139627603330251 2.1662696250764135 0.77466405653739467 0.23548505511889389 1.1157563569587998 -0.22187765071942495 10.516355625702108 0.66848363205956507 -0.28997059406880937 3.1626724313459054 -0.088311174215356836 -0.20397321945821842 2.127385605484752 15.085953691993954 0.17502921109368078 0.32783548258831152 -0.19161008349586517 1.1091380182822401 -0.66511390303717022 0.85806384818898529 -0.31144447193976676 0.1912735106689688 20.475605394119004 0.2979029880934923 2.053442568514702 2.1088951206882571 -0.48787546105688473 0.29519183085217948 2.802603911629733 0.75771922488059207 0.043352431448528253 -0.16741885200550283 15.064639815556299 -0.81232288098346861 -1.9939545788499062 0.71358419589432154 2.2730898109371909 -0.30826727534474296 0.99878290593203367 -0.12357372321349125 0.81929858647282083 2.87356192554169 1.9012912290370907 1.4342128360928232 1.0457698210282862 0.017543787010554493 0.75187761498646666 3.1896236598497811 2.6765659231420682 -0.51852757806246574 -0.24732159412578555 5.3393077888730414 2.4710918759544107 -0.022269775690869058 5.7675331713063871 3.5483019729406919 6.4207312472558318 1.3355990462562894 1.2362911885720391 0.60916363749114366
leaf_weight=1354 110880 5478 4617 540 640 6967 24648 5460 11919 29 1680 8513 3181 5763 37204 4084 470 2034 586 104 4840 62991 12154 455 8764 214 283 1005 3465 38032 7947 10460 303 4162 272 145 18522 29 696 87 14919 18457 3075 995 279 1432 124 1005 8087 445 576 2031 53925 28497 628 35 2406 3995 476 455 2422 13013 2293
leaf_count=1354 110880 5478 4617 540 640 6967 24648 5460 11919 29 1680 8513 3181 5763 37204 4084 470 2034 586 104 4840 62991 12154 455 8764 214 283 1005 3465 38032 7947 10460 303 4162 272 145 18522 29 696 87 14919 18457 3075 995 279 1432 124 1005 8087 445 576 2031 53925 28497 628 35 2406 3995 476 455 2422 13013 2293
internal_value=-0.000651192 0.00183295 -0.00187116 0.00331005 0.00251485 -0.00254768 0.00331643 0.0071748 -9.90296e-06 -0.00127912 -0.00267691 0.00121556 0.00657903 0.000754349 -0.00213794 0.00281663 0.00460151 0.00667189 0.0147845 0.0275784 0.00765484 -0.00225707 0.00376331 0.000165668 0.00208082 0.0104127 0.0173764 0.0121156 0.00606922 -0.00205404 -0.000173742 0.00462369 0.0106997 -0.0017312 0.00147521 0.0126259 -0.00161778 0.0334774 0.00273148 0.0100064 -0.00105156 0.00217714 0.00286039 0.00382708 0.00857928 0.00788238 0.00554687 0.00147141 0.000285854 0.0115202 0.0148347 0.0104517 -0.00189232 -0.000604216 0.0174533 0.00645194 0.00248899 0.0101006 0.0119649 0.0136712 -0.000230459 0.00355998 0.00496058
internal_weight=570547 187913 382634 127430 102497 280632 76421 8764 102002 60483 273665 14335 24933 69139 162785 67657 5822 4468 1160 574 19455 158699 39711 26076 10133 1369 829 3304 11803 46148 41844 27557 586 95708 4579 417 32863 243 5400 783 15943 27295 21532 3308 1274 6963 1024 27946 8116 569 2299 3498 91129 36444 1659 1467 4086 7652 4471 1031 14341 17097 3298
internal_count=570547 187913 382634 127430 102497 280632 76421 8764 102002 60483 273665 14335 24933 69139 162785 67657 5822 4468 1160 574 19455 158699 39711 26076 10133 1369 829 3304 11803 46148 41844 27557 586 95708 4579 417 32863 243 5400 783 15943 27295 21532 3308 1274 6963 1024 27946 8116 569 2299 3498 91129 36444 1659 1467 4086 7652 4471 1031 14341 17097 3298
is_linear=0
shrinkage=0.05


Tree=11
num_leaves=64
num_cat=0
split_feature=41 5 5 25 7 8 28 16 8 30 21 41 38 42 7 38 44 19 22 40 5 2 43 38 24 29 25 25 2 40 0 5 7 8 44 0 22 30 34 22 9 7 19 37 31 4 22 7 16 22 19 13 22 37 43 4 27 41 0 27 8 19 42
split_gain=622.941 309.143 182.69 99.5377 88.479 81.712 77.6549 54.7519 46.6307 46.2225 41.0729 36.3218 36.0947 33.4265 33.2043 32.6551 27.0261 31.8066 39.6006 29.0378 26.6416 26.2913 25.8165 24.4944 22.8879 50.8923 22.0793 20.0474 19.764 18.8013 18.431 20.0283 18.2784 18.2707 18.1731 18.1448 17.9481 20.6132 25.8635 25.8784 17.9107 17.9004 17.1385 17.1298 16.809 24.0653 20.6864 17.6179 16.6863 16.0738 16.052 17.0194 15.9333 15.8531 19.4158 22.1098 16.6594 16.196 15.8164 15.571 15.2109 14.9862 14.7794
threshold=1959.0000000000005 50.050000000000004 45.025000000000006 979.75000000000011 111.25208333333335 -60.449999999999996 5.9850000000000012 17.580085905162985 -3.4999999999999987 1.5000000000000002 116.25000000000001 7613.2500000000009 19.850000000000005 -8.3499999999999996 47.62980072463769 29.750000000000004 -782.24999999999989 -0.92384435400961384 21.500000000000004 980.6500000000002 83.02500000000002 61.525000000000013 1.0000000180025095e-35 36.250000000000007 1.1500000000000001 17.69267274534695 988.75000000000011 979.85000000000002 41.025000000000006 986.6500000000002 10.850000000000003 24.950000000000003 238.43750000000003 -25.774999999999995 2176.2500000000005 30.050000000000004 33.500000000000007 23.500000000000004 0.83385407025023295 76.500000000000014 51.050000000000004 96.793750000000031 -0.24192189559966767 52.500000000000007 -8.272396414598516 56.025000000000006 32.500000000000007 27.456177536231888 2.5885919803868362 72.500000000000014 0.30069434954884217 5.5000000000000009 20.500000000000004 62.500000000000007 -27.499999999999996 32.550000000000004 13.050000000000002 108.25000000000001 156.25000000000003 33.95000000000001 -37.99499999999999 -0.16504132135358071 6.8500000000000014
decision_type=2 8 8 2 10 8 2 2 10 2 2 2 2 2 10 2 2 2 2 2 10 8 2 2 2 2 2 2 8 2 2 10 10 8 2 2 2 2 2 2 8 8 2 2 2 8 2 10 2 2 2 2 2 2 2 8 8 2 2 8 8 2 2
left_child=1 6 28 53 8 50 14 21 11 15 -6 20 13 29 30 -8 17 18 -11 -20 24 44 26 -13 43 -26 36 -16 -2 -9 31 -1 60 -29 -10 -22 42 -38 39 -39 -30 -28 -23 -4 45 47 48 -7 -46 -19 51 -5 61 54 55 57 -55 -3 -34 -49 -12 -37 -60
right_child=2 3 4 5 10 7 9 12 34 16 32 23 -14 -15 27 -17 -18 49 19 -21 35 22 -24 -25 25 -27 41 33 40 -31 -32 -33 58 -35 -36 52 37 38 -40 -41 -42 -43 -44 -45 46 -47 -48 59 -50 -51 -52 -53 -54 56 -56 -57 -58 -59 62 -61 -62 -63 -64
leaf_value=-0.24938817710812253 -0.64142819678816443 32.551496646400871 0.16657757351065072 4.5452050481155784 -0.59892426417111 -0.28742459437902163 -0.74703680240946091 2.225165476201501 -0.33674728369688206 0.14806555757589285 1.1549626661178582 -0.42937602110606043 0.49398054807784819 1.8060084409353685 -0.27422432110074718 12.255391822400904 -0.37772957539103702 0.37868118542616869 13.08404538816569 0.96000334441918234 0.70187665057976767 2.936873164049647 1.0074578041704636 0.099783653070416659 0.14189710102341593 2.3840209935581056 0.75607341145588147 1.6013700846580154 0.042046786099988492 4.4450130604045048 -0.41839842605740679 0.60543538214304193 3.5843758003691031 0.44298078025868093 -0.7529901884693333 1.2819539066056851 0.93480169367704247 -0.52524618209306118 2.2851940440951108 2.3246845649212169 -0.50768145063989711 3.2303148684948866 -0.21513886675572202 -0.27008585749417052 -1.0155527751739954 0.37963867022274145 -0.00057835940205061976 1.7751805387910662 1.4265701918483973 1.7285795199879452 2.2076156342119866 1.422981747733284 0.22247322241842632 0.74371625698118393 -0.01075867575793763 0.52995566759823021 -0.22189086925530543 1.6777168966966276 2.8693738721950544 1.2691233216222819 0.30069054251486704 -0.68074679389678705 -1.2719706535308566
leaf_weight=2353 112372 75 11050 6948 9222 250 93 1306 41685 304 4830 32039 1966 1808 5994 247 1660 1729 345 215 1790 1252 21307 8150 815 203 3437 867 6006 1994 47102 1552 1365 6456 33217 471 16531 655 692 76 65875 8368 380 18890 499 3257 13676 297 1689 184 4127 1089 10237 946 6525 5281 13138 392 4508 851 18833 202 874
leaf_count=2353 112372 75 11050 6948 9222 250 93 1306 41685 304 4830 32039 1966 1808 5994 247 1660 1729 345 215 1790 1252 21307 8150 815 203 3437 867 6006 1994 47102 1552 1365 6456 33217 471 16531 655 692 76 65875 8368 380 18890 499 3257 13676 297 1689 184 4127 1089 10237 946 6525 5281 13138 392 4508 851 18833 202 874
internal_value=-0.000675204 0.00168235 -0.00183301 0.00322897 -0.000780091 0.00400168 -0.000976905 0.00342311 -0.00130769 0.00517375 0.00133326 -0.000497753 0.00762369 0.00983947 -0.00143368 0.0229412 0.00381226 0.00682931 0.0147917 0.0226786 0.000500709 0.00301726 0.00360848 -0.0015824 -0.000290395 0.00708251 0.00452024 0.000789591 -0.00296666 0.0128333 -0.00201414 0.00128681 0.00221966 0.00254472 -0.00221436 0.00242913 0.00349076 0.00303442 0.00880885 0.00225034 -0.00231918 0.00622829 0.00851103 -0.000541083 0.00149885 0.00414071 0.00072365 0.00962804 0.00523766 0.00323314 0.00782062 0.00912218 0.00166361 0.000518457 0.00183207 0.00395094 -0.000626244 0.014379 0.00451534 0.0122474 0.0015651 0.0091159 0.00329617
internal_weight=570547 187913 382634 118812 198381 92455 69101 80291 158749 4777 39632 83847 7074 5108 64324 340 4437 2777 864 560 43658 73217 52698 40189 30958 1018 31391 13317 184253 3300 51007 3905 30410 7323 74902 12700 19586 17954 1423 731 71881 11805 1632 29940 20519 4655 15864 1398 2188 1913 12164 8037 10910 26357 12273 5748 14084 467 6747 1148 23663 673 5382
internal_count=570547 187913 382634 118812 198381 92455 69101 80291 158749 4777 39632 83847 7074 5108 64324 340 4437 2777 864 560 43658 73217 52698 40189 30958 1018 31391 13317 184253 3300 51007 3905 30410 7323 74902 12700 19586 17954 1423 731 71881 11805 1632 29940 20519 4655 15864 1398 2188 1913 12164 8037 10910 26357 12273 5748 14084 467 6747 1148 23663 673 5382
is_linear=0
shrinkage=0.05


Tree=12
num_leaves=64
num_cat=0
split_feature=41 7 5 28 8 7 16 14 14 14 8 25 16 11 21 5 44 29 34 11 31 37 40 21 7 41 17 31 28 18 41 38 34 5 22 44 23 38 8 25 22 7 9 9 31 27 5 16 27 24 29 9 7 25 13 37 31 44 37 28 24 32 30
split_gain=558.732 287.895 154.748 148.777 95.7102 80.4655 65.7801 100.625 57.0699 42.4001 41.9939 41.7124 33.5221 33.2917 36.3065 33.0439 32.0485 31.9544 31.9514 31.0193 30.0739 29.4927 29.2825 28.514 27.1483 26.4892 26.3484 25.9748 24.4721 24.2874 23.1843 22.9843 22.8073 22.2489 22.1786 21.5757 21.2251 20.8442 19.6381 18.3204 18.2869 18.2246 23.5555 17.8722 21.7852 17.8645 17.4277 16.7619 16.2035 16.1004 40.3525 15.4742 22.5996 15.4188 15.2677 15.0394 14.9389 14.7216 14.676 14.6044 16.461 13.6264 13.2752
threshold=2299.7500000000005 47.62980072463769 45.025000000000006 7.7550000000000008 -23.699999999999989 123.68291666666669 14.283668752687726 4.5000000000000009 10.500000000000002 1.5000000000000002 -3.4999999999999987 980.6500000000002 4.6346591762306319 0.60355339059327384 107.50000000000001 36.525000000000006 -36.749999999999993 27.484009104120819 0.84335933205092517 -0.70710678118654735 5.8214418269335573 62.500000000000007 989.25000000000011 151.25000000000003 23.719252717391306 7613.2500000000009 -8.1256171434256697 -8.5019445794524398 83.930000000000021 23.150000000000002 834.50000000000011 15.65 -0.95878322595067689 74.325000000000003 76.500000000000014 -3975.7499999999995 18.550000000000004 36.250000000000007 -156.84999999999997 978.85000000000002 28.500000000000004 32.946875000000006 36.45000000000001 35.45000000000001 10.861442936643186 29.950000000000003 90.02500000000002 3.2687315981247376 30.850000000000005 1.1500000000000001 19.47150319097284 28.150000000000002 34.25119047619048 985.45000000000016 3.5000000000000004 15.500000000000002 11.172007425783356 3066.7499999999995 47.500000000000007 2.0150000000000001 0.35000000000000003 -11.899315739583082 49.500000000000007
decision_type=2 8 8 2 8 10 2 2 2 2 10 2 2 2 2 8 2 2 2 2 2 2 2 2 10 2 2 2 2 2 2 2 2 10 2 2 2 2 10 2 2 8 8 8 2 8 8 2 8 2 2 8 10 2 2 2 2 2 2 2 2 2 2
left_child=1 3 41 15 11 10 -5 36 9 16 25 -3 -10 46 59 51 22 39 28 -13 29 27 -6 -7 -9 33 -26 48 34 31 35 -14 -28 49 -19 61 56 -27 53 -16 47 -2 -43 44 -23 62 -11 -32 -17 -4 -51 52 -1 -37 -33 -41 -8 58 -12 60 -15 -21 -35
right_child=2 4 5 6 8 23 7 24 12 13 57 19 20 14 17 21 -18 18 -20 30 -22 43 -24 -25 26 37 32 -29 -30 -31 40 54 -34 45 -36 38 -38 -39 -40 55 -42 42 -44 -45 -46 -47 -48 -49 -50 50 -52 -53 -54 -55 -56 -57 -58 -59 -60 -61 -62 -63 -64
leaf_value=-0.080152923891622679 -0.6367981353800154 0.3768018005084473 -0.13703740363300534 -0.12507191231252113 2.1611632433846277 -0.50315282327696476 1.8280385873609557 3.3169125554094663 1.8635276542464876 -0.15303798617767661 -0.12988998928870227 1.346758626457033 2.8695394806851571 0.46739539495018473 -0.15173604696038936 1.6864215118515127 0.74546787299794426 0.31826784383503098 1.7644706343703462 10.092362121657798 2.026615277425925 0.19210985769043135 4.6332319080953566 0.97155268142022777 -0.8183015764545134 -0.3820294312027997 0.68219670827866707 0.2257605147379044 12.422338540386193 7.9693863125180204 -0.14134781707931324 10.027851168837861 15.7637239782712 0.52786679748630227 1.8086095928382957 0.81743085404980198 -0.17071160042262223 0.086114749961191478 2.4859566182649182 5.4887024406008713 1.3282047191647721 0.27011108353216323 -0.50294686744627481 -0.26670733955937026 1.0451451249831136 0.21822496066935648 0.44872384246415681 2.9385978423579062 0.77999279772396513 0.16980211245718593 2.3191859326806736 -0.45370482114072708 0.9514354380956338 9.895011427862336 6.4334310238314103 1.1068125960213089 2.1544297765324187 -0.73709553005585138 -0.55415033782638923 -0.51559866408296751 5.5197019161740402 4.0769115694761835 1.1951006263738653
leaf_weight=3298 82334 7674 24526 1356 2294 7180 899 174 9346 24069 19622 7954 1694 12978 2482 276 3364 1277 953 68 3431 2388 1732 23394 56 33290 60 5860 148 183 175 969 578 2357 110 215 631 8377 8466 34 7144 3114 90011 21849 220 12840 16184 521 1198 721 140 42616 398 921 677 6943 233 28838 24679 4275 64 422 267
leaf_count=3298 82334 7674 24526 1356 2294 7180 899 174 9346 24069 19622 7954 1694 12978 2482 276 3364 1277 953 68 3431 2388 1732 23394 56 33290 60 5860 148 183 175 969 578 2357 110 215 631 8377 8466 34 7144 3114 90011 21849 220 12840 16184 521 1198 721 140 42616 398 921 677 6943 233 28838 24679 4275 64 422 267
internal_value=-0.00069203 0.00136703 -0.00188103 -0.000939823 0.00286088 -0.000877165 0.00848131 0.013092 0.00203649 0.0014669 -0.00133778 0.00515048 0.00472393 0.00108412 0.00236741 -0.00142075 0.00506766 0.00448774 0.00952974 0.00611025 0.0073526 -0.000179454 0.0080775 0.00146791 0.0270276 -0.000564605 0.0314553 0.00260158 0.00506515 0.0105975 0.00726299 0.00962575 0.0343417 0.000340137 0.00300288 0.0088476 0.00623086 -0.00145163 0.00832535 0.00316154 0.00522321 -0.00294653 -0.00246738 -0.00101341 0.00289877 0.00183523 0.000151168 0.0129598 0.0085346 -0.000570569 0.00614982 -0.00227285 0.000830627 0.0144982 0.0138335 0.00447398 0.0103269 -0.00221011 -0.00163777 0.000904601 0.00173593 0.0190816 0.00559451
internal_weight=570547 208857 361690 82090 126767 186231 3987 2631 93207 76907 155657 33560 16300 69517 29264 78103 7390 11947 2488 25886 6954 31791 4026 30574 868 82518 694 7334 1535 3523 17932 3340 638 40851 1387 10092 1763 41667 9602 9459 7840 175459 93125 24457 2608 15464 40253 696 1474 25387 861 46312 3696 1136 1646 6977 1132 73139 44301 17317 13042 490 2624
internal_count=570547 208857 361690 82090 126767 186231 3987 2631 93207 76907 155657 33560 16300 69517 29264 78103 7390 11947 2488 25886 6954 31791 4026 30574 868 82518 694 7334 1535 3523 17932 3340 638 40851 1387 10092 1763 41667 9602 9459 7840 175459 93125 24457 2608 15464 40253 696 1474 25387 861 46312 3696 1136 1646 6977 1132 73139 44301 17317 13042 490 2624
is_linear=0
shrinkage=0.05


Tree=13
num_leaves=64
num_cat=0
split_feature=5 41 41 28 25 44 16 2 44 14 19 5 33 4 21 11 5 41 0 14 0 14 40 14 30 22 5 22 30 33 43 14 40 14 3 0 11 22 0 28 34 2 9 3 17 16 13 31 22 19 6 22 5 44 5 0 22 12 35 33 28 23 43
split_gain=502.061 314.159 99.6117 83.3964 71.9454 64.3246 51.951 46.9223 46.5967 52.2104 82.8003 43.9963 43.8134 37.6319 33.795 33.5666 29.8674 26.6679 25.6159 25.4858 24.9037 24.1808 22.7495 22.1388 23.0173 38.1715 21.2551 20.409 20.199 18.9672 17.6794 17.5792 18.1951 17.4402 17.2531 17.0003 17.1678 24.8534 16.8216 16.5798 21.9925 22.4979 16.3132 21.531 15.6252 15.5849 15.0184 19.1525 19.6862 19.0085 14.8981 14.7827 14.7 14.6924 14.5845 21.8752 14.5229 14.3747 14.3115 22.309 15.8404 14.1718 14.0405
threshold=62.025000000000006 1281.7500000000002 2705.0000000000005 5.9850000000000012 982.75000000000011 2431.7500000000005 18.729165766681053 69.77500000000002 -742.74999999999989 4.5000000000000009 -0.83385407025023295 104.12500000000001 10.250000000000002 216.25000000000003 4937.5000000000009 -0.37940952255126065 35.550000000000004 330.75000000000006 379.25000000000006 9.5000000000000018 9.0050000000000008 5.5000000000000009 981.75000000000011 9.5000000000000018 17.500000000000004 89.500000000000014 409.25000000000006 71.500000000000014 84.500000000000014 17.650000000000002 -11.874999999999998 3.5000000000000004 984.1500000000002 4.5000000000000009 38.550000000000004 116.12500000000001 -1.0000000180025095e-35 77.500000000000014 10.050000000000002 28.915000000000003 -0.68832836526074781 74.825000000000003 28.150000000000002 55.050000000000004 -10.482113732344891 -4.5956661465738184 3.5000000000000004 -4.5500881232402355 70.500000000000014 -0.64278760968653936 72.937500000000014 51.500000000000007 546.25000000000011 -5502.2499999999991 24.725000000000005 17.050000000000004 76.500000000000014 -0.3794095225512602 0.25037047035109405 15.950000000000001 20.345000000000002 8.0500000000000025 -11.874999999999998
decision_type=8 2 2 2 2 2 2 10 2 2 2 10 2 8 2 2 10 2 2 2 2 2 2 2 2 2 10 2 2 2 2 2 2 2 10 2 2 2 2 2 2 10 8 10 2 2 2 2 2 2 8 2 10 2 10 2 2 2 2 2 2 2 2
left_child=2 4 3 7 21 11 13 16 9 51 15 23 14 31 54 -11 42 18 26 -7 34 35 -17 24 -3 46 -15 -12 -14 52 -9 50 33 -33 -18 36 -2 -38 -13 40 -8 -42 43 -1 -43 -34 49 48 -48 53 -6 -5 -21 -26 -4 -56 -35 -19 -55 60 -60 -59 -40
right_child=1 5 12 8 6 19 39 30 -10 10 27 38 28 17 -16 22 20 57 -20 29 -22 -23 -24 -25 25 -27 -28 -29 -30 -31 -32 32 45 56 -36 -37 37 -39 62 -41 41 44 -44 -45 -46 -47 47 -49 -50 -51 -52 -53 -54 58 55 -57 -58 61 59 -61 -62 -63 -64
leaf_value=-0.0056485646834362104 0.15624830321596564 -0.20653778148282048 -0.43532334341512685 0.14162958279074869 -0.067648729328094723 -0.51449903357408744 1.9888665518871034 0.97933683614452216 -0.2344981601509801 2.5409789019712914 0.41826578029093364 5.1549182317152837 -0.6118230199180954 4.4595877806747728 0.98432901434496667 13.216841455732634 0.49159554118505477 3.6057120453359901 3.0830163812746214 1.3281697050473953 -0.090565517033560028 -0.049335235138466438 -0.66164054230369862 0.79028045776519595 -0.37711253564945896 2.1670715893831107 12.024587570273297 1.5627491147401682 -0.10085780390805432 -0.65091703916859966 0.00029979423939796828 2.6540446315172335 0.1024311112390123 0.67882577036894487 1.3438885152040934 -0.094028880106347676 1.4963163642643968 -0.50104849545708741 0.81638186057907325 3.8663662512133783 1.8195427392755439 7.0789429981935257 -0.44588037936400049 0.90386366619085201 4.2958341222624012 1.9170921266366119 0.6443566009527858 0.1195665079297747 2.6790434556522036 -0.4630997238008604 0.92839827402210884 0.89980672360714375 21.07668104311297 0.30202772441939207 0.3229379070191648 -0.19388113613489 3.5809632829028128 3.5718991247455047 -0.35627269659062205 0.79541409898523252 10.193299476257023 2.0275315721728373 0.3078479276551343
leaf_weight=3974 2826 52262 16535 2233 4947 48829 2140 5067 3198 192 1009 119 158031 5122 367 657 614 1958 1917 3846 32730 12831 50 7756 803 164 502 250 7958 2588 5403 936 3008 1527 160 3365 5715 969 16437 250 661 638 51400 185 488 8590 2182 3840 202 5808 12441 811 56 866 2603 29528 514 410 67 540 265 9346 19861
leaf_count=3974 2826 52262 16535 2233 4947 48829 2140 5067 3198 192 1009 119 158031 5122 367 657 614 1958 1917 3846 32730 12831 50 7756 803 164 502 250 7958 2588 5403 936 3008 1527 160 3365 5715 969 16437 250 661 638 51400 185 488 8590 2182 3840 202 5808 12441 811 56 866 2603 29528 514 410 67 540 265 9346 19861
internal_value=-0.000707103 0.000986864 -0.00200578 -0.000766356 0.00353873 -0.000256201 0.00455321 -0.00117012 0.00401786 0.00693772 0.0128869 0.000437069 -0.00262792 0.00411593 -0.00131473 0.0244772 -0.00154234 0.00586211 0.00818127 -0.00164943 -0.000363241 0.0013526 0.029512 -0.000257175 -0.000549935 0.00119529 0.00988264 0.0046108 -0.00301583 0.0012943 0.00199618 0.00306401 0.00434477 0.00783171 0.00850129 0.00288349 0.00396425 0.0053456 0.00186218 0.00991501 0.00912019 0.0132149 -0.00225337 0.000758595 0.0175133 0.00344973 0.00092534 0.00278438 0.00630453 -0.000460535 0.00199045 0.0027201 0.00349564 0.0031464 -0.00142872 -0.000807788 0.00524008 0.00436913 0.00573072 0.0102523 0.0204518 0.00358446 0.00180065
internal_weight=570547 247592 322955 107933 81101 166491 55395 99533 8400 5202 2158 111172 215022 51218 49033 899 89063 19255 7541 55319 33504 25706 707 74755 66999 14737 5624 1259 165989 6490 10470 31963 14575 2977 774 12875 9510 6684 36417 4177 3927 1787 55559 4159 1126 11598 14573 6224 2384 8349 17388 3044 3902 2541 48666 32131 2041 11714 1738 872 332 9756 36298
internal_count=570547 247592 322955 107933 81101 166491 55395 99533 8400 5202 2158 111172 215022 51218 49033 899 89063 19255 7541 55319 33504 25706 707 74755 66999 14737 5624 1259 165989 6490 10470 31963 14575 2977 774 12875 9510 6684 36417 4177 3927 1787 55559 4159 1126 11598 14573 6224 2384 8349 17388 3044 3902 2541 48666 32131 2041 11714 1738 872 332 9756 36298
is_linear=0
shrinkage=0.05


Tree=14
num_leaves=64
num_cat=0
split_feature=23 41 5 14 36 8 8 33 16 33 44 14 11 35 28 5 43 28 12 21 8 13 9 3 8 35 13 7 19 16 14 21 13 23 36 9 42 1 24 3 11 35 13 5 22 31 11 14 0 9 7 33 12 40 13 24 14 31 9 0 8 20 35
split_gain=458.532 180.388 160.202 87.1883 81.4115 72.63 52.1587 45.0986 42.8487 42.326 42.0786 65.5007 41.3551 38.0753 34.6283 32.0291 30.9514 30.3568 56.5279 30.1301 26.5293 25.4775 24.0307 23.9697 23.9145 22.9998 22.83 22.2591 29.4768 21.9087 35.8606 38.6821 24.8703 21.7593 21.5063 20.8404 19.5249 19.2431 18.6926 18.3158 20.1055 18.0682 25.1217 18.2359 17.3776 17.5592 18.1282 19.8079 17.357 17.296 17.7844 16.9594 16.7214 16.3693 16.0711 23.4029 21.2053 32.8849 19.3186 16.0335 15.9868 15.8377 15.6617
threshold=24.350000000000005 1281.7500000000002 43.975000000000009 9.5000000000000018 200.62500000000003 -85.449999999999989 -37.99499999999999 10.65 17.580085905162985 15.250000000000002 -587.99999999999966 5.5000000000000009 -0.37940952255126065 -0.18222858652173743 7.9900000000000011 116.25000000000001 76.250000000000014 7.0650000000000004 0.25881904510252057 4452.5000000000009 -14.499999999999993 2.5000000000000004 22.150000000000002 37.550000000000004 -4.2649999999999988 -0.73724926354828213 4.5000000000000009 238.43750000000003 -0.017452406437283595 12.444976220190989 4.5000000000000009 255.62500000000003 3.5000000000000004 18.650000000000002 287.50000000000006 125.25000000000001 -18.349999999999994 87.02500000000002 0.55000000000000016 25.050000000000004 -0.37940952255126065 0.49240481012316878 1.5000000000000002 440.50000000000006 18.500000000000004 2.6007165615876122 0.60355339059327384 5.5000000000000009 496.75000000000006 56.050000000000004 54.020942982456155 9.3500000000000032 -0.60355339059327384 985.95000000000016 1.0000000180025095e-35 1.0000000180025095e-35 10.500000000000002 7.1012653593540049 157.25000000000003 11.450000000000001 -1.999999999999998 0.39873388578253682 -0.39873388578253688
decision_type=2 2 8 2 2 8 8 2 2 2 2 2 2 2 2 8 2 2 2 2 8 2 8 10 10 2 2 10 2 2 2 2 2 2 2 10 2 8 2 10 2 2 2 10 2 2 2 2 2 8 10 2 2 2 2 2 2 2 10 2 8 2 2
left_child=1 5 7 4 10 59 14 17 15 37 11 12 -4 36 49 20 25 22 -19 24 -7 39 23 -2 44 -11 -21 54 41 32 61 -32 -15 35 -9 -10 -14 -8 -16 -20 -41 -29 -43 -44 45 46 47 -6 -45 50 -3 -26 -51 -37 55 56 -5 58 -58 -1 -12 -31 -39
right_child=2 6 3 27 19 8 9 34 33 16 60 -13 13 29 38 -17 -18 18 21 26 -22 -23 -24 -25 51 -27 -28 28 -30 30 31 -33 -34 -35 -36 53 -38 62 -40 40 -42 42 43 48 -46 -47 -48 -49 -50 52 -52 -53 -54 -55 -56 -57 57 -59 -60 -61 -62 -63 -64
leaf_value=10.688471034579287 0.018520429430193847 0.085216436093094372 0.26837356861611833 0.472687739675062 0.43415161493838267 0.91720436158349872 -0.085477555027862875 -0.40933064804914948 2.2197213223424042 1.0529373426860638 0.14080821275434471 -0.11323189457692268 12.579347705512136 0.69849281737902513 1.3075072524178952 1.6490599550933283 -0.97603435284000462 -0.01333647693428084 5.4459232773605466 -0.44355679276876753 0.10051328345027132 -0.17978642691674296 -0.31650524142271907 0.97901400054789789 -0.17809114525374686 -0.18237473834721474 0.99740185450970609 2.286341782248337 0.38117908567454212 0.3471506544363232 16.511019846763656 0.89374310343243091 1.263657241863696 0.74736472721861769 -0.64509742657543701 1.5455726442638058 0.50654238376179372 2.0243365332099184 2.2670596702563337 2.7299495330453993 14.784473484066737 17.174860412134901 7.4279384657399774 18.127924352349456 -0.20663282573763164 0.029326840566393387 1.4983959099725266 0.91768737375220377 1.7465805351255519 1.6637880720926903 1.6948996828499252 -0.58991081173544435 0.19856312395120948 4.7435068729148631 0.34686132652636048 5.6087829961440114 9.3843814072882914 -0.78976047442471531 14.370693671335765 4.1633581078320736 -0.41091846549627714 3.0123434560653246 0.87514262248154029
leaf_weight=57 2433 451 6265 1941 1063 5161 8089 48989 3281 1533 12697 11856 82 1266 344 32037 14930 2384 155 378 18502 166 73509 704 14883 27920 480 976 1602 361 340 144 1935 1395 93897 502 4053 1597 188 86 228 434 866 118 55000 4055 94 154 61 3202 526 50016 9674 1051 12703 69 238 201 107 5697 17451 402 9568
leaf_count=57 2433 451 6265 1941 1063 5161 8089 48989 3281 1533 12697 11856 82 1266 344 32037 14930 2384 155 378 18502 166 73509 704 14883 27920 480 976 1602 361 340 144 1935 1395 93897 502 4053 1597 188 86 228 434 866 118 55000 4055 94 154 61 3202 526 50016 9674 1051 12703 69 238 201 107 5697 17451 402 9568
internal_value=-0.000718496 0.0017019 -0.0015486 -0.000530203 -0.000867469 0.00359078 6.33143e-05 -0.00247429 0.00309152 -0.000551331 0.000703404 0.00214874 0.00436153 0.00661598 0.00278241 0.0026517 -0.00140065 -0.00152106 0.00339682 -0.00157557 0.0012566 0.0166535 -0.00171477 0.00257093 -0.00163953 -0.000460565 0.00776224 0.00266463 0.00595637 0.00982689 0.0154491 0.026095 0.00763667 0.0070244 -0.00300575 0.00861191 0.00316203 0.00140646 0.0153008 0.0226119 0.0295541 0.00939918 0.0128837 0.00868421 -0.000923203 0.00179277 0.00682303 0.00518899 0.0232123 0.00230167 0.00871545 -0.00230581 0.001815 0.0133838 0.00178943 0.00540688 0.00460997 0.013315 0.0226812 0.0089642 -0.000576822 0.00869594 0.0027519
internal_weight=570547 145705 424842 202291 182975 67683 78022 222551 61929 63637 56852 26704 14848 8583 14385 55700 44383 79665 3019 126123 23663 635 76646 3137 125265 29453 858 19316 4057 4448 1247 484 3201 6229 142886 4834 4135 19254 532 469 314 2455 1479 1045 60366 5366 1311 1217 179 13853 977 64899 12876 1553 15259 2556 2487 546 345 5754 30148 763 11165
internal_count=570547 145705 424842 202291 182975 67683 78022 222551 61929 63637 56852 26704 14848 8583 14385 55700 44383 79665 3019 126123 23663 635 76646 3137 125265 29453 858 19316 4057 4448 1247 484 3201 6229 142886 4834 4135 19254 532 469 314 2455 1479 1045 60366 5366 1311 1217 179 13853 977 64899 12876 1553 15259 2556 2487 546 345 5754 30148 763 11165
is_linear=0
shrinkage=0.05


Tree=15
num_leaves=64
num_cat=0
split_feature=5 41 41 28 14 43 2 33 44 14 19 5 19 23 44 11 44 7 40 5 28 26 7 33 31 21 7 0 0 23 26 23 13 4 22 43 0 14 4 5 3 0 0 7 5 3 40 17 22 13 0 9 41 30 22 22 23 35 13 31 20 16 33
split_gain=418 240.987 90.1876 69.2567 61.5461 57.349 43.6071 42.3161 38.4787 42.967 69.1893 38.0977 35.5612 33.1045 28.1053 27.7132 27.4325 26.0576 26.3074 25.5725 24.7579 26.2057 24.6633 23.9813 23.2141 22.5726 22.409 22.6556 21.8921 20.2573 18.2517 27.3408 24.0821 20.5909 17.7023 16.9919 16.934 16.8297 16.5489 16.2359 16.1048 20.9891 16.3484 15.8105 15.7838 15.3753 14.9623 23.1678 14.8901 14.8339 14.5437 14.518 14.5147 17.13 48.5617 20.0504 18.2072 19.1754 16.3957 26.354 15.8623 15.8318 14.4358
threshold=64.02500000000002 1281.7500000000002 2705.0000000000005 5.9850000000000012 10.500000000000002 142.50000000000003 61.525000000000013 9.2500000000000018 -710.99999999999807 4.5000000000000009 -0.83385407025023295 104.12500000000001 -0.65605902899050716 11.250000000000002 -198.50000000000006 -0.37940952255126065 -2012.0000000000002 27.241666666666671 981.85000000000002 35.550000000000004 7.7550000000000008 1500.5000000000002 35.056439393939407 9.1500000000000004 -8.0896581802209866 4937.5000000000009 32.397916666666674 19.950000000000003 9.0050000000000008 20.750000000000004 780.50000000000011 21.450000000000003 1.5000000000000002 444.25000000000006 71.500000000000014 -14.374999999999998 198.25000000000003 9.5000000000000018 154.25000000000003 546.25000000000011 134.25000000000003 40.025000000000006 10.050000000000002 116.85208333333334 97.350000000000023 38.550000000000004 988.1500000000002 -11.872652678185037 59.500000000000007 4.5000000000000009 379.25000000000006 113.25000000000001 10198.000000000002 15.500000000000002 87.500000000000014 63.500000000000007 21.250000000000004 -0.43049470426488839 4.5000000000000009 -5.5366225948391827 -0.90255091666790832 -7.3782264161503877 13.750000000000002
decision_type=8 2 2 2 2 2 10 2 2 2 2 10 2 2 2 2 2 10 2 10 2 2 8 2 2 2 8 2 2 2 2 2 2 8 2 2 2 2 10 10 10 2 2 10 10 10 2 2 2 2 2 10 2 2 2 2 2 2 2 2 2 2 2
left_child=2 4 3 6 13 11 19 25 9 -5 15 26 16 14 51 -11 46 -17 -19 -1 24 -22 -9 -7 -15 -4 -3 -28 45 43 31 39 38 -34 -12 -8 40 52 -33 -14 42 -42 -13 -18 -26 -21 -6 -48 -30 -23 -41 -2 53 55 58 56 57 -29 61 60 -60 -55 -38
right_child=1 5 7 8 12 23 35 22 -10 10 34 36 30 20 -16 17 29 18 -20 28 21 49 -24 -25 44 -27 27 37 48 -31 -32 32 33 -35 -36 -37 62 -39 -40 50 41 -43 -44 -45 -46 -47 47 -49 -50 -51 -52 -53 -54 54 -56 -57 -58 -59 59 -61 -62 -63 -64
leaf_value=-0.37035419489053012 3.0193542308136956 -0.44702311903314834 -0.1681662495221421 0.40077699873781375 3.2122611195362767 0.1419390421659493 0.6633185544420328 -0.60678619176365478 -0.24950271859429685 2.0990986003655694 0.36969951465630219 3.9701340040664839 1.8336491153601675 1.106115103232117 1.1358204958292064 3.1485719024597132 5.0542324059374426 13.875427186059676 -1.0729022040497544 0.45379643399369513 0.40180419389566624 2.4891186706578341 -0.43341941430140152 -0.60875492014289556 0.064932226436884122 0.92992325872503523 0.67987075730598201 2.4051880493351216 0.16483325430786985 11.304671849771909 0.11782638395892303 7.3151790427092811 3.4935370181563545 10.00672633591484 1.4459177165852566 -0.0763576086934038 1.6441171671632007 0.72376246251667409 20.84794248112081 17.21213618736617 3.1965523405912708 1.1669203360702818 0.29653513960213868 3.0951481372824667 0.7742773958614535 1.2613081066095886 9.22256491302557 4.2100457846690125 -0.22746744259601864 0.38852431765054585 9.6927196953425465 5.041410922743033 -0.36787237750187707 -0.44088724510652205 2.441615445909143 -0.47200201797727692 -0.045444443818424156 0.60706733613140262 1.2406638185227516 -0.12945474323791581 1.0797743508137134 0.57147966657195226 -0.87225763428838232
leaf_weight=53860 1984 8952 39464 3323 403 8281 7681 79135 3259 198 1070 128 7586 8231 2820 201 609 474 48 623 2783 2623 100586 35634 23503 357 2183 359 9684 775 2824 105 680 221 256 7590 4122 8144 182 121 189 8869 21740 5142 16017 159 250 480 22228 937 219 1010 12812 4124 134 15156 14157 2927 194 1371 1249 3810 6311
leaf_count=53860 1984 8952 39464 3323 403 8281 7681 79135 3259 198 1070 128 7586 8231 2820 201 609 474 48 623 2783 2623 100586 35634 23503 357 2183 359 9684 775 2824 105 680 221 256 7590 4122 8144 182 121 189 8869 21740 5142 16017 159 250 480 22228 937 219 1010 12812 4124 134 15156 14157 2927 194 1371 1249 3810 6311
internal_value=-0.000722965 0.000863299 -0.00187761 -0.000713667 0.00311521 -0.000249805 -0.001082 -0.00246427 0.00353437 0.00605924 0.0113996 0.000328782 0.00554753 0.00231956 0.00590471 0.0219273 0.00820668 0.0264661 0.0323563 -0.00151663 0.00193422 0.00486915 -0.00279102 -0.00179039 0.00154436 -0.000989554 -0.000338883 -2.32675e-05 -0.000413533 0.00695985 0.00384151 0.00492978 0.0120034 0.00798557 0.00408748 0.00138138 0.00154875 -0.00019298 0.0246167 0.00386954 0.00213639 0.00390925 0.00140205 0.00593723 0.00104124 0.00785166 0.0153883 0.0196575 -0.00061607 0.00771067 0.0145588 0.00927856 -0.00050033 -6.45121e-05 0.00165319 -0.000637904 0.000517972 0.00387097 0.00128024 0.00455934 0.00927581 0.000117216 -0.000193138
internal_weight=570547 240351 330196 110654 79505 160846 101825 219542 8829 5570 2247 116931 19597 59908 5814 921 7659 723 522 86554 54094 6343 179721 43915 47751 39821 75572 66620 32694 6526 11938 9114 1188 901 1326 15271 41359 64437 287 7926 30926 9058 21868 5751 39520 782 1133 730 31912 3560 340 2994 56293 43481 10882 32599 17443 3286 10748 2814 1443 7934 10433
internal_count=570547 240351 330196 110654 79505 160846 101825 219542 8829 5570 2247 116931 19597 59908 5814 921 7659 723 522 86554 54094 6343 179721 43915 47751 39821 75572 66620 32694 6526 11938 9114 1188 901 1326 15271 41359 64437 287 7926 30926 9058 21868 5751 39520 782 1133 730 31912 3560 340 2994 56293 43481 10882 32599 17443 3286 10748 2814 1443 7934 10433
is_linear=0
shrinkage=0.05


Tree=16
num_leaves=64
num_cat=0
split_feature=4 41 41 22 25 16 25 17 5 33 2 5 11 0 30 33 9 43 3 41 14 37 0 5 44 17 5 22 17 37 42 41 0 17 11 43 22 19 27 25 31 11 0 14 37 35 20 9 38 23 0 24 3 40 19 31 17 16 4 9 37 27 5
split_gain=384.35 175.432 101.719 94.7173 60.7721 56.5416 54.037 45.4767 45.1574 44.884 38.2812 34.1602 33.5843 31.6544 31.5186 31.066 30.2376 28.702 28.0799 26.7578 25.6565 23.0958 21.4849 27.5621 20.6624 19.3038 19.1719 18.9438 50.0902 21.5901 21.6553 19.102 24.6298 46.5951 18.5847 18.7126 23.1739 20.6754 24.2941 18.1525 18.1048 17.5258 17.1141 16.8808 16.8468 16.4893 30.8188 16.2994 16.1811 15.8015 15.6522 15.5858 15.5766 15.4515 15.3466 24.3165 15.3292 15.1063 14.5433 13.9653 13.8201 13.6206 13.5289
threshold=75.050000000000011 1119.0000000000002 3638.7500000000005 58.500000000000007 980.45000000000016 16.561927167831048 982.25000000000011 4.204607919864781 44.525000000000006 14.850000000000003 49.025000000000006 214.25000000000003 0.91597561503675362 25.525000000000002 91.500000000000014 9.2500000000000018 29.550000000000004 -66.249999999999986 38.550000000000004 368.25000000000006 10.500000000000002 17.500000000000004 379.25000000000006 409.25000000000006 282.00000000000011 -11.872652678185037 380.25000000000006 49.500000000000007 16.164885207316875 42.500000000000007 0.4000000000000013 10711.000000000002 41.975000000000009 8.6393812115193995 -0.37940952255126065 -6.2499999999999991 30.500000000000004 -0.70088257582277247 66.050000000000011 978.85000000000002 -11.836596914723099 -0.5 187.25000000000003 3.5000000000000004 16.500000000000004 -0.97625883275952019 -0.96811077628253217 171.25000000000003 36.45000000000001 18.650000000000002 10.850000000000003 2.1500000000000008 35.025000000000006 988.05000000000007 0.1822285865217376 7.4237315727524384 7.7688698436574342 -3.0208244831804816 119.12500000000001 125.25000000000001 22.500000000000004 13.050000000000002 167.25000000000003
decision_type=8 2 2 2 2 2 2 2 10 2 10 10 2 2 2 2 8 2 10 2 2 2 2 10 2 2 10 2 2 2 2 2 2 2 2 2 2 2 8 2 2 2 2 2 2 2 2 10 2 2 2 2 10 2 2 2 2 2 10 10 2 8 8
left_child=2 4 3 5 -2 34 21 12 15 26 16 17 49 -12 -14 -4 18 20 -5 52 41 -3 23 42 58 53 51 28 31 -30 -31 32 33 48 -1 36 37 38 60 -15 -35 -6 -13 -41 -19 46 -37 -23 -10 -7 -46 54 -9 -22 55 -8 -25 -28 -11 -43 -36 -60 -52
right_child=1 6 8 10 11 7 9 19 27 24 13 22 14 39 -16 -17 -18 44 -20 -21 25 47 -24 56 -26 -27 57 -29 29 30 -32 -33 -34 40 35 45 -38 -39 -40 43 -42 59 -44 -45 50 -47 -48 -49 -50 -51 62 -53 -54 -55 -56 -57 -58 -59 61 -61 -62 -63 -64
leaf_value=-0.1530896091653029 0.0010448282247407623 0.58084155861923426 -0.17663572930389373 -0.023502987484197428 0.081543717626106182 1.4555862860735387 1.625282325611821 10.288470352688762 0.071196709276092715 0.021949708943408891 0.69248406260635376 3.1619564166385121 1.4172574130508091 -0.40312083410437655 10.360389189202778 -0.5688518133741971 -0.39615000424127983 4.3690478081621409 0.79234235830628252 4.0390247979661957 5.2847163281083835 -0.145515572342614 2.967237754440887 9.9808855404172903 -0.2892608409386937 3.853874935018724 -0.21203726926308539 -0.3892989706011864 0.14341000189600683 0.34999516957021798 1.1354160224723964 -0.32059624058781933 -0.14677050658012405 1.2931932350452557 0.83049140147760314 1.3065449405970466 0.31747667350648506 0.42807504580879618 1.4224411585098953 -0.2021497785771269 0.83959691238034484 0.97270452469638968 2.7173801449531698 0.55130901009868316 8.3764014307903576 -0.18730107331296156 -0.13393568073758289 -0.6587854441887615 0.60298927049957485 0.13414422665378614 0.54384273858836074 1.8367737489440814 18.535232930048146 8.793865668365326 0.09613568146053178 0.27854033933578554 -1.519339832478992 9.0879313162255215 2.6779958602631133 1.9843573576711635 6.4977060392907475 0.81605842816645868 1.9448185615325564
leaf_weight=15014 12677 3233 25136 6035 1621 1371 11707 165 2835 9226 2261 2875 1037 9231 269 121405 78469 120 1156 270 171 32926 2935 1287 30613 579 322 32450 275 137 275 25082 10299 318 103 212 8887 1110 688 6936 210 2162 5201 6582 61 7903 389 19668 475 3760 20564 155 168 179 9629 8087 115 755 121 2933 435 6256 13021
leaf_count=15014 12677 3233 25136 6035 1621 1371 11707 165 2835 9226 2261 2875 1037 9231 269 121405 78469 120 1156 270 171 32926 2935 1287 30613 579 322 32450 275 137 275 25082 10299 318 103 212 8887 1110 688 6936 210 2162 5201 6582 61 7903 389 19668 475 3760 20564 155 168 179 9629 8087 115 755 121 2933 435 6256 13021
internal_value=-0.000736461 0.00103542 -0.00168694 -0.000695339 0.00313146 0.00133302 -1.49977e-05 0.00541903 -0.00237753 0.000844856 -0.0014611 0.003865 0.00418906 0.000259895 0.0113476 -0.00288216 -0.00196358 0.00317536 0.00113962 0.0185489 0.00594179 -0.00119897 0.00616571 0.00732327 -0.00013913 0.0137298 0.00232833 -0.00135552 -0.000625972 0.0127584 0.02 -0.000860426 0.000609393 0.00402814 0.000505022 0.00151391 0.0028544 0.00728596 0.0117618 -0.000300894 0.017822 0.0048645 0.00619985 0.000866251 0.00254901 -0.000255175 0.00772878 -0.00145112 0.00182779 0.00236698 0.00248231 0.00208973 0.028033 0.023 0.00200642 0.00280287 0.0137946 0.00888115 0.00134173 0.0063052 0.0197212 0.00317783 0.00243635
internal_weight=570547 199199 371348 152451 66501 41781 132698 7040 218897 76871 110670 53824 6437 25010 1306 146541 85660 41411 7191 603 7645 55827 12413 9478 46216 929 30655 72356 39906 687 412 39219 14137 3838 34741 19727 11223 2336 1226 22749 528 6716 8076 13518 33766 8504 601 52594 3310 5131 33646 29578 333 350 29423 19794 1402 1077 15603 5095 538 6377 33585
internal_count=570547 199199 371348 152451 66501 41781 132698 7040 218897 76871 110670 53824 6437 25010 1306 146541 85660 41411 7191 603 7645 55827 12413 9478 46216 929 30655 72356 39906 687 412 39219 14137 3838 34741 19727 11223 2336 1226 22749 528 6716 8076 13518 33766 8504 601 52594 3310 5131 33646 29578 333 350 29423 19794 1402 1077 15603 5095 538 6377 33585
is_linear=0
shrinkage=0.05


Tree=17
num_leaves=64
num_cat=0
split_feature=5 41 44 8 14 28 22 41 30 19 31 5 28 26 27 8 17 6 31 8 7 41 5 8 17 10 31 22 38 21 36 9 28 44 21 7 42 23 2 23 6 2 0 22 12 44 22 19 14 7 6 13 22 35 41 8 28 10 35 17 23 42 8
split_gain=354.675 223.396 60.5935 58.893 55.358 41.2647 40.315 36.8862 32.8111 31.872 32.63 30.9586 32.602 31.7054 29.6102 29.4418 28.3217 49.9151 31.7466 25.5035 23.4629 22.9499 22.1858 21.5326 20.2019 18.5944 18.593 19.9094 19.3955 25.5064 18.5414 18.3797 18.3261 18.3209 17.8363 17.7326 17.6245 22.7037 17.179 22.3876 16.3965 16.0702 22.6472 24.1192 17.8156 15.1342 15.3633 17.954 35.2324 20.8857 17.2362 15.009 22.7357 14.941 14.7671 14.7557 14.1999 14.1429 14.1267 14.8224 14.1063 28.8153 13.8432
threshold=50.050000000000004 1785.5000000000002 389.74999999999983 -33.649999999999984 10.500000000000002 5.9850000000000012 56.500000000000007 8214.5000000000018 1.5000000000000002 -0.55191596924288666 5.8214418269335573 167.25000000000003 7.7550000000000008 1531.5000000000002 51.550000000000004 -15.999999999999996 8.6393812115193995 50.166666666666679 -12.079918576807644 -269.94999999999993 118.90247584541065 5254.2500000000009 29.450000000000003 -11.999999999999993 5.4310706606851538 12.225000000000001 -8.272396414598516 33.500000000000007 24.550000000000004 57.500000000000007 42.500000000000007 183.25000000000003 7.9900000000000011 -154.75000000000003 687.50000000000011 148.93910984848489 -0.59999999999999865 10.850000000000003 47.050000000000004 27.350000000000005 69.000000000000028 76.02500000000002 40.025000000000006 93.500000000000014 -0.3794095225512602 -710.99999999999807 72.500000000000014 -0.86159635224327524 4.5000000000000009 57.817028985507257 28.13333333333334 5.5000000000000009 64.500000000000014 -0.96811077628253217 4371.7500000000009 -156.84999999999997 25.015000000000004 9.8525000000000009 -0.22495105434386511 0.8793556908922443 21.450000000000003 1.0000000180025095e-35 -29.974999999999994
decision_type=8 2 2 8 2 2 2 2 2 2 2 10 2 2 10 8 2 8 2 8 10 2 10 10 2 8 2 2 2 2 2 10 2 2 2 10 2 2 8 2 8 8 2 2 2 2 2 2 2 10 10 2 2 2 2 10 2 10 2 2 2 2 8
left_child=2 4 5 41 11 15 7 14 24 10 31 12 26 -14 16 38 -5 18 21 33 -9 -18 -17 -4 -7 57 58 28 29 -28 60 -6 -15 -11 45 -33 37 -13 -1 -40 -29 55 43 -43 -44 46 47 48 -10 50 -50 -24 -53 -20 -8 -3 -57 -12 59 -2 -21 -62 -31
right_child=1 3 23 6 9 8 54 20 34 19 25 36 13 32 -16 22 17 -19 53 30 -22 -23 51 -25 -26 -27 27 40 -30 62 -32 35 -34 -35 -36 -37 -38 -39 39 -41 -42 42 44 -45 -46 -47 -48 -49 49 -51 -52 52 -54 -55 -56 56 -58 -59 -60 -61 61 -63 -64
leaf_value=-0.097124325528404123 1.2989672353427151 1.9759723226790624 -0.27537326714247251 0.28294582769342363 4.5367006622638888 -0.013959191078828041 -0.25010516927843318 -0.36512972217786305 0.35572975632554499 -0.39466894592272789 -1.8591676671445072 4.9207137517355291 0.2278866634283849 30.222042840201471 -0.16300408739850863 -0.432770127963789 0.69877973608570088 0.11974256482764969 0.69885323718230774 1.784615270357977 0.35399744854783255 1.1159920480267536 -0.22862113118591976 -0.60566766047807574 8.8199361080399719 1.3085463843768146 -1.0994963024253031 -0.15384242086423364 0.26561881797212378 3.4879461018111808 0.22792845385421528 5.8438568023740167 1.4629739414872305 10.895129928864854 -0.14033276279708118 7.239693931237305 0.93222473198784361 1.8747465091126665 1.2808278711964975 0.081227992338589072 0.31541089932519328 0.88598126200504257 1.3299953136736993 2.3835852109042994 -0.010225255426339822 -0.25783690674982757 1.3817979503860245 0.1405819018263709 4.4131339339344384 -1.1530577840697973 13.054114378107471 0.49558660979799946 -0.35564848690945322 0.31328758584283456 -0.52288830771172179 -0.045412528180685821 1.0779515333680629 10.77278333634707 0.29263533890696164 0.39852265552367028 0.15631950729536873 12.835396058853156 1.6470309235159921
leaf_weight=13408 2568 577 31410 18320 3615 130 28848 41312 930 107 84 1277 3917 47 20309 66313 299 1811 81 5676 9888 526 43581 94125 249 4284 440 22785 3476 451 6066 317 5514 217 5466 1479 5329 5425 1628 3703 27316 1594 6340 111 6107 1842 242 2128 242 98 316 3504 2948 609 33760 14551 613 260 7660 2724 346 372 876
leaf_count=13408 2568 577 31410 18320 3615 130 28848 41312 930 107 84 1277 3917 47 20309 66313 299 1811 81 5676 9888 526 43581 94125 249 4284 440 22785 3476 451 6066 317 5514 217 5466 1479 5329 5425 1628 3703 27316 1594 6340 111 6107 1842 242 2128 242 98 316 3504 2948 609 33760 14551 613 260 7660 2724 346 372 876
internal_value=-0.000735147 0.000455873 -0.00204 -0.000609893 0.00221268 -0.00135005 -0.00100001 -0.000340563 0.00150605 0.00441156 0.00652007 0.00165386 0.00128873 0.00403672 0.00075855 -0.00159622 0.00204518 0.00628984 0.0129868 0.00275579 -0.00124121 0.0196061 -0.00189246 -0.00284642 0.0159763 0.00343777 0.000907373 0.000508274 0.00343982 0.00770515 0.00239566 0.00915635 0.00646376 0.0166049 0.00101917 0.0132906 0.00401421 0.00572068 0.000243075 0.00264397 0.000201492 0.00142291 0.00264556 0.00804985 0.00190528 0.00295102 0.00469413 0.00389876 0.0079256 0.0167988 0.0205376 -0.00109758 0.00115313 0.00507246 -0.00198122 0.000323676 2.50582e-05 0.0146221 0.00261272 0.00459939 0.00427432 0.0108774 0.0111643
internal_weight=570547 298284 272263 185656 112628 146728 155763 93155 11643 22823 10039 89805 77774 9478 41955 135085 21646 3326 1515 12784 51200 825 116346 125535 379 4628 68296 55344 5243 1767 12460 5411 5561 324 11264 1796 12031 6702 18739 5331 50101 29893 14152 1705 12447 5798 3956 3714 1586 656 558 50033 6452 690 62608 15741 15164 344 12952 5292 6394 718 1327
internal_count=570547 298284 272263 185656 112628 146728 155763 93155 11643 22823 10039 89805 77774 9478 41955 135085 21646 3326 1515 12784 51200 825 116346 125535 379 4628 68296 55344 5243 1767 12460 5411 5561 324 11264 1796 12031 6702 18739 5331 50101 29893 14152 1705 12447 5798 3956 3714 1586 656 558 50033 6452 690 62608 15741 15164 344 12952 5292 6394 718 1327
is_linear=0
shrinkage=0.05


Tree=18
num_leaves=64
num_cat=0
split_feature=5 41 8 41 3 25 8 8 33 28 42 23 44 14 19 33 27 7 7 26 31 7 23 8 25 28 0 29 43 29 35 12 28 13 2 37 14 0 31 7 36 29 20 19 12 14 22 4 28 31 44 23 23 22 42 5 40 1 27 0 24 1 23
split_gain=323.207 203.392 59.4153 56.0322 49.583 40.6263 38.5887 34.1274 30.3715 26.9079 25.2008 22.5896 21.2962 23.7645 36.6495 20.4534 20.1896 21.3079 19.1145 22.3974 19.0322 22.6488 18.9854 18.3493 20.1816 17.9176 17.4713 20.7433 16.814 19.9918 23.2522 20.5126 18.7797 16.7643 16.2745 21.0857 16.0439 15.916 17.0401 15.9076 15.8315 15.3625 16.6274 15.2518 17.638 15.1594 14.429 14.2493 14.0769 13.9634 15.5632 14.8943 13.9278 22.681 13.8641 13.719 16.811 13.3953 13.0592 12.7448 12.6837 16.317 12.6357
threshold=48.550000000000004 2584.5000000000005 -33.649999999999984 4944.2500000000009 134.25000000000003 978.55000000000007 -13.479999999999997 -1.7499999999999962 9.2500000000000018 5.9850000000000012 -10.249999999999996 26.850000000000005 -710.99999999999807 4.5000000000000009 -0.83385407025023295 13.050000000000002 44.550000000000004 43.28920454545456 27.015833333333337 6304.5000000000009 -4.5500881232402355 238.43750000000003 18.850000000000005 -122.09999999999998 985.55000000000007 28.915000000000003 36.025000000000006 18.027258813174758 1.0000000180025095e-35 236.95494941780231 0.25037047035109405 0.1294095225512602 1.155 1.5000000000000002 69.02500000000002 19.500000000000004 11.500000000000002 9.0050000000000008 8.4313096272409993 57.817028985507257 86.250000000000014 32.593341218561001 -0.84335933205092484 -0.77714596145697057 1.0000000180025095e-35 9.5000000000000018 28.500000000000004 33.050000000000004 0.48500000000000004 5.8214418269335573 1.0000000180025095e-35 27.250000000000004 7.0500000000000007 80.500000000000014 2.3000000000000003 409.25000000000006 987.85000000000002 68.125000000000014 14.550000000000002 56.525000000000006 0.75000000000000011 35.975000000000009 37.050000000000004
decision_type=8 2 8 2 10 2 8 10 2 2 2 2 2 2 2 2 10 8 10 2 2 8 2 10 2 2 2 2 2 2 2 2 2 2 10 2 2 2 2 10 2 2 2 2 2 2 2 8 2 2 2 2 2 2 2 10 2 8 8 2 2 10 2
left_child=3 2 23 6 7 -4 11 16 -5 34 22 39 13 -11 18 -6 17 41 -15 59 43 28 25 24 -2 36 27 -19 29 32 -31 33 52 -32 58 40 -7 -26 55 -1 -36 -3 -43 44 48 62 49 -27 -12 -25 51 -51 53 -22 -16 -39 -57 -48 -8 -20 -29 -62 -10
right_child=1 4 5 8 15 10 9 -9 45 12 20 -13 -14 14 54 -17 -18 26 19 -21 21 -23 -24 46 37 47 -28 60 -30 30 31 -33 -34 -35 35 -37 -38 38 -40 -41 -42 42 -44 -45 -46 -47 57 -49 -50 50 -52 -53 -54 -55 -56 56 -58 -59 -60 -61 61 -63 -64
leaf_value=0.20010777233181223 0.83744376407441201 -0.26316194569296114 -0.12636549417752319 -0.11897148122471427 1.0774409632295556 1.7089167120421409 -0.0046631284617832947 -0.45858956266142176 -0.55672849451390061 0.026944600959634069 2.1939936340303277 -0.066034030014005526 -0.45485227655684607 2.0422935291919133 0.069526008318289936 -0.018678061360673227 -0.33716330919963067 0.1534577052219028 12.388361579086707 -0.24468953233512389 5.6396398859581556 2.6690583980628633 0.50471268368412736 0.82804480977082451 10.969580478768744 0.84312979419161227 0.025641993441090138 0.5467714138299431 -0.21830731919892019 0.11324855820895918 0.56965557045793003 1.8463295592384128 -0.24564415968266112 12.198516336528044 4.0764135806386852 -0.076548230932301356 5.0516715324958898 4.4851909917295263 1.3497516830206244 1.4284853658239327 0.9843224171593985 0.68705987880748987 0.21790471813387435 0.61660816049392142 0.93622321897100813 1.1104579803685983 0.17187303254079547 3.5841216355761101 2.64281570251983 3.6031769804967668 -0.05670588788202089 1.2956127512702424 0.55202034829681235 1.1286218265398786 1.317144452886871 10.392710610099309 8.7400112116429423 1.3034909067430605 -0.38691780344823368 8.8151841745088753 0.6978294151684743 2.2150478498697042 -0.23368350314309838
leaf_weight=5054 1871 14815 23330 20371 11368 3471 7750 60413 102341 1543 469 15478 2311 225 786 15096 29197 6573 294 70 113 7131 4868 1479 49 80 24221 2174 17825 466 51 278 7903 125 76 8096 662 2022 1045 1655 270 196 946 20598 2103 665 6310 193 391 430 232 346 22123 308 62 214 388 13419 86921 77 103 65 11042
leaf_count=5054 1871 14815 23330 20371 11368 3471 7750 60413 102341 1543 469 15478 2311 225 786 15096 29197 6573 294 70 113 7131 4868 1479 49 80 24221 2174 17825 466 51 278 7903 125 76 8096 662 2022 1045 1655 270 196 946 20598 2103 665 6310 193 391 430 232 346 22123 308 62 214 388 13419 86921 77 103 65 11042
internal_value=-0.000741632 0.000366986 0.00176691 -0.00201909 -0.000822109 0.00125533 -0.0012818 -0.00120052 -0.00273581 -0.00167039 0.0017414 0.000618154 0.00178092 0.00451914 0.00896962 0.0011612 -0.000511561 0.000107652 0.0177477 0.0237982 0.00145498 0.000955825 0.00420854 0.00383654 0.00639739 0.00658647 0.000830515 0.00272294 0.000574076 0.00127092 0.00853261 0.0165859 0.0010515 0.0299432 -0.00185006 0.000253493 0.005767 0.00852878 0.00815072 0.00304144 0.012341 -0.00139343 0.00419439 0.00264823 0.00600236 -0.00305345 0.00319229 0.0189927 0.0120349 0.00678126 0.0113194 0.0147165 0.00178673 0.0107957 0.00207547 0.0103011 0.0169269 0.00273987 -0.00203764 0.0286927 0.00676345 0.02 -0.0030976
internal_weight=570547 305460 140293 265087 165167 112488 130668 138703 134419 108481 89158 22187 5368 3057 1514 26464 78290 49093 666 441 79884 56323 9274 27805 5589 4406 33136 8915 49192 31367 920 454 30447 176 103113 8442 4133 3718 3669 6709 346 15957 1142 23561 2963 114048 22216 273 860 2487 1008 776 22544 421 848 2624 602 19729 94671 371 2342 168 113383
internal_count=570547 305460 140293 265087 165167 112488 130668 138703 134419 108481 89158 22187 5368 3057 1514 26464 78290 49093 666 441 79884 56323 9274 27805 5589 4406 33136 8915 49192 31367 920 454 30447 176 103113 8442 4133 3718 3669 6709 346 15957 1142 23561 2963 114048 22216 273 860 2487 1008 776 22544 421 848 2624 602 19729 94671 371 2342 168 113383
is_linear=0
shrinkage=0.05


Tree=19
num_leaves=64
num_cat=0
split_feature=4 41 5 36 25 33 8 30 33 8 1 22 33 11 43 5 9 35 27 0 43 6 43 27 19 9 3 41 35 38 14 0 32 32 5 41 38 31 40 12 27 21 4 5 2 7 0 23 1 11 22 10 5 22 23 43 2 19 25 9 8 44 14
split_gain=294.819 125.002 87.2982 67.4085 46.5961 41.255 39.1661 35.6654 33.7344 33.3916 31.9416 29.3378 27.7859 25.7463 25.2295 22.6004 20.2837 19.7827 24.0643 19.684 19.1828 19.0857 18.9183 18.2267 17.9398 17.6317 27.4694 17.3562 16.7651 16.2105 16.031 15.8253 15.6099 15.1386 14.5999 13.9696 14.7379 13.7459 17.9919 13.5875 14.8401 13.6937 13.7523 12.6545 12.1623 11.9642 11.6742 11.6386 11.6334 11.4375 15.3633 12.7024 12.0982 12.6344 13.0331 11.3783 14.8542 12.6538 19.5592 11.3103 11.2678 13.6348 20.1442
threshold=76.52500000000002 1281.7500000000002 38.050000000000004 171.87500000000003 981.05000000000007 13.250000000000002 -85.449999999999989 51.500000000000007 10.65 -37.99499999999999 116.25000000000001 59.500000000000007 9.6500000000000004 -0.60355339059327362 -11.874999999999998 132.25000000000003 65.850000000000009 -0.97625883275952019 65.050000000000011 36.550000000000004 -64.374999999999986 81.273333333333355 80.625000000000014 11.050000000000002 0.1822285865217376 29.550000000000004 30.425000000000004 4809.2500000000009 -0.90992662233962529 15.050000000000002 9.5000000000000018 58.025000000000006 10.803651379026556 -5.7231280537186118 214.25000000000003 857.75000000000011 20.950000000000003 -14.419587605881896 978.6500000000002 0.37940952255126048 33.050000000000004 201.25000000000003 45.525000000000006 380.25000000000006 173.25000000000003 41.2589393939394 10.850000000000003 29.250000000000004 58.025000000000006 -0.9159756150367534 58.500000000000007 10.725000000000001 44.525000000000006 75.500000000000014 12.65 11.250000000000002 54.025000000000006 0.9681107762825325 979.45000000000016 80.250000000000014 -269.94999999999993 -154.75000000000003 10.500000000000002
decision_type=8 2 8 2 2 2 8 2 2 8 8 2 2 2 2 10 8 2 8 2 2 8 2 8 2 8 10 2 2 2 2 2 2 2 8 2 2 2 2 2 8 2 10 10 10 10 2 2 8 2 2 8 8 2 2 2 10 2 2 10 10 2 2
left_child=2 4 8 11 -2 10 46 12 25 16 -3 13 30 -4 28 -14 29 18 -16 37 21 -8 -11 33 43 26 -1 55 -15 -7 -5 32 -17 -13 -22 36 49 38 -9 -30 41 42 -41 -12 -25 -28 -6 -47 -27 -23 -51 -52 -53 54 -54 56 -10 -58 -59 -32 61 -48 -63
right_child=1 5 3 7 6 9 20 19 27 22 24 23 15 14 17 31 -18 -19 -20 -21 34 35 -24 44 -26 48 45 -29 39 -31 59 -33 -34 -35 -36 -37 -38 -39 -40 40 -42 -43 -44 -45 -46 47 60 -49 -50 50 51 52 53 -55 -56 -57 57 58 -60 -61 -62 62 -64
leaf_value=-0.11285662368400305 0.016139892058363282 -0.017093464886631101 -0.10287431867659791 -0.081782419464395906 8.5451615946646537 1.9207287927888395 0.48325434986192078 0.89904502741274595 -0.30273102026038989 -0.15337726675671953 1.3496171683197227 1.1275065367897665 -0.38445181513652682 -0.19397118902461408 1.1381289868009563 0.69957686733700897 0.094122017240270708 -0.08311687798920725 -0.19874925900253082 0.027163788146739521 0.56720002599395336 -0.65758779369482134 -0.71026647440948265 -0.11683174263320915 0.13865019402664311 -0.31329960882936669 0.54094332256350119 -0.54578791530646686 1.8921674115185589 0.80293238626166907 0.54720866414939484 -0.31525521145410756 0.72214386302503475 0.35436749050774952 2.0143877467793101 0.74116710115176621 1.0336918694028741 0.33614725357516517 -0.0437670332817401 12.411238175393082 0.74814346023076095 0.45008934614531387 0.99684266403380661 8.6365020813854443 2.9748913957776035 2.1202056422450601 4.7408906260285759 0.62545769456435374 0.0020623261786134094 6.2942316340127142 5.3154268988643283 3.9697165326886044 6.9894636298845674 1.2866480946912013 2.0753448672446195 -0.5182580594114149 0.088222471539876945 -0.058704133715832302 3.214913266974341 3.452602758839479 2.6384629033297045 -1.4997190539720826 10.120650839203805
leaf_weight=3346 15681 22561 7382 26015 63 124 3364 264 22178 38528 11931 186 90578 1069 212 991 20522 5255 232 9239 25008 189 22690 32417 5419 51982 1219 75137 2070 1848 926 1491 285 975 16064 1248 1359 2051 146 215 5868 451 157 569 475 166 304 141 8952 399 156 41 300 876 716 19511 2294 250 240 405 5470 79 267
leaf_count=3346 15681 22561 7382 26015 63 124 3364 264 22178 38528 11931 186 90578 1069 212 991 20522 5255 232 9239 25008 189 22690 32417 5419 51982 1219 75137 2070 1848 926 1491 285 975 16064 1248 1359 2051 146 215 5868 451 157 569 475 166 304 141 8952 399 156 41 300 876 716 19511 2294 250 240 405 5470 79 267
internal_value=-0.000745488 0.000827066 -0.00156697 -0.000811836 0.0024912 -0.000132135 0.00316682 -0.00143065 -0.00233815 -0.000765841 0.00117836 0.000626359 -0.00168617 0.00200973 0.00316537 -0.00209679 0.000881567 0.000518511 0.0106532 0.00120513 0.00270012 0.00484042 -0.00137117 -0.00030438 0.00275434 -0.0014289 0.00146552 -0.00283839 0.0046999 0.00572515 -0.000284503 0.00235453 0.00644201 0.00585271 0.00224946 0.00671461 0.0081442 0.00517879 0.0135366 0.00542118 0.00432596 0.0106136 0.0177151 0.003796 -0.000521709 0.0070249 0.00691978 0.0158469 -0.00166032 0.010297 0.0111977 0.00948061 0.00837299 0.0077907 0.0115846 -0.00205552 -0.00134845 0.00209411 0.00938775 0.00506762 0.00669935 0.0129231 0.019711
internal_weight=570547 195776 374771 189355 71584 124192 55903 132391 185416 83712 40480 56964 120691 22911 15529 93345 22494 5699 444 11700 49720 8648 61218 34053 17919 65806 4872 119610 9830 1972 27346 2767 1276 1161 41072 5284 4036 2461 410 8761 6691 823 372 12500 32892 1526 6183 307 60934 2677 2488 2089 1933 1892 1016 44473 24962 2784 490 1331 6120 650 346
internal_count=570547 195776 374771 189355 71584 124192 55903 132391 185416 83712 40480 56964 120691 22911 15529 93345 22494 5699 444 11700 49720 8648 61218 34053 17919 65806 4872 119610 9830 1972 27346 2767 1276 1161 41072 5284 4036 2461 410 8761 6691 823 372 12500 32892 1526 6183 307 60934 2677 2488 2089 1933 1892 1016 44473 24962 2784 490 1331 6120 650 346
is_linear=0
shrinkage=0.05


Tree=20
num_leaves=64
num_cat=0
split_feature=5 41 43 7 7 25 8 19 33 8 0 14 27 43 16 7 13 14 13 14 11 21 19 5 1 21 2 24 11 13 22 25 22 2 8 41 4 42 7 9 33 13 18 40 31 23 25 16 7 0 38 33 26 10 5 31 19 43 22 14 0 30 38
split_gain=270.952 130.087 67.7216 66.0103 53.4931 44.0197 36.0912 32.2635 32.0958 29.0274 25.86 26.8818 25.1685 22.5297 25.4018 46.0591 28.3024 21.9952 21.9588 20.3508 22.4032 35.5952 23.0603 19.9204 17.1119 18.6466 16.7511 16.8648 16.6203 16.7022 16.004 24.4453 22.2195 16.3541 15.6776 21.9501 15.5008 15.3515 15.8179 15.3486 15.2328 16.9131 14.985 19.0051 16.1773 14.9077 14.6926 14.5642 14.5946 14.4741 18.9681 14.2752 13.9329 13.7834 13.7689 14.7807 20.5482 13.6438 20.7831 13.4195 13.1674 13.0739 12.9019
threshold=86.02500000000002 2705.0000000000005 31.250000000000004 33.704356060606067 33.193659420289869 979.55000000000007 -19.774999999999995 0.9426055981926128 9.5500000000000025 -99.949999999999989 32.025000000000006 5.5000000000000009 45.95000000000001 -6.2499999999999991 13.753743109339535 54.867948717948728 2.5000000000000004 4.5000000000000009 3.5000000000000004 10.500000000000002 0.78656609248549325 101.87500000000001 0.95878322595067733 18.950000000000003 79.950000000000017 4937.5000000000009 75.425000000000026 1.8500000000000003 0.78656609248549325 3.5000000000000004 43.500000000000007 979.45000000000016 88.500000000000014 40.975000000000009 -50.984999999999992 387.25000000000006 51.050000000000004 -15.049999999999995 36.082971014492763 53.050000000000004 10.250000000000002 5.5000000000000009 11.350000000000003 984.95000000000016 10.233855101123543 27.650000000000002 976.45000000000016 7.6511932367050148 27.015833333333337 42.025000000000006 12.65 10.450000000000001 5633.7500000000009 15.075000000000003 155.25000000000003 -4.5500881232402355 -0.77714596145697057 -50.624999999999993 38.500000000000007 9.5000000000000018 8.0350000000000019 84.500000000000014 18.050000000000004
decision_type=10 2 2 8 8 2 8 2 2 8 2 2 10 2 2 8 2 2 2 2 2 2 2 10 8 2 8 2 2 2 2 2 2 10 10 2 8 2 8 8 2 2 2 2 2 2 2 2 10 2 2 2 2 8 10 2 2 2 2 2 2 2 2
left_child=1 3 7 18 40 10 26 9 24 60 -5 13 49 14 28 16 17 -16 30 20 -7 22 -22 -23 39 -26 -6 51 -12 -30 31 47 -32 -34 35 -21 -24 62 -39 -8 41 -3 43 45 -44 -25 -31 -1 -49 50 -4 -28 -43 -54 55 56 -40 58 -46 61 -2 -10 -11
right_child=2 4 12 5 6 19 8 -9 59 37 11 -13 -14 -15 15 -17 -18 -19 -20 34 21 23 36 42 25 -27 27 -29 29 46 32 -33 33 -35 -36 -37 -38 38 54 -41 -42 52 44 -45 57 -47 -48 48 -50 -51 -52 -53 53 -55 -56 -57 -58 -59 -60 -61 -62 -63 -64
leaf_value=-0.94816216412806453 7.5065798243234898 -0.33433831407378189 1.8244244267743153 0.21939649625495444 -0.082164676871280665 0.10428070358700162 0.47752762097231172 -0.1545573443198841 -0.43775222872118474 4.6003616505038698 -0.11585801903845441 -0.49827050966099429 -0.54108573231450852 -0.45716287583336773 0.45202735209803424 0.52554988693685556 -0.43328476604983157 18.305624824219343 -0.38014126245912627 6.2720046734800379 -0.0091639066690231714 0.14826728747520454 2.2787416043440416 1.8934200985586092 0.25025849388183374 1.6801147111121659 0.78889687888792859 1.7428508966837588 0.34592516843894944 2.4899604423610473 -0.32246427908138259 -0.22913862758740683 0.016616217857606232 0.6754777221098579 0.84994310219599944 1.8561368649512611 1.1228942845933367 -0.36324117633442587 1.8156765536303767 -0.21305054337057708 -0.49947325210985255 -0.53762483971395214 0.63279698963549103 0.17852619499029337 3.3515321905428501 1.6252905844517895 0.80373028832148141 2.8931576961622802 9.379568444863196 0.16146676569523744 0.46845973998035567 0.089543159679085715 0.53038724707305984 0.065477677716544572 1.5454766785716911 0.25660173440227613 0.45840000196198682 0.63649615613923294 1.2839263939946957 0.21852901912997555 2.4243783245319079 -0.04157868161765315 0.62647037514702697
leaf_weight=158 74 17250 33 8401 23459 39941 1555 8754 113393 868 3977 21537 18366 5571 71 763 115 283 25295 1016 9300 2099 219 523 9106 185 2111 107 879 267 18232 1392 10600 1012 3213 1647 334 1765 1495 21994 77108 893 3437 358 290 618 359 353 316 18518 2662 6770 810 1290 26960 24817 6919 465 455 4154 6369 8241 1025
leaf_count=158 74 17250 33 8401 23459 39941 1555 8754 113393 868 3977 21537 18366 5571 71 763 115 283 25295 1016 9300 2099 219 523 9106 185 2111 107 879 267 18232 1392 10600 1012 3213 1647 334 1765 1495 21994 77108 893 3437 358 290 618 359 353 316 18518 2662 6770 810 1290 26960 24817 6919 465 455 4154 6369 8241 1025
internal_value=-0.000740229 -0.00129848 0.00138651 -0.000171749 -0.00193717 0.000566808 -0.00145113 0.00223186 -0.00176192 0.00258834 -0.000686002 -0.0013027 -0.000301803 0.000563694 0.00251415 0.00900162 0.0213326 0.0283333 -0.00153841 0.00139443 0.00111055 0.0025699 0.000541458 0.00499393 -0.000369977 0.0014471 6.8264e-05 0.00190365 0.00105618 0.00553156 -0.000669464 0.00342722 -0.000974066 0.000735445 0.00419843 0.0070353 0.0104611 0.00226558 0.00213006 -0.00108688 -0.00289114 -0.00167046 0.0064302 0.0107772 0.00502797 0.0139308 0.0117732 0.0102358 0.0134604 0.000871398 0.00429499 0.00166591 0.0017992 0.00402381 0.00226687 0.00158572 0.00339672 0.01 0.0141946 -0.00212532 0.0057869 -0.00222076 0.006701
internal_weight=570547 451922 118625 163496 288426 106138 191075 79046 158628 70292 42223 33822 39579 12285 6714 1232 469 354 57358 63915 58039 18098 9853 8245 32840 9291 32447 8988 5482 1505 32063 2219 29844 11612 5876 2663 553 63849 61956 23549 97351 20243 6146 1499 4647 1141 626 827 669 21213 2695 8881 2993 2100 60191 33231 8414 1210 745 125788 6443 121634 1893
internal_count=570547 451922 118625 163496 288426 106138 191075 79046 158628 70292 42223 33822 39579 12285 6714 1232 469 354 57358 63915 58039 18098 9853 8245 32840 9291 32447 8988 5482 1505 32063 2219 29844 11612 5876 2663 553 63849 61956 23549 97351 20243 6146 1499 4647 1141 626 827 669 21213 2695 8881 2993 2100 60191 33231 8414 1210 745 125788 6443 121634 1893
is_linear=0
shrinkage=0.05


Tree=21
num_leaves=64
num_cat=0
split_feature=5 41 25 33 41 8 8 8 2 33 28 16 27 7 29 23 0 29 22 6 43 28 33 22 0 0 16 17 20 43 14 13 23 40 43 5 32 11 1 42 7 8 14 12 32 37 7 8 3 28 25 5 13 14 21 27 2 33 16 43 6 17 16
split_gain=249.333 162.774 48.7233 41.8035 39.4591 38.642 32.8917 28.9067 22.861 21.4728 19.9839 18.9235 18.149 23.0738 21.1852 16.9251 15.9366 16.8189 17.1267 15.6792 17.3312 15.4051 14.7528 14.5264 18.6479 15.662 15.185 19.5013 14.2618 14.0247 14.4458 17.3785 13.9519 13.8674 13.735 13.6092 15.5113 13.4538 13.4488 13.1951 13.1482 13.1094 12.9369 13.3472 12.6599 12.4925 16.0324 12.31 12.2652 12.209 12.4219 12.0981 11.7183 11.6215 10.8502 10.7574 11.0889 10.6276 13.9338 10.6238 12.7679 10.7452 13.5528
threshold=43.975000000000009 2705.0000000000005 979.55000000000007 9.5500000000000025 5175.7500000000009 -25.774999999999995 -2.2999999999999932 -13.479999999999997 72.02500000000002 9.2500000000000018 5.9850000000000012 17.580085905162985 44.550000000000004 43.62554347826088 30.962600251364091 18.850000000000005 37.95000000000001 18.380749536103391 85.500000000000014 81.273333333333355 11.250000000000002 28.915000000000003 6.9500000000000011 36.500000000000007 69.825000000000017 21.050000000000004 8.787798269083444 7.672439445598342 -0.86159635224327535 -27.499999999999996 4.5000000000000009 2.5000000000000004 26.850000000000005 978.35000000000002 142.50000000000003 132.25000000000003 -5.2827549630850736 0.37940952255126054 140.25000000000003 -2.5999999999999983 35.30108695652175 -9.4949999999999957 1.5000000000000002 0.60355339059327384 7.4680520861957884 32.500000000000007 27.015833333333337 -7.4999999999999982 26.975000000000005 83.930000000000021 988.95000000000016 675.25000000000011 1.5000000000000002 1.5000000000000002 32.500000000000007 21.050000000000004 53.050000000000004 5.5500000000000007 2.4749940728641588 1.0000000180025095e-35 66.054166666666688 5.2299117407736366 2.9153109796467267
decision_type=8 2 2 2 2 8 10 8 8 2 2 2 10 8 2 2 2 2 2 8 2 2 2 2 2 2 2 2 2 2 2 2 2 2 2 8 2 2 10 2 8 8 2 2 2 2 10 10 10 2 2 10 2 2 2 8 10 2 2 2 10 2 2
left_child=4 2 23 8 7 22 12 32 -3 -6 42 19 13 14 -5 21 17 53 -19 44 49 -13 38 24 26 35 -2 37 -16 30 -12 45 -1 -24 -8 36 -25 -28 -4 -20 -11 -10 43 -9 -7 46 -32 -39 -23 50 51 -21 54 -15 -40 56 -44 58 -52 60 61 -57 -63
right_child=1 3 5 6 9 11 34 10 41 40 29 15 -14 16 28 -17 -18 18 39 20 -22 48 33 25 -26 -27 27 -29 -30 -31 31 -33 -34 -35 -36 -37 -38 47 52 -41 -42 -43 55 -45 -46 -47 -48 -49 -50 -51 57 -53 -54 -55 -56 59 -58 -59 -60 -61 -62 62 -64
leaf_value=0.35993721122784517 0.15649250893890385 -0.098910666695941368 1.0839917469775797 -0.29218837765113254 -0.12710900373896125 -0.036593739887142762 -0.32446042698997468 0.8034996757890186 1.0625450072533951 -0.52850739246653977 0.061959713406303442 1.7267644925109691 -0.32429920873267892 2.1245357498752 0.73577297177590861 0.11219689942940203 0.016967978949449503 0.51381365226797149 0.4532133866034303 0.61462483816196745 0.14953752258142486 1.653468707874594 2.7491518660229968 1.0485682712979452 -0.11362364454485921 -0.20025605705032407 0.54717119263749436 16.674371444807452 0.24504853989287581 -0.38798237191586349 1.9270931791334214 -0.30780320360370023 -0.056968690846537585 0.92730743686084205 -0.63692594828763571 -0.10693401374145635 0.4344290700085891 1.1076676682693063 5.7829045155812731 2.067881578341749 -0.39327493584713125 0.37363367736374881 -0.15298669552027219 3.753645841635151 0.46446912898182968 1.9453579955129194 11.888804221809243 11.65315673530932 3.4482915438366728 6.9038935533416534 1.0399795347559575 13.005403866748035 3.5563363761264144 0.11856982155528994 14.307747117103691 -0.45723146307429907 0.40369446582772639 1.2614402468102677 5.5502126581475668 -0.50261369119278709 0.27636613092924261 -0.24740556466694455 0.24974523531356452
leaf_weight=5680 1154 14251 3164 14723 17393 25787 38703 75 3974 52278 1255 4438 30109 99 201 2527 27010 2302 78 20725 16666 120 340 278 3591 27794 837 130 898 1914 144 344 14062 22683 26407 1735 1845 372 175 69 48324 12912 16521 45 3674 571 185 199 167 134 1251 161 1634 7219 366 26295 1280 9214 1286 34205 3939 11765 2870
leaf_count=5680 1154 14251 3164 14723 17393 25787 38703 75 3974 52278 1255 4438 30109 99 201 2527 27010 2302 78 20725 16666 120 340 278 3591 27794 837 130 898 1914 144 344 14062 22683 26407 1735 1845 372 175 69 48324 12912 16521 45 3674 571 185 199 167 134 1251 161 1634 7219 366 26295 1280 9214 1286 34205 3939 11765 2870
internal_value=-0.000736461 0.000151446 0.00135204 -0.00087131 -0.0019669 0.00186653 -0.00122204 -0.00133306 0.000793749 -0.0026177 -0.00167383 0.00133952 -0.000560286 9.38667e-08 -0.00159651 0.00378378 0.000686977 0.00241783 0.00600449 0.00111486 0.00165898 0.00555026 0.00346731 -0.000201003 0.00199506 -0.000636928 0.00514116 0.00839402 0.00510009 0.00161681 0.00408363 0.00790193 0.000417383 0.00291817 -0.00206266 0.00234837 0.00503297 0.00668324 0.00583536 0.022551 -0.00289815 0.00203837 -0.00182355 0.0145833 0.000201791 0.0115556 0.0193161 0.0126007 0.016777 0.0023266 0.00226476 0.00153308 0.00886207 0.00121754 0.0152403 -0.00184387 -0.000733387 0.00356523 0.00643082 -0.00209386 -0.00158785 -0.0018495 -0.000763582
internal_weight=570547 331402 152447 178955 239145 114512 147818 121150 31137 117995 101408 86150 82708 52599 15822 7252 36777 9767 2449 78898 49437 4725 28362 37935 6283 31652 2692 1538 1099 4413 2499 1244 19742 23023 65110 3858 2123 1408 5339 147 100602 16886 96995 120 29461 900 329 571 287 32771 32637 20886 2175 7318 541 96875 17801 11751 2537 79074 44869 40930 14635
internal_count=570547 331402 152447 178955 239145 114512 147818 121150 31137 117995 101408 86150 82708 52599 15822 7252 36777 9767 2449 78898 49437 4725 28362 37935 6283 31652 2692 1538 1099 4413 2499 1244 19742 23023 65110 3858 2123 1408 5339 147 100602 16886 96995 120 29461 900 329 571 287 32771 32637 20886 2175 7318 541 96875 17801 11751 2537 79074 44869 40930 14635
is_linear=0
shrinkage=0.05


Tree=22
num_leaves=64
num_cat=0
split_feature=5 41 44 25 3 8 5 8 33 8 42 8 22 41 31 7 28 11 22 13 34 31 19 12 43 22 32 6 25 20 16 19 11 41 32 1 20 0 29 31 13 3 38 5 36 2 38 25 31 44 41 31 22 16 22 7 19 0 23 32 34 9 25
split_gain=227.07 131.432 50.5273 42.0246 36.6316 34.6998 28.3411 26.7173 22.5977 20.1137 18.3995 18.1622 17.178 16.9545 16.2136 19.2484 14.8548 14.8487 16.8965 21.1777 20.0269 14.4096 13.0446 15.5302 12.7994 19.79 19.2612 15.8883 14.9446 14.7219 12.0505 12.2207 12.8159 11.8705 11.5424 11.4236 11.6641 11.3213 21.7116 17.0967 13.5237 11.6282 11.5708 13.0139 10.9063 10.7708 10.6018 10.452 10.33 10.323 10.2196 13.7872 13.1465 11.1238 13.5383 10.1577 10.1512 9.99058 10.8777 9.92785 19.7938 17.9254 10.7643
threshold=48.025000000000006 2705.0000000000005 307.00000000000011 978.35000000000002 108.07500000000002 -60.449999999999996 29.450000000000003 -1.7499999999999962 13.050000000000002 -9.1999999999999957 -13.649999999999997 -25.774999999999995 18.500000000000004 7736.7500000000009 -4.5500881232402355 213.93095238095239 27.965000000000003 0.25881904510252091 33.500000000000007 5.5000000000000009 -0.83385407025023295 3.9674855502861024 -0.79863551004729294 -0.12940952255126037 -4.3749999999999991 33.500000000000007 15.165296590149397 75.754166666666691 988.95000000000016 -0.97988739209073461 3.1747857587766641 -0.94828754594723508 0.78656609248549325 2838.5000000000005 4.1845053462844577 55.025000000000006 -0.33379414889141251 37.525000000000006 10.969963257790871 -14.081924413351098 3.5000000000000004 26.050000000000004 29.750000000000004 88.02500000000002 146.87500000000003 72.02500000000002 12.350000000000003 982.25000000000011 -10.400352165796241 1131.2500000000002 5568.7500000000009 -0.34862297099063266 33.500000000000007 5.3484868933441279 47.500000000000007 282.01041666666669 0.95878322595067733 8.0350000000000019 14.950000000000001 -5.129213146668536 -0.72534675097891066 111.25000000000001 972.95000000000016
decision_type=8 2 2 2 10 8 10 10 2 10 2 8 2 2 2 8 2 2 2 2 2 2 2 2 2 2 2 8 2 2 2 2 2 2 2 8 2 2 2 2 2 10 2 10 2 10 2 2 2 2 2 2 2 2 2 8 2 2 2 2 2 8 2
left_child=2 3 6 59 7 57 11 12 55 -4 16 -1 21 37 22 24 -7 46 19 -19 -21 -3 23 34 25 30 -26 -27 -29 -28 -16 -32 -33 45 -12 36 50 38 42 40 -40 -42 -14 -44 -34 -20 -8 -39 -45 -17 51 53 -53 -13 -55 -6 -47 58 -5 60 61 62 -2
right_child=1 4 9 5 8 10 17 -9 -10 -11 14 35 13 -15 15 49 -18 18 33 20 -22 -23 -24 -25 26 27 29 28 -30 -31 31 32 44 -35 -36 -37 -38 47 39 -41 41 -43 43 48 -46 56 -48 -49 -50 -51 -52 52 -54 54 -56 -57 -58 -59 -60 -61 -62 -63 -64
leaf_value=0.24964312133039354 1.5403769584626179 0.60192130799387278 -0.2254543560183703 8.1835459223558846 0.49871937338663735 1.1231327674672948 3.1856986135718586 -0.40542400285616992 -0.095877937493144771 -0.50564274204145199 0.099685416348499964 -0.0853662143419463 -0.16432009621483162 -0.2798733859091494 -0.73246229405646646 2.2167071939267609 2.9399869494084991 0.48981730562383197 0.079561467618602569 2.4769829328546344 0.58696808089715347 0.12642274699462006 0.5139341981388964 0.75114552247687538 -0.23952182305173852 -0.157554730173357 0.90164381134614302 0.12637261242831885 1.2343630440736495 0.51262948442567235 0.11373462233816392 1.0785150695643584 2.106205030728344 -0.18100895549154658 2.4235321776104528 -0.061158274149388514 -0.46082985431681867 -0.33375171409467991 -0.072337086874777981 0.44506195198090437 -0.15856317870414297 1.1467155750629938 0.17692660618899891 1.0333910815553633 5.3921006386999464 0.64449988754402432 -0.14310817832809875 0.12366826666543414 0.28155771385887646 -1.3402442547225879 -0.42783788400014322 7.4603761456416784 -0.41895671840998089 16.350779243089537 0.22617285804351966 4.3488359529933325 2.2525557748822527 1.661054704545665 4.3448219699520356 -0.16288374877205158 -0.012711321503543616 0.22549256179682048 0.66555747330664927
leaf_weight=3600 243 1055 35944 29 12374 4509 32 54899 21309 87836 216 11769 6272 34781 707 9674 500 2500 9094 131 276 3136 25306 2369 21913 12843 152 10760 7225 402 1147 2390 857 8839 671 9274 37127 11264 159 2377 64 376 2822 124 71 1638 40333 9985 156 780 5898 157 6515 82 1603 2050 253 14581 91 23279 3094 463 171
leaf_count=3600 243 1055 35944 29 12374 4509 32 54899 21309 87836 216 11769 6272 34781 707 9674 500 2500 9094 131 276 3136 25306 2369 21913 12843 152 10760 7225 402 1147 2390 857 8839 671 9274 37127 11264 159 2377 64 376 2822 124 71 1638 40333 9985 156 780 5898 157 6515 82 1603 2050 253 14581 91 23279 3094 463 171
internal_value=-0.000738214 0.000183879 -0.00181724 0.00128241 -0.000788375 0.00169366 -0.00116341 -0.00118499 0.000626451 -0.00255211 0.00136781 -0.00181355 -0.000555388 -0.000745833 0.00121595 0.000800843 0.00432322 -0.000380057 0.000642074 0.00420193 0.0147789 0.0025519 0.00221763 0.00519656 0.000447516 0.00103194 -0.000488941 0.00055177 0.00151098 0.00871841 0.00389404 0.00485442 0.0063924 0.000120055 0.0108399 -0.00198585 -0.00222649 5.52088e-05 0.00125911 0.00497984 0.0125292 0.0170455 7.78738e-05 0.00257576 0.0113793 0.00121757 -0.000955656 -0.000644502 0.0128571 0.00277693 -0.00141485 -0.000878467 -0.00273681 4.31087e-05 0.00384273 0.00215474 0.00465098 0.00396538 0.0183333 -0.00048624 0.00182448 0.00845496 0.0160145
internal_weight=570547 307646 262901 144443 163203 117193 139121 127470 35733 123780 102492 76025 72571 68380 97483 68921 5009 63096 22731 2907 407 4191 28562 3256 58467 36000 22467 30828 17985 554 5172 4465 3318 19824 887 72425 63151 33599 12350 2976 599 440 9374 3102 928 10985 40365 21249 280 10454 26024 20126 6672 13454 1685 14424 1891 14701 120 27250 3971 877 414
internal_count=570547 307646 262901 144443 163203 117193 139121 127470 35733 123780 102492 76025 72571 68380 97483 68921 5009 63096 22731 2907 407 4191 28562 3256 58467 36000 22467 30828 17985 554 5172 4465 3318 19824 887 72425 63151 33599 12350 2976 599 440 9374 3102 928 10985 40365 21249 280 10454 26024 20126 6672 13454 1685 14424 1891 14701 120 27250 3971 877 414
is_linear=0
shrinkage=0.05


Tree=23
num_leaves=64
num_cat=0
split_feature=7 41 7 36 25 7 0 28 33 0 5 17 24 18 23 21 34 28 0 26 25 1 25 43 31 11 9 22 32 5 5 32 7 20 12 11 20 22 37 13 34 4 31 43 43 0 31 43 17 43 32 25 30 34 17 5 6 13 1 28 27 32 25
split_gain=210.743 120.217 68.4494 59.0865 50.8355 38.1778 37.0288 30.6727 29.5999 26.8646 28.7606 28.2592 25.9208 26.6767 24.8381 30.8067 26.0358 24.4819 20.9899 20.9241 20.4687 20.2273 19.2041 18.8207 26.5199 25.9603 19.2118 18.3771 18.1587 17.4444 17.4011 17.2122 26.3938 21.6339 16.6168 15.7757 15.7669 15.1775 24.1214 19.77 29.0975 15.6684 15.1627 15.4989 14.6844 14.2787 13.9715 13.6473 13.9577 27.0726 13.5314 13.7306 13.5065 15.1151 13.4575 13.287 13.1078 13.0332 12.9592 12.8908 12.7864 12.6696 12.5988
threshold=103.22708333333335 4872.7500000000009 36.625357142857148 42.500000000000007 979.55000000000007 32.397916666666674 23.975000000000005 7.7550000000000008 8.4500000000000011 46.550000000000004 89.02500000000002 7.672439445598342 0.8500000000000002 13.050000000000002 38.550000000000004 1542.5000000000002 -0.12186934340514725 16.920000000000005 15.050000000000002 2417.2500000000005 986.1500000000002 54.025000000000006 986.6500000000002 -6.2499999999999991 6.5356684201803255 -0.37940952255126065 126.25000000000001 47.500000000000007 14.035844742000526 24.950000000000003 214.25000000000003 4.095860309109864 48.377083333333339 0.44618082326431213 -0.5 0.60355339059327384 -0.39873388578253688 33.500000000000007 25.500000000000004 5.5000000000000009 -0.9099266223396254 137.25000000000003 -0.51185124230161938 -747.49999999999989 15.625000000000002 15.550000000000002 -11.657332355701644 -11.874999999999998 12.407702291735175 -222.49999999999997 2.950992120242343 984.1500000000002 25.500000000000004 0.8869770585236475 -4.9734023493651831 41.025000000000006 59.600000000000016 2.5000000000000004 146.75000000000003 7.9900000000000011 1.0000000180025095e-35 -3.5151438656117975 975.35000000000002
decision_type=10 2 8 2 2 8 2 2 2 2 10 2 2 2 2 2 2 2 2 2 2 8 2 2 2 2 8 2 2 10 8 2 8 2 2 2 2 2 2 2 2 10 2 2 2 2 2 2 2 2 2 2 2 2 2 10 8 2 10 2 10 2 2
left_child=1 2 7 19 6 -3 -4 18 22 10 14 -12 23 35 21 16 -16 47 29 30 -21 -7 -5 25 26 28 50 46 -6 -1 -2 32 33 -19 -11 -14 42 39 -39 41 -41 -27 43 -20 -10 -23 -13 48 -8 -50 -25 57 60 -54 -43 -44 -55 -52 -22 -9 -40 -57 -45
right_child=3 5 4 8 12 9 17 59 44 34 11 27 13 -15 15 -17 -18 31 36 20 58 45 -24 24 -26 37 -28 -29 -30 -31 -32 -33 -34 -35 -36 -37 -38 38 52 40 -42 54 55 62 -46 -47 -48 -49 49 -51 51 -53 53 56 -56 61 -58 -59 -60 -61 -62 -63 -64
leaf_value=-0.14132298255757067 0.73012468638049777 -0.42696492826372501 0.4323877188696173 0.06033614234624568 -0.075664105644630872 -0.25948506655925657 -0.22243707218451161 7.2215784265872545 0.36167892910897309 -0.34317103942644478 0.090117750054201265 1.0744517519074133 0.42324889167470076 0.23497617458119643 -0.28636403463444932 0.069833291528157024 0.92255462754472439 13.767933830903676 0.54045375071516522 0.10397107919092877 3.2787388277127314 0.91137485681495767 2.0656047656131653 0.29756296119046527 -0.42486510842684333 0.60514811163645066 0.0867212035052327 0.23525852665962221 2.1971490415477244 0.24007344647445061 3.0436681366232818 -0.38476178617082724 0.81745149286782282 -0.11615333778209408 -0.69972106326497963 1.9879955842743979 -0.4442856989192227 2.4399545523555801 0.92182655736209862 2.7015310135468731 1.2696181366770103 4.2260688842739871 -0.472446286689788 -0.24937208640328912 -0.16972016167691295 0.011319351080618994 0.13515920754886807 -0.46438699252176763 0.75143275454639857 0.0041086946815946665 0.073878563738417419 0.17126621881774273 0.38252575678654677 0.38244806600379955 -0.15819020844342757 0.70327208990206569 1.6040001821913716 1.0575775390394788 5.5629765663324768 0.8912189121772649 0.10762557529192587 -0.21945775200635734 0.066193518767347664
leaf_weight=10043 11161 70085 4862 5131 13778 55623 22224 195 32045 43224 2866 488 150 619 209 5169 414 229 319 456 569 707 9090 2781 14571 4128 19218 503 164 5857 11530 1357 1857 102 31665 333 45435 293 6439 119 995 232 11154 8547 33030 10743 115 26410 764 3256 331 668 2462 602 122 504 1188 1025 503 2715 16465 1235 11473
leaf_count=10043 11161 70085 4862 5131 13778 55623 22224 195 32045 43224 2866 488 150 619 209 5169 414 229 319 456 569 707 9090 2781 14571 4128 19218 503 164 5857 11530 1357 1857 102 31665 333 45435 293 6439 119 995 232 11154 8547 33030 10743 115 26410 764 3256 331 668 2462 602 122 504 1188 1025 503 2715 16465 1235 11473
internal_value=-0.000729976 -0.00118238 -0.000419439 0.00131116 0.000259096 -0.00202585 -0.000845959 -0.00144788 0.000650977 -0.00158002 -0.000923189 0.00322004 0.00103751 0.00865699 -0.00114904 0.0019924 0.012496 -0.00120812 -0.00160347 0.00347269 0.00913612 -0.00142032 0.00271746 0.000939401 0.000121261 0.0016114 0.00114203 0.010009 -0.000197964 5.34579e-05 0.00309131 0.00281382 0.00555759 0.018565 -0.00225394 0.0174638 -0.00193836 0.00237479 0.00189096 0.00474803 0.0107092 0.0032664 -0.00111068 -0.000260338 0.000199384 0.000493449 0.0158955 -0.0014789 -0.000671393 0.0020398 0.00396982 0.00708004 0.001737 0.00432502 0.0133616 -0.00245211 0.00782123 0.0099705 0.0129104 0.00360825 0.00125655 0.00161299 -0.000434567
internal_weight=570547 467032 245221 103515 147744 221811 61061 97477 79296 151726 76837 3972 86683 1102 72865 5792 623 56199 94567 24219 1528 67073 14221 85581 38594 46987 24023 1106 13942 15900 22691 3545 2188 331 74889 483 78667 33045 27449 5596 1114 4482 33232 20339 65075 11450 603 52654 26244 4020 4805 2024 27156 4252 354 12893 1790 1356 1072 2910 22904 1739 20020
internal_count=570547 467032 245221 103515 147744 221811 61061 97477 79296 151726 76837 3972 86683 1102 72865 5792 623 56199 94567 24219 1528 67073 14221 85581 38594 46987 24023 1106 13942 15900 22691 3545 2188 331 74889 483 78667 33045 27449 5596 1114 4482 33232 20339 65075 11450 603 52654 26244 4020 4805 2024 27156 4252 354 12893 1790 1356 1072 2910 22904 1739 20020
is_linear=0
shrinkage=0.05


Tree=24
num_leaves=64
num_cat=0
split_feature=5 41 25 43 33 28 7 9 7 5 9 24 35 19 22 14 22 8 43 11 35 0 21 19 2 41 2 43 14 22 8 13 0 3 33 8 28 32 42 31 19 13 17 32 14 8 31 40 13 22 1 33 13 23 11 3 40 30 11 35 30 42 21
split_gain=195.237 89.0158 57.0031 48.0919 46.4506 39.1595 38.5264 31.6592 29.1094 27.2542 24.0277 23.8176 23.1749 33.7936 23.1036 21.2685 20.7602 20.3181 19.5538 20.8036 19.9798 21.5329 18.9551 18.4068 18.1265 16.3292 16.2145 16.1312 16.0055 16.8915 15.8666 15.1443 14.6101 14.8259 14.367 19.3852 13.7614 13.6992 13.5807 14.1516 29.8423 15.8819 13.0549 13.3784 12.9709 14.4434 12.7584 19.2274 14.7462 12.8794 12.6908 12.6569 13.2696 12.5118 12.3942 19.3724 13.2082 12.1449 11.962 15.2786 15.0252 14.616 11.8232
threshold=77.925000000000011 4872.7500000000009 979.55000000000007 36.875000000000007 9.1500000000000004 16.920000000000005 31.646446078431378 78.050000000000011 33.976041666666674 214.25000000000003 139.07500000000002 0.8500000000000002 0.36648727148060622 -0.85260769842926909 21.500000000000004 10.500000000000002 37.500000000000007 -6.7000000000000011 -14.374999999999998 -0.78656609248549292 -0.5663846699108962 54.025000000000006 4937.5000000000009 0.92384435400961407 31.525000000000002 605.25000000000011 40.975000000000009 -30.624999999999996 1.5000000000000002 79.500000000000014 -192.34999999999997 3.5000000000000004 15.050000000000002 243.25000000000003 16.950000000000003 -57.92499999999999 1.8350000000000002 3.4287440201518402 -5.0999999999999979 -4.5500881232402355 -0.83385407025023295 1.5000000000000002 -11.20503885092698 -9.0379169848269445 11.500000000000002 30.800000000000011 1.5801636334920199 980.75000000000011 3.5000000000000004 89.500000000000014 87.02500000000002 15.65 3.5000000000000004 26.250000000000004 -0.25881904510252113 36.550000000000004 984.95000000000016 84.500000000000014 0.78656609248549325 -0.27563735581699894 231.50000000000003 -1.6999999999999997 1337.5000000000002
decision_type=10 2 2 2 2 2 8 8 8 10 10 2 2 2 2 2 2 10 2 2 2 2 2 2 8 2 10 2 2 2 8 2 2 8 2 10 2 2 2 2 2 2 2 2 2 10 2 2 2 2 8 2 2 2 2 10 2 2 2 2 2 2 2
left_child=1 2 5 9 22 7 46 16 -6 23 -5 15 -7 14 -14 18 25 -10 19 -8 21 54 53 38 -16 -1 62 -13 42 58 51 -31 -12 -34 35 -17 -28 -38 44 40 41 -40 43 -21 -2 -46 47 48 49 -4 -24 52 -11 -3 -20 -56 -57 -19 -30 -60 -61 -62 -18
right_child=3 4 6 10 8 12 11 -9 17 30 32 27 13 -15 24 34 26 57 20 28 -22 -23 50 -25 -26 -27 36 -29 29 31 -32 -33 33 -35 -36 -37 37 -39 39 -41 -42 -43 -44 -45 45 -47 -48 -49 -50 -51 -52 -53 -54 -55 55 56 -58 -59 59 60 61 -63 -64
leaf_value=17.515924360696062 0.63681297526286929 0.54815995600489975 0.193758366180658 0.20582611886611427 -0.44838994231963963 0.27783846404447965 -0.19012692184085864 -0.37698270444234405 -0.16130441532460812 5.9938866431013595 1.6654330242235156 0.16352344568649374 0.57727820330445423 0.46881471405181652 7.6007790218316131 4.9269868629168521 -0.14341165971198624 -0.45892208174344634 0.099469392900131279 1.4121901242811781 -0.20958128932252942 -0.011821410111132963 0.14831300446797427 -0.17885176286649057 12.752621091204141 0.57516175993237662 0.16466438446019882 1.4981038917018343 0.33841480752340947 0.68672737030174602 1.6783897907147161 -0.45408436650594508 -0.5500426993374129 0.61186463883911235 -0.094593479230501834 1.1847488729184406 0.11434241669401657 1.3312170288268292 2.925876050232969 0.11930870250945542 0.40264141625100652 1.7106256023152231 1.9624661674799175 4.4347771680184058 2.5192654670113233 7.1948473055244282 -0.4687368703508254 -0.25466736713966104 -0.18817987332539821 0.678739963103271 1.7531229806529174 0.99270165463407101 8.7837025833618014 -0.081958418606924863 0.33982817947454047 1.2542779093921408 -0.11916955878462412 -0.019612981847274825 0.085384970193892865 0.90266528944280877 11.965999263609376 -0.46285221451501357 0.41416625896922343
leaf_weight=127 16155 1830 993 19405 65436 1866 7530 70979 47796 525 21 350 176 615 237 2046 35281 61500 842 186 28621 4681 193 10582 197 213 8665 543 15710 1831 19342 4387 21502 3486 1785 2759 100 90 417 32409 9514 1130 855 229 971 292 10718 7572 1252 1062 203 423 363 29662 891 771 140 5510 2212 4641 108 52 567
leaf_count=127 16155 1830 993 19405 65436 1866 7530 70979 47796 525 21 350 176 615 237 2046 35281 61500 842 186 28621 4681 193 10582 197 213 8665 543 15710 1831 19342 4387 21502 3486 1785 2759 100 90 417 32409 9514 1130 855 229 971 292 10718 7572 1252 1062 203 423 363 29662 891 771 140 5510 2212 4641 108 52 567
internal_value=-0.000722439 -0.00124122 -0.000541059 0.000926597 -0.00197356 -0.00128546 0.000321746 -0.00143344 -0.00228476 0.00157816 -0.000424867 0.000821115 0.00426884 0.00961224 0.0179508 0.000730781 -0.000396622 -0.00180505 0.000487398 0.00128229 -0.000347189 0.00198293 -0.000214502 0.00111585 0.0241475 0.0119118 -0.000490237 0.00894177 0.00186836 0.00162727 0.00317799 -0.000681892 -0.00144928 -0.00148431 0.0034522 0.00487513 0.00142575 0.0147368 0.00145037 0.000977685 0.00252192 0.00896251 0.0073622 0.0146386 0.00263004 0.0075099 -0.00155508 -0.000348838 0.00283187 0.00543796 0.0106566 0.00850114 0.0118919 -0.000351201 0.00559001 0.00793008 0.0130571 -0.00236681 0.00225916 0.00397619 0.0055603 0.020625 -0.000963514
internal_weight=570547 434010 221880 136537 212130 119113 102767 116022 180242 92123 44414 81170 3091 1225 610 80277 45043 114806 73687 37741 35946 7325 31888 71470 434 340 44703 893 30211 28941 20653 6218 25009 24988 6590 4805 8855 190 60888 43470 11061 1547 1270 415 17418 1263 21597 10879 3307 2055 396 1311 888 31492 2644 1802 911 67010 22723 7013 4801 160 35848
internal_count=570547 434010 221880 136537 212130 119113 102767 116022 180242 92123 44414 81170 3091 1225 610 80277 45043 114806 73687 37741 35946 7325 31888 71470 434 340 44703 893 30211 28941 20653 6218 25009 24988 6590 4805 8855 190 60888 43470 11061 1547 1270 415 17418 1263 21597 10879 3307 2055 396 1311 888 31492 2644 1802 911 67010 22723 7013 4801 160 35848
is_linear=0
shrinkage=0.05


Tree=25
num_leaves=64
num_cat=0
split_feature=5 36 43 44 8 37 5 6 26 33 31 23 22 8 18 8 24 8 17 31 12 43 29 25 16 40 16 14 25 21 11 28 13 40 13 35 4 27 5 22 40 28 34 3 27 20 28 2 5 0 5 18 37 42 27 13 1 0 10 28 28 20 36
split_gain=181.757 91.4028 47.373 43.4847 37.5312 28.7877 25.6937 24.9605 23.7002 22.7826 21.8122 22.3857 20.4812 19.9764 19.3831 18.6922 16.677 15.9767 15.3659 20.4629 15.0453 28.3121 16.8974 14.0547 13.9682 13.8722 12.9317 12.7661 12.593 12.5847 12.3981 12.7836 13.2879 12.341 12.1766 12.4784 12.3611 11.8855 11.8579 11.8755 11.7513 11.6585 11.4472 13.0155 12.1053 13.9353 11.407 11.1747 11.117 12.1663 11.0887 10.9993 10.6769 10.5555 10.2604 10.1657 10.164 10.1315 9.8345 9.7663 19.5837 9.76236 9.55299
threshold=48.025000000000006 52.500000000000007 142.50000000000003 307.00000000000011 -33.649999999999984 66.500000000000014 29.450000000000003 137.39166666666668 2302.0000000000005 13.15 13.73653077281344 30.250000000000004 15.500000000000002 -9.1999999999999957 15.350000000000003 -269.94999999999993 1.7500000000000002 -16.494999999999994 14.306024631724204 -14.250125001536899 0.1294095225512602 -217.49999999999997 776.56846906725855 981.1500000000002 7.5288869240431202 988.55000000000007 22.171905748210502 2.5000000000000004 973.55000000000007 47.500000000000007 1.0000000180025095e-35 4.9850000000000012 1.5000000000000002 977.05000000000007 3.5000000000000004 0.87032255546191739 52.550000000000004 11.050000000000002 187.25000000000003 33.500000000000007 974.05000000000007 6.3500000000000005 -0.19936034309715209 29.450000000000003 50.050000000000004 -0.97988739209073461 80.350000000000009 67.02500000000002 481.75000000000006 401.75000000000006 209.25000000000003 26.150000000000002 16.500000000000004 -0.20000000000000059 51.050000000000004 2.5000000000000004 55.525000000000006 19.025000000000002 97.325000000000017 2.0450000000000004 1.9850000000000001 -0.89490028524376719 161.25000000000003
decision_type=8 2 2 2 8 2 10 8 2 2 2 2 2 10 2 8 2 8 2 2 2 2 2 2 2 2 2 2 2 2 2 2 2 2 2 2 8 8 10 2 2 2 2 8 8 2 2 8 10 2 8 2 2 2 10 2 8 2 10 2 2 2 2
left_child=3 7 4 6 14 10 17 26 15 -4 11 20 -13 27 16 -9 23 47 24 33 22 -22 28 -3 -14 -10 38 -5 40 -25 -8 37 -33 -20 52 36 42 -32 39 -2 -6 -18 -36 -44 45 -45 -26 -1 -31 58 -17 -27 -23 -12 -11 -24 -30 -40 -50 60 -58 -29 -7
right_child=1 2 9 13 5 62 30 8 25 54 53 12 18 -15 -16 50 41 -19 19 -21 21 34 55 29 46 51 -28 61 56 48 31 32 -34 -35 35 -37 -38 -39 57 -41 -42 -43 43 44 -46 -47 -48 -49 49 -51 -52 -53 -54 -55 -56 -57 59 -59 -60 -61 -62 -63 -64
leaf_value=-0.041926689500157918 0.99075931000762396 0.095035894924153277 -0.040115542090462114 0.75995782440555326 0.57939342404771121 -0.12392120668684192 -0.13234087930588126 8.3445174541937117 2.4398312474147135 -0.30343456135615487 0.080154246426829945 0.49333535132115469 -0.28595107048300211 -0.45079879299979048 0.10240698831027902 0.74103723917204767 0.56552239134131277 -0.29634998636647664 0.96637166134375718 -0.16576910176031892 0.7713092252408954 1.8890663562760808 13.894919531911203 0.058530294323398874 0.13537301912318506 3.3205494833820071 1.8184611410634828 0.12816133900917479 -0.048847596089343338 1.3631731567319105 0.4494705410317803 -0.34949691939069866 0.75295772595136734 0.17670362246624693 -0.10174677880637345 -0.47876088574048981 0.11930082981920052 -0.035712707467470912 9.2243569323420171 0.032698882243225362 5.1917275820368189 1.8081168487765666 0.051092652650585761 1.007094605508533 0.55884689823529976 1.1479568829240874 6.6309461351736791 1.180140624408448 8.6553819415848974 -1.0341487590517968 2.3641624275451019 11.965638710640498 -0.33620341890680283 -0.47868407171175087 -0.81952169893988447 -1.4800275371746092 0.94970575626056497 1.7509329877898083 12.306977749562126 -0.17171650516077358 1.9069463852487083 -0.24607034093418517 -0.34851285114768005
leaf_weight=6708 3851 5162 22272 412 82 28333 34781 338 633 22573 7846 2723 21254 87836 18862 8871 58 68376 209 456 1282 260 63 1868 6112 406 1972 2986 3982 7482 1343 1076 2656 147 826 2279 5478 23240 24 24259 70 84 640 108 766 736 123 941 173 106 12186 97 11298 14173 16617 25 19504 2161 55 2714 180 32546 25867
leaf_count=6708 3851 5162 22272 412 82 28333 34781 338 633 22573 7846 2723 21254 87836 18862 8871 58 68376 209 456 1282 260 63 1868 6112 406 1972 2986 3982 7482 1343 1076 2656 147 826 2279 5478 23240 24 24259 70 84 640 108 766 736 123 941 173 106 12186 97 11298 14173 16617 25 19504 2161 55 2714 180 32546 25867
internal_value=-0.00071797 0.000107005 -0.00029421 -0.00168335 9.36316e-05 -0.000230933 -0.0010768 0.00195828 0.00323532 -0.0015019 0.000258573 0.000636582 -0.000419676 -0.00236508 0.00160413 0.00286165 0.00294636 -0.00169582 -0.00081817 0.00596059 0.00128815 0.000371097 0.00210368 0.00278324 -0.00101841 0.0102729 0.00106657 -0.00137214 0.00203113 0.00390644 -0.000330925 0.000445876 0.00317256 0.0149438 -4.26523e-05 0.00116173 0.00203764 3.19314e-05 0.000811189 0.000535395 0.0163816 0.02 0.00457412 0.00642222 0.00881987 0.0129502 0.00106255 0.000471302 0.00478761 0.0137126 0.00267441 0.0164712 -0.00117148 -0.00113743 -0.00222761 0.0239773 0.00194844 0.00435927 0.0202193 0.00236226 0.00274995 -0.0014736 -0.00116421
internal_weight=570547 307646 252848 262901 191386 157536 139121 54798 22531 61462 103336 81317 31024 123780 33850 21395 14988 76025 28301 812 50293 23673 26620 14846 27489 1136 32267 35944 26532 9684 63096 28315 3732 356 22391 10833 8554 24583 30295 28110 152 142 3076 2250 1610 844 6235 7649 7816 334 21057 503 11558 22019 39190 88 26380 2185 228 22398 19684 35532 54200
internal_count=570547 307646 252848 262901 191386 157536 139121 54798 22531 61462 103336 81317 31024 123780 33850 21395 14988 76025 28301 812 50293 23673 26620 14846 27489 1136 32267 35944 26532 9684 63096 28315 3732 356 22391 10833 8554 24583 30295 28110 152 142 3076 2250 1610 844 6235 7649 7816 334 21057 503 11558 22019 39190 88 26380 2185 228 22398 19684 35532 54200
is_linear=0
shrinkage=0.05


Tree=26
num_leaves=64
num_cat=0
split_feature=5 41 33 23 33 8 8 22 37 8 25 9 3 27 23 16 35 17 31 33 42 28 21 17 16 43 14 41 13 41 34 8 37 25 20 38 0 11 0 16 22 25 5 43 38 37 25 25 33 38 23 6 19 13 28 8 12 27 11 35 31 25 3
split_gain=166.767 108.407 38.2297 36.271 29.3388 28.4577 27.248 22.7974 19.8215 19.3307 19.3142 16.4764 23.8668 15.2348 14.2476 14.2467 14.6619 17.0636 14.1236 15.763 15.6191 13.7483 13.5814 13.5054 27.9318 19.6063 16.4637 16.381 13.3607 31.4093 24.5449 37.8934 19.3896 14.5695 16.1295 13.4113 15.4457 13.136 13.9821 13.0888 13.0439 12.9779 12.9624 12.8143 14.1385 12.305 12.0007 11.9855 11.3899 11.3444 11.0294 10.9556 11.052 11.2455 10.8188 10.5797 10.5301 12.3097 10.0256 11.1129 14.1838 17.5006 10.6975
threshold=38.050000000000004 2705.0000000000005 10.250000000000002 26.550000000000004 10.65 -23.699999999999989 -60.449999999999996 52.500000000000007 52.500000000000007 -17.494999999999994 984.6500000000002 29.550000000000004 30.425000000000004 27.550000000000004 32.95000000000001 13.753743109339535 0.38266886095259278 5.5400376463975975 -5.71708267572303 5.8500000000000005 -10.249999999999996 1.155 4937.5000000000009 4.8000684419659168 3.2687315981247376 -30.624999999999996 7.5000000000000009 5411.7500000000009 4.5000000000000009 10023.250000000002 0.53727914962411616 9.0000000000000071 58.500000000000007 976.75000000000011 -0.43837114678907757 41.250000000000007 37.95000000000001 -0.37940952255126065 28.950000000000003 -2.2526562965793251 28.500000000000004 975.35000000000002 675.25000000000011 26.250000000000004 10.750000000000002 61.500000000000007 986.55000000000007 989.25000000000011 6.4500000000000011 21.150000000000002 26.350000000000005 39.433333333333358 0.7489272028500833 2.5000000000000004 2.7650000000000001 -60.449999999999996 -0.3794095225512602 148.25000000000003 0.60355339059327384 0.19080899537654503 10.233855101123543 972.95000000000016 32.95000000000001
decision_type=8 2 2 2 2 10 8 2 2 8 2 8 10 10 2 2 2 2 2 2 2 2 2 2 2 2 2 2 2 2 2 10 2 2 2 2 2 2 2 2 2 2 10 2 2 2 2 2 2 2 2 8 2 2 2 8 2 8 2 2 2 2 8
left_child=4 3 10 6 11 13 40 28 15 -6 22 12 -1 -4 -15 -5 -17 -18 56 47 49 42 37 45 -25 26 27 -26 35 30 -30 32 33 34 -32 -7 54 -3 -39 41 -2 -14 -22 44 -11 -13 -44 -20 -42 -21 51 -46 -53 -54 -37 -12 57 -8 -10 -60 -61 62 -62
right_child=1 2 5 8 9 7 18 -9 58 43 55 23 39 14 -16 16 17 -19 19 20 21 -23 -24 24 25 -27 -28 -29 29 -31 31 -33 -34 -35 -36 36 -38 38 -40 -41 48 -43 46 -45 50 -47 -48 -49 -50 -51 -52 52 53 -55 -56 -57 -58 -59 59 60 61 -63 -64
leaf_value=-0.066812441523633567 3.0665907063223496 -0.29842316873536684 0.13603297266237677 0.065038479601905438 -0.075601943434538479 -0.3273022862245622 1.6893224116436689 -0.4160055651661651 -0.2660423931184544 6.3442201807265111 3.4915855660651682 -0.089986745307212151 0.084334124031119687 -0.30194824306393819 0.18554407045003124 0.27814008382710564 2.0203706252338649 13.10605375410597 0.38598754962645376 1.519324265909801 0.17190112085312562 -0.30557544771469708 1.1358843864910457 -0.15368382608867748 1.247706425221919 -0.26381252288671053 -0.37008093186231905 -0.15585558152035422 -0.0083248500447630335 -0.28759039354979804 1.0239613592144663 -0.042586760537287341 0.18454514589389559 0.82688424628258628 0.44092359911593421 0.64364041823378648 0.061448554871428855 0.38953486561140949 -0.014387816216304805 0.17268720944788482 3.6595770010133197 0.97396535565819387 22.0842970892623 -0.46462014587470329 -0.26736142265732443 -0.39113817389992483 3.9651696040215101 2.0858732700486744 1.072951471145358 -0.29525583722920201 -0.3516316372578252 -0.038831053445132602 1.1892798117902825 -0.36348751349553998 -0.17957499353782494 0.49086237100561103 0.51535982657563495 0.86782850703729197 -0.10187661129850303 0.23835309206585828 0.86576083088057543 0.1497595081795052 1.340219544815616
leaf_weight=3598 353 11321 22686 17526 15025 40436 337 52204 23504 29 984 17323 292 21302 5574 2828 1600 186 7768 3916 41775 11756 296 15663 1980 1169 415 400 3815 10051 323 1493 516 984 121 217 1256 2565 12636 636 2275 665 87 60249 10359 29877 125 4313 11051 1254 42409 3182 731 355 88 13501 23591 541 6457 2204 82 181 111
leaf_count=3598 353 11321 22686 17526 15025 40436 337 52204 23504 29 984 17323 292 21302 5574 2828 1600 186 7768 3916 41775 11756 296 15663 1980 1169 415 400 3815 10051 323 1493 516 984 121 217 1256 2565 12636 636 2275 665 87 60249 10359 29877 125 4313 11051 1254 42409 3182 731 355 88 13501 23591 541 6457 2204 82 181 111
internal_value=-0.000706315 -6.77256e-05 -0.000841756 0.000888438 -0.00185061 -0.00118976 0.00141504 -0.00163286 -0.000162678 -0.00229256 0.000515337 -0.00103849 0.00167501 -0.000192891 -0.00099829 0.000991417 0.00346337 0.00701008 0.00111598 0.000758936 0.000421553 0.000169044 -0.000279291 -0.00124927 -0.000146993 0.00360242 0.00587656 0.00747899 -0.000962059 0.000207188 0.00271511 0.00577975 0.0103807 0.0133824 0.0209009 -0.00144379 0.00310378 -0.000398161 0.000562133 0.00677024 0.00350208 0.010465 0.000592206 -0.00250882 -0.00197188 -0.00170763 0.0129245 0.00240419 0.00325079 0.00304642 -0.00198962 -0.000805703 0.00132615 0.0056814 0.0131967 0.00198654 0.00215191 0.00752847 -0.000947941 0.000467625 0.00324282 0.012246 0.0227202
internal_weight=570547 366190 202369 163821 204357 161066 109142 111504 54679 132339 41303 72018 5191 49562 26876 22140 4614 1786 95463 70994 58913 53743 26818 66827 19627 3964 2795 2380 59300 17303 7252 3437 1944 1428 444 41997 1561 26522 15201 1593 13679 957 41987 117314 57065 47200 212 12081 13326 5170 57036 14627 4268 1086 305 14485 24469 878 32539 9035 2578 374 193
internal_count=570547 366190 202369 163821 204357 161066 109142 111504 54679 132339 41303 72018 5191 49562 26876 22140 4614 1786 95463 70994 58913 53743 26818 66827 19627 3964 2795 2380 59300 17303 7252 3437 1944 1428 444 41997 1561 26522 15201 1593 13679 957 41987 117314 57065 47200 212 12081 13326 5170 57036 14627 4268 1086 305 14485 24469 878 32539 9035 2578 374 193
is_linear=0
shrinkage=0.05


Tree=27
num_leaves=64
num_cat=0
split_feature=7 41 5 36 8 11 38 33 33 22 43 37 14 13 35 22 25 22 26 16 20 16 36 28 25 0 35 40 3 37 0 22 27 9 10 28 41 38 0 27 31 40 28 31 17 23 3 14 37 25 0 5 0 20 34 14 14 9 19 14 33 9 16
split_gain=155.701 93.3691 53.0964 41.8237 35.9081 35.1512 25.071 22.7172 22.1775 21.9676 20.3538 26.628 17.3985 17.0619 17.0021 16.4517 16.3526 21.1352 17.5491 15.8676 18.5359 15.742 15.4927 15.3151 15.2159 14.6317 15.466 30.4895 16.1807 14.5511 14.5405 14.6475 14.4089 13.7601 13.6429 13.5598 13.4194 12.8678 12.855 15.7153 12.8237 12.8188 12.4681 12.0536 11.9777 11.9174 11.8875 11.8564 13.2601 11.7969 13.2959 22.9352 12.4717 11.7809 11.6587 11.5894 21.6186 15.2907 11.5346 18.8443 11.4566 11.4186 10.942
threshold=103.22708333333335 4442.7500000000009 32.525000000000006 42.500000000000007 -6.7000000000000011 0.78656609248549325 31.450000000000003 8.9500000000000011 12.850000000000003 59.500000000000007 -6.2499999999999991 47.500000000000007 10.500000000000002 3.5000000000000004 -0.73724926354828213 90.500000000000014 987.55000000000007 24.500000000000004 5809.5000000000009 10.232120908869328 0.31729257441605191 22.920650590535264 447.50000000000006 4.6650000000000009 986.6500000000002 7.3150000000000004 0.90255091666790865 975.45000000000016 83.02500000000002 61.500000000000007 80.325000000000017 28.500000000000004 24.350000000000005 132.25000000000003 46.425000000000004 5.4750000000000014 10711.000000000002 36.250000000000007 19.950000000000003 108.12500000000001 -7.2002282879173878 976.1500000000002 19.235000000000003 -1.7916595478910848 -8.3862578494071318 41.45000000000001 70.325000000000017 4.5000000000000009 32.500000000000007 982.55000000000007 202.25000000000003 219.25000000000003 47.550000000000004 0.56638466991089664 0.34202014332566882 7.5000000000000009 8.5000000000000018 106.17500000000001 -0.95368063612909426 4.5000000000000009 18.250000000000004 42.550000000000004 1.5726560408487427
decision_type=10 2 8 2 10 2 2 2 2 2 2 2 2 2 2 2 2 2 2 2 2 2 2 2 2 2 2 2 10 2 2 2 10 10 10 2 2 2 2 8 2 2 2 2 2 2 10 2 2 2 2 10 2 2 2 2 2 8 2 2 2 8 2
left_child=1 2 13 21 6 9 -3 24 42 12 11 16 30 15 -12 23 17 -7 19 46 -21 29 54 -1 -5 -8 36 28 45 -2 31 -4 -11 -14 -23 -13 -27 -10 39 -9 41 -33 -6 -24 -36 -28 -19 -25 -49 -40 51 -51 -53 -35 -17 -56 57 -57 59 -44 -52 -16 -26
right_child=3 4 5 7 8 10 25 38 37 32 14 35 33 -15 61 22 -18 18 -20 20 -22 34 43 47 62 26 27 -29 -30 -31 -32 40 -34 53 44 -37 -38 -39 49 -41 -42 -43 58 -45 -46 -47 -48 48 -50 50 60 52 -54 -55 55 56 -58 -59 -60 -61 -62 -63 -64
leaf_value=-0.27911344411885414 0.19381522014650074 -0.25706743760012574 0.56097587238812652 0.041898105374065159 -0.24193278579432465 -0.010150574689931347 0.59413532378368561 -0.034371690602597593 -0.47857639291017051 0.00092883518981410988 0.52764820044036498 0.18548177100680086 1.0374167393545242 -0.33896439882299967 0.51550006907146873 -0.31261296091490159 -0.61925203226860892 0.79907079222552901 -0.044158032203476132 2.6051918609236906 4.0835666003865461 1.4762636359530235 1.5169685715916783 -0.020342961349291575 0.59230595259702989 0.091768098763805983 0.45695280124509241 -0.081512859766482815 1.4806032019995996 1.9466529869463234 -0.27307129914850004 -0.29226450311244184 -0.28134248737643514 3.0149263802567177 7.7774991442841843 0.71428873937465609 -0.19088736254017072 -0.21597487589108938 -0.33614317404305022 8.3265586191290186 -0.06625549961424021 0.38914128633515072 0.22806648092004719 -0.01343516013042456 0.56505219696653564 0.72886082513326922 2.2276737237405011 8.0729629650382346 1.1184911421570944 0.12458115331597108 0.39191998988782867 3.7134011496909896 1.4550586030373436 8.0252797362412078 -0.11803294268111303 0.66970809652880758 -0.11350444588821838 -0.17874301902121847 0.055294108814768761 5.1554306597760942 -1.4181502946659161 -0.26575761636021761 2.6717345654026743
leaf_weight=29611 5633 53579 7516 5753 43946 939 986 189 80109 23138 4090 19190 624 33613 736 3279 580 1111 520 663 916 273 70 1484 4170 12463 822 2026 178 17992 14560 1649 38375 196 232 2010 24351 12453 13667 164 19689 5493 342 50 89 90 312 299 539 29577 8222 93 4303 143 3013 2084 1716 579 2170 145 7312 14585 5846
leaf_count=29611 5633 53579 7516 5753 43946 939 986 189 80109 23138 4090 19190 624 33613 736 3279 580 1111 520 663 916 273 70 1484 4170 12463 822 2026 178 17992 14560 1649 38375 196 232 2010 24351 12453 13667 164 19689 5493 342 50 89 90 312 299 539 29577 8222 93 4303 143 3013 2084 1716 579 2170 145 7312 14585 5846
internal_value=-0.00070316 -0.00109202 -0.000384623 0.0010513 -0.00179855 0.000141209 -0.00104635 0.000495862 -0.00230931 -0.00033771 0.00130969 0.00221771 0.000442148 -0.00146633 8.21687e-05 -0.000803297 0.00548403 0.00651087 0.0082879 0.00975683 0.0132077 0.00286985 0.000884532 -0.00137366 0.00219449 -0.000114382 -0.000262961 0.00311938 0.00986238 0.00266772 0.000311099 0.000872419 -0.000969959 0.00709761 0.0109091 0.00144104 -0.000549249 -0.00275718 7.42192e-05 0.00958923 0.000325928 0.00214086 -0.00141976 0.01875 0.0178972 0.00717105 0.00592762 0.00253661 0.00729117 2.10518e-05 0.000380046 0.000934123 0.00430391 0.0152065 0.000683627 0.00178436 0.00342658 0.00624671 0.00190628 0.00886037 -0.000831725 -0.000682398 0.0033716
internal_weight=570547 467032 233372 103515 233660 157035 94495 79296 139165 111383 45652 26241 49870 76337 19411 42724 5041 4461 3522 3002 1579 24219 10791 31933 15769 40916 39930 3116 1090 23625 48907 34347 61513 963 594 21200 36814 92562 63527 353 26831 7142 46603 120 321 912 1423 2322 838 63174 49507 33973 4396 339 10671 7392 4379 2663 2657 487 15534 15321 10016
internal_count=570547 467032 233372 103515 233660 157035 94495 79296 139165 111383 45652 26241 49870 76337 19411 42724 5041 4461 3522 3002 1579 24219 10791 31933 15769 40916 39930 3116 1090 23625 48907 34347 61513 963 594 21200 36814 92562 63527 353 26831 7142 46603 120 321 912 1423 2322 838 63174 49507 33973 4396 339 10671 7392 4379 2663 2657 487 15534 15321 10016
is_linear=0
shrinkage=0.05


Tree=28
num_leaves=64
num_cat=0
split_feature=7 41 14 9 25 8 14 0 8 3 0 31 41 20 36 23 21 0 7 9 38 31 43 16 37 5 22 14 22 12 14 24 14 13 13 11 22 22 21 11 0 11 13 9 35 32 16 16 5 4 20 5 0 23 16 14 34 40 2 42 25 13 32
split_gain=144.953 93.2717 41.627 41.6735 40.01 37.23 28.6634 26.8682 25.5316 24.2456 21.5645 29.0634 20.9023 20.5812 19.8661 19.1214 35.1565 18.4077 18.3622 17.8089 18.7692 17.6397 17.1969 16.2636 23.7631 16.1866 15.7221 16.2778 15.9726 15.489 15.2888 17.9468 17.0013 16.6788 17.939 15.1383 14.9262 14.9189 14.5005 14.9174 14.436 14.0376 13.8055 13.6438 13.0944 12.912 12.6674 12.1314 12.0083 18.2905 12.0027 11.934 11.7301 14.041 11.6975 11.7787 11.5845 15.8469 12.1541 13.0557 11.5651 16.9049 16.8163
threshold=44.680492424242431 3265.0000000000005 6.5000000000000009 33.350000000000001 980.25000000000011 -27.984999999999992 9.5000000000000018 14.050000000000002 -60.449999999999996 26.975000000000005 47.050000000000004 3.8228451976936344 8736.7500000000018 -0.39873388578253688 17.500000000000004 39.150000000000013 1712.5000000000002 38.025000000000006 31.141287878787882 60.850000000000001 15.050000000000002 -14.081924413351098 -847.49999999999989 -5.142300877492314 52.500000000000007 114.25000000000001 13.500000000000002 1.5000000000000002 34.500000000000007 -0.5 3.5000000000000004 0.35000000000000003 1.5000000000000002 1.5000000000000002 5.5000000000000009 0.60355339059327384 45.500000000000007 55.500000000000007 101.87500000000001 -0.37940952255126065 49.525000000000006 0.60355339059327384 4.5000000000000009 81.550000000000011 0.79332313182700764 -2.1852513705326628 22.171905748210502 -8.4516177143205375 29.050000000000004 16.550000000000004 -0.97988739209073461 40.550000000000004 8.0350000000000019 18.350000000000005 5.6310763067505496 7.5000000000000009 0.37460659341591218 986.45000000000016 144.75000000000003 -1.0000000000000002 975.95000000000016 3.5000000000000004 -5.2827549630850736
decision_type=8 2 2 8 2 8 2 2 8 10 2 2 2 2 2 2 2 2 10 8 2 2 2 2 2 10 2 2 2 2 2 2 2 2 2 2 2 2 2 2 2 2 2 8 2 2 2 2 10 10 2 8 2 2 2 2 2 2 10 2 2 2 2
left_child=2 4 14 9 17 7 10 43 52 -4 11 15 13 22 36 25 -17 -2 -16 20 -9 -11 -5 24 -15 -7 42 28 -28 -21 32 38 51 56 46 -33 -1 41 -32 -40 -8 -36 -12 -3 -14 -41 -35 -46 -24 -50 -20 -10 53 -6 -51 -56 -34 -58 59 -59 62 -62 -23
right_child=1 5 3 12 8 6 40 19 30 21 26 -13 44 23 18 16 -18 -19 50 29 -22 60 48 -25 -26 -27 27 -29 -30 -31 31 35 33 34 37 -37 -38 -39 39 45 -42 -43 -44 -45 47 -47 -48 -49 49 54 -52 -53 -54 -55 55 -57 57 58 -60 -61 61 -63 -64
leaf_value=5.7347533958881032 0.27178872770015616 0.96419731846063694 -0.13048301262368306 0.60384291441083215 7.6188631846940282 0.024371615344514021 1.9240197903389189 1.706854184873295 3.4882840259784773 -0.17055674825355951 -0.1155951559007475 -0.27066585185260633 -0.50596520498836006 0.4619016328682557 -0.23958243891312558 0.99208189492596566 0.22941281206454378 -0.20657891589131447 0.40121753428132556 0.3799516760689603 0.45624609041010439 0.68378900272473442 -0.25727626589054092 -0.54317538858940717 -0.26609871597993856 0.76320897474233429 2.3317247294346601 -0.47165329870052314 0.037994519366540885 -0.17158233615847074 0.4305343565329553 0.15759698109692827 0.081807820567579279 -0.53381897075714102 0.39953547953663709 1.5599151915309721 -0.25941329093067128 -0.080987174268227907 0.091559932522696466 1.5675085873344412 0.25441408682676858 1.5796372461188692 0.56701346656459084 2.571595559519972 0.69498781589236869 0.6672079428285338 1.7234089202631679 0.083441698480634111 0.36041118983353215 -0.20419065356511779 -0.038824943025755405 1.014999139902204 1.2938440167673475 7.4664107240805677 0.73143833003996084 -0.14987660695663718 0.027268568426835976 0.40199005770056734 3.222653766859918 1.5952935176615606 0.75286198316068631 0.018507699418145215 0.024033930192898723
leaf_weight=654 6538 554 14328 232 39 17208 747 72 107 1606 4397 20377 39880 386 28124 295 1315 35050 1605 10332 2465 281 25675 35231 26926 492 203 76600 4953 14165 34254 265 9051 17685 1677 313 457 4007 5123 5322 13840 685 1182 300 74 8446 622 1177 2673 10748 45800 10113 14848 65 761 785 2064 1418 234 749 1695 857 2420
leaf_count=654 6538 554 14328 232 39 17208 747 72 107 1606 4397 20377 39880 386 28124 295 1315 35050 1605 10332 2465 281 25675 35231 26926 492 203 76600 4953 14165 34254 265 9051 17685 1677 313 457 4007 5123 5322 13840 685 1182 300 74 8446 622 1177 2673 10748 45800 10113 14848 65 761 785 2064 1418 234 749 1695 857 2420
internal_value=-0.000692556 -7.64962e-06 -0.00161991 -0.0020655 0.000863556 -0.000823231 -0.00115208 0.000846599 0.00133674 5.42666e-06 -0.00139315 -0.000426715 -0.00236904 -0.00198986 -0.000656316 0.00096323 0.00618012 -0.000468646 -0.00075395 0.000570762 0.00455853 0.00245006 -0.00111734 -0.00256008 -0.00164433 0.000488699 -0.00183231 -0.00200756 0.000711791 0.000157773 0.00105424 0.00163496 0.000409815 -7.4886e-05 -0.000848194 0.0103979 0.0059811 0.00143743 0.00153965 0.00265179 0.000947075 0.00458933 0.000735794 0.00957845 -0.00332243 0.00350886 -0.00164336 0.00171463 -0.00119482 -6.91533e-05 -0.000153466 0.00222113 0.00326645 0.02 -0.000884172 0.00318241 0.00133693 0.00342105 0.00618284 0.00501384 0.00385208 0.00626567 0.00157164
internal_weight=570547 328172 242375 165735 158675 169497 141609 27888 117087 21187 127022 39687 144548 103417 76640 19310 1610 41588 75529 27034 2537 6859 40874 62543 27312 17700 87335 81756 5156 24497 102135 53723 48412 38192 24676 578 1111 6369 53145 18891 14587 2362 5579 854 41131 13768 18307 1251 40642 14967 47405 10220 14952 104 12294 1546 13516 4465 2401 2167 5253 2552 2701
internal_count=570547 328172 242375 165735 158675 169497 141609 27888 117087 21187 127022 39687 144548 103417 76640 19310 1610 41588 75529 27034 2537 6859 40874 62543 27312 17700 87335 81756 5156 24497 102135 53723 48412 38192 24676 578 1111 6369 53145 18891 14587 2362 5579 854 41131 13768 18307 1251 40642 14967 47405 10220 14952 104 12294 1546 13516 4465 2401 2167 5253 2552 2701
is_linear=0
shrinkage=0.05


Tree=29
num_leaves=64
num_cat=0
split_feature=5 41 25 33 8 1 8 8 44 22 0 32 33 9 9 31 13 41 20 40 43 1 31 32 5 23 2 0 38 21 3 37 28 21 11 23 32 44 11 25 2 31 11 8 30 19 8 40 22 27 22 42 5 33 21 38 31 22 12 20 1 38 19
split_gain=134.765 82.9362 35.8415 33.3281 27.7541 25.4443 24.1946 19.733 19.0432 18.9186 17.763 17.8489 16.9817 17.704 15.1462 23.4307 22.9401 22.8929 16.8492 17.2726 14.9945 21.7691 19.9089 14.3284 14.5886 13.7776 13.6684 13.4616 25.8885 25.7933 13.1914 12.9484 12.4936 14.8531 21.0717 12.4481 12.2357 12.0248 13.7274 12.0137 12.1436 11.3292 11.3048 11.123 10.9839 10.9281 10.7 10.6206 10.3973 10.2349 10.1619 9.65626 9.61746 9.53312 11.7737 18.1481 13.4871 10.7608 9.47556 9.47468 10.142 10.3001 9.98161
threshold=38.050000000000004 3638.7500000000005 978.35000000000002 13.750000000000002 -6.2000000000000002 86.02500000000002 -60.449999999999996 -23.699999999999989 282.00000000000011 50.500000000000007 22.050000000000004 -4.961829725115372 16.950000000000003 28.150000000000002 171.25000000000003 -10.004637376150985 4.5000000000000009 10023.250000000002 -0.50751903745502724 976.75000000000011 5.6250000000000009 61.025000000000006 -3.4710530923073124 14.415310810901209 675.25000000000011 23.650000000000002 62.050000000000004 49.525000000000006 38.550000000000004 1542.5000000000002 23.650000000000006 57.500000000000007 5.0850000000000009 101.87500000000001 0.37940952255126054 18.650000000000002 -11.744807189376964 -1481.2499999999998 -0.9159756150367534 975.35000000000002 28.025000000000002 1.7677382039604905 1.0000000180025095e-35 4.8000000000000034 1.5000000000000002 -0.64278760968653936 -0.19999999999999749 972.85000000000002 17.500000000000004 29.550000000000004 8.5000000000000018 9.1500000000000004 214.25000000000003 9.1500000000000004 917.50000000000011 31.850000000000005 -4.8450547035687697 18.500000000000004 -0.3794095225512602 -0.46947156278589081 55.025000000000006 11.950000000000001 -0.19936034309715209
decision_type=8 2 2 2 10 8 8 8 2 2 2 2 2 8 10 2 2 2 2 2 2 8 2 2 10 2 10 2 2 2 10 2 2 2 2 2 2 2 2 2 10 2 2 8 2 2 10 2 2 10 2 2 8 2 2 2 2 2 2 2 10 2 2
left_child=4 2 10 5 12 27 -4 48 59 14 11 47 13 30 15 16 25 18 19 -18 21 51 43 24 -24 45 -15 28 42 41 -1 -25 -12 -34 44 -14 -31 38 -23 -32 -41 -30 -3 58 -35 -9 -7 -2 -5 -50 -19 -8 -39 54 55 -44 -57 -55 -22 62 -61 -62 -6
right_child=1 3 6 7 8 46 20 9 -10 -11 32 -13 35 26 -16 -17 17 50 -20 -21 22 37 23 31 -26 -27 -28 -29 29 36 39 -33 33 34 -36 -37 -38 52 -40 40 -42 -43 53 -45 -46 -47 -48 -49 49 -51 -52 -53 -54 57 -56 56 -58 -59 -60 60 61 -63 -64
leaf_value=-0.019301024318988169 0.851693588891548 -0.19919559465745021 1.1191658897248886 0.61880593438830545 0.11215860808644147 0.71770403318748022 -0.0055407224183348699 3.1188294585525878 -0.42199680745875567 -0.42431046062592537 -0.23942457837421169 0.12817139898104288 1.2731895551013446 -0.13748400726692811 -0.44914680524611106 -0.20436531560684124 1.0960801754139371 0.76724412895047545 0.44959493142942808 0.57017419658760993 1.6550992625935408 -0.7203830662991022 -0.32457805030703707 0.82756393689964369 25.145683112545388 -0.026333862336374681 0.25713705656507496 -0.34670119249903886 0.77139680073295147 0.49603556130084236 0.066703962942512615 -0.16988171591875784 -0.53356086380182333 15.293834555623654 2.3791751149963236 -0.31179432455874934 0.080282982577894665 0.25188276889549671 1.0104711705616347 0.39683058501701973 0.80528019920512461 0.8063883251667523 0.10369915868147983 0.1114464216892624 -0.20995906799488032 0.7335683122044131 0.14052920218114068 0.4992763549983667 0.1111349712610025 -0.2348982550831071 -0.2235727247201437 1.7400274301329017 1.2643586609501811 2.1855212111150375 0.019451142678726541 0.79425134100007488 0.3813033324883861 -0.071465577794736848 0.38696616650347493 -0.3487927799314065 2.2312329853900423 -0.073519952907270369 -0.19761032455197933
leaf_weight=2759 400 14042 16707 1231 5533 9173 27876 45 64466 43338 33971 5311 476 38862 20747 17784 285 86 634 370 388 1188 27493 609 62 4170 5004 16445 271 116 1238 541 2253 50 834 18533 1381 26866 14564 1018 611 214 942 10798 1003 91 13267 378 10898 11536 756 92 12517 71 1894 482 367 5580 6073 40908 52 7265 17632
leaf_count=2759 400 14042 16707 1231 5533 9173 27876 45 64466 43338 33971 5311 476 38862 20747 17784 285 86 634 370 388 1188 27493 609 62 4170 5004 16445 271 116 1238 541 2253 50 834 18533 1381 26866 14564 1018 611 214 942 10798 1003 91 13267 378 10898 11536 756 92 12517 71 1894 482 367 5580 6073 40908 52 7265 17632
internal_value=-0.000686159 -0.000112101 0.000612609 -0.000893393 -0.00171482 1.43968e-05 0.000990779 -0.00141425 -0.00212858 -0.00175787 -0.000634617 0.00187305 -0.000894222 -0.000406329 -0.00103941 -0.000190125 0.00239475 0.00663773 0.0108262 0.0164504 0.000759023 0.00115982 3.43735e-05 -0.000772515 -0.00100073 0.000294936 -0.000744997 -0.000714629 7.88524e-06 0.00549445 0.00223427 0.00469565 -0.00103527 0.00155797 0.00483042 -0.0021645 0.00224783 0.00173619 0.00290376 0.00460935 0.00743094 0.0155155 -0.000457269 0.00137638 0.000128204 0.0159559 0.00137255 0.00894601 -0.000132053 -0.000377553 0.000225652 2.35972e-05 0.0012692 0.000891173 0.00286974 0.0057761 0.0110777 -0.000399046 0.00301733 -0.00156605 -0.00196527 -0.000250787 -0.000734946
internal_weight=570547 366190 189974 176216 204357 64245 145774 111971 135856 88306 44200 6089 68501 49492 44968 24221 6437 2131 1289 655 129067 83103 45964 28705 27555 4306 43866 41805 25360 1982 5626 1150 38111 4140 1887 19009 1497 55135 15752 2867 1629 485 23378 17259 1053 136 22440 778 23665 22434 842 27968 39383 9336 3685 1791 849 5651 6461 71390 48225 7317 23165
internal_count=570547 366190 189974 176216 204357 64245 145774 111971 135856 88306 44200 6089 68501 49492 44968 24221 6437 2131 1289 655 129067 83103 45964 28705 27555 4306 43866 41805 25360 1982 5626 1150 38111 4140 1887 19009 1497 55135 15752 2867 1629 485 23378 17259 1053 136 22440 778 23665 22434 842 27968 39383 9336 3685 1791 849 5651 6461 71390 48225 7317 23165
is_linear=0
shrinkage=0.05


end of trees

feature_importances:
pm25_delta_24h=107
pm25_lag48=104
month=97
rh=90
fx_vent_index=82
pressure=74
pm25_lag1=72
u=71
pm25_roll24=69
upwind_fire_frp_24h=60
hour_sin=58
temp_c=56
dow=55
fx_u=55
fx_d_pblh=55
fx_wind_speed=52
pm10_lag1=45
fx_d_vent_index=42
v=39
fx_temp_c=38
wind_dir_sin=37
pblh=36
fx_rh=35
upwind_pm25=34
fx_d_wind_speed=34
fx_pblh=32
fx_pressure=32
fx_v=30
fx_wind_dir_cos=29
pm25_lag12=28
upwind_fire_frp_regional_48h=26
pm25_lag6=25
pm25_lag24=25
wind_dir_cos=23
upwind_fire_count_regional_48h=23
hour_cos=22
fx_wind_dir_sin=22
precip=18
pm25_lag3=17
pm25_roll6=15
vent_index=13
wind_speed=7
no2_lag1=6

parameters:
[boosting: gbdt]
[objective: quantile]
[metric: quantile]
[tree_learner: serial]
[device_type: cpu]
[data_sample_strategy: bagging]
[data: ]
[valid: ]
[num_iterations: 600]
[learning_rate: 0.05]
[num_leaves: 64]
[num_threads: 10]
[seed: 0]
[deterministic: 0]
[force_col_wise: 0]
[force_row_wise: 0]
[histogram_pool_size: -1]
[max_depth: -1]
[min_data_in_leaf: 20]
[min_sum_hessian_in_leaf: 0.001]
[bagging_fraction: 1]
[pos_bagging_fraction: 1]
[neg_bagging_fraction: 1]
[bagging_freq: 0]
[bagging_seed: 3]
[bagging_by_query: 0]
[feature_fraction: 0.9]
[feature_fraction_bynode: 1]
[feature_fraction_seed: 2]
[extra_trees: 0]
[extra_seed: 6]
[early_stopping_round: 0]
[early_stopping_min_delta: 0]
[first_metric_only: 0]
[max_delta_step: 0]
[lambda_l1: 0]
[lambda_l2: 0]
[linear_lambda: 0]
[min_gain_to_split: 0]
[drop_rate: 0.1]
[max_drop: 50]
[skip_drop: 0.5]
[xgboost_dart_mode: 0]
[uniform_drop: 0]
[drop_seed: 4]
[top_rate: 0.2]
[other_rate: 0.1]
[min_data_per_group: 100]
[max_cat_threshold: 32]
[cat_l2: 10]
[cat_smooth: 10]
[max_cat_to_onehot: 4]
[top_k: 20]
[monotone_constraints: ]
[monotone_constraints_method: basic]
[monotone_penalty: 0]
[feature_contri: ]
[forcedsplits_filename: ]
[refit_decay_rate: 0.9]
[cegb_tradeoff: 1]
[cegb_penalty_split: 0]
[cegb_penalty_feature_lazy: ]
[cegb_penalty_feature_coupled: ]
[path_smooth: 0]
[interaction_constraints: ]
[verbosity: -1]
[saved_feature_importance_type: 0]
[use_quantized_grad: 0]
[num_grad_quant_bins: 4]
[quant_train_renew_leaf: 0]
[stochastic_rounding: 1]
[linear_tree: 0]
[max_bin: 255]
[max_bin_by_feature: ]
[min_data_in_bin: 3]
[bin_construct_sample_cnt: 200000]
[data_random_seed: 1]
[is_enable_sparse: 1]
[enable_bundle: 1]
[use_missing: 1]
[zero_as_missing: 0]
[feature_pre_filter: 1]
[pre_partition: 0]
[two_round: 0]
[header: 0]
[label_column: ]
[weight_column: ]
[group_column: ]
[ignore_column: ]
[categorical_feature: ]
[forcedbins_filename: ]
[precise_float_parser: 0]
[parser_config_file: ]
[objective_seed: 5]
[num_class: 1]
[is_unbalance: 0]
[scale_pos_weight: 1]
[sigmoid: 1]
[boost_from_average: 1]
[reg_sqrt: 0]
[alpha: 0.9]
[fair_c: 1]
[poisson_max_delta_step: 0.7]
[tweedie_variance_power: 1.5]
[lambdarank_truncation_level: 30]
[lambdarank_norm: 1]
[label_gain: ]
[lambdarank_position_bias_regularization: 0]
[eval_at: ]
[multi_error_top_k: 1]
[auc_mu_weights: ]
[num_machines: 1]
[local_listen_port: 12400]
[time_out: 120]
[machine_list_filename: ]
[machines: ]
[gpu_platform_id: -1]
[gpu_device_id: -1]
[gpu_use_dp: 0]
[num_gpu: 1]

end of parameters

pandas_categorical:[]
