tree
version=v4
num_class=1
num_tree_per_iteration=1
label_index=0
max_feature_idx=45
objective=quantile
feature_names=pm25_lag1 pm25_lag3 pm25_lag6 pm25_lag12 pm25_lag24 pm25_lag48 pm25_roll6 pm25_roll24 pm25_delta_24h pm10_lag1 no2_lag1 hour_sin hour_cos dow month is_holiday u v wind_speed wind_dir_sin wind_dir_cos pblh rh temp_c precip pressure vent_index upwind_pm25 upwind_fire_frp_24h upwind_fire_frp_regional_48h upwind_fire_count_regional_48h fx_u fx_v fx_wind_speed fx_wind_dir_sin fx_wind_dir_cos fx_pblh fx_rh fx_temp_c fx_precip fx_pressure fx_vent_index fx_d_wind_speed fx_d_pblh fx_d_vent_index city_code
feature_infos=[0.0050000000000000001:1000] [0.0083300000000000006:1000] [0.0050000000000000001:1000] [0.0050000000000000001:1000] [0.01:1000] [0.0074999999999999997:1000] [0.012500000000000001:1000] [0.012966666666666666:881.3125] [-983.5:966.79999999999995] [0.0033300000000000001:1500] [0.0025000000000000001:1000] [-1:1] [-1:1] [0:6] [1:12] [0:1] [-41.180747155580143:39.305557242419212] [-40.531751418184861:37.071794067811233] [0:50.100000000000001] [-1:1] [-1:1] [10:5930] [4:100] [3:44.100000000000001] [0:27.399999999999999] [961.79999999999995:1009.3] [0:162960] [0.0083300000000000006:1000] [0:957.52999999999997] [0:3266.0076787323446] [0:1959] [-42.973805561821116:39.187420418643683] [-43.458382145597099:37.071794067811233] [0:50.700000000000003] [-1:1] [-1:1] [10:5930] [4:100] [3:44.100000000000001] [0:27.399999999999999] [961.29999999999995:1009.3] [0:162960] [-35.200000000000003:38.100000000000001] [-4070:4035] [-123643.5:106452] [0:2]
tree_sizes=5760 5918 5938 5918 5915 5948 5949 5952 5944 5913 5952 5956 5983 5970 5972 5934 5967 5969 5947 5988 6016 5985 5996 5984 5975 6011 5990 6028 5969 6029 6031 6031 6011 6019 6010 6046 6081 5990 6034 6020 6058 6073 6047 6022 6060 6048 6004 6046 6050 6086 6066 6068 6030 6092 6067 6058 6059 6083 6073 6051 6014 6069 6063 6067 6071 6095 6068 6071 6089 6100 6093 6098 6062 6084 6084 6056 6060 6064 6060 6144 6046 6049 6110 6047 6080 6033 6106 6043 5997 6052 6055 6113 6021 6109 6087 6054 6064 6062 6056 6018 6104 6102 6041 6048 6105 5999 6067 5999 6068 6072 6052 6035 6088 6110 5939 6100 6029 6050 5986 6034 6083 6013 5992 5995 6059 5957 5999 6070 6091 6029 6009 6005 6000 6018 6061 6044 5976 5928

Tree=0
num_leaves=64
num_cat=0
split_feature=0 44 0 0 0 44 14 8 12 9 16 25 0 0 25 0 40 18 12 43 0 0 14 14 37 14 0 0 32 22 34 40 23 0 39 0 9 0 36 37 35 16 8 0 23 22 13 14 7 43 14 0 43 7 34 22 32 44 33 11 28 14 14
split_gain=10488.8 2163.18 1033.29 1029.19 700.356 394.069 361.369 220.799 212.622 192.05 122.824 100.875 96.2488 91.2719 90.435 89.009 88.6199 81.2616 76.561 64.3011 62.547 62.5324 84.1533 106.835 60.7647 60.0434 57.7648 56.1507 54.2185 54.1426 52.583 52.1157 47.6369 46.3623 43.9628 43.3223 41.3691 40.835 39.0796 38.8308 38.0821 37.6172 36.7954 36.5288 33.9333 40.3892 33.1709 43.5045 32.2153 32.1958 32.1754 30.9562 30.589 29.0563 28.3428 30.8614 27.1704 25.5321 25.1592 24.9565 24.2767 24.5229 23.9156
threshold=104.07500000000002 772.25000000000011 69.02500000000002 282.75000000000006 207.75000000000003 2182.2500000000009 9.5000000000000018 56.050000000000011 -0.12940952255126037 300.25000000000006 9.9464843237220109 982.55000000000007 54.525000000000006 494.25000000000006 983.1500000000002 326.25000000000006 978.75000000000011 25.950000000000003 -0.3794095225512602 122.50000000000001 88.02500000000002 187.25000000000003 9.5000000000000018 3.5000000000000004 34.500000000000007 6.5000000000000009 122.25000000000001 150.25000000000003 -6.1360370459771953 61.500000000000007 0.87032255546191739 982.6500000000002 17.750000000000004 212.25000000000003 1.0000000180025095e-35 140.25000000000003 232.25000000000003 171.25000000000003 47.500000000000007 47.500000000000007 -0.3420201433256686 -4.2332936642682926 46.705000000000005 162.25000000000003 24.550000000000004 48.500000000000007 4.5000000000000009 5.5000000000000009 185.62101449275363 51.250000000000007 8.5000000000000018 80.02500000000002 157.50000000000003 108.1324561403509 0.43049470426488845 29.500000000000004 -11.728882241761228 1031.2500000000002 9.6500000000000004 -0.37940952255126065 14.550000000000001 5.5000000000000009 4.5000000000000009
decision_type=2 2 2 2 2 2 2 10 2 10 2 2 2 2 2 2 2 2 2 2 2 2 2 2 2 2 2 2 2 2 2 2 2 2 2 2 10 2 2 2 2 2 10 2 2 2 2 2 10 2 2 2 2 10 2 2 2 2 2 2 2 2 2
left_child=2 3 12 7 6 16 9 10 24 14 17 27 -1 31 26 25 29 21 41 62 -10 22 23 40 -7 49 -3 -9 36 48 -30 -5 -27 -13 -18 -25 43 -8 -33 -23 -2 -11 46 -16 -42 -46 -31 59 -4 -6 51 -26 -32 -53 -21 -56 -39 -14 -17 -48 61 -22 -20
right_child=1 4 5 13 15 8 37 11 20 18 -12 33 57 -15 28 58 34 -19 19 54 60 39 -24 35 50 32 -28 -29 30 42 52 38 -34 -35 -36 -37 -38 56 -40 -41 44 -43 -44 -45 45 -47 47 -49 -50 -51 -52 53 -54 -55 55 -57 -58 -59 -60 -61 -62 -63 -64
leaf_value=-44.320000743865968 -45.36500072479248 -48.095000629648851 -45.790000724792478 -59.224751091003419 -51.715000724792482 -45.450000762939453 -46.74000072479248 -48.055000877380373 -46.585000801086423 -48.755000877380368 -46.065000724792483 -47.315000724792483 -45.040000724792478 -68.590000724792475 -47.590000724792482 -60.61500072479248 -45.300000762939455 -49.070000648498535 -48.99000072479248 -51.440000724792483 -47.640000724792479 -50.091750348087942 -46.015000724792479 -47.655000877380374 -46.00000076293945 -53.165000724792478 -50.106500336698602 -51.135000419616702 -47.11500072479248 -46.005000686645509 -47.657500705681741 -52.440000724792483 -50.965000724792482 -49.632500630803406 -46.465000724792482 -49.515000724792479 -48.752500701509419 -49.250000572204591 -53.705000595003369 -48.11500072479248 -46.690000724792483 -47.965000724792482 -47.165000724792478 -49.216500721745007 -46.990000679716466 -48.540000724792478 -45.715000724792482 -45.945500655032582 -47.625000570416475 -54.195000627264378 -45.390000724792479 -46.908000718771575 -48.46050078862168 -45.792500704713163 -48.15000057220459 -49.640000724792479 -48.292500676028432 -45.550000762939455 -66.292000135952406 -47.380000877380368 -46.465000724792482 -46.885000691935417 -51.318000903844585
leaf_weight=319425 2209 2531 9884 624 1053 5153 4057 1439 7657 542 16044 5135 35538 2268 2694 386 36707 497 1378 1529 2550 1192 9097 2690 2468 1415 2590 1458 2361 2945 514 4699 2363 2524 805 750 1251 475 3485 7089 4925 1402 919 820 606 175 99 660 121 2619 1037 2453 650 540 367 1326 1310 24016 4248 415 474 883 545
leaf_count=319425 2209 2531 9884 624 1053 5153 4057 1439 7657 542 16044 5135 35538 2268 2694 386 36707 497 1378 1529 2550 1192 9097 2690 2468 1415 2590 1458 2361 2945 514 4699 2363 2524 805 750 1251 475 3485 7089 4925 1402 919 820 606 175 99 660 121 2619 1037 2453 650 540 367 1326 1310 24016 4248 415 474 883 545
internal_value=-45.7 -45.7142 -45.6967 -45.7088 -45.7237 -45.702 -45.7191 -45.706 -45.7075 -45.7222 -45.7045 -45.7125 -45.6956 -45.7227 -45.7187 -45.7336 -45.6996 -45.7064 -45.7289 -45.7321 -45.7123 -45.7061 -45.7046 -45.7075 -45.7027 -45.7303 -45.7239 -45.7205 -45.7155 -45.7029 -45.7108 -45.7204 -45.7258 -45.7095 -45.6983 -45.7148 -45.719 -45.7081 -45.7194 -45.7098 -45.7043 -45.7204 -45.7071 -45.7162 -45.7064 -45.7161 -45.7051 -45.7122 -45.7008 -45.7348 -45.7059 -45.7075 -45.7195 -45.7109 -45.7364 -45.7319 -45.7144 -45.6975 -45.7391 -45.7231 -45.7174 -45.7189 -45.7248
internal_weight=560081 105332 454749 66906 38426 75770 26342 55830 23215 20500 45274 10556 378979 11076 13411 12084 52555 29230 7089 5145 11564 28733 20452 11355 11651 7450 5121 2897 8290 15043 3525 8808 3778 7659 37512 3440 4765 5842 8184 8281 7915 1944 5038 3514 5706 781 4119 1174 10005 3672 6498 5461 1164 2993 3222 1693 1785 59554 4634 514 3907 3433 1923
internal_count=560081 105332 454749 66906 38426 75770 26342 55830 23215 20500 45274 10556 378979 11076 13411 12084 52555 29230 7089 5145 11564 28733 20452 11355 11651 7450 5121 2897 8290 15043 3525 8808 3778 7659 37512 3440 4765 5842 8184 8281 7915 1944 5038 3514 5706 781 4119 1174 10005 3672 6498 5461 1164 2993 3222 1693 1785 59554 4634 514 3907 3433 1923
is_linear=0
shrinkage=1


Tree=1
num_leaves=64
num_cat=0
split_feature=0 44 0 0 0 44 14 25 43 12 12 14 0 0 14 0 0 0 0 0 27 14 14 25 23 40 37 29 36 14 14 36 33 27 16 43 16 13 38 16 37 31 14 39 43 5 29 38 31 27 42 15 0 14 42 19 13 16 27 38 16 14 42
split_gain=9594.27 2002.78 966.217 926.47 666.721 341.324 324.727 196.841 183.068 169.355 156.873 124.636 138.95 117.537 110.38 109.327 97.6067 91.5807 85.2238 85.1265 82.4909 75.0978 72.3574 65.4391 51.7907 51.7395 47.7233 45.1912 43.4557 43.3673 43.1379 43.0401 39.9105 39.8929 39.716 39.2982 39.0551 38.9992 61.6656 35.672 35.4709 35.2428 35.1878 33.7227 32.7814 31.8937 36.4233 33.9575 30.7898 30.4849 30.0535 29.5527 29.3229 28.7423 28.6995 28.4653 28.3302 29.9163 27.4689 27.4603 27.3394 26.9469 26.7092
threshold=104.07500000000002 772.25000000000011 67.825000000000003 265.25000000000006 203.25000000000003 1221.7500000000002 9.5000000000000018 984.55000000000007 126.87500000000001 -0.12940952255126037 -0.5 9.5000000000000018 165.25000000000003 398.25000000000006 4.5000000000000009 165.25000000000003 340.75000000000006 140.25000000000003 51.550000000000004 124.25000000000001 89.050000000000011 4.5000000000000009 6.5000000000000009 978.05000000000007 17.750000000000004 982.75000000000011 33.500000000000007 1.0000000180025095e-35 200.62500000000003 5.5000000000000009 4.5000000000000009 52.500000000000007 15.450000000000001 74.350000000000009 10.091420512674519 157.50000000000003 -22.675343576018832 4.5000000000000009 28.550000000000004 6.1169008715096664 53.500000000000007 8.7911882613641517 4.5000000000000009 1.0000000180025095e-35 61.875000000000007 41.550000000000004 15.760345069592274 24.750000000000004 6.4721608939155546 66.725000000000009 19.950000000000006 1.0000000180025095e-35 82.325000000000017 5.5000000000000009 13.950000000000005 -0.55191596924288666 3.5000000000000004 -4.67631966387665 94.350000000000009 30.950000000000003 -3.9389148846093414 4.5000000000000009 9.6500000000000004
decision_type=2 2 2 2 2 2 2 2 2 2 2 2 2 2 2 2 2 2 2 2 10 2 2 2 2 2 2 2 2 2 2 2 2 10 2 2 2 2 2 2 2 2 2 2 2 8 2 2 2 10 2 2 2 2 2 2 2 2 10 2 2 2 2
left_child=2 3 18 7 6 23 8 11 14 26 32 12 21 25 17 36 22 50 -1 33 35 -2 44 27 -24 -5 -7 40 30 59 -22 -27 -10 -12 48 -11 -9 -23 53 -34 -4 -8 -14 -25 -6 46 -37 -47 -17 -21 -3 -19 -30 -39 -43 -33 -15 -58 -28 -16 -38 -59 -20
right_child=1 4 5 13 16 9 41 15 10 20 19 -13 42 56 29 34 -18 51 62 49 28 37 24 43 -26 31 58 -29 52 -31 -32 55 39 -35 -36 45 60 38 -40 -41 -42 54 -44 -45 -46 47 -48 -49 -50 -51 -52 -53 -54 -55 -56 -57 57 61 -60 -61 -62 -63 -64
leaf_value=1.3510000753402711 -1.1654999637603758 -1.226749948952347 0.34550007039312836 -10.43876244544983 -6.239249910861254 0.28750000000000003 -0.837999963760376 -2.5014999434351921 -1.5267499637603761 -0.5117499925565846 -2.0293498702879322 -1.198699942018123 -3.550196111840255 -18.375499857664106 -4.8119623745282603 -1.9352498351782559 -19.961399991961784 -2.7454999637603761 0.5520000362396239 -4.0946749831650697 -0.2679999549128656 -2.0012498009058581 -7.2292499637603758 0.45140016155314033 -5.026749963760377 -4.6279999637603764 -0.35589994869191749 -0.09550000190734878 -1.045749959945679 -2.7596751357529605 -2.6732499536685648 -5.6297499175742267 -2.7516748182406965 -2.5179999140350007 -0.96837496845982973 -0.94054998571892057 -0.97924988746643082 -4.0924496857254677 -1.8032498256563962 -1.5602999340578769 -1.004832396220442 -1.7200000476837158 -6.0717499913055031 -0.67674996376037599 -8.3982498060061257 -1.2439997806545582 -1.517999963760376 -0.66882494668776538 -3.0313123613185979 -4.6779998111724854 -2.0123749649245291 -3.8238499561414097 -1.9067498874664306 -2.8072498035430908 -2.7533999406624567 -6.5647499702498324 -20.420499865412712 -16.370799814794957 -1.2400001144409183 -3.8581900250666394 0.045749959945678854 -8.0954998682066801 0.0025000381469727274
leaf_weight=304994 4602 3976 757 626 1421 5602 2837 163 1214 5021 1425 5493 1690 2849 986 8630 4180 3279 61020 1492 951 2403 1592 38018 2646 4640 7489 8621 1297 622 388 1415 1033 1881 5524 873 4712 499 521 453 2368 2329 728 828 2723 1537 380 3888 2916 3021 107 283 1651 86 483 1692 529 165 1036 443 16072 951 8030
leaf_count=304994 4602 3976 757 626 1421 5602 2837 163 1214 5021 1425 5493 1690 2849 986 8630 4180 3279 61020 1492 951 2403 1592 38018 2646 4640 7489 8621 1297 622 388 1415 1033 1881 5524 873 4712 499 521 453 2368 2329 728 828 2723 1537 380 3888 2916 3021 107 283 1651 86 483 1692 529 165 1036 443 16072 951 8030
internal_value=0.000132936 -0.0134645 0.00328246 -0.00823947 -0.0225621 -0.00167926 -0.0179721 -0.00536844 -0.0209337 -0.00589397 -0.0255019 -0.0100169 -0.0132021 -0.0202973 -0.0159777 -0.0034094 -0.0320124 -0.0132145 0.00435302 -0.02909 -0.00941887 -0.010066 -0.0289 0.00082938 -0.0243063 -0.0167962 -0.00190522 -0.00244083 -0.0153522 -0.0262774 -0.00788275 -0.015679 -0.0151111 -0.0229946 -0.00637961 -0.00724464 -0.000988924 -0.0155757 -0.0233454 -0.0206057 -0.007592 -0.00737387 -0.0237221 0.00181821 -0.033598 -0.00975741 -0.0169473 -0.00809677 -0.00804781 -0.0335553 -0.00810311 -0.0190736 -0.0187449 -0.0344872 -0.0113407 -0.0202333 -0.0268202 -0.0215957 -0.004261 -0.0310742 -0.000797729 -0.0169534 0.00276684
internal_weight=560081 105332 454749 66906 38426 80705 25864 54039 20215 30113 10519 16022 10529 12867 9696 38017 12562 7645 374044 7819 15986 8111 8382 50592 4238 8373 14127 11746 4287 2051 1339 7747 2700 3306 17070 11699 20947 3509 1106 1486 3125 5649 2418 38846 4144 6678 1253 5425 11546 4513 4083 3562 2948 585 2812 3107 4494 1645 8525 1429 20784 1116 69050
internal_count=560081 105332 454749 66906 38426 80705 25864 54039 20215 30113 10519 16022 10529 12867 9696 38017 12562 7645 374044 7819 15986 8111 8382 50592 4238 8373 14127 11746 4287 2051 1339 7747 2700 3306 17070 11699 20947 3509 1106 1486 3125 5649 2418 38846 4144 6678 1253 5425 11546 4513 4083 3562 2948 585 2812 3107 4494 1645 8525 1429 20784 1116 69050
is_linear=0
shrinkage=0.05


Tree=2
num_leaves=64
num_cat=0
split_feature=0 44 0 0 0 14 44 9 25 12 0 14 0 0 27 0 12 0 0 43 39 12 36 14 32 14 43 0 43 14 43 0 16 18 25 40 40 0 37 13 25 0 32 14 13 38 0 19 27 16 9 8 5 14 26 16 29 35 0 27 14 44 14
split_gain=8768.57 1857.79 854.883 811.434 671.395 304.731 277.34 202.635 181.697 145.231 129.023 110.135 125.136 84.6623 81.2645 80.1301 76.7319 74.7004 73.8207 66.0888 64.6145 60.6771 57.2776 55.2328 57.5737 54.3222 53.8654 53.5986 52.6942 52.0812 51.2634 49.7211 46.3736 44.0397 43.8519 42.8393 42.1701 41.3064 41.2656 39.1088 37.2048 35.9764 35.6108 33.7126 33.6525 52.8893 32.5137 31.6269 30.8819 30.7341 30.2741 29.4896 28.2766 27.6599 27.3298 27.2404 26.486 32.7566 26.3364 25.712 25.1427 24.7592 24.627
threshold=102.07500000000002 772.25000000000011 65.625000000000014 245.25000000000003 217.25000000000003 9.5000000000000018 1221.7500000000002 313.25000000000006 984.55000000000007 -0.12940952255126037 355.25000000000006 9.5000000000000018 140.25000000000003 375.25000000000006 96.750000000000014 142.75000000000003 -0.3794095225512602 81.550000000000011 47.050000000000004 152.50000000000003 1.0000000180025095e-35 -0.60355339059327384 52.500000000000007 4.5000000000000009 -5.5839598967784925 4.5000000000000009 116.25000000000001 114.25000000000001 51.250000000000007 4.5000000000000009 167.50000000000003 159.25000000000003 7.9498333677690018 25.950000000000003 983.45000000000016 982.35000000000002 979.45000000000016 128.25000000000003 33.500000000000007 3.5000000000000004 982.95000000000016 552.50000000000011 -6.1360370459771953 4.5000000000000009 4.5000000000000009 28.550000000000004 134.12500000000003 -0.84804809615642596 89.050000000000011 10.091420512674519 508.25000000000006 78.250000000000014 42.550000000000004 5.5000000000000009 1130.7500000000002 -4.2332936642682926 1.8395073386768013 0.50751903745502724 80.02500000000002 125.25000000000001 8.5000000000000018 3042.2500000000005 4.5000000000000009
decision_type=2 2 2 2 2 2 2 10 2 2 2 2 2 2 10 2 2 2 2 2 2 2 2 2 2 2 2 2 2 2 2 2 2 2 2 2 2 2 2 2 2 2 2 2 2 2 2 2 10 2 8 10 8 2 2 2 2 2 2 10 2 2 2
left_child=2 3 18 8 5 7 20 14 11 38 22 12 25 21 27 -10 46 61 -1 23 36 -6 51 24 -16 -2 62 -3 -23 49 -19 -7 33 56 -29 -12 54 -28 -8 41 -24 -37 -36 -41 -27 53 -9 -42 52 -14 -15 -5 -32 -46 -4 -48 -17 -58 -40 -31 -60 -11 -18
right_child=1 4 6 10 13 31 9 16 15 17 35 -13 29 50 19 32 26 30 -20 -21 -22 28 40 -25 -26 44 37 34 -30 59 48 -33 -34 -35 42 39 -38 -39 58 43 47 -43 -44 -45 45 -47 55 -49 -50 -51 -52 -53 -54 -55 -56 -57 57 -59 60 -61 -62 -63 -64
leaf_value=1.3484500334262848 -0.65897495794296257 -1.3437824703688779 -0.62086640132369575 -3.2052343994904877 -5.5188125370957977 -0.62109996557235725 0.30812503814697262 -0.8818749237060548 0.033462597753505567 -0.1976874214215488 -32.4839874520395 -0.96581490385913504 -3.1677864221214769 -22.889730726722973 -2.5906949368035832 -1.3974874720014634 -2.9282874730937185 -0.99686249915167591 0.5244000344276426 -3.1669079577908215 -0.66957200278725992 -5.8389173885302208 -8.2396624794538891 -4.4890767118507666 -0.94872487012657736 -1.4539873020253691 -2.4270999680586258 -3.3282662146021225 -8.6743174196177115 -4.5456512876244863 -1.555947829258816 -2.6342999081731175 -0.64833121533738458 -3.0074343495091433 -2.5755806336639537 -8.8915498052138595 0.51243010636326114 -5.1190999732017524 -0.082204964418431462 -13.749148469830041 -3.3732624012064187 -21.543225588167093 -1.8755685994024658 -7.7658399553865429 -3.3736274811131426 -1.020087494635477 -3.2516517611106233 -5.1909024300421018 -1.7751624224857832 -2.0083809669187769 -20.188329610076789 -5.8886867300104075 -1.1345587164259878 -1.9528874005526302 0.041498533656099866 -2.6630786974067537 -1.6981198993212026 -2.801787369489551 -0.8425999583393754 -4.9370344595317439 0.26229503367421997 -0.66601364110046224 -5.128501683493468
leaf_weight=281571 3621 3111 2958 4185 2746 3477 6083 608 15099 3418 415 5358 1732 242 1037 10815 1313 3627 84472 1889 2210 1299 399 479 1032 2167 1112 2557 3617 1015 463 2905 8902 197 3214 2602 35041 2087 4951 322 983 1028 2036 1815 387 467 356 2557 1176 1095 3119 1226 2239 78 13598 828 1095 525 3422 333 784 6094 492
leaf_count=281571 3621 3111 2958 4185 2746 3477 6083 608 15099 3418 415 5358 1732 242 1037 10815 1313 3627 84472 1889 2210 1299 399 479 1032 2167 1112 2557 3617 1015 463 2905 8902 197 3214 2602 35041 2087 4951 322 983 1028 2036 1815 387 467 356 2557 1176 1095 3119 1226 2239 78 13598 828 1095 525 3422 333 784 6094 492
internal_value=0.000248009 -0.0125538 0.00330538 -0.00756687 -0.0211793 -0.0171305 -0.00117854 -0.0199041 -0.00461597 -0.00484437 -0.0176146 -0.00901587 -0.0119022 -0.0316597 -0.0167226 -0.00266385 -0.0270924 -0.00801933 0.00435964 -0.0224284 0.00101911 -0.0287575 -0.0139091 -0.0171743 -0.0136322 -0.00767857 -0.0302718 -0.0144037 -0.032083 -0.0187006 -0.0117488 -0.00750392 -0.00462199 -0.00656982 -0.0166152 -0.023219 0.0013777 -0.0341685 -0.00129921 -0.0221025 -0.0184958 -0.0252617 -0.014 -0.0167361 -0.0125379 -0.0204828 -0.0182143 -0.0168644 -0.0157452 -0.0148444 -0.0382758 -0.0105701 -0.0128016 -0.0324194 -0.00070186 -0.0230405 -0.00619823 -0.0121605 -0.00341979 -0.0267878 -0.00632905 -0.00507674 -0.0233657
internal_weight=560081 107974 452107 68418 39556 28533 86064 22151 52886 32257 15532 16253 10895 11023 15355 36633 6796 17017 366043 4437 53807 7662 9350 2548 2069 6720 5004 10918 4916 4175 7505 6382 21534 12632 7807 6182 51597 3199 15240 5767 3939 3630 5250 2137 3099 932 1792 3540 3878 2827 3361 5411 2702 465 16556 1184 12435 1620 9157 1348 4206 9512 1805
internal_count=560081 107974 452107 68418 39556 28533 86064 22151 52886 32257 15532 16253 10895 11023 15355 36633 6796 17017 366043 4437 53807 7662 9350 2548 2069 6720 5004 10918 4916 4175 7505 6382 21534 12632 7807 6182 51597 3199 15240 5767 3939 3630 5250 2137 3099 932 1792 3540 3878 2827 3361 5411 2702 465 16556 1184 12435 1620 9157 1348 4206 9512 1805
is_linear=0
shrinkage=0.05


Tree=3
num_leaves=64
num_cat=0
split_feature=0 43 0 0 0 12 12 43 43 0 25 12 36 0 0 0 29 0 31 40 0 43 14 0 37 25 27 41 25 28 0 0 15 29 14 0 29 5 32 16 27 0 16 31 28 40 32 27 27 37 5 32 39 14 16 26 31 8 37 37 0 41 14
split_gain=8039.85 1459.75 883.153 696.289 654.102 287.06 269.491 202.721 191.861 177.707 144.49 136.409 113.088 104.047 102.333 98.5263 84.23 77.7586 77.6796 68.2975 67.4331 70.0534 59.7925 63.8858 57.0312 54.0128 49.9161 49.8216 49.0089 46.1291 45.2944 40.64 39.2229 38.2579 44.3887 36.2082 35.7018 35.644 33.2955 30.6836 30.5428 30.2806 29.1173 29.0656 28.9492 38.2653 27.7986 27.7065 27.3788 25.4309 25.3224 26.2913 24.6703 24.52 24.4082 24.1292 24.1266 23.4037 23.3544 22.7904 25.9198 22.7532 26.7971
threshold=96.325000000000003 40.625000000000007 222.25000000000003 171.25000000000003 61.025000000000006 -0.5 -0.5 130.62500000000003 71.250000000000014 494.25000000000006 979.85000000000002 -0.3794095225512602 47.500000000000007 138.25000000000003 124.25000000000001 273.25000000000006 6.0932389724492815 79.02500000000002 -12.363792644168534 981.55000000000007 313.25000000000006 122.50000000000001 9.5000000000000018 140.25000000000003 48.500000000000007 978.05000000000007 73.850000000000009 1211.5000000000002 984.25000000000011 7.3250000000000011 46.525000000000006 301.25000000000006 1.0000000180025095e-35 11.325816377451028 4.5000000000000009 273.25000000000006 1.0000000180025095e-35 146.25000000000003 -6.2418640964226793 -18.164387018136811 94.350000000000009 138.25000000000003 8.7939810154208473 -7.1770951574485897 2.3750000000000004 980.45000000000016 -2.1091689744933233 107.12500000000001 101.25000000000001 65.500000000000014 39.550000000000004 11.755705045849465 0.15000000000000005 5.5000000000000009 -13.64751412037864 1396.7500000000002 14.51820484846205 3.0000000000000013 56.500000000000007 49.500000000000007 76.52500000000002 7325.7500000000009 2.5000000000000004
decision_type=2 2 2 2 2 2 2 2 2 2 2 2 2 2 2 2 2 2 2 2 2 2 2 2 2 2 10 2 2 2 2 2 2 2 2 2 2 8 2 2 10 2 2 2 2 2 2 10 10 2 8 2 2 2 2 2 2 8 2 2 2 2 2
left_child=4 2 10 5 30 18 15 19 25 12 22 43 31 42 26 38 27 47 46 33 21 37 23 24 -2 36 -9 -15 -14 53 -1 58 41 -7 -35 -30 59 -8 -5 -29 -16 -21 61 -10 45 -18 -3 -13 50 -34 51 -19 -27 -28 -20 -26 -17 -37 -4 -6 -61 -12 -63
right_child=1 3 9 6 8 7 20 14 11 -11 13 17 28 16 40 56 44 48 54 32 -22 -23 -24 -25 55 52 29 39 35 -31 -32 -33 49 34 -36 57 -38 -39 -40 -41 -42 -43 -44 -45 -46 -47 -48 -49 -50 -51 -52 -53 -54 -55 -56 -57 -58 -59 -60 60 -62 62 -64
leaf_value=1.2860275508284571 -0.74027606890201592 -2.6414458261229536 -5.6268775202461532 -4.2677984092114221 0.49837511848819782 -2.0180872155502643 -6.0816420349942311 -1.6301773192551576 -0.3445169313526153 -20.713738521147519 -0.33819718159011863 -0.3110298220112846 -6.9423738264837898 -0.75659036114216593 -3.2424129811601823 -13.216883535768602 -3.8171282963257482 -1.2209250691967926 -2.2257269467420069 -0.76503801257400095 -16.068913634424348 -6.8116216073555895 -0.23962421237977072 -4.0627844274355178 -2.431402082684428 0.52377852910947953 -2.4677295669776251 -2.5702182260122814 -3.254704487778068 -1.4933580818431009 0.56367999646663669 -6.3520224753116645 -0.4110901281437716 -1.9379044421820897 -4.2784709591771044 -5.1729439103607282 0.052718767168174488 -4.9020769044945753 -2.7333800524017673 -1.3560576719888668 -3.6395949362180922 -2.1168105919176714 0.34159821552021391 0.28817999455928778 -1.4830174434537124 -2.6620898892330001 -1.4615782690676227 -1.0035145629515636 -1.4873037964078626 -3.5249686403570792 -0.87134216459711189 -1.3643025741094164 -0.42705887497520884 -1.1021608338415665 -0.69654599612692891 -1.6896159194023266 -20.827913411400029 -6.862913360512561 -2.0436727042609664 -0.26494092840408201 -1.1541478198123591 -1.2653832820416704 -0.52343020788013594
leaf_weight=278239 2317 193 568 1127 814 1470 1395 2345 3522 2516 12148 10896 1179 13506 1894 1627 314 680 242 3143 2989 2550 1258 1393 684 44496 1801 406 3518 627 70357 4116 90 410 663 1260 11946 2675 2402 8168 1810 1780 10009 9745 1444 1847 519 1215 1456 278 4870 159 1024 341 6636 1279 391 3089 4406 2627 1165 668 1379
leaf_count=278239 2317 193 568 1127 814 1470 1395 2345 3522 2516 12148 10896 1179 13506 1894 1627 314 680 242 3143 2989 2550 1258 1393 684 44496 1801 406 3518 627 70357 4116 90 410 663 1260 11946 2675 2402 8168 1810 1780 10009 9745 1444 1847 519 1215 1456 278 4870 159 1024 341 6636 1279 391 3089 4406 2627 1165 668 1379
internal_value=0.000363706 -0.0113023 -0.00731735 -0.0191383 0.00343991 -0.0138825 -0.0275449 -0.0175558 -0.000247054 -0.0161723 -0.00409891 -0.00335664 -0.0144448 -0.00315911 -0.0227557 -0.0187696 -0.00537571 -0.00604223 -0.00582345 -0.0117028 -0.0326106 -0.0297961 -0.0108635 -0.0130504 -0.0100234 0.00138323 -0.0181717 -0.00421875 -0.0184026 -0.0227176 0.00444061 -0.0105061 -0.00846626 -0.0184369 -0.0256151 -0.0169779 -0.00106271 -0.0257248 -0.0137305 -0.00719967 -0.0290848 -0.00728925 -0.000806891 0.000545338 -0.0124619 -0.0161245 -0.0215449 -0.00359962 -0.010171 -0.024212 -0.00861009 -0.0166329 0.00227263 -0.0262091 -0.00419599 -0.0162939 -0.0275818 -0.0200287 -0.00746482 -0.00480243 -0.00643196 -0.00226312 -0.00713972
internal_weight=560081 116870 77472 39398 443211 24242 15156 16652 94615 20652 56820 32543 18136 49889 8818 5547 25685 19276 7590 7834 9609 6620 6931 5673 4280 62072 5114 22080 9046 2769 348596 9090 5291 2543 1073 7867 16552 4070 3529 8574 3704 4923 24204 13267 3605 2161 712 12111 7165 368 5709 839 45520 2142 6878 1963 2018 4349 4974 4606 3792 14195 2047
internal_count=560081 116870 77472 39398 443211 24242 15156 16652 94615 20652 56820 32543 18136 49889 8818 5547 25685 19276 7590 7834 9609 6620 6931 5673 4280 62072 5114 22080 9046 2769 348596 9090 5291 2543 1073 7867 16552 4070 3529 8574 3704 4923 24204 13267 3605 2161 712 12111 7165 368 5709 839 45520 2142 6878 1963 2018 4349 4974 4606 3792 14195 2047
is_linear=0
shrinkage=0.05


Tree=4
num_leaves=64
num_cat=0
split_feature=0 44 0 0 0 27 44 0 40 43 14 8 0 12 8 0 25 3 40 0 0 12 14 37 23 0 21 39 36 14 44 13 14 14 44 14 32 16 9 16 26 0 0 37 37 7 33 25 23 25 29 8 13 41 28 38 42 37 43 0 0 4 27
split_gain=7388.62 1565.18 688.804 688.315 668.773 214.359 196.093 153.005 145.006 142.112 129.685 119.623 106.118 101.219 84.5144 73.9626 64.3948 62.047 61.2268 58.4592 57.3819 56.4888 54.8749 55.3744 51.739 50.1349 49.6813 47.8746 44.9931 43.454 40.6195 39.698 39.6084 39.6329 38.9504 36.6732 36.6098 35.2082 34.5817 34.1234 35.5332 33.9165 33.6418 32.0092 31.7278 31.6561 31.2809 31.1375 29.9407 29.4026 28.9583 31.6863 27.5239 27.3707 26.866 26.7534 26.3121 26.1193 25.7645 25.8374 25.4414 25.4228 24.573
threshold=98.825000000000003 772.25000000000011 61.025000000000006 239.25000000000003 180.25000000000003 52.550000000000004 1074.2500000000002 398.25000000000006 983.75000000000011 126.87500000000001 7.5000000000000009 198.75000000000003 78.02500000000002 -0.3794095225512602 82.250000000000014 165.25000000000003 982.45000000000016 79.52500000000002 981.1500000000002 355.25000000000006 126.07500000000002 -0.12940952255126037 9.5000000000000018 50.500000000000007 17.150000000000002 44.550000000000004 242.50000000000003 1.0000000180025095e-35 52.500000000000007 4.5000000000000009 3613.0000000000005 4.5000000000000009 4.5000000000000009 5.5000000000000009 9509.5000000000018 5.5000000000000009 -7.9880282035888444 -8.4681497927711415 551.25000000000011 -13.155375640528083 10379.500000000002 251.25000000000003 145.25000000000003 44.500000000000007 67.500000000000014 119.93645833333333 22.550000000000004 978.6500000000002 18.650000000000002 983.6500000000002 16.985548518029638 39.015000000000008 4.5000000000000009 2820.5000000000005 8.3450000000000024 30.750000000000004 11.65 52.500000000000007 81.250000000000014 130.25000000000003 273.25000000000006 257.25000000000006 111.25000000000001
decision_type=2 2 2 2 2 10 2 2 2 2 2 10 2 2 10 2 2 8 2 2 2 2 2 2 2 2 2 2 2 2 2 2 2 2 2 2 2 2 8 2 2 2 2 2 2 8 2 2 2 2 2 10 2 2 2 2 2 2 2 2 2 10 10
left_child=2 3 25 8 5 17 27 10 14 18 16 19 26 43 22 39 -6 58 29 28 34 57 23 45 41 -1 56 47 -5 -7 61 50 -33 55 54 -31 -18 53 -9 40 -10 -12 -19 -11 -20 -2 -26 -4 -46 -30 51 -25 -13 -17 -15 -34 -8 -14 -3 -60 -38 -23 -32
right_child=1 4 6 11 7 9 12 38 15 13 24 52 21 20 -16 37 36 42 44 -21 -22 30 -24 31 46 -27 -28 -29 49 35 62 32 33 -35 -36 -37 60 -39 -40 -41 -42 -43 -44 -45 48 -47 -48 -49 -50 -51 -52 -53 -54 -55 -56 -57 -58 -59 59 -61 -62 -63 -64
leaf_value=1.2567261637502911 -0.72626553537419203 -1.4479653090174747 -0.021313246850846009 -3.1584818805299402 -9.9376429883868216 -1.6761182474260892 -0.26576839799188118 -23.447724423799365 -0.83505074019522396 -1.0908358532103315 -3.5426778360974795 -18.763876765411442 -0.11153705345696684 -1.9105178699138841 -3.6542116309493027 -1.5446463097805665 -5.5371956038516608 -0.92008448552195898 -1.1966808802901516 -9.1704233766992651 -3.6161650624117936 -0.59590363274237002 -0.35450581177232293 -1.5799167721485876 -3.7770490470212623 0.56672615421354777 0.14027030207869393 -0.47189409062977622 -6.1202391300156869 -4.0023402608076291 -1.1111350442522194 -1.0134599422875705 -3.5896094704611117 -1.6673332368466891 -2.5819458705503684 -1.401363408705425 -3.8268233513392911 -1.2028460503839296 -19.47096759795879 0.079687276197631343 -1.9422742182635457 -6.8731262180460364 -2.0336052517053855 -2.4263368234220022 -1.3535246883031085 -2.2890359420336228 -5.6253009240214702 0.56355858066011677 -2.1285139421786359 -4.0786052149608452 -0.42980023820046442 -2.3563037697518072 -9.8184803745231974 -3.132194105047283 -1.2276937726410588 0.96482680581368718 -0.64829343623422098 -0.75083232268189715 -2.0044961819941638 -3.7051905668840259 -8.3120882552727586 -2.7827541437645706 -1.8094327134926989
leaf_weight=266249 5411 1037 15683 5733 1719 693 8408 244 1655 1398 913 1596 4907 1964 1647 2281 2371 5904 3310 4497 2381 4142 3919 2048 3454 82347 11747 2800 426 877 3806 240 568 226 593 330 1836 12022 2658 21243 276 1121 3087 894 400 1345 591 41570 636 3708 975 883 449 351 518 47 2436 1998 1431 663 683 96 640
leaf_count=266249 5411 1037 15683 5733 1719 693 8408 244 1655 1398 913 1596 4907 1964 1647 2281 2371 5904 3310 4497 2381 4142 3919 2048 3454 82347 11747 2800 426 877 3806 240 568 226 593 330 1836 12022 2658 21243 276 1121 3087 894 400 1345 591 41570 636 3708 975 883 449 351 518 47 2436 1998 1431 663 683 96 640
internal_value=0.000462978 -0.0109441 0.00335418 -0.00645627 -0.0186429 -0.013751 -0.000343927 -0.0268377 -0.00378085 -0.017967 -0.0244688 -0.0154461 -0.00314563 -0.022491 -0.00757149 -0.00204637 -0.0293168 -0.00888385 -0.0123551 -0.0138353 -0.026195 -0.00631888 -0.00643851 -0.00814826 -0.0191981 0.00439629 -0.000955911 0.00143731 -0.0116819 -0.0198421 -0.00900276 -0.0121446 -0.0206244 -0.0257372 -0.0216829 -0.0255717 -0.0263906 -0.00482667 -0.037195 -0.000288254 -0.00665199 -0.025703 -0.00677288 -0.0136736 -0.00908191 -0.00519834 -0.0159271 0.00174952 -0.0167181 -0.015658 -0.00979775 -0.0122808 -0.0267604 -0.0100646 -0.0189323 -0.0323171 -0.00339635 -0.00294352 -0.0149457 -0.0181375 -0.0221933 -0.00550024 -0.0123414
internal_weight=560081 113252 446829 71546 41706 26116 98233 15590 55137 13994 12688 16409 38180 7748 17309 37828 6609 12122 6246 14364 5456 15589 15662 11743 6079 348596 22591 60053 9867 1900 8684 4987 1081 841 3075 1207 4890 14654 2902 23174 1931 2034 8991 2292 4346 6756 4045 57253 1036 4134 3906 2931 2045 2632 2482 615 10844 6905 3131 2094 2519 4238 4446
internal_count=560081 113252 446829 71546 41706 26116 98233 15590 55137 13994 12688 16409 38180 7748 17309 37828 6609 12122 6246 14364 5456 15589 15662 11743 6079 348596 22591 60053 9867 1900 8684 4987 1081 841 3075 1207 4890 14654 2902 23174 1931 2034 8991 2292 4346 6756 4045 57253 1036 4134 3906 2931 2045 2632 2482 615 10844 6905 3131 2094 2519 4238 4446
is_linear=0
shrinkage=0.05


Tree=5
num_leaves=64
num_cat=0
split_feature=0 44 0 0 0 12 43 44 25 21 0 0 8 0 14 0 40 0 0 0 40 0 27 14 14 26 27 14 31 16 40 37 14 29 29 16 23 23 9 41 42 39 27 13 38 8 44 9 32 22 0 29 7 37 32 37 14 14 15 14 33 19 37
split_gain=6754.13 1416.24 738.111 579.949 576.367 246.001 227.382 194.417 132.174 117.324 116.823 105.811 94.4485 88.5193 76.1532 88.8106 73.413 68.5498 60.7085 59.3276 57.9721 52.4696 51.3167 45.4818 44.7622 43.6677 43.5336 41.4592 41.0515 39.2794 38.9203 38.8166 38.432 37.0225 36.3533 35.5896 35.0278 34.5791 32.9917 31.4772 28.5645 28.4576 27.9811 27.9564 46.2054 26.416 26.0438 25.7465 25.1504 24.7914 24.6328 24.3137 24.2445 24.0125 22.9889 26.6545 27.6911 22.9557 22.8626 22.5202 22.4267 22.219 22.1262
threshold=102.07500000000002 772.25000000000011 65.625000000000014 257.75000000000006 245.25000000000003 -0.3794095225512602 130.62500000000003 2245.2500000000005 984.55000000000007 242.50000000000003 134.12500000000003 494.25000000000006 52.57500000000001 47.050000000000004 9.5000000000000018 140.25000000000003 983.05000000000007 153.25000000000003 398.25000000000006 142.75000000000003 978.75000000000011 147.75000000000003 103.25000000000001 4.5000000000000009 5.5000000000000009 1212.2500000000002 109.25000000000001 4.5000000000000009 -13.293913517412953 11.138808074853396 981.55000000000007 44.500000000000007 5.5000000000000009 0.31178758846160176 4.8740736495118133 8.1210280999383961 17.950000000000003 15.750000000000002 551.25000000000011 544.75000000000011 10.65 1.1500000000000001 125.25000000000001 4.5000000000000009 28.250000000000004 -153.84999999999997 10489.500000000002 146.25000000000003 -2.8914103508206241 50.500000000000007 78.02500000000002 695.11382885068804 196.01562500000003 88.500000000000014 11.755705045849465 49.500000000000007 7.5000000000000009 5.5000000000000009 1.0000000180025095e-35 9.5000000000000018 10.550000000000002 0.043617726472722482 67.500000000000014
decision_type=2 2 2 2 2 2 2 2 2 2 2 2 10 2 2 2 2 2 2 2 2 2 10 2 2 2 10 2 2 2 2 2 2 2 2 2 2 2 8 2 2 2 10 2 2 8 2 10 2 2 2 2 10 2 2 2 2 2 2 2 2 2 2
left_child=2 4 13 5 8 17 12 20 14 22 26 16 21 -1 15 27 51 28 24 -10 25 30 47 -17 -5 54 61 -2 48 39 45 -11 37 60 -23 59 -26 -12 -20 -18 53 -22 -25 -29 -45 -7 -24 -9 -3 -49 -33 -6 62 -15 55 -4 -57 -56 -35 -21 -19 -8 -27
right_child=1 3 7 18 11 6 10 9 19 31 32 -13 -14 40 -16 23 29 33 38 35 41 34 46 42 36 52 -28 43 -30 -31 -32 50 -34 58 -36 -37 -38 -39 -40 -41 -42 -43 -44 44 -46 -47 -48 49 -50 -51 -52 -53 -54 -55 57 56 -58 -59 -60 -61 -62 -63 -64
leaf_value=1.1538898460260332 -0.55111603291881328 -2.1814071700320463 0.26932179889438368 -9.0760993548589113 -7.5861208259025448 -3.5804301580351634 -1.5199310385398244 -0.35158182945757877 0.072709045527538055 0.11052173397600878 -2.9032176473730864 -17.950682927140868 -4.0340993444910564 0.60565972612592567 -0.83131772025890849 -2.3818782297583283 -4.4378595669680054 -1.7862385051086851 -22.275338202609397 -1.8154318902788191 0.36304600014645139 -2.5026690605324555 -1.2966976318461994 -3.9438552331256029 -6.5578114384644408 0.14068451084535577 -2.4285208793438122 -1.2041609867361114 -0.85955190980671503 -2.6699805163582879 -0.92349212034116523 -0.12788242288078672 -3.7784591759763999 -2.7597182362807908 -3.9246927639685207 -0.47519799680343927 -5.2007412387846248 -4.7651637904175743 -18.497419218060848 -5.2989661846601113 -0.0053652730157672584 -0.7864519067755269 -4.309373585845079 -2.9046283687657946 -0.87775600990257774 -1.8696013637710274 -1.9961653096389012 -0.66516803352098508 -1.1462821612862069 -0.92922760028188101 -0.69654235230372596 -11.577944744709709 -1.5742879969910464 0.040659764272898261 -1.6545959005323014 -1.0986644385964977 0.45918554078273499 0.40529527522947961 -3.7551007163821049 -1.0918363378065481 -2.6906136884640821 -2.0313768130564944 -0.39192231813437817
leaf_weight=281571 3621 233 1116 2139 964 139 1361 3495 15099 8720 440 2268 2238 69108 5358 2827 4967 1371 244 5204 41367 3172 1936 1015 1122 10464 1345 2167 6300 2479 3154 2553 653 1100 622 8814 1616 2647 2658 4707 7683 352 333 446 486 1240 362 2771 731 4046 2404 147 97 7681 490 1269 486 148 230 7516 3135 1666 3988
leaf_count=281571 3621 233 1116 2139 964 139 1361 3495 15099 8720 440 2268 2238 69108 5358 2827 4967 1371 244 5204 41367 3172 1936 1015 1122 10464 1345 2167 6300 2479 3154 2553 653 1100 622 8814 1616 2647 2658 4707 7683 352 333 446 486 1240 362 2771 731 4046 2404 147 97 7681 490 1269 486 148 230 7516 3135 1666 3988
internal_value=0.000567784 -0.0106677 0.00325108 -0.0181988 -0.00631354 -0.0152033 -0.0188877 -0.000915365 -0.00382653 -0.00449899 -0.0251837 -0.0147817 -0.0140535 0.00423069 -0.00757922 -0.00997935 -0.0130752 -0.00995038 -0.0304351 -0.00216158 0.000660539 -0.0116026 -0.0079778 -0.0157066 -0.0270279 -0.00170617 -0.019634 -0.00642113 -0.00670842 -0.0119505 -0.00797154 -0.00129158 -0.0316711 -0.0139856 -0.015941 -0.00384648 -0.022794 -0.0340023 -0.0361613 -0.0133895 0.00281111 0.00168496 -0.0232641 -0.0106663 -0.0179077 -0.0149782 -0.0147346 -0.00647207 -0.0163174 -0.00826096 -0.00482449 -0.025378 -0.00049866 0.00310194 -0.00671274 -0.00480495 -0.00864672 -0.0152978 -0.0213158 -0.00553852 -0.011822 -0.0163082 -0.000331442
internal_weight=560081 107974 452107 39556 68418 31777 18677 86064 52886 26287 8112 15532 10565 366043 16253 10895 13264 13100 7779 36633 59777 8327 12610 4175 4877 18058 4372 6720 7264 12153 4533 13677 3740 5836 3794 21534 2738 3087 2902 9674 84472 41719 1348 3099 932 1379 2298 10312 964 6817 4957 1111 14549 76789 3509 2871 1755 638 1330 12720 4506 3027 14452
internal_count=560081 107974 452107 39556 68418 31777 18677 86064 52886 26287 8112 15532 10565 366043 16253 10895 13264 13100 7779 36633 59777 8327 12610 4175 4877 18058 4372 6720 7264 12153 4533 13677 3740 5836 3794 21534 2738 3087 2902 9674 84472 41719 1348 3099 932 1379 2298 10312 964 6817 4957 1111 14549 76789 3509 2871 1755 638 1330 12720 4506 3027 14452
is_linear=0
shrinkage=0.05


Tree=6
num_leaves=64
num_cat=0
split_feature=0 44 0 0 0 9 0 29 33 0 44 40 0 22 32 25 30 12 43 22 29 0 30 0 29 40 0 14 16 43 38 39 0 0 0 42 22 37 25 37 16 0 43 16 33 36 16 4 16 37 27 35 0 2 42 43 14 13 27 37 14 32 25
split_gain=6146.86 1264.26 803.743 556.865 403.566 191.625 178.893 176.993 128.377 112.962 106.72 96.8074 72.0704 71.9815 85.6577 70.1657 68.1521 63.0772 60.0047 57.2422 62.9855 52.7698 52.0151 51.5745 44.4033 42.9775 42.9584 40.3436 39.1467 37.5778 37.3838 36.8968 36.1904 34.568 34.1259 33.0926 32.2074 32.1792 30.7613 33.0549 30.5355 30.071 29.2096 26.6834 25.2737 24.5946 24.2659 23.4495 22.8799 22.8395 22.2205 22.0622 21.5602 21.6053 21.3843 21.0695 20.8431 19.9375 19.5871 19.5578 19.3583 21.6383 19.2742
threshold=88.02500000000002 577.75000000000011 171.25000000000003 222.25000000000003 57.525000000000006 232.25000000000003 273.25000000000006 0.27137080328932112 22.750000000000004 355.25000000000006 861.25000000000011 978.95000000000016 138.25000000000003 52.500000000000007 14.379737235786809 984.55000000000007 41.500000000000007 -0.12940952255126037 317.50000000000006 62.500000000000007 31.753730691587368 147.75000000000003 77.500000000000014 453.50000000000006 8.2313233325343713 980.75000000000011 40.550000000000004 4.5000000000000009 -22.675343576018832 126.87500000000001 18.850000000000005 1.0000000180025095e-35 112.05000000000001 685.00000000000011 70.225000000000009 14.850000000000003 62.500000000000007 56.500000000000007 984.1500000000002 64.500000000000014 11.138808074853396 126.07500000000002 157.50000000000003 -4.2332936642682926 21.750000000000004 47.500000000000007 -5.0735967181266544 86.02500000000002 9.1351013099688227 96.500000000000014 109.25000000000001 0.19936034309715231 228.25000000000003 167.25000000000003 12.450000000000005 97.500000000000014 5.5000000000000009 3.5000000000000004 154.25000000000003 88.500000000000014 9.5000000000000018 -4.2074738627027068 978.05000000000007
decision_type=2 2 2 2 2 10 2 2 2 2 2 2 2 2 2 2 2 2 2 2 2 2 2 2 2 2 2 2 2 2 2 2 2 2 2 2 2 2 2 2 2 2 2 2 2 2 2 8 2 2 10 2 2 8 2 2 2 2 10 2 2 2 2
left_child=4 3 5 11 26 15 7 35 13 16 31 21 46 14 41 19 40 36 50 32 -21 37 23 30 28 -11 -1 -16 -14 43 55 62 -3 -27 -19 49 -12 -2 58 51 45 -7 -36 -15 56 -5 -13 -20 -30 52 -10 -40 53 -4 -34 -8 -32 -35 -9 -28 61 -17 -6
right_child=1 2 6 9 10 8 22 38 18 25 17 12 24 29 27 60 -18 34 47 20 -22 -23 -24 -25 -26 33 59 -29 48 -31 44 -33 54 57 42 -37 -38 -39 39 -41 -42 -43 -44 -45 -46 -47 -48 -49 -50 -51 -52 -53 -54 -55 -56 -57 -58 -59 -60 -61 -62 -63 -64
leaf_value=1.1961953537247314 -0.59615488527788285 -0.59810819664095805 -2.9320459602853699 -2.7595588028899467 0.11137673886595466 -0.69877353170514089 -6.017161393729765 -4.8621568560657913 -1.7251806880090026 -28.963610376714964 0.26864995360494837 -0.4912510295911241 -2.2607636942646692 -2.4925676259809939 -0.19044429964706566 -1.1067738437911452 -7.2538159753428859 -0.11808089771732284 -1.8363734350925076 -1.9133696104188158 -1.8950599941986086 -3.1350094375059898 -18.171905071533487 -19.393807246242091 -2.1135066510483695 -7.5369177016317686 0.66119531557775879 -5.9713311266273399 -1.0887695913908784 -2.2500707818316661 -8.6330828838671145 -0.27812277486635467 -1.7145419119876497 -20.632821450219435 -0.33549570362617021 -3.980581488363224 -0.29508035024597207 -1.5748947590258027 -1.7451902663573795 -4.0020712491198465 -1.5192772278222433 -1.5538626063448522 -0.72200925347109468 -1.333290794183742 -7.5836722166368933 -3.6649431122285585 0.20928933110837777 -3.0270987850892919 -0.19024267104085049 -5.6164411576460154 -2.5238609379674908 -3.4731631340018367 -3.8959302808323812 -2.1144196993232116 -2.2710306713733086 -8.0010484905782526 -4.8760484905782526 -21.037037881579835 -6.3053532572376323 0.14069539234854142 -0.22462361455619623 -0.41519796551745741 0.66806929407551119
leaf_weight=240789 4465 3411 1804 5119 14025 4496 1718 1329 1424 256 14571 6767 231 630 95 4501 269 10142 306 2741 538 1210 529 1988 2791 4992 81860 361 12634 1744 483 3104 1564 505 4953 949 4327 2425 294 413 2868 3077 5308 1230 525 4067 21546 959 8033 151 728 377 2523 2908 309 969 1261 114 689 10796 3476 2636 38778
leaf_count=240789 4465 3411 1804 5119 14025 4496 1718 1329 1424 256 14571 6767 231 630 95 4501 269 10142 306 2741 538 1210 529 1988 2791 4992 81860 361 12634 1744 483 3104 1564 505 4953 949 4327 2425 294 413 2868 3077 5308 1230 525 4067 21546 959 8033 151 728 377 2523 2908 309 969 1261 114 689 10796 3476 2636 38778
internal_value=0.000665895 -0.00879386 -0.0147465 -0.00475387 0.00356632 -0.0101756 -0.0230196 -0.0190885 -0.0143987 -0.0124189 0.000695215 -0.00243403 -0.00164205 -0.0118959 -0.0092608 -0.00686118 -0.00970015 -0.00130137 -0.0229192 -0.0102283 -0.0154178 -0.00751852 -0.0290359 -0.0278845 -0.00367702 -0.0181294 0.00438611 -0.030307 -0.00288592 -0.0177664 -0.0251554 0.00209875 -0.00700795 -0.0172153 -0.00322918 -0.0152939 0.000779977 -0.00582729 -0.0292843 -0.0224908 -0.00914468 -0.00799353 -0.00526216 -0.0128226 -0.0204297 -0.0105508 6.05731e-05 -0.0315613 -0.00265713 -0.0141646 -0.0178392 -0.0156408 -0.013763 -0.0117657 -0.0125921 -0.0291459 -0.0175344 -0.0283603 -0.0329336 0.00347123 -0.00414445 -0.00563472 0.00241019
internal_weight=560081 131428 53136 78292 428653 34226 18910 11437 15050 18190 95208 60102 52002 11633 8029 19176 12323 39301 3417 8563 3279 8100 7473 6944 23689 5867 333445 456 20898 3604 4956 55907 5284 5611 20403 8335 18898 6890 3102 1084 12054 7573 10261 1860 2269 9186 28313 1265 20667 7386 2152 671 7235 4712 1873 2687 1744 619 2018 92656 10613 7137 52803
internal_count=560081 131428 53136 78292 428653 34226 18910 11437 15050 18190 95208 60102 52002 11633 8029 19176 12323 39301 3417 8563 3279 8100 7473 6944 23689 5867 333445 456 20898 3604 4956 55907 5284 5611 20403 8335 18898 6890 3102 1084 12054 7573 10261 1860 2269 9186 28313 1265 20667 7386 2152 671 7235 4712 1873 2687 1744 619 2018 92656 10613 7137 52803
is_linear=0
shrinkage=0.05


Tree=7
num_leaves=64
num_cat=0
split_feature=0 44 0 0 0 14 44 27 8 27 8 30 22 16 0 0 0 25 0 23 18 42 36 0 39 16 0 0 3 14 13 25 44 12 14 42 0 14 14 0 0 0 16 29 3 7 44 38 14 29 37 37 38 1 37 44 13 34 25 25 32 16 37
split_gain=5643.96 1130.27 726.756 478.634 407.364 214.006 186.305 160.543 137.669 110.99 77.3879 72.4127 72.2449 66.7625 65.8229 64.9317 63.6179 62.893 56.4873 51.984 49.2091 48.6078 42.8295 41.3459 40.8546 40.4321 36.6227 35.4543 35.0195 33.1903 40.3481 33.0519 32.5585 32.0358 31.8979 31.641 31.2408 30.607 47.8459 39.0698 29.1645 27.257 26.4897 26.4173 26.023 24.5097 23.9202 32.4602 24.3297 34.2193 27.6982 23.5009 23.3796 22.5145 22.3029 22.0038 21.6225 21.5148 20.8116 20.5219 19.7751 19.677 19.6189
threshold=106.12500000000001 990.25000000000011 61.025000000000006 282.75000000000006 228.25000000000003 9.5000000000000018 1173.5000000000002 109.25000000000001 56.050000000000011 101.25000000000001 252.25000000000003 79.500000000000014 53.500000000000007 7.8160832126376878 145.25000000000003 41.975000000000009 494.25000000000006 981.85000000000002 136.25000000000003 17.950000000000003 25.950000000000003 15.950000000000003 47.500000000000007 79.02500000000002 1.0000000180025095e-35 -4.2332936642682926 174.25000000000003 79.02500000000002 112.05000000000001 5.5000000000000009 1.0000000180025095e-35 975.55000000000007 5998.7500000000009 -0.3794095225512602 4.5000000000000009 14.250000000000004 84.02500000000002 9.5000000000000018 3.5000000000000004 174.25000000000003 199.25000000000003 174.25000000000003 -2.6847294889079478 65.867890496046698 45.525000000000006 99.397916666666674 4041.7500000000005 25.050000000000004 4.5000000000000009 16.076715985165237 63.500000000000007 88.500000000000014 32.850000000000001 78.125000000000014 58.500000000000007 45.000000000000234 2.5000000000000004 0.58068084432175981 981.95000000000016 977.55000000000007 -15.160721125556412 5.2897521077334702 34.500000000000007
decision_type=2 2 2 2 2 2 2 10 10 10 10 2 2 2 2 2 2 2 2 2 2 2 2 2 2 2 2 2 8 2 2 2 2 2 2 2 2 2 2 2 2 2 2 2 10 8 2 2 2 2 2 2 2 8 2 2 2 2 2 2 2 2 2
left_child=2 3 15 8 5 7 24 14 13 12 22 16 36 20 25 -1 21 26 32 -20 37 29 61 -14 27 52 62 -4 -16 -6 -31 54 34 -21 -9 -27 -8 38 45 -39 -19 -7 -24 59 -40 -2 48 56 50 -50 -11 -17 -3 -38 -29 -15 -48 -41 -12 -25 -34 -5 -10
right_child=1 4 6 10 11 41 9 18 17 46 58 -13 23 55 28 51 -18 40 19 33 -22 -23 42 43 -26 35 -28 31 -30 30 -32 -33 60 -35 -36 -37 53 39 44 57 -42 -43 -44 -45 -46 -47 47 -49 49 -51 -52 -53 -54 -55 -56 -57 -58 -59 -60 -61 -62 -63 -64
leaf_value=1.1113855860384949 0.049517670619336998 -1.888613797518552 0.45088586640460238 -5.8366165331795283 -6.3393934794231308 -0.63335053901053406 0.17314108048728266 -1.3961670221006162 -0.53807025032533662 0.12709245948367584 -27.597930147743821 -16.495632525185709 -0.25142862300082719 -0.02962472446747846 -3.4528893735363342 0.58163077735908864 -21.206358128266146 -1.1405944513163442 -1.8060207915447295 -2.5206698467990796 -2.3855204512528339 -7.2102190765023693 -8.0701080135497065 -1.0078349039412096 -0.45989989534172682 -1.043963786245186 -4.7068020566917737 -0.31955541381677771 -2.4726953130226446 -5.3928116424857473 -5.0587464393000623 0.13511570358130739 -2.4515262655217369 -3.9817812710720704 -3.9907607492824528 -1.898059924845656 -1.0325965090547149 -0.027238987098656509 -2.6941793323963084 -1.953520968395382 -2.776414194469305 -2.1619551224779694 -5.8062018574675562 -1.414473981907745 -1.4916253953331262 -1.2182894403250941 -0.99067752221583116 -0.99396650336313519 -0.38710609625375958 -2.2944110832040709 -1.360079817786469 0.081641966339821445 -0.69079520965984686 -0.13610683316505642 -0.88363033027976245 -1.1903969305998892 -2.0280862558771418 -0.42267795413048009 -15.733886684849899 -0.6635410441629358 -1.7242133543576637 -3.805070955010176 -2.7083980154489322
leaf_weight=249234 2251 2302 34880 3706 2529 3736 13503 1270 614 1319 283 580 9780 16266 2385 88328 1248 5064 498 697 475 967 1469 1602 2943 4758 835 1692 2805 708 3137 26929 297 2023 383 866 1806 6996 1213 4793 3353 2253 3097 448 2092 6620 573 1437 531 391 427 11034 383 4611 1095 2725 636 2212 1129 4249 565 1930 1120
leaf_count=249234 2251 2302 34880 3706 2529 3736 13503 1270 614 1319 283 580 9780 16266 2385 88328 1248 5064 498 697 475 967 1469 1602 2943 4758 835 1692 2805 708 3137 26929 297 2023 383 866 1806 6996 1213 4793 3353 2253 3097 448 2092 6620 573 1437 531 391 427 11034 383 4611 1095 2725 636 2212 1129 4249 565 1930 1120
internal_value=0.000750436 -0.0098461 0.00312787 -0.00612129 -0.0172376 -0.0139564 -0.000438577 -0.0165266 -0.00422496 -0.00308341 -0.0153677 -0.026263 -0.0020877 -0.00301547 -0.0135495 0.00424153 -0.0251083 -0.00924995 -0.0235365 -0.0279242 -0.00462967 -0.023334 -0.0138492 -0.00458082 0.00117924 -0.0107901 -0.0160977 0.00144173 -0.0179672 -0.0217493 -0.0188231 0.000172634 -0.0179225 -0.0306434 -0.0138143 -0.00838016 -7.5301e-05 -0.00434026 -0.00617362 -0.00274588 -0.00715991 -0.00570296 -0.0174485 -0.00774012 -0.0113086 -0.00426051 -0.00982875 -0.0131973 -0.00648801 -0.0130586 -0.00301833 0.00316077 -0.015838 -0.00294764 -0.00501076 -0.000750092 -0.0192349 -0.00538544 -0.0263385 -0.00684413 -0.0258005 -0.0109333 -0.011955
internal_weight=560081 102633 457448 68243 34390 25221 108852 19232 56629 41313 11614 9169 35999 45643 13499 348596 8589 10986 5733 3218 26652 7341 10202 16079 67539 8309 2569 64596 5190 6374 3845 29716 2515 2720 1653 5624 19920 26177 12176 14001 8417 5989 4566 6299 3305 8871 5314 2646 2668 922 1746 99362 2685 6417 2787 18991 1209 7005 1412 5851 862 5636 1734
internal_count=560081 102633 457448 68243 34390 25221 108852 19232 56629 41313 11614 9169 35999 45643 13499 348596 8589 10986 5733 3218 26652 7341 10202 16079 67539 8309 2569 64596 5190 6374 3845 29716 2515 2720 1653 5624 19920 26177 12176 14001 8417 5989 4566 6299 3305 8871 5314 2646 2668 922 1746 99362 2685 6417 2787 18991 1209 7005 1412 5851 862 5636 1734
is_linear=0
shrinkage=0.05


Tree=8
num_leaves=64
num_cat=0
split_feature=0 0 44 44 0 27 8 14 30 0 0 44 3 0 0 40 16 16 38 40 0 42 28 22 23 25 27 42 14 13 43 14 38 14 13 0 23 33 12 16 40 25 40 0 35 41 0 25 33 13 30 44 0 22 16 43 9 19 25 4 14 10 37
split_gain=5142.06 1014.82 696.887 438.643 378.107 234.453 113.964 110.381 104.381 100.05 93.1211 90.8663 88.0287 82.6895 75.3487 63.1643 59.5259 56.7363 56.6269 51.4991 50.4482 48.6521 44.6909 42.8843 41.4073 40.4359 42.0892 39.6818 39.4372 48.8164 37.5478 40.5537 34.2058 34.1698 46.8351 37.896 34.9003 34.6391 32.1071 29.7978 27.5447 27.5346 27.3157 26.0167 25.9759 25.0944 25.0467 24.9152 24.8393 23.9302 22.7865 22.2687 21.9931 21.9793 21.7076 21.6365 21.3338 21.2487 21.1281 20.8247 20.5428 20.2093 20.1871
threshold=88.02500000000002 222.25000000000003 1221.7500000000002 577.75000000000011 57.025000000000006 109.25000000000001 56.050000000000011 5.5000000000000009 79.500000000000014 140.25000000000003 453.50000000000006 861.25000000000011 100.02500000000002 494.25000000000006 136.25000000000003 982.75000000000011 -4.3644199793354845 7.8160832126376878 34.050000000000004 980.75000000000011 39.975000000000009 15.950000000000003 19.035000000000004 59.500000000000007 17.950000000000003 984.1500000000002 89.050000000000011 10.65 5.5000000000000009 1.0000000180025095e-35 322.50000000000006 4.5000000000000009 32.850000000000001 9.5000000000000018 1.0000000180025095e-35 116.25000000000001 14.65 19.650000000000002 1.0000000180025095e-35 11.138808074853396 980.75000000000011 978.05000000000007 984.45000000000016 70.825000000000003 0.50751903745502724 604.75000000000011 174.25000000000003 982.95000000000016 10.950000000000001 3.5000000000000004 41.500000000000007 3613.0000000000005 685.00000000000011 49.500000000000007 -2.5110092042346621 90.625000000000014 300.25000000000006 -0.55191596924288666 980.45000000000016 63.650000000000013 6.5000000000000009 55.32500000000001 40.500000000000007
decision_type=2 2 2 2 2 10 10 2 2 2 2 2 8 2 2 2 2 2 2 2 2 2 2 2 2 2 10 2 2 2 2 2 2 2 2 2 2 2 2 2 2 2 2 2 2 2 2 2 2 2 2 2 2 2 2 2 10 2 2 10 2 10 2
left_child=4 2 6 10 20 9 17 14 13 16 15 41 56 21 22 50 32 33 25 23 -1 28 30 -8 -16 26 43 -18 57 -30 31 51 55 34 -2 -36 -37 42 53 45 -12 60 44 -13 58 -17 -35 -19 -14 52 -3 -7 -42 -26 -21 -4 -11 -5 -38 -25 -6 -57 -31
right_child=1 3 5 8 11 7 19 -9 -10 12 40 18 48 -15 24 39 27 47 -20 54 -22 -23 -24 59 38 -27 -28 -29 29 62 -32 -33 -34 46 35 36 37 -39 -40 -41 49 -43 -44 -45 -46 -47 -48 -49 -50 -51 -52 -53 -54 -55 -56 61 -58 -59 -60 -61 -62 -63 -64
leaf_value=1.0858163258100564 0.16134870206253329 -5.0772575895701237 -1.0345988817745091 -4.9180826047438906 0.16630926613943203 -1.0704556993680392 -1.5374015395319631 -0.76051290891388612 -15.64326024014734 -2.7317367988227299 -26.693565496071585 -0.062966983628040304 -0.93391146786770207 -19.481297756813557 -1.7276830379353894 -2.9225456391673705 -0.47796956536890794 -0.62014071246822811 0.32782764173165813 -2.119820543798641 0.53883672132181215 -6.7464118126705488 -0.80801931290340256 -1.9550133398097616 -1.7718148911746852 0.07473543612646126 -0.87286483198919551 -1.181270670579895 -5.1067553990467385 -5.3499671654164294 -2.1131635065521244 -3.4529682301397089 -0.39649520031576052 0.094341568569958942 -0.43277386225396697 -0.47654978697360378 -2.6662452697624723 -2.1414966842941872 -3.8244944172631898 -1.7110965928462172 -9.1229554979269665 0.56266362925067737 -0.9394724302494013 -0.44527958065127005 -2.0196222910214034 -3.6759211255853566 -1.121880080533227 0.26686217199219242 -2.1782225997099629 -8.2674718335742394 -6.6702012655095047 -1.6328710936539812 -18.959349551049485 -3.3425287572348115 -0.84115550866744881 -1.3055575790941925 -3.4122848342987391 -6.165710503227757 -1.2580795570746361 -3.6764967457452147 -0.25131950148112842 -1.6859729567194361 -4.4105682207709647
leaf_weight=235338 3875 979 987 1558 12850 1035 1699 1126 667 1277 156 10611 1073 1490 424 6215 8305 4499 8891 2080 96168 1029 557 741 479 9738 3233 3786 901 604 687 502 852 9272 8688 1908 954 416 1544 3169 1266 40708 2313 7624 1029 4720 4212 19773 4676 895 285 930 505 383 5155 2421 1082 1812 1369 355 3492 1187 3526
leaf_count=235338 3875 979 987 1558 12850 1035 1699 1126 667 1277 156 10611 1073 1490 424 6215 8305 4499 8891 2080 96168 1029 557 741 479 9738 3233 3786 901 604 687 502 852 9272 8688 1908 954 416 1544 3169 1266 40708 2313 7624 1029 4720 4212 19773 4676 895 285 930 505 383 5155 2421 1082 1812 1369 355 3492 1187 3526
internal_value=0.000824176 -0.00782794 -0.00544997 -0.0159457 0.00347697 -0.0113795 -0.00255948 -0.0190511 -0.0235492 -0.00908602 -0.0111023 0.000733785 -0.0136791 -0.0223764 -0.0215403 -0.00956923 -0.0069626 -0.00171263 -0.00109023 -0.00748255 0.00428086 -0.0206469 -0.0168539 -0.0132469 -0.0276855 -0.00209319 -0.00330538 -0.00500744 -0.01939 -0.0165862 -0.0191598 -0.0162809 -0.0113026 -0.00302973 -0.00431296 -0.00546351 -0.00794905 -0.0098002 -0.0302244 -0.00860961 -0.0194507 0.00201578 -0.00877758 -0.00237318 -0.0116617 -0.00984682 -0.00107387 0.000134311 -0.0103418 -0.0182558 -0.0202769 -0.0130407 -0.0216234 -0.0224942 -0.0052557 -0.0130087 -0.0218122 -0.0235757 -0.00873224 -0.020958 0.000282095 -0.0148032 -0.0142857
internal_weight=560081 131428 101651 29777 428653 33313 68338 7667 11587 25646 18190 97147 8108 10920 6541 15368 17538 58308 40097 10030 331506 9430 3711 2795 2830 31206 21468 12091 8401 5031 3154 2467 5447 34036 20552 16677 7989 6081 2406 14104 2822 57050 5665 18235 3352 10935 13484 24272 5749 2666 1264 1965 1771 862 7235 4595 2359 3370 2323 1096 16342 3608 4130
internal_count=560081 131428 101651 29777 428653 33313 68338 7667 11587 25646 18190 97147 8108 10920 6541 15368 17538 58308 40097 10030 331506 9430 3711 2795 2830 31206 21468 12091 8401 5031 3154 2467 5447 34036 20552 16677 7989 6081 2406 14104 2822 57050 5665 18235 3352 10935 13484 24272 5749 2666 1264 1965 1771 862 7235 4595 2359 3370 2323 1096 16342 3608 4130
is_linear=0
shrinkage=0.05


Tree=9
num_leaves=64
num_cat=0
split_feature=0 44 0 0 0 12 12 43 44 8 8 29 0 12 0 29 0 16 25 0 25 43 36 14 0 40 39 0 29 34 33 31 35 27 0 37 16 44 37 18 29 3 0 28 38 37 0 7 31 0 25 28 8 13 20 32 5 19 38 14 20 5 27
split_gain=4671.52 885.089 475.135 464.479 435.712 149.216 134.986 110.31 104.594 103.873 103.033 101.703 86.4747 66.1963 64.9975 59.163 58.7292 58.4492 54.9055 53.8348 51.6751 49.8439 44.4472 44.433 39.4635 38.5449 37.6135 37.4476 37.0629 34.9342 33.1171 32.4156 59.0402 31.853 29.8787 29.1157 28.6154 27.9188 27.3793 26.6839 25.4701 38.0242 24.5252 24.4442 24.3854 24.2397 23.6786 22.8735 22.5436 21.2196 20.8328 20.7725 20.7563 20.6784 20.6775 20.4105 25.3813 20.005 19.836 19.7576 19.453 19.2479 19.1513
threshold=94.125000000000014 1123.7500000000002 245.25000000000003 57.525000000000006 165.25000000000003 -0.60355339059327384 -0.3794095225512602 130.62500000000003 1074.2500000000002 64.425000000000026 198.75000000000003 5.5714142591284546 453.50000000000006 -0.12940952255126037 122.25000000000001 31.753730691587368 39.975000000000009 -4.3644199793354845 975.6500000000002 273.25000000000006 982.55000000000007 135.62500000000003 47.500000000000007 4.5000000000000009 134.12500000000003 981.05000000000007 1.0000000180025095e-35 70.825000000000003 3.6268396484099541 0.40673664307580037 20.250000000000004 -8.3324246518880418 0.17364817766693022 143.25000000000003 191.25000000000003 32.500000000000007 0.87730911194107419 4267.5000000000009 38.500000000000007 25.950000000000003 87.871760441173095 40.975000000000009 76.52500000000002 5.4350000000000014 23.950000000000003 92.500000000000014 685.00000000000011 201.31074561403508 -14.576888230839444 422.75000000000006 982.45000000000016 2.3650000000000007 103.10000000000001 3.5000000000000004 -0.27563735581699894 -15.160721125556412 46.025000000000006 -0.87032255546191706 22.650000000000002 4.5000000000000009 -0.25037047035109417 28.050000000000004 128.25000000000003
decision_type=2 2 2 2 2 2 2 2 2 10 10 2 2 2 2 2 2 2 2 2 2 2 2 2 2 2 2 2 2 2 2 2 2 10 2 2 2 2 2 2 2 10 2 2 2 2 2 8 2 2 2 2 10 2 2 2 10 2 2 2 2 8 10
left_child=3 2 9 16 6 12 31 15 26 17 22 19 30 35 33 -8 -1 39 -19 21 34 -7 49 58 -20 -12 42 -15 -26 62 -6 32 52 55 43 -10 -24 61 44 40 -2 51 -5 -11 -16 -18 50 -41 -21 -4 -38 -42 -3 -27 -25 -9 -57 -32 -17 -46 -23 -29 -13
right_child=1 4 10 8 5 11 7 14 13 20 25 29 -14 27 38 23 45 18 24 48 -22 60 36 54 28 53 -28 37 -30 -31 57 -33 -34 -35 -36 -37 46 -39 -40 47 41 -43 -44 -45 59 -47 -48 -49 -50 -51 -52 -53 -54 -55 -56 56 -58 -59 -60 -61 -62 -63 -64
leaf_value=1.0315255095195537 -0.82923880118148097 -0.65669727559785507 -2.663549614230925 0.47915474546726955 -2.8094840321335361 -2.5994866794722613 -0.95139857889886525 -2.1237199127504018 0.50728917462378431 -2.2403987688100484 -22.025355178518328 -5.6099125998511106 -17.631525629290696 -0.12456762903158883 -2.5284299302283793 -3.797228864292145 0.55711221301179847 -1.695784737985083 0.18416120988329598 -5.9551445029410228 -1.4491172491566018 -4.3039620366463849 -5.3431183581981605 -1.9749333906315845 -0.48185069929389934 -13.986845896477883 -0.31617204959667689 -1.2586879493934129 -1.7055185213966717 -3.8476278044984649 -2.501360654485806 -0.54431833195068025 -2.0479961649328056 -2.3537715735322435 -4.0525951111012928 -0.099302431400950297 -6.0483319274346492 -0.76943594830883189 -2.2328174065278481 -1.5039496608643987 -2.0764696278250869 -0.66711862636300745 0.11324224805883737 -0.39050878553292173 -2.2597600078046685 0.0016250921233134513 -16.309741903215933 -2.4127371219097236 -8.4969753340121628 -7.2905807527301825 -3.5074285182010727 -3.0496179987167036 -3.3019663574615912 -6.7466999350803638 -3.4573723326535823 -1.4331137190272361 -0.84668026392597617 -4.535261581697565 -1.072107381326677 -3.3528277881205568 -3.3889794676916432 -0.29704146188796471 -12.82050920908649
leaf_weight=235338 14450 1934 6070 38805 4363 2985 4882 652 7857 1647 416 593 631 9883 613 82 92239 1084 19027 852 5701 565 2919 92 17470 1205 3349 481 2458 637 362 7034 513 501 511 12288 178 5288 2172 359 145 736 22457 484 315 5868 111 156 2242 1525 3684 203 54 603 489 823 2678 574 569 147 875 5835 1022
leaf_count=235338 14450 1934 6070 38805 4363 2985 4882 652 7857 1647 416 593 631 9883 613 82 92239 1084 19027 852 5701 565 2919 92 17470 1205 3349 481 2458 637 362 7034 513 501 511 12288 178 5288 2172 359 145 736 22457 484 315 5868 111 156 2242 1525 3684 203 54 603 489 823 2678 574 569 147 875 5835 1022
internal_value=0.00089488 -0.00783173 -0.00485002 0.00328435 -0.0139957 -0.0204474 -0.00969427 -0.0128166 0.000405345 -0.00290148 -0.0123628 -0.0242447 -0.0141906 -0.00154905 -0.0167188 -0.00777396 0.00420167 -0.00212719 -0.0011053 -0.021453 -0.0081068 -0.0179153 -0.0108245 -0.0175649 -0.000796432 -0.0223831 0.00166465 -0.00347955 -0.00235147 -0.0335657 -0.012107 -0.00510488 -0.009994 -0.0129308 -0.0138872 0.000510052 -0.0137319 -0.00540589 -0.0221481 -0.00467662 -0.00430539 -0.0116974 0.00194672 -0.0112834 -0.0286744 0.00317393 -0.0109703 -0.0158738 -0.0265126 -0.00818631 -0.0103159 -0.0253161 -0.00609155 -0.0192257 -0.0276162 -0.0114941 -0.00998143 -0.020641 -0.00859447 -0.02 -0.0255556 -0.00316181 -0.0374768
internal_weight=560081 120393 81142 439688 39251 15701 23550 14015 106243 64431 16711 9771 5930 41632 7901 6114 333445 56088 40039 7519 8343 4425 14487 1232 38955 2224 64611 21487 19928 2252 5299 9535 2501 4654 2642 20145 6892 11604 3247 16049 15534 1084 61262 2131 1075 98107 3973 515 3094 7595 3862 348 1988 1808 581 4153 3501 936 651 462 1440 6316 1615
internal_count=560081 120393 81142 439688 39251 15701 23550 14015 106243 64431 16711 9771 5930 41632 7901 6114 333445 56088 40039 7519 8343 4425 14487 1232 38955 2224 64611 21487 19928 2252 5299 9535 2501 4654 2642 20145 6892 11604 3247 16049 15534 1084 61262 2131 1075 98107 3973 515 3094 7595 3862 348 1988 1808 581 4153 3501 936 651 462 1440 6316 1615
is_linear=0
shrinkage=0.05


Tree=10
num_leaves=64
num_cat=0
split_feature=0 44 0 0 0 3 44 0 25 0 21 40 43 43 0 8 0 14 0 40 0 27 0 38 23 26 42 8 39 12 23 13 14 5 17 10 17 44 32 25 37 42 43 8 23 35 39 11 0 25 6 19 44 25 9 37 14 35 19 29 22 21 22
split_gain=4247.99 800.149 638.233 357.092 293.961 170.348 132.35 104.809 95.7173 93.4591 90.7636 82.1531 65.1736 63.0777 61.2151 57.3874 57.0394 53.7984 52.8972 51.003 47.2466 45.3984 41.2467 36.2826 35.8203 34.7181 32.8996 30.1934 29.7093 29.4487 35.2279 29.2439 42.3991 31.014 29.5998 29.0666 27.8945 26.6712 26.6018 26.5498 26.1485 26.0869 25.7269 23.4388 23.052 22.1106 22.1078 21.4959 21.4603 23.7011 21.3745 21.2681 21.151 20.6915 20.5925 20.5743 20.3829 19.2737 28.8477 34.7117 30.7264 18.3253 18.0564
threshold=108.05000000000001 615.25000000000011 63.050000000000004 265.25000000000006 291.25000000000006 86.02500000000002 2245.2500000000005 140.25000000000003 981.05000000000007 40.550000000000004 242.50000000000003 983.85000000000002 126.87500000000001 86.875000000000014 183.75000000000003 252.25000000000003 552.50000000000011 9.5000000000000018 174.25000000000003 979.55000000000007 147.75000000000003 109.25000000000001 203.25000000000003 19.150000000000002 24.750000000000004 1212.2500000000002 7.8000000000000034 66.52500000000002 1.0000000180025095e-35 -0.3794095225512602 15.950000000000001 4.5000000000000009 5.5000000000000009 33.050000000000004 -2.6687312715736318 41.625000000000007 4.687222170220025 9214.7500000000018 -15.160721125556412 975.95000000000016 34.500000000000007 17.750000000000007 97.500000000000014 23.025000000000006 15.750000000000002 0.81408451933196957 0.15000000000000005 -0.9159756150367534 78.02500000000002 977.1500000000002 96.64166666666668 0.96359376111369366 10844.250000000002 984.85000000000002 123.25000000000001 74.500000000000014 4.5000000000000009 0.59480013772226059 -0.35836794954530055 1.7205817642031367 51.500000000000007 196.25000000000003 53.500000000000007
decision_type=2 2 2 2 2 8 2 2 2 2 2 2 2 2 2 10 2 2 2 2 2 10 2 2 2 2 2 10 2 2 2 2 2 8 2 10 2 2 2 2 2 2 2 10 2 2 2 2 2 2 8 2 2 2 10 2 2 2 2 2 2 2 2
left_child=2 4 9 5 11 7 19 13 -5 -1 21 18 24 -3 28 36 23 20 39 25 50 54 -19 42 45 31 43 -20 -13 -22 -31 33 34 -4 -33 -14 53 51 -39 -2 -12 -25 -10 -11 -37 -9 -21 -16 -42 -50 -7 -15 -23 -6 -8 61 -26 -41 -59 -60 -61 -17 -56
right_child=1 3 6 8 15 17 10 12 16 26 40 14 35 37 47 55 -18 22 27 46 29 52 -24 41 56 -27 -28 -29 -30 30 -32 32 -34 -35 -36 44 -38 38 -40 57 48 -43 -44 -45 -46 -47 -48 -49 49 -51 -52 -53 -54 -55 62 -57 -58 58 59 60 -62 -63 -64
leaf_value=0.97494921497008957 -2.2398616156171971 -1.0720306386203127 -1.3431605935859068 -16.577586539141262 -7.9257096005960852 -1.6679656424648006 -0.13840056374073734 -1.8078961028705933 -5.1802026535816488 0.61561510878737169 0.26192483033351305 -0.083699233172799703 -3.7321968473802003 -1.4912060700583414 -3.4444649920552415 -18.689837627250338 -20.022126567311556 -0.76577901760421829 -2.2155600382057083 0.36959174215043311 -1.842523680990654 -1.1689919178300101 -2.4846339026965798 -4.5239823410574642 -2.3011744498509676 -0.017976502099370916 0.099039236458158805 -3.8446860692798261 -2.8491401626244803 -2.316252603169199 -3.3785224742061049 0.22789858222215945 -0.02197402380040572 -0.015928156240772422 -1.1097930388526851 -1.0496184201561154 -6.5568656503240703 -2.6054626337823303 -1.7040647793639949 -0.60040859489363285 -0.0069404933385918523 -8.9826809905278235 -6.5508921002161857 0.13563348801472089 -3.6684235760077861 -2.5301667745684604 -0.59558714358020948 -1.1705528792721174 -0.87282313514256971 -0.37165137032827578 -0.80428633342968137 -1.6329191616879322 -1.7747107267709952 -4.395633903457969 -0.40958626241756058 -12.159022438608307 -4.1843795369345349 -0.33799161438332703 -0.95548239021757242 -1.3199499184378192 -1.9581488656630559 -13.402522105099251 -0.73802846046774562
leaf_weight=240789 1235 2068 505 806 674 1262 2879 1379 2267 84974 7268 22463 758 2852 1109 427 947 5482 2104 46773 3033 2078 2600 2393 454 19122 18419 1275 182 1678 1421 197 685 2825 840 91 1337 316 485 6585 4820 126 1271 12553 1437 389 772 13450 1170 3073 4452 341 345 6557 4148 507 597 1411 738 386 464 338 5699
leaf_count=240789 1235 2068 505 806 674 1262 2879 1379 2267 84974 7268 22463 758 2852 1109 427 947 5482 2104 46773 3033 2078 2600 2393 454 19122 18419 1275 182 1678 1421 197 685 2825 840 91 1337 316 485 6585 4820 126 1271 12553 1437 389 772 13450 1170 3073 4452 341 345 6557 4148 507 597 1411 738 386 464 338 5699
internal_value=0.000963441 -0.00836835 0.00299536 -0.0139757 -0.00480618 -0.011575 -0.000467592 -0.0165188 -0.0235339 0.00399715 -0.00317027 -0.00329053 -0.0217973 -0.0120736 -0.00205569 -0.0127236 -0.0216562 -0.0088047 -0.00652627 0.000718708 -0.0109505 -0.00595782 -0.00565949 -0.019872 -0.0167098 -0.00115124 0.00283089 -0.0119873 -0.000429454 -0.0139987 -0.0174266 -0.00483769 -0.0101278 -0.0021021 -0.0165043 -0.0280709 -0.0112523 -0.0157436 -0.0239014 -0.00482069 -0.000584471 -0.0152858 -0.0231374 0.00319691 -0.0320419 -0.0123643 0.00166947 -0.00458514 -0.00237614 -0.00496936 -0.00767938 -0.0136971 -0.0122307 -0.0100256 -0.00476348 -0.0226336 -0.02402 -0.00393155 -0.00725408 -0.0118766 -0.0187647 -0.0278105 -0.00585102
internal_weight=560081 100147 459934 38905 61242 31095 103199 11167 7810 356735 31480 51402 5105 6062 37204 9840 7004 19928 14198 71719 11846 15149 8082 6057 2819 24174 115946 3379 22645 6132 3099 5052 1722 3330 1037 2286 8568 3994 801 10819 16331 2519 3538 97527 1528 1768 47545 14559 9063 4243 5714 3193 2423 7231 12726 1272 1051 9584 2999 1588 850 765 9847
internal_count=560081 100147 459934 38905 61242 31095 103199 11167 7810 356735 31480 51402 5105 6062 37204 9840 7004 19928 14198 71719 11846 15149 8082 6057 2819 24174 115946 3379 22645 6132 3099 5052 1722 3330 1037 2286 8568 3994 801 10819 16331 2519 3538 97527 1528 1768 47545 14559 9063 4243 5714 3193 2423 7231 12726 1272 1051 9584 2999 1588 850 765 9847
is_linear=0
shrinkage=0.05


Tree=11
num_leaves=64
num_cat=0
split_feature=0 0 44 44 0 0 12 8 30 43 0 29 0 42 0 1 29 25 20 4 34 37 42 23 40 25 0 16 22 13 22 12 43 0 29 44 37 17 0 38 16 23 40 8 43 43 5 31 13 40 39 40 0 22 29 37 13 29 27 43 0 13 35
split_gain=3855.35 795.187 486.868 283.117 272.543 201.182 174.068 110.448 106.99 104.343 76.5019 70.031 64.3508 59.0575 57.5096 51.2254 48.7499 43.7289 41.796 40.8843 38.7184 55.0737 38.6989 37.729 36.867 35.9547 34.0587 33.1864 32.7424 32.1992 31.9847 30.7497 29.9704 29.1885 28.2753 28.0018 26.3599 26.1525 24.7007 24.6804 23.0091 22.512 22.2107 21.6642 21.1565 20.8375 20.7359 20.4026 20.2471 20.1919 20.1491 19.8307 19.671 19.5616 23.7276 19.0127 18.5116 36.9884 21.5227 18.4869 22.0694 18.2053 17.5794
threshold=82.325000000000017 245.25000000000003 1272.0000000000005 577.75000000000011 49.050000000000004 114.25000000000001 -0.3794095225512602 64.425000000000026 56.500000000000007 307.50000000000006 552.50000000000011 13.139730627171689 685.00000000000011 3.7000000000000011 126.07500000000002 85.050000000000011 1.5751499087367871 982.55000000000007 -0.061046214993534811 117.25000000000001 0.44618082326431224 63.500000000000007 16.550000000000004 24.150000000000002 983.05000000000007 978.1500000000002 34.050000000000004 -22.675343576018832 53.500000000000007 1.0000000180025095e-35 52.500000000000007 -0.12940952255126037 122.50000000000001 159.25000000000003 0.31178758846160176 4041.7500000000005 31.500000000000004 -4.3114084166034781 355.25000000000006 25.150000000000002 9.6363470263820101 21.750000000000004 984.45000000000016 23.025000000000006 152.50000000000003 97.500000000000014 50.050000000000004 5.9753609712203284 4.5000000000000009 991.85000000000002 0.15000000000000005 979.25000000000011 142.75000000000003 53.500000000000007 38.192823326133961 36.500000000000007 4.5000000000000009 87.871760441173095 59.050000000000004 86.875000000000014 156.25000000000003 3.5000000000000004 0.034899496702501191
decision_type=2 2 2 2 2 2 2 10 2 2 2 2 2 2 2 8 2 2 2 8 2 2 2 2 2 2 2 2 2 2 2 2 2 2 2 2 2 2 2 2 2 2 2 10 2 2 10 2 2 2 2 2 2 2 2 2 2 2 10 2 2 2 2
left_child=4 2 7 10 26 15 30 14 12 11 24 18 22 25 23 35 27 33 59 -11 36 -22 29 -2 -3 43 -1 -16 -25 49 -7 -15 51 55 -32 -4 -13 -36 -26 -37 47 -12 -18 -6 -39 -31 62 -29 -35 -5 -44 61 -20 -17 -55 -9 -30 58 -58 -8 -61 -33 -41
right_child=1 3 5 8 13 6 9 17 -10 19 41 20 -14 31 16 53 42 -19 52 -21 21 -23 -24 28 38 -27 -28 40 56 45 34 32 -34 48 37 39 -38 44 -40 46 -42 -43 50 -45 -46 -47 -48 -49 -50 -51 -52 -53 -54 54 -56 -57 57 -59 -60 60 -62 -63 -64
leaf_value=1.0362017446848419 0.3594087837654652 -5.2043818759624996 -0.80897978234609802 -5.3568013347932162 0.23293093738382631 -0.89771865357884506 -1.9105441700326038 -0.17476691998916005 -13.544076402133664 -1.9537872579266331 -11.76258541406461 -2.2099180467942001 -22.930818854246603 0.17841336731687385 -1.8532017592248371 -0.17203513077881782 -1.7393391847715127 -1.3087525334131638 -0.73720494395645741 -3.0594603324570353 -1.440110479187483 -2.3262996017114412 -6.6570514798458902 -0.079809823531634391 -2.1102705874059708 0.59277110538792577 0.54120171607461243 -0.54976133192627186 -0.45845222698294635 -4.4926260981177135 -1.5984180389269544 0.17269727738973348 -0.2786214499980107 -2.8712624162398708 -0.14027097777130001 -1.4888576132855273 -3.9090923824879678 -1.6677075365639746 -5.0577776845418567 -1.2032645338998575 0.03954869102917246 -20.157595738945659 -0.74178641031344483 -0.13364008298547572 -3.1326756039175749 -6.6684355454898414 -0.84779332687028919 -1.2668696437568605 -3.4083291054754343 -3.5453158979636008 -2.7035045501261936 0.50475957651639536 -1.8440779332477704 -0.58647080772719251 -1.0682936177062243 -1.6458424646638212 -0.2776400425223266 -1.7019024187583587 -1.5334316197091449 -1.4760936921874184 -2.9776058979999966 -0.386525762302107 -0.77077844339856183
leaf_weight=194073 19499 1043 3422 1001 21425 6510 764 605 666 667 930 550 554 19141 291 6762 4097 5926 1394 1254 912 478 863 13225 8040 54364 98415 12011 4397 4026 2131 2159 12058 711 128 1273 814 244 4125 767 9075 521 2221 7255 317 2182 1596 5357 436 234 45 5431 2690 3328 397 1188 758 173 561 1263 770 2092 476
leaf_count=194073 19499 1043 3422 1001 21425 6510 764 605 666 667 930 550 554 19141 291 6762 4097 5926 1394 1254 912 478 863 13225 8040 54364 98415 12011 4397 4026 2131 2159 12058 711 128 1273 814 244 4125 767 9075 521 2221 7255 317 2182 1596 5357 436 234 45 5431 2690 3328 397 1188 758 173 561 1263 770 2092 476
internal_value=0.00102316 -0.00603934 -0.00436577 -0.0143074 0.00345982 -0.00895893 -0.0122987 -0.00214791 -0.0210183 -0.0164001 -0.00994645 -0.0142787 -0.0195655 0.00149465 -0.001497 -0.00508823 -0.00302641 -0.00741259 -0.0115819 -0.0270406 -0.0210167 -0.0151439 -0.018465 -0.000186077 -0.00874924 0.00226049 0.00429245 -0.00209022 -0.00176467 -0.0173028 -0.00721865 -6.10306e-05 -0.00134775 -0.012398 -0.0116667 -0.00823334 -0.0270015 -0.0204717 -0.00797575 -0.0110141 -0.00190542 -0.0208442 -0.00695977 0.000828103 -0.0251248 -0.015836 -0.00842022 -0.00297156 -0.0186269 -0.0246761 -0.00298764 0.000724024 -0.008357 -0.00282874 -0.00573825 -0.00841327 -0.00486585 -0.00967828 -0.00682714 -0.0162907 -0.0187826 -0.00183369 -0.0132623
internal_weight=560081 143668 119483 24185 416413 38907 20886 80576 9526 11556 14659 9635 8860 123925 71710 18021 33097 8866 6881 1921 2754 1390 8306 38613 13208 83044 292488 26734 19114 7443 9330 40881 21740 2940 2820 7534 1364 689 12165 4112 26443 1451 6363 28680 561 6208 2839 17368 1147 1235 2266 9682 4084 10487 3725 1793 5889 1492 1319 2797 2033 4251 1243
internal_count=560081 143668 119483 24185 416413 38907 20886 80576 9526 11556 14659 9635 8860 123925 71710 18021 33097 8866 6881 1921 2754 1390 8306 38613 13208 83044 292488 26734 19114 7443 9330 40881 21740 2940 2820 7534 1364 689 12165 4112 26443 1451 6363 28680 561 6208 2839 17368 1147 1235 2266 9682 4084 10487 3725 1793 5889 1492 1319 2797 2033 4251 1243
is_linear=0
shrinkage=0.05


Tree=12
num_leaves=64
num_cat=0
split_feature=6 8 6 44 4 8 9 8 8 43 12 7 44 25 8 9 43 26 44 5 7 12 30 38 32 27 35 31 8 6 22 31 20 8 43 31 6 8 30 16 11 27 43 32 22 9 16 4 14 4 37 16 8 16 16 4 6 8 40 13 14 17 20
split_gain=2359.19 673.559 398.248 262.006 239.008 151.578 150.211 122.37 104.978 103.464 114.332 102.235 81.4344 70.3699 69.9263 66.9722 63.0171 59.8218 55.929 66.4259 55.7608 51.8726 51.555 44.6202 49.7766 43.3353 40.8208 47.0513 40.1483 34.9392 33.992 33.5301 33.4789 33.1211 33.0346 30.9125 30.2683 30.0499 28.322 27.3235 27.0707 26.8534 26.8069 24.9155 24.8338 23.8395 22.8859 21.9247 21.5133 21.215 22.4629 21.1267 22.4812 21.0202 20.4745 20.2034 19.7853 19.6024 19.5541 27.132 37.7152 24.3502 19.3876
threshold=95.333333333333357 78.250000000000014 54.551125000000013 312.00000000000017 125.25000000000001 252.25000000000003 263.25000000000006 25.699999999999999 58.020000000000017 67.500000000000014 -0.3794095225512602 257.80208333333343 170.9999999999998 981.05000000000007 40.025000000000013 317.25000000000006 45.625000000000007 1768.2500000000002 2704.2500000000005 96.15000000000002 301.95833333333343 -0.60355339059327384 20.500000000000004 23.650000000000002 14.379737235786809 55.050000000000004 0.31729257441605191 -8.2333703617692553 37.025000000000006 263.77500000000003 53.500000000000007 13.480440225742916 -0.19936034309715203 19.525000000000009 332.50000000000006 -10.888343597717506 216.70833333333334 44.225000000000009 25.500000000000004 -22.675343576018832 0.37940952255126054 86.050000000000011 307.50000000000006 -7.9880282035888444 22.500000000000004 266.25000000000006 8.1210280999383961 231.75000000000003 4.5000000000000009 257.25000000000006 74.500000000000014 9.3141054569867148 -97.449999999999989 -9.0179203583673893 -4.3644199793354845 64.02500000000002 33.650000000000027 10.000000000000007 978.05000000000007 4.5000000000000009 5.5000000000000009 -3.4715891644819474 -0.21643137258081238
decision_type=10 10 8 2 8 10 10 10 10 2 2 8 2 2 10 10 2 2 2 10 10 2 2 2 2 10 2 2 8 10 2 2 2 8 2 2 10 10 2 2 2 10 2 2 2 10 2 10 2 10 2 2 8 2 2 10 10 8 2 2 2 2 2
left_child=2 3 7 11 14 12 8 25 17 20 29 28 46 -7 41 36 -8 18 58 -20 57 49 32 54 -25 56 -21 40 53 -11 -16 -22 -23 55 -17 -35 42 -9 62 -13 -28 -5 -12 -31 -24 -27 -3 -15 -26 50 -14 52 -41 -2 -18 -19 -1 -6 59 -4 61 -61 -32
right_child=1 5 6 4 9 13 16 37 -10 10 15 39 21 47 30 34 23 33 19 26 31 22 44 24 48 45 27 -29 -30 43 38 -33 -34 35 -36 -37 -38 -39 -40 51 -42 -43 -44 -45 -46 -47 -48 -49 -50 -51 -52 -53 -54 -55 -56 -57 -58 -59 -60 60 -62 -63 -64
leaf_value=0.9243916669873431 -0.54319302524059454 -3.3605946810675151 0.083922429273910082 0.18903198750380779 -0.86178451473390827 -19.140256718232944 -0.21475924214984149 0.021744517064434633 -1.5236421060234773 -1.224624762305039 -1.5602769950087632 -5.1411837269386087 -1.7346250702897295 -9.8276108345681052 -0.48862753993208269 -3.2188890239638752 -2.0826143694834029 0.64306871393928167 -0.17445669017871701 -0.39458078225794968 -3.911392400579063 -4.4624986848771719 -2.0306129499658492 -0.62970270409480811 -0.64046692384949278 0.42141576111810936 -0.80960222964087503 -0.99986746809279647 -0.62288316873721039 -10.60486490657309 -1.669402004797734 -9.4388875990751071 -3.4593505311805419 -0.26407189689721122 -3.9145747040017924 0.21838831624961161 -4.7076933664284892 -0.90861483802977971 -2.3152701349278977 -1.2141115994933553 -2.4694537743722087 -0.56281358200445841 -1.9884918107005323 -4.3505373997933239 -4.4112253171632583 -0.38569870179458321 -1.390875354872352 -14.839147609669622 -6.1791756690451232 -11.526711373270238 -2.8648663647702834 -1.1535264897757773 -3.4449530281584226 0.30417174129537145 -1.1702300856409293 0.30201523831007671 0.61628774767762395 -1.8644397240973944 0.35608201254366639 0.293620504862177 -0.0041279887374554864 -0.94470786665126316 -0.9766941313827413
leaf_weight=161726 6127 3929 3647 9888 5764 749 8380 11884 2906 4279 3369 75 2269 1043 3653 2178 372 26312 6989 748 1338 1414 161 5421 172 40176 96 781 14697 276 752 432 2978 5538 483 19271 1056 2389 255 1605 367 2663 620 735 747 2107 2219 701 399 251 194 2808 4667 26809 777 27624 94170 5198 18405 178 1000 697 1167
leaf_count=161726 6127 3929 3647 9888 5764 749 8380 11884 2906 4279 3369 75 2269 1043 3653 2178 372 26312 6989 748 1338 1414 161 5421 172 40176 96 781 14697 276 752 432 2978 5538 483 19271 1056 2389 255 1605 367 2663 620 735 747 2107 2219 701 399 251 194 2808 4667 26809 777 27624 94170 5198 18405 178 1000 697 1167
internal_value=0.00107423 -0.00522212 0.00274672 -0.00368436 -0.00657552 -0.0145377 0.000422048 0.00371452 0.00104745 -0.00968633 -0.0128247 -0.00143886 -0.0125364 -0.0259065 -0.00222059 -0.0167104 -0.00419399 0.00129164 -0.000498663 -0.00386316 -0.00648288 -0.0158572 -0.0187358 -0.00764529 -0.00591455 0.00393101 -0.0119177 -0.0174678 -0.000508786 -0.00716446 -0.00674704 -0.0147175 -0.0164936 0.00203981 -0.0231285 0.000527833 -0.0133251 -0.000808169 -0.0116973 -0.00627799 -0.0300972 -0.000119114 -0.0113324 -0.0155242 -0.0295815 0.00244815 -0.00820755 -0.0204014 -0.0199562 -0.0102358 -0.0088246 -0.00602974 -0.00764349 0.000460894 -0.016671 0.00273528 0.00417603 -0.00515326 0.0007642 -0.00184535 -0.00673333 -0.0143143 -0.00961699
internal_weight=560081 117549 442532 100894 44106 16655 130080 312452 114559 25728 12996 56788 14162 2493 18378 7706 15521 111653 32908 8981 12732 8014 5300 7141 5992 298179 1992 1244 47633 5290 5827 1770 4392 78745 2661 24809 5045 14273 2174 9155 463 12551 3989 1011 908 42283 6148 1744 571 2714 2463 9080 6272 32936 1149 53936 255896 10962 23927 5522 1875 875 1919
internal_count=560081 117549 442532 100894 44106 16655 130080 312452 114559 25728 12996 56788 14162 2493 18378 7706 15521 111653 32908 8981 12732 8014 5300 7141 5992 298179 1992 1244 47633 5290 5827 1770 4392 78745 2661 24809 5045 14273 2174 9155 463 12551 3989 1011 908 42283 6148 1744 571 2714 2463 9080 6272 32936 1149 53936 255896 10962 23927 5522 1875 875 1919
is_linear=0
shrinkage=0.05


Tree=13
num_leaves=64
num_cat=0
split_feature=0 0 44 44 0 27 40 0 0 0 23 22 3 42 14 14 43 30 43 32 25 5 0 13 14 3 0 0 35 16 0 14 5 16 22 14 29 21 39 16 32 40 38 39 18 5 13 18 14 14 34 14 31 13 41 36 10 22 35 23 32 44 36
split_gain=3244.09 680.581 333.838 300.564 246.719 139.559 135.531 87.1545 86.9243 70.8245 64.2115 63.1518 59.5505 53.6848 53.229 58.4203 71.9382 49.612 42.8678 49.7671 41.8913 41.4634 39.6368 37.1826 94.7943 36.1534 35.5891 32.621 30.989 29.1282 26.1853 25.6299 25.0809 25.0803 24.9387 24.6574 24.0039 23.903 22.6536 22.6052 23.1307 25.0529 21.4496 21.2541 21.1598 20.4304 20.3941 20.2046 19.4082 19.2928 18.9433 18.8944 18.7824 18.59 18.4761 17.9316 17.8966 17.423 17.3312 17.2063 17.0795 17.1069 17.9398
threshold=80.950000000000017 199.25000000000003 1438.7500000000002 577.75000000000011 48.025000000000006 109.25000000000001 978.85000000000002 453.50000000000006 552.50000000000011 114.25000000000001 24.350000000000005 57.500000000000007 69.825000000000017 8.8000000000000043 5.5000000000000009 4.5000000000000009 302.50000000000006 38.500000000000007 90.625000000000014 -7.9880282035888444 978.55000000000007 113.12500000000001 32.025000000000006 4.5000000000000009 5.5000000000000009 73.02500000000002 130.25000000000003 134.12500000000003 -0.82409480842201666 11.138808074853396 124.25000000000001 9.5000000000000018 241.25000000000003 -2.3618992874882041 81.500000000000014 9.5000000000000018 1.0000000180025095e-35 252.50000000000003 1.0000000180025095e-35 -3.9389148846093414 -9.8716411516165774 983.45000000000016 17.750000000000004 1.0000000180025095e-35 25.950000000000003 167.25000000000003 4.5000000000000009 24.750000000000004 3.5000000000000004 9.5000000000000018 -0.82409480842201666 4.5000000000000009 16.842631062669906 1.5000000000000002 13356.750000000002 862.50000000000011 32.525000000000006 53.500000000000007 -0.82409480842201666 19.250000000000004 8.7911882613641517 8947.0000000000018 582.50000000000011
decision_type=2 2 2 2 2 10 2 2 2 2 2 2 8 2 2 2 2 2 2 2 2 8 2 2 2 10 2 2 2 2 2 2 8 2 2 2 2 2 2 2 2 2 2 2 2 8 2 2 2 2 2 2 2 2 2 2 10 2 2 2 2 2 2
left_child=4 2 10 7 22 9 28 17 18 33 26 27 60 20 15 16 30 29 49 46 36 -18 -1 34 25 -25 -2 -12 -5 44 -7 51 -9 57 48 -14 -6 54 -24 40 41 -28 -21 -41 45 -3 52 -43 -13 -8 -51 -29 -20 -36 -15 -50 -23 -4 -17 -31 61 -11 -63
right_child=1 3 5 6 13 14 8 32 -10 12 11 23 35 37 -16 58 21 -19 19 42 -22 56 38 24 -26 -27 39 31 -30 59 -32 -33 -34 -35 53 -37 -38 -39 -40 43 -42 47 -44 -45 -46 -47 -48 -49 55 50 -52 -53 -54 -55 -56 -57 -58 -59 -60 -61 -62 62 -64
leaf_value=0.97817208363797592 0.28853655251566529 -3.0808174185180062 -0.44693808239045291 -14.024996041937616 -0.065060140055332033 -0.77814970965771124 -3.6119738582887515 -16.086149991221603 -17.798296713348385 -1.8904515742310766 -0.12971384580109666 -1.3547378231667917 -1.2471265248657515 -0.16441288222833778 -0.38356304869022062 -6.4545115270930857 -1.061877502238558 -4.8006782457048978 -4.2947434947799188 -5.2416993212822298 0.49418178491233039 -1.4778405468175586 0.59875155570208327 -2.652225172203182 -0.87224708040458132 -0.75604751612783005 -1.5929595906526635 -1.3128704440336207 -10.059904473897692 -0.23159506708462479 -1.64321812832275 -0.43308644248165734 -8.4979250691047614 -0.27642604732433307 -2.1314571947294687 -0.70999419952830234 0.23246825893811407 0.10998685202432129 0.15299648614858741 -0.14698371021915407 -0.75587679973297484 -0.68117431543406259 -3.0924567385894508 -2.4340019626610525 -3.7099328495341051 -2.1001410165254835 -3.1595471921871994 -1.6323331184195784 -0.26507247726676547 -3.7158227805501101 -2.5285753278259069 -2.3760586935522943 -5.827107111227833 -0.99117676193987936 -0.54073304942097455 -1.8427745598232423 -2.6663419548040901 -0.89248048499105659 -2.037323221279745 -2.1800011435151343 -1.1550760160135882 -2.8111027991311426 -2.2772165106883353
leaf_weight=178275 23346 3360 3332 481 15151 1994 2990 720 991 1822 17127 185 6085 7619 1002 308 612 442 943 857 66978 185 93609 737 1263 203 244 2388 506 3290 1726 2684 2102 9289 579 3129 26042 7894 15486 15018 3809 1254 1887 102 154 11322 472 205 3944 1105 3192 833 908 906 1806 178 807 3120 697 1350 578 284 174
leaf_count=178275 23346 3360 3332 481 15151 1994 2990 720 991 1822 17127 185 6085 7619 1002 308 612 442 943 857 66978 185 93609 737 1263 203 244 2388 506 3290 1726 2684 2102 9289 579 3129 26042 7894 15486 15018 3809 1254 1887 102 154 11322 472 205 3944 1105 3192 833 908 906 1806 178 807 3120 697 1350 578 284 174
internal_value=0.00111645 -0.00525601 -0.00328378 -0.0111159 0.0033888 -0.00730509 -0.0167869 -0.00754178 -0.0154646 -0.00568745 -0.00139957 -0.0031413 -0.00856859 0.00153917 -0.0134422 -0.0151375 -0.0130503 -0.00637664 -0.0143217 -0.0178538 0.00195297 -0.0219015 0.00419651 -0.00696998 -0.0124989 -0.0245213 -0.000170767 -0.00181226 -0.0346657 -0.00600072 -0.00923387 -0.00501693 -0.0157654 -0.00347786 -0.00486706 -0.00661276 0.000698298 -0.00104538 0.00344585 -0.00168379 -0.00442489 -0.00926894 -0.0132945 -0.000684524 -0.0070821 -0.00688871 -0.0232393 -0.0067889 -0.00294056 -0.0118657 -0.00971957 -0.00802391 -0.0256051 -0.0104545 -0.00274536 -0.0022295 -0.0282157 -0.0058726 -0.026194 -0.0025431 -0.014874 -0.0168202 -0.0254585
internal_weight=560081 147221 110149 37072 412860 35144 14332 22740 13345 27813 75005 31027 12072 125490 7331 6329 5324 19918 12354 5067 108171 1604 287370 7995 2203 940 43978 23032 987 19476 3720 5905 2822 15741 5792 9214 41193 17319 109095 20632 5512 1703 2744 15120 14836 14682 2323 1459 4307 7287 4297 3221 1851 1485 9425 4122 992 6452 1005 4640 2858 2280 458
internal_count=560081 147221 110149 37072 412860 35144 14332 22740 13345 27813 75005 31027 12072 125490 7331 6329 5324 19918 12354 5067 108171 1604 287370 7995 2203 940 43978 23032 987 19476 3720 5905 2822 15741 5792 9214 41193 17319 109095 20632 5512 1703 2744 15120 14836 14682 2323 1459 4307 7287 4297 3221 1851 1485 9425 4122 992 6452 1005 4640 2858 2280 458
is_linear=0
shrinkage=0.05


Tree=14
num_leaves=64
num_cat=0
split_feature=0 0 44 0 0 43 3 8 40 0 0 42 27 0 12 29 0 40 44 16 12 43 23 36 37 43 39 5 37 25 4 14 14 22 37 23 0 31 26 5 35 42 14 27 37 37 37 25 35 5 17 16 22 41 26 11 25 40 44 13 14 14 26
split_gain=2939.02 609.08 358.011 239.518 198.263 173.928 134.216 110.32 87.1024 66.2375 55.2051 51.0642 50.2802 45.6131 44.6 38.5033 38.4429 37.5218 36.7359 33.9275 31.8552 44.4767 31.6287 31.449 30.5277 30.3934 28.8445 28.2636 27.7924 27.1199 27.0375 24.9933 31.5436 39.6784 27.1793 25.0656 24.5983 24.4602 23.8564 23.2464 28.8248 22.9703 22.8408 22.6696 22.3294 21.8175 21.7445 21.6274 29.9665 28.0595 21.2359 20.3466 20.1429 22.3566 19.9277 19.5091 19.0161 18.9978 18.9888 18.3165 25.3493 18.2415 20.5956
threshold=80.02500000000002 291.25000000000006 1221.7500000000002 46.525000000000006 122.25000000000001 37.500000000000007 94.225000000000009 66.52500000000002 978.85000000000002 685.00000000000011 126.07500000000002 2.5 140.25000000000003 685.00000000000011 -0.3794095225512602 1.8759912652646686 31.550000000000004 981.75000000000011 9810.2500000000018 -18.164387018136811 -0.3794095225512602 162.50000000000003 24.150000000000002 1502.5000000000002 36.500000000000007 111.25000000000001 1.0000000180025095e-35 39.550000000000004 49.500000000000007 983.05000000000007 72.325000000000003 5.5000000000000009 4.5000000000000009 67.500000000000014 62.500000000000007 17.550000000000004 187.25000000000003 -8.8061156080662695 4735.7500000000009 113.12500000000001 0.59480013772226059 14.850000000000003 4.5000000000000009 92.050000000000011 59.500000000000007 72.500000000000014 91.500000000000014 985.05000000000007 0.54463903501502697 117.25000000000001 5.4085422068871774 6.4649027362863727 40.500000000000007 20267.000000000004 536.25000000000011 -0.78656609248549292 978.1500000000002 979.25000000000011 3822.2500000000005 1.0000000180025095e-35 3.5000000000000004 9.5000000000000018 1396.7500000000002
decision_type=2 2 2 2 2 2 8 10 2 2 2 2 10 2 2 2 2 2 2 2 2 2 2 2 2 2 2 8 2 2 10 2 2 2 2 2 2 2 2 10 2 2 2 10 2 2 2 2 2 10 2 2 2 2 2 2 2 2 2 2 2 2 2
left_child=3 2 7 16 14 9 12 10 -7 44 22 26 47 41 -4 19 -1 24 27 38 52 -22 -2 25 -9 57 56 -16 -24 37 -26 32 34 -34 -29 -36 -21 -14 -12 -20 -41 59 -17 -27 -3 -11 -18 48 -6 -50 -46 -19 -8 -54 -28 -38 -5 -13 -51 -10 -61 62 -30
right_child=1 5 4 11 6 8 20 17 13 45 15 23 29 -15 18 42 46 51 39 36 21 -23 28 -25 30 43 54 31 61 -31 -32 -33 33 -35 35 -37 55 -39 -40 40 -42 -43 -44 -45 50 -47 -48 -49 49 58 -52 -53 53 -55 -56 -57 -58 -59 -60 60 -62 -63 -64
leaf_value=0.93926346991933396 0.34875845855342258 -5.1568472752634689 -0.24596352423469883 0.20571952532249471 -1.8358627010935422 -13.382475167946026 -0.58325894233595077 -0.97555331630618003 -5.3885804898808125 -22.20117026494761 -1.0152173328993273 -0.038858908169844796 -2.4431205615733416 -19.826940354594875 -1.1337944493744339 -1.1707829245245789 0.548913751103559 -1.912076197615296 -0.9533255174634313 -0.12311864691783114 -1.6862578956124872 -2.5785196386493325 0.0086888365212468895 0.52866988800702697 -1.787353966782516 -0.083070037645912864 -0.98558512240072516 -0.23961486507366422 -0.93460406062756274 -2.0427933430087712 -3.2761993488429852 -0.006736372822647713 -0.9516578363203877 -1.3180927738817383 0.17820964119195734 -1.2006441862296953 -2.6581804688257842 -3.8375020034545537 -1.8750356349348227 -1.4173108418035554 -2.3217164599484614 -6.1177893802792429 -2.3373313620434248 -0.54344681784357574 -3.1274860962317019 -13.386089402965593 0.10814972793524527 -1.396718006479682 -1.8320981138487487 -2.9327937387958549 -4.6805608942999912 -0.48413268801239157 -1.433678352253013 -2.7764056408377185 -0.054443935976553497 -0.79631825354996544 0.65066839072086002 0.37927390281410739 -3.0829145273567797 -6.2918578695997454 -5.3640843591647345 0.30623390946953954 -0.41282644778771171
leaf_weight=174230 20629 2928 9033 25208 2342 600 3110 1025 576 446 816 10754 291 422 1565 5469 94459 3934 1191 17066 3808 1539 12814 7154 1197 18386 132 4341 1795 613 622 2711 1544 553 518 1375 1786 860 257 177 223 873 935 2643 5948 360 9550 1801 390 235 1140 3079 4554 448 5154 11030 50867 12636 440 853 2036 1527 5083
leaf_count=174230 20629 2928 9033 25208 2342 600 3110 1025 576 446 816 10754 291 422 1565 5469 94459 3934 1191 17066 3808 1539 12814 7154 1197 18386 132 4341 1795 613 622 2711 1544 553 518 1375 1786 860 257 177 223 873 935 2643 5948 360 9550 1801 390 235 1140 3079 4554 448 5154 11030 50867 12636 440 853 2036 1527 5083
internal_value=0.00116189 -0.00485676 -0.00374019 0.00334157 -0.00744904 -0.014015 -0.0110418 -0.00192199 -0.0213806 -0.0103668 -0.00130121 0.00159568 -0.0166724 -0.0191176 -0.00428931 -0.00269828 0.00417571 -0.00691032 -0.00603677 -0.00196818 -0.00812505 -0.0111212 -5.40048e-05 0.000364823 -0.0117546 -0.000130687 0.00237589 -0.00513326 -0.00140935 -0.0239683 -0.0156432 -0.00424198 -0.00559897 -0.0109037 -0.00381457 -0.00881405 -0.00165451 -0.0284926 -0.0107036 -0.0131961 -0.023625 -0.0175911 -0.00622736 -0.00151006 -0.00925719 -0.0241563 0.00341504 -0.0142012 -0.0165439 -0.0234977 -0.00773984 -0.00494581 -0.00615015 -0.00811475 -0.00119561 -0.00330992 0.00262406 0.00110945 -0.0296667 -0.0157648 -0.0141416 -0.00364366 -0.0047412
internal_weight=560081 148908 132726 411173 43662 16182 20431 89064 5360 10822 79207 132934 6972 4760 23231 37359 278239 9857 14198 30955 13459 5347 41848 51573 2844 44419 81361 12607 21219 1764 1819 11042 8331 2097 6234 1893 29882 1151 1073 1591 400 4338 6404 21029 10016 806 104009 5208 3407 1065 7088 7013 8112 5002 5286 12816 76075 23390 675 3465 2889 8405 6878
internal_count=560081 148908 132726 411173 43662 16182 20431 89064 5360 10822 79207 132934 6972 4760 23231 37359 278239 9857 14198 30955 13459 5347 41848 51573 2844 44419 81361 12607 21219 1764 1819 11042 8331 2097 6234 1893 29882 1151 1073 1591 400 4338 6404 21029 10016 806 104009 5208 3407 1065 7088 7013 8112 5002 5286 12816 76075 23390 675 3465 2889 8405 6878
is_linear=0
shrinkage=0.05


Tree=15
num_leaves=64
num_cat=0
split_feature=0 0 43 0 44 12 0 40 0 0 43 0 0 25 42 43 14 23 22 14 31 32 42 32 5 22 5 13 29 3 36 5 5 29 42 14 25 13 11 22 11 16 33 19 14 40 25 24 17 16 14 43 9 5 15 5 32 35 5 29 9 31 1
split_gain=2670.58 521.967 288.554 267.913 203.669 130.634 145.193 125.057 71.3183 61.7228 60.9392 56.0925 54.3652 57.8298 49.5986 48.3296 40.1864 36.6957 35.765 39.6074 33.396 33.4409 33.1125 29.948 35.314 29.5942 29.163 28.4483 38.8753 28.1518 27.7226 27.6221 25.9827 25.5978 25.0904 24.56 23.0208 23.011 22.9256 22.7487 22.2138 21.7406 21.041 19.6948 24.422 19.6444 18.8442 18.8379 18.5755 18.43 18.3732 18.3119 18.0702 17.3083 17.1505 16.8975 16.5285 20.6094 18.5961 16.3163 16.1492 16.0156 15.71
threshold=83.02500000000002 233.75000000000003 51.250000000000007 51.050000000000004 468.25000000000017 -0.5 134.12500000000003 978.85000000000002 685.00000000000011 552.50000000000011 135.62500000000003 33.425000000000004 138.25000000000003 984.05000000000007 2.0000000000000018 322.50000000000006 9.5000000000000018 20.050000000000004 53.500000000000007 9.5000000000000018 -9.1225055041021346 -2.290436757819561 14.850000000000003 -15.160721125556412 101.05000000000001 53.500000000000007 37.550000000000004 4.5000000000000009 87.871760441173095 73.02500000000002 572.50000000000011 164.25000000000003 50.050000000000004 68.380397579257405 7.2000000000000028 4.5000000000000009 977.45000000000016 4.5000000000000009 -0.37940952255126065 46.500000000000007 -0.9159756150367534 -4.5263768713432713 18.550000000000004 0.52247866957162981 3.5000000000000004 983.85000000000002 982.05000000000007 1.0000000180025095e-35 5.0165041938687862 -2.5110092042346621 5.5000000000000009 157.50000000000003 409.25000000000006 127.10000000000001 1.0000000180025095e-35 84.02500000000002 -10.531628104238447 -0.87878364999916114 115.17500000000001 0.2427164193492036 661.75000000000011 18.360374475729259 38.050000000000004
decision_type=2 2 2 2 2 2 2 2 2 2 2 2 2 2 2 2 2 2 2 2 2 2 2 2 10 2 8 2 2 10 2 8 8 2 2 2 2 2 2 2 2 2 2 2 2 2 2 2 2 2 2 2 8 10 2 10 2 2 10 2 8 2 8
left_child=3 2 12 11 9 20 15 30 22 31 32 -1 17 16 36 26 35 -2 -19 27 21 55 43 24 -17 62 -7 38 -29 56 60 45 -8 51 -13 -14 -5 59 -20 -39 -33 -28 -22 -9 -45 -3 -11 -15 -42 -44 -40 -27 -24 -53 -34 -4 58 -58 -12 -37 -6 -54 -16
right_child=1 4 5 14 7 6 10 8 -10 46 29 34 13 47 25 23 -18 18 19 -21 42 -23 52 -25 -26 33 41 28 -30 -31 -32 40 54 -35 -36 37 -38 39 50 -41 48 -43 49 44 -46 -47 -48 -49 -50 -51 -52 53 61 -55 -56 -57 57 -59 -60 -61 -62 -63 -64
leaf_value=0.86580030977480771 0.43088268808492913 -4.5135884573605365 -1.0819569952777728 0.065839269757327665 -16.739091880308504 -1.328206557796338 -3.1569293073029026 -3.4656572905048244 -17.849634052521864 -23.833322621321273 -1.6201717343187896 0.5255388388016915 -1.6368104932180605 -0.51197223335086861 -0.41380371384160741 -1.0676389003722693 -0.67731959085828275 -0.040957242283782593 -0.98235228898502813 0.25042546823557621 -0.1257680484190207 -0.69003929214227089 -2.3050484324356249 -0.96973498175142192 -2.0509799686775514 0.032434537091346249 -0.90195131907534032 -1.0960673390788116 -1.770382577950393 -2.0519829849795856 -9.5475619494131703 -4.4960459845416159 -1.4523124981734825 -0.56342728114081786 0.16486477436429559 -3.4249576219185891 0.50111160844805125 -1.3708461565825323 -0.016097182883993248 -2.9266489206539328 -1.6980375051384362 -0.4297674123690981 -1.7886031071451385 -5.652840978692466 -3.9187756822146356 -2.9895192913806543 -11.072399417425496 -2.4296986368912585 -2.6957383633329441 -0.86515203118394768 -0.87156238453332835 -0.20174797003050338 -4.4868031608878098 -0.83717748417116911 -2.8155495986323467 -2.333431487268534 -10.295020370216827 -2.0790323476652475 -2.9475564557098277 -1.4024240092469207 -12.176394998029807 -5.7514662437615369 0.20802421693879652
leaf_weight=188178 15553 655 149 19811 100 1282 313 6368 553 104 217 94542 2662 24113 1781 374 2680 20418 1315 2921 9108 1443 158 1934 419 13746 4937 1418 261 1971 111 762 3982 1361 20012 161 47954 190 2898 567 8866 7748 242 575 1460 1914 1306 235 2123 1372 1245 8384 699 369 305 228 98 996 627 540 582 568 22117
leaf_count=188178 15553 655 149 19811 100 1282 313 6368 553 104 217 94542 2662 24113 1781 374 2680 20418 1315 2921 9108 1443 158 1934 419 13746 4937 1418 261 1971 111 762 3982 1361 20012 161 47954 190 2898 567 8866 7748 242 575 1460 1914 1306 235 2123 1372 1245 8384 699 369 305 228 98 996 627 540 582 568 22117
internal_value=0.00120805 -0.00472107 -0.00325342 0.00321855 -0.0109902 -0.006836 -0.00891104 -0.0161518 -0.0146898 -0.00732359 -0.0142267 0.00400027 -0.00150129 -0.00311449 0.00117003 -0.00620163 -0.00719118 -0.000409633 -0.00141816 -0.00385862 -0.00266624 -0.00892857 -0.0137068 -0.0122901 -0.0204729 -6.40728e-05 -0.00501289 -0.00586591 -0.0115575 -0.0188168 -0.03529 -0.00634078 -0.0103261 -0.00130972 0.00312796 -0.0102913 0.00203977 -0.0155075 -0.00411506 -0.0215522 -0.00531402 -0.00428656 -0.00160325 -0.0125116 -0.0167936 -0.0110374 -0.017305 -0.00197593 -0.00474156 -0.00686493 -0.0022894 -0.000906929 -0.0207544 -0.0026945 -0.00931071 -0.0221883 -0.023096 -0.0190402 -0.0283531 -0.00898003 -0.0390616 -0.0227427 0.0011796
internal_weight=560081 141826 114922 418255 26904 37745 25203 11174 10381 15730 8509 302732 77177 31148 115523 16694 6800 46029 30476 10058 12542 1820 9828 2727 793 47758 13967 7137 1679 3909 793 14320 4600 23860 114554 4120 67765 1458 5458 757 11751 12685 10722 8403 2035 2569 1410 24348 10989 1614 4143 22499 1425 8753 4287 377 1938 1094 844 701 682 1267 23898
internal_count=560081 141826 114922 418255 26904 37745 25203 11174 10381 15730 8509 302732 77177 31148 115523 16694 6800 46029 30476 10058 12542 1820 9828 2727 793 47758 13967 7137 1679 3909 793 14320 4600 23860 114554 4120 67765 1458 5458 757 11751 12685 10722 8403 2035 2569 1410 24348 10989 1614 4143 22499 1425 8753 4287 377 1938 1094 844 701 682 1267 23898
is_linear=0
shrinkage=0.05


Tree=16
num_leaves=64
num_cat=0
split_feature=0 0 44 0 0 40 29 0 43 0 42 12 14 0 39 25 0 23 37 32 37 26 1 14 22 43 25 32 5 21 44 39 29 33 14 38 33 44 14 27 23 41 22 21 23 22 2 16 44 37 38 16 14 23 14 32 0 22 29 41 37 32 11
split_gain=2435.82 502.243 264.88 224.105 160.661 154.217 122.199 93.8851 74.2641 61.9878 60.6286 57.5387 52.9551 50.2902 47.2817 45.8873 38.1101 36.4343 36.2364 35.6756 33.3903 32.652 31.979 31.3976 30.5019 29.3266 29.0523 30.1025 28.7354 27.6329 27.0606 26.6457 22.6313 22.4743 22.3189 22.3571 22.0716 20.36 19.8622 21.4756 22.4456 19.6029 20.4411 19.4574 18.9204 23.6613 18.7735 18.3992 18.2848 17.9294 18.6267 17.608 18.5973 17.7833 17.3652 16.8448 16.3701 15.7081 19.264 15.699 18.7823 15.631 15.5214
threshold=79.02500000000002 282.75000000000006 615.25000000000011 37.050000000000004 153.25000000000003 978.85000000000002 0.27137080328932112 685.00000000000011 45.625000000000007 140.25000000000003 9.0500000000000025 -0.12940952255126037 9.5000000000000018 110.07500000000002 1.0000000180025095e-35 984.05000000000007 59.650000000000013 24.350000000000005 46.500000000000007 -7.9880282035888444 27.500000000000004 975.50000000000011 73.325000000000003 9.5000000000000018 46.500000000000007 111.25000000000001 986.55000000000007 -13.85784968590367 78.550000000000011 322.50000000000006 8449.0000000000018 1.0000000180025095e-35 171.75659319003276 21.550000000000004 4.5000000000000009 22.850000000000005 14.65 7519.4999999999991 4.5000000000000009 193.25000000000003 27.550000000000004 10801.250000000002 45.500000000000007 92.500000000000014 20.550000000000004 53.500000000000007 100.07500000000002 -21.986036855967384 3933.2500000000005 84.500000000000014 22.750000000000004 11.138808074853396 5.5000000000000009 19.350000000000005 4.5000000000000009 -9.3483769970166914 57.025000000000006 64.500000000000014 37.215452041917807 13356.750000000002 23.500000000000004 -14.636469847259267 -0.78656609248549292
decision_type=2 2 2 2 2 2 2 2 2 2 2 2 2 2 2 2 2 2 2 2 2 2 8 2 2 2 2 2 10 2 2 2 2 2 2 2 2 2 2 10 2 2 2 2 2 2 8 2 2 2 2 2 2 2 2 2 2 2 2 2 2 2 2
left_child=3 2 9 -1 12 20 30 8 51 17 14 24 13 22 16 23 -5 41 -19 -10 -3 -16 48 34 -8 54 27 28 -15 59 46 47 49 -32 -11 -36 -9 -30 55 40 -40 -2 -43 -22 -18 -46 -6 -17 -4 -20 -51 52 -7 -53 -13 -29 -23 -24 -59 -12 61 -61 -54
right_child=1 5 4 10 6 7 11 36 19 15 29 25 -14 26 21 31 44 18 32 -21 43 56 57 -25 -26 -27 -28 38 37 -31 33 -33 -34 -35 35 -37 -38 -39 39 -41 -42 42 -44 -45 45 -47 -48 -49 -50 50 -52 53 62 -55 -56 -57 -58 58 -60 60 -62 -63 -64
leaf_value=0.76941549597359915 0.3834781789569654 -0.78063856301428558 -0.54669734965592054 0.49956343504073325 -2.2670861992189812 -4.8672906800962448 -0.98142955001815868 -14.222810726711305 -6.0364978368224449 -1.5790170780606301 -0.081041320642400924 -2.0752084171056207 0.15423326877225707 -0.5152656410009141 -0.58059673929219924 -1.5138305312391673 0.91292182780015141 0.03018107769412201 -0.38644468416733779 -4.4948969424246217 -13.752193843883362 0.11717695826480932 -0.13547846982028902 -0.75517830902198435 -2.3185303798166959 -2.9972144151198843 -0.58111143173477409 -1.5932268556722986 -1.6961869486395154 0.17482644341786463 -2.0373613107550983 -4.3557151069370192 -1.4710244693986945 -2.9857715159979858 -2.917589355614334 -2.6433241024658027 -19.04465234989577 -2.1752597194705636 -1.8300197759066053 -7.0536594381208078 -1.0804771454879907 -0.10787998069476146 -0.89730222696852069 -17.701670363602528 0.32779397838667346 -0.029114496511576535 -1.321239539773962 -0.53700045995891588 -0.91406570442668211 -2.2547937044674544 -1.0699116465587033 -0.64688419243507944 -5.0573233871441623 -5.3961704934046288 -3.904562498550403 -0.58575242509799208 -0.21306710277165275 -0.6446886135420361 -0.94387457402259189 -1.0052698021225304 -0.29835933738535009 -0.42067996720282341 -2.9836742183907248
leaf_weight=216298 23882 81 3394 99401 976 2062 1120 664 1561 2392 10693 1052 4921 375 1025 250 8572 12931 8267 2723 561 9735 10910 2832 818 1515 4760 708 630 10947 695 216 191 501 111 1214 507 507 621 94 2012 436 220 251 27846 17451 8739 25395 3166 157 1287 1419 1004 406 298 2818 3620 3226 316 137 2731 227 6206
leaf_count=216298 23882 81 3394 99401 976 2062 1120 664 1561 2392 10693 1052 4921 375 1025 250 8572 12931 8267 2723 561 9735 10910 2832 818 1515 4760 708 630 10947 695 216 191 501 111 1214 507 507 621 94 2012 436 220 251 27846 17451 8739 25395 3166 157 1287 1419 1004 406 298 2818 3620 3226 316 137 2731 227 6206
internal_value=0.0012351 -0.00418242 -0.00314315 0.00324204 -0.00584139 -0.0121625 -0.0101012 -0.0110706 -0.0100315 -0.00131103 0.00200055 -0.0167468 -0.00410084 -0.00481155 0.00234149 -0.00299599 0.00259868 -0.000158219 -0.00159572 -0.0156232 -0.032402 -0.000399861 -0.00331668 -0.00673462 -0.0100929 -0.0212478 -0.00731936 -0.00920476 -0.0155357 -0.000310289 -0.00717579 -0.00204922 -0.00387194 -0.0142726 -0.00975652 -0.0149623 -0.0247182 -0.0194943 -0.00767392 -0.0108783 -0.0100399 0.0011794 -0.00734756 -0.0354557 0.00152769 0.00112005 -0.00630211 -0.00190193 -0.00621189 -0.00353671 -0.00867728 -0.00787285 -0.00875647 -0.00338356 -0.0158889 -0.00519569 0.000260202 -0.00200249 -0.00489554 -0.00179939 -0.00493538 -0.0156044 -0.00755895
internal_weight=560081 151398 133953 408683 54172 17445 15714 16552 15381 79781 192385 4803 38458 33537 167650 32410 153270 47371 22833 4284 893 14380 21012 6549 1938 2865 12525 7765 1512 24735 10911 25861 9902 1196 3717 1325 1171 1137 6253 2727 2633 24538 656 812 53869 45297 9715 25645 6560 9711 1444 11097 9272 1825 1350 3526 13355 14452 3542 13788 3095 364 7210
internal_count=560081 151398 133953 408683 54172 17445 15714 16552 15381 79781 192385 4803 38458 33537 167650 32410 153270 47371 22833 4284 893 14380 21012 6549 1938 2865 12525 7765 1512 24735 10911 25861 9902 1196 3717 1325 1171 1137 6253 2727 2633 24538 656 812 53869 45297 9715 25645 6560 9711 1444 11097 9272 1825 1350 3526 13355 14452 3542 13788 3095 364 7210
is_linear=0
shrinkage=0.05


Tree=17
num_leaves=64
num_cat=0
split_feature=0 0 44 0 43 40 12 0 0 0 42 39 43 35 8 23 13 14 22 44 33 0 25 5 14 14 15 8 31 22 5 43 0 0 29 17 21 32 39 27 37 16 22 26 37 5 5 16 10 41 0 5 27 38 16 29 37 37 37 8 22 25 31
split_gain=2224.71 462.411 215.12 208.413 181.529 110.568 92.3224 84.2492 70.2573 68.6041 54.5771 47.1301 42.993 42.5528 42.2382 39.213 43.8728 42.368 59.734 37.4878 40.1679 37.3 36.1337 34.1086 28.2338 32.3439 29.6881 27.3096 26.5388 25.3613 25.231 25.2109 23.4845 23.4022 22.8469 26.449 22.1775 21.3869 21.3589 21.0862 20.4625 19.9468 19.7812 23.1632 20.17 19.5359 19.4957 18.979 18.5965 18.3424 18.0823 17.9162 17.849 17.593 17.5721 17.3784 19.9786 17.3035 16.6993 17.494 16.5926 16.2854 16.069
threshold=77.225000000000009 191.25000000000003 500.75000000000006 37.050000000000004 71.250000000000014 979.45000000000016 -0.5 114.25000000000001 453.50000000000006 398.25000000000006 8.8000000000000043 1.0000000180025095e-35 317.50000000000006 -0.47714059151611382 18.505000000000006 18.350000000000005 1.0000000180025095e-35 9.5000000000000018 56.500000000000007 6892.7500000000009 21.650000000000002 116.25000000000001 984.05000000000007 50.050000000000004 9.5000000000000018 11.500000000000002 1.0000000180025095e-35 351.50000000000006 -9.1225055041021346 61.500000000000007 127.10000000000001 205.62500000000003 64.675000000000026 134.12500000000003 84.213747422221118 2.9499284107053141 432.50000000000006 -2.290436757819561 1.0000000180025095e-35 162.25000000000003 51.500000000000007 11.466189296816983 85.500000000000014 906.25000000000011 51.500000000000007 75.02500000000002 35.025000000000006 -5.2201859189847442 84.325000000000003 12507.000000000002 29.650000000000002 40.550000000000004 140.25000000000003 24.450000000000003 -0.7779223291648858 33.40731446526754 72.500000000000014 35.500000000000007 92.500000000000014 351.50000000000006 65.500000000000014 975.55000000000007 8.966696985087113
decision_type=2 2 2 2 2 2 2 2 2 2 2 2 2 2 10 2 2 2 2 2 2 2 2 8 2 2 2 10 2 2 10 2 2 2 2 2 2 2 2 10 2 2 2 2 2 10 10 2 10 2 2 8 10 2 2 2 2 2 2 8 2 2 2
left_child=3 4 9 50 11 13 28 31 19 22 14 15 23 -4 32 -2 -17 18 33 24 -21 -20 -3 39 26 -26 47 48 37 -16 -14 55 38 46 35 -23 -12 45 -5 -9 62 -24 43 44 -27 -6 -18 -7 -11 -31 -1 -51 -33 -32 -25 -8 -57 -45 59 -46 -30 -48 -10
right_child=1 2 5 10 6 8 7 12 40 27 36 -13 30 -15 29 16 17 -19 21 20 -22 34 41 54 25 42 -28 -29 60 49 53 52 -34 -35 -36 -37 -38 -39 -40 -41 -42 -43 -44 57 58 -47 61 -49 -50 51 -52 -53 -54 -55 -56 56 -58 -59 -60 -61 -62 -63 -64
leaf_value=0.85053951567269004 0.31011595176055362 -2.4771720946039633 -11.195757576980263 0.53303445683755835 -0.58236617982700123 -4.2731609431293824 -0.18782507980627491 -1.8239369637917784 -9.8889014861356834 -6.8359431256593757 -0.12442135895479922 -1.0140848642796711 -1.5017665816070094 -5.7824441056857694 0.3040393424145672 0.43726531947235281 -0.59265202118154614 0.095216581373596301 -0.50423202761787589 -2.8867835157537285 -4.4486130146032163 -1.0200980915251416 -1.5361420146362084 -1.4090772179809676 -1.002431831901329 -5.4643982712029917 -3.1792247592949354 -17.00158741665819 -0.0035288212440261722 -0.0067117965365263215 -2.512255079501772 -0.68565959490427109 0.22637069363362061 -1.0269124727536989 -2.3120299056091254 -1.9131809734100544 0.17986468944230094 -0.51462989190610842 0.059415275657326863 -6.2960856777996872 -6.3509541411286889 -0.17238358891182787 -1.1353172892528505 -3.0152242298070622 -2.2571054740186116 -1.5221362005251775 -0.53917737646648622 -2.196203515332527 -3.1009345283327154 -0.012385758716672158 0.47594328903785482 -0.40296378574591646 -1.4095467108503421 -2.0704521477444362 -0.83764017295043613 -0.7371544764169351 -1.1339929796890174 -1.3925594466803444 -4.8809343663238609 -5.9868786257974369 -1.1778276263345988 0.065353340003289337 -17.862021214814899
leaf_weight=157680 22890 2722 690 96107 137 904 5871 630 352 1951 14827 1930 1037 476 15225 9034 2844 13147 6997 914 969 1920 12924 2905 3251 166 352 601 9498 16293 570 5700 24747 4637 280 1180 10062 1575 8547 175 1303 4355 692 111 710 227 1622 3612 1617 676 58618 743 478 152 3843 1813 158 964 124 162 795 14254 335
leaf_count=157680 22890 2722 690 96107 137 904 5871 630 352 1951 14827 1930 1037 476 15225 9034 2844 13147 6997 914 969 1920 12924 2905 3251 166 352 601 9498 16293 570 5700 24747 4637 280 1180 10062 1575 8547 175 1303 4355 692 111 710 227 1622 3612 1617 676 58618 743 478 152 3843 1813 158 964 124 162 795 14254 335
internal_value=0.00126777 -0.00379142 -0.00841009 0.00323059 -0.00219267 -0.0128902 -0.00516899 -0.00701354 -0.0117315 -0.00542822 0.00200925 -0.000881588 -0.0107002 -0.0277187 0.00234351 -0.000692532 -0.00140615 -0.00202097 -0.00295933 -0.0103855 -0.0169065 -0.00611593 -0.00421204 -0.00906064 -0.00927408 -0.00703074 -0.012122 -0.0112629 -0.00165059 0.000744907 -0.0177402 -0.00456491 0.0027504 -0.00155692 -0.010429 -0.00919355 -0.000170959 -0.0070165 0.00307795 -0.0187888 -0.0204774 -0.00336854 -0.0108416 -0.013127 -0.0180207 -0.0179396 -0.000769231 -0.0110319 -0.00960202 -0.000541441 0.00428779 -0.00599366 -0.00695371 -0.0249169 -0.00790012 -0.00268299 -0.00674531 -0.00783721 -0.0153313 -0.0128899 -0.000639755 -8.62936e-05 -0.02746
internal_weight=560081 156556 40257 403525 116299 16087 35564 23332 14921 24170 187227 80735 9312 1166 162338 78805 55915 46881 33734 12931 1883 10377 20001 7553 11048 6180 4868 4169 12232 32937 1759 14020 129401 23357 3380 3100 24889 1939 104654 805 1990 17279 2929 2237 1162 364 18720 4516 3568 17712 216298 1419 6178 722 6748 7842 1971 1075 996 872 10293 15876 687
internal_count=560081 156556 40257 403525 116299 16087 35564 23332 14921 24170 187227 80735 9312 1166 162338 78805 55915 46881 33734 12931 1883 10377 20001 7553 11048 6180 4868 4169 12232 32937 1759 14020 129401 23357 3380 3100 24889 1939 104654 805 1990 17279 2929 2237 1162 364 18720 4516 3568 17712 216298 1419 6178 722 6748 7842 1971 1075 996 872 10293 15876 687
is_linear=0
shrinkage=0.05


Tree=18
num_leaves=64
num_cat=0
split_feature=0 0 44 0 43 8 12 0 0 44 37 40 42 33 39 23 13 14 22 32 25 0 0 43 0 5 14 14 15 25 31 37 13 32 39 37 19 0 40 44 40 14 43 27 37 23 25 13 39 0 35 37 4 27 7 19 9 10 37 29 37 23 5
split_gain=2020.48 428.04 207.344 184.011 149.912 110.939 74.4637 66.5993 66.0447 54.8671 52.0716 48.922 44.6451 39.725 38.6505 33.7936 40.3689 35.4254 53.4143 39.7639 33.1864 31.3243 31.0924 30.763 30.387 28.8395 24.591 33.6734 29.2114 23.6665 23.584 23.4904 22.9722 22.6511 21.5404 21.4199 20.0872 24.2574 21.796 19.9985 19.695 18.8833 18.699 18.4979 18.1227 22.3513 17.653 17.6626 17.2784 17.2301 17.0258 16.6508 16.4583 16.261 16.0021 15.8366 15.5295 15.464 15.3432 16.2081 15.3135 14.9864 14.9821
threshold=74.325000000000003 177.25000000000003 468.25000000000017 35.025000000000006 71.250000000000014 351.50000000000006 -0.5 112.05000000000001 355.25000000000006 8696.7500000000018 92.500000000000014 980.25000000000011 10.65 21.550000000000004 1.0000000180025095e-35 18.350000000000005 1.0000000180025095e-35 9.5000000000000018 53.500000000000007 -5.5839598967784925 984.05000000000007 53.550000000000004 685.00000000000011 317.50000000000006 453.50000000000006 49.550000000000004 9.5000000000000018 11.500000000000002 1.0000000180025095e-35 978.85000000000002 -9.1225055041021346 84.500000000000014 1.5000000000000002 13.669007504870015 1.0000000180025095e-35 75.500000000000014 -0.37460659341591213 114.25000000000001 994.6500000000002 4041.7500000000005 978.25000000000011 9.5000000000000018 76.250000000000014 162.25000000000003 74.500000000000014 30.050000000000004 973.1500000000002 4.5000000000000009 1.0000000180025095e-35 120.25000000000001 0.56638466991089664 55.500000000000007 152.25000000000003 119.25000000000001 42.045643939393948 -0.50000000000000011 474.25000000000006 93.725000000000009 34.500000000000007 164.39504405851014 48.500000000000007 42.050000000000004 115.17500000000001
decision_type=2 2 2 2 2 10 2 2 2 2 2 2 2 2 2 2 2 2 2 2 2 2 2 2 2 8 2 2 2 2 2 2 2 2 2 2 2 2 2 2 2 2 2 10 2 2 2 2 2 2 2 2 8 10 8 2 8 10 2 2 2 2 10
left_child=3 4 8 -1 14 9 30 39 20 11 12 33 21 -11 15 -2 -17 18 46 36 41 51 -10 25 26 43 28 -28 57 58 -6 -21 35 -4 -34 55 -20 38 -38 54 -7 -3 -12 -9 45 -15 -18 52 60 -33 -25 -5 -48 -41 -8 -29 -42 -13 -23 -60 -22 -61 -52
right_child=1 2 5 10 6 40 7 23 22 13 42 24 -14 44 -16 16 17 -19 19 31 48 29 -24 50 -26 -27 27 32 -30 -31 -32 49 34 -35 -36 -37 37 -39 -40 53 56 -43 -44 -45 -46 -47 47 -49 -50 -51 62 -53 -54 -55 -56 -57 -58 -59 59 61 -62 -63 -64
leaf_value=0.72174233214731098 0.37968214723813637 -2.5589877165210053 -2.8425289948369419 0.67493703354200552 -0.65745843580418539 -15.685037404498681 -1.5399135031815989 -1.6457949426976697 -4.5052163193032593 -4.2052117537836322 0.027878485365192465 -1.9509614150544081 -0.010906210588179378 -6.0140205300981693 -0.87827752053094721 0.47938633533932706 -0.72931366284474963 0.17907478155587209 -0.62287102045455278 -0.3730330463923075 -1.6190774379175523 0.44691926127647719 -16.209992289676119 -1.3623289412507791 -6.3037522427815462 -0.99331231534647779 -0.93593549459567316 -2.4162676030445915 -2.8053468926778198 0.42477678211169051 -0.061453125052432778 -0.89720510182384849 -2.1414273110378992 -8.0468056335556213 -4.8131110604039886 -1.6316136805814752 -0.57455182358839674 -1.3501333208276265 -1.4250312211768508 -0.57538235948401606 -6.2448733229716034 -1.1155847914984347 -0.25077646587538827 -5.1944940225782554 -2.8166833694151996 -1.8601695698746696 -0.13513190547347251 0.2176882996543523 -6.093058201801564 -2.553157016076657 -1.0911147063516646 0.31440603822432556 -0.86041400854471994 -1.0806658665016895 -0.26209724886292957 -5.01004096931349 -18.345025922273873 -3.5471269065569326 0.024466084395030153 -0.46922921166369247 -0.64706251937149994 -0.47179058828386389 -2.4393817905537212
leaf_weight=202051 21504 1674 738 45767 2089 299 338 628 4977 846 7171 4853 16327 782 2129 9335 975 12196 1168 8154 3235 5995 665 980 1478 6495 3933 376 482 42821 10563 960 2515 264 59 357 1173 780 94 6988 69 1667 3705 147 148 105 12009 7576 142 219 258 50675 2723 969 6958 221 322 974 20565 518 15331 68 498
leaf_count=202051 21504 1674 738 45767 2089 299 338 628 4977 846 7171 4853 16327 782 2129 9335 975 12196 1168 8154 3235 5995 665 980 1478 6495 3933 376 482 42821 10563 960 2515 264 59 357 1173 780 94 6988 69 1667 3705 147 148 105 12009 7576 142 219 258 50675 2723 969 6958 221 322 974 20565 518 15331 68 498
internal_value=0.00128822 -0.00337043 -0.00743228 0.00322412 -0.0017681 -0.0114816 -0.00440912 -0.00603096 -0.00468004 -0.0107327 0.0021226 -0.00979692 0.00232264 -0.0188171 -0.000564541 -0.000385083 -0.00101879 -0.00160358 -0.00239583 -0.0050255 -0.00344483 0.00256744 -0.00950727 -0.00944037 -0.00909365 -0.00801238 -0.00836238 -0.00641938 -0.0106602 0.00176205 -0.0012994 -0.00337351 -0.00996599 -0.020499 -0.00750971 -0.0165933 -0.00982115 -0.0128065 -0.00853591 -0.0040179 -0.0311594 -0.00803502 -0.00123851 -0.017129 -0.0253865 -0.0280891 -0.000978611 -0.000690783 -0.00262508 -0.00997031 -0.0154205 0.00315174 -0.0016997 -0.00575154 -0.00212719 -0.0223869 -0.0237724 -0.00968165 0.000607088 -2.57669e-05 -0.00249219 -0.00822526 -0.0210582
internal_weight=560081 164418 46512 395663 117906 18821 36911 24259 27691 18131 193612 16250 182736 1881 80995 78866 57362 48027 35831 12548 22049 166409 5642 9006 15248 7270 13770 7461 6309 69967 12652 9333 3528 1002 2574 954 3215 2047 1267 15253 690 3341 10876 775 1035 887 23283 22308 18708 1179 1736 96442 14732 7957 7296 597 391 5827 27146 21151 18566 586 756
internal_count=560081 164418 46512 395663 117906 18821 36911 24259 27691 18131 193612 16250 182736 1881 80995 78866 57362 48027 35831 12548 22049 166409 5642 9006 15248 7270 13770 7461 6309 69967 12652 9333 3528 1002 2574 954 3215 2047 1267 15253 690 3341 10876 775 1035 887 23283 22308 18708 1179 1736 96442 14732 7957 7296 597 391 5827 27146 21151 18566 586 756
is_linear=0
shrinkage=0.05


Tree=19
num_leaves=64
num_cat=0
split_feature=0 0 0 44 0 40 29 44 42 0 12 0 8 1 40 23 37 22 36 0 16 0 36 22 36 12 27 0 14 37 39 22 23 14 41 39 22 23 14 14 11 3 27 31 37 22 44 35 32 14 39 25 27 37 21 32 21 44 40 5 5 11 39
split_gain=1841.45 372.239 211.724 188.984 128.569 113.082 79.6726 68.2828 51.0249 49.0666 47.89 46.7739 36.4344 35.0007 33.1899 28.6911 28.4481 28.0682 26.9697 25.8127 25.4924 24.9801 24.5369 23.9531 23.9071 22.7954 22.3618 21.7624 21.7045 22.8016 21.0322 20.5157 24.6052 24.044 20.4807 20.0176 19.9044 19.7672 19.385 19.1395 19.0878 18.8099 18.7082 18.1952 18.9594 28.3921 18.115 17.9205 17.16 21.2238 16.3264 16.3164 15.6367 15.4918 15.4703 15.4062 15.3441 14.9567 14.6945 24.1574 16.1026 14.5561 14.4271
threshold=79.02500000000002 326.25000000000006 37.525000000000006 500.75000000000006 138.25000000000003 978.25000000000011 0.31178758846160176 6510.7500000000009 5.8500000000000014 138.25000000000003 -0.12940952255126037 685.00000000000011 18.505000000000006 73.325000000000003 984.45000000000016 24.850000000000005 46.500000000000007 46.500000000000007 1307.5000000000002 27.950000000000003 -21.986036855967384 191.25000000000003 152.50000000000003 63.500000000000007 47.500000000000007 1.0000000180025095e-35 137.25000000000003 64.675000000000026 9.5000000000000018 52.500000000000007 0.25000000000000006 54.500000000000007 18.650000000000002 7.5000000000000009 10304.500000000002 1.0000000180025095e-35 71.500000000000014 24.350000000000005 6.5000000000000009 5.5000000000000009 -0.78656609248549292 37.95000000000001 94.350000000000009 27.785991302453983 93.500000000000014 87.500000000000014 8449.0000000000018 0.97988739209073494 -9.8716411516165774 5.5000000000000009 1.0000000180025095e-35 984.05000000000007 98.050000000000011 87.500000000000014 131.25000000000003 16.211503874231457 136.25000000000003 3722.2500000000005 984.75000000000011 105.02500000000002 49.550000000000004 0.78656609248549325 0.15000000000000005
decision_type=2 2 2 2 2 2 2 2 2 2 2 2 10 8 2 2 2 2 2 2 2 2 2 2 2 2 10 2 2 2 2 2 2 2 2 2 2 2 2 2 2 8 10 2 2 2 2 2 2 2 2 2 10 2 2 2 2 2 2 8 8 2 2
left_child=2 3 19 9 13 25 21 11 12 15 17 24 27 57 28 -2 -17 -8 42 -1 -16 46 -12 -14 -7 -3 31 50 29 -11 -21 -15 -33 36 -25 40 -34 47 -36 51 -22 52 53 44 62 -46 -6 -31 -26 -50 -4 58 -18 -10 -39 -28 -54 -5 60 -60 -24 -53 -23
right_child=1 5 8 4 6 7 10 -9 18 14 22 -13 23 26 20 16 41 -19 -20 30 35 43 39 34 48 -27 55 -29 -30 37 -32 32 33 -35 38 -37 -38 54 -40 -41 -42 -43 -44 -45 45 -47 -48 -49 49 -51 -52 61 56 -55 -56 -57 -58 -59 59 -61 -62 -63 -64
leaf_value=0.80692541374494686 0.29149146118414637 -13.100549520428522 0.51713737713198416 -0.6110772028966317 -0.5910655645369346 -3.041803785514329 -0.54842688557751973 -9.6537191418532995 0.066384789697163882 -1.2046269933767291 -1.8035520209693503 -14.590286168712067 0.28218237751321701 -0.057783612688034905 -1.3862813932340163 0.042267209798425402 -0.94523938656107986 -1.905654950338338 0.44694598620170184 0.49971253581368719 -1.4726894390039238 -1.6081996769742593 -7.2299075170933778 -0.009244192293788393 -4.7546431150162993 -15.156961634040167 -0.84350942687257013 0.22818203841360807 -0.60173223384986507 -1.4809446883291981 0.043216158852453508 -0.0096996612486716319 -0.53656800150992956 -0.04212291769635073 -0.46073715175589175 -3.9365581374344281 -1.1718193767784013 -2.9482314978656783 -0.047650477853686368 -0.14886404019840754 -0.24471415175626024 -0.34065309093584784 -0.37811639814855985 -3.6151377309220205 -5.119896964588893 -1.6443657423104747 -1.5881390389307442 -2.4333416929654921 -4.8777814143498466 -3.0040606131963692 0.058518686625465936 -1.1581933376362705 -2.0858474653724004 -0.15504929438832066 -2.2931567143791933 -4.4401029732418928 0.41598248771945734 -0.91355628360248786 0.36497868116202814 -2.981135505283607 -2.1371481584852972 -2.53654192248545 -4.9332020132001944
leaf_weight=141849 24238 141 83735 4385 6167 4078 1670 801 28130 3170 1864 1040 14650 14850 353 12053 1114 1244 7212 71226 3805 7820 266 13613 1282 530 2449 24546 3001 1495 6404 3538 3313 1740 662 222 1188 317 698 138 22371 7589 3641 161 202 296 888 134 1122 3433 7021 493 145 5296 418 106 43 3984 54 441 1015 131 100
leaf_count=141849 24238 141 83735 4385 6167 4078 1670 801 28130 3170 1864 1040 14650 14850 353 12053 1114 1244 7212 71226 3805 7820 266 13613 1282 530 2449 24546 3001 1495 6404 3538 3313 1740 662 222 1188 317 698 138 22371 7589 3641 161 202 296 888 134 1122 3433 7021 493 145 5296 418 106 43 3984 54 441 1015 131 100
internal_value=0.00130375 -0.00340665 0.00304873 -0.00266527 -0.0048277 -0.0116975 -0.0077451 -0.010558 0.00182301 -0.00109311 -0.0120517 -0.00952761 0.00227687 -0.00294448 -0.00249022 -1.99176e-06 -0.00135743 -0.00707962 0.000337519 0.00410538 -0.00162405 -0.00572982 -0.015343 0.000712791 -0.00846949 -0.0316617 -0.00207401 0.0026787 -0.00520504 -0.0070618 0.00337241 -0.00161212 -0.00339043 -0.0052788 -0.000693582 -0.00144556 -0.0072084 -0.0107783 -0.00654412 -0.0185422 -0.00131877 -0.00350298 -0.000206788 -0.00754225 -0.00722381 -0.0166867 -0.00352587 -0.00770718 -0.0105217 -0.00908342 0.00303594 -0.0195833 -0.0090553 0.000163944 -0.017585 -0.00652642 -0.0223936 -0.0057719 -0.022027 -0.0293434 -0.0191998 -0.0126282 -0.00662879
internal_weight=560081 151398 408683 138971 58503 12427 22950 11756 189204 80468 7316 10955 144925 35553 35286 45182 20944 2914 44279 219479 26751 15634 4402 29623 9915 671 27184 115302 8535 5534 77630 24629 9779 6241 14973 26398 4501 2364 1360 2538 26176 8891 37067 8579 8418 498 7055 1629 5837 4555 90756 2400 1302 33426 735 2555 188 8369 1776 495 1281 624 7920
internal_count=560081 151398 408683 138971 58503 12427 22950 11756 189204 80468 7316 10955 144925 35553 35286 45182 20944 2914 44279 219479 26751 15634 4402 29623 9915 671 27184 115302 8535 5534 77630 24629 9779 6241 14973 26398 4501 2364 1360 2538 26176 8891 37067 8579 8418 498 7055 1629 5837 4555 90756 2400 1302 33426 735 2555 188 8369 1776 495 1281 624 7920
is_linear=0
shrinkage=0.05


Tree=20
num_leaves=64
num_cat=0
split_feature=0 0 0 44 43 0 0 3 0 37 39 3 42 33 23 37 13 31 8 21 5 3 11 44 0 14 11 14 0 27 8 27 16 40 39 16 10 37 11 37 0 21 31 4 43 0 39 4 0 8 0 16 36 38 0 25 14 22 29 7 31 4 40
split_gain=1685.39 365.722 161.365 140.154 127.496 78.0977 69.4442 58.3397 49.483 47.8427 46.4395 38.9742 37.044 32.8425 32.2513 45.4438 33.9299 32.0332 30.9777 27.6827 27.1039 25.2439 24.4923 24.0787 23.5995 23.6414 22.6425 21.8546 23.6264 21.3452 21.2566 19.9879 19.7685 19.1007 18.9375 18.4079 20.4887 17.7505 17.5994 16.3303 16.8927 16.2339 16.0223 15.9694 15.9217 15.7341 15.8593 15.1233 14.5939 14.4561 14.3371 14.2685 14.1243 13.9715 16.5306 13.8628 13.7688 13.6425 14.8796 15.1846 13.4225 19.0897 16.8198
threshold=71.425000000000026 191.25000000000003 33.975000000000009 468.25000000000017 45.625000000000007 453.50000000000006 108.05000000000001 73.02500000000002 552.50000000000011 51.500000000000007 1.0000000180025095e-35 94.225000000000009 10.65 13.250000000000002 18.350000000000005 81.500000000000014 1.0000000180025095e-35 27.785991302453983 17.505000000000006 82.500000000000014 139.25000000000003 77.225000000000009 -0.9159756150367534 9810.2500000000018 106.12500000000001 8.5000000000000018 -0.9159756150367534 9.5000000000000018 118.12500000000001 96.750000000000014 78.250000000000014 71.350000000000009 8.4755645055227351 981.55000000000007 1.0000000180025095e-35 -0.7779223291648858 37.725000000000009 96.500000000000014 -0.60355339059327362 42.500000000000007 301.25000000000006 1367.5000000000002 -14.395050810979575 129.25000000000003 71.250000000000014 25.050000000000004 0.25000000000000006 315.25000000000006 257.75000000000006 -11.399999999999993 150.25000000000003 5.6020009922233509 1307.5000000000002 24.050000000000004 122.25000000000001 984.05000000000007 11.500000000000002 55.500000000000007 84.213747422221118 97.135416666666686 7.6048916171633314 346.25000000000006 996.75000000000011
decision_type=2 2 2 2 2 2 2 8 2 2 2 8 2 2 2 2 2 2 10 2 8 8 2 2 2 2 2 2 2 10 8 10 2 2 2 2 10 2 2 2 2 2 2 8 2 2 2 10 2 10 2 2 2 2 2 2 2 2 2 8 2 8 2
left_child=2 4 45 8 14 11 21 23 20 41 12 29 18 -9 -2 16 -16 34 31 -12 51 43 -22 30 -18 26 -26 28 -17 -5 -8 -4 57 -10 37 36 -15 38 60 56 -41 -7 -20 -6 -33 -1 -47 -37 -40 -30 -25 55 -14 -29 -55 -3 -24 -28 59 -59 -13 -62 -63
right_child=1 3 10 5 6 9 7 13 33 -11 19 17 52 35 15 27 24 -19 42 -21 22 -23 39 50 25 -27 32 53 49 -31 -32 44 -34 -35 -36 47 -38 -39 48 40 -42 -43 -44 -45 -46 46 -48 -49 -50 -51 -52 -53 -54 54 -56 -57 -58 58 -60 -61 61 62 -64
leaf_value=0.81504215330665353 0.37178955755859439 -3.8192729709820146 0.49421981089227707 -2.4377737480952151 -0.29931092765463657 -13.243565569034969 -0.95313837520014677 -0.073230661656414939 -18.295116826592967 -5.9343565077538578 -0.38855775407532739 -1.8014842083263773 -0.06877832608631923 -0.60642190486156677 0.51771651872515168 -0.63405558700741194 -0.015431372137223698 -3.7641498283731383 -0.17487916092383246 0.037734099765514839 -3.2756568553960728 -0.038203646928615498 -1.6942997301306519 -1.4110104692796603 -2.3427414905883093 -0.065546476582203445 -0.62906204900121354 0.9076728218745802 -0.40680294628737168 -2.7559480032320565 -2.0954168557211639 0.39254567102606241 -0.18535957934948818 -8.8200291672371431 -4.6942417105054686 -0.59029454629121436 -1.3721063562384446 -4.8621388318121035 -0.95940613243035922 -0.34179271098010316 -2.2665817531209371 -13.342458385435178 0.17001267512192339 -0.77108270847880078 -0.08429088962356987 0.52734500199323475 0.081579152594442664 -1.3504708151973166 -2.288739890774707 -2.4811475922456405 -2.6521262656038411 -1.5293894375406292 0.36482280578039578 -0.064750127942886954 -1.9942570809265665 -2.4737904523353578 -4.3519384706445612 -0.49687495415263838 -1.8354320790154244 -1.1390502461385861 -3.0321170498480328 -5.7092743563498978 -0.95460639980903361
leaf_weight=119056 23076 512 111431 1373 13313 717 4518 4370 112 1382 1436 1176 10903 1294 9529 2851 27435 203 3116 20389 1295 12043 1517 673 509 8279 5010 935 176 1382 1309 13470 4627 1298 324 4965 2148 151 4195 10266 5530 167 25572 2719 5851 66286 6222 190 4267 544 269 1652 2535 252 140 1532 133 1192 310 881 696 301 76
leaf_count=119056 23076 512 111431 1373 13313 717 4518 4370 112 1382 1436 1176 10903 1294 9529 2851 27435 203 3116 20389 1295 12043 1517 673 509 8279 5010 935 176 1382 1309 13470 4627 1298 324 4965 2148 151 4195 10266 5530 167 25572 2719 5851 66286 6222 190 4267 544 269 1652 2535 252 140 1532 133 1192 310 881 696 301 76
internal_value=0.00132303 -0.00276577 0.00316293 -0.00694326 -0.00150658 -0.0104997 -0.00357543 -0.0058482 -0.00449595 -0.0191174 0.00214925 -0.00911906 0.00242362 -0.00388409 -0.000353019 -0.000941439 -0.000549401 -0.00782817 0.0026361 -2.40548e-05 -0.00392499 -0.00197774 -0.00315325 -0.00961072 -0.00108793 -0.00235775 -0.00372775 -0.00556554 -0.00760151 -0.0144555 -0.0084117 0.00296256 -0.00329035 -0.0135816 -0.00747095 -0.00567814 -0.00850959 -0.00711563 -0.00687564 -0.00266078 -0.00216637 -0.0282014 0.00114822 -0.0032772 0.00147793 0.00419322 0.00361257 -0.00378758 -0.00583077 -0.0156944 -0.0170276 -0.0078382 -9.74846e-05 -8.66615e-05 -0.0080102 -0.0106311 -0.00739394 -0.00489449 -0.00800881 -0.00648095 -0.010807 -0.0148509 -0.0239125
internal_weight=560081 173814 386267 40257 133557 16410 47811 19736 23847 2266 194703 14144 172878 12967 85746 62670 57772 11389 159440 21825 22437 28075 18741 6769 48243 20808 12529 4898 3571 2755 5827 130752 12020 1410 11186 8597 3442 10862 10711 17446 15796 884 28688 16032 19321 191564 72508 5155 8462 720 942 3696 13438 1327 392 2044 1650 7393 2383 2073 2249 1073 377
internal_count=560081 173814 386267 40257 133557 16410 47811 19736 23847 2266 194703 14144 172878 12967 85746 62670 57772 11389 159440 21825 22437 28075 18741 6769 48243 20808 12529 4898 3571 2755 5827 130752 12020 1410 11186 8597 3442 10862 10711 17446 15796 884 28688 16032 19321 191564 72508 5155 8462 720 942 3696 13438 1327 392 2044 1650 7393 2383 2073 2249 1073 377
is_linear=0
shrinkage=0.05


Tree=21
num_leaves=64
num_cat=0
split_feature=0 0 0 43 43 8 0 39 12 12 0 4 43 0 0 8 26 25 43 37 25 22 38 16 37 22 11 41 5 36 39 14 16 21 43 16 42 16 29 0 8 31 33 14 25 37 33 37 40 40 32 25 7 31 29 17 29 3 13 0 32 31 21
split_gain=1539.68 324.019 163.279 153.337 94.2609 77.0693 72.2882 54.4263 52.0742 49.3492 43.9142 42.0677 49.3896 40.6589 36.5108 35.865 31.6873 28.6199 25.9817 25.5542 24.3787 23.0126 26.0175 22.8866 22.8819 22.4327 21.2867 20.2276 21.4252 20.047 19.082 18.5949 18.3869 17.936 17.6236 17.3977 17.1087 17.0792 17.0115 16.94 16.7716 16.5575 20.4686 17.5977 15.8735 15.684 17.4564 15.5232 15.2019 14.8048 19.9712 14.5572 14.4867 14.376 14.1428 14.0553 13.9925 33.1751 20.2367 13.9504 13.889 17.3103 13.5783
threshold=71.425000000000026 165.25000000000003 29.650000000000002 45.625000000000007 51.250000000000007 351.50000000000006 552.50000000000011 1.0000000180025095e-35 -0.3794095225512602 -0.3794095225512602 52.525000000000006 83.325000000000017 201.25000000000003 398.25000000000006 110.07500000000002 78.250000000000014 832.75000000000011 978.1500000000002 30.625000000000004 49.500000000000007 984.1500000000002 86.500000000000014 23.350000000000005 -21.986036855967384 58.500000000000007 59.500000000000007 -0.78656609248549292 11136.500000000002 45.525000000000006 232.50000000000003 1.0000000180025095e-35 11.500000000000002 -1.605981708198793 817.50000000000011 157.50000000000003 5.7717804557247332 9.0500000000000025 -3.59588266340486 1.5751499087367871 301.25000000000006 14.015000000000004 -10.24033927356327 20.250000000000004 11.500000000000002 997.25000000000011 40.500000000000007 16.850000000000005 85.500000000000014 984.05000000000007 993.95000000000016 -13.378163572446001 979.55000000000007 237.27769841269844 16.842631062669906 77.322835527954865 -20.963925122287204 87.871760441173095 37.525000000000006 4.5000000000000009 118.12500000000001 -8.1280213390985097 -7.5934072898712834 1117.5000000000002
decision_type=2 2 2 2 2 10 2 2 2 2 2 10 2 2 2 10 2 2 2 2 2 2 2 2 2 2 2 2 8 2 2 2 2 2 2 2 2 2 2 2 10 2 2 2 2 2 2 2 2 2 2 2 10 2 2 2 2 8 2 2 2 2 2
left_child=2 4 -1 6 17 9 15 10 25 13 36 -11 41 47 34 19 29 24 51 31 -8 22 -14 -21 52 55 -19 28 -16 32 37 -3 -9 -20 54 48 40 49 39 -25 -4 -13 43 -43 -45 46 -33 60 -17 56 -51 -12 62 -22 -10 -6 -28 58 -58 -26 61 -5 -2
right_child=1 3 7 5 8 -7 20 16 14 11 18 12 21 -15 27 35 -18 26 33 23 53 -23 -24 38 59 -27 30 -29 -30 -31 -32 45 -34 -35 -36 -37 -38 -39 -40 -41 -42 42 -44 44 -46 -47 -48 -49 -50 50 -52 -53 -54 -55 -56 -57 57 -59 -60 -61 -62 -63 -64
leaf_value=0.69790541000369277 0.19507309865821018 -1.1349002268554633 0.52422503962936029 -3.0593412664939752 -1.4812538433602669 -13.846219627184045 -18.096923104274889 -0.70846483625572598 -0.071369382886531704 -4.4606695658908366 0.14404481144594158 -1.0137993052111012 -3.227743665091046 -7.3700708036462519 -1.9793571345936147 -2.6404308456986758 0.05943978207955565 -0.30202073970243504 -0.030596528649113709 -2.2128984101681417 -6.9973644509137589 -0.89833283722722868 -2.3964524276517589 -0.25147030072037896 -0.41511955997611838 -0.70648056042546459 0.05055228168587176 -1.4377580697100649 -0.79448168552472309 -0.026006667880016821 -0.57031142690340397 -4.0927808059958606 -0.15041979497669852 0.37252488318153998 -0.52358327512413139 -1.1799165716876265 0.14336283802782754 0.33664133017232567 -1.7360240583015631 -2.0217147566936213 0.19699096464791632 -1.844113845925875 -1.5883103408847252 -5.1831927371620878 0.34590495278651495 -2.5686325781911257 -0.63567177584201373 -3.4264386921015282 -2.400889453034408 -1.1054082340272127 -0.63947318126217123 0.59597270681023873 -1.7989756496002365 -16.009391132766073 -0.78330630288274228 0.02826195123564338 -0.57678836452914539 -0.092074669718046009 -1.7058722485420788 -2.0693843016082973 -0.90787078393795406 -1.617632958694091 -0.47326269870874427
leaf_weight=157680 5389 4606 98262 92 79 599 244 716 6698 1767 15730 1579 721 731 684 1221 25214 10506 22224 239 1471 191 228 16216 4378 3067 14174 1069 7090 1168 1092 232 510 7618 9730 3157 13374 37648 975 4530 19161 962 2205 327 48 551 144 176 3778 119 499 24610 57 77 1177 13177 218 1338 220 519 4461 1228 2130
leaf_count=157680 5389 4606 98262 92 79 599 244 716 6698 1767 15730 1579 721 731 684 1221 25214 10506 22224 239 1471 191 228 16216 4378 3067 14174 1069 7090 1168 1092 232 510 7618 9730 3157 13374 37648 975 4530 19161 962 2205 327 48 551 144 176 3778 119 499 24610 57 77 1177 13177 218 1338 220 519 4461 1228 2130
internal_value=0.00133589 -0.00257217 0.00309445 -0.00584237 -0.00114705 -0.0100571 -0.00411835 0.00224066 -0.00303465 -0.00934153 0.00252661 -0.0119843 -0.0100615 -0.00616926 -0.00440525 -0.00362577 0.000159012 -0.000115792 0.00151763 -0.00276198 -0.0139174 -0.0194737 -0.0226607 -0.00199681 -0.00231179 -0.000813882 0.000300392 -0.00702646 -0.0061397 -0.00533835 0.000692305 -0.00579884 -0.00980424 0.000399102 -0.00308861 -0.00653752 0.003068 0.000824111 -0.00182749 -0.00152415 0.00326099 -0.00796622 -0.00986448 -0.0147457 -0.0239333 -0.01226 -0.020133 -0.00480359 -0.00837267 -0.000513641 -0.0081068 0.00234507 -0.000590021 -0.0116021 -0.00133016 7.77008e-05 -0.000219436 -0.00440315 -0.016347 -0.00497549 -0.00435824 -0.00886364 -0.000399654
internal_weight=560081 173814 386267 52756 121058 15315 37441 228587 42771 14716 200979 8028 6261 6688 26448 35649 27608 78287 70182 27493 1792 1140 949 21960 12473 16323 65814 8843 7774 2394 55308 5533 1226 29842 17605 8156 130797 54216 21721 20746 117423 5121 3542 1337 375 927 376 5957 4999 16568 618 40340 7576 1548 7875 13256 15950 1776 438 4897 5781 1320 7519
internal_count=560081 173814 386267 52756 121058 15315 37441 228587 42771 14716 200979 8028 6261 6688 26448 35649 27608 78287 70182 27493 1792 1140 949 21960 12473 16323 65814 8843 7774 2394 55308 5533 1226 29842 17605 8156 130797 54216 21721 20746 117423 5121 3542 1337 375 927 376 5957 4999 16568 618 40340 7576 1548 7875 13256 15950 1776 438 4897 5781 1320 7519
is_linear=0
shrinkage=0.05


Tree=22
num_leaves=64
num_cat=0
split_feature=0 0 0 43 44 0 12 37 0 37 0 23 37 42 44 8 8 3 0 38 23 22 37 33 8 32 12 31 43 29 16 29 12 34 29 23 0 21 11 7 28 11 36 36 37 5 31 8 38 13 25 37 22 39 39 6 1 7 23 18 37 31 7
split_gain=1414.71 300.041 154.967 115.574 81.9918 76.8505 54.3161 53.1649 51.9064 47.0973 40.0145 38.6481 50.8556 37.6619 35.7766 37.0557 31.9104 27.5573 27.1577 27.1393 24.6359 24.402 24.0122 19.9671 19.3815 19.3725 19.2248 19.5583 19.0349 18.6619 18.6469 18.5326 18.529 24.6026 29.1185 19.6706 17.8383 15.4396 15.2822 19.6452 15.0601 14.4623 14.3204 13.7348 13.689 13.6811 13.596 13.5724 13.4229 13.4768 12.7843 12.5596 12.5215 12.5118 12.3631 12.0905 12.0741 12.0509 16.7458 11.8916 11.7255 13.4623 11.4227
threshold=70.225000000000009 251.25000000000003 29.650000000000002 45.625000000000007 500.75000000000006 112.05000000000001 -0.3794095225512602 91.500000000000014 122.25000000000001 46.500000000000007 422.75000000000006 24.550000000000004 80.500000000000014 10.050000000000002 9810.2500000000018 78.250000000000014 18.025000000000006 37.95000000000001 685.00000000000011 19.150000000000002 20.050000000000004 68.500000000000014 46.500000000000007 13.250000000000002 168.10000000000002 -15.160721125556412 -0.12940952255126037 11.872673346189966 76.250000000000014 164.39504405851014 -21.986036855967384 39.241813695259147 -0.12940952255126037 0.77159520228797462 16.64590261906994 28.150000000000002 53.550000000000004 887.50000000000011 -0.78656609248549292 159.55729166666671 0.49500000000000005 -0.9159756150367534 532.50000000000011 1307.5000000000002 37.500000000000007 131.25000000000003 27.785991302453983 -106.89999999999999 18.350000000000005 1.5000000000000002 972.6500000000002 44.500000000000007 69.500000000000014 1.0000000180025095e-35 1.0000000180025095e-35 45.936666666666689 96.425000000000026 30.031372549019611 26.550000000000004 10.450000000000001 93.500000000000014 -12.802620442806569 86.264583333333348
decision_type=2 2 2 2 2 2 2 2 2 2 2 2 2 2 2 10 10 8 2 2 2 2 2 2 8 2 2 2 2 2 2 2 2 2 2 2 2 2 2 10 2 2 2 2 2 10 2 10 2 2 2 2 2 2 2 10 8 8 2 2 2 2 10
left_child=2 3 -1 8 18 21 23 13 20 10 19 30 17 16 15 47 36 51 38 -6 -2 32 52 -7 46 45 27 -12 59 -17 -10 44 -5 34 -34 -36 -4 -24 -3 -40 -18 -32 -35 -15 -23 -16 60 -8 -20 -50 -19 -13 -22 -46 -43 -37 -49 58 -30 -9 -11 -62 -21
right_child=1 4 7 5 9 6 14 28 11 24 26 12 -14 43 25 29 40 50 48 62 22 31 37 -25 -26 -27 -28 -29 57 -31 41 -33 33 42 35 55 -38 -39 39 -41 -42 54 -44 -45 53 -47 -48 56 49 -51 -52 -53 -54 -55 -56 -57 -58 -59 -60 -61 61 -63 -64
leaf_value=0.66301013950350818 0.57808710114974926 -3.86739199356321 0.45050659481138233 0.062644772449388597 -4.8237029767725632 -0.22392027125796138 -1.2572879144611782 -0.14311275492603803 -1.0573376002688766 -2.0014459340780557 -6.9932666431095258 -1.8943584427033429 -2.8970761967616103 -0.013346380898824018 -1.6506064919930268 -1.7436698216299675 0.03591314088624048 -2.4503531099301608 -3.5831147505849965 -6.8705978159022525 0.18917226922144459 -1.4067822405198529 -0.12149266433841528 -1.0020161261190308 -4.7736109119165349 -1.2166433851214102 -14.106927328250411 -13.244848269832222 -0.016325247801264056 -5.6473440136366371 -1.1626683893550642 -0.91877519576540623 -0.2458852033056409 0.12397952061483111 -0.54041221442330112 -2.5396688230970228 0.31781206137855633 -0.43401263927410705 -3.5999060197077357 -1.52281735127365 0.58268293468223575 -0.11463473600147345 -0.51413722469995093 0.38932816397241243 -0.34820393617188544 -2.1172211465842561 -3.8670893982351373 -1.2765811452408493 -3.9219966724567628 -15.345228707217865 -0.64534034854749567 -3.1028798515337646 -0.60332897630536286 -0.87054350665695335 -1.3909834607042786 -0.98728226020981191 -0.63726671728667716 -0.080796506956919312 -0.37477186477649804 0.19244806715350543 -1.2664801861399488 -4.7850515056279388 -2.1295334479830159
leaf_weight=157680 15802 1587 115245 11698 209 5435 1983 2890 327 3994 378 290 680 17014 300 1261 21379 169 250 162 21884 129 17579 4270 2369 580 257 196 732 269 2474 456 3498 5044 1404 127 42780 2419 1339 9863 7310 29017 723 3498 5912 464 96 1741 93 330 9248 227 185 861 231 1264 6684 4269 1108 8699 122 186 1411
leaf_count=157680 15802 1587 115245 11698 209 5435 1983 2890 327 3994 378 290 680 17014 300 1261 21379 169 250 162 21884 129 17579 4270 2369 580 257 196 732 269 2474 456 3498 5044 1404 127 42780 2419 1339 9863 7310 29017 723 3498 5912 464 96 1741 93 330 9248 227 185 861 231 1264 6684 4269 1108 8699 122 186 1411
internal_value=0.00134276 -0.00234687 0.00305425 -0.00155673 -0.00769591 -0.00342005 -0.00561252 0.00221172 -0.000553953 -0.0112846 -0.0169862 -0.00187715 -0.00449218 0.00243637 -0.00769011 -0.0068194 0.00265979 -0.00358667 -0.00519536 -0.0127609 0.000421556 -0.00180036 -0.000210735 -0.00276919 -0.00908305 -0.0154241 -0.0260469 -0.0209582 -0.000418691 -0.014085 -0.00101111 -0.00431639 -0.00102113 -0.00239635 -0.00455824 -0.00836315 0.0029383 -0.00146565 -0.00468019 -0.00402964 0.00112569 -0.000888658 -3.72809e-05 0.000402691 -0.0036714 -0.0206544 -0.00711914 -0.00575134 -0.0149851 -0.0204137 -0.00296963 -0.0148259 0.000926413 -0.00336409 -0.000578159 -0.0125773 -0.00487537 -0.0026772 -0.00605978 0.000771853 -0.00670386 -0.0161039 -0.0105118
internal_weight=560081 177477 382604 154635 22842 54103 22987 224924 100532 9380 2613 42663 10614 207226 13282 11938 186714 9934 13462 1782 57869 31116 42067 9705 6767 1344 831 574 17698 1530 32049 7358 23758 12060 6293 2795 158025 19998 12789 11202 28689 31722 5767 20512 6902 764 4398 10408 673 423 9417 517 22069 6773 29248 1391 8425 6109 1840 11589 4302 308 1573
internal_count=560081 177477 382604 154635 22842 54103 22987 224924 100532 9380 2613 42663 10614 207226 13282 11938 186714 9934 13462 1782 57869 31116 42067 9705 6767 1344 831 574 17698 1530 32049 7358 23758 12060 6293 2795 158025 19998 12789 11202 28689 31722 5767 20512 6902 764 4398 10408 673 423 9417 517 22069 6773 29248 1391 8425 6109 1840 11589 4302 308 1573
is_linear=0
shrinkage=0.05


Tree=23
num_leaves=64
num_cat=0
split_feature=0 0 0 0 43 40 43 42 37 41 22 32 43 5 32 37 31 12 29 18 27 2 37 39 0 23 37 37 40 23 0 13 22 18 44 0 4 39 27 11 2 10 37 12 23 32 31 11 37 42 7 25 7 27 26 24 5 42 12 25 5 39 25
split_gain=1291.26 268.783 154.694 93.6986 91.9517 59.9332 58.3019 51.0086 47.6125 44.2545 31.5498 36.7476 29.634 36.6321 34.6977 29.1215 29.4632 27.5959 27.5057 27.1056 26.3695 25.96 25.0764 24.8129 24.7107 29.4294 41.2658 22.85 24.8412 21.4088 20.3131 19.5625 19.5425 18.565 18.3854 18.1219 17.837 17.4515 16.8358 16.3938 16.1245 15.8926 15.1755 15.0701 15.0197 20.1892 17.1349 23.1078 14.851 18.2601 14.002 13.9647 13.881 13.7017 13.592 13.1253 12.7618 12.5212 12.3563 13.265 12.0621 11.9111 11.8875
threshold=70.225000000000009 203.25000000000003 32.550000000000004 453.50000000000006 21.250000000000004 980.1500000000002 51.250000000000007 10.65 56.500000000000007 4928.5000000000009 55.500000000000007 15.647594493918083 302.50000000000006 127.10000000000001 -18.531787244524459 50.500000000000007 14.182959422314969 -0.78656609248549325 84.213747422221118 10.950000000000001 57.550000000000004 34.95000000000001 92.500000000000014 0.25000000000000006 120.25000000000001 24.850000000000005 77.500000000000014 42.500000000000007 981.55000000000007 18.550000000000004 53.025000000000006 1.0000000180025095e-35 45.500000000000007 15.250000000000002 8449.0000000000018 24.025000000000002 167.25000000000003 1.0000000180025095e-35 134.25000000000003 -0.9159756150367534 664.75000000000011 70.575000000000003 46.500000000000007 -0.3794095225512602 18.350000000000005 -7.8902577641254714 2.2258437878816788 0.12940952255126045 74.500000000000014 12.650000000000004 144.95851449275366 973.05000000000007 207.09270833333338 125.25000000000001 721.25000000000011 1.0000000180025095e-35 39.975000000000009 11.250000000000004 0.25881904510252057 979.6500000000002 149.12500000000003 1.0000000180025095e-35 978.1500000000002
decision_type=2 2 2 2 2 2 2 2 2 2 2 2 2 10 2 2 2 2 2 2 10 10 2 2 2 2 2 2 2 2 2 2 2 2 2 2 10 2 10 2 8 10 2 2 2 2 2 2 2 2 10 2 10 10 2 2 8 2 2 2 8 2 2
left_child=2 4 35 6 24 -5 27 10 30 19 11 33 -9 41 -15 16 -7 -8 23 22 -11 -13 61 44 29 55 51 32 50 -2 -4 -31 -3 -6 36 -1 43 -37 56 -30 -17 -14 -33 -19 -12 46 47 -46 49 -36 -29 -27 -34 -23 -39 -26 58 -32 -35 -60 -41 -10 -24
right_child=1 3 8 5 7 15 17 12 9 20 18 21 13 14 -16 40 -18 34 -20 -21 -22 53 62 -25 25 26 -28 28 39 31 57 42 52 38 48 37 -38 54 -40 60 -42 -43 -44 -45 45 -47 -48 -49 -50 -51 -52 -53 -54 -55 -56 -57 -58 -59 59 -61 -62 -63 -64
leaf_value=0.72278126745375004 0.72721175661441462 -1.8418710152264415 0.51027321352738619 -15.604304459451967 0.054298015528536858 -8.5688848129214144 -1.4306818109264225 -0.57115769188276067 0.22502681468574118 0.047756854400166915 -0.096412830078511993 -4.3759647283456076 -0.51432216043106471 -2.13757384283553 -1.1845512331559263 -3.5697099671401382 -14.919877379102651 -1.4623598767794697 -1.0383765779571608 0.40623344704179404 -0.21091167320343637 -0.45669012595991987 -0.32822838950858935 -1.2773240302270805 -0.034756630564547364 -2.9001721089924786 -2.6167482644691029 -3.8155468852779117 -2.5151421502669895 0.54331561550439944 0.35283966003380379 0.10002702358774335 -1.7792623859983085 -0.30206181890631928 -2.3252917967044024 0.50021720019992333 -2.0594553248232339 -0.14054558251063956 -1.1318227539535408 -1.8557440907214162 -7.9158913464931517 -1.1558112158653395 -0.17980329597975586 -3.3150711595983404 -0.37730364239489556 -0.39050009374030786 -0.64178615048474119 -1.8265436856828854 -1.5044803670528077 -3.7800200720821096 -1.5973849268779192 -0.60647826919131897 -3.5883280164348927 -2.3390801700823554 0.19612614542592435 -1.1831101150617647 -0.17329662787057193 -0.074652912571751925 -1.0847068597797216 0.080699165524738534 -0.67419020433991994 -0.13646764263513547 0.14183717509613766
leaf_weight=110102 10837 2370 57653 383 18876 765 2152 8145 16935 31630 5490 139 2309 272 807 2736 268 702 1076 44307 6769 719 2055 745 22007 199 620 375 1361 6672 34464 16288 270 440 241 58440 3080 858 653 2391 840 891 16863 1753 411 9826 1486 542 134 296 351 7282 263 175 12143 314 7463 3302 217 85 14897 3079 867
leaf_count=110102 10837 2370 57653 383 18876 765 2152 8145 16935 31630 5490 139 2309 272 807 2736 268 702 1076 44307 6769 719 2055 745 22007 199 620 375 1361 6672 34464 16288 270 440 241 58440 3080 858 653 2391 840 891 16863 1753 411 9826 1486 542 134 296 351 7282 263 175 12143 314 7463 3302 217 85 14897 3079 867
internal_value=0.00134178 -0.00218318 0.00297689 -0.00606573 -0.00120801 -0.0124179 -0.00503068 -0.00267851 0.00202155 0.0012903 -0.00194413 -0.00089043 -0.00553606 -0.00890512 -0.0168721 -0.0108386 -0.0182333 -0.00859177 -0.00349254 0.00206364 -6.39338e-05 -0.01015 0.000668382 -0.00304054 -0.000105942 -0.00123233 -0.00381373 -0.00369468 -0.00307484 0.00057047 0.00283114 3.42769e-05 -0.00783155 -0.00054554 -0.0102836 0.00403494 -0.00933604 0.00341478 -0.00243396 -0.00272159 -0.00870246 -0.00621875 -0.000462882 -0.0125153 -0.00266545 -0.0036384 -0.00771013 -0.0129433 -0.0180999 -0.0218156 -0.0121488 -0.00278639 -0.0164822 -0.00702461 0.00175794 -0.000295461 -0.00181901 0.00192978 -0.00807278 -0.0158609 -0.00230565 0.00130009 -0.00365845
internal_weight=560081 177477 382604 35628 141849 4992 30636 60767 201061 105642 48343 28767 12424 4279 1079 4609 1033 8358 19576 67243 38399 1033 22936 18500 81082 30422 8101 22278 19375 50660 95419 39823 2903 27734 6206 181543 5535 71441 8858 18649 3576 3200 33151 2455 17755 12265 2439 953 671 537 726 7481 533 894 13001 22321 8205 37766 742 302 17288 20014 2922
internal_count=560081 177477 382604 35628 141849 4992 30636 60767 201061 105642 48343 28767 12424 4279 1079 4609 1033 8358 19576 67243 38399 1033 22936 18500 81082 30422 8101 22278 19375 50660 95419 39823 2903 27734 6206 181543 5535 71441 8858 18649 3576 3200 33151 2455 17755 12265 2439 953 671 537 726 7481 533 894 13001 22321 8205 37766 742 302 17288 20014 2922
is_linear=0
shrinkage=0.05


Tree=24
num_leaves=64
num_cat=0
split_feature=0 0 0 43 0 8 42 3 38 27 41 16 0 14 14 0 1 33 3 39 14 13 25 18 8 3 37 39 32 11 17 37 2 32 31 43 11 43 28 8 38 31 22 5 37 0 25 41 1 32 8 27 5 37 43 22 20 42 35 23 13 4 33
split_gain=1188.2 212.653 201.224 96.9812 56.0526 53.0492 49.1698 41.3787 37.7307 35.5544 34.5004 32.3521 29.5462 34.7784 30.6229 29.3923 28.0655 26.6698 25.1855 24.2809 24.2386 23.9039 23.6595 20.6771 20.4036 20.2486 19.3826 17.9797 17.4757 17.2948 21.9869 17.2728 16.7298 16.5027 17.8613 24.7294 16.3882 16.3705 17.7916 20.821 16.7461 16.2245 15.8925 15.8145 15.6197 16.3638 15.5321 14.4033 14.0242 13.6518 13.6001 13.4673 13.0582 13.1197 12.9811 12.9037 14.4221 12.7125 12.6526 12.7205 15.0837 12.3538 12.2768
threshold=82.325000000000017 35.975000000000009 301.25000000000006 45.625000000000007 150.25000000000003 351.50000000000006 0.30000000000000054 91.02500000000002 34.050000000000004 56.050000000000004 7088.2500000000009 9.6363470263820101 120.25000000000001 9.5000000000000018 4.5000000000000009 25.050000000000004 73.325000000000003 18.950000000000003 45.025000000000006 1.0000000180025095e-35 4.5000000000000009 1.5000000000000002 984.1500000000002 25.550000000000004 25.699999999999999 88.02500000000002 90.500000000000014 1.0000000180025095e-35 -8.1280213390985097 -0.78656609248549292 -0.75076737259217674 87.500000000000014 176.25000000000003 -9.3483769970166914 -8.0663194196786154 201.25000000000003 -0.9159756150367534 102.50000000000001 7.3250000000000011 -37.99499999999999 20.450000000000003 16.413049081210982 86.500000000000014 8.9250000000000025 63.500000000000007 494.25000000000006 983.35000000000002 10151.000000000002 60.025000000000006 -14.368356817037943 78.250000000000014 46.050000000000004 47.525000000000006 95.500000000000014 26.250000000000004 70.500000000000014 0.91702515554752073 -4.5999999999999979 -0.50751903745502724 14.65 1.0000000180025095e-35 20.050000000000004 33.750000000000007
decision_type=2 2 2 2 2 10 2 8 2 10 2 2 2 2 2 2 8 2 10 2 2 2 2 2 10 8 2 2 2 2 2 2 8 2 2 2 2 2 2 10 2 2 2 8 2 2 2 2 8 2 8 10 8 2 2 2 2 2 2 2 2 10 2
left_child=1 15 3 11 16 10 20 46 9 31 27 12 48 14 23 -1 -5 -12 -16 -17 -3 -7 37 58 -22 33 28 36 62 30 -15 -8 -32 34 35 -18 41 -11 39 40 -39 -4 -28 -13 45 -23 49 -45 -2 -6 -51 -21 61 -54 -55 56 -35 -58 -14 -60 -61 -38 -9
right_child=2 6 5 4 7 21 8 26 -10 22 17 43 13 29 18 19 25 -19 -20 51 24 44 -24 -25 -26 -27 42 -29 -30 -31 32 -33 -34 55 -36 -37 52 38 -40 -41 -42 -43 -44 47 -46 -47 -48 -49 -50 50 -52 -53 53 54 -56 -57 57 -59 59 60 -62 -63 -64
leaf_value=0.67164219454431928 -0.64516483346957842 0.63972533229688378 -4.8998044663887121 -0.8364238263321937 -2.0765617401553835 -3.0485115618514884 0.17571153969196263 -1.3671821208509309 0.37742694231803342 -0.062734269596460848 -3.5890989939554458 -2.1455557142521378 -0.26707377632213214 -0.6933749975612461 -2.7932559127736241 0.45047759789732694 -1.2615072040529121 -6.8602963278114846 -1.1564571359738893 0.16521064910006494 0.28741716120305166 -2.8937245114411443 0.1360682990273753 -1.4670370841505034 -0.04602182210705083 -0.057177359141516684 -3.5370108358220778 -8.9971431336009093 -0.63174963652072591 -0.062742249353008012 -0.77363422674003712 -0.058946958708622245 -3.0654049926106461 -0.10508333887156387 -0.62462630191251278 -2.1500288106842098 -14.43095324394325 -1.1773123685029099 0.28921102142015087 -0.2589659892611767 -0.59916587453257741 -9.1952163353919651 -1.1093087738114862 0.24265121782255494 -10.202729272046232 -16.74434230772815 -1.1008647574577695 -0.41310398736665327 0.02024278435475391 -1.0129321433839846 -3.4383868807155817 -0.13426123107182519 -2.0875048965303717 -3.6098810838467443 -5.272399344593377 -0.67109506678440967 -1.7798177803433051 -1.5307746472100392 -0.42016019654736314 0.012850461946573688 -1.0785380185649875 -1.5638128617087628 -2.0126670551085755
leaf_weight=119056 2403 41452 674 5917 527 243 47556 3403 19490 9874 1073 87 3356 2733 828 72445 181 658 1564 13703 54164 227 8494 303 8215 10959 360 132 5734 13821 397 10631 466 7133 2934 148 61 273 1492 6313 1370 93 342 25429 333 484 1585 2699 21505 894 838 1885 10433 248 98 1780 36 300 3355 1131 5454 227 82
leaf_count=119056 2403 41452 674 5917 527 243 47556 3403 19490 9874 1073 87 3356 2733 828 72445 181 658 1564 13703 54164 227 8494 303 8215 10959 360 132 5734 13821 397 10631 466 7133 2934 148 61 273 1492 6313 1370 93 342 25429 333 484 1585 2699 21505 894 838 1885 10433 248 98 1780 36 300 3355 1131 5454 227 82
internal_value=0.00134392 0.00269664 -0.00257684 -0.00193831 -0.00387076 -0.0080606 0.00157278 -0.00650381 0.000812519 0.000362371 -0.00714865 -0.000963335 -0.00164561 -0.00260596 -0.0042896 0.00383263 -0.00263747 -0.0137464 -0.00950669 0.0031399 0.00234521 -0.0177661 -0.001108 -0.00337194 0.00172245 -0.00186166 -0.0047974 -0.00619422 -0.00418755 -0.00106017 -0.00414905 0.00106527 -0.0111066 -0.00323609 -0.00629329 -0.0173404 -0.00598952 -0.00207484 -0.00356266 -0.00450226 -0.00951613 -0.0130574 -0.0128063 0.000422648 -0.0210536 -0.0252391 -0.0109079 0.000488481 -0.000303664 -0.0135702 -0.0114261 0.00134976 -0.00549968 -0.00521894 -0.0147977 -0.00215753 -0.00124582 -0.011369 -0.00307762 -0.00397384 -0.00525057 -0.0160069 -0.00697991
internal_weight=560081 416413 143668 128684 43153 14984 209324 13765 105493 86003 13697 85531 57316 33408 15991 207089 29388 1731 2392 88033 103831 1287 27816 13599 62379 23471 9921 11966 9219 17417 3596 58187 863 12512 3263 329 11834 19322 9448 7956 1643 767 702 28215 1044 711 3844 28128 23908 2259 1732 15588 11067 10779 346 9249 7469 336 13296 9940 6585 288 3485
internal_count=560081 416413 143668 128684 43153 14984 209324 13765 105493 86003 13697 85531 57316 33408 15991 207089 29388 1731 2392 88033 103831 1287 27816 13599 62379 23471 9921 11966 9219 17417 3596 58187 863 12512 3263 329 11834 19322 9448 7956 1643 767 702 28215 1044 711 3844 28128 23908 2259 1732 15588 11067 10779 346 9249 7469 336 13296 9940 6585 288 3485
is_linear=0
shrinkage=0.05


Tree=25
num_leaves=64
num_cat=0
split_feature=0 0 0 0 44 44 37 8 1 40 0 14 35 5 44 44 12 19 1 26 40 13 11 16 37 36 22 37 40 14 14 19 37 37 25 27 27 11 17 16 13 3 0 37 29 3 13 27 13 33 13 23 42 1 37 0 0 27 13 11 23 12 16
split_gain=1090.96 212.643 152.86 98.7684 64.6877 60.5101 49.6523 41.8436 36.2589 35.5954 34.0023 32.7323 33.8209 37.6875 28.3803 25.947 27.0194 24.6671 22.3049 22.227 21.8533 21.6791 21.554 25.5276 19.1382 21.6949 18.2494 18.0272 17.945 17.8503 45.3519 26.1356 18.3105 17.2664 16.4967 16.0689 15.3859 15.2924 17.4055 15.0214 19.4565 14.7313 14.6997 14.6761 15.8904 19.5994 16.9711 14.635 14.1928 14.9332 16.1311 15.2384 14.0974 13.8385 13.8148 13.6216 13.502 12.9023 12.8407 13.8088 12.2734 12.2689 12.2575
threshold=70.225000000000009 156.25000000000003 29.650000000000002 398.25000000000006 468.25000000000017 4041.7500000000005 88.500000000000014 351.50000000000006 120.25000000000001 978.6500000000002 52.525000000000006 3.5000000000000004 0.56638466991089664 115.17500000000001 6170.2500000000009 6892.7500000000009 1.0000000180025095e-35 -0.94260559819261247 38.050000000000004 1212.2500000000002 984.45000000000016 1.5000000000000002 -0.78656609248549292 -5.0735967181266544 55.500000000000007 175.62500000000003 48.500000000000007 75.500000000000014 994.35000000000002 4.5000000000000009 5.5000000000000009 -0.20791169081775965 84.500000000000014 61.500000000000007 979.1500000000002 40.750000000000007 43.95000000000001 -0.78656609248549292 5.2082932874258185 -13.78310352749196 3.5000000000000004 68.725000000000009 94.125000000000014 84.500000000000014 87.871760441173095 41.050000000000004 4.5000000000000009 175.25000000000003 4.5000000000000009 11.15 1.0000000180025095e-35 16.150000000000002 11.050000000000002 65.725000000000009 95.500000000000014 20.050000000000004 685.00000000000011 175.25000000000003 1.0000000180025095e-35 -1.0000000180025095e-35 28.550000000000004 0.37940952255126048 5.7717804557247332
decision_type=2 2 2 2 2 2 2 8 8 2 2 2 2 8 2 2 2 2 8 2 2 2 2 2 2 2 2 2 2 2 2 2 2 2 2 8 10 2 2 2 2 10 2 2 2 10 2 10 2 2 2 2 2 10 2 2 2 10 2 2 2 2 2
left_child=2 5 55 4 20 9 10 14 -6 19 24 12 62 -14 61 54 -17 -15 52 29 41 -9 -11 28 -4 -26 -13 -18 43 -2 31 -31 -32 56 -20 -27 -8 38 -22 40 -30 -3 53 44 -24 46 -46 -33 49 -25 -51 -52 60 -21 -10 -1 -23 -40 59 -28 -12 -5 -7
right_child=1 3 6 7 8 11 36 21 15 22 18 26 13 17 -16 16 27 -19 34 42 37 33 23 48 25 35 58 -29 39 30 32 47 -34 -35 -36 -37 -38 -39 57 -41 -42 -43 -44 -45 45 -47 -48 -49 -50 50 51 -53 -54 -55 -56 -57 -58 -59 -60 -61 -62 -63 -64
leaf_value=0.72820888964730823 0.11570388550885105 -1.8079898065115121 0.47993714241724628 -4.2708324633476451 -3.1141086060946379 -0.5812582492323578 0.081464222173623937 -4.3533845550625987 -0.92878288060243563 -0.26285663975285861 0.22733861277161718 -0.032984413876434006 -0.39424120103783239 -1.8285722959848962 -7.6598508206123341 -1.5394755973558505 -2.2320942775749884 -1.1262357073849834 0.07615156786603447 -0.32785858507454851 -1.2243779258504717 -5.7569781420430344 0.12306389102542321 0.43875760403760078 0.50929449334317167 0.27965039924987684 -1.0733768166464546 -1.0137712406963899 -0.16605282955704462 -1.4691798171443877 0.30858973221673874 -0.46173342536644291 -0.91666399052898306 -8.4138823568255727 0.36904638591290495 0.039176888024399371 -0.14053965167573029 -0.30812921925243658 -2.2275849463775605 -0.25253135832516432 -1.4659409404319819 -0.89989568260107067 -0.62317803923214687 -0.55977916993070442 -0.52237829060890351 -0.1663215505293319 -1.1443631611387233 -4.7938856148554274 0.77168089573497867 0.84307882960917646 0.52811597291013646 -0.31381692962159635 -0.66229219392990457 0.21505290239813635 -3.1067143962595374 0.43963138511455835 -17.88231098735751 -3.3665908583506465 -0.31138300020484094 0.24010420268783542 -0.3133675292854553 -1.7316578412393113 0.11523550229546403
leaf_weight=77516 1269 2647 62828 2219 2123 3478 19961 510 14855 12127 2598 10250 1752 322 319 1971 719 1317 24495 3583 2859 668 12268 14868 21248 25935 427 204 103 875 1677 1074 646 829 35540 20704 8106 20901 397 315 171 3575 4838 2441 352 1466 242 67 13052 3024 3915 9803 608 7007 403 80164 336 54 4835 166 2901 2515 1643
leaf_count=77516 1269 2647 62828 2219 2123 3478 19961 510 14855 12127 2598 10250 1752 322 319 1971 719 1317 24495 3583 2859 668 12268 14868 21248 25935 427 204 103 875 1677 1074 646 829 35540 20704 8106 20901 397 315 171 3575 4838 2441 352 1466 242 67 13052 3024 3915 9803 608 7007 403 80164 336 54 4835 166 2901 2515 1643
internal_value=0.00134705 -0.00189301 0.00285 -0.00437371 -0.00358642 -0.00068554 0.00201321 -0.0097715 -0.00577435 -0.000118036 0.00229372 -0.00291856 -0.00541471 -0.00928782 -0.00721057 -0.00505123 -0.00939184 -0.0147376 0.00136993 -0.00193335 -0.00212877 -0.0152945 0.000396982 0.000773944 0.00276116 0.00217914 -0.00156334 -0.0164518 -0.000853209 -0.0046291 -0.00615464 -0.0116419 -0.0013926 -0.0178314 0.00166278 0.00157583 4.57835e-05 -0.00144955 -0.00460725 -0.00943124 -0.0179927 -0.00477178 -0.000953461 -0.000551911 5.86267e-05 -0.00400485 -0.0116667 -0.00665644 0.00140634 0.000833597 -0.000190539 -0.00091923 -0.00150892 8.97075e-05 -0.00422795 0.00404363 -0.022241 -0.0137361 -0.00390752 -0.0108516 -0.000710129 -0.00623785 -0.00285003
internal_weight=560081 177477 382604 58104 50708 119373 224924 7396 20275 95183 196857 24190 8512 3391 5053 18152 2894 1639 66142 21036 30433 2343 74147 62020 130715 67887 15678 923 17358 5608 4339 2016 2323 1833 60035 46639 28067 24211 3310 589 274 6222 15428 16769 14328 2060 594 1141 44662 31610 16742 13718 6107 10590 15258 157680 1004 451 5428 593 5499 4734 5121
internal_count=560081 177477 382604 58104 50708 119373 224924 7396 20275 95183 196857 24190 8512 3391 5053 18152 2894 1639 66142 21036 30433 2343 74147 62020 130715 67887 15678 923 17358 5608 4339 2016 2323 1833 60035 46639 28067 24211 3310 589 274 6222 15428 16769 14328 2060 594 1141 44662 31610 16742 13718 6107 10590 15258 157680 1004 451 5428 593 5499 4734 5121
is_linear=0
shrinkage=0.05


Tree=26
num_leaves=64
num_cat=0
split_feature=0 0 0 43 0 0 37 43 1 5 44 36 27 8 1 12 43 37 14 18 41 11 25 16 13 11 16 43 37 22 9 14 25 41 0 32 2 32 14 13 29 0 37 9 31 16 44 2 44 41 11 0 39 5 28 10 0 33 43 31 29 32 5
split_gain=995.951 211.554 131.74 73.5812 71.7557 47.771 46.5328 42.9775 39.7077 34.2978 30.7999 37.7056 25.1209 24.6399 22.5333 20.6488 19.0564 19.0347 22.3374 18.9894 21.2252 17.5797 17.0849 16.8485 28.0039 28.9375 16.8246 23.9055 21.2503 16.807 16.7213 15.2668 15.2611 15.1195 14.9089 14.8847 14.4916 13.8009 13.7853 16.2327 13.6501 13.102 12.9652 12.8028 13.7575 13.4914 12.6802 12.6396 12.6354 11.9693 11.9169 12.6599 11.824 11.461 24.9163 11.4392 11.8688 11.2541 11.0661 11.0375 14.7622 10.9418 12.8805
threshold=65.625000000000014 212.25000000000003 28.925000000000004 21.250000000000004 552.50000000000011 108.05000000000001 87.500000000000014 51.250000000000007 96.425000000000026 131.25000000000003 1031.2500000000002 1307.5000000000002 58.050000000000004 40.025000000000013 62.625000000000007 -0.3794095225512602 292.50000000000006 52.500000000000007 9.5000000000000018 9.9500000000000011 9838.2500000000018 -0.37940952255126065 984.85000000000002 -20.070779799569099 3.5000000000000004 0.25881904510252091 9.6363470263820101 -952.49999999999989 34.500000000000007 56.500000000000007 93.050000000000011 7.5000000000000009 976.45000000000016 12948.750000000002 94.125000000000014 -8.555651423102427 118.12500000000001 7.7120796141666732 8.5000000000000018 1.0000000180025095e-35 65.867890496046698 20.050000000000004 92.500000000000014 508.25000000000006 27.785991302453983 15.090938508716109 9810.2500000000018 15.050000000000002 11205.5 1238.2500000000002 -0.78656609248549292 122.25000000000001 0.15000000000000005 155.25000000000003 2.3550000000000009 60.925000000000011 153.25000000000003 10.950000000000001 237.50000000000003 -5.24695947937255 80.729210087346516 13.00721996712373 36.525000000000006
decision_type=2 2 2 2 2 2 2 2 8 8 2 2 10 8 8 2 2 2 2 2 2 2 2 2 2 2 2 2 2 2 8 2 2 2 2 2 10 2 2 2 2 2 2 10 2 2 2 10 2 2 2 2 2 10 2 10 2 2 2 2 2 2 8
left_child=2 3 41 13 7 14 10 17 46 -6 32 12 23 26 -5 57 59 -3 22 31 -21 -22 -19 24 -12 -26 34 28 -28 61 -15 47 -4 -11 -2 43 42 -30 39 -36 53 -1 -37 44 -9 -46 -7 -8 -25 -41 -32 -52 -43 -31 58 -18 -57 -10 -55 -17 -61 -16 -63
right_child=1 4 6 5 9 8 19 35 15 33 11 -13 -14 30 29 16 55 18 -20 20 21 -23 -24 48 25 -27 27 -29 37 40 50 -33 -34 -35 38 36 -38 -39 -40 49 -42 52 -44 -45 45 -47 -48 -49 -50 -51 51 -53 -54 54 -56 56 -58 -59 -60 60 -62 62 -64
leaf_value=0.69179844516494282 0.14120379386807394 -1.9831415503362733 0.22818392008266308 -0.37199937626810331 -15.552544709720303 -1.2792084389536305 -0.45367721610288742 -1.9470037874348927 0.24098143753622792 -6.3931218664287739 0.53691067493868949 0.43887764903482634 -0.092695733031570207 -2.327097147512569 0.13032122723226364 -0.29987963780303389 -0.64109964716682211 -2.6562432478194271 -0.55975678981086052 0.18345991078964341 -0.30515647616384828 -0.053252270717528166 -1.56399101132218 0.22824721198774922 0.066689791577511495 -0.6227429667774067 -0.24802458682099748 0.51031329182827878 -0.28063727474965566 -0.11117396196898882 -0.51265422155736184 0.067586267545819742 0.52477650859747305 -10.889242988688061 0.46064079854322426 -3.0596998563693525 -1.4367012778980299 -0.82418199697411765 0.16238395847792469 -0.27112754197423855 -0.67176933480375567 0.47764980632208726 -6.6388285452131006 -3.272562425982148 -2.9435655716569347 0.12898078655140838 -1.9819177059355315 -0.15533970333567987 -0.038642765370897628 -0.66745810040014331 0.088083167313484756 -0.37570890671465068 0.14357852509811853 -0.24180236751993625 -2.2103574883246804 -0.75451188930441115 -1.645373404547668 -0.43997466673199481 -1.816196732963729 -0.63693288701965922 -1.4427082017668853 -1.0981261241220892 -0.23382864831939246
leaf_weight=77516 22917 4997 32776 10733 326 4549 605 2229 4240 1987 415 22656 12733 641 18026 4426 806 651 11714 20223 558 1511 4466 35510 163 209 484 20896 82 10325 3579 3852 73585 226 2148 1118 4249 126 8961 5097 706 64309 67 487 122 45 589 4783 5884 3878 12297 11027 8755 443 77 486 333 5047 86 6455 649 218 1027
leaf_count=77516 22917 4997 32776 10733 326 4549 605 2229 4240 1987 415 22656 12733 641 18026 4426 806 651 11714 20223 558 1511 4466 35510 163 209 484 20896 82 10325 3579 3852 73585 226 2148 1118 4249 126 8961 5097 706 64309 67 487 122 45 589 4783 5884 3878 12297 11027 8755 443 77 486 333 5047 86 6455 649 218 1027
internal_value=0.00134205 -0.00155387 0.00287716 -0.000810826 -0.00522213 -0.00204266 0.00208419 -0.00454221 -0.00365663 -0.0132946 0.00238842 0.00163079 0.000922716 0.000114671 -0.00097368 -0.00274886 -0.00402318 -0.00337686 -0.00257234 0.000309527 0.0010995 -0.00372402 -0.00532832 0.00151028 -0.00573698 -0.0156989 0.00064864 0.00178757 -0.00735549 -0.000288275 -0.00113745 -0.00159632 0.00294097 -0.0110642 7.68589e-05 -0.0076007 -0.00605999 -0.0207212 -0.000917646 -0.00209341 -0.00178869 0.00401182 -0.0109494 -0.0105047 -0.0090025 -0.0228443 -0.00762164 -0.00331477 0.00164807 -0.00302785 -0.000947292 -0.000535071 0.00353142 -0.00135349 -0.0080363 -0.00909231 -0.013254 -0.000943792 -0.00416824 -0.00330876 -0.00452984 0.000617768 -0.00391566
internal_weight=560081 194038 366043 161354 32684 69221 215463 30145 27580 2539 183931 77570 54914 92133 41641 22442 13155 21828 16831 31532 22292 2069 5117 42181 787 372 64589 21588 692 30908 27544 9240 106361 2213 43001 8317 5434 208 20084 11123 11637 150580 1185 2883 2396 167 5138 5388 41394 8975 26903 23324 73064 10931 606 1625 819 9287 529 11530 7104 19271 1245
internal_count=560081 194038 366043 161354 32684 69221 215463 30145 27580 2539 183931 77570 54914 92133 41641 22442 13155 21828 16831 31532 22292 2069 5117 42181 787 372 64589 21588 692 30908 27544 9240 106361 2213 43001 8317 5434 208 20084 11123 11637 150580 1185 2883 2396 167 5138 5388 41394 8975 26903 23324 73064 10931 606 1625 819 9287 529 11530 7104 19271 1245
is_linear=0
shrinkage=0.05


Tree=27
num_leaves=64
num_cat=0
split_feature=0 0 0 43 0 22 41 8 32 18 40 0 4 43 25 14 31 19 10 27 16 39 32 13 0 0 14 14 19 39 37 32 37 31 26 3 18 37 22 31 8 14 1 44 23 27 17 11 7 37 35 22 37 37 40 33 37 13 32 1 2 5 1
split_gain=922.482 164.637 164.62 63.3246 48.7528 44.1988 40.3449 39.9834 34.7233 33.8154 33.402 28.2169 27.7344 27.1743 25.8359 37.4648 28.1538 29.6939 26.5539 25.7041 23.8515 23.5714 22.0552 28.1695 21.6869 20.7553 23.7111 24.2794 19.3352 18.8789 18.5854 22.5064 18.5697 20.4383 17.7282 16.9666 16.9068 15.4012 15.4003 15.1821 14.1726 15.4805 13.708 13.3195 12.981 13.2161 12.9454 12.8962 12.5682 13.0328 12.5272 12.4938 12.3857 12.1741 11.7335 11.7624 11.4875 11.454 11.3064 11.3037 11.2712 11.1887 10.9052
threshold=74.325000000000003 34.050000000000004 265.25000000000006 21.250000000000004 552.50000000000011 56.500000000000007 6254.5000000000009 52.57500000000001 -11.555906041413676 10.950000000000001 979.45000000000016 23.950000000000003 226.25000000000003 51.250000000000007 985.25000000000011 3.5000000000000004 -8.9806500628600698 -0.58778525229247303 55.32500000000001 43.550000000000004 11.274910986748569 1.0000000180025095e-35 16.211503874231457 2.5000000000000004 58.025000000000006 120.25000000000001 9.5000000000000018 4.5000000000000009 0.23343647497176648 0.25000000000000006 39.500000000000007 9.5789630157834562 48.500000000000007 14.182959422314969 765.75000000000011 45.025000000000006 25.550000000000004 29.500000000000004 59.500000000000007 8.966696985087113 11.500000000000007 2.5000000000000004 61.025000000000006 -23077.499999999996 19.350000000000005 73.250000000000014 7.3751651295012843 -0.70710678118654735 257.80208333333343 52.500000000000007 -0.59480013772226059 51.500000000000007 91.500000000000014 36.500000000000007 979.55000000000007 18.650000000000002 82.500000000000014 1.0000000180025095e-35 -22.932704811092389 37.95000000000001 15.550000000000002 8.9250000000000025 237.25000000000003
decision_type=2 2 2 2 2 2 2 10 2 2 2 2 8 2 2 2 2 2 10 8 2 2 2 2 2 2 2 2 2 2 2 2 2 2 2 10 2 2 2 2 8 2 8 2 2 10 2 2 8 2 2 2 2 2 2 2 2 2 2 8 10 8 10
left_child=1 11 3 20 13 24 9 8 14 29 -6 -1 38 -4 15 16 17 -5 -18 -8 25 -13 28 -24 -3 42 27 36 -9 30 31 -7 33 -12 -23 -29 -27 -20 47 62 -21 46 -2 -22 -11 -46 -42 50 -28 -50 -10 -30 -32 -40 55 -14 -37 -44 -39 -26 -54 -45 -15
right_child=2 5 4 7 10 6 19 22 12 44 32 21 54 39 -16 -17 18 -19 37 40 43 34 23 -25 59 26 48 35 51 -31 52 -33 -34 -35 -36 56 -38 58 53 -41 41 -43 57 61 45 -47 -48 -49 49 -51 -52 -53 60 -55 -56 -57 -58 -59 -60 -61 -62 -63 -64
leaf_value=0.59889959884321264 -0.43123745775090766 0.39621040353250508 -1.5875309686281796 -2.5725992607532859 -14.452979634911863 -0.19253375701030984 0.077046166636777824 -0.50545626944360311 -0.97817887238382062 1.0097500774366204 -9.320225959992829 0.40912796943928903 -0.46022514508343471 -4.2179460459642684 -0.30943319857252477 -0.27910592942713425 -0.47634939090128547 -0.79022019151170675 -1.4484313143100935 -0.060258570290216799 -0.79349693900480267 -0.14604389926088013 -10.644206271674328 -0.9805716773471389 -0.29101078418049653 -0.46526522432705147 0.093278480587680693 -2.5414034452696361 -0.73104305773331013 -0.2532601162642622 0.142326086214075 -0.59028577939381721 -5.6041885786811036 -13.07935477981508 0.14310925489230861 -0.65493436158080232 -1.3894658244465699 -1.3314806166191584 -0.68817852081241071 -2.8876734423249322 -0.32731342821367937 -0.21409276514171394 0.59911741027815324 -1.8571076019915278 0.28741274602920797 -0.10116377061930398 -0.4621799673125514 0.15324613490533556 -1.7845487324003237 -0.203128663053883 -0.24748234266513847 -1.3285438864274866 -0.64535168398476928 -0.28838348297355271 -0.63264480332831552 -1.0236811956575043 -2.0718768618335703 -0.0062594201140331769 -0.71005615835126057 0.21939135786453343 -0.13288248387945742 0.32779618661245191 -1.3647033363078913
leaf_weight=107350 4165 64295 12594 222 184 537 14776 5859 377 8503 395 71137 1043 662 5698 2108 1560 164 697 7656 789 1099 142 189 1909 11463 11613 708 1613 2308 20312 246 1796 164 14487 1234 274 83 322 2086 307 6076 4899 62 36012 3736 164 16636 1115 1484 3621 2665 282 10185 6034 1066 184 22025 676 31978 2493 23316 2246
leaf_count=107350 4165 64295 12594 222 184 537 14776 5859 377 8503 395 71137 1043 662 5698 2108 1560 164 697 7656 789 1099 142 189 1909 11463 11613 708 1613 2308 20312 246 1796 164 14487 1234 274 83 322 2086 307 6076 4899 62 36012 3736 164 16636 1115 1484 3621 2665 282 10185 6034 1066 184 22025 676 31978 2493 23316 2246
internal_value=0.0013341 0.00264219 -0.00181373 -0.00122284 -0.00604983 0.00164145 0.000920045 -0.00244751 -0.00186445 0.0015363 -0.0125266 0.00368168 -0.00116409 -0.00511485 -0.00431924 -0.00676044 -0.0100059 -0.0227202 -0.00837865 -0.000662721 -0.000326949 0.00301091 -0.00525984 -0.0179607 0.00240125 -0.000867588 -0.00185307 -0.00332432 -0.00484512 8.93882e-05 0.000506913 -0.00706897 -0.0109236 -0.0188819 0.00124984 -0.00824083 -0.00243376 -0.0132349 -0.000484731 -0.00823588 -0.00218158 -0.00388957 2.23554e-05 0.000996607 0.0023213 0.00194198 -0.0126221 0.000308714 -0.000417956 -0.00356098 -0.00224112 -0.00740065 0.00076385 -0.00204292 -0.00376213 -0.0069725 -0.00508463 0.0004353 -0.00830698 0.00137767 -0.00236937 0.00121225 -0.00590096
internal_weight=560081 395663 164418 144291 20127 201590 103408 60960 50492 74429 2539 194073 39284 17588 11208 5510 3402 386 3016 28979 83331 86723 10468 331 98182 59164 28075 13863 10137 26178 23870 783 2355 559 15586 2126 11737 1456 31141 4994 14203 6547 31089 24167 48251 39748 471 20634 14212 2599 3998 4278 23087 10507 8143 2109 1418 26924 759 33887 2775 23378 2908
internal_count=560081 395663 164418 144291 20127 201590 103408 60960 50492 74429 2539 194073 39284 17588 11208 5510 3402 386 3016 28979 83331 86723 10468 331 98182 59164 28075 13863 10137 26178 23870 783 2355 559 15586 2126 11737 1456 31141 4994 14203 6547 31089 24167 48251 39748 471 20634 14212 2599 3998 4278 23087 10507 8143 2109 1418 26924 759 33887 2775 23378 2908
is_linear=0
shrinkage=0.05


Tree=28
num_leaves=64
num_cat=0
split_feature=0 0 0 0 14 37 25 25 14 32 8 40 42 37 31 11 30 5 11 16 31 31 20 16 43 37 14 32 32 29 0 41 38 2 5 4 22 1 4 0 14 0 10 25 29 35 37 14 7 26 5 28 0 39 28 14 26 16 43 42 18 21 37
split_gain=851.196 175.865 130.497 74.0051 47.5242 45.4121 43.8865 37.1596 36.1791 47.6982 34.4517 32.879 32.0591 31.3457 31.3346 37.024 29.3139 25.9048 25.6218 22.3338 21.7743 20.921 22.4538 20.6022 20.1428 19.7044 19.4312 25.833 18.688 18.493 18.0333 17.3864 17.1425 16.9688 16.2535 15.8109 15.5453 15.502 15.2484 15.223 15.058 19.6117 14.3595 14.1425 13.9538 13.7901 13.7419 13.4261 13.4459 13.4172 13.1673 12.9999 12.5204 12.3206 12.3036 12.0685 11.9734 17.4283 13.2078 11.7141 11.7087 11.6783 11.4982
threshold=65.625000000000014 156.25000000000003 27.950000000000003 422.75000000000006 9.5000000000000018 92.500000000000014 984.1500000000002 985.05000000000007 3.5000000000000004 -6.6952677425675393 15.000000000000007 978.75000000000011 9.8000000000000043 28.500000000000004 -9.5338509465992569 0.78656609248549325 88.500000000000014 33.050000000000004 -0.60355339059327362 5.7717804557247332 15.059692349028444 6.8253458887189025 -0.19080899537654469 -2.5110092042346621 6.2500000000000009 48.500000000000007 4.5000000000000009 7.7120796141666732 -16.221302697234055 24.611119272358543 494.25000000000006 15933.500000000002 33.95000000000001 170.25000000000003 127.10000000000001 250.25000000000003 49.500000000000007 120.25000000000001 69.825000000000017 265.25000000000006 8.5000000000000018 90.02500000000002 83.02500000000002 978.1500000000002 0.1935708877265209 -0.42261826174069922 46.500000000000007 3.5000000000000004 481.39836956521748 19687.750000000004 207.25000000000003 6.3500000000000005 20.050000000000004 0.45000000000000007 2.6200000000000006 11.500000000000002 765.75000000000011 -2.1214267695144797 182.50000000000003 16.850000000000005 8.9500000000000011 332.50000000000006 84.500000000000014
decision_type=2 2 2 2 2 2 2 2 2 2 10 2 2 2 2 2 2 8 2 2 2 2 2 2 2 2 2 2 2 2 2 2 2 8 8 10 2 8 10 2 2 2 10 2 2 2 2 2 10 2 8 2 2 2 2 2 2 2 2 2 2 2 2
left_child=2 6 52 4 7 10 8 28 9 14 12 30 43 -10 15 -2 17 35 21 45 47 22 33 24 -9 -22 -18 61 38 -16 -5 56 -29 -6 -20 -15 -12 -30 -3 -36 41 60 -31 -4 -43 -8 55 48 -13 -46 -49 -42 -1 -47 -39 59 57 58 -7 -23 -19 -28 -54
right_child=1 3 5 11 18 31 19 23 13 -11 36 20 -14 16 29 -17 26 40 34 -21 25 46 -24 -25 -26 -27 27 32 37 42 -32 -33 -34 -35 39 -37 -38 54 -40 -41 51 44 -44 -45 49 53 -48 50 -50 -51 -52 -53 62 -55 -56 -57 -58 -59 -60 -61 -62 -63 -64
leaf_value=0.62726354296453524 -0.56862742662538657 0.48076152473464218 0.24326082658526882 -2.2186701518178356 0.013755609260907901 -0.5015103676722954 0.3508506630475855 -0.77406703414044031 0.22486089665673822 0.069524572266651319 0.27940198999125487 -4.5796992462521642 0.03828825875140645 -0.43591191823202929 -0.51231919179332663 -2.0830102279900857 0.12746948409909742 -0.21832229546938967 -1.1669091518242394 0.35546416657923818 -10.996247835611108 -1.25063631997601 -0.29607476522074466 -0.6243257432873961 -2.1060446519361737 -3.161243017926374 -0.86107001495164259 -1.8453346748432833 -2.7750755991480225 -0.86831598962260981 -12.737482892313123 -0.37391635228103215 -1.3038073664489325 -2.2144492137004668 0.17800506291492652 -1.2248114701798105 0.012360836113457197 -1.4239306267940488 -2.0984828040975581 -0.86906518492237694 0.2550544847363988 -1.0026512029616541 -1.5945982357074655 0.45549137699329711 -0.25758197486941475 -0.12206138004719883 -2.5340360426340864 -7.3813372647378799 -9.8184778101847474 -1.4346210371931585 -2.8577712753093181 -2.5820484403289989 0.4676562508053394 -0.88652913249642573 -0.59466174390843929 -3.7179640643321714 0.023164367880600077 0.046970547753055314 -0.0290413069186954 -5.0637703935344467 0.035217167328521606 0.027411819699170017 0.20635686679056553
leaf_weight=77516 417 110 64852 148 264 898 6838 1901 13966 3484 12110 519 16302 5552 4035 238 772 4207 2567 31466 242 232 3668 11349 2407 557 875 429 1715 713 251 268 199 506 12674 122 26113 3495 645 6658 9103 1964 208 89752 9059 24437 1227 771 44 261 3696 79 47573 411 2107 323 12112 1367 420 28 16530 569 16760
leaf_count=77516 417 110 64852 148 264 898 6838 1901 13966 3484 12110 519 16302 5552 4035 238 772 4207 2567 31466 242 232 3668 11349 2407 557 875 429 1715 713 251 268 199 506 12674 122 26113 3495 645 6658 9103 1964 208 89752 9059 24437 1227 771 44 261 3696 79 47573 411 2107 323 12112 1367 420 28 16530 569 16760
internal_value=0.00132098 -0.00135623 0.00274016 -0.00365861 -0.00304033 0.00198921 -0.000372092 -0.00468857 -0.00120895 -0.00415888 0.00218021 -0.00880861 0.0024837 -0.00078768 -0.00701212 -0.0172901 -0.00137558 -0.00107654 -0.0016508 0.00059238 -0.00785812 -0.00447503 -0.00262731 -0.00326787 -0.0062117 -0.0155257 -0.0063045 -0.00882722 -0.00744425 -0.00565375 -0.0226942 -0.000662131 -0.017293 -0.0103896 -0.000845016 -0.00424392 0.000823196 -0.00667145 -0.0149338 -0.000348645 -0.000640366 -0.00115221 -0.0120467 0.00270608 -0.00282967 -0.000344632 -0.00900552 -0.00664016 -0.0139165 -0.00202253 -0.00572308 0.00114463 0.00392703 -0.000891822 -0.00539807 -0.0153259 -0.000433534 -0.00345438 -0.0075569 -0.00730769 -0.000239427 -0.00514543 0.00341139
internal_weight=560081 194038 366043 58104 51876 224194 135934 23729 72782 9095 209129 6228 170906 63687 5611 655 49721 46877 28147 63152 5829 6248 4438 15657 4308 799 2844 2072 8072 4956 399 15065 628 770 21899 5674 38223 7317 755 19332 41203 32021 921 154604 11284 31686 1810 5030 563 9320 4467 9182 141849 24848 5602 583 14797 2685 1318 260 20737 1444 64333
internal_count=560081 194038 366043 58104 51876 224194 135934 23729 72782 9095 209129 6228 170906 63687 5611 655 49721 46877 28147 63152 5829 6248 4438 15657 4308 799 2844 2072 8072 4956 399 15065 628 770 21899 5674 38223 7317 755 19332 41203 32021 921 154604 11284 31686 1810 5030 563 9320 4467 9182 141849 24848 5602 583 14797 2685 1318 260 20737 1444 64333
is_linear=0
shrinkage=0.05


Tree=29
num_leaves=64
num_cat=0
split_feature=0 0 0 0 43 44 37 36 39 5 39 25 11 12 44 27 0 11 3 27 23 43 4 13 37 5 10 1 21 0 41 26 22 0 1 2 19 35 26 40 42 38 44 42 22 41 17 31 23 1 26 3 10 11 24 43 13 31 33 23 27 32 8
split_gain=784.856 189.42 97.5377 70.8598 50.4008 48.3073 44.1964 39.4719 38.6966 31.5051 29.3729 27.6123 25.5724 24.755 24.0604 20.2569 20.0766 19.0499 23.3747 18.2594 17.7143 17.6551 21.7679 17.4935 16.2632 16.1817 15.7384 15.0969 15.0548 14.925 14.7928 14.4903 19.7479 14.3828 13.3963 13.2634 13.0596 24.7955 12.9441 13.383 14.5628 12.8888 13.8672 12.7755 12.7247 13.9388 12.4755 16.1166 12.0046 11.9375 11.8452 11.8887 11.4981 11.1793 11.104 10.977 29.3611 10.9251 12.0693 13.2141 10.6798 12.6399 10.9134
threshold=57.025000000000006 150.25000000000003 26.050000000000004 552.50000000000011 51.250000000000007 4041.7500000000005 57.500000000000007 1277.5000000000002 1.0000000180025095e-35 40.050000000000004 0.25000000000000006 982.85000000000002 -0.9159756150367534 -0.3794095225512602 170.9999999999998 40.45000000000001 106.12500000000001 -0.78656609248549292 68.725000000000009 92.050000000000011 24.850000000000005 216.25000000000003 80.02500000000002 1.0000000180025095e-35 44.500000000000007 30.925000000000004 9.9850000000000012 106.12500000000001 82.500000000000014 92.050000000000011 12948.750000000002 10729.000000000002 51.500000000000007 313.25000000000006 54.525000000000006 173.12500000000003 -0.87878364999916136 0.4539904997395468 1212.2500000000002 976.55000000000007 -10.149999999999997 24.750000000000004 10844.250000000002 9.8000000000000043 54.500000000000007 12090.500000000002 -0.17975978630401865 4.7353984553490855 21.550000000000004 87.02500000000002 855.25000000000011 97.725000000000009 15.970000000000002 -0.9159756150367534 1.0000000180025095e-35 -862.49999999999989 1.5000000000000002 -8.4863203917656858 20.250000000000004 16.950000000000003 95.550000000000011 -21.179185422313669 12.500000000000004
decision_type=2 2 2 2 2 2 2 2 2 8 2 2 2 2 2 8 2 2 8 10 2 2 10 2 2 8 8 10 2 2 2 2 2 2 8 10 2 2 2 2 2 2 2 2 2 2 2 2 2 10 2 10 10 2 2 2 2 2 2 2 10 2 10
left_child=2 5 -1 4 17 8 43 19 11 -5 14 16 31 44 -8 -16 23 35 20 34 -19 22 -15 -2 -22 -25 48 -18 -12 -28 53 -13 -33 54 -7 -3 37 -21 39 40 -27 42 -30 -4 45 -6 47 -37 -14 -34 -39 -52 -35 -11 -20 56 -40 -24 59 -59 62 -62 -17
right_child=1 3 6 9 13 7 10 -9 -10 30 28 12 26 21 15 60 27 18 33 36 24 -23 57 25 -26 38 29 -29 41 -31 -32 32 49 52 -36 46 -38 50 55 -41 -42 -43 -44 -45 -46 -47 -48 -49 -50 -51 51 -53 -54 -55 -56 -57 -58 58 -60 -61 61 -63 -64
leaf_value=0.51284822612132819 0.4862515527379766 -0.76012142446377384 0.44491120450584865 -17.384725627332816 0.069677686308620868 -0.43092288739927692 0.3166681720764315 0.13452889096297968 -0.35115341391727273 -11.35584297521393 -0.24890710255510073 -0.17921776575538068 0.33799184597597881 -2.966653392945529 0.21299308373123332 0.086758560003737328 -0.82424596007043727 -0.77496135727031712 -0.12848249936266609 -0.10299005434074023 -1.0846703303050198 -1.9029918363962564 -0.29880263932823053 -0.30974257173063258 -3.0585216964836595 -0.68913536895965566 0.49278660723620693 -0.087646082441708129 -0.10489518635268365 0.22313157397739083 -9.6227917303184682 -0.340248716782515 -0.65015103343356717 -3.0061358965647642 -0.14644376991779065 -0.82790899791257788 -0.498878852197286 -0.32237778584196991 -0.61137661753927741 -0.058629957046981589 -0.33529553987338157 0.030836829555078674 -0.36514911519511045 0.10527920339175481 -1.6217337309508739 -1.3488786212752475 -2.8412953689592571 -3.1068245443157902 -0.63145863079182363 -1.0093715557342056 -1.6937353715024959 -0.23924071888655929 -1.1468198195632622 -4.8750556004365162 -1.7672087149966029 0.13126182685011792 -0.050923954115306341 -2.9882982864151195 -0.843083055348258 -0.97817059859975553 -1.5356848403635361 -0.29016802761487143 -0.11542760762121661
leaf_weight=127095 6414 3034 79683 161 3179 4117 52406 10177 5368 127 899 6613 1612 1642 25819 17304 4590 3666 25173 467 787 1859 1804 4091 632 70 28050 5205 1255 27772 286 358 130 1454 16261 1396 4484 131 243 7162 2350 11062 185 8191 2736 1741 543 737 2214 102 417 98 5054 1965 212 25995 2062 562 2384 888 52 1159 6396
leaf_count=127095 6414 3034 79683 161 3179 4117 52406 10177 5368 127 899 6613 1612 1642 25819 17304 4590 3666 25173 467 787 1859 1804 4091 632 70 28050 5205 1255 27772 286 358 130 1454 16261 1396 4484 131 243 7162 2350 11062 185 8191 2736 1741 543 737 2214 102 417 98 5054 1965 212 25995 2062 562 2384 888 52 1159 6396
internal_value=0.00131009 -0.000944001 0.00286429 -0.0033027 -0.00295353 -6.56546e-05 0.00218802 -0.00168289 0.000382704 -0.0114829 0.00154959 0.000561172 0.00125436 -0.00527389 0.00183573 0.00105953 -0.000235296 -0.00204062 -0.00162556 -0.00271704 -0.00477384 -0.00703086 -0.00592033 0.000182591 -0.00951727 -0.00018905 0.00159419 -0.00229964 -0.000652563 0.00180681 -0.0100336 -0.00155977 -0.0090678 -0.0011236 -0.00202228 -0.00472855 -0.00524656 -0.0100943 0.000133573 -0.00145481 -0.00466942 -0.000203167 -0.00465278 0.00303469 -0.00317659 -0.0016565 -0.00729447 -0.00557196 -0.0015081 -0.020431 -0.0164396 -0.0198544 -0.00322065 -0.00857553 -0.000585976 0.000671378 -0.00263557 -0.00444484 -0.00595462 -0.00955172 4.2351e-05 -0.00453757 0.000276371
internal_weight=560081 228575 331506 62022 59483 166553 204411 36152 130401 2539 116537 125033 66851 16795 103136 50730 58182 42688 36978 25975 5085 9139 7280 48387 1419 41973 59648 9795 13401 55822 2378 7203 590 31893 20378 5710 5597 1113 37882 9582 2420 12502 1440 87874 7656 4920 2676 2133 3826 232 646 515 6508 2092 25385 28300 2305 5638 3834 1450 24911 1211 23700
internal_count=560081 228575 331506 62022 59483 166553 204411 36152 130401 2539 116537 125033 66851 16795 103136 50730 58182 42688 36978 25975 5085 9139 7280 48387 1419 41973 59648 9795 13401 55822 2378 7203 590 31893 20378 5710 5597 1113 37882 9582 2420 12502 1440 87874 7656 4920 2676 2133 3826 232 646 515 6508 2092 25385 28300 2305 5638 3834 1450 24911 1211 23700
is_linear=0
shrinkage=0.05


Tree=30
num_leaves=64
num_cat=0
split_feature=0 0 0 43 0 37 22 14 5 44 14 9 29 37 14 27 16 36 23 37 11 31 35 42 39 39 25 6 13 43 5 28 16 8 0 14 27 23 37 22 0 30 8 2 0 11 13 35 44 17 31 4 43 23 8 4 30 35 25 8 18 2 22
split_gain=718.759 168.813 95.2738 54.2152 53.8396 43.4848 34.5546 33.4736 30.2381 28.8865 31.9293 28.3411 27.0426 24.5732 26.8354 23.8247 23.4334 21.9725 20.3759 26.1781 21.4737 20.2045 20.6107 19.1311 18.243 17.0005 16.9252 16.2901 15.6669 15.2137 31.1785 22.7291 14.8162 24.3412 14.7284 19.8544 14.0819 13.7165 13.5421 14.7181 13.3232 13.1549 12.5434 12.4759 12.1923 11.9799 15.5148 14.365 11.9564 11.7702 11.5266 16.0932 11.2191 11.1099 10.9901 10.9449 10.6614 10.6298 10.4565 10.423 10.2393 10.1724 10.7763
threshold=57.025000000000006 180.25000000000003 25.050000000000004 21.250000000000004 552.50000000000011 57.500000000000007 56.500000000000007 9.5000000000000018 40.050000000000004 -763.50000000000011 8.5000000000000018 272.25000000000006 80.729210087346516 47.500000000000007 11.500000000000002 29.950000000000003 3.1160779753449561 371.25000000000006 18.550000000000004 81.500000000000014 -1.0000000180025095e-35 19.166569607135134 -0.86159635224327535 17.750000000000007 0.15000000000000005 0.25000000000000006 980.45000000000016 139.18333333333337 1.0000000180025095e-35 172.50000000000003 127.10000000000001 2.3550000000000009 -20.070779799569099 13.500000000000007 91.02500000000002 8.5000000000000018 53.050000000000004 29.050000000000004 35.500000000000007 73.500000000000014 265.25000000000006 11.500000000000002 40.025000000000013 664.75000000000011 92.050000000000011 -0.70710678118654735 3.5000000000000004 -0.54463903501502697 -233.49999999999952 7.842803607433912 19.794334325787862 482.25000000000006 6.2500000000000009 33.150000000000013 26.010000000000009 35.050000000000004 295.50000000000006 -0.36648727148060634 984.45000000000016 36.010000000000012 26.350000000000005 664.75000000000011 94.500000000000014
decision_type=2 2 2 2 2 2 2 2 8 2 2 10 2 2 2 8 2 2 2 2 2 2 2 2 2 2 2 8 2 2 10 2 2 10 2 2 10 2 2 2 2 2 10 8 2 2 2 2 2 2 2 8 2 2 10 8 2 2 2 8 2 8 2
left_child=2 3 -1 18 7 36 11 16 -6 53 15 59 29 14 23 -11 27 -16 44 20 34 22 26 -9 40 32 55 56 -22 38 43 -32 33 -17 -20 -36 -4 -10 39 -8 -15 54 57 -31 -2 46 47 -24 -30 -19 60 -52 -38 -7 -21 -13 -3 -40 -14 -5 -42 -34 -63
right_child=1 4 5 6 8 9 12 13 37 10 -12 21 58 24 17 25 -18 49 19 41 28 -23 45 -25 -26 -27 -28 -29 48 30 31 -33 61 -35 35 -37 52 -39 42 -41 50 -43 -44 -45 -46 -47 -48 -49 -50 -51 51 -53 -54 -55 -56 -57 -58 -59 -60 -61 -62 62 -64
leaf_value=0.49510915921678028 0.86173481708495003 -3.1022678050882337 0.43500991658365185 0.13589238173736731 -16.515489345966174 0.35227488352006264 -0.040032060240693973 -0.63594809954908582 -5.2222270338368943 0.1942790983919771 0.44099540156927991 -7.3499945477300974 -0.8414193243173097 0.012496421065732434 -3.4476536753815541 -0.06971911868002971 -0.90826513302660283 -1.816365896695922 0.047717363270206918 -0.045683371817527532 0.84047316716688325 -0.80176816356015235 -1.3702908264350848 -2.2832007067273734 -6.6131216261100407 -0.13232991244976544 0.60467572803005254 -1.6979560554713395 0.27863454570836055 -0.23118869268928363 -0.85562143488091413 -1.9680915756583943 0.033972382145459598 -0.64630021468254206 -0.54486693030894495 0.095341814268892447 0.40241149961889155 -13.381185175730955 0.27467223614025649 -1.0747074355772421 -0.93277642753025691 -0.74262492636046928 -0.50597825259273999 -0.77156750991892054 0.29286269450315339 0.0011184390813207714 0.2235246053556475 -0.50919694332228349 -0.07662285692731656 -2.662507850295039 -1.15236026190772 -3.1398923455147516 0.085023427718729588 0.048403891552143113 -0.46685966966722187 -1.0542235566118319 -16.36256504999707 -0.20458193511034437 0.45647179026361279 -0.14568500776575019 -4.4298426023448059 -0.21011135957895949 -0.65988774347519874
leaf_weight=119056 8638 1134 66212 25187 161 42891 208 3356 2208 18593 12166 78 1447 10697 289 254 8939 1074 21192 4253 6279 1448 203 67 85 5157 213 6782 22088 10450 1030 236 35091 98 6658 5687 12555 170 4850 176 9489 621 3197 631 15149 7563 892 1551 10374 35 290 169 11643 6173 2773 469 52 10985 184 8797 71 1498 119
leaf_count=119056 8638 1134 66212 25187 161 42891 208 3356 2208 18593 12166 78 1447 10697 289 254 8939 1074 21192 4253 6279 1448 203 67 85 5157 213 6782 22088 10450 1030 236 35091 98 6658 5687 12555 170 4850 176 9489 621 3197 631 15149 7563 892 1551 10374 35 290 169 11643 6173 2773 469 52 10985 184 8797 71 1498 119
internal_value=0.00129643 -0.000860658 0.00278375 -0.000187268 -0.00360256 0.00214921 -0.00116705 -0.0031803 -0.0106755 0.00153351 0.000902763 -0.000284369 -0.00239354 -0.00204082 -0.00525721 0.000434962 -0.00490714 -0.0110944 0.000566569 0.000184235 0.000478569 -0.00232866 -0.00159586 -0.00287321 -0.00129537 -0.00022183 -0.00953947 -0.00687876 0.00128043 -0.00207112 -0.00344335 -0.0108768 0.000152456 -0.0100568 -0.000447714 -0.00182057 0.00298031 -0.00925568 -0.0011985 -0.0104948 -0.00120052 -0.00259775 -0.00101093 -0.00259408 0.00185122 -0.00100451 -0.00390023 -0.00663056 0.000838211 -0.0078945 -0.00251073 -0.0102505 0.0019481 0.00247167 -0.00198121 -0.0141956 -0.012285 -0.000434165 -0.00867259 0.000462571 -0.00213912 0.000250354 -0.00362709
internal_weight=560081 228575 331506 183507 45068 212450 79795 42529 2539 122040 72976 46401 33394 25622 4821 60810 16907 1398 103712 79925 72278 12417 10969 3423 20801 42217 760 7968 38741 31763 12347 1266 37060 352 33537 12345 90410 2378 19416 384 20716 7647 19032 11081 23787 10209 2646 1754 32462 1109 10019 459 24198 49064 7026 547 1186 15835 1631 33984 9560 36708 1617
internal_count=560081 228575 331506 183507 45068 212450 79795 42529 2539 122040 72976 46401 33394 25622 4821 60810 16907 1398 103712 79925 72278 12417 10969 3423 20801 42217 760 7968 38741 31763 12347 1266 37060 352 33537 12345 90410 2378 19416 384 20716 7647 19032 11081 23787 10209 2646 1754 32462 1109 10019 459 24198 49064 7026 547 1186 15835 1631 33984 9560 36708 1617
is_linear=0
shrinkage=0.05


Tree=31
num_leaves=64
num_cat=0
split_feature=0 0 0 0 37 1 1 36 27 0 1 8 41 12 41 0 37 33 41 33 5 14 23 22 36 9 27 23 40 26 39 0 8 12 33 27 16 22 16 3 16 13 23 14 22 33 13 40 10 9 33 23 14 4 8 37 33 4 14 21 4 16 35
split_gain=661.975 139.903 103.079 58.3961 41.2396 39.8032 39.5823 29.4042 31.3932 26.3037 27.1258 26.1065 21.8141 20.6307 20.5135 17.4052 17.7046 17.6479 17.1419 16.5747 16.345 16.1249 15.5054 20.8921 14.9462 14.9442 14.2955 14.2709 14.0269 13.5774 12.9916 12.6432 12.5523 12.2272 12.1408 12.1013 12.029 11.8443 11.0532 10.9512 10.7425 10.52 13.256 11.046 13.058 10.3621 10.2912 11.4657 12.7844 10.2883 10.0651 10.0285 9.86745 10.0089 9.76319 9.69115 9.37921 9.37227 9.28069 14.5063 16.2276 12.8674 9.8415
threshold=60.625000000000007 138.25000000000003 27.950000000000003 355.25000000000006 55.500000000000007 122.25000000000001 49.550000000000004 142.50000000000003 40.750000000000007 89.02500000000002 83.02500000000002 351.50000000000006 1185.7500000000002 -0.60355339059327384 2432.2500000000005 18.550000000000004 84.500000000000014 23.050000000000004 6991.7500000000009 24.250000000000004 34.95000000000001 8.5000000000000018 18.550000000000004 53.500000000000007 217.50000000000003 84.550000000000011 53.050000000000004 24.050000000000004 978.45000000000016 13808.250000000002 1.0000000180025095e-35 494.25000000000006 11.500000000000007 0.37940952255126048 12.850000000000003 98.050000000000011 9.6363470263820101 97.500000000000014 6.8220337156872874 68.725000000000009 -17.954112307166429 1.0000000180025095e-35 14.350000000000003 5.5000000000000009 72.500000000000014 22.150000000000002 5.5000000000000009 995.95000000000016 10.625000000000002 57.850000000000001 22.950000000000003 24.450000000000003 9.5000000000000018 658.25000000000011 52.57500000000001 85.500000000000014 28.750000000000004 28.550000000000004 8.5000000000000018 76.250000000000014 119.12500000000001 7.6093684333255558 0.87878364999916159
decision_type=2 2 2 2 2 8 8 2 8 2 8 8 2 2 2 2 2 2 2 2 8 2 2 2 2 8 10 2 2 2 2 2 10 2 2 10 2 2 2 8 2 2 2 2 2 2 2 2 10 10 2 2 2 10 10 2 2 10 2 2 10 2 2
left_child=2 6 15 5 26 14 27 28 50 22 18 33 30 40 36 -1 -17 -18 -11 20 31 32 -8 -24 -15 54 56 -2 -6 58 37 -13 35 46 -27 -10 55 39 -39 -7 -14 -36 -43 44 -44 57 47 48 -5 -19 -9 -31 -48 -54 -12 -3 -4 -29 59 60 62 -62 -25
right_child=1 3 4 11 7 12 9 8 21 10 25 19 13 24 -16 16 17 49 -20 -21 -22 -23 23 29 -26 34 -28 45 -30 51 -32 -33 -34 -35 41 -37 -38 38 -40 -41 -42 42 43 -45 -46 -47 52 -49 -50 -51 -52 -53 53 -55 -56 -57 -58 -59 -60 -61 61 -63 -64
leaf_value=0.58535371079268439 0.061598404229569893 -1.1001313132630954 0.42795516369623998 -3.8413533913476954 0.16769694829586546 -0.64637098697764428 0.62858515569206963 0.20241897315016605 0.018287940101888011 -0.28113116061485016 -1.1376237285391131 -6.9647674055228039 -1.4891714776105032 -0.61365415115382282 -1.9033758617086052 0.40964414166070312 0.2185353403260713 0.033238906294618432 -0.6883259048688577 -8.1153382017145628 -5.2139067651580442 0.31338063691892598 0.18487832492096087 -0.13679511597166188 -1.0966930960943699 0.20198592558827869 0.21245100834923478 -0.69278414693017021 0.57531888868118342 -0.59958156714555966 -3.3481250760887691 -15.058768053726439 -0.13291666192552826 -1.2852012483499466 0.31906810654758155 -0.50105495004691736 0.0090374168368374096 -1.2629415551617198 -2.581122841805588 0.085505601719640528 -0.27364999352056057 0.61979442497603476 -0.22999701069156298 0.066261130842874411 -0.89876574620434724 -0.94393488666227143 -9.629765168871641 -5.1693116208142413 -1.5152630332644998 -0.28900961059297609 -0.071815668630734922 -0.18142640378387398 -2.7821945478946155 -10.059886027018548 -3.0467911562500158 -2.0525790857892581 -0.10328219945089961 -0.27177193253526399 0.30556190789279469 -0.0068862168927949375 -0.50183362802448972 -1.412626374949755 -0.79343665254172879
leaf_weight=64946 3373 3487 59904 623 15400 3467 8532 42058 22409 10086 99 168 58 11190 3385 56554 18876 801 2643 230 2204 5345 39172 3125 3995 19199 25803 2045 17906 155 133 166 10410 3581 4116 983 1794 277 106 19039 13427 2729 11178 4795 1616 1120 53 191 2276 672 3163 454 411 60 91 342 1108 7746 3960 16007 387 109 343
leaf_count=64946 3373 3487 59904 623 15400 3467 8532 42058 22409 10086 99 168 58 11190 3385 56554 18876 801 2643 230 2204 5345 39172 3125 3995 19199 25803 2045 17906 155 133 166 10410 3581 4116 983 1794 277 106 19039 13427 2729 11178 4795 1616 1120 53 191 2276 672 3163 454 411 60 91 342 1108 7746 3960 16007 387 109 343
internal_value=0.00127447 -0.000913644 0.00262486 -0.00273389 0.00190644 -0.00215156 -1.46769e-05 0.00129655 0.000799948 0.000262275 -0.000545339 -0.00628174 -0.00161708 -0.0025375 -0.00521869 0.00366055 0.00315157 0.00188683 -0.00257719 -0.0104082 -0.0092435 -0.000236672 0.000894469 0.000626413 -0.00380145 4.48397e-05 0.00273311 -0.0025119 0.00255449 -0.000517522 -0.000470854 -0.0195509 -0.000640199 -0.00469423 0.000105769 2.56517e-06 -0.00336742 -0.000380313 -0.00909922 -0.000231938 -0.0011142 -0.000633543 -0.0011005 -0.00160356 -0.00237064 -0.00339061 -0.00674599 -0.00564725 -0.00486547 -0.00338425 0.00169733 -0.00788998 -0.0132252 -0.0109236 -0.0139474 -0.00495038 0.00315036 -0.00286947 -0.000329907 -0.000768364 -0.00347629 -0.0119355 -0.00226644
internal_weight=560081 213743 346338 70663 204489 60700 143080 117674 84368 128796 56552 9963 51692 28670 9008 141849 76903 20349 12729 2768 2538 39147 72244 63712 15185 43823 86815 14284 33306 24540 23022 334 33802 7195 43633 23392 5623 22889 383 22506 13485 24434 20318 17589 12794 10911 3614 3090 2899 1473 45221 609 524 471 190 3829 61012 9791 23931 19971 3964 496 3468
internal_count=560081 213743 346338 70663 204489 60700 143080 117674 84368 128796 56552 9963 51692 28670 9008 141849 76903 20349 12729 2768 2538 39147 72244 63712 15185 43823 86815 14284 33306 24540 23022 334 33802 7195 43633 23392 5623 22889 383 22506 13485 24434 20318 17589 12794 10911 3614 3090 2899 1473 45221 609 524 471 190 3829 61012 9791 23931 19971 3964 496 3468
is_linear=0
shrinkage=0.05


Tree=32
num_leaves=64
num_cat=0
split_feature=0 0 0 42 8 37 0 8 44 39 39 43 9 43 0 39 25 38 28 14 38 27 10 43 19 21 26 27 29 4 32 4 3 43 11 27 40 11 31 11 0 7 35 44 19 27 0 14 14 27 37 22 37 2 11 31 19 44 32 30 31 14 19
split_gain=614.167 120.336 108.92 46.8595 44.7315 40.1783 36.9176 32.4062 27.528 24.696 22.6811 21.0851 19.9068 19.7536 18.3429 18.6528 17.6335 15.7875 15.55 24.6656 15.7539 15.2772 14.8114 14.3535 16.3605 14.161 13.8805 13.7227 15.9004 13.4579 13.3612 16.6147 12.4929 11.8567 11.8301 11.7937 11.7452 11.676 14.4697 11.4013 11.6767 11.3017 11.0043 10.9965 10.6795 10.4608 10.281 9.92589 14.8821 15.7627 13.5307 9.86615 29.0293 11.3616 9.82908 9.82277 9.63364 9.52883 9.32908 17.75 9.27977 9.47327 13.2523
threshold=63.050000000000004 228.25000000000003 27.950000000000003 10.65 40.025000000000013 54.500000000000007 685.00000000000011 13.000000000000007 4267.5000000000009 1.0000000180025095e-35 1.0000000180025095e-35 51.250000000000007 260.25000000000006 262.50000000000006 18.550000000000004 1.0000000180025095e-35 985.1500000000002 24.950000000000003 0.78500000000000014 9.5000000000000018 17.950000000000003 53.050000000000004 69.125000000000014 -952.49999999999989 -0.62249093318774784 72.500000000000014 1130.7500000000002 228.50000000000003 34.328410094404475 46.550000000000004 7.8289282705126935 64.725000000000009 58.025000000000006 6.2500000000000009 -0.78656609248549292 43.550000000000004 979.35000000000002 0.12940952255126045 -15.676771752072574 -0.25881904510252113 494.25000000000006 28.068115942028989 0.73724926354828269 9810.2500000000018 -0.73724926354828224 38.050000000000004 112.05000000000001 5.5000000000000009 4.5000000000000009 75.050000000000011 57.500000000000007 66.500000000000014 40.500000000000007 49.050000000000004 -0.70710678118654735 -9.5338509465992569 0.93663652364155514 2032.7500000000002 7.8289282705126935 46.500000000000007 14.182959422314969 3.5000000000000004 0.78257835753184668
decision_type=2 2 2 2 8 2 2 10 2 2 2 2 10 2 2 2 2 2 2 2 2 10 10 2 2 2 2 10 2 10 2 10 8 2 2 8 2 2 2 2 2 8 2 2 2 10 2 2 2 8 2 2 2 8 2 2 2 2 2 2 2 2 2
left_child=2 3 14 4 12 21 11 8 10 18 -7 32 23 -5 -1 -16 -8 41 19 20 -6 60 -15 30 -25 -17 -12 37 -29 39 -2 -32 -3 -23 -34 -9 -37 -22 -39 -13 -41 -10 -43 -24 -44 -27 -11 48 50 -50 -14 54 53 -53 58 -52 -45 -18 -35 -60 -4 62 -62
right_child=1 6 5 13 9 7 16 35 17 46 26 29 47 22 15 25 57 -19 -20 -21 27 33 43 24 -26 45 -28 28 -30 -31 31 -33 34 51 -36 36 -38 38 -40 40 -42 42 44 56 -46 -47 -48 -49 49 -51 55 52 -54 -55 -56 -57 -58 -59 59 -61 61 -63 -64
leaf_value=0.55608602525305018 -0.16144060516863476 -2.9136962596316485 0.49654329165224759 -0.22217018262531571 -0.060452266222685347 0.30806660802552865 -15.759927409627274 0.068189548737442138 -0.36727680252510825 -0.57738615193015719 -0.23874043710783008 -4.5592318433174635 0.035947074774016825 -0.41917460467034329 0.3833949536872675 -0.20345619615477092 -4.110958008638991 0.04817427362351559 0.067165639980325972 0.062027590271191958 -0.59431288806863047 0.34787146284150577 -0.49719074542868386 0.36880560297199616 0.045212232198270377 0.19510165647586 0.054686191964739721 -0.66341986881212511 -5.4234525046979778 -1.5461125752577036 0.10183297931162612 -0.70981305022878594 -2.2351395229948641 0.0016820614216481609 -0.75648557028693486 -0.13852554076033541 0.1041845520546229 -0.8181441357033068 -0.24936605746816307 -1.7919968045984747 -4.409721780781541 -0.086954201140487686 -1.31476716384286 -0.89323326081216559 -0.48885904914162526 -0.10287763407087239 -1.8194207532976758 0.14353088008839884 -0.10254026435369279 -0.77440303862237236 -0.99039945015868813 -0.201037426388187 0.15320588010131952 -0.5572823357105755 0.25479836955240914 -0.34680952599190623 -1.3188771950431484 -8.1356813839675528 -0.20568055140646019 -1.5441320833668501 0.076636289792931536 0.33591517276114136 -0.5633474646008696
leaf_weight=64946 1829 913 46624 12273 5152 63555 350 16647 243 1262 1077 384 8543 4310 61512 522 733 14804 11317 10009 8092 14362 729 32192 53545 12923 11735 197 134 6001 91 147 2521 4365 16061 9906 4851 834 9093 946 138 1845 56 981 215 1946 585 6702 1784 2121 908 173 733 236 7322 2039 248 182 431 108 5779 9628 191
leaf_count=64946 1829 913 46624 12273 5152 63555 350 16647 243 1262 1077 384 8543 4310 61512 522 733 14804 11317 10009 8092 14362 729 32192 53545 12923 11735 197 134 6001 91 147 2521 4365 16061 9906 4851 834 9093 946 138 1845 56 981 215 1946 585 6702 1784 2121 908 173 733 236 7322 2039 248 182 431 108 5779 9628 191
internal_value=0.00125831 -0.000934712 0.00250837 -0.000446359 -0.000164904 0.00179854 -0.00396419 0.0012184 0.00168502 -0.0014617 0.00209168 -0.00357254 0.000385847 -0.0028232 0.00358371 0.00306119 -0.0123123 -0.000124395 -0.00122825 -0.00176942 -0.00265467 0.00260428 -0.00510689 0.00072343 0.00082269 0.00150445 0.000172495 -0.0033406 -0.013429 -0.00583144 -0.00339381 -0.0145378 -0.0027071 0.0016282 -0.00242654 -0.000171316 -0.00120045 -0.00315528 -0.00200614 -0.0101226 -0.0075 -0.00392327 -0.00275047 -0.00871297 -0.0121587 0.00178862 -0.00712777 -0.000955559 -0.00165476 -0.00432138 -0.000748477 0.000556553 -0.00388792 -0.0145599 0.0009717 -0.00366983 -0.0115989 -0.0086612 -0.000760603 -0.0069666 0.00303928 0.00198359 0.000418761
internal_weight=560081 203346 356735 175117 156576 214886 28229 124934 93530 46675 76367 26964 109901 18541 141849 76903 1265 17163 44828 33511 23502 89952 6268 87804 85737 15391 12812 18350 331 7469 2067 238 19495 27730 18582 31404 14757 18019 9927 1468 1084 2359 2116 1958 271 14869 1847 22097 15395 3905 11490 13368 1142 409 12226 2947 1229 915 4904 539 62222 15598 5970
internal_count=560081 203346 356735 175117 156576 214886 28229 124934 93530 46675 76367 26964 109901 18541 141849 76903 1265 17163 44828 33511 23502 89952 6268 87804 85737 15391 12812 18350 331 7469 2067 238 19495 27730 18582 31404 14757 18019 9927 1468 1084 2359 2116 1958 271 14869 1847 22097 15395 3905 11490 13368 1142 409 12226 2947 1229 915 4904 539 62222 15598 5970
is_linear=0
shrinkage=0.05


Tree=33
num_leaves=64
num_cat=0
split_feature=0 0 0 0 37 25 1 38 44 0 14 43 35 21 36 36 5 26 27 14 38 28 30 35 34 8 11 36 19 37 38 16 38 16 14 43 8 25 10 16 34 2 41 23 36 11 23 4 19 16 11 18 17 10 13 35 19 3 35 14 17 31 32
split_gain=573.879 137.753 78.5317 51.2093 44.7999 37.9006 35.7976 34.2546 25.5542 24.6806 24.3207 32.4616 29.1964 23.0484 22.2375 23.072 21.8122 21.5096 21.2921 19.9168 19.6872 19.2775 25.0844 24.9118 23.1601 24.8455 22.5229 19.183 19.0516 18.8546 18.7698 16.3885 16.1867 16.0868 15.5794 15.256 14.18 13.8445 13.7466 18.0827 14.4935 13.6732 13.3528 12.5711 12.0461 11.8272 11.5474 11.4595 11.3233 11.2013 18.3644 11.1991 10.8588 10.8434 11.8784 12.1932 13.2567 15.8832 10.5372 10.3768 10.3511 10.0402 9.8157
threshold=53.025000000000006 124.25000000000001 22.550000000000004 326.25000000000006 82.500000000000014 984.1500000000002 89.02500000000002 37.150000000000013 1.0000000180025095e-35 685.00000000000011 8.5000000000000018 6.2500000000000009 0.58068084432175959 1017.5000000000001 186.25000000000003 1347.5000000000002 121.25000000000001 680.75000000000011 51.550000000000004 7.5000000000000009 30.450000000000003 0.48500000000000004 10.500000000000002 -0.608738249238853 0.34202014332566882 -61.724999999999994 -0.5 437.50000000000006 -0.92384435400961384 68.500000000000014 25.150000000000002 5.7717804557247332 21.750000000000004 13.353071890293668 9.5000000000000018 296.87500000000006 13.500000000000007 984.6500000000002 35.425000000000011 -4.084792762612703 -0.70088257582277247 21.050000000000004 2432.2500000000005 41.850000000000001 572.50000000000011 -0.60355339059327362 24.350000000000005 45.525000000000006 0.62249093318774806 -19.040694625622901 0.78656609248549325 12.250000000000002 2.1015138244969909 9.9850000000000012 4.5000000000000009 0.3090169943749474 -0.84804809615642596 418.25000000000006 0.9681107762825325 3.5000000000000004 -20.963925122287204 -8.4863203917656858 1.7718144331007866
decision_type=2 2 2 2 2 2 8 2 2 2 2 2 2 2 2 2 8 2 10 2 2 2 2 2 2 8 2 2 2 2 2 2 2 2 2 2 10 2 10 2 2 10 2 2 2 2 2 10 2 2 2 2 2 8 2 2 2 8 2 2 2 2 2
left_child=2 5 -1 6 14 7 42 10 37 34 11 13 21 29 -4 18 -11 19 36 -6 28 22 47 26 25 -23 48 51 32 -2 44 53 -14 -15 -5 -20 -16 -8 -10 40 -40 -28 -3 -35 -29 -18 -25 -13 -24 50 -38 -19 -47 -7 55 -55 57 61 -42 -37 -26 -57 -27
right_child=1 3 4 9 17 31 8 -9 38 16 -12 12 20 33 15 -17 45 27 35 -21 -22 24 23 46 60 62 41 30 -30 -31 -32 -33 -34 43 -36 59 49 -39 39 -41 58 -43 -44 -45 -46 52 -48 -49 -50 -51 -52 -53 -54 54 -56 56 -58 -59 -60 -61 -62 -63 -64
leaf_value=0.4632817144536544 0.29966423438316847 -1.0315860886988781 0.55420693775882801 -2.875446136063549 -0.18102853924811313 -0.45504406723823776 -0.53412755621567098 0.34730214166480533 -0.24561006830612653 -15.717636640813408 0.25211790563374714 -0.23490952556130174 -1.5912118138754245 -0.13444453673564483 0.2548984090430696 0.38443520309816998 -11.38907045482059 0.044049864821862655 0.078053955477496745 0.12992650874850695 -0.0079279193473460151 -1.1665751720188571 -2.3467391723888134 -0.57704537113404142 -0.85289877660876368 0.18360748690119877 -1.4615622941336652 -0.11603129871515563 -0.55462671521136309 -0.10547341418967507 0.0018381860172225163 0.41896197067301916 -0.50743704516046795 -0.51780089333235468 -1.5645952709610358 -0.4717575815572177 -0.21687155413752596 0.085754184267370415 -1.408697664353169 -0.52435804962521793 -0.61564971430931481 -0.42113185489603117 -2.3438336131490449 -0.59012852722797227 -0.35575179566771736 -3.8581811502324515 -0.17361892602916118 -0.0097813074712082108 -0.38304554778138944 0.069270648637324975 -0.54408224673814432 0.24000144877986651 -10.292899619249225 0.21758371078739649 0.4678491761891212 -0.62266966010191815 -0.084224528988646519 -1.5680216357218755 -1.0974236688263856 -0.058794707369617762 0.25322167053313971 0.5372783709293274 -0.36056625467161685
leaf_weight=96576 19952 2814 38518 3224 4735 2498 6875 10327 12938 158 12505 8357 300 7054 60908 35448 165 12805 13151 3797 1452 576 251 477 31 1649 111 902 3679 10159 5357 31629 230 557 7938 1103 587 23015 1747 16457 3700 1104 2096 97 232 851 3532 9257 58 10269 82 26312 91 9277 8081 183 10744 161 580 2033 8764 250 1315
leaf_count=96576 19952 2814 38518 3224 4735 2498 6875 10327 12938 158 12505 8357 300 7054 60908 35448 165 12805 13151 3797 1452 576 251 477 31 1649 111 902 3679 10159 5357 31629 230 557 7938 1103 587 23015 1747 16457 3700 1104 2096 97 232 851 3532 9257 58 10269 82 26312 91 9277 8081 183 10744 161 580 2033 8764 250 1315
internal_value=0.00124483 -0.000555353 0.00266779 -0.0022209 0.00213835 0.000280864 -0.00169733 -0.000315146 -0.0013878 -0.00517945 -0.000623339 -0.000947797 -0.00191977 0.000109601 0.00255427 0.00222732 -0.0117984 0.000893055 0.00179405 -0.00141116 -0.00525437 -0.00138775 -0.00223852 -0.00517531 0.000208756 -0.00320621 -0.0106168 0.00132411 -0.00698622 0.000734117 -0.00119319 0.0012466 -0.0158491 -0.00233005 -0.00442931 0.000161786 0.00216407 -0.000311141 -0.00229631 -0.0030435 -0.00538659 -0.00755144 -0.00581466 -0.0098318 -0.00703704 -0.00931798 -0.00310676 -0.001316 -0.0226699 0.000506491 -0.00576233 0.00174183 -0.00715499 0.000433417 0.000708461 7.155e-05 -0.0010284 -0.00829966 -0.00382009 -0.00297194 0.00158329 -0.00331409 -0.00135965
internal_weight=560081 247266 312815 82649 216239 164617 70222 101794 65312 12427 91467 78962 41143 37819 162099 123581 1265 54140 88133 8532 5661 35482 23147 5533 12335 3540 1524 45608 4209 30111 6491 62823 530 7708 11162 16287 71846 29890 35422 22484 6027 1215 4910 654 1134 1107 4009 17614 309 10938 669 39117 942 31194 28696 20615 11338 594 4280 3136 8795 433 2964
internal_count=560081 247266 312815 82649 216239 164617 70222 101794 65312 12427 91467 78962 41143 37819 162099 123581 1265 54140 88133 8532 5661 35482 23147 5533 12335 3540 1524 45608 4209 30111 6491 62823 530 7708 11162 16287 71846 29890 35422 22484 6027 1215 4910 654 1134 1107 4009 17614 309 10938 669 39117 942 31194 28696 20615 11338 594 4280 3136 8795 433 2964
is_linear=0
shrinkage=0.05


Tree=34
num_leaves=64
num_cat=0
split_feature=0 0 0 0 37 1 25 25 37 39 0 5 30 14 41 35 36 36 44 27 14 43 28 33 42 41 22 26 8 28 30 28 8 43 35 1 27 13 16 9 18 14 7 12 35 9 37 42 16 34 22 5 37 22 16 27 16 7 10 37 5 37 11
split_gain=532.298 125.64 76.9281 47.613 43.29 37.6792 36.7787 25.4796 25.7897 23.0388 22.7668 22.6979 22.4227 22.1684 21.3831 23.4504 20.9337 23.1626 20.899 19.536 19.1041 18.2388 17.5005 16.5579 16.5039 15.4288 18.4335 16.3207 20.0803 14.2764 29.1738 19.7775 13.9595 13.3953 13.1107 12.8764 15.6856 12.6166 11.6963 11.6542 11.6245 11.603 11.967 11.5969 11.3571 11.1772 12.8909 10.7518 10.5538 17.293 13.8787 10.3846 10.0528 15.4474 11.8468 10.0053 9.81624 9.61367 10.4211 9.57667 10.6622 9.569 9.51712
threshold=53.025000000000006 116.25000000000001 22.050000000000004 313.25000000000006 82.500000000000014 38.050000000000004 984.1500000000002 983.55000000000007 28.500000000000004 1.0000000180025095e-35 685.00000000000011 119.25000000000001 98.500000000000014 8.5000000000000018 19387.000000000004 -0.58068084432175959 190.62500000000003 1347.5000000000002 1.0000000180025095e-35 51.550000000000004 3.5000000000000004 55.625000000000007 4.205000000000001 10.750000000000002 2.0000000000000004 3196.5000000000005 47.500000000000007 13109.750000000002 20.525000000000009 8.3250000000000011 11.500000000000002 2.3550000000000009 13.500000000000007 157.50000000000003 0.58068084432175959 110.10000000000001 193.25000000000003 1.5000000000000002 -11.950198957354353 111.25000000000001 12.250000000000002 9.5000000000000018 481.39836956521748 0.78656609248549303 -0.58068084432175959 713.25000000000011 54.500000000000007 11.250000000000004 -19.353954308649708 0.9681107762825325 64.500000000000014 158.25000000000003 91.500000000000014 88.500000000000014 -3.1376602146888843 86.050000000000011 -24.23068707563419 72.583771929824579 34.025000000000006 93.500000000000014 363.25000000000006 58.500000000000007 -0.37940952255126065
decision_type=2 2 2 2 2 8 2 2 2 2 2 8 2 2 2 2 2 2 2 10 2 2 2 2 2 2 2 2 8 2 2 2 10 2 2 10 10 2 2 10 2 2 10 2 2 8 2 2 2 2 2 10 2 2 2 10 2 10 10 2 8 2 2
left_child=2 5 -1 6 16 47 13 8 20 40 41 -12 24 22 37 -16 -4 19 56 32 -7 -11 34 -23 43 -9 -27 55 -29 30 31 -26 -18 -21 35 36 -3 -14 -25 -30 -6 42 57 -10 -20 46 -36 -2 49 -34 -51 -33 -46 54 -54 -28 -8 58 -5 -59 -61 -43 -13
right_child=1 3 4 10 9 7 18 25 12 21 11 62 14 -15 15 -17 17 -19 44 33 -22 23 -24 38 29 26 27 28 39 -31 -32 51 48 -35 45 -37 -38 -39 -40 -41 -42 61 -44 -45 52 -47 -48 -49 -50 50 -52 -53 53 -55 -56 -57 -58 59 -60 60 -62 -63 -64
leaf_value=0.44511762396260013 -0.27768980489515516 -1.241408537099435 0.51672484667348539 -6.307999720844248 0.055066862756692661 -0.31854707039749625 -1.0990264883072125 0.46395069944284856 -0.012436173270135985 0.040847221974291519 -15.622539080676539 -10.906156661174871 0.55048615950972735 -0.18327707662381237 -0.83886868283535532 -0.27511288114283616 0.24480310184120083 0.36704461147454742 0.21823567639585073 0.12173660738361321 0.34195171168319938 -0.36310369960101441 -0.36843305906961277 -0.19016792282865005 -0.030955268343782275 0.22982894252343555 0.031132055113058096 -0.10435176664316587 -0.46982137843758437 0.33828824714040262 -0.37084059376894213 -0.56332107322504166 -0.047343149417478927 -0.14577907368596874 -1.0541992225939312 -0.49993651615032414 -5.9132394852369927 -0.45045540271666912 -0.016883871693187107 -0.70809271023933673 0.23845124465250708 -2.290166048190132 -4.3128098264702306 0.27550341591880562 -0.42227401983036295 -0.18637364525794001 -1.5516628828030392 -0.64549989967092924 0.063741556474371117 0.058066347063884888 -0.53154322767194429 -1.788016966381746 -2.3751965688026462 -0.35090836876045151 -0.61734737705737275 -0.46511288351021246 0.076975595876690034 -1.7798920838294958 -2.2278089885621828 -2.2205559423479788 -5.8907038571199459 -0.90971938800788765 -4.7244733917209301
leaf_weight=92903 8273 2677 39794 133 15686 1756 193 32329 25745 11422 152 241 554 5913 194 185 61716 36048 4026 9823 16548 661 4579 1808 19834 16934 7687 504 136 3016 6007 690 444 6356 1827 4622 219 1907 3716 288 21956 2719 55 10744 23002 524 1051 880 10326 51 105 78 500 989 349 1932 26857 3123 112 168 103 6039 872
leaf_count=92903 8273 2677 39794 133 15686 1756 193 32329 25745 11422 152 241 554 5913 194 185 61716 36048 4026 9823 16548 661 4579 1808 19834 16934 7687 504 136 3016 6007 690 444 6356 1827 4622 219 1907 3716 288 21956 2719 55 10744 23002 524 1051 880 10326 51 105 78 500 989 349 1932 26857 3123 112 168 103 6039 872
internal_value=0.00122894 -0.0005048 0.00259938 -0.00198116 0.00208975 0.000355618 -0.00149959 0.000549338 4.46969e-06 0.000878659 -0.004696 -0.011087 -0.000438408 -0.00326172 -0.00478873 -0.0158443 0.0024961 0.00217784 -0.000824808 0.00174401 0.00167286 -0.000614244 -0.00425544 -0.00280113 -0.000251535 0.00134426 0.000473236 -0.00116763 -0.0075 -0.00112827 -0.0014978 -0.000603825 0.00209397 0.000172755 -0.00534341 -0.00417797 -0.00679213 -0.00308614 -0.00190623 -0.0155189 0.00157696 -0.00404674 -0.00639686 0.000460276 -0.00176055 -0.00791887 -0.00914176 -0.00275702 0.000446641 -0.006 -0.0203205 -0.00847656 -0.00215982 -0.00571817 -0.0106655 -0.00055671 0.000173752 -0.00604699 -0.0156122 -0.00535651 -0.0143727 -0.00305549 -0.00861186
internal_weight=560081 247266 312815 91045 219912 156221 77328 147068 87258 55249 13717 1265 68954 21412 2840 379 164663 124869 55916 88821 18304 17607 15499 6185 66114 59810 27481 10547 928 29625 26609 20602 72642 16179 10920 7518 2896 2461 5524 424 37642 12452 3694 36489 28866 3402 2878 9153 10926 600 156 768 24840 1838 849 9619 27050 3639 245 3394 271 8758 1113
internal_count=560081 247266 312815 91045 219912 156221 77328 147068 87258 55249 13717 1265 68954 21412 2840 379 164663 124869 55916 88821 18304 17607 15499 6185 66114 59810 27481 10547 928 29625 26609 20602 72642 16179 10920 7518 2896 2461 5524 424 37642 12452 3694 36489 28866 3402 2878 9153 10926 600 156 768 24840 1838 849 9619 27050 3639 245 3394 271 8758 1113
is_linear=0
shrinkage=0.05


Tree=35
num_leaves=64
num_cat=0
split_feature=0 0 0 37 43 0 5 22 42 14 18 37 37 14 9 12 34 29 16 27 41 11 23 37 27 36 23 5 39 13 36 37 14 7 41 10 23 23 23 32 39 17 39 17 0 11 27 41 35 31 2 25 27 16 10 23 7 17 25 5 17 9 14
split_gain=489.246 102.099 83.4131 39.1693 37.3182 32.7007 26.9263 26.1342 23.6298 21.3724 21.3274 21.0039 20.898 21.9974 20.1953 19.4843 32.606 20.3583 19.446 19.1058 18.9947 18.4386 18.0057 26.6254 22.7188 17.6621 16.4668 15.5611 15.2526 14.6514 14.5043 15.6046 14.0355 17.8596 13.8325 13.8226 13.4995 13.3273 13.1689 18.7809 13.0962 12.865 12.8035 12.6927 12.6632 12.1562 11.8684 11.7691 12.5313 14.7908 11.7494 11.745 12.6227 11.2911 11.619 11.1794 11.1484 10.4217 10.1994 9.95066 9.8666 9.82138 9.52607
threshold=57.025000000000006 177.25000000000003 23.950000000000003 85.500000000000014 21.250000000000004 552.50000000000011 50.050000000000004 66.500000000000014 -0.59999999999999865 9.5000000000000018 10.450000000000001 38.500000000000007 47.500000000000007 11.500000000000002 212.25000000000003 -0.12940952255126037 0.67556448321067863 24.611119272358543 -2.6847294889079478 40.45000000000001 8964.5000000000018 -0.9159756150367534 24.350000000000005 46.500000000000007 109.25000000000001 371.25000000000006 28.150000000000002 45.025000000000006 0.15000000000000005 1.0000000180025095e-35 942.50000000000011 81.500000000000014 7.5000000000000009 28.562828947368427 10151.000000000002 10.925000000000002 29.050000000000004 31.350000000000005 42.050000000000004 7.8289282705126935 1.0000000180025095e-35 -20.963925122287204 0.25000000000000006 7.842803607433912 82.325000000000017 -0.37940952255126065 22.350000000000005 10801.250000000002 0.76037701167087501 -14.395050810979575 33.975000000000009 975.1500000000002 72.725000000000009 1.4237466538170651 28.425000000000004 26.150000000000002 82.804356060606082 11.138376977449596 992.25000000000011 25.550000000000004 6.4787234885999387 115.25000000000001 5.5000000000000009
decision_type=2 2 2 2 2 2 8 2 2 2 2 2 2 2 10 2 2 2 2 8 2 2 2 2 10 2 2 10 2 2 2 2 2 8 2 8 2 2 2 2 2 2 2 2 2 2 10 2 2 2 10 2 10 2 8 2 10 2 2 10 2 10 2
left_child=2 4 42 8 21 9 -7 14 55 18 32 53 13 35 -6 41 17 -17 -3 -10 -12 -2 34 38 30 -15 -19 37 -14 -28 31 -25 33 -5 44 -11 -8 -18 -24 -40 47 -16 -1 -27 -23 61 -44 -13 -49 -50 -31 -21 -53 -9 -55 -4 -20 -39 -29 -36 -61 -22 -26
right_child=1 5 3 10 7 6 36 11 19 12 20 40 28 25 15 16 27 26 56 51 45 22 23 24 62 43 29 58 -30 50 -32 -33 -34 -35 59 -37 -38 57 39 -41 -42 -43 46 -45 -46 -47 -48 48 49 -51 -52 52 -54 54 -56 -57 -58 -59 -60 60 -62 -63 -64
leaf_value=0.43883334272106911 -0.22945814471959119 -1.7254089922081555 0.70148419197694523 -0.21727615858023022 0.092898548870386774 -13.630249656292719 -3.7556120847081567 -0.42788323147640778 0.26492747511272191 -7.1431190529912119 0.17200477433133035 -0.1402536681042805 -0.26399751206799743 -3.1593891015639426 -0.80758510896552527 -0.34332242208688707 -0.098979243606143089 -0.62710107393922776 -2.737951785940874 -0.028143273132590008 -0.18424587983838414 0.71980609427799935 0.26363595782542321 0.055658663823781651 -0.83410362973283536 -1.6542594934689596 0.28937315391838037 0.23009191848537333 -5.8055092599081703 -2.0804186870204133 -0.44187682715943277 -0.2751713207142793 0.081783775522672741 -0.060384511031767799 -0.6428116175874915 -0.33927740857207456 -9.4176412217022882 -0.66704280790055914 -0.061060980924571955 -0.54182237309811132 -0.52533749275346853 0.06620434565054438 0.29286174753284167 -2.1211260387835447 0.31177601069278182 -0.033102987734213093 -0.0099646353745143617 -0.40884952930688129 -2.0771967657652981 -0.059149240756937477 -1.0682563093085833 0.17734004671464754 -0.051900244523591876 -0.045186906433348294 -1.3094199122959256 0.28799902365264329 -0.66467710293765025 -0.79680552529585791 -0.51405981684563662 0.11857338820737909 -0.69201825659477878 -0.28501676759268774 -0.15501809946282338
leaf_weight=96009 10521 5115 19795 2437 31066 188 2192 447 42156 174 26938 17713 21167 297 104 4246 966 1449 1087 10934 775 12078 24550 16820 1273 1105 210 5435 89 460 1130 5286 5815 5445 620 3386 159 534 519 188 2671 9915 7262 37 27508 2268 4079 1953 107 84 1042 33706 7352 97 254 66399 11516 86 386 1602 113 136 630
leaf_count=96009 10521 5115 19795 2437 31066 188 2192 447 42156 174 26938 17713 21167 297 104 4246 966 1449 1087 10934 775 12078 24550 16820 1273 1105 210 5435 89 460 1130 5286 5815 5445 620 3386 159 534 519 188 2671 9915 7262 37 27508 2268 4079 1953 107 84 1042 33706 7352 97 254 66399 11516 86 386 1602 113 136 630
internal_value=0.00121323 -0.000566444 0.00244032 0.00189145 -3.23238e-05 -0.00265716 -0.00817448 -0.000847901 0.00221723 -0.00233859 0.000550509 -0.00225371 -0.00143306 -0.00434187 -0.000261275 -0.00132425 -0.00247604 -0.00482179 -0.00368044 0.00166961 0.00129445 0.000595986 0.000822005 0.000185134 -0.000966824 -0.00955872 -0.00785985 -0.000130282 -0.000748965 -0.0111799 -0.000536667 -0.000254229 -0.00108527 -0.00246004 0.00158763 -0.00223315 -0.00671842 -0.00452081 0.00133171 -0.00539604 -0.00197132 0.00037878 0.0035864 -0.0067338 0.00180822 -0.00236081 0.00199762 -0.00152918 -0.00502798 -0.0172513 -0.0129095 0.00102824 0.00141605 -0.0102256 -0.0169373 0.00281539 -0.00262517 -0.0102419 0.00106597 -0.00215203 -0.000189504 -0.0072393 -0.00621913
internal_weight=560081 228575 331506 224156 182063 46512 2539 79225 180342 43973 43814 23326 26255 4999 55899 24833 14814 7407 17718 94148 30117 102838 92317 50396 25139 1439 3161 7407 21256 1712 23236 22106 13697 7882 41921 3560 2351 1586 25257 707 22528 10019 107350 1142 39586 3179 11341 19857 2144 191 1502 51992 41058 798 351 86194 12603 620 5821 2335 1715 911 1903
internal_count=560081 228575 331506 224156 182063 46512 2539 79225 180342 43973 43814 23326 26255 4999 55899 24833 14814 7407 17718 94148 30117 102838 92317 50396 25139 1439 3161 7407 21256 1712 23236 22106 13697 7882 41921 3560 2351 1586 25257 707 22528 10019 107350 1142 39586 3179 11341 19857 2144 191 1502 51992 41058 798 351 86194 12603 620 5821 2335 1715 911 1903
is_linear=0
shrinkage=0.05


Tree=36
num_leaves=64
num_cat=0
split_feature=0 0 0 39 14 42 27 14 32 0 31 11 0 0 37 28 16 13 33 19 21 2 28 23 38 40 11 37 22 39 8 17 38 44 14 29 1 16 25 11 7 16 13 14 11 3 22 11 13 13 40 31 42 18 14 16 7 32 42 9 31 16 33
split_gain=455.464 122.442 62.3067 38.1273 34.3715 30.9676 26.7396 26.7109 42.8285 27.2918 26.4097 30.9001 25.0332 24.7197 23.6293 19.2754 18.3208 18.0925 16.8969 16.8283 16.7007 16.1224 16.1176 17.625 15.6256 15.0636 15.0255 14.8454 15.355 15.2096 13.7302 13.6725 13.5416 14.2227 13.3825 12.8022 12.6 12.4715 15.5046 12.1502 12.1142 13.8877 12.8902 17.1382 21.1584 13.4043 12.4544 13.0816 11.987 13.1234 11.5679 11.2778 11.2312 11.1493 11.1256 14.2036 12.0225 10.9349 10.9187 10.809 10.786 10.7792 10.6377
threshold=76.52500000000002 29.650000000000002 233.75000000000003 1.0000000180025095e-35 9.5000000000000018 0.30000000000000054 56.550000000000004 4.5000000000000009 -6.1360370459771953 140.25000000000003 -8.0663194196786154 0.78656609248549325 685.00000000000011 18.550000000000004 83.500000000000014 1.0000000180025095e-35 6.1169008715096664 3.5000000000000004 24.750000000000004 -0.80382625221112014 87.500000000000014 33.050000000000004 4.8650000000000011 14.350000000000003 28.350000000000005 988.75000000000011 -0.9159756150367534 48.500000000000007 49.500000000000007 1.0000000180025095e-35 20.015000000000004 6.1486547620595582 36.95000000000001 3042.2500000000005 3.5000000000000004 0.17025866081228805 23.450000000000003 -2.6847294889079478 996.35000000000002 -0.37940952255126065 119.93645833333333 16.881652992496342 4.5000000000000009 5.5000000000000009 1.0000000180025095e-35 37.025000000000006 90.500000000000014 -1.0000000180025095e-35 5.5000000000000009 1.0000000180025095e-35 979.1500000000002 6.9909302196355183 11.850000000000003 12.350000000000003 9.5000000000000018 -5.3882656330507537 404.23958333333343 16.902507747713678 -6.2999999999999972 166.25000000000003 4.9731235387865356 7.5023104009571737 18.950000000000003
decision_type=2 2 2 2 2 2 10 2 2 2 2 2 2 2 2 2 2 2 2 2 2 10 2 2 2 2 2 2 2 2 10 2 2 2 2 2 10 2 2 2 8 2 2 2 2 8 2 2 2 2 2 2 2 2 2 2 10 2 2 10 2 2 2
left_child=1 13 4 5 7 15 52 8 10 21 11 17 27 -1 -15 30 22 -2 53 -10 -5 57 23 -12 31 -13 -21 28 62 54 -3 -14 33 50 37 -11 -22 38 59 -17 42 -42 46 44 -44 -46 47 -23 49 -28 61 -6 -7 -16 55 56 -29 -9 -47 -25 -30 -8 -4
right_child=2 3 12 20 51 6 32 9 19 35 16 25 24 14 18 39 -18 -19 -20 26 36 40 -24 34 -26 -27 48 29 60 -31 -32 -33 -34 -35 -36 -37 -38 -39 -40 -41 41 -43 43 -45 45 58 -48 -49 -50 -51 -52 -53 -54 -55 -56 -57 -58 -59 -60 -61 -62 -63 -64
leaf_value=0.46592008516515976 -0.6427234425048266 0.24093948744189647 -0.94182430655678351 -0.24730131150781212 0.38169369865998909 0.18226279104755663 -0.041578786845788751 -0.7144253758912753 0.47593609689373484 -7.0493744876896489 -0.002396031103035792 -1.8808661713445098 -4.8514304626393354 0.32245765767721024 0.021425537892897834 0.26571012393104532 -0.026221347412997531 1.1332881350638171 -0.18147127820846151 -0.98409503194233361 -0.16772814339735559 -0.20241540276410391 0.32956122159021395 -0.32342248304564208 -12.763902297341135 -0.18261956095906381 0.39207314347821043 -2.443250105970793 -0.85370229028429501 -4.717816857409928 -0.0067593569479726407 -11.337827489000759 0.2851143719263069 -0.15827934414753636 0.02265748617501108 -0.95863589250732995 0.035104935635685973 -0.46006346399029713 -1.2192868539756514 0.65894884610487081 -0.52389124399837073 -1.4185278868945754 0.015521871601554599 -0.0014629766377867893 -1.0734102023617702 -1.2604815074104707 -0.64254885287422192 0.2053620012023275 0.63629866386595024 -0.20112773157703026 0.1896638741639563 -0.10052147824907731 -0.015669408936926234 0.2311818536069038 -0.6003353329077159 -0.98838558209379501 -5.734466518481427 -2.9735346022800173 -0.42326528610181646 -0.82206226617788691 -2.5214300841395225 -0.46363798546892482 -2.6703828040490465
leaf_weight=64946 1963 57899 3896 1928 22414 67064 4860 2640 12933 616 2915 400 1045 66727 9439 16608 13025 642 1075 1274 3385 4905 1829 1420 169 111 4685 1281 299 377 9545 51 3222 12803 1339 2388 23127 3134 272 26815 1115 191 1310 2994 551 146 732 8357 4358 15665 8385 12055 7708 15493 13905 4372 55 88 2008 2958 736 715 718
leaf_count=64946 1963 57899 3896 1928 22414 67064 4860 2640 12933 616 2915 400 1045 66727 9439 16608 13025 642 1075 1274 3385 4905 1829 1420 169 111 4685 1281 299 377 9545 51 3222 12803 1339 2388 23127 3134 272 26815 1115 191 1310 2994 551 146 732 8357 4358 15665 8385 12055 7708 15493 13905 4372 55 88 2008 2958 736 715 718
internal_value=0.00119144 0.00208658 -0.00107975 0.00138496 -0.000631006 0.00161193 0.000995494 -0.00111309 -0.000583767 -0.00241414 -0.00200313 -0.00636072 -0.003272 0.00317256 0.00264865 0.00219439 -0.00149821 -0.00415547 0.00137021 0.000510729 -0.000335794 -0.00187383 -0.00276303 -0.00342748 -0.0101383 -0.0176027 -0.000222846 -0.00293323 -0.00519649 -0.00229365 0.00166538 -0.0079562 -0.000265966 -0.000634645 -0.00450893 -0.00691744 -9.05232e-06 -0.00530319 -0.00694624 0.00301603 -0.00143014 -0.0061026 -0.0011396 -0.00288986 -0.00502491 -0.00755083 -0.00026297 8.74681e-05 5.01864e-05 -0.000459459 0.000469198 0.000725145 0.00150136 0.00163485 -0.00210243 -0.00396111 -0.00847305 -0.0055022 -0.00577066 -0.00622659 -0.0107005 -0.00129596 -0.00396185
internal_weight=560081 401744 158337 244064 131433 215624 104757 96964 68923 28041 30008 3116 26904 157680 92734 110867 26892 2605 26007 38915 28440 25037 13867 12038 1265 511 25982 25639 5649 19990 67444 1096 29985 26763 9123 3004 26512 7784 4650 43423 22309 1306 21003 7009 4015 2705 13994 13262 24708 20350 13960 34469 74772 24932 19613 5708 1336 2728 2154 4378 1035 5575 4614
internal_count=560081 401744 158337 244064 131433 215624 104757 96964 68923 28041 30008 3116 26904 157680 92734 110867 26892 2605 26007 38915 28440 25037 13867 12038 1265 511 25982 25639 5649 19990 67444 1096 29985 26763 9123 3004 26512 7784 4650 43423 22309 1306 21003 7009 4015 2705 13994 13262 24708 20350 13960 34469 74772 24932 19613 5708 1336 2728 2154 4378 1035 5575 4614
is_linear=0
shrinkage=0.05


Tree=37
num_leaves=64
num_cat=0
split_feature=0 0 0 37 1 8 18 23 22 0 5 41 32 27 44 37 0 14 27 44 37 14 16 11 1 1 1 32 14 21 21 37 22 11 37 16 8 37 34 8 11 14 28 27 10 11 5 37 41 5 7 42 41 3 9 11 19 13 27 25 8 40 16
split_gain=419.778 100.958 69.2561 41.3778 36.4575 36.05 27.6907 26.2411 40.156 24.3092 23.8773 20.1984 18.6868 18.0156 18.0097 16.412 16.1783 15.6995 15.5553 17.0381 14.851 14.1941 16.4936 14.0515 14.0202 13.8517 13.6905 13.902 13.3653 19.6712 13.8951 13.0787 16.481 12.6364 12.4858 15.6071 14.5718 12.0585 11.861 11.753 18.9365 14.095 11.3373 14.6871 11.1182 11.1019 11.009 10.8551 10.7361 12.8395 10.456 10.1925 9.98313 10.453 9.78104 9.69704 9.47571 9.16964 8.95473 8.9531 11.2308 8.77945 12.288
threshold=51.050000000000004 130.25000000000003 20.050000000000004 72.500000000000014 38.050000000000004 96.825000000000003 12.15 18.350000000000005 53.500000000000007 552.50000000000011 50.050000000000004 6660.2500000000009 -6.6952677425675393 29.050000000000004 6700.7500000000009 92.500000000000014 74.325000000000003 8.5000000000000018 38.45000000000001 3130.2500000000005 91.500000000000014 3.5000000000000004 -8.0554641789604648 -0.60355339059327362 110.10000000000001 70.825000000000003 120.25000000000001 15.176072239022057 5.5000000000000009 96.875000000000014 777.50000000000011 36.500000000000007 69.500000000000014 -0.9159756150367534 54.500000000000007 -19.040694625622901 7.0000000000000018 95.500000000000014 -0.39073112848927366 -51.874999999999993 0.91597561503675362 4.5000000000000009 0.49500000000000005 86.050000000000011 31.025000000000002 0.78656609248549325 241.25000000000003 57.500000000000007 12507.000000000002 22.550000000000004 359.88541666666669 10.850000000000003 5785.2500000000009 21.525000000000002 124.25000000000001 0.37940952255126054 -0.82409480842201666 2.5000000000000004 23.850000000000005 984.25000000000011 -34.814999999999991 995.55000000000007 -9.7280149491561598
decision_type=2 2 2 2 8 8 2 2 2 2 8 2 2 8 2 2 2 2 8 2 2 2 2 2 8 8 8 2 2 2 2 2 2 2 2 2 10 2 2 8 2 2 2 10 8 2 10 2 2 8 10 2 2 10 10 2 2 2 10 2 8 2 2
left_child=2 4 58 18 51 14 13 -6 16 26 -11 -8 28 -5 24 31 -9 -15 -4 -20 -13 22 -21 -22 -3 48 27 -7 29 39 61 32 -14 38 -23 36 -36 56 50 40 -10 47 43 52 -34 -39 -12 -41 49 -18 -26 -2 -33 -54 -32 -38 -28 -29 -1 60 -24 -31 -63
right_child=1 5 3 6 7 9 11 8 12 10 46 20 15 17 -16 -17 25 -19 19 21 23 34 59 -25 33 -27 37 57 -30 30 54 42 44 -35 35 -37 55 45 -40 41 -42 -43 -44 -45 -46 -47 -48 -49 -50 -51 -52 -53 53 -55 -56 -57 -58 -59 -60 -61 -62 62 -64
leaf_value=0.47262407613853025 -0.25040058889885647 -0.75662571408948343 0.34033389178781281 0.14779901820441638 0.50588843139021133 -1.963660856424857 0.25568724822011907 0.21130860524897024 -0.55655823804772175 -12.476232147253194 -7.740702364709751 0.096784730305818412 -0.069480989471175369 -0.058835920698694866 -0.82755153869137321 -0.29764542165684771 -2.1326970390843178 0.32946022326087743 0.30025688411505203 -0.391240982639186 -0.26812353569721276 0.26811364282174294 -0.66198013979951575 -0.084262710752923409 -1.4953164181564369 0.11789962361001656 -0.11180545064039793 -11.059862453141136 -0.010718191463239511 -0.073708602183482283 -0.12440354603803057 0.08450323692255271 -0.06232421664835322 -0.086227496498065215 0.021385762931617133 0.021515572261267921 0.079390291620381304 -5.2954547072630795 -0.34056041235009937 0.11356354334517099 -1.3402566783087366 -0.96282369621813158 0.30225862927143621 -0.37003300200758438 -0.63576045914886181 -2.1327719754596681 -1.950078577622729 -0.61854059832020736 -0.53608425489707168 -0.046055715463344887 -5.8852615539166715 -0.5493200407427018 -0.3336941502010019 -0.051348310405735779 -0.67212906277368167 -0.64008191923030555 -0.94275459065341494 -2.867488806548729 0.2976240761385302 0.091654357700247227 -0.12356963537723892 -1.1381540935463996 1.1026516465024863
leaf_weight=51646 9854 5777 59781 14797 22782 2588 41382 43104 307 184 813 7254 869 23716 3917 3691 115 3222 48307 599 466 12680 215 2284 1170 35378 4996 82 3757 4576 110 21517 162 41370 102 5754 23 152 1721 756 109 468 7490 3920 385 386 935 1317 1817 7391 133 1178 1406 7419 172 88 12866 84 25870 3253 1293 75 50
leaf_count=51646 9854 5777 59781 14797 22782 2588 41382 43104 307 184 813 7254 869 23716 3917 3691 115 3222 48307 599 466 12680 215 2284 1170 35378 4996 82 3757 4576 110 21517 162 41370 102 5754 23 152 1721 756 109 468 7490 3920 385 386 935 1317 1817 7391 133 1178 1406 7419 172 88 12866 84 25870 3253 1293 75 50
internal_value=0.00117493 -0.000309715 0.00243701 0.00199333 0.000338421 -0.00182289 0.00118615 0.000520063 0.000274356 -0.003477 -0.00884576 0.00196318 -0.000739804 0.000229424 -0.00111688 -0.00029354 0.000950686 -0.0005405 0.00256236 0.00206903 -5.29786e-05 0.000980339 -0.00128731 -0.00318182 -0.000861952 0.000284222 -0.00298667 -0.00627451 -0.00252757 -0.00369018 -0.00177303 -1.9922e-05 -0.00474576 -0.000560436 0.00163217 -0.000253896 -0.0135446 -0.00249456 -0.00368056 -0.00692087 -0.0147115 -0.00564541 0.000140353 -0.000244878 -0.0115448 -0.00986989 -0.00704233 -0.00387602 -0.00143033 -0.000595523 -0.00727935 -0.00244652 0.000127217 -0.00128895 -0.0125532 -0.0260811 -0.00227242 -0.0203012 0.00372607 -0.000303507 -0.00348806 -0.00112636 -0.0142
internal_weight=560081 257349 302732 225216 180175 77174 93121 169143 146361 23086 1932 51386 58556 41735 54088 46859 87805 26938 132095 72314 10004 24007 5360 2750 50171 44701 21154 2754 11697 7940 4983 43168 1416 44394 18647 5967 213 18400 3024 2957 416 2541 41752 34262 547 538 1748 2073 9323 7506 1303 11032 30342 8825 282 111 17862 166 77516 4761 1508 4701 125
internal_count=560081 257349 302732 225216 180175 77174 93121 169143 146361 23086 1932 51386 58556 41735 54088 46859 87805 26938 132095 72314 10004 24007 5360 2750 50171 44701 21154 2754 11697 7940 4983 43168 1416 44394 18647 5967 213 18400 3024 2957 416 2541 41752 34262 547 538 1748 2073 9323 7506 1303 11032 30342 8825 282 111 17862 166 77516 4761 1508 4701 125
is_linear=0
shrinkage=0.05


Tree=38
num_leaves=64
num_cat=0
split_feature=0 0 0 37 0 39 23 22 25 14 6 27 44 27 27 44 38 16 25 18 3 11 0 5 13 37 19 34 27 43 44 44 25 14 41 21 37 22 42 29 21 37 41 13 28 8 17 21 41 11 33 19 38 44 34 26 4 37 38 27 39 39 11
split_gain=388.6 90.7531 67.7535 38.8215 36.3822 30.0379 28.5877 38.8489 24.6592 18.8896 17.7647 17.3087 17.2996 16.4384 14.8069 15.6594 22.7542 16.783 16.1873 14.6639 14.6127 14.4093 13.9644 21.3062 12.8926 11.9153 17.9049 16.8721 11.8172 12.9914 12.2747 11.3544 11.6856 11.2807 11.1449 11.6988 11.0381 11.1989 10.7422 10.7095 10.6818 10.4082 19.2264 16.3319 10.3421 10.284 13.4179 10.2743 10.2641 10.0538 10.0444 12.2056 9.85307 11.6498 9.67862 9.64358 9.58813 9.49165 9.17819 9.15727 10.7473 9.15028 9.04616
threshold=51.050000000000004 116.25000000000001 20.050000000000004 72.500000000000014 355.25000000000006 1.0000000180025095e-35 19.450000000000003 53.500000000000007 984.05000000000007 8.5000000000000018 79.655000000000015 27.550000000000004 -233.49999999999952 95.550000000000011 36.95000000000001 3317.2500000000005 30.250000000000004 -19.040694625622901 978.75000000000011 17.050000000000004 30.750000000000004 -0.78656609248549292 685.00000000000011 115.17500000000001 4.5000000000000009 93.500000000000014 0.94828754594723541 0.19080899537654492 121.25000000000001 -862.49999999999989 4267.5000000000009 9214.7500000000018 988.45000000000016 8.5000000000000018 13160.500000000002 67.500000000000014 96.500000000000014 89.500000000000014 10.65 91.778331272194904 76.250000000000014 27.500000000000004 18604.750000000004 1.5000000000000002 8.0950000000000006 75.040000000000006 11.980795710519997 347.50000000000006 1768.2500000000002 -0.78656609248549292 11.15 0.49240481012316861 24.950000000000003 13419.250000000002 -0.82409480842201666 440.50000000000011 303.25000000000006 55.500000000000007 31.650000000000002 23.350000000000005 0.15000000000000005 2.1500000000000008 -0.9159756150367534
decision_type=2 2 2 2 2 2 2 2 2 2 8 8 2 10 8 2 2 2 2 2 10 2 2 8 2 2 2 2 10 2 2 2 2 2 2 2 2 2 2 2 2 2 2 2 2 8 2 2 2 2 2 2 2 2 2 2 10 2 2 10 2 2 2
left_child=2 6 59 14 8 19 38 21 10 13 -3 -7 48 20 -4 -16 17 18 47 25 39 -8 49 -24 31 -5 -27 -28 29 41 61 -19 -33 44 35 -22 54 -38 -2 -9 50 -23 -43 -44 -12 -32 -47 -17 -10 -6 51 -13 53 -42 62 -18 -30 -57 -45 -1 -61 -31 -14
right_child=1 4 3 5 22 11 7 9 12 -11 33 40 36 -15 15 16 55 24 -20 -21 34 28 23 -25 -26 26 27 -29 56 30 45 32 -34 -35 -36 -37 37 -39 -40 -41 52 42 43 58 -46 46 -48 -49 -50 -51 -52 -53 -54 -55 -56 57 -58 -59 -60 60 -62 -63 -64
leaf_value=0.44899287233160373 0.53914679855957748 -1.8074344604019392 0.32918456131386575 0.14335572632421273 -3.4635155677017018 0.11781094018891221 -0.038913343068656403 -0.21499693024289465 0.33951106246051088 0.1666993844900812 -0.7207333265282786 -0.23463736026121779 -1.9180587888800025 -0.44749538181551235 0.28445048373933662 -0.10742228916872679 -0.24095734111162959 -0.024436593325448876 0.010532872983454029 0.33550406389244825 -0.23615206655561483 0.26543968999489387 -13.016703348244334 -4.7515613516119357 0.28222496577832573 0.089086677767815189 -0.62658830650213648 -0.21791666574416302 -0.13156668461338294 0.34644113477940974 0.10385652545850675 -0.40444678510066051 0.2389803846638878 -0.086160335945851596 -0.24215618342577586 0.026727908391500778 -3.1509537213202101 -0.81501406693191703 -0.15346634246268678 -0.58325700218873755 -0.11119248821667485 -0.081514568847476987 -0.57658207276059803 -0.70172716745101416 -0.14785777204107212 -0.15325085030021934 -0.88985064674445169 -0.48862880397174113 -0.24717949910835998 -1.48180508577809 -0.035138172398408898 -0.53916779359477862 -0.031538082942045291 -0.40330259335003937 -0.17514555941993473 0.2705725602472156 -1.9195635685430212 0.0053601788554107684 -0.098916476013153343 0.33774286756323213 0.0044371111062836187 -0.3784866230273371 -0.52462934118512683
leaf_weight=50799 22238 1535 56182 46131 958 9967 19315 11063 15982 10269 10756 324 866 4882 51210 35 635 2695 115 16170 4340 1826 150 1115 1999 3105 183 1149 4975 38742 14418 1465 348 5794 2434 23995 212 341 2520 364 1303 2298 269 23 3390 1434 239 104 7956 7740 746 349 13563 131 24389 13205 93 4102 319 23564 3153 248 9861
leaf_count=50799 22238 1535 56182 46131 958 9967 19315 11063 15982 10269 10756 324 866 4882 51210 35 635 2695 115 16170 4340 1826 150 1115 1999 3105 183 1149 4975 38742 14418 1465 348 5794 2434 23995 212 341 2520 364 1303 2298 269 23 3390 1434 239 104 7956 7740 746 349 13563 131 24389 13205 93 4102 319 23564 3153 248 9861
internal_value=0.00114904 -0.000279406 0.00236334 0.00192451 -0.00154841 0.00114265 0.000415324 0.000141156 -0.00119805 -0.000862556 -0.00265076 -0.0002856 -0.000674669 -0.00128638 0.00247568 0.00202027 0.000986318 -0.00148573 -0.0140945 0.00170727 -0.000968575 0.000824772 -0.00439978 -0.0093083 -0.000993545 0.00128817 -0.00118661 -0.00603604 0.00118165 0.00137806 0.00159411 -0.0024756 -0.00553502 -0.00225176 -0.00040154 -0.00012264 -0.00137248 -0.00838155 0.00198279 -0.00249541 -0.0012835 -0.00113516 -0.00299244 -0.0108756 -0.00301287 0.000432229 -0.00327854 -0.0255755 0.00036511 -0.0036859 -0.00542988 -0.00985884 -0.000891178 -0.00483264 -0.0012621 0.00191785 -0.00113654 0.00213989 -0.00362573 0.00363835 0.00288898 0.00207361 -0.00251375
internal_weight=560081 257349 302732 225216 91045 93121 166304 141546 81082 57347 21475 26383 59607 47078 132095 75913 24703 6761 254 66738 42196 84199 9963 1265 6507 50568 4437 1332 64884 59816 55081 4508 1813 19940 30769 28335 35669 553 24758 11427 16416 4735 2909 611 14146 16091 1673 139 23938 8698 1419 673 14997 1434 35116 17942 5068 17307 342 77516 26717 38990 10727
internal_count=560081 257349 302732 225216 91045 93121 166304 141546 81082 57347 21475 26383 59607 47078 132095 75913 24703 6761 254 66738 42196 84199 9963 1265 6507 50568 4437 1332 64884 59816 55081 4508 1813 19940 30769 28335 35669 553 24758 11427 16416 4735 2909 611 14146 16091 1673 139 23938 8698 1419 673 14997 1434 35116 17942 5068 17307 342 77516 26717 38990 10727
is_linear=0
shrinkage=0.05


Tree=39
num_leaves=64
num_cat=0
split_feature=0 0 0 37 1 44 14 8 27 0 1 0 5 23 37 39 29 23 36 16 23 14 23 31 1 31 14 37 14 16 1 9 44 31 29 32 37 42 36 29 37 37 32 9 3 27 39 7 31 9 36 38 19 36 25 33 13 23 38 27 33 13 7
split_gain=357.891 79.2094 73.6895 38.7793 30.6248 28.8824 27.8044 26.3271 23.7706 23.5682 27.0872 18.88 19.8274 18.475 22.7527 17.8828 15.377 20.4516 14.9634 26.0603 22.0969 14.6305 14.6182 14.447 13.4705 13.3159 13.7394 12.7988 14.7254 15.3644 12.4594 11.7961 11.3943 11.2092 10.9169 12.9911 13.9389 10.8986 10.7698 11.3488 10.5534 10.3671 10.2243 10.0767 10.0482 9.59001 10.8077 9.57645 12.3741 9.55216 9.53479 9.40311 9.6698 14.4808 10.4995 9.38771 9.5895 10.4068 13.9519 9.04336 8.94579 8.93671 9.84963
threshold=54.025000000000006 150.25000000000003 20.050000000000004 57.500000000000007 38.050000000000004 -1230.7500000000007 8.5000000000000018 78.250000000000014 27.550000000000004 89.02500000000002 83.02500000000002 552.50000000000011 241.25000000000003 20.450000000000003 31.500000000000004 0.25000000000000006 164.39504405851014 42.050000000000004 497.50000000000006 -19.353954308649708 27.850000000000005 6.5000000000000009 33.150000000000013 7.3207117085486413 134.12500000000003 15.344128891987014 3.5000000000000004 49.500000000000007 11.500000000000002 -1.1090110249868419 71.425000000000026 84.550000000000011 2953.7500000000005 7.948317222494353 0.2137055007214749 -5.5839598967784925 42.500000000000007 14.550000000000002 392.50000000000006 14.752338438136091 91.500000000000014 95.500000000000014 15.647594493918083 108.07500000000002 34.95000000000001 22.850000000000005 0.15000000000000005 83.64895833333334 10.599192784328876 489.25000000000006 477.50000000000006 26.650000000000002 0.94828754594723541 200.62500000000003 978.35000000000002 12.850000000000003 1.0000000180025095e-35 14.350000000000003 10.350000000000003 57.050000000000004 26.750000000000004 4.5000000000000009 237.27769841269844
decision_type=2 2 2 2 8 2 2 8 8 2 8 2 10 2 2 2 2 2 2 2 2 2 2 2 8 2 2 2 2 2 10 8 2 2 2 2 2 2 2 2 2 2 2 8 8 10 2 10 2 10 2 2 2 2 2 2 2 2 2 8 2 2 10
left_child=2 4 45 25 47 22 8 23 -7 13 32 24 44 -6 -15 18 30 -18 21 20 60 -10 -5 34 42 59 38 28 37 -30 40 -12 -11 -21 -3 36 -36 -25 -27 -40 50 -26 -9 -41 -13 -1 -47 -2 -49 -44 -16 52 -23 54 -54 -33 -57 -58 -59 -4 -20 62 -31
right_child=1 7 3 5 9 6 -8 11 15 10 31 12 -14 14 16 -17 17 -19 19 33 -22 51 -24 27 41 26 -28 -29 29 61 -32 55 -34 -35 35 -37 -38 -39 39 43 -42 -43 49 -45 -46 46 -48 48 -50 -51 -52 -53 53 -55 -56 56 57 58 -60 -61 -62 -63 -64
leaf_value=0.42944842468050937 -0.25938417716610496 0.055506843757724467 0.39678177271236581 0.27447995380277229 0.47983207179405762 0.15983906621648658 0.32972355096597955 -1.6868489355592513 0.22111411749735127 -0.25937205747419467 -2.6625585777341487 -12.966390617576616 -1.5662823677951163 0.25489848082978445 0.050742147910136551 -0.11856726200234019 -0.25424800026895905 -0.45974516763222334 -0.51964140472564313 -0.099471593589873133 0.035485323375884482 -0.064490137219305826 0.0077153426432464787 -0.46281385620783899 -0.65063776176924737 0.35793879394175881 0.23651310153601185 -0.40410526407005931 -3.0246707180162709 -1.0031641169804724 0.1399676413534901 0.18981967447199014 -0.53230641300250681 0.19096095801651614 0.36263219537453939 -0.2186185153045134 -1.4773978564903356 -1.1352451580606004 -0.037474646310824158 0.013806052393764463 -0.239906050542184 -3.0360891126307221 -3.1314535516283399 -0.5922581620872267 -7.1729023606348141 0.32223074572269694 0.0049609156810686457 -0.62839594808995836 -1.8273066625656 -15.077408099263909 -0.10038445925290052 0.02961280743349164 -0.71994074781931638 -0.12640483329428912 0.37499023939038456 0.31707681649364439 0.50477963897414646 -1.550793813791151 -0.16626401748588532 0.24440672677104924 -0.21795710726637521 0.90543566435146605 -2.6398270713226655
leaf_weight=49656 7612 19811 49003 47136 16404 22851 14557 3060 14003 11228 210 77 963 23742 24203 6661 2547 106 135 11235 106 2397 6872 3093 18593 2189 11723 9118 135 278 23487 22833 3423 2699 371 3061 745 545 4889 239 2867 565 132 373 937 24536 3324 821 360 38 12163 14893 188 660 41 4733 3450 59 20425 26990 30 187 313
leaf_count=49656 7612 19811 49003 47136 16404 22851 14557 3060 14003 11228 210 77 963 23742 24203 6661 2547 106 135 11235 106 2397 6872 3093 18593 2189 11723 9118 135 278 23487 22833 3423 2699 371 3061 745 545 4889 239 2867 565 132 373 937 24536 3324 821 360 38 12163 14893 188 660 41 4733 3450 59 20425 26990 30 187 313
internal_value=0.00112904 -0.000316343 0.00223428 0.00180118 0.000212899 0.00128454 0.00073826 -0.00185805 0.000354353 0.000360135 -0.000378159 -0.00313872 -0.00782246 0.000824449 0.000540594 -0.000226399 5.91225e-05 -0.00366943 0.000121478 -0.0012302 -0.0165867 0.000718103 0.00219949 -0.00102942 -0.00272512 0.00258349 0.00141477 -0.0023268 -0.00449242 -0.0101698 0.000216837 0.000159544 -0.00227595 -0.000931534 -0.000290145 -0.00261312 -0.00723118 -0.00306762 -0.000227568 -0.00140793 -0.000328422 -0.00222153 -0.00571207 -0.0078268 -0.0127022 0.00357449 0.00283202 -0.00266519 -0.00685436 -0.0176471 -9.81684e-05 -0.000217559 -0.00263847 -0.00709224 -0.0179258 0.000207767 -0.000394705 -0.00080137 -0.00122925 0.00288204 -0.0280303 -0.00746787 -0.0104822
internal_weight=560081 242695 317386 239870 180673 144464 90456 62022 75899 171880 66361 24365 1977 105519 89115 53048 65373 2653 46387 14205 271 32182 54008 37657 22388 95406 19413 13669 4551 913 62720 51710 14651 13934 23988 4177 1116 3638 7690 5501 39233 19158 3230 612 1014 77516 27860 8793 1181 170 36366 18179 3286 889 229 51500 28667 23934 20484 75993 165 778 591
internal_count=560081 242695 317386 239870 180673 144464 90456 62022 75899 171880 66361 24365 1977 105519 89115 53048 65373 2653 46387 14205 271 32182 54008 37657 22388 95406 19413 13669 4551 913 62720 51710 14651 13934 23988 4177 1116 3638 7690 5501 39233 19158 3230 612 1014 77516 27860 8793 1181 170 36366 18179 3286 889 229 51500 28667 23934 20484 75993 165 778 591
is_linear=0
shrinkage=0.05


Tree=40
num_leaves=64
num_cat=0
split_feature=0 0 0 37 0 1 1 25 23 22 39 16 41 38 43 44 14 27 41 27 27 0 38 33 34 43 21 26 4 18 3 29 39 5 23 38 41 27 43 23 14 5 7 16 43 38 4 9 13 10 16 17 33 40 38 35 43 14 23 13 15 37 14
split_gain=331.29 80.5341 62.8566 37.9785 32.9951 36.0685 29.8645 23.4051 21.3335 29.7272 21.1164 17.1105 16.8975 21.8323 16.0633 16.0217 14.9648 14.9725 14.0703 13.5704 13.5517 13.2938 14.4412 12.2573 11.9316 11.6482 11.3264 14.4353 12.1161 10.9171 10.8675 15.5765 10.8119 10.4407 10.4363 10.0358 18.9984 18.5095 16.2937 14.6029 11.5273 10.2555 11.0707 9.87888 10.1434 11.359 9.81037 9.80491 9.7561 9.66948 9.65142 9.58634 11.0473 9.57558 9.4867 13.1969 10.931 9.37029 13.2689 13.0906 13.7462 9.35084 9.20548
threshold=49.050000000000004 104.07500000000002 18.550000000000004 82.500000000000014 301.25000000000006 86.02500000000002 38.975000000000009 974.45000000000016 18.650000000000002 53.500000000000007 1.0000000180025095e-35 6.4649027362863727 3295.7500000000005 30.750000000000004 55.625000000000007 5998.7500000000009 8.5000000000000018 95.550000000000011 2020.5000000000002 361.75000000000006 29.950000000000003 685.00000000000011 28.550000000000004 10.750000000000002 -0.62249093318774784 -76.874999999999986 76.250000000000014 8580.2500000000018 40.550000000000004 2.8500000000000001 40.050000000000004 27.531399946910224 1.0000000180025095e-35 14.050000000000002 28.350000000000005 37.350000000000001 6991.7500000000009 63.550000000000004 937.50000000000011 41.850000000000001 5.5000000000000009 26.725000000000005 144.95851449275366 -11.375220308100591 387.50000000000006 25.250000000000004 152.25000000000003 81.550000000000011 1.5000000000000002 37.725000000000009 -8.7761635298392751 -20.963925122287204 16.150000000000002 986.95000000000016 26.050000000000004 0.4539904997395468 256.25000000000006 11.500000000000002 25.150000000000002 1.5000000000000002 1.0000000180025095e-35 92.500000000000014 4.5000000000000009
decision_type=2 2 2 2 2 8 8 2 2 2 2 2 2 2 2 2 2 10 2 10 10 2 2 2 2 2 2 2 10 2 8 2 2 8 2 2 2 10 2 2 2 8 10 2 2 2 10 8 2 10 2 2 2 2 2 2 2 2 2 2 2 2 2
left_child=2 6 -1 7 5 18 -2 29 -8 35 25 24 -9 15 34 -14 17 26 -3 -20 -17 32 -23 48 30 -5 46 61 -29 -4 31 -7 -6 -13 -12 36 38 -38 41 51 -41 42 -10 44 -25 -46 -11 -26 -16 -49 -22 52 -39 -35 55 -53 -57 -32 59 60 -59 -28 -56
right_child=1 4 3 10 21 11 8 12 9 16 14 33 13 -15 23 20 -18 -19 19 -21 50 22 -24 43 47 -27 27 28 -30 -31 57 -33 -34 53 -36 -37 37 39 -40 40 -42 -43 -44 -45 45 -47 -48 49 -50 -51 -52 54 -54 -55 62 56 -58 58 -60 -61 -62 -63 -64
leaf_value=0.38007080748099809 -0.20795525805762596 -0.52871560665136264 -0.14776132856522889 0.29910897925813068 -1.2277564783531063 -0.44015221834469964 0.49773680669034343 0.47109821265673973 -0.15954905079914466 -0.18171510756010725 0.17199222595722841 -1.7890627992859411 0.1747230304737416 0.27774961679071847 -0.38362531686565315 0.11223058551448495 0.24799162329062591 -0.38239985542243793 -1.0136781817589808 -8.7230058353066138 -0.35284982985954028 -4.2244991732354888 -11.202768599798745 -0.14373858380113838 -15.204008115446744 0.076655021270538887 0.053834009895629364 -0.34933046438293602 -0.019691284051339911 0.11383099344034842 -0.24588351706780653 -1.8564786434890257 -6.5185382658488722 -0.14889349613523686 -0.052003562687226813 0.32540712640342162 0.091551654405810423 -0.91289848167051135 -0.53565798020160083 -0.49058002643270265 0.11459636279265856 0.29605191427982236 -1.0595422241517143 -0.0080750803044495004 -0.38445835020882679 0.11554010713399199 -1.0912948719898381 0.10892548724465133 -0.020734425180761878 -0.27139701523987408 -0.097404232138324026 -0.0082630862099585152 0.063803184155947643 0.30140442764779729 0.13865768193346198 -0.99321732409349117 -0.2780669941091729 -2.7369161102260984 -2.4412247832855805 -0.56387085065226072 0.29102331059464626 -0.19016474348547133 -0.16423151151665641
leaf_weight=64946 13499 4938 1636 13935 13508 819 17443 40259 1246 6742 6276 135 26482 56539 493 4780 8995 4407 4737 53 858 1109 156 1929 110 26963 26547 1959 2463 32626 12778 323 211 12642 6651 11644 21221 67 104 79 40 34318 110 3836 146 72 254 12569 231 18746 3830 844 61 19456 3613 507 490 383 167 2309 183 2679 2929
leaf_count=64946 13499 4938 1636 13935 13508 819 17443 40259 1246 6742 6276 135 26482 56539 493 4780 8995 4407 4737 53 858 1109 156 1929 110 26963 26547 1959 2463 32626 12778 323 211 12642 6651 11644 21221 67 104 79 40 34318 110 3836 146 72 254 12569 231 18746 3830 844 61 19456 3613 507 490 383 167 2309 183 2679 2929
internal_value=0.0011053 -0.000166054 0.00226844 0.00187684 -0.00124264 -0.000882255 0.000532815 0.00226573 0.000737151 0.000518927 0.000803873 -0.000535227 0.00256644 0.00219426 -0.000543954 0.00123088 -0.000380602 -0.000752369 -0.00375822 -0.00568893 -0.000534432 -0.00341564 -0.00832016 -0.00252945 -0.00112975 0.00145093 -0.000452219 -7.16237e-05 -0.00273406 0.00110064 -0.00219844 -0.00690893 -0.00296341 0.000357243 0.000486192 0.00114807 0.000908059 -2.32821e-05 0.00168511 -0.00197567 -0.0193697 0.00174273 -0.00252212 -0.00178589 -0.00450163 -0.0147248 -0.00228273 -0.000552904 -0.00867403 -0.000500559 -0.00244454 -0.00173246 -0.0153125 0.000415602 -0.00152511 -0.00469582 -0.00859077 -0.00185841 -0.0043524 -0.00355652 -0.010371 0.000331212 -0.000632834
internal_weight=560081 267593 292488 227542 105332 90348 162261 167010 148762 131319 60532 80620 132748 92489 19634 35950 54046 45051 9728 4790 9468 14984 1265 6707 48387 40898 40644 33648 4422 34262 16962 1142 13719 32233 12927 77273 65629 29851 35778 8630 119 35674 1356 5983 2147 218 6996 31425 724 31315 4688 8511 128 32098 8383 1841 997 15820 3042 2875 566 29226 6542
internal_count=560081 267593 292488 227542 105332 90348 162261 167010 148762 131319 60532 80620 132748 92489 19634 35950 54046 45051 9728 4790 9468 14984 1265 6707 48387 40898 40644 33648 4422 34262 16962 1142 13719 32233 12927 77273 65629 29851 35778 8630 119 35674 1356 5983 2147 218 6996 31425 724 31315 4688 8511 128 32098 8383 1841 997 15820 3042 2875 566 29226 6542
is_linear=0
shrinkage=0.05


Tree=41
num_leaves=64
num_cat=0
split_feature=0 0 0 39 0 1 1 8 38 42 23 22 14 13 13 41 41 23 11 44 14 43 18 36 28 0 0 38 12 23 3 35 1 28 38 23 32 13 8 8 27 13 32 3 10 24 28 8 31 23 12 43 29 31 27 32 43 36 0 27 3 34 27
split_gain=309.893 82.6307 53.9298 34.3329 32.8181 36.3257 29.9892 23.1769 20.64 19.5531 17.9325 20.6566 19.7141 22.4617 17.0104 18.0464 15.6238 15.3385 14.0803 16.5359 13.9821 13.6997 13.0721 13.0189 12.7516 12.4015 12.3477 14.4399 11.4917 11.1168 10.5706 15.5591 10.5048 10.1969 9.70176 19.1883 40.0787 17.3541 11.0642 9.24505 9.169 8.9414 8.90366 8.90235 8.69128 8.65902 8.64644 8.39681 8.26 9.4729 9.91077 8.40446 8.07941 8.02702 7.57661 7.54633 7.50388 7.5024 7.46187 7.45735 7.42866 7.41117 7.27718
threshold=45.025000000000006 92.050000000000011 17.550000000000004 1.0000000180025095e-35 273.25000000000006 86.02500000000002 41.050000000000004 8.9000000000000057 29.750000000000004 7.0500000000000007 21.050000000000004 49.500000000000007 3.5000000000000004 4.5000000000000009 2.5000000000000004 9376.2500000000018 3295.7500000000005 22.350000000000005 -0.60355339059327362 -288.99999999999989 5.5000000000000009 262.50000000000006 12.950000000000001 292.50000000000006 1.0000000180025095e-35 138.25000000000003 685.00000000000011 28.350000000000005 -0.3794095225512602 15.550000000000002 29.550000000000004 -0.35019404643548441 186.25000000000003 14.935000000000002 37.350000000000001 38.250000000000007 7.8289282705126935 1.5000000000000002 16.505000000000006 25.699999999999999 361.75000000000006 4.5000000000000009 15.647594493918083 58.025000000000006 81.825000000000017 1.0000000180025095e-35 0.30000000000000004 -68.649999999999977 -9.3797660578803566 27.050000000000004 0.78656609248549303 452.50000000000006 106.14863914362245 27.785991302453983 26.350000000000005 -21.179185422313669 -717.49999999999989 537.50000000000011 203.25000000000003 36.050000000000004 9.0050000000000008 -0.72534675097891066 23.050000000000004
decision_type=2 2 2 2 2 8 10 10 2 2 2 2 2 2 2 2 2 2 2 2 2 2 2 2 2 2 2 2 2 2 10 2 8 2 2 2 2 2 8 10 10 2 2 8 10 2 2 10 2 2 2 2 2 2 8 2 2 2 2 10 8 2 10
left_child=2 6 62 7 5 16 17 9 22 24 21 34 13 14 -13 -16 -3 -2 61 45 25 -8 48 -24 59 -21 32 43 -27 -30 31 -14 -6 52 35 41 -37 38 -38 -19 55 42 56 -28 -11 -20 54 -44 51 -50 57 -5 -33 -48 -9 -18 -12 -51 -31 -4 -52 -7 -1
right_child=1 4 3 8 26 18 10 46 -10 44 11 12 30 -15 15 -17 40 39 19 20 -22 -23 23 -25 -26 28 27 -29 29 58 -32 33 -34 -35 -36 36 37 -39 -40 -41 -42 -43 47 -45 -46 -47 53 -49 49 50 60 -53 -54 -55 -56 -57 -58 -59 -60 -61 -62 -63 -64
leaf_value=0.43606726710694821 0.32247405396983458 -0.34214435481867822 0.266367165641333 0.033488022989144106 -3.3154948252262053 -0.6615458337495328 0.56292053275576437 0.16676564267193827 0.18185617829228029 0.10172426266076605 -0.11023164087643288 -0.11431287530773809 0.11663891010760695 0.39077495207563584 -0.38719275248988894 -0.61416049505499704 -1.4210361826881637 -0.069617630064233008 0.2543896947384589 -0.028043054178956889 0.14009164432239388 -0.16893554333842528 0.25469086506115535 -0.057301833371004543 0.42161663138161737 -0.059759734152266465 -9.2156024558920659 -9.9322768596775219 -0.28548176714826073 -0.60151053081529615 0.07155875113022811 -0.17293073119127897 -0.93992088042730715 -0.47013779748059159 0.32363258162673014 0.012604020430666685 -0.68951077287292328 -0.06677190948546563 0.15101354384828089 -0.33124614492121901 -13.87390134251536 0.37892385245241744 -0.85753852903963912 -3.2820354224316981 -0.30856846082674511 -1.1002932575010138 0.29483304228498219 -0.089742065204106158 0.1253794434141611 -0.12034363389207475 -0.6495231474783546 -0.1822566117079519 -0.54684360637396334 -0.25538597704553595 -0.0018565085661975172 -0.67423684062860767 0.16311100224043709 -0.41879188817184654 -1.6185047784368849 0.15401952749933007 -0.32322287414587408 -0.19890154475632757 0.28765219462365377
leaf_weight=38842 4400 10329 61711 5646 1498 5126 19903 6607 13889 19524 3064 1582 5249 1165 1356 577 236 19563 26967 14487 16274 1731 5233 5474 38258 4583 62 169 3847 4637 37264 6728 15988 101 12274 2245 364 218 39 4991 25 12912 306 1034 731 364 6669 689 977 3849 33 683 189 226 17331 6084 29559 526 1254 24707 550 10807 18375
leaf_count=38842 4400 10329 61711 5646 1498 5126 19903 6607 13889 19524 3064 1582 5249 1165 1356 577 236 19563 26967 14487 16274 1731 5233 5474 38258 4583 62 169 3847 4637 37264 6728 15988 101 12274 2245 364 218 39 4991 25 12912 306 1034 731 364 6669 689 977 3849 33 683 189 226 17331 6084 29559 526 1254 24707 550 10807 18375
internal_value=0.00108235 -5.16812e-05 0.00230212 0.00193544 -0.00103009 -0.00068606 0.000675772 0.00222639 0.00054802 0.00249122 0.000983711 0.000737006 2.49951e-05 -0.00307692 -0.00507112 -0.0082178 -0.00282656 -0.000786765 -0.000282073 1.4017e-05 -0.000574287 0.00230517 -0.000371991 0.000904549 0.0027253 -0.00123611 -0.00295691 -0.00772727 -0.00227952 -0.00325118 0.000318084 -0.000955001 -0.0026118 -0.00249501 0.0013629 0.00105029 -0.00292045 -0.0141626 -0.0203102 -0.00127393 -0.00477935 0.00129486 0.00086531 -0.00562956 0.00105036 0.000984413 0.000981578 -0.00379397 -0.00148646 -0.00282645 -0.00371319 -0.000229894 -0.00226471 0.0025417 0.000532208 -0.00465981 0.00100742 -0.00289714 -0.00461636 0.00238885 -0.00983705 -0.00162775 0.00366473
internal_weight=560081 290240 269841 212624 123771 105020 166469 175764 36860 144931 137515 115881 54211 4680 3515 1933 16674 28954 88346 72413 45082 21634 22971 10707 124676 28808 18751 1265 14321 9738 49531 12267 17486 7018 61670 49396 2866 621 403 24554 6345 46530 33618 1096 20255 27331 30833 995 12264 5935 4958 6329 6917 6895 23938 6320 32623 4375 5891 86418 583 15933 57217
internal_count=560081 290240 269841 212624 123771 105020 166469 175764 36860 144931 137515 115881 54211 4680 3515 1933 16674 28954 88346 72413 45082 21634 22971 10707 124676 28808 18751 1265 14321 9738 49531 12267 17486 7018 61670 49396 2866 621 403 24554 6345 46530 33618 1096 20255 27331 30833 995 12264 5935 4958 6329 6917 6895 23938 6320 32623 4375 5891 86418 583 15933 57217
is_linear=0
shrinkage=0.05


Tree=42
num_leaves=64
num_cat=0
split_feature=0 0 0 37 43 22 37 1 0 25 25 0 44 39 9 44 38 11 13 27 35 14 14 35 32 29 28 26 7 11 14 11 6 38 23 44 12 35 11 44 27 32 29 20 38 36 32 34 29 38 8 12 38 30 17 1 11 40 22 11 14 37 14
split_gain=288.126 75.6062 52.2412 35.6514 28.2041 24.3587 31.3724 22.5449 21.4476 20.0344 18.4777 18.6807 18.2798 16.6232 16.5718 15.7101 16.628 15.2823 18.4397 15.5355 14.5281 13.9968 13.8064 13.6805 12.1924 11.7833 11.7671 11.483 11.2811 11.2292 10.8495 10.0946 12.7686 10.0665 26.9404 10.0536 10.0477 9.71863 10.4826 9.9849 9.42836 9.27394 9.15056 9.11068 8.87695 10.0854 24.2877 17.5289 12.9044 9.35432 8.61276 17.0183 8.60937 10.2085 13.29 11.1044 8.32867 8.21989 9.3353 8.20471 13.2217 15.2951 12.3476
threshold=45.025000000000006 150.25000000000003 17.550000000000004 82.500000000000014 6.2500000000000009 66.500000000000014 38.500000000000007 110.10000000000001 355.25000000000006 974.75000000000011 978.1500000000002 65.02500000000002 -1230.7500000000007 1.0000000180025095e-35 172.25000000000003 1900.2500000000002 24.650000000000002 -0.70710678118654735 3.5000000000000004 137.25000000000003 -0.59480013772226059 6.5000000000000009 8.5000000000000018 -0.37460659341591213 16.902507747713678 40.353199890235906 6.2500000000000009 8338.7500000000018 237.27769841269844 -0.9159756150367534 8.5000000000000018 -0.78656609248549292 544.07500000000016 26.650000000000002 18.350000000000005 6892.7500000000009 -0.60355339059327384 0.9482875459472353 0.37940952255126054 13419.250000000002 34.95000000000001 14.379737235786809 151.45539830804822 0.92384435400961407 25.150000000000002 652.50000000000011 6.0922551422701092 0.71322329076259938 74.250737092006446 29.650000000000002 -187.42499999999998 0.37940952255126048 33.550000000000004 10.500000000000002 9.1417006135210155 41.050000000000004 0.78656609248549325 980.45000000000016 35.500000000000007 -0.78656609248549292 11.500000000000002 51.500000000000007 8.5000000000000018
decision_type=2 2 2 2 2 2 2 8 2 2 2 2 2 2 10 2 2 2 2 10 2 2 2 2 2 2 2 2 10 2 2 2 8 2 2 2 2 2 2 2 8 2 2 2 2 2 2 2 2 2 10 2 2 2 2 10 2 2 2 2 2 2 2
left_child=2 4 -1 9 10 14 -7 41 35 40 21 -12 36 -14 -6 -11 -17 18 20 50 25 28 23 -8 -21 -16 -24 33 44 -13 -23 32 -10 34 42 59 -5 38 39 -15 -4 -3 -25 -26 -2 -46 49 -48 -49 -47 51 -19 53 -22 55 -55 -36 58 -53 60 -9 -62 -61
right_child=1 7 3 12 5 6 22 8 31 15 11 29 13 37 17 16 -18 19 -20 24 52 30 26 27 43 -27 -28 -29 -30 -31 -32 -33 -34 -35 56 -37 -38 -39 -40 -41 -42 -43 -44 -45 45 46 47 48 -50 -51 -52 57 -54 54 -56 -57 -58 -59 -60 62 61 -63 -64
leaf_value=0.36426390375160084 -0.35729840890298825 -1.332254784925432 0.17285425563669454 -0.065189398298033413 0.15299718666201131 -0.47314087514684688 0.00068097157476220598 -0.29921112449929166 -2.5050594619535147 0.3290782124735156 0.33944112479651917 -0.26664489603429009 0.076601419596956918 -0.10810531608610015 -0.043921787216225028 -0.10503023932945749 0.19997789268943872 0.17884431816957294 0.10124379896089297 -0.31043667157462795 -0.17148377045941851 -0.22241972128160203 0.2279817299415523 -0.051473610939161321 -1.1476643483734699 -1.0224021168638779 -1.6332452572774856 -0.34687362480698275 -1.2580331871418948 0.17248477494725564 0.55444493602216061 -1.5800141678474009 -7.7776136874218569 -0.062098648404641514 -0.33397506930420373 -0.73995874865457489 0.2435793811983169 -0.26950743730053811 0.0062207879526223996 -0.27724212935150622 0.025560047293314334 -5.0178852052667864 -1.5747359305231761 -6.555954296935929 0.21465594240476948 -0.71554466573761166 0.015784577135679791 -0.34900523672967815 -0.58928021178513135 0.087850578649285124 0.10916820417963501 -0.35974282484475384 -0.0061668004207085956 -1.2293146290787653 -0.88817737125573726 -0.32702250803812999 -0.6453013470911505 0.15422821302719184 -0.82969417929604816 -0.3811414764927864 -2.9892349607116011 -1.4368809164572451 0.11545269763778397
leaf_weight=57217 1120 4355 18665 1613 34910 1130 10477 3582 841 73524 30337 5097 25093 4728 173 3392 42352 1415 3655 2869 1622 6865 6961 5171 97 395 176 978 35 49784 1155 8662 186 8074 2461 3120 20019 186 6369 500 16183 248 33 59 14498 144 547 485 344 6560 23456 322 1794 568 74 1489 2145 265 478 18216 249 1043 21520
leaf_count=57217 1120 4355 18665 1613 34910 1130 10477 3582 841 73524 30337 5097 25093 4728 173 3392 42352 1415 3655 2869 1622 6865 6961 5171 97 395 176 978 35 49784 1155 8662 186 8074 2461 3120 20019 186 6369 500 16183 248 33 59 14498 144 547 485 344 6560 23456 322 1794 568 74 1489 2145 265 478 18216 249 1043 21520
internal_value=0.00105834 -3.51431e-05 0.00223448 0.00187359 0.000385553 -0.000184409 -0.00121975 -0.00158315 -0.00131324 0.00227251 0.000927623 0.00131123 0.000822794 0.000145895 0.000344306 0.00258066 0.00185314 -0.000367793 -0.00207779 0.000209074 -0.00375715 -0.00010188 -0.000965566 -0.00144535 -0.00318182 -0.0113732 0.00100673 -0.00225003 0.000508364 0.000760828 -0.00190773 -0.00345804 -0.00814508 -0.00196153 -0.00303772 -0.000877854 0.0019767 -0.00140329 -0.00122144 -0.00288064 0.00121786 -0.00495003 -0.000572636 -0.0167949 0.000550258 0.00076579 -0.000649752 -0.00670058 -0.0112847 0.000592184 0.000604565 -0.00219758 -0.00297728 -0.0043392 -0.00661427 -0.00586534 -0.00582284 -0.00697183 -0.0095 -0.000685945 -0.00262208 -0.0069582 -0.00044846
internal_weight=560081 290240 269841 212624 228218 111247 37606 62022 57419 154116 116971 85218 58508 36876 73641 119268 45744 38731 9770 28961 6115 31753 36476 29339 3025 568 7137 18862 23733 54881 8020 9689 1027 17884 9810 47730 21632 11783 11597 5228 34848 4603 5204 156 23698 22578 8080 1376 829 6704 25936 2480 5547 3753 2131 2057 4606 1065 800 44610 4874 1292 39736
internal_count=560081 290240 269841 212624 228218 111247 37606 62022 57419 154116 116971 85218 58508 36876 73641 119268 45744 38731 9770 28961 6115 31753 36476 29339 3025 568 7137 18862 23733 54881 8020 9689 1027 17884 9810 47730 21632 11783 11597 5228 34848 4603 5204 156 23698 22578 8080 1376 829 6704 25936 2480 5547 3753 2131 2057 4606 1065 800 44610 4874 1292 39736
is_linear=0
shrinkage=0.05


Tree=43
num_leaves=64
num_cat=0
split_feature=8 27 42 8 7 4 37 9 37 25 16 9 44 43 21 34 30 16 7 43 38 36 9 28 30 13 32 13 32 12 27 26 25 35 31 16 6 28 27 23 4 7 18 31 14 30 14 13 43 16 34 6 7 40 16 38 39 39 16 28 1 38 7
split_gain=174.044 108.839 50.2902 37.7838 28.9858 27.0223 15.9427 15.2473 15.4705 14.9319 14.8127 14.7684 14.4305 14.0477 21.3026 13.8272 12.7736 20.2823 12.674 12.0999 11.9304 11.9066 11.375 11.3575 12.1137 11.1551 12.5453 11.1342 15.7041 11.0207 10.96 10.7708 10.7555 10.6386 15.8841 9.90923 9.7865 10.9308 11.4708 9.40993 9.30047 8.5356 8.52981 8.46362 12.5551 16.8605 8.34878 13.4989 8.9444 14.5814 15.3485 12.0697 8.26722 8.26544 8.26481 8.25641 8.20029 7.83663 7.51986 7.44141 7.79887 7.42813 9.89253
threshold=15.500000000000004 35.95000000000001 0.30000000000000054 46.705000000000005 127.75208333333335 78.02500000000002 53.500000000000007 38.850000000000001 81.500000000000014 978.35000000000002 13.353071890293668 86.050000000000011 11945.500000000002 172.50000000000003 327.50000000000006 0.34202014332566882 9.5000000000000018 15.917521393056802 268.7383152173914 -1007.4999999999999 31.750000000000004 452.50000000000006 37.95000000000001 0.78500000000000014 69.500000000000014 1.5000000000000002 7.045601212128787 2.5000000000000004 13.669007504870015 0.60355339059327384 24.350000000000005 9899.0000000000018 971.45000000000016 0.53727914962411594 -10.088806599718202 15.54139843172827 18.65000000000002 1.0000000180025095e-35 67.15000000000002 22.550000000000004 89.050000000000011 68.904464285714297 6.5500000000000007 11.872673346189966 2.5000000000000004 1.0000000180025095e-35 8.5000000000000018 5.5000000000000009 -5.6249999999999991 -19.353954308649708 0.9681107762825325 55.041666666666671 86.264583333333348 980.05000000000007 6.9582522288783384 25.950000000000003 0.25000000000000006 1.0500000000000003 6.1169008715096664 2.3650000000000007 140.25000000000003 26.650000000000002 98.19687500000002
decision_type=10 8 2 10 8 8 2 10 2 2 2 8 2 2 2 2 2 2 8 2 2 2 10 2 2 2 2 2 2 2 8 2 2 2 2 2 8 2 10 2 10 10 2 2 2 2 2 2 2 2 2 10 8 2 2 2 2 2 2 2 10 2 8
left_child=1 7 4 6 10 9 18 -1 32 22 29 41 -10 15 33 56 58 -18 43 25 21 -11 -4 24 -13 26 -12 28 -26 36 -8 53 -9 54 39 46 -3 38 -38 -35 -25 -5 -24 -2 45 -45 47 48 -32 50 -50 -52 59 -19 -15 -14 -7 -39 -6 -42 -61 -51 -63
right_child=3 2 5 11 16 13 30 8 12 20 19 23 55 14 -16 -17 17 31 -20 -21 -22 -23 42 40 27 -27 -28 -29 -30 -31 35 -33 -34 34 -36 -37 37 57 -40 -41 52 -43 -44 44 -46 -47 -48 -49 49 61 51 -53 -54 -55 -56 -57 -58 -59 -60 60 -62 62 -64
leaf_value=0.36354955520342247 0.1990585779785142 0.29188627706389342 0.18479338883966842 -1.4092680881928463 -0.11872488717122974 -0.11762464189972976 0.14369353572922913 0.051504058959928239 0.13136072902083701 0.18103997808979486 -0.13628163096487123 -0.47422332230120223 -0.24922522472444708 -0.28231256537879551 0.15466811598678165 0.15995297207695697 -0.22093009448484935 -1.2564472489715133 -1.4567760176197835 0.4165616985506107 0.27667346283720962 -0.026464543009859107 -0.11762679312013745 0.12336064432486538 -0.67952415064094895 0.21299947725866197 -0.56528323717724005 -0.59901626111213269 -7.2761845417612507 0.32558538118681346 -0.065128220837811668 0.0244428959019161 0.2866694739291315 -1.3067060559709343 -0.43109859825544738 0.47267104282706002 0.081993113659149158 0.3202739969654444 -0.17960904291690696 -0.38192637700279586 0.16372929687187879 -13.878429404274238 0.017136858791307146 -0.14701790927288941 0.018378555397442958 -0.43456425707762492 0.095898160146385442 0.099978112673287309 -0.31539576460593222 -0.30737276983621148 -0.60431152970727231 -0.14056372680384119 -0.52071161319375114 1.7462575143448822 0.24640721878302838 -0.090602282343851148 -1.1481725324819896 -0.30436789638150752 0.32722889695308399 -1.523555135542582 -0.0025753127522504483 -0.097461019135357582 -1.8992416567903154
leaf_weight=37254 25813 5993 5546 641 12104 28281 5922 6127 32560 18161 366 28336 264 7090 4738 17240 1384 219 537 30024 11520 10644 7646 7192 165 968 131 510 148 27102 13302 85 79655 386 2855 2349 28508 16440 5289 136 122 342 19228 519 8898 284 7623 5213 266 6383 108 56 1988 32 1458 778 311 173 12911 171 65 9407 114
leaf_count=37254 25813 5993 5546 641 12104 28281 5922 6127 32560 18161 366 28336 264 7090 4738 17240 1384 219 537 30024 11520 10644 7646 7192 165 968 131 510 148 27102 13302 85 79655 386 2855 2349 28508 16440 5289 136 122 342 19228 519 8898 284 7623 5213 266 6383 108 56 1988 32 1458 778 311 173 12911 171 65 9407 114
internal_value=0.00104272 0.00151874 0.00092301 -0.000589291 0.00158115 0.000233289 -4.95407e-06 0.00257211 0.00229654 0.000888377 0.00192593 -0.00186744 0.00138712 -0.000529242 -0.00177249 -7.72384e-05 9.81861e-05 -0.00406977 0.000799007 0.00285004 0.00153069 0.000986808 8.94511e-05 -0.0017137 -0.00220361 -0.00158703 -0.00767606 -0.00818347 -0.015607 0.00157745 -0.000576138 -0.0150893 0.00265277 -0.00289937 -0.00527539 -0.000843243 0.00117928 0.000952192 0.000435986 -0.013295 -0.000215978 -0.00791963 -0.000336012 0.000914287 -0.00034481 -0.0063325 -0.00101808 -0.00134595 -0.00175867 -0.00254255 -0.0116279 -0.0236585 -0.0029497 -0.0202988 -0.00196069 -0.00440499 -0.000751609 0.00200235 0.000384769 -0.00994413 -0.0151271 -0.00229691 -0.00141214
internal_weight=560081 433607 276969 126474 141729 135240 86794 156638 119384 72745 114994 39680 33602 62495 16663 45832 26735 1720 36051 31489 40325 28805 32420 38697 29159 1465 497 823 313 83505 50743 336 85782 11925 3377 44821 56403 50410 33797 522 9538 983 26874 35514 9701 803 42472 34849 29636 16334 430 164 2346 251 8548 1042 28592 16613 25015 358 236 15904 9521
internal_count=560081 433607 276969 126474 141729 135240 86794 156638 119384 72745 114994 39680 33602 62495 16663 45832 26735 1720 36051 31489 40325 28805 32420 38697 29159 1465 497 823 313 83505 50743 336 85782 11925 3377 44821 56403 50410 33797 522 9538 983 26874 35514 9701 803 42472 34849 29636 16334 430 164 2346 251 8548 1042 28592 16613 25015 358 236 15904 9521
is_linear=0
shrinkage=0.05


Tree=44
num_leaves=64
num_cat=0
split_feature=0 0 0 37 43 18 14 38 40 32 17 11 27 14 13 29 8 23 37 36 0 13 32 14 13 2 27 36 38 23 42 31 37 11 2 5 13 23 29 36 37 7 37 19 3 36 27 17 43 44 0 36 38 16 21 13 13 32 20 27 39 0 5
split_gain=253.612 67.2506 52.268 32.9659 26.038 25.7666 18.9269 23.4012 17.9802 21.0659 19.4802 17.0436 16.7796 16.2642 25.8365 22.1087 15.8176 13.8632 24.8208 14.6161 13.7296 13.6842 13.3152 13.1799 12.8849 12.672 12.5016 12.4915 18.692 18.5386 12.136 11.4151 11.2696 11.1904 10.64 10.6147 15.3779 17.2788 18.4561 14.8248 10.4345 10.0632 9.86943 11.6802 12.3404 12.3442 9.8057 11.0703 9.9392 9.69566 9.61751 9.23697 11.9578 18.6629 14.2472 13.2977 10.3796 13.8583 10.2008 9.07064 11.076 8.96997 12.4311
threshold=45.025000000000006 183.75000000000003 18.550000000000004 65.500000000000014 6.2500000000000009 12.15 8.5000000000000018 37.150000000000013 988.85000000000002 -11.461837766138336 -22.742606252990246 -0.60355339059327362 29.050000000000004 4.5000000000000009 4.5000000000000009 96.540323110141898 96.825000000000003 24.350000000000005 47.500000000000007 942.50000000000011 72.02500000000002 1.5000000000000002 8.9128978096213256 8.5000000000000018 4.5000000000000009 62.625000000000007 109.25000000000001 300.62500000000006 26.350000000000005 27.850000000000005 8.4500000000000046 5.9753609712203284 50.500000000000007 -0.78656609248549292 100.07500000000002 49.025000000000006 3.5000000000000004 27.250000000000004 1.7594481300151497 557.50000000000011 68.500000000000014 38.725543478260882 64.500000000000014 0.81408451933196979 38.975000000000009 432.50000000000006 57.050000000000004 11.761073717991875 205.62500000000003 402.25000000000006 120.25000000000001 507.50000000000006 31.050000000000004 -19.353954308649708 472.50000000000006 4.5000000000000009 3.5000000000000004 -5.1431388589576912 0.43049470426488862 26.050000000000004 1.0000000180025095e-35 685.00000000000011 182.25000000000003
decision_type=2 2 2 2 2 2 2 2 2 2 2 2 8 2 2 2 8 2 2 2 2 2 2 2 2 8 10 2 2 2 2 2 2 2 8 8 2 2 2 2 2 10 2 2 8 2 8 2 2 2 2 2 2 2 2 2 2 2 2 10 2 2 10
left_child=2 4 59 30 11 12 7 8 9 42 -11 -2 -5 14 21 35 31 20 -19 26 -13 32 24 34 -17 -18 40 -7 29 -29 51 -3 -12 -33 -14 46 39 38 -38 -37 -20 -40 43 -6 -45 -46 -15 -48 -49 -24 -42 -4 53 54 -53 56 -55 58 -58 -1 -61 -27 -63
right_child=1 16 3 5 6 27 -8 -9 -10 10 13 17 23 15 -16 22 25 18 19 -21 -22 -23 49 -25 -26 61 -28 28 -30 -31 -32 33 -34 -35 -36 36 37 -39 41 -41 50 -43 -44 44 45 -47 47 48 -50 -51 -52 52 -54 55 -56 -57 57 -59 -60 60 -62 62 -64
leaf_value=0.3547714395046801 -0.0166522282966142 -0.053295140109505493 0.45100918245441496 0.11693389303791862 -0.17709355512884672 0.24728589747459245 0.20328887499234327 0.29116191274557118 0.14962869390237751 -1.0252220768030893 0.36510222383384333 0.70515277998499082 -0.041528771543322754 -0.076191637152230041 0.59726204154411811 0.19189326004300145 -4.1662036453103122 0.27601439596367605 0.20593608035456562 -0.35458210063263212 0.30010287345870273 -0.20046190861971169 -1.2235024729155191 0.25370371949444231 -0.47021165354914329 -0.8803380291115479 -0.58705147387727574 -0.024346907348122216 0.12488942743372389 -0.28127399680999127 0.063457708570316448 -1.8841993938714314 -0.20863917842747615 -0.4667515970693103 -0.27743313602507452 0.32463917830790523 -0.088155247574485396 -0.057677158078290339 -0.57673200970327343 -0.15226019119844458 -0.035131633001175951 -0.73771280743962431 -0.68962484561799842 -0.91586944257781733 -0.057784721062190784 -0.66872218324611543 -0.23786088132145178 -0.34029830367570402 -0.82833564387075398 -0.97561896215732491 -1.4375279813063735 -0.462602728718426 0.22399229330798187 0.069146437075984335 0.13020679212702954 0.52217704969139545 -0.39444280252893704 0.071831676936407268 -0.014974831714522928 0.2795143630718725 -0.014207895195394027 -8.6559731710523966 -2.3663923488371146
leaf_weight=47537 33973 15606 29495 18967 7318 35696 20651 8321 13382 117 5077 12034 24826 9473 7472 852 1039 24673 10554 1629 26622 12859 143 3712 1038 15636 1401 4052 20567 669 10631 1153 2106 9102 1333 7968 1007 6456 99 3014 14984 1025 2080 350 948 609 6614 382 180 732 564 170 45376 4760 116 2968 553 738 266 14095 3314 319 678
leaf_count=47537 33973 15606 29495 18967 7318 35696 20651 8321 13382 117 5077 12034 24826 9473 7472 852 1039 24673 10554 1629 26622 12859 143 3712 1038 15636 1401 4052 20567 669 10631 1153 2106 9102 1333 7968 1007 6456 99 3014 14984 1025 2080 350 948 609 6614 382 180 732 564 170 45376 4760 116 2968 553 738 266 14095 3314 319 678
internal_value=0.00101763 -8.26883e-06 0.00212108 0.0017293 0.000311442 0.00113921 -0.000215219 -0.000500793 -0.000732139 -0.00102292 -0.00068424 0.00081244 0.000283386 -0.000648375 0.000282402 -0.00130531 -0.00182011 0.00116433 0.000645386 -0.000342922 0.00188664 -0.000653128 -0.00561483 -0.000455124 -0.00325397 -0.00297306 -7.03558e-05 0.00182458 0.000974375 -0.00186295 0.00241094 -0.00103225 0.00109495 -0.00232813 -0.000850759 -0.00097631 -0.000186775 -0.00177186 -0.00567574 0.00105263 0.000176615 -0.0100801 -0.00301858 -0.00231707 -0.00580231 -0.00389531 -0.00190432 -0.00329849 -0.0100356 -0.0107143 -0.000647028 0.00261138 0.00222824 0.000622192 -0.011958 0.00100969 -0.00028732 -0.00383109 -0.00830891 0.0033571 0.00238067 -0.00263843 -0.00723671
internal_weight=560081 290240 269841 204895 246707 109822 120273 99622 91301 77919 66614 126434 48838 66497 27514 38983 43533 92461 53805 29132 38656 20042 2765 29871 1890 17672 27503 60984 25288 4721 95073 25861 7183 10255 26159 36218 19569 8587 2131 10982 26102 1124 11305 9225 1907 1557 16649 7176 562 875 15548 84442 54947 9571 286 9285 6317 1557 819 64946 17409 16633 997
internal_count=560081 290240 269841 204895 246707 109822 120273 99622 91301 77919 66614 126434 48838 66497 27514 38983 43533 92461 53805 29132 38656 20042 2765 29871 1890 17672 27503 60984 25288 4721 95073 25861 7183 10255 26159 36218 19569 8587 2131 10982 26102 1124 11305 9225 1907 1557 16649 7176 562 875 15548 84442 54947 9571 286 9285 6317 1557 819 64946 17409 16633 997
is_linear=0
shrinkage=0.05


Tree=45
num_leaves=64
num_cat=0
split_feature=0 0 0 25 1 36 38 27 0 39 14 0 43 25 3 14 14 32 31 5 1 13 27 20 38 43 37 11 31 37 22 29 23 3 27 7 14 14 22 16 19 23 28 45 38 19 2 13 15 3 4 33 1 38 26 7 16 5 38 30 7 41 32
split_gain=234.634 78.1069 41.1881 37.568 30.5732 27.1268 36.5839 21.4941 18.9838 18.9739 18.7024 16.4637 16.0762 19.3776 15.2672 15.2077 15.1744 19.7902 18.9705 15.0524 13.8951 12.3084 11.466 10.8917 11.4649 10.9374 10.8643 12.1045 12.9059 10.7219 13.6787 10.9073 10.5323 10.3923 10.1178 9.60353 9.59927 9.46113 9.37172 9.31719 9.29242 9.35883 11.3815 9.1185 9.10721 9.09807 9.02506 9.01213 11.1826 11.7048 11.8248 8.98137 8.43136 8.39745 8.34496 8.81866 9.20809 8.32526 8.12865 8.09918 7.87942 7.8242 7.72703
threshold=65.625000000000014 24.025000000000002 233.75000000000003 978.35000000000002 56.025000000000006 180.62500000000003 30.750000000000004 40.45000000000001 89.02500000000002 0.25000000000000006 9.5000000000000018 13.550000000000002 347.50000000000006 984.75000000000011 97.725000000000009 6.5000000000000009 4.5000000000000009 -6.6952677425675393 -7.5934072898712834 22.050000000000004 152.25000000000003 3.5000000000000004 27.950000000000003 -0.1564344650402309 24.150000000000002 -902.49999999999989 58.500000000000007 -0.60355339059327362 7.948317222494353 93.500000000000014 86.500000000000014 0.27137080328932112 25.950000000000003 60.050000000000004 68.65000000000002 67.871286231884071 10.500000000000002 5.5000000000000009 18.500000000000004 -13.78310352749196 -0.47714059151611382 14.050000000000002 0.90000000000000013 1.5000000000000002 37.050000000000004 -0.84804809615642596 38.525000000000006 4.5000000000000009 1.0000000180025095e-35 41.050000000000004 76.52500000000002 23.850000000000005 21.950000000000003 21.550000000000004 518.25000000000011 98.19687500000002 16.47418790532145 62.650000000000013 9.9500000000000011 16.500000000000004 104.94652777777779 3351.2500000000005 3.2356530206406506
decision_type=2 2 2 2 8 2 2 8 2 2 2 2 2 2 10 2 2 2 2 8 8 2 10 2 2 2 2 2 2 2 2 2 2 10 10 8 2 2 2 2 2 2 2 2 2 2 10 2 2 10 8 2 10 2 2 10 2 10 2 2 10 2 2
left_child=1 9 4 7 32 -5 12 15 -6 22 16 -11 23 14 39 -3 17 18 21 54 -4 -10 -1 24 35 33 27 28 -22 31 -31 -28 -2 -25 38 -7 -30 -24 -27 -14 -20 -42 58 -8 -21 -19 -18 60 49 50 -49 -13 -17 -38 -9 -56 -57 -16 -43 -36 -48 -26 -33
right_child=2 3 20 5 8 6 43 19 10 11 -12 51 13 -15 57 52 46 45 40 44 26 -23 37 25 61 34 29 -29 36 30 -32 62 -34 -35 59 -37 53 -39 -40 -41 41 42 -44 -45 -46 -47 47 48 -50 -51 -52 -53 -54 -55 55 56 -58 -59 -60 -61 -62 -63 -64
leaf_value=0.31679746244209034 -0.057214394908990912 0.26675654461377579 -3.2060602531904352 0.43293578813268063 0.10968627056038223 -0.28743264861016238 0.27293762560795615 -0.32681297769819001 -0.93359086532650426 0.26920746227004699 0.1779857346276611 0.0077216830358040021 -0.38907716029987977 0.058089957283532029 -0.41947679210496702 -0.075834839795803244 -1.1691691917834282 0.45867256685283025 0.011599543115067933 0.001924569339502618 -1.7111108192492379 1.2353108924846545 0.35282574608812928 -0.29060436899057102 0.33123788807637111 -0.39961412955696596 -0.22122330659575626 -0.78946220149163004 -0.71620925826474935 -4.3860991995031986 -1.1874262554958459 -2.9560469835595384 -0.43605655614420447 0.011945367894886517 0.05674488541815436 0.17935896978859278 -2.539343147475674 0.13267230069041744 0.22261398497005877 -0.12274189528369167 0.098033116669605874 -1.5093944590325523 0.042313837864351202 0.021719482485878534 0.18407086387395674 -0.016169359858670598 -0.0034796165163162845 -0.43279132655563091 0.80621530266525743 -0.42216677747409853 -1.2159138781504981 -0.22202195919226858 0.092362287920841446 -7.6435863415144869 -0.078161279658893468 -0.54142426800046473 -0.78045341338217566 -1.1569283059524464 -0.50286837047154909 -0.37115751299285366 -0.49631130825882164 -0.030246536837399637 0.57079737431119504
leaf_weight=69700 5941 21334 1768 44437 51845 1141 37501 902 1856 3967 31097 6910 377 3482 317 7351 1321 9199 9912 42148 1299 349 9442 395 2841 218 14619 6679 164 417 1157 245 10890 767 2237 533 250 19386 21196 2590 2549 83 2051 4541 6250 21228 6723 434 471 3547 486 697 35115 188 8399 84 41 153 5380 1025 1772 10566 118
leaf_count=69700 5941 21334 1768 44437 51845 1141 37501 902 1856 3967 31097 6910 377 3482 317 7351 1321 9199 9912 42148 1299 349 9442 395 2841 218 14619 6679 164 417 1157 245 10890 767 2237 533 250 19386 21196 2590 2549 83 2051 4541 6250 21228 6723 434 471 3547 486 697 35115 188 8399 84 41 153 5380 1025 1772 10566 118
internal_value=0.000995579 0.00174068 -0.000410023 0.00126164 -0.00011775 0.00183808 0.00133845 0.000625041 0.000108548 0.00285426 -0.000299214 0.000939174 0.000392784 -0.00183625 -0.00449956 0.00125784 -0.000767432 -0.000370008 -0.00150586 -7.31528e-05 -0.00222569 -0.00590703 0.00307923 0.000769692 -0.000298057 0.00139291 -0.00192433 -0.0033683 -0.00688848 -0.00117601 -0.00510165 -0.000763583 -0.00213861 -0.00334768 0.00161615 -0.00419952 -0.0129402 0.00224053 0.0020113 -0.00317324 -0.00102002 -0.00209033 -0.00297844 0.00241449 0.000282863 0.000457982 -0.00218449 -0.00179669 -0.00349534 -0.00426796 -0.00929348 -0.000422637 0.000710686 -0.0168037 -0.00190112 -0.00141717 -0.0146 -0.0128723 -0.00417079 -0.000977927 -0.000809299 0.000189081 -0.00932507
internal_weight=560081 366043 194038 255941 167134 134317 89880 121624 150303 110102 98458 11574 47838 6919 3437 63800 67361 52607 22180 57824 26904 2205 98528 40919 15081 25838 25136 8580 1901 16556 1574 14982 16831 1162 24676 1674 602 28828 21414 2967 19975 10063 7514 42042 48398 30427 14754 13433 4938 4467 920 7607 42466 438 9426 8524 125 470 5463 3262 8495 13407 363
internal_count=560081 366043 194038 255941 167134 134317 89880 121624 150303 110102 98458 11574 47838 6919 3437 63800 67361 52607 22180 57824 26904 2205 98528 40919 15081 25838 25136 8580 1901 16556 1574 14982 16831 1162 24676 1674 602 28828 21414 2967 19975 10063 7514 42042 48398 30427 14754 13433 4938 4467 920 7607 42466 438 9426 8524 125 470 5463 3262 8495 13407 363
is_linear=0
shrinkage=0.05


Tree=46
num_leaves=64
num_cat=0
split_feature=0 0 0 39 1 0 1 28 38 23 27 25 42 7 39 42 8 43 23 23 16 35 26 44 11 17 39 37 43 37 32 30 10 18 33 13 4 37 26 9 25 30 2 42 14 5 27 26 17 38 11 24 27 31 32 29 10 18 10 7 26 44 20
split_gain=219.492 73.2015 39.5711 32.8075 31.7529 24.4627 29.0512 23.3163 18.636 18.5814 20.9752 18.0831 17.8942 18.3691 17.2554 13.0916 12.907 12.8059 11.6799 11.4396 11.3127 11.0168 10.6661 12.0285 10.6336 10.5214 10.3591 10.3968 10.33 15.1046 19.65 10.0405 9.50165 10.0068 9.45982 11.9088 9.37011 8.71869 8.64403 8.53953 10.5835 8.52235 8.28827 8.1982 8.18241 7.98813 7.7514 7.64459 7.62793 7.60135 7.5828 8.62851 7.71602 9.3196 7.53143 8.20175 7.52887 7.89977 7.41036 7.39982 7.30488 7.18096 7.16213
threshold=37.050000000000004 98.825000000000003 15.550000000000002 1.0000000180025095e-35 31.525000000000002 291.25000000000006 96.425000000000026 0.53500000000000014 29.850000000000005 18.350000000000005 65.050000000000011 976.45000000000016 8.6500000000000004 156.19895833333337 0.75000000000000011 12.450000000000005 6.3000000000000087 90.625000000000014 23.550000000000004 28.650000000000002 16.881652992496342 -0.50751903745502724 15679.000000000004 1272.0000000000005 -0.25881904510252113 3.8040107877276013 1.0000000180025095e-35 58.500000000000007 -782.49999999999989 34.500000000000007 7.7120796141666732 42.500000000000007 10.625000000000002 8.4500000000000011 10.15 1.5000000000000002 21.450000000000003 29.500000000000004 8071.5000000000009 48.050000000000004 969.45000000000016 11.500000000000002 61.525000000000013 -1.3 8.5000000000000018 25.050000000000004 294.25000000000006 906.25000000000011 -0.17975978630401865 25.150000000000002 -0.78656609248549292 2.3500000000000001 123.25000000000001 19.166569607135134 4.6923240590432167 41.463250767864402 38.025000000000006 25.750000000000004 44.225000000000009 77.635416666666686 23753.500000000004 120.00000000000007 0.9935340235047978
decision_type=2 2 2 2 10 2 8 2 2 2 10 2 2 8 2 2 10 2 2 2 2 2 2 2 2 2 2 2 2 2 2 2 10 2 2 2 10 2 2 10 2 2 8 2 2 8 10 2 2 2 2 2 10 2 2 2 10 2 10 8 2 2 2
left_child=2 4 -1 11 18 6 22 9 17 -6 16 39 13 14 28 61 -11 19 -2 -5 45 24 23 -3 31 43 27 32 29 -9 -31 -8 33 -7 35 44 -35 -18 -29 -4 -41 -12 -32 60 -19 -15 -25 -38 -36 -50 51 -30 -52 -54 55 -43 59 -58 -17 -27 -23 -13 -56
right_child=1 5 3 8 7 26 21 12 -10 10 41 15 -14 20 -16 58 37 34 -20 -21 -22 25 -24 46 -26 56 -28 38 50 30 42 -33 -34 36 48 -37 47 -39 -40 40 -42 54 -44 -45 -46 -47 -48 -49 49 -51 52 -53 53 -55 62 -57 57 -59 -60 -61 -62 -63 -64
leaf_value=0.33879549061717518 0.26855303261639735 -0.26935809942772782 0.21935802588946585 0.1258155565831249 0.5670328968229551 -0.9851476259838009 -0.19113499055522692 0.20623076646338087 0.17136954013501104 0.14456276414549507 -0.040299540998546081 0.31173152582426716 -0.034929235574101374 -0.61560474154314582 -0.28904617368688751 0.058633532323736817 0.22279668762894442 -0.41929543277886511 -0.12586304592946429 -0.061059095677343078 -0.77841021421873458 0.23770929878823838 -1.8221627875022457 -0.61728861968217552 0.4108868098943802 -0.99593272533849975 -5.8184168865793513 -0.68839570629517222 0.15125441574210052 -0.097812700416161441 -0.54916554318960831 -2.5086588544146462 -1.4181403835802129 -6.3492198713829726 0.074758420133486408 0.1386100923891285 -14.188481863025224 -0.01672774556084769 -9.0778227761643375 -0.11088770907884699 0.103855096201838 -0.33791664866458926 -0.23365382614070698 -0.13669937337584095 1.0220326023361783 -0.013206491896831747 -4.2330757576470495 -2.4192544603624189 -0.21330315870362263 -0.0963661286580864 0.42041035724987436 -0.64846976288609548 0.069082822167027658 -2.28104542647141 -0.30837319503414551 0.088981481612655927 -0.4321765844452099 -0.94619975470232154 -0.28022701587036342 0.036926051671725836 -0.98496592490285961 0.19900349471674472 -0.94005197271954
leaf_weight=43850 4186 11229 15539 7554 9913 439 2181 3111 12070 54575 18879 46382 9208 69 550 3079 5393 259 22953 7473 216 18396 845 5948 12708 329 251 10346 8526 1065 109 240 4459 114 1727 162 105 38365 95 2639 32753 2361 89 29918 43 700 115 373 830 2590 42644 51 2938 46 2214 2272 8552 261 720 5322 1026 38628 98
leaf_count=43850 4186 11229 15539 7554 9913 439 2181 3111 12070 54575 18879 46382 9208 69 550 3079 5393 259 22953 7473 216 18396 845 5948 12708 329 251 10346 8526 1065 109 240 4459 114 1727 162 105 38365 95 2639 32753 2361 89 29918 43 700 115 373 830 2590 42644 51 2938 46 2214 2272 8552 261 720 5322 1026 38628 98
internal_value=0.000975404 0.00019028 0.00222328 0.00188225 0.000701663 -0.000850669 -0.000550633 0.000916015 0.000456769 0.000531066 0.00036474 0.0022159 0.00166051 0.00197491 0.00208772 0.00264664 0.000697782 -0.000455955 -0.000904786 0.000305118 -0.00479695 -0.000136001 -0.00235513 -0.00208709 0.00107707 -0.000423641 -0.00265048 -0.00249168 0.00217049 -0.000166895 -0.00477831 -0.00195993 -0.00425319 -0.00857905 -0.00249421 -0.0093319 -0.0128209 5.80467e-05 -0.00156546 0.00146483 0.00103583 -0.000903423 -0.0192424 -7.60031e-05 -0.0151987 -0.00195709 -0.00388174 -0.00974895 -0.00187779 -0.00324561 0.0023591 0.000995103 0.0026155 0.000157507 -0.00240101 -0.00123786 -0.00160951 -0.00252298 -0.000225059 -0.000184923 0.000723921 0.00277497 -0.00473183
internal_weight=560081 343783 216298 172448 230531 113252 97070 203392 32708 134070 124157 139740 69322 60114 59129 88809 98333 20638 27139 15027 985 78933 18137 17292 15129 63804 16182 15931 58579 4374 1263 2421 5490 1031 5611 464 592 43758 10441 50931 35392 25824 198 49340 302 769 6063 478 5147 3420 54205 8577 45628 2984 6945 4633 14464 8813 3799 5651 19422 85010 2312
internal_count=560081 343783 216298 172448 230531 113252 97070 203392 32708 134070 124157 139740 69322 60114 59129 88809 98333 20638 27139 15027 985 78933 18137 17292 15129 63804 16182 15931 58579 4374 1263 2421 5490 1031 5611 464 592 43758 10441 50931 35392 25824 198 49340 302 769 6063 478 5147 3420 54205 8577 45628 2984 6945 4633 14464 8813 3799 5651 19422 85010 2312
is_linear=0
shrinkage=0.05


Tree=47
num_leaves=64
num_cat=0
split_feature=0 0 0 39 1 0 1 28 25 9 23 27 16 7 39 31 26 32 1 43 37 41 44 17 5 26 43 23 23 33 41 8 34 14 13 44 0 11 31 8 17 30 2 40 11 13 4 13 41 21 27 9 39 37 41 10 17 22 43 18 23 9 3
split_gain=202.204 65.1065 38.9864 29.6764 29.537 23.9353 24.2987 21.2632 17.2275 17.0375 16.4232 15.8766 13.3152 13.2682 13.7125 12.6975 12.1314 12.8954 11.2416 11.2308 16.2829 27.3486 11.0726 10.5997 10.4713 10.3427 15.3257 16.2389 10.275 9.67007 9.41648 9.10078 10.3773 10.5015 12.8642 9.0357 8.97098 8.93411 13.4996 8.8008 8.66128 8.48758 8.48315 8.41337 8.27367 8.26748 8.08358 18.3065 21.4239 11.6412 7.99246 7.95084 7.84329 7.83844 7.74106 9.14625 12.2099 8.06594 7.73772 17.1406 22.7075 7.57363 7.37437
threshold=37.050000000000004 92.050000000000011 15.550000000000002 0.25000000000000006 31.525000000000002 355.25000000000006 86.02500000000002 0.53500000000000014 976.45000000000016 489.25000000000006 18.550000000000004 65.050000000000011 9.6363470263820101 156.19895833333337 0.8500000000000002 5.9753609712203284 1260.5000000000002 -8.2737742800946954 225.25000000000003 -552.49999999999989 34.500000000000007 17789.250000000004 120.00000000000007 3.8040107877276013 14.050000000000002 5700.7500000000009 -222.49999999999997 26.650000000000002 23.550000000000004 31.150000000000002 4852.0000000000009 -1.9999999999999989 0.96359376111369366 2.5000000000000004 3.5000000000000004 -1230.7500000000007 187.25000000000003 -0.78656609248549292 0.84089846949551628 41.025000000000013 7.3751651295012843 231.50000000000003 140.25000000000003 977.05000000000007 -0.78656609248549292 1.5000000000000002 59.025000000000006 1.0000000180025095e-35 790.75000000000011 61.250000000000007 294.25000000000006 111.25000000000001 1.0000000180025095e-35 81.500000000000014 6873.2500000000009 15.225000000000003 -12.605193126124776 97.500000000000014 76.250000000000014 21.050000000000004 28.150000000000002 121.25000000000001 12.050000000000002
decision_type=2 2 2 2 10 2 8 2 2 8 2 10 2 10 2 2 2 2 10 2 2 2 2 2 8 2 2 2 2 2 2 8 2 2 2 2 2 2 2 8 2 2 8 2 2 2 10 2 2 2 8 8 2 2 2 8 2 2 2 2 2 10 8
left_child=2 4 -1 8 28 6 30 9 23 10 -6 31 15 14 16 39 17 -9 62 20 -18 -22 -10 25 -14 26 27 -4 -2 53 41 -12 33 34 -33 -5 -17 38 -20 -8 -36 -3 -15 -37 -21 -23 -28 48 -48 -50 -43 -32 -41 -24 57 56 -56 -26 -34 -60 61 -61 -7
right_child=1 5 3 35 7 18 12 13 22 -11 11 -13 24 42 -16 36 19 -19 37 44 21 45 29 -25 54 -27 46 -29 -30 -31 51 32 58 -35 40 43 -38 -39 -40 52 -42 50 -44 -45 -46 -47 47 -49 49 -51 -52 -53 -54 -55 55 -57 -58 -59 59 60 -62 -63 -64
leaf_value=0.32185571608631647 0.26218815025363179 -0.27463054778287316 -0.52817152311390558 0.083827412513464497 0.56662404753737661 -22.958514618992972 0.11544043707636907 -0.24266560827474379 0.28060641863394059 0.28283860296989322 0.14545338281679085 -0.10328490308203575 -1.7693754750962225 -0.46189354706604963 -0.25309779541546878 -0.14162596538381741 0.23754671879159428 0.17059159396839552 -0.71403156584021876 0.11082489027060807 -0.063088006086542109 -0.51637050763405867 0.19792790354090925 0.18597252517153995 0.32536150290910459 0.11953834800394976 0.053786011623876154 -0.1458750649751662 -0.11828383357596613 -0.19353500361856793 -10.190803983336856 0.28877222890231236 -0.010035489297615002 0.054702563538541207 -0.28577763689139635 -0.10026569362872047 -0.79867366356979064 -0.95091299194325707 -4.8901495865544806 -0.17629467904789639 -0.57230796428708375 -0.86846852916957507 0.04241346331022372 0.060979310712243988 0.38865794938789339 -0.026795841947682222 -0.89701852324497533 0.017487590221070898 -0.68976330116122064 -0.072878785809897359 -6.9312407122640467 -0.54628760827585909 -0.95104610595406158 0.049970095548401178 -2.9558824994376054 -0.017599553897966136 -0.87090985559052791 -1.7604583786257519 -0.14857441287100756 -0.57877864909336296 0.044821859681419579 -0.42320615392391225 -3.8003616631213037
leaf_weight=43850 3970 11755 137 6543 5657 26 25032 2821 50721 18277 26075 21838 130 459 626 16405 4987 7960 497 7844 1806 242 36565 27773 22311 14807 14754 1407 22656 606 331 684 6107 43648 788 6024 8498 7658 312 17673 272 140 381 2911 38408 71 78 880 53 183 69 4484 862 9006 89 5343 557 129 4148 122 138 27 1470
leaf_count=43850 3970 11755 137 6543 5657 26 25032 2821 50721 18277 26075 21838 130 459 626 16405 4987 7960 497 7844 1806 242 36565 27773 22311 14807 14754 1407 22656 606 331 684 6107 43648 788 6024 8498 7658 312 17673 272 140 381 2911 38408 71 78 880 53 183 69 4484 862 9006 89 5343 557 129 4148 122 138 27 1470
internal_value=0.000951122 0.000197552 0.00214884 0.00181034 0.000713643 -0.000719837 -0.000514111 0.000928609 0.00201631 0.000552938 0.000317066 0.000174151 -0.000210298 0.00166032 0.0017413 -0.000588579 0.00181317 0.000283369 -0.00306986 0.00212227 0.000271602 -0.00340019 0.00242874 0.00135105 0.000696628 0.000735162 -8.80401e-05 -0.00484456 -0.000847667 0.00186857 -0.00227099 0.000493178 0.00013355 0.000461756 -0.00334289 -0.00027846 -0.00148918 -0.00236388 -0.00736094 -7.37942e-05 -0.00679245 -0.00151956 -0.00458333 -0.00131225 0.0024066 -0.0170447 0.000372461 -0.00358459 -0.013949 -0.00644068 -0.0115072 -0.00413811 -0.000899649 0.00195201 0.000761371 -0.000835699 -0.00645511 0.00118761 -0.00127964 -0.00286922 -0.0146864 -0.0282215 -0.00706551
internal_weight=560081 343783 216298 172448 220012 123771 113808 193386 156970 127781 109504 103847 97029 65605 64765 68470 64139 10781 9963 53358 7106 2119 96898 60072 28559 32299 17492 1544 26626 46177 16779 82009 55934 45392 1744 15478 24903 8467 809 43567 1060 11964 840 8935 46252 313 15948 1194 314 236 209 4815 18535 45571 28429 5989 646 22440 10542 4435 287 149 1496
internal_count=560081 343783 216298 172448 220012 123771 113808 193386 156970 127781 109504 103847 97029 65605 64765 68470 64139 10781 9963 53358 7106 2119 96898 60072 28559 32299 17492 1544 26626 46177 16779 82009 55934 45392 1744 15478 24903 8467 809 43567 1060 11964 840 8935 46252 313 15948 1194 314 236 209 4815 18535 45571 28429 5989 646 22440 10542 4435 287 149 1496
is_linear=0
shrinkage=0.05


Tree=48
num_leaves=64
num_cat=0
split_feature=0 0 0 37 1 0 36 36 41 1 27 23 37 14 12 14 37 16 11 8 21 14 0 38 11 37 22 6 9 22 37 11 43 8 32 14 44 36 38 31 11 16 27 21 29 43 37 3 31 8 3 2 21 11 27 8 2 0 7 5 16 5 3
split_gain=189.316 48.2125 48.0445 31.7929 22.0535 22.1253 21.0593 20.8398 19.8909 19.7281 18.1496 17.4784 18.6832 15.0939 22.0673 18.4671 18.062 16.0305 30.9681 29.6658 13.7704 13.4354 13.3309 13.7909 12.9945 12.6685 15.6201 12.9214 12.0113 11.9977 12.1642 11.6491 11.2437 10.923 10.707 11.8129 10.6285 10.568 12.8304 10.3582 10.8795 10.5555 10.198 10.1414 9.79729 11.6123 9.73383 9.71003 9.65877 9.59832 9.61424 9.53472 9.46288 9.33513 9.30808 9.25652 8.73374 8.68554 8.52337 8.4917 8.34631 8.31983 8.22703
threshold=45.025000000000006 15.550000000000002 183.75000000000003 82.500000000000014 38.050000000000004 75.925000000000026 292.50000000000006 1332.5000000000002 8964.5000000000018 64.02500000000002 37.050000000000004 20.850000000000005 50.500000000000007 7.5000000000000009 -0.60355339059327384 6.5000000000000009 94.500000000000014 2.792319380485575 0.25881904510252091 -2.4999999999999987 382.50000000000006 9.5000000000000018 552.50000000000011 28.350000000000005 -0.60355339059327362 95.500000000000014 86.500000000000014 118.27083333333334 57.050000000000004 66.500000000000014 38.500000000000007 -0.60355339059327362 -227.49999999999997 -36.724999999999987 -10.531628104238447 4.5000000000000009 11205.5 477.50000000000006 22.950000000000003 -8.4863203917656858 0.78656609248549325 -3.2590773627184348 137.25000000000003 67.500000000000014 0.29210895288235705 102.50000000000001 53.500000000000007 22.550000000000004 13.150978072440415 -5.7000000000000002 30.750000000000004 285.25000000000006 57.500000000000007 -0.78656609248549292 16.050000000000004 7.0000000000000018 164.25000000000003 65.625000000000014 156.19895833333337 37.550000000000004 11.787092540051317 33.050000000000004 29.050000000000004
decision_type=2 2 2 2 8 2 2 2 2 8 10 2 2 2 2 2 2 2 2 8 2 2 2 2 2 2 2 8 8 2 2 2 2 10 2 2 2 2 2 2 2 2 10 2 2 2 2 8 2 8 8 8 2 2 10 10 10 2 10 8 2 8 10
left_child=1 -1 4 6 57 11 60 10 13 28 55 -6 29 15 44 -5 17 43 19 33 32 31 25 59 49 27 -27 -4 -7 -13 -31 -11 54 -19 39 62 46 38 -14 40 -33 -41 -37 -17 -15 -46 48 -35 -12 50 -10 -34 -9 56 -18 -8 -29 -2 -55 -24 -3 -40 -36
right_child=2 3 22 8 5 9 7 52 24 21 36 12 37 14 -16 16 20 18 -20 -21 -22 -23 23 -25 -26 26 -28 53 -30 30 -32 34 51 47 35 42 -38 -39 61 41 -42 -43 -44 -45 45 -47 -48 -49 -50 -51 -52 -53 -54 58 -56 -57 -58 -59 -60 -61 -62 -63 -64
leaf_value=0.30576293028200063 -0.077147241892069618 0.26680454312250029 -2.4119132066359996 0.2037562443463648 0.45268679163341902 -18.138495829020762 0.15475298510596558 -0.532753261322641 -0.28801644220375339 -0.22293174028482629 0.28767117443574386 0.18625944685194246 -0.26153078263512691 -0.069426894606857234 0.18043221681749785 -0.15331808327745616 -0.15475782161124058 -0.83094900405928562 0.030183074240992244 -0.19628391189128239 0.25553172903279281 0.2834604941500169 -9.2268734292138745 -6.8630383210600945 -0.03141699742479058 -3.4550789746286719 -1.0055891228602623 -0.15821483580534418 -0.27433041146250181 -0.35703330516575593 0.13613166050956935 -0.31705277127849651 -0.18229759922536182 -0.5453753285918943 -0.17677241460848106 -0.03909720230324229 -0.16913717873269873 -0.087442553548896129 -0.061210329628697706 -0.40228570601613661 -1.415492647891931 0.051621064093517202 -0.76883309881115658 0.13304994916865356 -0.18755707875523536 -0.67916887524282699 -0.047794405276209873 -0.26584357739847869 -0.07062130768984215 -0.1408330861614511 -0.20064942606734901 -0.42789018427638209 0.22591266228535081 -0.57891159225448263 -0.49277590336440735 0.026296086788148872 -1.6536021895397199 -0.53716700481304547 -0.072489387034667271 -2.1513511076016463 0.42603394731023275 0.13659991247746128 0.22427005219309698
leaf_weight=43850 14875 34214 1203 8923 15034 89 44858 83 384 12395 6054 48492 2044 1719 27601 1796 88 108 2068 828 650 24761 61 302 5290 316 867 1791 11655 720 817 903 2132 165 5197 16515 2708 13207 7511 3244 303 7688 1123 9229 388 80 10817 148 2009 908 301 179 35834 8489 146 12141 2716 3980 25612 2176 14142 25575 30579
leaf_count=43850 14875 34214 1203 8923 15034 89 44858 83 384 12395 6054 48492 2044 1719 27601 1796 88 108 2068 828 650 24761 61 302 5290 316 867 1791 11655 720 817 903 2132 165 5197 16515 2708 13207 7511 3244 303 7688 1123 9229 388 80 10817 148 2009 908 301 179 35834 8489 146 12141 2716 3980 25612 2176 14142 25575 30579
internal_value=0.000929607 0.00188298 4.32403e-05 0.00158858 0.000313469 0.000449459 0.00195782 0.00158833 0.000636059 -4.09777e-05 0.00113231 0.000944445 0.000701767 0.000946523 0.00171848 7.74756e-05 -0.000864743 -0.000107377 -0.00315496 -0.0093715 -0.00426448 0.000180999 -0.00148818 -0.00500394 -0.00190106 -0.00127043 -0.0063694 -0.00111891 -0.00198229 0.0013791 -0.00297007 -0.000141314 -0.00592338 -0.0201781 0.000124482 0.000429101 -0.000102371 7.24269e-07 0.000454028 -0.00121602 -0.0056136 -0.000730882 -0.00062989 0.000809524 -0.00311614 -0.00952991 0.000317797 -0.0154473 0.00163277 -0.00586001 -0.0103285 -0.00486586 0.0025861 -0.000959904 -0.0163675 0.00159994 -0.00309851 -0.00132989 -0.000677253 -0.00364998 0.00283274 0.000691531 0.000951196
internal_weight=560081 269841 290240 225991 246707 227852 162860 114504 63131 114452 78587 113400 98366 56248 29788 26460 17537 14342 3317 1249 3195 102708 43533 2539 6883 40994 1183 39811 11744 50029 1537 77947 2545 421 65552 53414 21588 48337 35130 12138 1206 10932 17638 11025 2187 468 18880 313 8063 1593 685 2311 35917 38608 234 56999 4507 18855 34101 2237 48356 33086 35776
internal_count=560081 269841 290240 225991 246707 227852 162860 114504 63131 114452 78587 113400 98366 56248 29788 26460 17537 14342 3317 1249 3195 102708 43533 2539 6883 40994 1183 39811 11744 50029 1537 77947 2545 421 65552 53414 21588 48337 35130 12138 1206 10932 17638 11025 2187 468 18880 313 8063 1593 685 2311 35917 38608 234 56999 4507 18855 34101 2237 48356 33086 35776
is_linear=0
shrinkage=0.05


Tree=49
num_leaves=64
num_cat=0
split_feature=0 0 0 37 28 14 1 14 43 14 11 27 3 36 27 7 26 32 36 36 0 16 10 11 6 41 36 2 18 22 20 5 41 32 35 37 33 43 31 32 2 27 29 6 34 32 40 10 16 24 37 28 31 1 18 22 4 11 29 32 17 40 11
split_gain=177.335 55.2487 34.365 27.5539 27.4545 24.7294 19.6533 18.3458 21.7391 18.2878 17.913 16.8469 16.2926 14.8928 14.3676 13.6063 14.0292 18.9254 13.3637 12.9141 12.369 12.3383 11.3876 11.2697 11.1097 10.9562 10.7155 10.6584 10.6162 11.0388 12.1878 9.79515 9.52731 11.2489 10.395 10.0091 9.48298 9.21067 16.0313 19.4378 9.68576 9.08906 8.92431 10.2567 8.80376 8.74566 8.72143 9.41895 8.65112 8.36164 8.46217 13.9744 8.48546 8.26861 8.23039 10.8094 18.1258 10.5668 8.45493 8.36256 8.15389 8.86592 8.13229
threshold=37.050000000000004 106.12500000000001 15.550000000000002 77.500000000000014 0.53500000000000014 8.5000000000000018 49.550000000000004 6.5000000000000009 157.50000000000003 8.5000000000000018 -0.78656609248549292 22.850000000000005 60.050000000000004 2557.5000000000005 95.550000000000011 156.19895833333337 1260.5000000000002 -8.2737742800946954 297.50000000000006 527.50000000000011 257.75000000000006 17.489465844215275 25.125000000000004 -0.78656609248549292 544.07500000000016 6991.7500000000009 1422.5000000000002 14.050000000000002 11.950000000000001 63.500000000000007 -0.97625883275952019 17.050000000000004 12090.500000000002 -7.8902577641254714 0.53727914962411594 29.500000000000004 11.350000000000003 -717.49999999999989 -8.4863203917656858 7.7120796141666732 61.525000000000013 36.050000000000004 0.4018089717593884 25.183333333333348 -0.70088257582277247 14.009661115654295 988.1500000000002 13.625000000000002 14.410293813882737 2.3500000000000001 49.500000000000007 20.325000000000006 11.69087729496796 194.25000000000003 21.550000000000004 62.500000000000007 38.975000000000009 0.37940952255126054 16.368464505135012 13.669007504870015 -0.96166186206240944 981.85000000000002 -0.9159756150367534
decision_type=2 2 2 2 2 2 8 2 2 2 2 8 10 2 10 8 2 2 2 2 2 2 10 2 10 2 2 10 2 2 2 8 2 2 2 2 2 2 2 2 8 10 2 10 2 2 2 8 2 2 2 2 2 8 2 2 10 2 2 2 2 2 2
left_child=2 4 -1 18 5 7 -3 8 14 11 24 -5 25 27 32 16 17 -6 -4 28 36 -17 -9 49 44 46 41 45 29 30 -13 -24 62 -34 -35 -36 -14 38 39 -25 -41 -20 -21 -44 48 -10 -12 -48 -8 50 52 -52 -18 -22 58 -56 57 -57 -29 -60 61 -46 -2
right_child=1 6 3 9 15 -7 10 22 13 -11 12 19 20 -15 -16 21 23 -19 26 42 53 -23 31 37 -26 -27 -28 54 -30 -31 -32 -33 33 34 35 -37 -38 -39 -40 40 -42 -43 43 -45 60 -47 47 -49 -50 -51 51 -53 -54 -55 55 56 -58 -59 59 -61 -62 -63 -64
leaf_value=0.29047478376790059 -0.032210440287081012 -2.4654191653214932 0.36584547047561045 0.15668365640931525 -0.3122241151223028 0.22873911780255615 -1.3707619812248493 -0.0082777364409403094 -0.29013418148798092 0.24699053202857446 -0.37385181308215482 -0.62363021254780715 0.31660594369564815 0.26838001439582643 -0.18701767813799697 -0.068365145893155302 0.29943659891245844 0.14321148006998094 0.14260099303073223 -0.10063414906504109 -2.6511670393167686 -0.81102884662241514 -0.2555616006221163 -0.081927496376310818 -6.1422369921625481 -0.74839860088218435 0.23289769976879324 -0.018282636726776175 0.081909753066159607 -0.024979159380816143 -0.27896892022465081 -0.12529454042045354 0.20517321623219278 -0.084648387526537916 0.52339913735588706 -0.64076993854571862 -0.042574497853315123 0.32946571421707321 0.20203815530882588 -0.50294814740445581 -0.2124753209668615 0.031094366895904082 -0.59931875783061728 -0.02688184770760399 -0.88354934635772264 -1.0280533457521899 -1.65916978671244 0.37817924660156904 -0.0009098127097800033 -0.63619185008517942 -0.054997123407087047 -0.41658672584918954 -0.09185751998950327 -0.38906567048641583 -0.19551437806571831 -0.27315425882663419 0.079938858580429553 -0.52463410131036747 -0.1777869170417411 -0.50994317292450242 -0.92100593974563383 0.036013000522175778 0.20009136886871476
leaf_weight=43850 7167 1626 26593 16991 3689 26039 2999 18253 1493 9525 14956 58 19654 3297 6866 1501 6868 10957 42261 4546 972 261 2476 975 187 4303 23544 14017 20146 13972 687 15391 3077 6977 109 221 28261 46870 3386 153 112 13854 147 124 1013 102 434 5091 944 57 2030 333 2877 14398 1126 82 193 157 4580 404 1947 5848 49054
leaf_count=43850 7167 1626 26593 16991 3689 26039 2999 18253 1493 9525 14956 58 19654 3297 6866 1501 6868 10957 42261 4546 972 261 2476 975 187 4303 23544 14017 20146 13972 687 15391 3077 6977 109 221 28261 46870 3386 153 112 13854 147 124 1013 102 434 5091 944 57 2030 333 2877 14398 1126 82 193 157 4580 404 1947 5848 49054
internal_value=0.000906753 0.000201043 0.00202841 0.0017106 0.000614555 0.000238421 -0.000770561 -3.3619e-05 0.000318534 0.000909874 -0.000682774 0.000569163 -0.000427562 -0.000940827 0.000754788 0.00137125 0.00146903 7.37405e-05 0.00220946 5.04051e-06 -1.97501e-06 -0.00297389 -0.000998062 0.00179003 -0.00242 -0.00151428 0.00188547 -0.00140742 0.000340332 -0.000680505 -0.00661074 -0.00189539 0.000979281 -0.000412172 -0.00148009 -0.0101515 0.000393927 0.00211337 -1.51317e-05 -0.00487903 -0.0168868 0.00150985 -0.00242163 -0.0112362 -0.00224257 -0.00534483 -0.00103242 0.000665159 -0.00420619 0.000421291 0.000511232 -0.00217308 0.00116213 -0.00123617 -0.00110195 -0.00459564 -0.0113194 -0.020523 -0.000815483 -0.00258427 -0.00136353 -0.000553126 0.00123628
internal_weight=560081 343783 216298 172448 241150 161081 102633 135042 98922 66196 101007 56671 88069 25451 73471 80069 78307 14646 106252 39680 63285 1762 36120 63661 12938 24784 79659 22154 34863 14717 745 17867 66605 10384 7307 330 47915 51496 4626 1240 265 56115 4817 271 12751 1595 20481 5525 3943 12165 12108 2363 9745 15370 20559 1558 432 239 19001 4984 8808 6861 56221
internal_count=560081 343783 216298 172448 241150 161081 102633 135042 98922 66196 101007 56671 88069 25451 73471 80069 78307 14646 106252 39680 63285 1762 36120 63661 12938 24784 79659 22154 34863 14717 745 17867 66605 10384 7307 330 47915 51496 4626 1240 265 56115 4817 271 12751 1595 20481 5525 3943 12165 12108 2363 9745 15370 20559 1558 432 239 19001 4984 8808 6861 56221
is_linear=0
shrinkage=0.05


Tree=50
num_leaves=64
num_cat=0
split_feature=0 0 0 42 29 28 14 23 27 42 27 37 9 0 1 38 7 2 16 0 36 16 14 22 26 5 38 36 38 9 25 37 11 17 19 44 19 3 44 1 25 25 35 40 11 31 17 10 3 10 23 37 22 44 20 27 37 9 37 7 44 25 14
split_gain=162.515 49.266 33.0732 26.6482 24.6087 24.2362 26.2202 19.7738 21.5522 19.7369 18.5298 18.1191 16.9187 13.6348 14.3393 13.4141 13.2003 12.8232 11.6078 10.4501 11.535 9.66893 9.66302 9.44866 11.9447 10.3983 9.34527 17.1768 11.2186 16.6382 13.4755 9.26133 9.13178 9.05116 19.0837 10.9961 9.00112 9.07364 8.63898 8.4798 8.30082 8.15511 8.41714 7.79631 7.78257 8.08324 8.04161 8.44647 7.86766 9.14792 9.32992 8.13149 11.3013 7.80844 7.76561 7.65628 7.63149 7.44483 7.41813 7.40537 7.3162 7.29279 7.25186
threshold=37.050000000000004 126.07500000000002 14.050000000000002 10.850000000000003 1.0348922208893543 0.53500000000000014 8.5000000000000018 18.350000000000005 85.050000000000011 6.0500000000000007 27.950000000000003 55.500000000000007 99.050000000000011 422.75000000000006 110.10000000000001 26.650000000000002 156.19895833333337 17.950000000000003 18.701176832591482 77.225000000000009 336.25000000000006 -11.242547986673301 8.5000000000000018 56.500000000000007 1768.2500000000002 53.050000000000004 37.850000000000001 922.50000000000011 29.550000000000004 67.250000000000014 984.55000000000007 94.500000000000014 -0.60355339059327362 7.582429754572904 0.92384435400961407 -50.75000000000022 0.77159520228797462 118.25000000000001 8449.0000000000018 58.025000000000006 973.25000000000011 978.35000000000002 0.4539904997395468 977.05000000000007 -0.9159756150367534 4.6229465491343786 5.7370402107733867 89.425000000000026 60.050000000000004 10.625000000000002 22.550000000000004 93.500000000000014 81.500000000000014 -21248.999999999996 0.7715952022879744 75.050000000000011 49.500000000000007 887.50000000000011 88.500000000000014 30.542708333333341 3822.2500000000005 972.45000000000016 11.500000000000002
decision_type=2 2 2 2 2 2 2 2 10 2 8 2 8 2 8 2 8 10 2 2 2 2 2 2 2 10 2 2 2 10 2 2 2 2 2 2 2 8 2 8 2 2 2 2 2 2 2 10 10 8 2 2 2 2 2 8 2 10 2 8 2 2 2
left_child=2 5 -1 4 10 6 7 -2 11 16 -4 26 -3 14 57 21 32 -13 -18 20 59 -5 31 -11 25 -25 27 -9 29 -29 36 -12 -7 39 41 -36 37 -31 44 -22 -6 -35 -43 -33 45 46 -16 -48 49 50 -46 -50 -53 -51 56 58 60 61 -34 -19 -10 -14 -47
right_child=1 12 3 15 40 9 -8 8 54 23 22 17 13 -15 38 -17 18 19 -20 -21 33 -23 -24 24 -26 -27 -28 28 -30 30 -32 43 55 34 35 -37 -38 -39 -40 -41 -42 42 -44 -45 48 62 47 -49 51 53 -52 52 -54 -55 -56 -57 -58 -59 -60 -61 -62 -63 -64
leaf_value=0.30199364501346249 0.36416007768249731 -14.299340441407328 0.16775592935403891 -0.27251833622497262 0.029978430502370708 0.091815208211458596 0.21995970134396003 0.15008343340741753 0.14411622401073468 0.047289860818919116 0.05612641729061052 -0.21118943708021978 -2.2324786381232662 -1.730321725778065 0.16928704419126586 0.025995296318238867 -0.090241662561389546 -0.082891481292105204 -0.92013909262681648 -0.26746553235523052 -0.078943213421441977 -0.092632245134986316 0.17263160073813977 -0.02689281933966647 0.18637567494113749 -0.57471891777122186 0.28154327524140421 0.18680847711613752 -0.015486077131157927 -0.18751074290450023 -0.22432379492398091 -0.14331454124742324 0.40423889709503052 -0.061467097282976092 -0.10978654792343734 -0.51552700684795372 -1.0277665412664931 -1.0313725748008804 -0.59587368652475081 0.098275001750597696 0.27386370733814108 -0.25800808413245979 -1.1796603081362569 0.052861422375231275 -1.1021794036499499 -0.55453703485902395 -0.59950879064924367 -2.4098628478916275 0.10368075993418152 -2.0295458028081783 -4.7514733887492042 -2.4607615457166538 -0.32359686846716673 -0.23419074085898706 -0.46522420387718671 0.20397341823752338 -0.29266494543877902 -4.1981810557894139 -0.15879332162496068 0.090213488483469106 -0.33332676213994683 -0.51762482118985464 -2.0881488656541483
leaf_weight=35787 13777 591 50786 764 3869 16469 31248 26972 3789 13323 45340 6371 171 6066 2121 9066 1303 4385 173 8166 14092 2870 9738 1517 1389 2212 6116 1158 11258 241 1651 2623 29239 2601 60 131 122 235 3438 5642 53852 919 89 1603 377 1074 181 81 41474 68 97 503 2454 12353 2868 20579 6291 86 863 26110 1601 9106 582
leaf_count=35787 13777 591 50786 764 3869 16469 31248 26972 3789 13323 45340 6371 171 6066 2121 9066 1303 4385 173 8166 14092 2870 9738 1517 1389 2212 6116 1158 11258 241 1651 2623 29239 2601 60 131 122 235 3438 5642 53852 919 89 1603 377 1074 181 81 41474 68 97 503 2454 12353 2868 20579 6291 86 863 26110 1601 9106 582
internal_value=0.00088622 0.000210642 0.00195998 0.00168469 0.00185182 0.000542478 0.000204755 -7.89863e-05 -0.000268667 0.00122475 0.00141339 -4.17385e-05 -0.000868997 -0.00080691 -0.0006205 -0.000523622 0.00161499 -0.000562524 -0.00306233 -0.000343677 -9.17098e-05 -0.00309026 0.000813099 -0.000227482 -0.00205354 -0.00352776 0.000706029 0.000437952 -0.000939311 -0.00345318 -0.00596043 0.000530202 0.0017178 -0.000923345 -0.00315789 -0.0185602 -0.0123913 -0.00928571 -0.000356233 -0.000493057 0.00268802 -0.00234275 -0.00616071 -0.00170847 -0.000219588 -0.00234093 -0.00047629 -0.00874046 -7.01251e-05 -0.00115743 -0.00797468 0.000245437 -0.00228779 -0.000897271 -0.00208296 0.00205018 -0.00151057 -0.00244954 0.0025583 0.00055009 -0.00012987 -0.00231379 -0.00502415
internal_weight=560081 343783 216298 180511 167811 262960 175893 144645 130868 87067 110090 116319 80823 80232 74166 12700 68626 68566 1476 62195 54029 3634 59304 18441 5118 3729 47753 41637 14665 3407 2249 49566 67150 23534 3800 191 598 476 64803 19734 57721 3609 1008 4226 61365 4039 2383 262 57326 12895 474 44431 2957 12421 14549 50681 11681 9363 30102 30495 5390 9277 1656
internal_count=560081 343783 216298 180511 167811 262960 175893 144645 130868 87067 110090 116319 80823 80232 74166 12700 68626 68566 1476 62195 54029 3634 59304 18441 5118 3729 47753 41637 14665 3407 2249 49566 67150 23534 3800 191 598 476 64803 19734 57721 3609 1008 4226 61365 4039 2383 262 57326 12895 474 44431 2957 12421 14549 50681 11681 9363 30102 30495 5390 9277 1656
is_linear=0
shrinkage=0.05


Tree=51
num_leaves=64
num_cat=0
split_feature=0 8 0 39 11 0 42 29 27 38 23 43 0 43 41 16 11 16 27 35 40 4 33 42 4 17 13 22 34 38 36 12 40 14 35 16 29 20 17 13 37 34 37 27 13 16 38 7 23 45 2 2 22 37 22 43 40 38 1 19 14 13 37
split_gain=148.407 48.8204 28.9483 30.1932 23.8881 22.4898 19.46 16.2511 16.6909 16.0474 13.4172 12.7136 12.5443 13.1103 12.4911 12.4953 12.0046 11.1622 10.5818 10.2393 11.0294 9.84182 9.56666 9.37404 9.35262 9.30833 10.6056 8.60996 8.59011 21.5279 15.6368 12.0362 17.0414 12.8837 8.57031 8.51259 10.2119 13.1839 10.4773 10.099 8.36177 8.31096 12.129 10.3984 8.28595 12.1819 10.5293 8.31124 9.83204 8.11322 8.05781 7.88053 10.657 7.85787 10.1334 7.79043 10.9149 8.84534 7.99969 7.69378 7.67072 15.9897 14.4579
threshold=34.050000000000004 27.825000000000006 13.050000000000002 0.25000000000000006 -0.9159756150367534 355.25000000000006 -0.59999999999999865 1.3842188544387259 29.550000000000004 35.45000000000001 25.650000000000002 -17.499999999999996 76.52500000000002 -1152.4999999999998 13160.500000000002 -11.950198957354353 -1.0000000180025095e-35 -11.375220308100591 70.725000000000009 0.36648727148060622 977.95000000000016 291.75000000000006 4.9500000000000011 11.450000000000005 38.050000000000004 -22.742606252990246 1.5000000000000002 65.500000000000014 0.50751903745502713 25.850000000000005 117.50000000000001 0.78656609248549303 989.85000000000002 4.5000000000000009 0.60873824923885345 -1.9570496995461597 80.729210087346516 0.78257835753184646 4.4087284769304724e-15 2.5000000000000004 46.500000000000007 -0.55191596924288666 62.500000000000007 208.75000000000003 4.5000000000000009 -8.0554641789604648 26.750000000000004 29.042261904761908 26.850000000000005 1.5000000000000002 80.925000000000026 118.12500000000001 94.500000000000014 92.500000000000014 84.500000000000014 1012.5000000000001 982.1500000000002 26.950000000000003 15.550000000000002 -0.77714596145697057 11.500000000000002 1.0000000180025095e-35 55.500000000000007
decision_type=2 8 2 2 2 2 2 2 10 2 2 2 2 2 2 2 2 2 8 2 2 10 2 2 10 2 2 2 2 2 2 2 2 2 2 2 2 2 2 2 2 2 2 10 2 2 2 8 2 2 10 8 2 2 2 2 2 2 10 2 2 2 2
left_child=2 4 -1 7 41 11 10 8 49 14 12 16 13 24 19 34 -3 -7 27 20 21 22 -8 -9 -6 26 -20 -12 -21 30 -30 32 33 40 -16 36 38 39 53 -38 -32 43 -43 59 45 -5 47 48 -46 -4 -19 -29 -53 -13 -55 57 -57 -40 -59 -2 -22 62 -62
right_child=1 5 3 44 6 17 9 23 -10 -11 18 35 -14 -15 15 -17 -18 50 25 28 60 -23 -24 -25 -26 -27 -28 51 29 -31 31 -33 -34 -35 -36 -37 37 -39 55 -41 -42 42 -44 -45 46 -47 -48 -49 -50 -51 -52 52 -54 54 -56 56 -58 58 -60 -61 61 -63 -64
leaf_value=0.31478415881421873 0.048169873759978596 -0.10594505933166959 0.16947227532318462 0.23358277208883851 -0.39390500988354304 -5.6409825165793137 -0.43516932336762904 0.26590559789947971 0.047934138046594493 0.20679969358567851 0.21867771805145911 0.074596996031875584 0.31636604398933549 0.57918455380839606 -0.17423925626882275 -0.04069770276315255 0.15137524218648563 -2.918611402784224 -0.95124926131547394 0.0095631839338363427 0.20076703162104348 -0.69638969809961537 0.019112707878162286 -0.037160026095613904 -0.12877210507029488 0.00207992289692486 -0.43579406396380205 0.061848713196472685 -0.050722178852280989 0.152202547275542 -0.97591062499858128 -0.15263049535846954 -0.078306721660264811 0.18764683310175423 -0.45931965833045735 -0.050617159526692615 0.19306288348929979 -1.6961108725721532 -0.40055776414812239 -0.53048264786200561 -1.006029704869662 0.095080665842511847 -0.15841083214644294 -1.6460171880129266 -0.053520051315596118 -0.061605138930030348 0.022336166836758233 -0.042305504012055378 -0.26743433715138076 -0.0060408316534643104 -1.1020426073503928 -0.18384801412412177 -0.91343377798063874 -2.8459267608283279 -0.22032237426652285 -0.19539514156113313 -0.7394317815633592 -0.51017721088030843 -0.023805538864903091 -0.23266768760561912 -2.8814346965285704 -0.025421732953167943 -0.46559264651744831
leaf_weight=30286 3799 15952 63659 4848 35 536 297 46911 31544 12484 25249 8825 22828 19001 1995 17309 25420 1073 40 22285 36561 409 22703 2285 93 19987 78 13155 974 2199 59 518 322 103 483 34696 891 404 7579 1556 709 13949 6786 141 636 4344 2784 1586 865 4325 5823 621 40 157 419 244 124 583 7939 7265 88 1143 79
leaf_count=30286 3799 15952 63659 4848 35 536 297 46911 31544 12484 25249 8825 22828 19001 1995 17309 25420 1073 40 22285 36561 409 22703 2285 93 19987 78 13155 974 2199 59 518 322 103 483 34696 891 404 7579 1556 709 13949 6786 141 636 4344 2784 1586 865 4325 5823 621 40 157 419 244 124 583 7939 7265 88 1143 79
internal_value=0.000864081 0.000271415 0.00198181 0.00171921 0.000655412 -0.000596991 0.000839475 0.00193526 0.0015678 0.000410868 0.00135112 -0.000408487 0.00203506 0.00297951 0.000215086 -0.000920554 0.000273373 -0.00325484 0.000866149 0.000469141 0.00082735 -2.58446e-05 0.00011087 0.00267867 -0.0129687 -6.59038e-05 -0.0140678 0.00134583 -0.000338805 -0.00223792 -0.00524209 -0.00812098 -0.0108843 -0.0145178 -0.00424132 -0.00085332 -0.00149002 -0.00433006 -0.00117704 -0.00294851 -0.0167448 -0.000623043 -3.01421e-05 -0.00172021 -0.000413928 0.000523281 -0.00188128 -0.00389213 -0.00655896 0.00200886 -0.00271462 0.000342357 -0.00498487 0.000154771 -0.00550347 -0.00193728 -0.00913043 -0.00177287 -0.000667683 -0.00154826 0.00135473 -0.00240458 -0.0168563
internal_weight=560081 366008 194073 163787 253787 112221 221847 148724 99528 120720 101127 104789 41957 19129 108236 19787 41372 7432 59170 88449 61280 23409 23000 49196 128 20105 118 39065 27169 4884 2685 1711 1193 871 2478 63417 28721 2851 25870 2447 768 31940 20735 11205 15063 9192 5871 3087 1501 67984 6896 13816 661 9401 576 16469 368 16101 8522 11064 37871 1310 167
internal_count=560081 366008 194073 163787 253787 112221 221847 148724 99528 120720 101127 104789 41957 19129 108236 19787 41372 7432 59170 88449 61280 23409 23000 49196 128 20105 118 39065 27169 4884 2685 1711 1193 871 2478 63417 28721 2851 25870 2447 768 31940 20735 11205 15063 9192 5871 3087 1501 67984 6896 13816 661 9401 576 16469 368 16101 8522 11064 37871 1310 167
is_linear=0
shrinkage=0.05


Tree=52
num_leaves=64
num_cat=0
split_feature=8 42 7 8 9 25 38 44 36 37 17 19 11 45 22 16 38 9 18 31 13 28 6 11 43 20 42 14 33 37 4 11 31 19 14 40 33 30 13 4 11 37 30 9 4 34 32 2 40 3 7 2 40 39 44 25 21 13 35 6 9 14 8
split_gain=105.373 44.1078 37.6756 29.0443 22.7779 26.9434 20.3752 22.3542 20.0532 13.8368 13.6099 25.7509 12.5744 11.5485 11.1603 10.985 12.4445 11.3507 10.5749 10.5123 10.2455 10.2088 10.1459 9.92068 9.78567 10.6188 9.52732 9.36027 9.83678 8.7548 12.0651 17.9061 16.0279 13.9489 10.4106 10.7581 8.74257 8.64651 10.2879 8.37108 11.649 8.24449 8.06479 8.25908 8.02888 7.8626 7.54198 7.83343 7.48726 7.42536 7.33054 7.3092 7.22325 7.11213 6.86518 7.22873 9.90195 12.973 11.773 6.639 6.62885 6.44957 6.40697
threshold=8.9000000000000057 10.65 70.996875000000017 40.025000000000013 38.850000000000001 977.35000000000002 36.45000000000001 -508.49999999999989 292.50000000000006 92.500000000000014 7.1662248452049591 0.93038214053199464 -0.78656609248549292 1.5000000000000002 61.500000000000007 -11.950198957354353 25.650000000000002 65.050000000000011 29.950000000000003 11.872673346189966 3.5000000000000004 0.78500000000000014 544.07500000000016 -0.78656609248549292 -1237.4999999999998 0.77714596145697079 -1.9999999999999996 5.5000000000000009 5.7500000000000009 69.500000000000014 59.025000000000006 -1.0000000180025095e-35 -3.9634444034305512 -0.97233289553061575 7.5000000000000009 975.55000000000007 10.450000000000001 1.5000000000000002 1.0000000180025095e-35 161.25000000000003 -0.9159756150367534 43.500000000000007 67.500000000000014 334.25000000000006 113.25000000000001 -0.87878364999916136 7.045601212128787 60.050000000000004 976.05000000000007 245.25000000000003 70.489402173913064 173.12500000000003 994.35000000000002 0.8500000000000002 10489.500000000002 979.35000000000002 47.500000000000007 1.5000000000000002 -0.35836794954530043 16.416666666666675 172.25000000000003 11.500000000000002 82.250000000000014
decision_type=8 2 10 10 10 2 2 2 2 2 2 2 2 2 2 2 2 10 2 2 2 2 10 2 2 2 2 2 2 2 10 2 2 2 2 2 2 2 2 10 2 2 2 10 10 2 2 10 2 8 10 10 2 2 2 2 2 2 2 8 8 2 10
left_child=1 2 4 6 59 29 7 8 12 10 22 27 -2 26 -13 16 -3 -17 21 20 24 42 49 -21 46 -26 53 28 -12 -6 -31 32 33 -32 35 -34 -10 -27 -39 48 51 -42 -5 -44 -8 -19 -4 -48 -22 -9 -45 -41 -15 -7 -47 56 -56 58 -58 -1 -40 -53 -20
right_child=3 15 19 18 5 13 44 9 36 -11 11 14 -14 52 -16 17 -18 45 62 23 39 -23 -24 -25 25 37 -28 -29 -30 30 31 -33 34 -35 -36 -37 -38 38 60 40 41 -43 43 50 -46 54 47 -49 -50 -51 -52 61 -54 -55 55 -57 57 -59 -60 -61 -62 -63 -64
leaf_value=0.30829770853305988 -0.045080714489204345 -0.33397026531775065 -0.16715596779597136 -0.27916965275610667 0.13624595466479494 0.30541332943731309 0.28319420785812816 0.040161655162854783 0.047023948517885474 -0.17072169724823916 -0.9185660139673808 0.54040205595866952 0.27300195064829019 -0.025701801432444344 -0.5282635546865373 0.096404681423869348 0.10681022505455147 0.087401952187571352 -1.8110667618503697 -0.24031839099199478 -0.084055180560383899 0.037340110781834877 -3.8416922086253225 0.04282662354950767 0.15337046553703448 0.11525748946115055 0.15663347637254277 -0.0045412549356690594 -0.20202808401523656 0.053317569542216808 -0.6647585389929338 0.094055994337352677 -0.4342288957216644 -0.03627535515557128 0.098009427585990933 -0.73629329668968968 -0.10530188946938024 0.585096618516878 -0.10178796351642508 -0.15082666237962306 -0.37197946936007104 0.64796725127660193 -0.41072378188228059 -5.5088233482786046 -6.7616205196073587 -0.067395765534121549 -0.67956552254445501 -0.46006102803225857 0.51290961109507804 -0.11307936443063071 -0.73169186488604476 -1.6843530918845873 0.34755535203029031 -0.063557495313535009 -0.46632052771747823 -0.083003620553056837 -0.43127653550981304 -0.096590768608375552 -0.22817172335335856 0.24259507430446262 -0.59839977095521291 -2.2471829889431647 -17.270068479057393
leaf_weight=15569 6176 1059 396 35615 31032 43044 12793 59724 16445 7748 71 46 31624 6336 163 9623 636 3814 108 5118 2114 11981 304 12910 29572 4458 50488 8026 7348 34985 70 3250 454 1283 169 238 10864 695 1188 582 2033 7012 681 165 47 7814 70 90 16962 12654 151 355 1945 940 300 2465 244 2169 359 33576 1702 182 46
leaf_count=15569 6176 1059 396 35615 31032 43044 12793 59724 16445 7748 71 46 31624 6336 163 9623 636 3814 108 5118 2114 11981 304 12910 29572 4458 50488 8026 7348 34985 70 3250 454 1283 169 238 10864 695 1188 582 2033 7012 681 165 47 7814 70 90 16962 12654 151 355 1945 940 300 2465 244 2169 359 33576 1702 182 46
internal_value=0.000848369 0.00140573 0.00157938 4.48892e-06 0.00192093 0.00165278 0.000306637 0.000153946 0.000869235 -0.000330752 -0.000153052 -0.00149035 0.00161508 0.00217137 -0.0189234 -0.000476951 -0.00438053 -0.000229954 -0.00107422 0.000686396 0.000973209 -0.00103276 0.000134972 -0.000386066 0.000433706 0.000531038 0.00232831 -0.00125445 -0.00253471 0.000907304 0.000422631 -0.00176244 -0.00523035 -0.00183666 -0.0105633 -0.0132803 -0.000163133 -0.00107982 -0.00290795 0.0016775 0.000518497 0.00111388 -0.00144734 -0.00588265 0.00222352 -0.00100058 -0.00615108 -0.0153125 0.00229503 0.000173257 -0.0125633 -0.00429401 0.000380993 0.00286627 -0.00157254 -0.00291945 -0.00453776 -0.0036039 -0.0100912 0.0028716 -0.00422145 -0.00850093 -0.0141558
internal_weight=560081 337301 308818 222780 223379 174234 174033 161193 65109 96084 88336 15654 37800 102753 209 28483 1695 26788 48747 85439 67411 48593 72682 18028 38171 37615 94472 15445 7419 71481 40449 5464 2214 1353 861 692 27309 8043 3585 29240 10164 9045 36612 997 12840 17165 556 160 19076 72378 316 1119 8281 43984 13351 5537 3072 2772 603 49145 2890 537 154
internal_count=560081 337301 308818 222780 223379 174234 174033 161193 65109 96084 88336 15654 37800 102753 209 28483 1695 26788 48747 85439 67411 48593 72682 18028 38171 37615 94472 15445 7419 71481 40449 5464 2214 1353 861 692 27309 8043 3585 29240 10164 9045 36612 997 12840 17165 556 160 19076 72378 316 1119 8281 43984 13351 5537 3072 2772 603 49145 2890 537 154
is_linear=0
shrinkage=0.05


Tree=53
num_leaves=64
num_cat=0
split_feature=8 27 42 8 38 27 41 16 7 39 5 38 23 27 38 13 34 16 9 30 10 25 43 18 9 11 43 14 34 37 42 31 23 23 20 18 45 3 14 34 37 37 14 25 22 38 35 21 43 36 13 29 11 34 29 37 37 43 16 35 10 18 37
split_gain=96 47.4245 33.1641 26.1466 18.8739 20.5213 19.553 20.2113 16.541 16.0118 15.2591 13.5883 12.546 13.35 12.4043 12.3251 11.1597 10.5742 10.2016 10.6338 9.74148 9.71625 10.0399 9.90905 9.64866 9.38999 10.6567 9.3321 18.4223 11.1424 18.4273 11.306 9.32929 9.24357 9.14707 9.46063 9.12352 8.96539 8.66759 10.4537 8.65273 7.95346 10.4252 11.3957 18.7598 10.9087 10.8485 24.5023 17.1467 10.6097 10.1527 10.0066 9.97276 7.99121 7.9481 11.0234 9.23359 8.33321 7.91227 9.00864 7.84113 7.76099 7.72631
threshold=8.9000000000000057 24.550000000000004 6.0500000000000007 40.025000000000013 36.650000000000013 29.550000000000004 6991.7500000000009 13.23374495235706 111.71458333333337 1.0000000180025095e-35 42.550000000000004 29.750000000000004 20.750000000000004 67.15000000000002 26.550000000000004 5.5000000000000009 0.59480013772226081 17.489465844215275 35.850000000000001 4.5000000000000009 10.625000000000002 973.25000000000011 -227.49999999999997 2.6500000000000008 190.25000000000003 -0.9159756150367534 -17.499999999999996 3.5000000000000004 0.93663652364155514 52.500000000000007 2.3999999999999999 -19.871860927716934 28.750000000000004 28.250000000000004 0.9482875459472353 28.950000000000003 1.5000000000000002 94.225000000000009 4.5000000000000009 -0.20791169081775965 49.500000000000007 91.500000000000014 5.5000000000000009 984.05000000000007 72.500000000000014 15.250000000000002 0.33379414889141285 217.50000000000003 862.50000000000011 547.50000000000011 3.5000000000000004 9.6072453458627738 -0.70710678118654735 0.78257835753184668 80.729210087346516 74.500000000000014 93.500000000000014 937.50000000000011 -1.9570496995461597 0.79332313182700764 40.425000000000004 29.950000000000003 46.500000000000007
decision_type=8 8 2 10 2 8 2 2 10 2 8 2 2 10 2 2 2 2 10 2 8 2 2 2 8 2 2 2 2 2 2 2 2 2 2 2 2 10 2 2 2 2 2 2 2 2 2 2 2 2 2 2 2 2 2 2 2 2 2 2 8 2 2
left_child=1 18 8 4 5 -2 7 15 9 12 17 32 -3 21 37 25 -16 -10 -1 -20 -5 22 23 -14 -19 -7 -27 28 -18 -29 31 33 -11 -31 40 -36 -23 -8 -17 -40 -15 42 43 44 46 -46 49 48 -48 -4 51 -51 -43 -53 56 -56 57 -28 59 -22 -47 -60 -61
right_child=3 2 41 20 -6 6 14 -9 10 11 -12 -13 13 34 16 38 27 24 19 -21 58 36 -24 -25 -26 26 54 29 -30 30 -32 -33 -34 -35 35 -37 -38 -39 39 -41 -42 52 -44 -45 45 60 47 -49 -50 50 -52 53 -54 -55 55 -57 -58 -59 61 62 -62 -63 -64
leaf_value=0.31450352121895042 0.11103930295393892 0.57625961938025405 0.17153938260191065 -1.1619787713691572 0.27512347027679335 -0.20065596883679737 -0.23754382712779992 0.37243718364320716 -0.18095781146807127 0.023061801819945674 0.12201588186646056 0.14453841885233654 -0.3626099838379071 0.18553491784755016 0.055934616122290698 0.63624716488700628 -0.072849536279543187 0.33983098663524935 0.14720719225489062 0.42853163929567195 -0.20514789574362791 0.19001286897181296 0.092484118741212387 -0.079389889210136885 -1.1343220828753713 0.073765500525923774 -0.019724171885953542 0.073251824641426308 -0.94357780980179595 -0.54241613714024484 -0.050950701250622649 -0.22823099195999044 -0.16859085000869739 -0.10813835677701267 -0.25428894573440386 -0.750839741747657 0.025611820335290587 -0.069105933825108851 -0.16108531745596744 0.21498712393006031 -0.060417866542954127 -0.2817581055117428 0.072623282568207631 0.077949828280199654 0.15125831081317653 -0.32992774794128821 -0.39993211930228767 0.08059243084388637 -0.61574867162798719 0.10864129184523402 0.15909504981626732 0.0042630611503992983 -0.082284097128488998 -0.34177786677214872 -0.3916204917655971 -0.79022647832502635 -0.3048613244832144 -0.44209036823299608 -0.052604685574441361 0.067783658369577671 -1.1664532357652968 -1.9304706046948756 -0.96187853596355977
leaf_weight=21639 30333 17858 5383 3365 12142 6598 7588 13488 1251 6217 31804 6807 104 11654 13874 5058 210 77 43023 10003 14707 91867 12464 3045 204 25499 28921 5133 123 212 6568 2592 5182 96 1472 33 7816 3427 2870 4432 8368 706 24359 11185 271 506 3769 2788 195 526 1112 397 3603 1125 2025 101 2644 99 28026 597 488 115 1937
leaf_count=21639 30333 17858 5383 3365 12142 6598 7588 13488 1251 6217 31804 6807 104 11654 13874 5058 210 77 43023 10003 14707 91867 12464 3045 204 25499 28921 5133 123 212 6568 2592 5182 96 1472 33 7816 3427 2870 4432 8368 706 24359 11185 271 506 3769 2788 195 526 1112 397 3603 1125 2025 101 2644 99 28026 597 488 115 1937
internal_value=0.000821408 0.00135341 0.00103729 1.59352e-05 0.000302615 0.000160015 -0.000110293 0.000291328 0.00133116 0.00152779 0.000311375 0.000125234 0.00169287 0.00153019 -0.00103546 -1.68056e-05 -0.000489794 -0.00456266 0.00246535 0.00209199 -0.00100755 0.0017436 0.000583809 -0.00193871 -0.0133274 -0.0002886 -8.94768e-05 -0.00143833 -0.00971471 -0.00124957 -0.00226658 -0.00558621 -0.000930345 -0.0146429 0.000387188 -0.00337209 0.00192525 -0.00246255 0.00143204 0.000330047 0.000669763 -3.69594e-05 0.000133771 -0.000528924 -0.00136171 -0.00721344 -0.000877738 -0.00237559 -0.00490161 0.000306099 -0.00199367 -0.00408203 -0.00210142 -0.00613666 -0.000671796 -0.00363123 -0.000473092 -0.000215369 -0.000815081 -0.00165855 -0.00963783 -0.000298319 -0.004412
internal_weight=560081 337301 262636 222780 174033 161891 131558 91735 206223 172887 33336 18206 154681 136823 39823 78247 28808 1532 74665 53026 48747 115296 15613 3149 281 65887 59289 14934 333 14601 9468 2900 11399 308 21527 1505 99683 11015 12360 7302 20022 56413 52104 27745 16560 1265 15295 6752 3964 8543 3160 2048 4309 1522 33790 2126 31664 29020 45382 17241 994 28141 2534
internal_count=560081 337301 262636 222780 174033 161891 131558 91735 206223 172887 33336 18206 154681 136823 39823 78247 28808 1532 74665 53026 48747 115296 15613 3149 281 65887 59289 14934 333 14601 9468 2900 11399 308 21527 1505 99683 11015 12360 7302 20022 56413 52104 27745 16560 1265 15295 6752 3964 8543 3160 2048 4309 1522 33790 2126 31664 29020 45382 17241 994 28141 2534
is_linear=0
shrinkage=0.05


Tree=54
num_leaves=64
num_cat=0
split_feature=0 0 0 29 11 28 14 2 42 39 39 27 3 8 23 27 11 22 26 42 0 8 34 19 13 34 18 27 0 35 7 26 0 5 44 23 37 8 17 14 23 36 36 30 45 37 22 0 42 26 26 45 10 17 0 10 17 13 14 13 14 14 15
split_gain=124.733 42.5622 27.5792 24.9556 21.8405 20.708 19.6429 19.1293 19.1174 18.2357 17.6652 13.813 13.464 12.8318 12.8047 12.0286 11.3168 11.1904 10.4572 9.37652 9.28531 8.71964 8.61572 8.31959 10.732 10.4113 8.20575 8.14009 8.1353 8.05484 7.93875 7.90387 7.72398 8.91751 7.85607 7.70979 8.33398 9.75438 8.17817 7.82133 7.58641 7.43169 7.9347 7.42133 7.33113 7.25056 9.80302 9.9642 7.45048 7.23686 7.19606 7.06868 8.75802 7.06623 7.16373 7.04244 6.96056 6.95591 9.19402 8.73906 20.9231 10.6576 9.7156
threshold=34.050000000000004 150.25000000000003 13.050000000000002 1.3842188544387259 -0.9159756150367534 0.58500000000000008 8.5000000000000018 18.950000000000003 6.0500000000000007 0.75000000000000011 0.25000000000000006 29.550000000000004 60.050000000000004 16.505000000000006 22.650000000000002 70.725000000000009 -0.78656609248549292 68.500000000000014 1260.5000000000002 10.65 69.725000000000009 15.500000000000004 -0.66259481767468265 -0.93038214053199431 4.5000000000000009 -0.5948001377222607 17.750000000000004 131.25000000000003 77.225000000000009 0.7715952022879744 44.141666666666673 20975.750000000004 685.00000000000011 63.625000000000007 3130.2500000000005 17.550000000000004 55.500000000000007 -90.274999999999991 -10.961363199868925 2.5000000000000004 19.250000000000004 336.25000000000006 2557.5000000000005 11.500000000000002 1.5000000000000002 92.500000000000014 78.500000000000014 273.25000000000006 0.95000000000000029 33334.750000000007 1513.7500000000002 1.5000000000000002 10.925000000000002 4.687222170220025 355.25000000000006 73.825000000000017 -17.499719949915409 5.5000000000000009 4.5000000000000009 3.5000000000000004 5.5000000000000009 6.5000000000000009 1.0000000180025095e-35
decision_type=2 2 2 2 2 2 2 10 2 2 2 10 10 10 2 10 2 2 2 2 2 8 2 2 2 2 2 10 2 2 8 2 2 10 2 2 2 10 2 2 2 2 2 2 2 2 2 2 2 2 2 2 8 2 2 10 2 2 2 2 2 2 2
left_child=2 4 -1 10 29 6 7 14 9 20 11 44 21 15 -6 41 22 23 30 -5 40 -3 -14 24 25 26 -10 -28 -16 55 -19 51 34 -34 -23 -17 37 39 49 -37 -7 50 -43 -38 -4 48 47 -47 53 -39 -9 -8 -53 -18 -55 -2 -57 59 -59 -15 -61 -62 -63
right_child=1 12 3 19 5 8 31 13 17 -11 -12 -13 16 57 28 35 45 18 -20 -21 -22 32 -24 -25 -26 -27 27 -29 -30 -31 -32 -33 33 -35 -36 36 43 38 -40 -41 -42 42 -44 -45 -46 46 -48 -49 -50 -51 -52 52 -54 54 -56 56 -58 58 -60 60 61 62 -64
leaf_value=0.27875651397924095 -0.064902765076538138 0.00068876375608911255 0.14709248587648102 0.23615323481930162 0.17679361225999504 0.89928692144197486 0.27579646629988286 0.066270976855014499 -0.0092370568978617611 -0.33338383286273804 -0.024342900586341192 0.037532995991221001 -1.5721971287213898 -0.016348814557837352 -0.14599716326636916 0.57356280255904313 0.38040332442266162 0.013711843502065502 0.097998817282307929 -0.01220587167960936 0.16173835025529004 -0.67780352282793688 -0.43030822802439561 0.091689453674209831 0.527774388844794 -0.78466842810441229 -0.046337220239955082 -1.9003736604387034 -0.78946160920232877 0.094168529677125051 -0.6926010303990402 -0.080962709311190317 -9.4452681477249136 -1.6853729445860957 -1.2769687850678946 -0.97444715275310756 -0.13487847608903678 -0.21079716515062447 0.21211649902053265 -0.15989536392693093 0.25395716793749779 0.010212310476543213 0.26746045018693126 -0.4177995409225429 -0.012736700241118525 -1.1670147614911091 -0.51305933462724573 -4.9837186968638241 -0.21005351193493682 -0.91252680979393552 0.24913675292190016 -1.0985330230210786 0.15487643342788054 -0.11879233377645 -2.7553231519537666 -1.4843093121891398 -0.35412548965771312 0.55993527335731064 -0.0597073810274273 -0.31209741492210669 0.35528590614576605 -0.19880437925087963 0.24590484342880062
leaf_weight=30286 22817 3074 63659 47714 2976 4566 28282 14851 942 614 13665 31544 1928 21396 9651 1590 14891 590 1111 2880 28559 8596 4172 12841 555 583 38 35 1149 9571 1592 3111 142 173 1680 375 4810 1030 6167 1169 33596 33405 3100 1951 4325 360 3177 121 19417 83 24552 553 2066 3818 473 170 3777 3184 3637 6001 2488 3216 1236
leaf_count=30286 22817 3074 63659 47714 2976 4566 28282 14851 942 614 13665 31544 1928 21396 9651 1590 14891 590 1111 2880 28559 8596 4172 12841 555 583 38 35 1149 9571 1592 3111 142 173 1680 375 4810 1030 6167 1169 33596 33405 3100 1951 4325 360 3177 121 19417 83 24552 553 2066 3818 473 170 3777 3184 3637 6001 2488 3216 1236
internal_value=0.000801232 0.000257891 0.00182594 0.00156963 0.000501438 0.000657592 0.00035596 0.000106981 0.00129885 0.0016882 0.00115701 0.00138845 -0.000935797 0.00028907 -0.00166739 0.000614129 -0.000544182 -0.000134795 -0.00277407 0.00249279 0.00176713 -0.00232162 -0.00255738 0.000444845 -0.00243149 -0.00451189 -0.0014532 -0.0176027 -0.00246759 -0.000648823 -0.0047846 0.00143949 -0.00300208 -0.0107143 -0.00276567 -0.000580786 -0.000919153 9.29286e-05 0.000858517 -0.00351684 0.0022774 0.000884492 0.000370497 -0.00224005 0.00178969 -0.000253567 -0.00238108 -0.00903326 -5.19442e-05 -0.00308625 0.00136068 0.00168134 -0.000803742 0.000646961 -0.00114076 -0.00109401 -0.00304408 -0.000446086 0.00101232 -0.000735795 -0.00176146 0.000108069 -0.00135669
internal_weight=560081 366008 194073 163787 303986 267651 182029 148017 85622 67335 113193 99528 62022 134241 13776 93083 48357 18287 3293 50594 66721 13665 6100 14994 2153 1598 1015 73 10800 36335 2182 34012 10591 315 10276 17175 15585 8824 7280 1544 38162 75908 36505 6761 67984 42257 3658 481 38599 1113 39403 30901 2619 19182 4291 26764 3947 41158 6821 34337 12941 6940 4452
internal_count=560081 366008 194073 163787 303986 267651 182029 148017 85622 67335 113193 99528 62022 134241 13776 93083 48357 18287 3293 50594 66721 13665 6100 14994 2153 1598 1015 73 10800 36335 2182 34012 10591 315 10276 17175 15585 8824 7280 1544 38162 75908 36505 6761 67984 42257 3658 481 38599 1113 39403 30901 2619 19182 4291 26764 3947 41158 6821 34337 12941 6940 4452
is_linear=0
shrinkage=0.05


Tree=55
num_leaves=64
num_cat=0
split_feature=0 0 1 0 29 1 0 27 36 27 38 40 16 36 18 13 13 13 28 41 31 37 11 15 5 22 38 41 1 36 30 32 27 38 40 40 7 38 40 45 38 34 38 16 38 4 37 18 38 18 4 8 5 7 27 1 16 11 26 37 22 4 40
split_gain=114.765 44.4169 33.9273 22.2444 22.7603 21.4046 21.0911 16.882 15.4266 14.4716 13.3599 11.4127 11.9493 10.9222 10.7669 10.6775 9.45117 9.95656 9.16392 8.63731 8.58269 8.54209 9.32577 11.6071 8.7441 8.53013 8.50822 8.44203 8.35421 11.1538 11.5594 13.1126 10.1426 8.95599 8.32889 8.18103 8.74691 8.41468 8.17958 11.938 10.2462 8.74459 8.07912 11.88 8.03877 8.02778 7.84283 7.57259 7.51728 12.0186 12.3716 7.40906 7.38602 7.21242 7.16115 7.93307 7.10322 6.93253 6.5727 6.56526 11.2658 7.59507 7.35298
threshold=30.050000000000004 77.225000000000009 32.050000000000004 13.050000000000002 1.4306554393367639 64.02500000000002 203.25000000000003 46.550000000000004 97.500000000000014 33.050000000000004 37.150000000000013 988.05000000000007 -6.1051079309295551 142.50000000000003 17.650000000000002 1.0000000180025095e-35 4.5000000000000009 1.0000000180025095e-35 1.0000000180025095e-35 9990.5000000000018 -15.101368002085572 48.500000000000007 1.0000000180025095e-35 1.0000000180025095e-35 143.75000000000003 71.500000000000014 26.150000000000002 12507.000000000002 72.825000000000017 672.50000000000011 103.50000000000001 7.2346092813470362 95.550000000000011 30.250000000000004 977.1500000000002 993.95000000000016 97.135416666666686 19.150000000000002 979.6500000000002 1.5000000000000002 17.950000000000003 -0.017452406437283595 18.850000000000005 -2.8678892933008813 26.750000000000004 88.02500000000002 94.500000000000014 8.5500000000000025 30.750000000000004 20.750000000000004 39.525000000000006 -41.974999999999994 93.02500000000002 122.3804347826087 75.050000000000011 18.950000000000003 12.917560673545436 -0.9159756150367534 9135.7500000000018 92.500000000000014 78.500000000000014 411.25000000000006 1000.9500000000002
decision_type=2 2 10 2 2 8 2 8 2 10 2 2 2 2 2 2 2 2 2 2 2 2 2 2 8 2 2 2 10 2 2 2 10 2 2 2 8 2 2 2 2 2 2 2 2 10 2 2 2 2 10 8 8 10 8 8 2 2 2 2 2 8 2
left_child=3 2 13 -1 9 -3 11 18 26 20 16 15 35 14 -2 25 17 -10 27 57 -5 22 23 -8 -23 -7 -9 -4 29 32 33 -32 -19 -31 46 -13 37 -37 41 -40 -41 51 43 -24 -27 -25 -11 -28 49 -29 -51 -18 -46 -21 -15 -56 58 -14 59 -26 61 -61 -62
right_child=1 5 7 4 -6 6 21 8 10 34 -12 12 19 54 -16 -17 38 28 -20 53 -22 24 42 45 56 44 47 48 -30 30 31 -33 -34 -35 -36 36 -38 -39 39 40 -42 -43 -44 -45 52 -47 -48 -49 -50 50 -52 -53 -54 -55 55 -57 -58 -59 -60 60 62 -63 -64
leaf_value=0.26481868828027894 -0.01827773137753828 -0.39247163036187033 0.15970490751537414 0.0081934854050335418 0.22898471513891192 0.31407743675212496 -1.1660208087407262 0.44370670571928228 0.10622168432113872 -0.028089980550691385 0.18975538496414268 -0.060434921400833154 -0.20598876282943693 -0.035589240335317046 0.39390033318541606 -0.071068645381189968 -0.57171423078213857 -0.00031929450405250614 0.26687424911105168 -0.42954683789489617 0.1294371222807599 -1.0663564712014917 -4.1618160659060557 -3.9968807967792572 -0.15391263469200284 -0.064637455561221732 -0.18003688521078934 -0.04235539139765828 0.069229510782614773 -0.27728010345898574 -0.15038356371149122 -0.71317124495928386 -0.31542954238891002 -0.076430856382138923 0.07945111673795241 -1.1429225921727364 -0.54421105855748053 -1.0543584651631244 0.3324057648787283 -1.1668770268361282 -0.12478106111747439 0.061520670863398907 -0.16673220810377318 -1.7534571386867475 -0.52340475610002224 -3.5396810190864567 -0.17668236730221293 0.16709672291690036 0.056403614734389373 -0.39899937084176429 0.055758153592877273 -0.14908608083395111 -1.2469020827493646 0.21520810402003351 -0.54193716614212473 -0.12573011569833323 0.68330233449350897 0.48931643399492125 -2.0394394056647331 -2.3106665208933932 -0.63837671970532528 -4.5726007033064926 -3.2096524300327758
leaf_weight=30286 8502 13385 41810 9928 38353 9533 3339 15063 9987 10522 11113 4248 2488 29790 4691 61938 174 21224 25358 2184 63130 3600 44 80 17842 1208 1730 2962 9257 2373 264 164 2719 6982 8800 56 726 181 10145 24 1568 6969 4295 352 222 100 1105 8146 9649 189 134 2459 97 2274 886 7069 3268 22799 254 158 1744 78 63
leaf_count=30286 8502 13385 41810 9928 38353 9533 3339 15063 9987 10522 11113 4248 2488 29790 4691 61938 174 21224 25358 2184 63130 3600 44 80 17842 1208 1730 2962 9257 2373 264 164 2719 6982 8800 56 726 181 10145 24 1568 6969 4295 352 222 100 1105 8146 9649 189 134 2459 97 2274 886 7069 3268 22799 254 158 1744 78 63
internal_value=0.000777932 0.000321103 0.000746497 0.00189929 0.00161858 -0.000334832 -0.000156072 0.00105304 0.000651997 0.00119779 0.000332584 0.000190544 0.000933459 -0.000399701 0.000838703 -0.00016521 9.07698e-05 -0.000267132 0.00160558 0.00132039 0.00152673 -0.00121859 -0.00263094 -0.00457658 -0.00078924 0.00126582 0.00174606 0.0012416 -0.000597562 -0.000962758 -0.00238526 -0.0104206 -0.000381531 -0.00201764 2.12955e-05 -0.00127519 -0.00543614 -0.0137764 0.000979193 0.00186462 -0.0021608 -0.000103103 -0.00117139 -0.00800505 -0.00220367 -0.0169444 -0.000857057 0.000605508 0.000125251 -0.00194064 -0.0110991 -0.00255792 -0.00926332 -0.000708838 -0.00083256 -0.0021653 -0.000436408 0.00167814 -0.000787278 -0.00068519 -0.00337004 -0.0136441 -0.00202822
internal_weight=560081 397957 241401 162124 131838 156556 143171 190463 110361 93485 85422 107954 34956 50938 13193 72998 74309 52970 80102 29745 73058 35217 8210 3519 27007 11060 24939 54744 42983 33726 9783 428 23943 9355 20427 5211 963 237 21339 11737 1592 9602 4691 396 1527 180 11627 9876 12934 3285 323 2633 319 4458 37745 7955 23407 25287 20139 19885 2043 236 1807
internal_count=560081 397957 241401 162124 131838 156556 143171 190463 110361 93485 85422 107954 34956 50938 13193 72998 74309 52970 80102 29745 73058 35217 8210 3519 27007 11060 24939 54744 42983 33726 9783 428 23943 9355 20427 5211 963 237 21339 11737 1592 9602 4691 396 1527 180 11627 9876 12934 3285 323 2633 319 4458 37745 7955 23407 25287 20139 19885 2043 236 1807
is_linear=0
shrinkage=0.05


Tree=56
num_leaves=64
num_cat=0
split_feature=0 8 8 42 0 23 43 36 22 11 38 0 37 23 1 12 26 0 0 1 28 27 39 26 38 31 13 27 23 38 25 19 9 23 19 13 18 2 36 37 34 36 38 32 16 9 23 22 26 13 19 22 11 19 7 0 25 12 10 40 11 16 37
split_gain=105.716 37.3563 27.9732 26.0008 17.3686 16.2452 17.2307 15.2231 15.0651 12.9316 12.8562 12.5049 15.0988 12.9468 11.6356 11.5893 10.58 10.4855 10.1264 11.9738 9.87197 10.6462 9.85926 11.063 9.47581 9.2604 8.76606 8.37334 9.05934 9.1447 11.3158 9.96986 8.17609 7.72506 9.56702 7.65598 7.62493 7.61549 7.33429 7.22863 7.2165 7.06967 10.0427 7.48161 7.90532 8.14432 7.93819 7.475 7.36971 7.04146 27.9449 32.3929 13.6231 9.28353 15.0749 7.91084 6.9695 6.96414 6.92868 6.77864 6.75462 12.7399 7.14483
threshold=44.025000000000006 4.3000000000000034 26.010000000000009 6.7000000000000028 422.75000000000006 25.550000000000004 -1007.4999999999999 86.250000000000014 64.500000000000014 -0.60355339059327362 26.750000000000004 13.050000000000002 70.500000000000014 33.150000000000013 47.550000000000004 0.1294095225512602 1371.7500000000002 88.02500000000002 145.25000000000003 158.25000000000003 1.0000000180025095e-35 26.550000000000004 1.0000000180025095e-35 200.50000000000003 25.050000000000004 27.785991302453983 1.0000000180025095e-35 57.050000000000004 20.750000000000004 23.550000000000004 986.45000000000016 0.85260769842926931 36.850000000000001 25.750000000000004 0.95368063612909471 5.5000000000000009 13.250000000000002 25.050000000000004 162.50000000000003 38.500000000000007 -0.82409480842201666 662.50000000000011 35.550000000000004 15.176072239022057 16.630375457456051 136.25000000000003 34.95000000000001 25.500000000000004 3744.5000000000005 1.0000000180025095e-35 -0.96811077628253228 78.500000000000014 1.0000000180025095e-35 -0.043617726472722225 27.616666666666671 20.050000000000004 976.55000000000007 -0.9159756150367534 123.25000000000001 971.45000000000016 -0.70710678118654735 -7.738844842707338 26.500000000000004
decision_type=2 10 8 2 2 2 2 2 2 2 2 2 2 2 8 2 2 2 2 8 2 8 2 2 2 2 2 8 2 2 2 2 10 2 2 2 2 10 2 2 2 2 2 2 2 10 2 2 2 2 2 2 2 2 8 2 2 2 10 2 2 2 2
left_child=1 3 7 5 14 6 -1 16 9 17 38 -7 41 22 -4 57 33 -9 26 -20 21 -3 40 -24 -25 -22 -16 -11 -29 30 31 -30 -12 -2 -35 -28 -17 -6 -5 58 -14 -13 43 44 46 -46 -43 -47 -48 50 51 -42 -53 54 55 -52 -37 -15 -10 -56 61 -40 -63
right_child=2 20 4 10 37 11 -8 8 39 27 32 12 13 15 18 36 -18 -19 19 -21 25 -23 23 24 -26 -27 35 28 29 -31 -32 -33 -34 34 -36 56 -38 -39 60 -41 49 42 -44 -45 45 47 48 -49 -50 -51 53 52 -54 -55 59 -57 -58 -59 -60 -61 -62 62 -64
leaf_value=-0.29044162884578756 0.26318468117995225 0.08004203754293901 -0.21662145646056477 0.34731053035304993 -4.0815775702103627 0.25157775386626496 0.39330775838894705 0.017247789860709399 -0.25243655569385942 0.2039097640706094 0.21993062806773783 0.30005184587368328 0.22987073726599397 -0.21806042788571542 0.22856626013777839 -0.61311235102211548 0.43767188250901268 -0.36071837238741356 -0.65729794883874881 -0.10171811320383656 0.15198879979781565 -0.024957636966916268 -0.27767738136947445 -0.18971120547852149 0.040800035786933517 -0.32024780495404231 -0.044834831290184791 0.48934335067291157 -0.27905628264469096 0.072653302788530535 0.13356687212395377 -0.64957287973876676 0.045617732498973322 -0.043762612771782873 -0.47647713623578736 -0.21285478568019572 0.38000608627798937 -1.5169178939305343 -0.2649239004619296 -0.05216871318507376 0.012411501610225429 0.15625865971496311 0.25937590253913112 -0.20317167942030925 0.051454191623028001 -0.22610579972244157 -0.34400861853220432 0.010375841051767438 -0.029423108287393591 0.13817443455137685 -0.10348460486635787 -0.84678526698952872 0.22478977601559214 0.12582403727560112 -0.36184817233296407 -0.46516523510304975 0.39314377021752356 -0.0093778584737121105 -1.3807701065101299 0.22976543015348386 -0.042911888829506646 -0.51039171641239889 0.032349353578293646
leaf_weight=262 24517 16156 12108 967 564 20121 24519 25048 979 21965 5968 22197 9434 562 9179 74 21532 6510 9045 24177 12142 34356 194 750 13391 255 41401 5334 2960 31520 3233 526 18288 5257 670 1332 24 4278 854 37443 165 22925 13403 198 2737 607 85 483 2160 27207 143 124 21 3647 52 236 6850 1526 23 551 5602 154 1090
leaf_count=262 24517 16156 12108 967 564 20121 24519 25048 979 21965 5968 22197 9434 562 9179 74 21532 6510 9045 24177 12142 34356 194 750 13391 255 41401 5334 2960 31520 3233 526 18288 5257 670 1332 24 4278 854 37443 165 22925 13403 198 2737 607 85 483 2160 27207 143 124 21 3647 52 236 6850 1526 23 551 5602 154 1090
internal_value=0.000755078 0.00148352 0.000107286 0.00181673 -0.000529954 0.0020688 0.00325068 0.000477477 0.000198501 0.000530197 0.000531999 0.00186401 0.00167483 0.00108957 -0.000393786 -0.00268527 0.00120498 -0.00030135 -0.000201991 -0.000899705 0.000420369 0.000110073 0.00123715 0.000106383 0.000269076 0.00168468 0.000192472 0.000930605 0.000529342 0.000260075 -0.00141464 -0.00339071 0.00112261 0.000605046 -0.00101485 -7.0286e-05 -0.0194898 -0.00345725 -0.00112092 -0.000639225 0.00162698 0.00219963 0.00182262 0.00130245 0.00136859 -0.000748628 0.0016905 -0.00440367 -0.00114699 0.00127014 -0.000466693 -0.015 -0.0322414 0.000506589 -0.00380855 -0.0116227 0.0013273 -0.00189655 -0.00483034 0.00110282 -0.00163636 -0.00405624 -0.000827974
internal_weight=560081 263630 296451 200721 108934 167798 24781 187517 135541 97096 32923 143017 122896 58101 104092 2186 51976 31558 91984 33222 62909 50512 55915 14335 14141 12397 58762 65538 43573 38239 6719 3486 24256 30444 5927 49583 98 4842 8667 38445 41580 64795 42598 29195 28997 3827 25170 1090 2245 32146 4939 310 145 4629 982 379 8182 2088 1002 603 7700 2098 1244
internal_count=560081 263630 296451 200721 108934 167798 24781 187517 135541 97096 32923 143017 122896 58101 104092 2186 51976 31558 91984 33222 62909 50512 55915 14335 14141 12397 58762 65538 43573 38239 6719 3486 24256 30444 5927 49583 98 4842 8667 38445 41580 64795 42598 29195 28997 3827 25170 1090 2245 32146 4939 310 145 4629 982 379 8182 2088 1002 603 7700 2098 1244
is_linear=0
shrinkage=0.05


Tree=57
num_leaves=64
num_cat=0
split_feature=0 8 42 0 1 14 0 13 23 13 14 14 14 23 35 3 5 34 13 41 11 9 28 9 8 27 35 1 40 40 27 14 5 32 38 11 13 43 30 43 22 11 17 40 14 3 3 30 16 4 35 30 38 42 17 26 20 41 23 26 13 21 12
split_gain=99.8237 40.201 24.5301 23.3145 20.6765 19.4766 17.0152 14.007 16.6112 14.9757 38.7309 31.9158 23.0806 31.8889 19.3143 16.8369 14.5221 14.1266 20.6403 20.7169 16.9358 12.8506 12.6615 12.5168 11.9578 11.6661 11.5776 10.8354 10.3535 10.3297 9.95226 10.5101 9.34405 9.29777 9.25754 9.10385 9.37814 9.09417 11.3347 8.89248 8.64848 8.9977 8.50259 14.2627 8.18105 12.1854 11.4821 8.11903 8.4915 8.01229 7.99685 7.73042 10.0314 10.0289 7.98465 7.62282 9.33965 7.60552 7.53337 7.47811 11.6178 7.44605 7.43785
threshold=49.550000000000004 4.3000000000000034 6.7000000000000028 183.75000000000003 38.050000000000004 5.5000000000000009 10.042500000000002 1.0000000180025095e-35 15.750000000000002 4.5000000000000009 4.5000000000000009 3.5000000000000004 5.5000000000000009 28.350000000000005 0.40673664307580004 61.525000000000006 26.725000000000005 0.50751903745502713 3.5000000000000004 5952.7500000000009 0.78656609248549325 121.25000000000001 1.0000000180025095e-35 36.850000000000001 39.015000000000008 24.350000000000005 0.10452846326765323 132.25000000000003 994.35000000000002 988.85000000000002 22.850000000000005 8.5000000000000018 31.950000000000003 12.462232577805048 27.150000000000002 -0.37940952255126065 3.5000000000000004 -1152.4999999999998 103.50000000000001 442.50000000000006 71.500000000000014 -1.0000000180025095e-35 10.542573265630127 978.25000000000011 6.5000000000000009 35.95000000000001 16.550000000000004 1.0000000180025095e-35 -0.96018751614332576 59.025000000000006 -0.5 1.0000000180025095e-35 27.150000000000002 -4.8500000000000005 8.3092669395672676 12889.250000000002 0.9482875459472353 24402.750000000004 25.250000000000004 765.75000000000011 1.0000000180025095e-35 246.25000000000003 -0.9159756150367534
decision_type=2 10 2 2 8 2 2 2 2 2 2 2 2 2 2 10 8 2 2 2 2 10 2 10 10 8 2 8 2 2 8 2 8 2 2 2 2 2 2 2 2 2 2 2 2 8 10 2 2 10 2 2 2 2 2 2 2 2 2 2 2 2 2
left_child=1 2 5 4 -2 21 -7 40 -9 11 47 14 13 15 55 24 33 18 61 -20 58 -1 25 -4 26 -3 -12 -5 -15 -22 -8 44 -21 -13 39 36 -24 38 -18 -25 41 42 -6 -44 46 49 -32 48 -11 50 51 52 -46 54 -53 -10 -57 -54 -19 60 -51 -16 -47
right_child=3 22 23 27 7 6 30 8 9 10 12 16 -14 28 17 -17 37 20 19 32 29 -23 35 34 -26 -27 -28 -29 -30 -31 31 -33 -34 -35 -36 -37 -38 -39 -40 -41 -42 -43 43 -45 45 62 -48 -49 -50 59 -52 53 57 -55 -56 56 -58 -59 -60 -61 -62 -63 -64
leaf_value=0.3314002437310638 -0.19659880940747843 0.096733735091358311 0.16880391779386569 -1.6307085350369654 0.17025263178600988 0.30067908996381382 0.17139617156016596 0.4386161537218296 0.038426642448517144 -0.31088796015817355 -0.6007610957320173 -0.13653574281664957 0.068020570038956146 -0.038730727221279439 -0.21829004478337574 -0.027892616813776784 -0.070628222990714515 -0.23459797678108374 -0.25865080969427096 -1.1786421658971027 -1.2425207048382871 0.13820007731489178 -0.076681807502491359 -0.028045414745331357 -0.33696026359675435 -0.022546733642773112 -0.88876401584761977 -0.28309829893122396 -1.4591493546162064 -0.028317981547790617 -0.093360422443244329 0.16739433219186672 -0.60057919953802097 -0.76705080837787487 0.051308927674111549 0.24843297833318811 0.19161864625569242 0.068537632755841224 -0.34969096931017885 -0.19760977156422835 -0.039254154522458153 0.50183087080254762 -0.57770841432840736 -0.01571984590297917 -0.1628004592179805 -0.212516783840071 0.21890323763452058 0.52025552435744471 0.41820760933739765 -0.58381789162356179 0.12709477333443162 0.040595381351023981 0.10469695801119583 -0.019710729468786728 -0.30345863810021034 -0.20535624186344373 -0.91999531303455395 -0.16039179106515064 -0.52388576554909505 -0.10160157911743478 -0.20899524156026492 0.18063345810112169 -0.036370886077664644
leaf_weight=42384 12844 14977 8333 3374 9692 12137 35130 17854 11450 1666 1387 5563 20442 6905 6005 820 1723 1989 3331 56 494 17612 3362 6971 684 45203 409 40159 21 137 3013 17226 1797 539 19125 8935 3664 69304 368 1729 6529 12224 226 747 1764 1943 16502 17726 2268 84 16460 111 5776 620 241 1967 69 66 752 1110 111 3885 10086
leaf_count=42384 12844 14977 8333 3374 9692 12137 35130 17854 11450 1666 1387 5563 20442 6905 6005 820 1723 1989 3331 56 494 17612 3362 6971 684 45203 409 40159 21 137 3013 17226 1797 539 19125 8935 3664 69304 368 1729 6529 12224 226 747 1764 1943 16502 17726 2268 84 16460 111 5776 620 241 1967 69 66 752 1110 111 3885 10086
internal_value=0.000739456 0.00137295 0.00171767 3.60958e-05 0.000243676 0.00195355 0.00159176 0.000363323 0.000197677 3.79274e-05 0.000733642 -0.000294757 -0.000409547 -0.00234891 -0.00162502 -0.00639394 0.000253365 -0.00267646 -0.00202202 -0.00457755 -0.00560202 0.00269151 0.000383565 0.000527961 -0.00844758 5.15123e-05 -0.0105902 -0.00102187 -0.0004216 -0.0129873 0.00139614 0.00107125 -0.00881543 -0.00208784 1.88681e-05 0.00163555 0.000288927 0.000453463 -0.00279531 -0.00133333 0.00137467 0.00183254 0.000771214 -0.00368448 0.000748614 0.000324716 0.00158212 0.00235226 0.000297407 0.000926812 0.00112589 -0.000111914 0.000424665 -0.0043107 -0.0110511 -0.00018686 -0.00300589 0.00142246 -0.00390186 -0.00289272 -0.0119231 -0.000682507 -0.000993848
internal_weight=560081 294675 218534 265406 221873 182376 122380 209029 179611 161757 52328 109429 30668 10226 31932 3300 77497 18446 15074 5184 3372 59996 76141 36158 2480 60180 1796 43533 6926 631 110243 75113 1853 6102 27825 15961 7026 71395 2091 8700 29418 22889 10665 973 57887 38372 19515 21660 3934 26343 25038 8578 7606 972 352 13486 2036 5842 2741 1305 195 9890 12029
internal_count=560081 294675 218534 265406 221873 182376 122380 209029 179611 161757 52328 109429 30668 10226 31932 3300 77497 18446 15074 5184 3372 59996 76141 36158 2480 60180 1796 43533 6926 631 110243 75113 1853 6102 27825 15961 7026 71395 2091 8700 29418 22889 10665 973 57887 38372 19515 21660 3934 26343 25038 8578 7606 972 352 13486 2036 5842 2741 1305 195 9890 12029
is_linear=0
shrinkage=0.05


Tree=58
num_leaves=64
num_cat=0
split_feature=8 27 42 44 38 11 37 7 23 5 12 22 37 4 12 23 30 6 38 27 31 27 42 7 5 44 23 3 31 14 9 30 38 40 2 29 28 16 11 36 35 3 18 10 7 16 34 29 23 14 37 31 38 41 7 40 5 19 16 42 12 44 29
split_gain=71.0288 38.5824 28.3348 21.7764 21.9754 17.7753 15.1165 13.9786 16.4284 12.1565 11.5566 12.0316 11.0108 13.0103 13.5438 11.2817 13.0832 14.5331 10.9477 10.8213 10.7036 10.4151 9.42372 9.22589 9.48644 9.48515 9.78845 9.15669 8.76864 8.24893 8.20845 8.38339 8.1922 10.2184 8.09519 8.08193 16.0111 10.3205 16.8121 9.8846 8.3084 8.05756 8.01318 8.17987 8.00054 7.9834 7.79579 7.77293 7.5042 7.48514 9.17702 10.8817 8.21652 7.47037 7.37438 7.34091 7.20638 7.17312 7.12203 8.15654 10.8769 8.56593 7.05923
threshold=5.8000000000000087 22.050000000000004 6.0500000000000007 -508.49999999999989 36.250000000000007 -0.60355339059327362 92.500000000000014 108.1324561403509 20.750000000000004 45.525000000000006 -0.70710678118654757 76.500000000000014 69.500000000000014 59.025000000000006 -0.78656609248549325 28.550000000000004 14.500000000000002 30.983333333333345 29.350000000000005 29.550000000000004 13.825745556975466 58.050000000000004 13.950000000000005 45.897916666666681 51.525000000000006 -2898.7499999999995 33.250000000000007 38.525000000000006 5.6284401684998153 8.5000000000000018 35.850000000000001 5.5000000000000009 29.950000000000003 988.75000000000011 44.025000000000006 80.729210087346516 2.3750000000000004 -20.070779799569099 1.0000000180025095e-35 352.50000000000006 -0.18222858652173743 266.25000000000006 15.15 19.125000000000004 404.23958333333343 -10.962943036158618 -0.97233289553061575 1.0000000180025095e-35 9.4500000000000011 7.5000000000000009 93.500000000000014 1.4001853198729013 26.150000000000002 6991.7500000000009 52.499260869565227 975.75000000000011 261.75000000000006 -0.96359376111369355 2.5649960641272909 -4.6499999999999986 0.91597561503675351 -408.74999999999994 0.20492738769243232
decision_type=8 8 2 2 2 2 2 10 2 8 2 2 2 10 2 2 2 10 2 8 2 10 2 8 10 2 2 8 2 2 10 2 2 2 10 2 2 2 2 2 2 8 2 8 10 2 2 2 2 2 2 2 2 2 8 2 10 2 2 2 2 2 2
left_child=1 30 7 5 6 34 19 8 -3 48 11 32 20 14 18 -15 17 42 27 -5 21 47 35 -22 25 26 -25 -14 44 46 -1 -32 33 -7 -2 37 39 38 -21 54 -40 55 43 -17 -12 56 -4 -10 -9 50 58 -52 -53 -13 -37 62 -35 -50 -16 60 61 -60 -39
right_child=3 2 29 4 -6 10 -8 9 12 -11 28 53 13 15 49 16 -18 -19 -20 22 23 -23 -24 24 -26 -27 -28 -29 -30 -31 31 -33 -34 45 -36 36 -38 41 40 -41 -42 -43 -44 -45 -46 -47 -48 -49 57 -51 51 52 -54 -55 -56 -57 -58 -59 59 -61 -62 -63 -64
leaf_value=0.27981648634801304 0.035647441206783002 0.52131233465070292 0.15817260580774217 0.072053076181013642 0.18855166402207801 -0.18652875801105934 -0.18192003628337788 -2.8210636283022308 0.081581029354972801 0.11247358318162959 0.13936484131578572 -0.072026787841982728 -0.078200897528067193 0.065825910639663573 0.12028741395152819 0.040593132397975219 -0.74144512437076493 -0.1034438162642756 0.0066557617672574846 0.041268209872592262 0.098787696714900175 0.096136953059752381 -0.22904155723116848 -0.29266991415342541 0.11159251090936247 -0.047741065001382928 -0.063946340381804925 -0.46549336769222355 0.37541333644559916 0.15388623119027947 0.13390030701336678 0.39646472320918674 0.10968971603478457 -0.20628398807776127 -0.14183365161660264 -0.92385908228393532 0.028733270340861788 -0.11441513872301075 -0.34743990088955745 0.0013004691140973083 -0.55885788311305584 -0.19673861903598486 -0.033202673936275087 -0.49299363403067248 -2.3350883603979256 0.30385198937391023 -0.039698020035562123 0.27151414782881028 -0.624747710937819 0.15711781081435117 -0.061343671985236749 -0.59738147544858777 -0.23887105114193974 -0.34715378660748364 -0.55528171850404073 0.032915766183167619 -7.5741723364619391 -0.110548687637748 -0.084960733543682887 0.057904902203920416 -0.34201938392558928 -0.52646521711044902 0.057679729074004864
leaf_weight=18420 12460 16469 3645 18171 10957 4540 11019 23 15414 32044 31405 668 902 6549 13480 107 176 3001 3648 564 7121 20132 8682 919 4402 3077 600 582 13277 9388 32707 6435 15595 114 12696 689 4268 9389 216 982 243 16173 243 452 78 3802 40851 41628 477 21943 2213 134 154 493 2022 65173 54 1408 838 1834 256 33 4646
leaf_count=18420 12460 16469 3645 18171 10957 4540 11019 23 15414 32044 31405 668 902 6549 13480 107 176 3001 3648 564 7121 20132 8682 919 4402 3077 600 582 13277 9388 32707 6435 15595 114 12696 689 4268 9389 216 982 243 16173 243 452 78 3802 40851 41628 477 21943 2213 134 154 493 2022 65173 54 1408 838 1834 256 33 4646
internal_value=0.000720887 0.00122351 0.000958771 9.01055e-05 -0.000278927 0.000684058 -0.000445137 0.00123263 0.00142138 0.000308082 0.00109359 0.000238661 0.00125662 0.000706075 0.00106884 -0.000879559 -0.00297939 -0.00236261 -0.0013523 -0.000295767 0.00159031 0.00183507 -0.00047781 0.00041845 -0.000645699 -0.00223455 -0.00546741 -0.00497305 0.00157618 -5.90155e-05 0.00239238 0.00198278 0.000478117 -0.000769683 -0.000455955 -0.000346141 -0.00187728 -0.0002197 -0.00521505 -0.00428784 -0.0123203 -0.000166123 -0.00834165 -0.0116369 0.00112172 0.00108312 -0.000343177 0.00218015 -0.00356918 0.00137275 0.000644599 -0.00217713 -0.0113194 -0.00473299 -0.00584471 4.15364e-05 -0.00958333 -0.00322281 0.00107384 -0.00114657 -0.00449423 -0.00183123 -0.000995725
internal_weight=560081 311705 254143 248376 153194 95182 142237 200259 166307 33952 70026 25266 149838 56545 46017 10528 3979 3803 5132 131218 93293 77174 113047 16119 8998 4596 1519 1484 44760 53884 57562 39142 24105 8510 25156 104365 7961 96404 1023 3693 459 95381 802 559 31483 3970 44496 57042 1908 40885 18942 2501 288 1161 2711 79208 168 1885 16441 2961 1127 871 14035
internal_count=560081 311705 254143 248376 153194 95182 142237 200259 166307 33952 70026 25266 149838 56545 46017 10528 3979 3803 5132 131218 93293 77174 113047 16119 8998 4596 1519 1484 44760 53884 57562 39142 24105 8510 25156 104365 7961 96404 1023 3693 459 95381 802 559 31483 3970 44496 57042 1908 40885 18942 2501 288 1161 2711 79208 168 1885 16441 2961 1127 871 14035
is_linear=0
shrinkage=0.05


Tree=59
num_leaves=64
num_cat=0
split_feature=0 0 1 0 14 1 34 44 23 27 37 0 27 40 23 14 43 44 14 14 7 32 40 38 23 5 39 39 37 26 9 10 25 14 25 29 43 43 14 4 36 19 45 42 10 11 36 0 3 41 4 33 44 12 9 4 37 2 40 5 12 37 36
split_gain=88.0872 36.2433 30.1978 21.2911 23.1372 17.5219 16.1553 15.88 15.6506 19.618 14.7226 13.9704 12.1984 11.6344 11.3887 11.0375 10.5425 8.86126 8.81944 9.73477 9.07238 9.02676 8.73412 9.04355 8.57729 9.29864 9.20962 8.45718 8.07203 8.46744 8.02091 7.97973 8.36219 7.91798 14.5978 8.79973 8.10316 7.75817 7.53976 12.4771 7.48518 8.5153 7.64307 13.6854 8.01329 7.92525 7.38412 7.28775 11.014 7.27857 6.84085 6.79247 7.56694 6.76347 6.74612 6.67735 6.6499 8.93763 7.53084 9.89297 6.89411 6.61946 7.83523
threshold=30.050000000000004 84.02500000000002 32.050000000000004 10.042500000000002 5.5000000000000009 62.625000000000007 -0.79863551004729294 -5262.2499999999991 21.050000000000004 55.550000000000004 49.500000000000007 228.25000000000003 20.950000000000003 988.05000000000007 22.350000000000005 4.5000000000000009 130.62500000000003 8205.2500000000018 6.5000000000000009 7.5000000000000009 39.601250000000007 -14.07928976110785 977.1500000000002 25.550000000000004 34.350000000000001 39.975000000000009 1.0000000180025095e-35 0.15000000000000005 58.500000000000007 8992.2500000000018 115.25000000000001 10.625000000000002 990.45000000000016 3.5000000000000004 985.45000000000016 0.69409203854409585 -1007.4999999999999 -242.49999999999997 11.500000000000002 220.75000000000003 42.500000000000007 0.31729257441605213 1.5000000000000002 -0.49999999999999972 27.825000000000006 0.60355339059327384 332.50000000000006 685.00000000000011 116.25000000000001 364.75000000000006 18.050000000000004 11.550000000000002 -25896.499999999996 1.0000000180025095e-35 236.25000000000003 185.75000000000003 65.500000000000014 134.25000000000003 975.6500000000002 21.525000000000002 -0.9159756150367534 92.500000000000014 180.62500000000003
decision_type=2 2 10 2 2 8 2 2 2 8 2 2 10 2 2 2 2 2 2 2 8 2 2 2 2 8 2 2 2 2 10 8 2 2 2 2 2 2 2 8 2 2 2 2 10 2 2 2 8 2 8 2 2 2 10 8 2 8 2 8 2 2 2
left_child=3 2 14 -1 30 -3 -6 -8 16 18 51 13 -9 -7 17 -12 -4 -2 33 20 -20 -21 23 37 -22 26 -26 28 31 61 -5 32 -13 34 35 36 -10 -14 47 -40 -15 -42 44 45 -43 -44 -17 49 -49 55 -25 -11 -53 -29 56 -33 -16 60 59 -59 -58 -30 -63
right_child=1 5 8 4 6 11 7 12 9 10 15 27 22 40 54 46 -18 -19 19 21 24 -23 -24 50 25 -27 -28 53 29 -31 -32 38 -34 -35 -36 -37 -38 -39 39 -41 41 42 43 -45 -46 -47 -48 48 -50 -51 -52 52 -54 -55 -56 -57 57 58 -60 -61 -62 62 -64
leaf_value=0.28454509143785872 0.38231228802937722 -0.52065136295664638 0.45319979345816197 0.2441196004436948 0.15307477224720734 -0.05567937585231976 0.14701083776607052 0.078849356814994789 -1.0910200294157562 0.21853381126085236 -0.18216013188817812 -5.7302478661287051 -0.43910741345759957 0.73099849016505558 0.010589127836722768 0.041386140299228415 -0.042626227621795097 -0.23504512342198769 0.048291784136356083 -0.1557151219585125 -0.090221397352167484 0.11952873743659416 0.053731398753042371 -0.097622855463782354 -0.4885881344435381 0.041180462093694928 0.08817916500364735 -1.1892899975332394 -0.019405996303003947 -5.487379397585471 0.071782942964099483 -3.2320391739171317 0.35849353343292595 0.22680406035461781 0.16680617471778122 -0.044500639405715942 -0.26919465521117225 -0.1837803234224441 0.24125374608827316 -1.5410550442073243 0.17602426776061472 0.6225273440741067 -0.75500888676270694 -0.26594776942340637 -0.34886560698431385 -1.6619028913586629 -0.079810037500191111 -12.065177147599025 -1.9368488776827957 -0.15977866532845711 -0.0048424503591310772 -0.29945879734725728 0.054939829401016431 -5.307169493890239 -0.31766787023028892 -1.1233666513827396 -0.22548939200575099 -0.78695526260586401 -0.11400225269259703 -0.27912310976788407 -0.036733557770996357 -1.0101661414074641 -6.2251797630825969
leaf_weight=17595 4408 8366 20535 28143 27445 67190 20121 28949 53 14960 5805 313 50 7455 19647 22035 3243 378 7641 659 5071 26069 11294 4517 276 211 101 116 15778 112 6478 163 161 46156 7727 4316 767 1412 648 1146 21992 1638 218 980 3725 148 12517 68 405 6470 16120 869 27479 112 2013 351 1747 152 918 614 21979 1987 69
leaf_count=17595 4408 8366 20535 28143 27445 67190 20121 28949 53 14960 5805 313 50 7455 19647 22035 3243 378 7641 659 5071 26069 11294 4517 276 211 101 116 15778 112 6478 163 161 46156 7727 4316 767 1412 648 1146 21992 1638 218 980 3725 148 12517 68 405 6470 16120 869 27479 112 2013 351 1747 152 918 614 21979 1987 69
internal_value=0.000701604 0.000301377 0.000652149 0.00168402 0.0014841 -0.000347716 0.00112904 0.000779319 0.000923047 0.000766014 0.000202295 -0.000206293 0.000385134 6.17346e-05 -0.000426566 -0.000484798 0.0021297 0.0018972 0.00124219 0.000669282 -0.00043609 0.00121932 -0.000266074 -0.000844156 -0.00195353 -0.00767007 -0.012374 -0.00119915 -0.00112013 -0.000491474 0.00261128 -0.00228021 -0.00860759 0.00163075 0.000533701 -0.00153232 -0.00628049 -0.00464432 -0.001956 -0.00486622 0.000784932 0.000418278 -0.001141 -0.00450966 -0.000295543 -0.0127596 -0.000145867 -0.00125587 -0.00726216 -0.000849083 -0.000574938 0.00084257 0.000387682 -0.0107895 -0.000662842 -0.00657588 -0.00053632 -0.00107044 -0.00459026 -0.00825065 -0.000820619 -0.000405405 -0.00307393
internal_weight=560081 397957 258346 162124 144529 139611 109908 82463 206490 182712 83665 131245 62342 103346 51856 40357 23778 4786 99047 40028 13300 26728 33393 22099 5659 588 377 27899 27671 17946 34621 9725 474 59019 12863 5136 820 1462 9251 1794 36156 28701 6709 1346 5363 366 34552 7457 473 6984 20637 43308 28348 228 47070 514 45057 25410 1684 766 23726 17834 2056
internal_count=560081 397957 258346 162124 144529 139611 109908 82463 206490 182712 83665 131245 62342 103346 51856 40357 23778 4786 99047 40028 13300 26728 33393 22099 5659 588 377 27899 27671 17946 34621 9725 474 59019 12863 5136 820 1462 9251 1794 36156 28701 6709 1346 5363 366 34552 7457 473 6984 20637 43308 28348 228 47070 514 45057 25410 1684 766 23726 17834 2056
is_linear=0
shrinkage=0.05


Tree=60
num_leaves=64
num_cat=0
split_feature=8 27 42 38 44 36 37 7 23 11 39 38 43 5 27 17 31 44 42 27 17 45 25 18 43 38 19 7 11 4 42 11 3 29 28 36 38 27 23 28 7 34 9 30 7 31 7 43 10 25 15 23 20 34 17 18 16 25 12 6 9 44 21
split_gain=61.0401 33.2477 26.882 21.2871 20.4349 17.2196 13.988 12.7914 14.6415 12.6742 11.5303 14.831 11.3751 10.7708 10.2638 9.14632 8.90182 8.83046 8.7324 8.36074 8.30776 8.22005 8.39594 8.73885 8.6888 8.12416 14.5518 9.77822 8.73594 7.99806 9.18525 7.92136 7.91547 8.56236 13.0425 7.8477 7.87353 8.51665 7.5914 7.57581 8.57173 7.48238 7.47468 7.7285 7.44289 10.808 7.2671 8.45369 7.21842 8.28648 7.38197 7.008 6.87092 6.63944 6.61334 6.59695 8.7184 7.73002 7.83074 7.18523 6.34699 7.13246 14.2003
threshold=4.8000000000000034 22.050000000000004 6.0500000000000007 37.350000000000001 -508.49999999999989 287.50000000000006 92.500000000000014 108.1324561403509 25.850000000000005 -0.78656609248549292 1.0000000180025095e-35 29.350000000000005 -1007.4999999999999 45.525000000000006 29.550000000000004 -20.963925122287204 5.4310706606851538 -1807.2500000000002 13.950000000000005 75.050000000000011 5.8214873607211617 1.5000000000000002 973.25000000000011 2.8500000000000001 126.87500000000001 31.250000000000004 0.92384435400961407 38.725543478260882 0.37940952255126054 364.25000000000006 -7.4999999999999964 -0.9159756150367534 266.25000000000006 87.871760441173095 2.3750000000000004 256.25000000000006 32.850000000000001 128.25000000000003 9.4500000000000011 1.1050000000000002 36.792291666666678 0.71322329076259938 40.550000000000004 4.5000000000000009 66.31277173913044 12.040240611890987 404.23958333333343 -47.499999999999993 89.425000000000026 993.05000000000007 1.0000000180025095e-35 21.650000000000002 0.77714596145697079 0.9681107762825325 -9.2198883692738622 11.65 8.3063857052889194 981.05000000000007 -0.3794095225512602 48.20833333333335 65.050000000000011 10489.500000000002 192.50000000000003
decision_type=8 8 2 2 2 2 2 10 2 2 2 2 2 8 8 2 2 2 2 10 2 2 2 2 2 2 2 10 2 10 2 2 8 2 2 2 2 10 2 2 10 2 10 2 10 2 10 2 10 2 2 2 2 2 2 2 2 2 2 10 10 2 2
left_child=1 42 7 4 5 9 14 8 12 -2 19 39 -3 38 -6 53 46 -14 20 21 32 22 23 24 -10 26 41 28 -28 -17 -31 -15 33 -16 35 36 -35 -38 -9 55 -41 -22 -1 -44 -24 -46 -11 -48 50 -50 -8 54 -21 -7 -36 56 -12 -57 -59 -60 -4 -62 -63
right_child=3 2 60 -5 6 15 48 13 10 16 11 -13 17 31 18 29 -18 -19 -20 52 25 -23 44 -25 -26 -27 27 -29 -30 30 -32 -33 -34 34 51 -37 37 -39 -40 40 -42 -43 43 -45 45 -47 47 -49 49 -51 -52 -53 -54 -55 -56 57 -58 58 59 -61 61 62 -64
leaf_value=0.25068477159505431 -0.059914020031691176 -0.2390020434461384 0.059316565262657141 0.2280908337178271 0.068852376519743963 -0.31775983118099099 -0.16418756376520688 -2.6865441931666587 -0.378619753218708 0.13558671281501311 -0.1351745253027461 0.12622768957302952 0.42706256114282387 -0.23833841521726917 0.036913471114697755 -0.0083789762997846916 0.35898541888104979 0.2052308140500248 -0.19809343790411205 0.050757920240835565 -0.22962451022326402 -0.033087826793540526 0.16220891401647672 0.046581476546952112 0.08756157209224312 0.10568086789743179 -0.039050604801348546 -0.15508322073861802 -0.47236237032971379 -8.5575743105457303 -4.5297504111992657 0.20078141244708531 -0.17774398606348954 -0.53388075871838658 -2.8177412434861751 -0.025690892101553377 -1.3721587414280814 -5.829678662383702 -0.29373722310737466 -0.0028314532994677486 -0.45601509576726074 -0.020048598499214778 0.11366160173412319 0.35121663457742386 0.18395048846661222 -0.13649023678871633 -3.597390877131025 2.8550985644749858 -1.6030466255922897 -4.6206113606867563 0.38718771879263203 0.21249655129481684 -0.2584081678876175 -1.0163365709342229 -0.25442694230505586 0.065998927785211409 -0.43473370880609674 -0.35974336720761774 0.045491775114200682 -0.95742302375426136 -0.0017336923155450989 -0.27881365259335433 -0.020346333077422646
leaf_weight=21031 8377 288 17686 13392 19801 136 10341 23 156 30616 2493 7052 17140 5552 65336 41083 13916 20507 9030 7915 10388 5866 59765 14694 133 4153 69 205 209 25 57 26131 15040 1758 50 1083 116 105 1832 285 377 8218 28236 6728 13704 2993 42 45 382 42 602 2813 1460 48 67 4737 267 325 515 73 24702 3273 6597
leaf_count=21031 8377 288 17686 13392 19801 136 10341 23 156 30616 2493 7052 17140 5552 65336 41083 13916 20507 9030 7915 10388 5866 59765 14694 133 4153 69 205 209 25 57 26131 15040 1758 50 1083 116 105 1832 285 377 8218 28236 6728 13704 2993 42 45 382 42 602 2813 1460 48 67 4737 267 325 515 73 24702 3273 6597
internal_value=0.000679018 0.00116062 0.000910822 0.000113281 6.81968e-06 0.000583232 -0.000356189 0.0011816 0.00136692 0.0011799 0.0011017 -0.000144505 0.00222552 0.000293399 -0.000217746 -0.000181504 0.00151494 0.00230125 -0.000393628 0.00129005 -0.000270504 0.00142743 0.00154382 0.000461523 -0.00814879 -0.00110963 -0.00154565 -0.0101139 -0.016223 -0.000131787 -0.0157317 0.000510211 -4.46923e-05 0.000175107 -0.00163384 -0.00391574 -0.00578828 -0.0146833 -0.0034097 -0.00148148 -0.00663142 -0.00132323 0.00226047 0.00181244 0.00175591 0.000822603 0.00103948 -0.0133908 -0.00204232 -0.0084434 -0.0017943 0.000750853 -0.000136 -0.0113043 -0.0112393 -0.0010761 -0.00307971 -9.73449e-05 -0.00430997 -0.000867347 -9.58703e-05 -0.000489992 -0.00162614
internal_weight=560081 302536 246541 257545 244153 94345 149808 194283 160745 52996 122810 16124 37935 33538 138441 41349 44619 37647 118640 106686 109610 97311 91445 14983 289 23242 19089 483 278 41165 82 31683 86368 71328 5992 3062 1979 221 1855 9072 662 18606 55995 34964 76462 16697 30703 87 11367 424 10943 2930 9375 184 117 8410 2760 5650 913 588 52258 34572 9870
internal_count=560081 302536 246541 257545 244153 94345 149808 194283 160745 52996 122810 16124 37935 33538 138441 41349 44619 37647 118640 106686 109610 97311 91445 14983 289 23242 19089 483 278 41165 82 31683 86368 71328 5992 3062 1979 221 1855 9072 662 18606 55995 34964 76462 16697 30703 87 11367 424 10943 2930 9375 184 117 8410 2760 5650 913 588 52258 34572 9870
is_linear=0
shrinkage=0.05


Tree=61
num_leaves=64
num_cat=0
split_feature=0 0 23 37 31 27 1 43 0 11 14 21 27 14 13 34 41 37 16 8 13 23 36 38 11 36 27 8 33 2 7 1 14 37 16 5 12 10 37 19 21 37 35 23 38 38 31 9 13 17 20 14 26 30 13 19 10 38 38 1 14 43 11
split_gain=79.621 37.3145 30.1634 25.4157 27.1217 23.4427 19.69 18.2961 16.7101 15.8151 15.4939 14.5615 12.853 11.7947 12.8719 10.9065 11.6021 13.4476 13.0653 12.591 20.3739 13.6174 10.3668 16.1442 13.0346 10.2769 10.1184 10.1124 9.77965 9.31445 8.95738 13.9823 8.72441 8.43627 8.30902 9.09219 8.27017 9.40375 8.21283 8.04453 7.99459 15.6881 10.5648 10.3083 12.4557 10.9362 7.86732 7.72238 7.70172 9.50274 7.94171 7.9024 11.1298 12.1538 7.62006 12.0538 7.94873 9.71425 7.61839 7.54285 10.0488 9.19847 8.70447
threshold=65.625000000000014 17.550000000000004 21.350000000000005 52.500000000000007 11.193468346620987 40.050000000000004 56.525000000000006 267.50000000000006 165.25000000000003 -0.78656609248549292 8.5000000000000018 1277.5000000000002 53.050000000000004 9.5000000000000018 1.0000000180025095e-35 -0.82409480842201666 7325.7500000000009 71.500000000000014 -6.4332668661830583 -29.974999999999994 1.0000000180025095e-35 31.650000000000002 507.50000000000006 23.050000000000004 0.91597561503675362 136.25000000000003 13.050000000000002 1.0000000180025095e-35 23.550000000000004 19.950000000000003 80.472916666666691 24.025000000000002 5.5000000000000009 79.500000000000014 10.960168008209063 21.950000000000003 0.1294095225512602 19.325000000000006 98.500000000000014 0.25881904510252091 1117.5000000000002 30.500000000000004 0.36648727148060622 14.350000000000003 11.550000000000002 30.450000000000003 9.1145161027211312 147.25000000000003 3.5000000000000004 -22.742606252990246 0.9482875459472353 4.5000000000000009 459.50000000000006 41.500000000000007 1.5000000000000002 -0.91702515554752051 51.225000000000009 27.450000000000003 28.050000000000004 132.25000000000003 11.500000000000002 862.50000000000011 -0.78656609248549292
decision_type=2 2 2 2 2 8 8 2 2 2 2 2 8 2 2 2 2 2 2 8 2 2 2 2 2 2 10 8 2 10 10 10 2 2 2 8 2 10 2 2 2 2 2 2 2 2 2 10 2 2 2 2 2 2 2 2 8 2 2 8 2 2 2
left_child=1 26 7 4 12 11 -2 -3 13 30 22 15 -4 14 38 39 17 -17 -19 20 33 -22 23 24 -7 -26 -1 -25 32 54 -6 47 -28 -20 59 -36 -23 -38 -8 -5 42 -42 -16 -44 -45 -46 -24 -32 49 50 -14 -50 53 -53 55 56 -21 -58 -29 -10 -61 62 -62
right_child=6 2 3 5 9 10 8 -9 34 -11 -12 -13 48 -15 40 16 -18 18 19 29 21 36 46 27 25 -27 28 58 -30 -31 31 -33 -34 -35 35 -37 37 -39 -40 -41 41 -43 43 44 45 -47 -48 -49 51 -51 -52 52 -54 -55 -56 -57 57 -59 -60 60 61 -63 -64
leaf_value=0.22731108878260581 -0.25069577737915666 0.4513966269813221 0.27246508862719193 0.22038840152712158 -0.032531482316900187 -0.20369891418174038 0.24868470308195756 -0.13733318135567821 -0.93863618116385372 0.076965905646954935 0.12744837344187185 -0.097978650557841454 -0.13685021805363337 0.30579263776333038 0.068404189019321507 0.25590034262443934 -0.015208664818084651 0.14464108338976719 -0.19009696311945368 -0.31084985157193129 0.20401447491855371 -0.24561722046726508 -0.11067743564809283 0.073095749112228381 -0.057120189381147317 -0.63226021986966574 0.23777012268477693 -0.09728399720415401 -0.10786429636065656 0.050090964466411862 -0.23874529301305222 -0.19617629022095961 0.10104135249841933 -0.64898372133582172 -2.0408499744411004 0.21188509332066482 0.012208821573310269 -0.54071005704173558 -0.76206990983542566 0.024314821616447112 0.0656567781853266 -0.26804548725140637 0.36536657609333911 -1.4550652564396842 -0.19103988162379013 0.25914572831950916 0.11970112981208986 -1.5730180116975896 0.41639485693311146 0.049051862345956918 -0.79322248047388866 0.0066875929549047308 0.1217732079139255 -0.63088280725757129 -0.038462371198603414 -0.10385776153106763 0.17966516293123169 -0.48389439667289569 0.024664243366429001 -0.13906069416989972 -1.748099153291242 -1.0853094206565677 -0.60553225444708003
leaf_weight=23462 17591 20993 36428 15251 10001 1447 14948 1794 3653 25272 12504 5016 44 23158 45564 11885 20876 24703 64 352 641 85 16907 18817 75 152 6477 14053 1568 15777 174 2076 25710 193 126 10539 22 62 22 5475 5671 5536 5156 175 20952 3093 1880 114 7947 17124 45 250 4693 179 3105 694 20 53 11583 29242 1160 30 7422
leaf_count=23462 17591 20993 36428 15251 10001 1447 14948 1794 3653 25272 12504 5016 44 23158 45564 11885 20876 24703 64 352 641 85 16907 18817 75 152 6477 14053 1568 15777 174 2076 25710 193 126 10539 22 62 22 5475 5671 5536 5156 175 20952 3093 1880 114 7947 17124 45 250 4693 179 3105 694 20 53 11583 29242 1160 30 7422
internal_value=0.000660539 0.00109458 0.00087729 0.000737819 0.00135974 0.000380644 -0.000158268 0.00262803 7.65289e-07 0.000286553 -0.000278488 0.000870016 0.00196522 0.000316033 8.29239e-05 0.00100284 0.000733586 0.00109928 0.000710166 -0.000204575 -0.00549672 -0.00160494 -0.000588933 -0.000185683 -0.00500597 -0.0161454 0.00226742 -4.16151e-06 0.00171308 7.77463e-05 -0.00117873 -0.0039467 0.00190092 -0.0177626 -0.000750211 0.000494609 -0.0142308 -0.0253571 0.00143621 0.00202306 -0.00015224 -0.00139779 3.40274e-05 -0.000705337 -0.00113749 -0.00104076 -0.00157902 -0.0142708 0.00120402 0.000509208 -0.0157865 0.00211914 0.000587661 -0.00712121 -0.00200758 -0.00554513 -0.0121765 -0.0271918 -0.000650257 -0.00107006 -0.000860675 -0.00236182 -0.00226521
internal_weight=560081 366043 308826 286039 104347 181692 194038 22787 176447 37637 77418 104274 66710 124275 101117 99258 78532 57656 45771 21068 1067 810 64914 46127 1674 227 57217 44453 33755 20001 12365 2364 32187 257 52172 10665 169 84 14970 20726 86147 11207 74940 29376 24220 24045 18787 288 30282 17213 89 13069 5122 429 4224 1119 425 73 25636 41507 37854 8612 8582
internal_count=560081 366043 308826 286039 104347 181692 194038 22787 176447 37637 77418 104274 66710 124275 101117 99258 78532 57656 45771 21068 1067 810 64914 46127 1674 227 57217 44453 33755 20001 12365 2364 32187 257 52172 10665 169 84 14970 20726 86147 11207 74940 29376 24220 24045 18787 288 30282 17213 89 13069 5122 429 4224 1119 425 73 25636 41507 37854 8612 8582
is_linear=0
shrinkage=0.05


Tree=62
num_leaves=64
num_cat=0
split_feature=0 9 25 41 38 39 40 13 8 10 42 11 25 23 28 30 32 37 0 22 27 17 31 17 23 0 25 45 16 5 11 45 31 26 13 43 45 45 33 36 37 33 44 9 16 38 18 2 27 5 7 38 16 43 40 22 40 17 22 22 20 39 13
split_gain=73.3435 35.0716 30.7231 26.6921 25.6178 16.6075 16.3246 16.5276 16.1041 16.0389 14.9319 14.8419 14.9794 12.7271 12.0025 12.4337 11.5943 11.4204 11.3788 10.9921 10.8256 10.8191 12.0796 10.6877 10.5882 9.98853 9.74457 9.67775 9.65233 9.38484 10.8015 8.9582 9.05449 13.1471 8.91423 9.09656 8.3663 7.97206 7.73761 8.36957 7.70208 9.21694 7.64285 9.83408 7.51834 7.31643 8.97572 8.20991 7.14219 9.33904 7.40477 7.10435 8.4608 7.08898 9.79789 9.22199 7.04313 10.1343 10.2853 6.86413 7.33859 6.78161 6.67838
threshold=60.625000000000007 37.95000000000001 978.35000000000002 2559.2500000000005 30.750000000000004 1.0000000180025095e-35 977.05000000000007 4.5000000000000009 1.3000000000000027 10.625000000000002 10.850000000000003 -0.9159756150367534 987.55000000000007 30.950000000000003 4.8650000000000011 10.500000000000002 2.5051158172811809 51.500000000000007 183.75000000000003 16.500000000000004 29.350000000000005 16.735800644836935 8.966696985087113 3.8040107877276013 23.550000000000004 11.350000000000003 972.6500000000002 1.5000000000000002 -14.78875984322792 91.02500000000002 -0.60355339059327362 1.5000000000000002 17.478818107658039 1130.7500000000002 5.5000000000000009 862.50000000000011 1.5000000000000002 1.5000000000000002 12.250000000000002 502.50000000000006 31.500000000000004 12.550000000000002 -881.74999999999989 125.25000000000001 -13.155375640528083 28.050000000000004 10.950000000000001 18.050000000000004 80.02500000000002 47.525000000000006 37.887019927536237 36.45000000000001 16.881652992496342 962.50000000000011 980.95000000000016 34.500000000000007 983.1500000000002 3.9245158285618329 60.500000000000007 66.500000000000014 -0.27563735581699894 0.55000000000000016 5.5000000000000009
decision_type=2 10 2 2 2 2 2 2 10 8 2 2 2 2 2 2 2 2 2 2 8 2 2 2 2 2 2 2 2 10 2 2 2 2 2 2 2 2 2 2 2 2 2 10 2 2 2 10 10 10 8 2 2 2 2 2 2 2 2 2 2 2 2
left_child=1 25 8 24 6 9 -5 13 10 31 23 -11 14 19 15 16 53 -9 -14 -8 -21 44 -23 26 -4 -1 -3 61 -17 -15 -31 32 -2 -34 -12 -36 51 -26 -22 48 -30 -42 43 -33 -16 46 47 -10 -40 -50 -51 52 -6 -13 -55 -56 57 -20 -59 -7 -61 -27 -43
right_child=5 2 3 4 36 59 7 17 45 11 34 12 18 29 21 28 -18 -19 56 20 38 22 -24 -25 37 27 -28 -29 40 30 -32 42 33 -35 35 -37 -38 -39 39 -41 41 62 -44 -45 -46 -47 -48 -49 49 50 -52 -53 -54 54 55 -57 -58 58 -60 60 -62 -63 -64
leaf_value=0.25784736391822383 -0.08911237090586753 -0.052955217099273005 0.48532316981940388 -0.13651546114069288 0.15749515911415229 -0.093619379314785381 -0.39278928185932871 0.36038562018618175 -0.33320531606709647 -0.2139860035371943 -0.027700782190885329 -0.069620768788835011 0.25581163834970672 -0.14585960312760793 0.65669405634547107 0.27595732857885447 0.14256899275999674 0.02649281834457495 0.41620399311287137 0.11526239334127097 0.18556844960306651 0.0010855263829588542 -1.995829864802797 0.1473044774886105 0.22837393089369284 0.18028855055250018 0.070286213392756577 -0.028983610833302892 -0.021175173149493787 -1.3383109424984485 -0.088192982345755705 -1.2110437284068587 -2.2215106312591049 -0.15416046085045318 -0.20376288384543209 -0.37735219031735912 -0.016447009968489409 -0.027235831028795145 0.029857114874044355 -0.12543110630854937 -0.10494731180614086 -0.39691829009379609 -0.49782850112875626 -4.2085434264555603 0.09447737860947214 0.0033282760394214963 -0.019966376443505001 -0.0995879874283844 0.022164096851786854 -0.47763071840346927 -0.44618633846702488 0.24800180899494229 -0.026202303280075737 0.16232099530203956 -0.62170503637291707 -1.1459756571924902 0.011136572305281036 0.93567372440363483 -2.6321267807596822 -0.15262134885209869 -0.74618767994514401 -0.016177424869849837 0.14787324115663489
leaf_weight=14530 8722 10139 15222 2815 26613 3716 166 7600 1243 17331 4820 47556 40132 3204 3984 2236 24214 7655 85 8353 3582 165 114 32704 24928 43342 34309 4243 5302 83 88 730 376 592 1333 60 4719 3553 10325 6114 5049 7455 1673 187 17029 37626 11327 4998 859 84 688 11782 4108 295 155 147 21530 27 50 2083 2094 3123 714
leaf_count=14530 8722 10139 15222 2815 26613 3716 166 7600 1243 17331 4820 47556 40132 3204 3984 2236 24214 7655 85 8353 3582 165 114 32704 24928 43342 34309 4243 5302 83 88 730 376 592 1333 60 4719 3553 10325 6114 5049 7455 1673 187 17029 37626 11327 4998 859 84 688 11782 4108 295 155 147 21530 27 50 2083 2094 3123 714
internal_value=0.000643487 0.00109298 0.000850587 0.00136596 0.000910986 -8.48447e-05 0.000141042 0.000354604 0.000320405 1.45756e-06 0.000759012 0.000112621 0.000249916 -0.000265903 -8.89305e-05 -0.000333806 -2.43894e-05 0.00171911 0.000877006 5.98258e-05 0.000130812 0.000982059 -0.00879928 0.000948906 0.00239492 0.0021374 0.000444115 0.00180622 -0.0014126 -0.00317778 -0.0145906 -0.00175081 -0.00105263 -0.0056405 -0.00159907 -0.00512204 0.00175257 0.00182595 -0.00045908 -0.000879911 -0.00178726 -0.00243305 -0.00436293 -0.00803162 0.00111193 -0.000342066 -0.00118454 -0.0027071 -0.000110405 -0.00318516 -0.00717617 0.00197433 0.001574 -0.000473179 -0.00588777 -0.0122185 -4.56388e-05 -0.0104321 -0.0235714 -0.00233561 -0.00372636 0.00201496 -0.00347105
internal_weight=560081 346338 281100 142541 98838 213743 51616 48801 138559 205850 83365 193570 176239 33546 114415 93123 72367 15255 61824 30171 30005 21292 279 77152 43703 65238 44448 50708 20756 3375 171 12280 9690 968 6213 1393 47222 28481 21652 18070 18520 13218 2590 917 21013 55194 17568 6241 11956 1631 772 42503 30721 48153 597 302 21692 162 77 7893 4177 46465 8169
internal_count=560081 346338 281100 142541 98838 213743 51616 48801 138559 205850 83365 193570 176239 33546 114415 93123 72367 15255 61824 30171 30005 21292 279 77152 43703 65238 44448 50708 20756 3375 171 12280 9690 968 6213 1393 47222 28481 21652 18070 18520 13218 2590 917 21013 55194 17568 6241 11956 1631 772 42503 30721 48153 597 302 21692 162 77 7893 4177 46465 8169
is_linear=0
shrinkage=0.05


Tree=63
num_leaves=64
num_cat=0
split_feature=0 0 23 37 27 33 14 1 34 38 36 14 14 38 36 11 0 13 2 44 22 11 36 27 3 39 13 12 11 44 24 10 14 34 3 27 3 13 26 14 23 38 6 16 40 22 3 5 28 40 41 27 2 4 32 32 2 23 25 26 36 16 9
split_gain=68.1237 35.5687 29.3146 22.6789 23.3793 19.8644 16.6943 15.9573 15.6053 13.8119 15.0882 16.0762 13.6058 14.2916 13.7602 13.4361 13.4037 12.1274 14.1806 11.9678 11.9678 11.7023 11.7572 10.6601 10.2592 10.1012 9.76822 10.7117 9.43927 9.45732 9.52973 9.40652 9.37139 10.538 9.25476 8.92956 8.9048 8.75535 12.4105 12.237 9.00272 16.4965 8.73289 8.70806 8.36238 11.0362 9.55859 9.14308 14.1053 7.8492 7.80834 7.72795 7.71461 9.4461 7.663 7.44556 7.51586 7.90828 7.39086 7.37539 7.28918 7.22597 7.06098
threshold=75.925000000000026 17.550000000000004 21.350000000000005 51.500000000000007 27.950000000000003 14.850000000000003 8.5000000000000018 64.02500000000002 -0.26722820045975981 23.050000000000004 527.50000000000011 6.5000000000000009 7.5000000000000009 29.250000000000004 297.50000000000006 -0.78656609248549292 301.25000000000006 1.5000000000000002 1.0000000180025095e-35 11205.5 68.500000000000014 0.91597561503675362 186.25000000000003 67.65000000000002 22.050000000000004 0.25000000000000006 2.5000000000000004 -0.70710678118654757 -0.60355339059327362 -544.24999999999989 1.0000000180025095e-35 83.02500000000002 5.5000000000000009 -0.88697705852364728 52.525000000000006 46.050000000000004 43.025000000000006 3.5000000000000004 3869.2500000000005 5.5000000000000009 37.750000000000007 36.350000000000001 37.250000000000021 0.52792009192800582 988.55000000000007 58.500000000000007 23.050000000000004 105.02500000000002 1.9850000000000001 981.25000000000011 14844.000000000002 19.450000000000003 19.050000000000004 29.950000000000003 -5.9146773670053125 -2.5643720933564755 549.25000000000011 34.45000000000001 968.25000000000011 1736.7500000000002 832.50000000000011 -13.64751412037864 84.550000000000011
decision_type=2 2 2 2 8 2 2 8 2 2 2 2 2 2 2 2 2 2 10 2 2 2 2 8 10 2 2 2 2 2 2 10 2 2 8 8 8 2 2 2 2 2 8 2 2 2 10 10 2 2 2 10 8 10 2 2 8 2 2 2 2 2 10
left_child=1 25 19 5 58 35 9 -2 15 21 11 23 13 14 17 31 28 24 36 -3 -17 54 -23 -11 43 51 27 62 -9 30 -30 -7 44 -34 -24 -4 -19 38 39 49 -40 -42 -33 -13 45 46 -31 -47 -49 -10 -18 -1 53 -45 -6 60 57 -57 -5 -50 -12 -46 -14
right_child=7 2 3 4 6 8 -8 16 37 10 55 12 26 -15 -16 20 50 18 -20 -21 -22 22 34 -25 -26 -27 -28 -29 29 32 -32 42 33 -35 -36 -37 -38 -39 40 -41 41 -43 -44 52 61 47 -48 48 59 -51 -52 -53 -54 -55 -56 56 -58 -59 -60 -61 -62 -63 -64
leaf_value=0.21290300678158769 -0.31310825762998751 0.37680600014837129 0.25733196445661227 -0.20510414521686948 -0.26495121581388487 -0.062730827266041039 0.11445157074498057 -0.13457380229635549 -0.41435033108070307 0.17298193570491993 -0.10038702900284791 -0.30232906180720276 -0.40327044331691236 0.050546412287948789 0.012054961076422706 0.060374867033202877 -0.61068924388598322 -0.2731577717449189 -0.094428949557705089 -0.1288897503321714 -0.28260521321089022 -0.11186058048861734 -0.85902416401025161 -0.0095089503475789521 -0.19467886154445355 0.013803511606643701 -0.033933790809787666 0.19541350684954681 0.23189185326517153 -0.55991051545308756 -0.71284095144225379 -0.53909107151092106 -0.25086932200690665 0.29106236987922357 0.17545182139871046 0.1369981629325128 -0.88174588643664831 0.46328865768036986 0.43603342004959167 0.82477118500112112 -0.2796733754694512 0.13898783351197405 -0.16686480741373536 -0.24862483853783962 -0.76385423751530546 -0.14905154754693983 0.016611687920196148 -0.49177673318562259 -1.4412112681607074 0.10214038977074441 -2.425077910101241 0.11153146322703283 -0.39006960760559978 -0.73115709106713267 0.0047327712277870741 -0.055379926414892915 -0.25192984492975284 -0.14106338410410343 0.090849457614195897 0.63170574628060638 0.18405513147243657 0.17246723522232277 0.10323023124674213
leaf_weight=29449 14500 27104 26737 802 1423 12271 21289 25630 1359 21635 2449 698 129 5059 3524 26100 14037 222 5223 1649 548 181 112 14272 2321 6526 14673 8067 34155 1669 604 530 5250 19662 23 33433 87 6569 5426 578 568 1763 455 51 568 7354 19217 4466 627 653 743 21242 273 64 1340 20921 1516 3927 63094 83 3438 11632 111
leaf_count=29449 14500 27104 26737 802 1423 12271 21289 25630 1359 21635 2449 698 129 5059 3524 26100 14037 222 5223 1649 548 181 112 14272 2321 6526 14673 8067 34155 1669 604 530 5250 19662 23 33433 87 6569 5426 578 568 1763 455 51 568 7354 19217 4466 627 653 743 21242 273 64 1340 20921 1516 3927 63094 83 3438 11632 111
internal_value=0.000628936 0.000977959 0.000785267 0.000645304 0.000317737 0.00119668 -5.98368e-05 -0.000242295 0.000526223 -0.000304325 -0.000210749 0.000172035 -0.000510839 -0.00156032 -0.00247011 -1.32817e-05 -8.48677e-05 -0.00351326 -0.00206797 0.00231332 0.000633819 -0.00360669 -0.0127215 0.000942296 -0.00585999 0.00213197 0.000289382 0.00165944 7.62699e-05 0.000285743 0.000960759 -0.00131412 -4.69315e-05 0.00073298 -0.0238889 0.00182982 -0.0124757 0.00179889 0.000892529 -0.00210425 0.00189313 -0.000705706 -0.00601523 -0.00987109 -0.00047286 -0.000881913 -0.00017811 -0.00205507 -0.00366499 -0.00394632 -0.00151218 0.00237034 -0.0158763 -0.0267391 -0.00256424 -0.00111764 -0.00147663 -0.00126811 0.00110383 -0.0102113 0.000490063 0.000647541 -0.00875
internal_weight=560081 399884 342667 313914 196924 116990 133028 160197 56820 111739 108660 76409 40502 17522 12463 39904 145697 8939 5532 28753 26648 3079 316 35907 3407 57217 22980 8307 130917 105287 34759 13256 70528 24912 135 60170 309 16916 10347 2590 7757 2331 985 1086 45616 33416 20886 12530 5176 2012 14780 50691 388 115 2763 32251 26364 24848 63896 710 5887 12200 240
internal_count=560081 399884 342667 313914 196924 116990 133028 160197 56820 111739 108660 76409 40502 17522 12463 39904 145697 8939 5532 28753 26648 3079 316 35907 3407 57217 22980 8307 130917 105287 34759 13256 70528 24912 135 60170 309 16916 10347 2590 7757 2331 985 1086 45616 33416 20886 12530 5176 2012 14780 50691 388 115 2763 32251 26364 24848 63896 710 5887 12200 240
is_linear=0
shrinkage=0.05


Tree=64
num_leaves=64
num_cat=0
split_feature=0 0 1 14 27 9 41 38 17 16 10 31 25 0 37 43 23 9 23 27 7 23 40 39 0 32 1 31 13 44 29 3 19 0 33 13 14 21 17 39 28 13 11 38 44 38 8 16 17 13 7 31 1 10 25 45 2 23 32 16 34 23 40
split_gain=61.9326 26.8893 27.4923 20.3942 19.8425 15.547 14.8404 24.5684 14.2905 14.2537 13.4548 13.2272 12.7578 12.503 12.2631 11.9619 10.6536 10.3892 10.0371 9.54712 9.35634 9.85988 9.17295 9.13617 9.03647 8.79357 10.2631 8.64197 8.6225 8.66956 8.71085 10.3847 10.24 8.37104 7.7539 7.44385 8.43287 9.27831 8.85414 7.35203 8.77708 7.28585 7.75566 16.6675 7.25351 7.08441 8.44077 6.86729 9.21323 7.1346 6.79734 9.09643 7.04753 6.6473 6.60379 7.97009 6.55992 6.25805 8.2163 6.25448 6.31106 6.76959 6.23918
threshold=31.050000000000004 106.12500000000001 28.750000000000004 5.5000000000000009 25.950000000000003 27.650000000000002 6991.7500000000009 37.150000000000013 -22.742606252990246 15.090938508716109 10.115 15.344128891987014 985.75000000000011 685.00000000000011 65.500000000000014 1122.5000000000002 21.050000000000004 359.25000000000006 25.650000000000002 46.050000000000004 144.95851449275366 31.250000000000004 976.45000000000016 0.25000000000000006 65.625000000000014 -5.5839598967784925 110.10000000000001 -9.1225055041021346 1.0000000180025095e-35 -1142.7499999999998 77.322835527954865 38.050000000000004 0.87878364999916148 301.25000000000006 16.550000000000004 5.5000000000000009 5.5000000000000009 186.25000000000003 -6.468065971095057 0.55000000000000016 4.6450000000000014 4.5000000000000009 -0.9159756150367534 28.650000000000002 224.74999999999997 26.350000000000005 -16.494999999999994 3.7760770604959562 1.7076022072015671 1.5000000000000002 84.463858695652192 13.150978072440415 24.025000000000002 83.02500000000002 972.55000000000007 1.5000000000000002 14.050000000000002 42.250000000000007 8.6528160162352155 16.881652992496342 0.95878322595067733 28.050000000000004 978.1500000000002
decision_type=2 2 10 2 10 10 2 2 2 2 8 2 2 2 2 2 2 8 2 8 8 2 2 2 2 2 10 2 2 2 2 8 2 2 2 2 2 2 2 2 2 2 2 2 2 2 10 2 2 2 10 2 8 10 2 2 10 2 2 2 2 2 2
left_child=3 2 18 11 5 -5 9 8 34 14 16 -1 13 25 15 27 -3 19 -2 59 -11 -22 45 54 39 -12 62 56 -29 41 47 32 -32 -14 -8 -9 37 -37 -38 -16 -41 42 43 -30 -23 46 -6 49 -49 53 -20 -52 -53 -31 -7 -56 -4 -21 -59 60 -10 -62 -27
right_child=1 10 6 4 22 23 7 35 17 20 12 -13 33 -15 24 -17 -18 -19 50 57 21 44 -24 -25 -26 26 -28 28 29 30 31 -33 -34 -35 -36 36 38 -39 -40 40 -42 -43 -44 -45 -46 -47 -48 48 -50 -51 51 52 -54 -55 55 -57 -58 58 -60 -61 61 -63 -64
leaf_value=0.24705383555825733 0.10767983364606296 -0.21445487101257035 -0.23868761377440195 0.20657095073492956 0.031634524391409777 0.0074570100588791273 -0.74134990470807205 0.22977551193007295 0.072630368220719763 0.39392199146751888 -0.42372581547372862 0.035302208431587496 0.08908551577643499 -7.3914218122921032 0.077700053756042498 -0.53384152471670676 -2.8393961859247163 0.14416119127418908 -0.08397438001599529 -0.072869457430571882 0.014326115706005638 -0.85863872335507263 0.063601246984996598 -0.019455834529993853 -0.075151793559324928 -0.63033064365410751 0.079230613840166705 0.39416195556569944 -0.43015891570121045 -0.049369960784071305 -0.31123976763024597 -0.039770787447348604 -0.5602884465696113 -0.53131600231495779 -0.53147290500847211 -0.47130999152434927 -0.34016001752475028 0.10998847772642623 0.070020040418254145 -0.061776587492034345 -0.32008433234707789 0.48678911235521122 0.19315131713759082 0.12767396878687443 -0.34355243929580226 -0.0046794117343427373 -0.17713163117414474 0.0564101741482715 -0.26161047669165766 0.20727391617005539 -0.21947396046495476 -1.5063362191918506 -0.83067227342749173 -0.66222090994802774 0.12796402345236843 -0.038918925692659541 0.44956791598948914 -0.27009975838509409 -0.40103294658662536 -0.1643240470847589 -0.27330349834115875 -0.014416464794621733 -0.15167833928189223
leaf_weight=31804 6945 2268 624 20357 1134 8635 95 17340 21387 17386 13832 8071 50329 392 45530 167 1822 10468 26587 36492 653 109 22848 7826 19055 2784 15146 7636 842 1522 855 2546 275 10843 100 46 493 2138 373 3722 147 6688 10098 1618 100 21311 1962 6017 2300 12459 898 108 239 316 43202 3741 14094 111 51 2211 1023 4693 5217
leaf_count=31804 6945 2268 624 20357 1134 8635 95 17340 21387 17386 13832 8071 50329 392 45530 167 1822 10468 26587 36492 653 109 22848 7826 19055 2784 15146 7636 842 1522 855 2546 275 10843 100 46 493 2138 373 3722 147 6688 10098 1618 100 21311 1962 6017 2300 12459 898 108 239 316 43202 3741 14094 111 51 2211 1023 4693 5217
internal_value=0.000613313 0.000264909 0.000513633 0.00140677 0.00110544 0.00156762 0.000695647 0.000210831 -0.000199593 0.000999587 -0.00042954 0.00239687 -0.000312909 -0.00104078 0.000824146 0.00129943 -0.00323961 -0.000165105 -0.000804123 -0.000397314 0.00231203 -0.00277262 0.000286213 0.00118163 0.000351623 -0.000946618 -0.000350585 0.0013323 0.00103551 0.000774772 0.000184481 -0.00207291 -0.00606195 0.00013176 -0.0137179 0.00175331 -0.00052459 0.00113095 -0.00469977 0.000708415 -0.00138408 0.00158111 0.000871158 -0.00164634 -0.0122249 -0.000387798 -0.00262274 0.000551428 -0.000590958 0.00121599 -0.00122844 -0.00483936 -0.0117147 -0.00169206 0.00140685 0.00164061 0.00240454 -0.000935232 -0.0107407 0.000275295 0.000483895 -0.000991952 -0.00179915
internal_weight=560081 389190 286557 170891 131016 83761 251780 97021 76631 154759 102633 39875 98543 37371 136511 68057 4090 76436 34777 65968 18248 862 47255 63404 68454 36979 23147 67890 53172 45536 26290 3676 1130 61172 195 20390 3050 2184 866 49399 3869 19246 12558 2460 209 24407 3096 22614 8317 14297 27832 1245 347 1838 55578 46943 14718 36654 162 29314 27103 5716 8001
internal_count=560081 389190 286557 170891 131016 83761 251780 97021 76631 154759 102633 39875 98543 37371 136511 68057 4090 76436 34777 65968 18248 862 47255 63404 68454 36979 23147 67890 53172 45536 26290 3676 1130 61172 195 20390 3050 2184 866 49399 3869 19246 12558 2460 209 24407 3096 22614 8317 14297 27832 1245 347 1838 55578 46943 14718 36654 162 29314 27103 5716 8001
is_linear=0
shrinkage=0.05


Tree=65
num_leaves=64
num_cat=0
split_feature=0 0 1 0 14 36 38 34 42 14 38 31 16 13 14 23 14 25 35 13 31 14 21 1 18 34 21 34 18 7 1 15 44 37 16 13 20 6 29 41 22 33 32 36 32 7 12 43 11 43 3 40 8 10 23 3 31 23 14 14 21 31 13
split_gain=57.5087 22.8391 21.9994 20.9651 20.8099 15.0538 16.1069 14.7527 14.063 14.0986 18.3615 13.5587 12.668 12.3767 20.3699 16.2258 14.1063 20.4276 12.6087 12.7133 14.8898 15.4463 18.5763 11.7802 11.6689 10.4958 10.4583 10.3229 9.88704 9.81803 9.15381 9.09607 8.94829 8.85767 10.7199 17.3466 17.8285 15.562 12.9291 10.4709 10.1032 10.3945 8.85191 8.59252 10.4672 8.55968 8.35254 8.27178 8.23348 8.21997 12.5071 7.9991 7.94292 9.55787 7.9942 8.55314 7.85004 7.77485 7.75647 13.9613 10.2948 11.1596 17.1116
threshold=34.050000000000004 116.25000000000001 28.750000000000004 10.042500000000002 5.5000000000000009 165.62500000000003 37.150000000000013 -0.79863551004729294 -9.7499999999999964 8.5000000000000018 25.550000000000004 15.344128891987014 -10.71751953210463 4.5000000000000009 4.5000000000000009 41.850000000000001 3.5000000000000004 984.1500000000002 -0.42261826174069922 3.5000000000000004 -8.3324246518880418 2.5000000000000004 297.50000000000006 96.425000000000026 19.750000000000004 0.73724926354828246 907.50000000000011 -0.026175951569892227 5.5500000000000007 60.579057017543867 72.825000000000017 1.0000000180025095e-35 6892.7500000000009 53.500000000000007 -6.859674197090178 1.5000000000000002 -0.36648727148060634 23.616666666666674 0.41860092361375906 7570.7500000000018 66.500000000000014 11.050000000000002 -7.536220551567598 1297.5000000000002 14.379737235786809 22.903541666666673 -0.70710678118654757 -167.49999999999997 -0.9159756150367534 -692.49999999999989 60.550000000000004 986.85000000000002 96.825000000000003 10.625000000000002 22.650000000000002 392.25000000000006 -9.8265206525247972 28.650000000000002 7.5000000000000009 6.5000000000000009 67.500000000000014 -5.0857364132845424 4.5000000000000009
decision_type=2 2 8 2 2 2 2 2 2 2 2 2 2 2 2 2 2 2 2 2 2 2 2 8 2 2 2 2 2 10 10 2 2 2 2 2 2 10 2 2 2 2 2 2 2 10 2 2 2 2 10 2 8 8 2 8 2 2 2 2 2 2 2
left_child=3 2 57 -1 11 24 13 -6 -9 10 12 -5 27 15 -15 16 17 25 -19 20 21 -20 -23 -3 51 -7 -21 -10 47 -27 -18 48 52 -12 39 36 -36 40 56 42 -38 46 -35 -41 -45 -39 -42 -28 -13 50 -22 58 -25 54 -54 -56 -37 -2 59 60 61 -4 -63
right_child=1 23 5 4 7 6 -8 8 9 -11 33 31 -14 14 -16 -17 30 18 19 26 49 22 -24 32 -26 29 28 -29 -30 -31 -32 -33 -34 34 35 38 37 45 -40 43 41 -43 -44 44 -46 -47 -48 -49 -50 -51 -52 -53 53 -55 55 -57 -58 -59 -60 -61 -62 62 -64
leaf_value=0.22962273457974613 -0.016388058680182834 -0.5452627591427287 0.23172033532668471 0.21529109529715329 0.11733408888940722 -0.23398395375054398 0.16055180181503725 0.14434528285637074 -0.55691326209212455 0.13913595500838902 0.22608846549512679 -0.080628933026725774 0.05548111570226142 0.36484150796957221 0.0028594355839920631 -0.36233319706344674 -0.0092094811733661082 0.42321081326572135 -0.1426788702629625 -0.10367854166980693 -0.438362031975149 -0.30606123549648445 -1.0673761709432841 0.043767329500933864 0.38376988385513239 -0.75873088758535268 -1.4182074777137861 -0.16811549001731757 -0.34078881547073236 -0.48870184960822133 0.13902779699048379 -0.20017914699044415 -0.42410600548645916 -0.17657643289731162 -0.0046513884994167148 -0.053359429063516345 -0.10801916529545981 -0.32664498145504239 -0.15167395386516935 -0.015790457527808121 -0.47769310650623453 -0.20266361972010732 0.1119149643832613 0.078237020598781806 -0.24334438248060009 -0.082355154382362183 -0.33409326193806443 -0.89171287709728542 0.086969431308574971 0.11132804971787298 0.017710860455772467 0.34158538971077096 -1.8032856309625609 -0.24256340794024744 -3.3433787700723197 -6.0739249393076724 0.09068628968787272 -0.18559993975113509 0.18884086471682962 -0.18786839817517603 0.14850605185122639 -0.063506384121807216 -0.47963635426921453
leaf_weight=17595 9474 9029 4175 35794 32366 6904 21161 13928 106 12740 4178 1919 1309 14752 27608 147 58397 2955 2442 2060 234 313 113 54940 20409 126 69 2667 1010 509 19778 570 6112 619 3770 6398 486 281 2630 10572 278 477 21989 192 234 2212 559 95 6480 10319 381 15885 823 19831 199 111 13724 9655 12507 4953 21637 5113 1782
leaf_count=17595 9474 9029 4175 35794 32366 6904 21161 13928 106 12740 4178 1919 1309 14752 27608 147 58397 2955 2442 2060 234 313 113 54940 20409 126 69 2667 1010 509 19778 570 6112 619 3770 6398 486 281 2630 10572 278 477 21989 192 234 2212 559 95 6480 10319 381 15885 823 19831 199 111 13724 9655 12507 4953 21637 5113 1782
internal_value=0.000598137 0.000229203 0.00045648 0.00129392 0.00112983 0.000578774 0.000304742 0.000813309 0.000511279 0.000271069 2.13279e-06 0.00206119 -0.00325576 0.000120503 0.000842776 -0.000168537 -0.000145452 -0.00111878 -0.000282377 -0.000805353 -0.000144182 -0.00335077 -0.0121361 -0.000457191 0.00111559 -0.00333665 -0.00362709 -0.00516949 -0.00739353 -0.00948819 0.000197314 0.000322779 -0.000268484 0.000195994 5.13033e-05 -0.000622262 -0.00261503 -0.00481831 8.39488e-05 0.000668928 -0.00836111 -0.0106393 0.0012845 -0.000596472 -0.00755869 -0.00226033 -0.0139964 -0.0187805 0.000737588 0.000696909 -0.0049187 0.000792709 -0.000120283 -0.000948292 -0.00541483 -0.0122581 0.00051486 -0.0011791 0.000483087 0.000124801 0.000499435 -0.000740741 -0.00197607
internal_weight=560081 366008 274963 194073 176478 255834 169373 131715 99349 85421 72681 44763 4082 148212 42360 105852 105705 27530 19991 17036 13802 2868 426 91045 86461 7539 3234 2773 1174 635 78175 8969 82016 68599 64421 30815 8063 4293 22752 33606 1800 1314 22608 10998 426 2493 837 164 8399 10934 615 66052 75904 20964 1133 310 20122 19129 50167 37660 32707 11070 6895
internal_count=560081 366008 274963 194073 176478 255834 169373 131715 99349 85421 72681 44763 4082 148212 42360 105852 105705 27530 19991 17036 13802 2868 426 91045 86461 7539 3234 2773 1174 635 78175 8969 82016 68599 64421 30815 8063 4293 22752 33606 1800 1314 22608 10998 426 2493 837 164 8399 10934 615 66052 75904 20964 1133 310 20122 19129 50167 37660 32707 11070 6895
is_linear=0
shrinkage=0.05


Tree=66
num_leaves=64
num_cat=0
split_feature=0 9 25 41 38 18 17 1 5 17 8 13 0 27 12 42 32 43 41 13 27 3 32 14 3 45 27 40 16 22 40 45 10 27 22 40 33 22 0 13 32 45 32 13 21 32 5 10 13 14 14 42 3 40 17 3 44 38 27 35 35 8 41
split_gain=54.0546 32.4541 27.1355 28.3885 25.5469 16.7468 16.0869 15.185 14.8107 13.5933 15.3058 12.3095 11.7351 11.0423 9.9446 9.81866 9.72517 9.43705 9.22594 9.2045 9.16589 9.04023 8.67133 8.58805 8.48099 8.40603 9.31979 8.39698 11.861 9.59087 8.31285 8.17268 8.35694 7.76172 8.32832 7.34484 9.8211 7.28046 7.19631 6.96431 6.94976 6.93623 8.09231 8.56836 10.6675 6.89781 9.81933 6.84283 6.7011 9.03051 7.55348 8.24294 6.84323 8.63659 7.17319 7.11427 6.69573 6.65998 7.33879 6.46658 6.34392 6.2776 6.16978
threshold=75.925000000000026 37.95000000000001 976.45000000000016 2559.2500000000005 30.750000000000004 17.650000000000002 3.3612811546596135 64.02500000000002 54.525000000000006 5.6119107120268508 7.4000000000000004 2.5000000000000004 203.25000000000003 72.725000000000009 0.37940952255126048 11.850000000000003 2.6870057685088811 -782.49999999999989 10151.000000000002 4.5000000000000009 37.95000000000001 134.12500000000003 8.0506187261380351 5.5000000000000009 42.050000000000004 1.5000000000000002 22.050000000000004 987.25000000000011 -6.4332668661830583 63.500000000000007 975.85000000000002 1.5000000000000002 6.5050000000000008 49.550000000000004 91.500000000000014 980.6500000000002 21.750000000000004 16.500000000000004 91.02500000000002 5.5000000000000009 3.2356530206406506 1.5000000000000002 -11.555906041413676 5.5000000000000009 32.500000000000007 15.176072239022057 20.050000000000004 29.025000000000002 1.0000000180025095e-35 5.5000000000000009 11.500000000000002 -1.2499999999999998 40.050000000000004 978.55000000000007 18.424236283666655 285.25000000000006 -23077.499999999996 25.750000000000004 39.95000000000001 -0.89490028524376719 0.58068084432175959 91.550000000000011 14844.000000000002
decision_type=2 10 2 2 2 2 2 8 8 2 8 2 2 10 2 2 2 2 2 2 10 10 2 2 8 2 10 2 2 2 2 2 8 8 2 2 2 2 2 2 2 2 2 2 2 2 8 10 2 2 2 2 10 2 2 10 2 2 8 2 2 10 2
left_child=1 25 6 5 9 57 8 61 20 13 14 16 18 15 -11 17 30 -5 27 23 -3 38 -22 24 35 26 -1 29 31 48 -12 47 -33 34 56 36 -13 -19 -20 -24 -15 42 43 -6 -45 -44 -47 -29 50 52 -9 -52 54 55 -50 -54 -8 -4 -59 -58 -31 -2 -14
right_child=7 2 3 4 41 -7 33 12 -10 10 11 19 62 40 -16 -17 -18 37 21 -21 22 -23 39 -25 -26 -27 -28 28 -30 60 -32 32 -34 -35 -36 -37 -38 -39 -40 -41 -42 -43 45 44 -46 46 -48 -49 49 -51 51 -53 53 -55 -56 -57 59 58 -60 -61 -62 -63 -64
leaf_value=0.21749900040704673 -0.23327422227922937 -0.027742410938721991 0.28653750422475216 -0.12308374730037056 0.052749485868877781 0.35372300181014138 -0.52351106750809595 0.39615587551443715 0.057799369597527052 -0.08797581726752278 -0.36427895741357513 -0.60749155841002433 -0.26687515538503315 -0.1924126988019956 0.13111155504655633 -0.068861266485847936 0.22886770029874928 -0.33957180234948775 -0.0090197419973331756 -0.081928177059862772 -0.083434621252360786 0.1332726131591753 -0.25948265166450801 -0.16630550955650419 -0.36448179776101558 0.0062280723023845456 0.10512608183421053 0.47104661442107409 0.31910018941480467 -0.061177321255769496 -0.12016950208155433 -0.96903819159664395 -0.61958391502491672 -0.01172645515093116 -0.041070353966062206 -0.30833668738654424 -0.32047455749184839 0.081375935755795895 -0.3589077747707623 -0.55710706585207304 0.1340266069308218 -0.038362788364532545 0.14325838747314598 -0.84529141374558037 -0.12937760147012514 -0.22714509172866384 0.0053685057982464429 -0.25482152972758615 -0.31640029561985106 0.2769024864953693 0.15078691568789138 -2.0233143664823863 -0.21188931725831583 0.15766747239113721 -1.5790343358836298 -1.4294500027445372 -0.033048759863715471 0.14811317537363031 0.013517896843787831 0.16078936970998467 -0.4225674852947916 -5.3795159488438502 -1.1428012784886279
leaf_weight=36173 13727 27966 13082 1759 7561 24978 286 6210 17562 6678 164 134 33644 5043 5029 6312 1431 217 5566 1418 12385 5992 1900 924 876 6375 28915 1568 29768 13875 1753 52 913 16569 4291 248 147 44247 8072 265 1734 5620 55472 24 1320 177 596 2786 5689 9033 56 53 4166 11435 39 58 3122 13481 17227 26423 5149 773 1573
leaf_count=36173 13727 27966 13082 1759 7561 24978 286 6210 17562 6678 164 134 33644 5043 5029 6312 1431 217 5566 1418 12385 5992 1900 924 876 6375 28915 1568 29768 13875 1753 52 913 16569 4291 248 147 44247 8072 265 1734 5620 55472 24 1320 177 596 2786 5689 9033 56 53 4166 11435 39 58 3122 13481 17227 26423 5149 773 1573
internal_value=0.000577783 0.000888683 0.000678565 0.00100279 0.000614707 0.00184301 4.14829e-05 -0.000198287 -0.000512001 -8.70504e-06 -0.00118019 -0.00301268 -4.47159e-05 0.000362659 -6.96163e-05 0.00060769 -0.000809438 0.000860286 0.000208635 -0.00498132 -0.00101656 -0.000774325 -0.00203436 -0.00691498 -0.00937722 0.00185432 0.00202403 0.000421024 0.00102702 3.97219e-05 -0.00313771 -0.00114777 -0.00531088 0.000697461 0.0011286 -0.0143762 -0.019911 0.00100238 -0.00148555 -0.00495381 -0.00153682 0.00130281 0.0014482 4.77262e-05 -0.00363095 0.00166993 -0.0030207 -0.00022508 0.000511582 0.000203813 0.0019932 -0.011055 -0.000356057 0.000184878 -0.00183485 -0.00174716 0.00142486 0.00125371 0.000851244 0.00149856 -0.00087153 -0.00174138 -0.000839509
internal_weight=560081 399884 328421 217652 148884 68768 110769 160197 60078 78114 18802 7095 145697 59312 11707 52535 3348 46223 110480 3747 42516 19630 14550 2329 1405 71463 65088 90850 35087 55763 1917 5319 965 50691 34122 529 281 44464 13638 2165 6777 70770 65150 8905 1344 56245 773 4354 36739 30420 6319 109 21387 15659 5728 4224 29831 43790 30708 29545 19024 14500 35217
internal_count=560081 399884 328421 217652 148884 68768 110769 160197 60078 78114 18802 7095 145697 59312 11707 52535 3348 46223 110480 3747 42516 19630 14550 2329 1405 71463 65088 90850 35087 55763 1917 5319 965 50691 34122 529 281 44464 13638 2165 6777 70770 65150 8905 1344 56245 773 4354 36739 30420 6319 109 21387 15659 5728 4224 29831 43790 30708 29545 19024 14500 35217
is_linear=0
shrinkage=0.05


Tree=67
num_leaves=64
num_cat=0
split_feature=0 8 18 27 8 39 28 25 33 1 0 36 11 31 27 38 19 16 38 3 23 43 38 23 35 41 3 25 14 20 41 32 29 22 32 43 5 7 16 2 17 44 10 31 11 41 16 33 32 14 21 15 45 11 20 11 30 34 31 37 3 37 28
split_gain=49.8202 27.7085 18.6102 16.6274 15.7639 14.4245 12.2987 11.7141 15.3135 10.9689 11.6711 10.8352 12.1519 10.4098 9.67264 9.10397 8.88429 8.88244 10.2693 10.8642 10.1058 8.69147 8.70932 11.0481 11.0456 8.37144 8.31664 7.63974 7.21546 10.2901 7.94569 25.9574 11.5359 10.7149 6.76742 6.76201 6.75566 8.13687 7.89862 6.77808 6.71237 9.98982 6.54292 6.48199 6.44203 6.42765 9.28391 11.3568 9.28575 8.40622 8.06046 9.37749 6.33887 6.25027 6.12624 6.0713 6.24204 6.04403 6.51476 5.95963 5.94077 5.90639 7.77357
threshold=49.550000000000004 1.3000000000000027 23.150000000000002 16.950000000000003 26.010000000000009 1.0000000180025095e-35 0.49500000000000005 973.1500000000002 16.650000000000002 48.550000000000004 422.75000000000006 86.250000000000014 0.91597561503675362 11.52142082758766 24.550000000000004 29.350000000000005 0.95878322595067733 13.23374495235706 19.250000000000004 27.450000000000003 18.350000000000005 -207.49999999999997 26.050000000000004 33.350000000000001 -0.62249093318774762 4928.5000000000009 152.25000000000003 994.05000000000007 4.5000000000000009 0.96359376111369366 19387.000000000004 7.2346092813470362 56.576102983387493 15.500000000000002 -6.4721608939155528 -17.499999999999996 50.050000000000004 75.593750000000014 18.997089771627305 122.25000000000001 10.758362568602713 5685.2500000000009 97.225000000000009 27.785991302453983 -1.0000000180025095e-35 9376.2500000000018 18.997089771627305 19.750000000000004 13.669007504870015 4.5000000000000009 192.50000000000003 1.0000000180025095e-35 1.5000000000000002 0.78656609248549325 0.62249093318774806 -0.98296291314453399 90.500000000000014 0.59480013772226081 -18.386928926003414 20.500000000000004 50.025000000000006 68.500000000000014 4.080000000000001
decision_type=2 10 2 8 8 2 2 2 2 8 2 2 2 2 8 2 2 2 2 10 2 2 2 2 2 2 10 2 2 2 2 2 2 2 2 2 8 8 2 10 2 2 10 2 2 2 2 2 2 2 2 2 2 2 2 2 2 2 2 2 10 2 2
left_child=1 2 3 -1 11 7 14 21 52 -6 35 55 13 28 -3 -7 -15 18 20 -20 -14 22 24 -24 -5 -4 -18 57 29 34 33 -32 -33 -30 53 44 37 39 40 -35 -39 -42 -16 -8 -11 -10 48 -48 50 -50 59 -52 -9 -13 -53 -2 -57 -22 -59 -47 -46 -36 -63
right_child=4 6 25 5 9 15 43 8 45 10 -12 12 17 16 42 -17 26 -19 19 -21 27 -23 23 -25 -26 -27 -28 -29 30 -31 31 32 -34 36 61 -37 -38 38 -40 -41 41 -43 -44 -45 60 46 47 -49 49 -51 51 54 -54 -55 -56 56 -58 58 -60 -61 -62 62 -64
leaf_value=0.18793504095332544 -0.29167702538856422 0.065381511182387497 0.40520052319557287 -0.50890568744916065 -0.23481730783674207 -0.041496109074653578 0.10795586943441074 0.17780070399815504 0.10340765132863688 -0.061258830157685545 -1.4579680228108622 0.092366572441501843 -0.46343232166807113 -0.043620263786106186 -0.01304669069124624 0.082779074751816506 -0.32762434772352622 0.25731431361058421 -0.44804896234046004 -0.06471598837674801 -0.54245828884580882 0.042677531518606537 0.11995109594584119 -0.18572581127360588 0.31496552550061258 0.08021975616087712 -1.517198537525533 -1.3213995973202601 -0.61915872414839468 -0.20053298904226949 0.090600117396487323 -0.21368715744220942 -0.55586046736490935 0.01733418785957995 0.33680994386688073 -0.071020086502904173 0.12236101422720579 -0.18480282144107002 -0.68948085947510507 -0.99348189513119878 -0.25315048291276215 -0.94736779589320008 -0.31848271029570174 -0.30793979871727539 -0.008389518111667351 -0.38992639272454316 -0.22128432375981624 0.1299444654065359 0.3063083504096496 -0.23873571041876468 0.074400346155199568 -0.33085066268523811 -0.0069996993330133433 -0.50998399634911651 0.049345375204237714 0.26599103537828023 -0.24301687300770947 -1.0043860227693358 -2.1706489806546059 -0.11489459496923232 0.338786872983943 0.16824488420191247 -0.34182130700811991
leaf_weight=27087 2251 20707 11451 66 10184 15368 19881 69317 15761 12729 4753 8398 1333 24291 56992 9642 1059 2206 943 6528 389 14753 1385 1829 46 6921 115 48 197 2394 2946 939 508 9926 17980 54943 27487 2043 68 60 136 48 404 341 8593 134 462 359 375 903 13671 337 4164 666 196 44584 1260 169 88 2123 12944 1785 415
leaf_count=27087 2251 20707 11451 66 10184 15368 19881 69317 15761 12729 4753 8398 1333 24291 56992 9642 1059 2206 943 6528 389 14753 1385 1829 46 6921 115 48 197 2394 2946 939 508 9926 17980 54943 27487 2043 68 60 136 48 404 341 8593 134 462 359 375 903 13671 337 4164 666 196 44584 1260 169 88 2123 12944 1785 415
internal_value=0.00056332 0.00101086 0.00135396 0.00119756 6.64267e-05 0.000992803 0.000325706 0.00121071 0.00140823 -0.000413074 -0.000244141 0.000376101 0.000108912 0.000284888 4.11638e-05 -0.000103958 -0.000590025 -0.00141661 -0.00208044 -0.00122407 -0.0052368 3.29113e-05 -0.00227601 -0.00179838 -0.0159821 0.00286904 -0.00483816 -0.0101297 0.000578057 0.00115494 0.000166599 -0.00185181 -0.00733587 0.000388465 0.00141294 -0.000115515 0.000446087 -0.000528866 -0.00321351 8.81236e-05 -0.00270094 -0.0118478 -0.000293052 0.00142469 0.000435709 0.000536261 -9.42886e-05 -0.00529233 0.000146288 -0.00395931 0.000465039 0.000906083 0.0018155 0.000278023 -0.00560037 0.00100478 0.00112926 -0.00869969 -0.0146498 -0.00231059 0.000962762 0.0019227 -0.000522727
internal_weight=560081 294675 196350 177978 265406 150891 98325 125881 107802 104146 93962 161260 113165 101461 78103 25010 25465 11704 9498 7471 2027 18079 3326 3214 112 18372 1174 694 75996 31638 44358 4393 1447 39965 29244 89209 39768 12281 2295 9986 2227 184 57396 20222 34266 34321 18560 821 17739 1278 16461 14204 73481 9064 533 48095 45844 646 257 2257 21537 20180 2200
internal_count=560081 294675 196350 177978 265406 150891 98325 125881 107802 104146 93962 161260 113165 101461 78103 25010 25465 11704 9498 7471 2027 18079 3326 3214 112 18372 1174 694 75996 31638 44358 4393 1447 39965 29244 89209 39768 12281 2295 9986 2227 184 57396 20222 34266 34321 18560 821 17739 1278 16461 14204 73481 9064 533 48095 45844 646 257 2257 21537 20180 2200
is_linear=0
shrinkage=0.05


Tree=68
num_leaves=64
num_cat=0
split_feature=0 9 23 37 31 27 43 11 11 38 36 31 27 9 44 39 22 0 3 8 14 32 29 25 13 13 8 34 20 10 23 7 38 14 22 5 25 36 7 9 14 37 13 32 28 34 14 19 27 14 16 22 13 12 8 43 21 36 44 10 19 44 37
split_gain=46.2947 30.697 27.953 20.281 22.5488 17.9004 17.2283 15.9145 13.8426 13.1148 13.1038 14.2896 12.9422 12.3164 10.2939 9.64244 9.59457 9.15498 8.7699 8.61363 8.49113 15.8925 23.9256 15.7817 9.41487 18.0241 9.94983 9.87024 9.33399 8.11644 8.0045 7.80273 7.77577 7.83398 7.65931 7.59174 7.54433 8.00892 7.56742 7.37765 7.95986 7.5689 7.51493 7.49697 7.27854 8.39264 9.50056 9.46792 8.16182 9.68219 15.7085 20.2183 18.0269 18.1094 14.7713 14.55 11.6662 9.66203 8.8134 7.26092 7.17745 7.1602 10.0145
threshold=77.225000000000009 35.850000000000001 21.350000000000005 51.500000000000007 9.9262681209674515 33.050000000000004 247.50000000000003 -0.9159756150367534 -0.78656609248549292 23.050000000000004 527.50000000000011 7.948317222494353 55.550000000000004 87.950000000000017 6700.7500000000009 1.0000000180025095e-35 69.500000000000014 10.850000000000003 41.050000000000004 0.500000000000001 4.5000000000000009 6.0922551422701092 63.402396064397202 979.55000000000007 3.5000000000000004 2.5000000000000004 -3.4999999999999987 0.91702515554752073 0.83385407025023306 78.52500000000002 20.050000000000004 62.935416666666676 28.050000000000004 8.5000000000000018 58.500000000000007 248.25000000000003 986.1500000000002 136.25000000000003 34.704692028985519 107.20000000000002 3.5000000000000004 23.500000000000004 5.5000000000000009 -14.636469847259267 4.6450000000000014 -0.73724926354828224 6.5000000000000009 0.31729257441605213 15.550000000000002 7.5000000000000009 3.9410235375617666 92.500000000000014 1.0000000180025095e-35 0.37940952255126048 -9.9899999999999967 -129.37499999999997 412.50000000000006 300.62500000000006 -1230.7500000000007 13.225000000000001 -0.58778525229247303 -5593.7499999999991 80.500000000000014
decision_type=2 10 2 2 2 8 2 2 2 2 2 2 8 8 2 2 2 2 10 8 2 2 2 2 2 2 8 2 2 10 2 8 2 2 2 10 2 2 10 10 2 2 2 2 2 2 2 2 10 2 2 2 2 2 10 2 2 2 2 8 2 2 2
left_child=1 17 6 4 12 44 -3 -2 29 31 19 -12 -4 -9 15 18 39 -1 30 -11 24 -22 -23 -24 25 28 -27 -28 -14 -6 -15 36 33 -21 -25 -16 37 -7 -39 -10 42 -42 -41 -43 45 47 -47 -5 -48 50 51 58 53 -52 -55 56 -53 -51 -50 -32 -31 62 -46
right_child=7 2 3 5 8 9 -8 13 16 10 11 -13 20 14 35 -17 -18 -19 -20 32 21 22 23 34 -26 26 27 -29 -30 60 59 -33 -34 -35 -36 -37 -38 38 -40 40 41 43 -44 -45 61 46 48 -49 49 57 52 55 -54 54 -56 -57 -58 -59 -60 -61 -62 -63 -64
leaf_value=0.21928222776435483 -0.4040850168736958 0.34459827940628968 0.22785074288925353 0.18722372749182226 -0.041825493381677452 -0.25648267422143717 -0.11473958133071818 -4.5753608858387631 0.14046093525457234 0.063797121748399951 -0.086186676360396938 0.10506904069095542 0.29021383321163591 0.1175282295052703 -0.1462103599884915 -0.35093244323789374 -0.39342182130069597 0.12397829916955334 0.088338642027208578 -0.090792192451985373 0.093073633817149892 -0.026402915912832114 -0.57466988573343536 0.18346000904130544 0.37868744653364261 0.045580317393736941 -0.28869550055313214 -0.71485483362338309 -0.24245959554678453 -0.030744951920174818 -1.0433052436846999 -0.10310834222249182 0.04344634754971792 0.090347670966741109 -0.56084262175636257 -1.6245025985176242 -0.13547587653675758 -0.46848303932875929 -0.42721634347186221 -0.10690615568319953 0.18771286128758807 -0.24006747896946834 0.47524274898727009 0.022217005261027652 -0.099398200773861758 0.14088344775726488 0.10132039732496939 -0.018403004147139908 0.13459524009116491 0.15225831033408685 -0.036612621024198766 -0.48262767105020021 -0.14053255436858739 -0.68431935032465785 -0.23637680338821979 -0.1575203585434295 0.083674004419658665 -0.021018322686365411 -0.038646838709178621 -0.19129174699504858 -0.55992272192386205 -0.0010788469418711096 -0.33642066535891857
leaf_weight=12852 12590 22954 36981 15551 13852 270 2383 1069 10079 33260 24692 4755 6122 9934 13715 3005 398 55353 98926 19330 10354 2867 724 340 8253 718 816 197 839 568 922 1570 19134 4306 68 621 568 86 397 6131 7430 551 803 5904 385 14483 11602 5057 4985 9449 246 288 2582 139 238 1191 93 12285 6925 15774 759 1110 252
leaf_count=12852 12590 22954 36981 15551 13852 270 2383 1069 10079 33260 24692 4755 6122 9934 13715 3005 398 55353 98926 19330 10354 2867 724 340 8253 718 816 197 839 568 922 1570 19134 4306 68 621 568 86 397 6131 7430 551 803 5904 385 14483 11602 5057 4985 9449 246 288 2582 139 238 1191 93 12285 6925 15774 759 1110 252
internal_value=0.000544127 0.000827272 0.000630592 0.000500076 0.00102759 0.000190008 0.00222738 -0.000185684 0.000178053 -0.000238631 -0.000147568 -0.00104306 0.00160584 -3.66057e-05 3.39424e-06 0.000145106 0.000779013 0.00179422 0.000212097 0.000199264 0.000857563 -3.72743e-05 -0.00271443 -0.00886926 0.00161552 0.000467096 -0.00409879 -0.00729023 0.0016025 -0.00106101 -0.000593316 -0.00356105 -0.000270049 -0.000876629 -0.0010049 -0.00126744 -0.00639288 -0.00967463 -0.01353 0.000878374 0.000340795 0.00103169 -0.00104269 -0.000220759 0.000724779 0.000790352 0.00050972 0.00166877 0.000183216 -0.000167747 -0.00107359 -0.000325619 -0.00421997 -0.0118539 -0.0187401 -0.00565522 -0.0141601 0.000527745 0.000377834 -0.00126198 -0.00479653 -0.00246995 -0.00669545
internal_weight=560081 403525 335320 309983 114754 195229 25337 156556 46475 108368 105477 29447 68279 143966 142897 128561 31296 68205 125556 76030 31298 14353 3999 1132 16945 8692 1731 1013 6961 15179 26630 2891 42770 23636 408 14336 1321 753 483 30898 20819 13885 6934 6455 86861 85114 64506 20608 50023 38421 16687 13482 3205 623 377 1572 381 21734 11910 16696 1327 1747 637
internal_count=560081 403525 335320 309983 114754 195229 25337 156556 46475 108368 105477 29447 68279 143966 142897 128561 31296 68205 125556 76030 31298 14353 3999 1132 16945 8692 1731 1013 6961 15179 26630 2891 42770 23636 408 14336 1321 753 483 30898 20819 13885 6934 6455 86861 85114 64506 20608 50023 38421 16687 13482 3205 623 377 1572 381 21734 11910 16696 1327 1747 637
is_linear=0
shrinkage=0.05


Tree=69
num_leaves=64
num_cat=0
split_feature=0 9 42 38 11 37 31 19 14 36 16 9 35 43 34 6 14 25 37 21 9 34 25 41 16 37 26 5 24 25 13 3 41 37 29 38 39 5 0 5 9 42 13 16 5 13 37 37 9 43 20 0 29 3 4 11 0 16 16 34 16 29 13
split_gain=42.6532 27.0336 24.3384 18.3623 14.1998 14.1673 17.1899 25.0824 17.6891 14.5312 17.7053 14.1183 12.736 13.7866 12.1935 11.483 12.6343 21.6935 11.2167 11.9063 10.8738 10.6203 10.2056 9.55857 11.837 11.153 9.34772 9.33257 9.28173 9.0919 9.02906 8.34174 8.22125 8.0303 11.786 12.9254 7.94804 7.83651 7.80523 7.76437 7.71269 8.95967 7.70705 9.26051 7.46053 8.29092 14.4944 8.908 7.85371 7.24235 7.0832 7.05646 7.04885 9.35618 7.07209 6.95346 7.50722 7.70164 6.93324 9.56802 6.95331 6.8469 7.61695
threshold=77.225000000000009 31.350000000000005 -5.1999999999999966 22.350000000000005 -0.9159756150367534 60.500000000000007 5.7861853145614024 0.16504132135358066 8.5000000000000018 422.50000000000006 5.9365654816637958 107.20000000000002 0.13052122218260662 51.250000000000007 0.53727914962411616 61.341666666666683 3.5000000000000004 984.25000000000011 41.500000000000007 1267.5000000000002 87.950000000000017 -0.87878364999916136 976.35000000000002 9838.2500000000018 9.6363470263820101 91.500000000000014 1543.7500000000002 75.02500000000002 3.3500000000000001 978.35000000000002 4.5000000000000009 134.12500000000003 11315.250000000002 71.500000000000014 0.69409203854409585 26.650000000000002 1.1500000000000001 22.050000000000004 16.950000000000003 146.25000000000003 178.25000000000003 -0.34999999999999959 1.5000000000000002 7.170301656104626 54.525000000000006 5.5000000000000009 19.500000000000004 34.500000000000007 260.25000000000006 216.25000000000003 -0.31729257441605202 23.025000000000002 80.729210087346516 34.550000000000004 66.725000000000009 0.12940952255126045 301.25000000000006 13.027937532701877 3.7760770604959562 -0.37460659341591213 -14.627077679914473 11.325816377451028 2.5000000000000004
decision_type=2 10 2 2 2 2 2 2 2 2 2 10 2 2 2 8 2 2 2 2 8 2 2 2 2 2 2 10 2 2 2 10 2 2 2 2 2 8 2 10 10 2 2 2 10 2 2 2 10 2 2 2 2 10 10 2 2 2 2 2 2 2 2
left_child=1 38 3 -3 -2 11 8 -8 9 12 21 32 33 22 -12 16 17 40 28 26 -6 -11 -14 24 25 52 -20 -21 -5 44 -19 55 -4 -7 35 58 -28 -26 -1 49 -13 -42 43 -37 45 47 -47 -18 -49 -27 61 -34 -22 54 -54 56 -25 -58 59 -35 -61 62 -23
right_child=4 2 5 18 20 6 7 -9 -10 10 14 15 13 -15 -16 -17 29 30 19 27 23 50 -24 31 37 39 36 -29 -30 -31 -32 -33 51 34 -36 42 -38 -39 -40 -41 41 -43 -44 -45 -46 46 -48 48 -50 -51 -52 -53 53 -55 -56 -57 57 -59 -60 60 -62 -63 -64
leaf_value=0.17676130836717519 -0.38388076603001109 0.47243312325419701 0.23725946525536357 0.19613322305591405 -4.3465928415468253 0.21253856529905885 0.17738993944849216 -0.055853014202542406 0.17317282129163686 -0.33225461310315191 -0.068452528707920596 -0.17038009195385673 -0.15071607756130651 -0.2355766266963337 -0.3609666601371585 0.13951239230820281 0.1180730249387868 -0.10308724990723245 -0.12193147262349691 -0.054333009297679868 0.042072870909562597 0.11787202685770522 0.10557965029612291 -0.30581891092311314 -0.96242481452211259 -0.68232399086474782 0.093180627855711962 -0.46352400783193276 -0.57567735491532079 0.084370466392317045 0.22608301450155965 0.057691511456820325 0.12588659943450975 -0.47965319037744464 -0.13951435164250459 0.026298362648564683 -0.10260712947165954 0.24962943033037105 0.12114761527822458 -0.10855518788665806 -0.54479566165595139 -0.55107142139809828 0.1516734719236853 -0.21288919246659321 0.088430697362844798 -0.4686476513113329 -0.1053329096970515 -0.081679566939731246 -0.44445264952901875 -1.1383496391323991 -0.088119291562064009 0.023040279372918721 -0.22716135314634078 -0.07358614292115781 -0.94703472865822114 -0.06268465802651764 -2.486935860715326 -10.825910273903347 0.17141477637439848 0.039386621964538251 -0.13276024765352731 -0.13980516938829124 -0.036400436466242692
leaf_weight=21769 12590 10346 17893 21553 1069 6681 21151 11483 9519 452 782 2527 3505 3715 1293 25655 3462 4745 2928 4657 72988 5853 5782 8395 443 3230 48088 222 76 21313 3036 8266 8466 167 5211 6559 1362 32333 38815 2988 289 826 17394 881 5176 422 1290 4830 556 170 16939 15301 630 6088 738 6323 278 27 1496 2423 5226 1202 10208
leaf_count=21769 12590 10346 17893 21553 1069 6681 21151 11483 9519 452 782 2527 3505 3715 1293 25655 3462 4745 2928 4657 72988 5853 5782 8395 443 3230 48088 222 76 21313 3036 8266 8466 167 5211 6559 1362 32333 38815 2988 289 826 17394 881 5176 422 1290 4830 556 170 16939 15301 630 6088 738 6323 278 27 1496 2423 5226 1202 10208
internal_value=0.000527611 0.000799393 0.000627382 0.00133764 -0.000172909 0.000377578 3.52375e-05 0.00103787 -0.00027553 -0.000479852 -0.00126072 0.000785365 5.92837e-06 -0.00137594 -0.00574699 0.000371457 -8.12839e-05 -0.00153506 0.00107788 0.000711442 -3.20907e-05 -0.000992093 -0.000346183 5.49365e-06 0.000185941 -0.000119656 0.000931498 -0.00165095 0.00204795 0.000366947 -4.43386e-05 -0.00092125 0.00152184 0.000396195 0.00012412 0.000462133 0.00109403 0.000995546 0.00177308 -0.00213056 -0.00471993 -0.00818386 0.00105782 -0.000288978 -0.000544611 -0.00130682 -0.00449182 -0.000690551 -0.0019625 -0.00376471 -0.000891468 0.0009124 4.0028e-05 -0.00142436 -0.00516082 -0.00162318 -0.00254023 -0.0102459 -0.0011265 -0.00172339 -0.0014649 -0.000178706 9.37054e-05
internal_weight=560081 403525 342941 89232 156556 253709 137922 32634 105288 95769 36729 115787 59040 13002 2075 74127 48472 11423 78886 57257 143966 34654 9287 142897 119608 86832 52378 4879 21629 37049 7781 23289 41660 46038 39357 34146 49450 32776 60584 6388 3642 1115 24834 7440 15736 10560 1712 8848 5386 3400 34202 23767 80444 7456 1368 15023 8700 305 9312 7816 7649 17263 16061
internal_count=560081 403525 342941 89232 156556 253709 137922 32634 105288 95769 36729 115787 59040 13002 2075 74127 48472 11423 78886 57257 143966 34654 9287 142897 119608 86832 52378 4879 21629 37049 7781 23289 41660 46038 39357 34146 49450 32776 60584 6388 3642 1115 24834 7440 15736 10560 1712 8848 5386 3400 34202 23767 80444 7456 1368 15023 8700 305 9312 7816 7649 17263 16061
is_linear=0
shrinkage=0.05


Tree=70
num_leaves=64
num_cat=0
split_feature=0 8 42 1 0 27 42 28 23 41 43 1 28 28 20 27 11 27 7 38 17 38 45 25 35 43 31 16 37 16 40 12 11 21 38 26 36 29 26 16 23 4 24 33 17 11 45 25 10 8 4 32 10 8 11 7 20 27 37 40 0 38 26
split_gain=39.5011 27.0316 18.7735 16.9926 15.3776 14.4693 13.961 13.4661 11.847 10.3301 13.4973 9.5345 8.32962 10.8661 9.75657 7.74003 7.72313 7.60541 7.60046 8.98102 7.49343 7.43169 7.26014 9.34752 7.87561 7.934 11.4701 7.18134 6.94358 10.1093 8.52708 7.65651 6.67193 7.61966 6.75256 6.53065 6.9731 6.24513 8.28385 10.567 7.35757 6.51069 6.04257 6.41414 5.98555 5.9543 6.19091 6.59126 6.44804 6.30931 5.94766 7.867 5.89192 6.16578 5.9803 8.05754 9.77442 7.17273 6.65161 6.02165 6.01959 5.94288 5.78144
threshold=56.050000000000004 1.3000000000000027 -11.449999999999998 49.050000000000004 150.25000000000003 16.550000000000004 10.850000000000003 1.0000000180025095e-35 23.350000000000005 6991.7500000000009 1122.5000000000002 132.25000000000003 1.7850000000000004 1.6350000000000002 0.27563735581699933 43.95000000000001 -0.37940952255126065 24.550000000000004 144.95851449275366 38.050000000000004 -20.963925122287204 37.750000000000007 1.5000000000000002 973.25000000000011 -0.86159635224327535 -222.49999999999997 2.8991378028648453 -9.5760852107407661 65.500000000000014 -1.1090110249868419 990.6500000000002 0.60355339059327384 0.12940952255126045 1047.5000000000002 33.050000000000004 1427.0000000000002 2892.5000000000005 0.64378592723686046 22050.750000000004 18.418167326967012 29.550000000000004 47.550000000000004 2.2500000000000004 15.350000000000003 -9.0616305104452444 -0.9159756150367534 1.5000000000000002 981.25000000000011 18.725000000000005 148.20000000000002 63.650000000000013 -7.6116350736988716 10.325000000000003 168.10000000000002 -0.60355339059327362 207.09270833333338 -0.85260769842926898 254.25000000000003 95.500000000000014 1001.5500000000001 552.50000000000011 22.550000000000004 1238.2500000000002
decision_type=2 10 2 8 2 8 2 2 2 2 2 8 2 2 2 10 2 8 10 2 2 2 2 2 2 2 2 2 2 2 2 2 2 2 2 2 2 2 2 2 2 10 2 2 2 2 2 2 8 10 8 2 8 8 2 10 2 8 2 2 2 2 2
left_child=1 2 -1 45 9 -4 8 17 -7 10 28 -6 13 15 -15 22 42 -3 19 20 -11 -19 23 24 25 26 -10 -8 -5 -30 31 62 33 -22 -34 36 -14 41 -39 -40 -41 -25 43 -9 -26 -2 47 -47 -48 -49 -35 -52 53 -13 55 60 57 -57 -56 -60 -54 -59 -31
right_child=3 7 5 4 11 6 27 16 12 18 -12 52 35 14 -16 -17 -18 21 -20 -21 32 -23 -24 37 44 -27 -28 -29 29 30 -32 -33 34 50 -36 -37 -38 38 39 40 -42 -43 -44 -45 -46 46 48 49 -50 -51 51 -53 54 -55 58 56 -58 61 59 -61 -62 -63 -64
leaf_value=0.24495293421110953 -0.48196929076124251 0.056192682768587437 0.16645107628732814 0.16720445918108098 -0.55679445900543734 0.27026810643488636 -0.18333239041076177 0.10733584610906854 -0.22535047742822895 -0.6110862304325223 -0.61007985660457509 -0.30908477263060236 -0.058140924246236791 -0.24953640385054623 -0.094250791540923473 -0.0023138794131848804 0.15447927577097115 -0.024582382984299225 0.25256395458903008 0.15331373691041422 -0.03353858015106042 0.18061430054299354 -0.048171461060917305 0.092779576979322945 -0.083965673798989865 -0.045213845620734446 -0.53212837240898259 -0.012066511730740163 -0.07881960164256252 -0.2501438188254308 0.71921338380994737 0.30217218029174975 -0.0427617993034764 -0.08789305040576198 0.20076329573449839 0.20050946572316561 -0.7107102872653922 0.21227244583061167 0.060884412260508225 -0.24946856091825925 -0.049479981083512495 -0.010328298788749973 -0.49837574095990872 -0.045153629697092162 0.054388714059235233 -0.1760435137032989 -4.9021092469684771 0.06721533462933546 0.16552505775807741 -21.43507680520004 -0.047391453966707985 -0.4089900243845726 0.27521890862988235 -4.5985417490168983 0.052812349510317574 -2.2099581939509076 -0.77255571904359943 -1.4596649819964052 -0.94543281821027281 -4.3919848744111771 -15.606246979494152 -2.3051016701800719 0.11894392324196762
leaf_weight=18736 3191 21618 26747 62317 7732 13607 1800 6446 515 299 81 1976 2240 347 783 24624 14767 64176 5154 6381 11011 2033 6084 34578 653 1890 67 11377 19850 4483 5390 5563 12767 5445 4439 18874 25 19536 3851 213 488 9859 105 4979 15790 9397 567 6609 279 49 1588 3150 2763 692 41549 29 5160 68 1375 49 24 30 3816
leaf_count=18736 3191 21618 26747 62317 7732 13607 1800 6446 515 299 81 1976 2240 347 783 24624 14767 64176 5154 6381 11011 2033 6084 34578 653 1890 67 11377 19850 4483 5390 5563 12767 5445 4439 18874 25 19536 3851 213 488 9859 105 4979 15790 9397 567 6609 279 49 1588 3150 2763 692 41549 29 5160 68 1375 49 24 30 3816
internal_value=0.000516363 0.000871123 0.00120423 1.93552e-05 0.000150365 0.00105822 0.000885491 0.000250342 0.00101913 0.000420605 0.000710838 -0.000516949 0.000882621 0.000720502 -0.00415929 0.000767174 0.00124292 -4.68533e-05 -0.000165824 -0.00037378 -0.000660353 -0.000312722 0.00097483 0.00109103 0.000107058 -0.00252427 -0.00762887 -0.000676557 0.000727132 0.000204849 0.00102119 0.000365027 -0.000598958 -0.00119279 0.000132512 0.00179739 -0.000739514 0.00136264 0.00201096 9.00705e-05 -0.00555635 0.00101121 0.000273201 0.000382932 0.000502646 -0.00137069 -0.000996686 -0.000777016 -0.00516548 0.000426555 -0.00217863 -0.00347404 -0.000280648 -0.00257121 -0.00016093 -0.00140946 -0.00255627 -0.0162598 7.36511e-05 -0.00328652 0.000766057 -0.00979592 -0.00059706
internal_weight=560081 326808 212684 233273 213181 193948 167201 114124 154024 151734 101500 61447 140417 119278 1130 118148 26297 87827 50234 45080 38699 66209 93524 87440 18915 2472 582 13177 101419 39102 19252 13862 38400 21194 17206 21139 2265 68525 24088 4552 701 44437 11530 11425 16443 20092 16901 16055 846 6658 10183 4738 53715 2668 51047 8074 5287 127 42973 1424 2787 98 8299
internal_count=560081 326808 212684 233273 213181 193948 167201 114124 154024 151734 101500 61447 140417 119278 1130 118148 26297 87827 50234 45080 38699 66209 93524 87440 18915 2472 582 13177 101419 39102 19252 13862 38400 21194 17206 21139 2265 68525 24088 4552 701 44437 11530 11425 16443 20092 16901 16055 846 6658 10183 4738 53715 2668 51047 8074 5287 127 42973 1424 2787 98 8299
is_linear=0
shrinkage=0.05


Tree=71
num_leaves=64
num_cat=0
split_feature=0 23 37 9 44 43 25 22 17 14 13 2 27 37 14 13 25 16 21 13 29 21 10 42 35 27 42 45 25 16 13 22 17 27 24 35 12 14 37 41 16 37 29 12 17 28 44 35 41 11 44 40 32 25 22 13 10 33 13 17 29 39 5
split_gain=36.1778 27.9605 22.1754 22.8337 18.7807 15.4303 12.5901 12.0094 11.6218 11.2628 12.6293 13.2869 10.9241 11.6364 12.1611 16.6534 14.3107 12.4749 11.7956 17.5891 11.5181 11.2466 10.9122 10.7666 13.2025 10.5151 10.3511 10.2458 10.1883 10.0828 9.95128 9.63857 9.22421 9.00894 8.76529 8.67551 12.0508 9.46508 8.80004 8.44277 15.1758 10.907 13.6013 13.1835 8.98016 10.6677 8.58908 14.3082 12.5449 14.4202 8.47957 7.96459 7.88918 7.66513 7.54763 7.51351 7.46804 7.38756 7.35114 7.32147 7.27498 7.19237 7.06589
threshold=71.425000000000026 25.550000000000004 92.500000000000014 46.050000000000004 2032.7500000000002 -902.49999999999989 969.45000000000016 91.500000000000014 16.129340007907388 7.5000000000000009 2.5000000000000004 176.25000000000003 68.050000000000011 52.500000000000007 3.5000000000000004 4.5000000000000009 984.45000000000016 19.287199859059225 37.500000000000007 5.5000000000000009 0.64378592723686046 1187.5000000000002 10.625000000000002 -0.84999999999999953 0.76037701167087501 11.65 -2.2999999999999989 1.5000000000000002 987.35000000000002 7.5023104009571737 2.5000000000000004 28.500000000000004 2.8805154630532361 48.550000000000004 0.15000000000000005 0.50751903745502724 -0.70710678118654757 3.5000000000000004 22.500000000000004 7325.7500000000009 0.17172809583889026 75.500000000000014 0.13461487101364147 -0.9159756150367534 5.320482996610945 4.6450000000000014 -763.50000000000011 -0.85260769842926898 2393.2500000000005 0.91597561503675362 -6323.4999999999991 976.55000000000007 -2.5643720933564755 976.85000000000002 45.500000000000007 2.5000000000000004 9.2325000000000017 12.950000000000001 1.0000000180025095e-35 -19.877908619177507 0.46641150008019439 0.45000000000000007 41.550000000000004
decision_type=2 2 2 10 2 2 2 2 2 2 2 8 10 2 2 2 2 2 2 2 2 2 8 2 2 10 2 2 2 2 2 2 2 8 2 2 2 2 2 2 2 2 2 2 2 2 2 2 2 2 2 2 2 2 2 2 10 2 2 2 2 2 8
left_child=1 4 3 -3 5 -1 -5 23 12 10 25 -12 13 14 15 16 20 -17 19 -16 60 39 27 61 53 -9 -27 -2 35 54 -11 -22 -20 -7 -31 36 38 58 -24 41 -41 -15 52 -44 45 -45 47 51 -49 -50 -47 -46 -43 -25 -30 -23 -29 -18 -37 -40 -8 -4 -38
right_child=22 2 7 6 -6 33 8 9 -10 30 11 -13 -14 21 18 17 57 -19 32 -21 31 55 28 24 -26 26 -28 56 29 34 -32 -33 -34 -35 -36 37 62 -39 59 40 -42 42 43 44 46 50 -48 48 49 -51 -52 -53 -54 -55 -56 -57 -58 -59 -60 -61 -62 -63 -64
leaf_value=-0.19184602955840957 -0.17273669192039401 0.11733990489812225 0.19142420223407522 -0.10312652745189968 0.0059263682510032282 0.29468554416455134 -0.27788821440936651 -0.10377528136602875 0.39966900642641007 0.29282085416383619 -0.019274927155432282 -0.46859810805657354 -0.052009150192834142 0.12270933652007453 -0.056089049771333679 0.26611550972483128 0.19933124355541479 -0.14558598123804464 0.088311241415743785 -0.65861496571883149 -0.053523141616043469 0.027147051401268659 0.23053256905989228 0.012366475275931696 -0.33698529675194894 -0.38700639681680904 -0.14615408311227407 -0.44241767012778388 0.23520538628564133 0.29816889796318158 -0.082906839030785273 -0.3221653045605799 0.29773298626596412 0.20541357896379206 -1.9509085211126458 0.18619759217344342 -0.1613735616453093 -0.056465635921783379 -2.2352826392164769 -0.046771178439140922 0.10660284921878233 -0.050872487488830248 -0.37580848386937793 0.046344771823271257 -0.34305782952212238 -0.29856134801600254 -0.034231096897024853 0.010117539036307544 -0.037378333048998506 -0.61442576068106192 -0.10086230512697505 0.32676150282069832 0.08387768082549929 -0.18754649729787337 -0.083681871406592487 -0.11803506582823642 -8.5861563614132077 -0.044081850456076654 -0.38621124400776569 -0.25903229575681325 -0.41884966867597201 -0.074608697074823843 0.091084610893918436
leaf_weight=624 7960 62220 5618 6741 14083 20575 535 655 4297 1432 2157 289 21650 31296 975 5267 2858 454 43622 203 2830 3792 2099 4597 177 919 532 1246 8455 26470 5002 918 15314 30238 74 1536 7672 20750 43 22520 9239 6155 242 6469 442 220 2458 1104 249 187 484 63 31236 2235 30110 6326 805 4751 11115 7930 229 1788 47549
leaf_count=624 7960 62220 5618 6741 14083 20575 535 655 4297 1432 2157 289 21650 31296 975 5267 2858 454 43622 203 2830 3792 2099 4597 177 919 532 1246 8455 26470 5002 918 15314 30238 74 1536 7672 20750 43 22520 9239 6155 242 6469 442 220 2458 1104 249 187 484 63 31236 2235 30110 6326 805 4751 11115 7930 229 1788 47549
internal_value=0.000503954 0.00077352 0.000581253 0.000703175 0.00171474 0.00215769 0.000476052 -0.000836384 0.000539457 -0.00208174 -0.00398506 -0.00154129 0.000489626 0.000604875 0.00108241 -6.3894e-05 -0.00111336 0.00215959 0.00142263 -0.00353141 -0.00334441 0.000300942 -9.51015e-05 0.00011273 -0.00129191 -0.00682336 -0.00919711 -0.00169763 2.83896e-06 0.000488335 -0.000735157 -0.00220384 0.00152165 0.00225366 0.00123832 -0.000317446 1.78428e-05 -0.000972875 -0.00157268 0.000444716 -0.000245757 0.000716767 0.000253402 -0.00121749 -0.000978074 0.000120591 -0.00272818 -0.00512225 -0.00272727 -0.00990826 -0.00572443 -0.0124257 0.000722233 -0.000942623 -2.78748e-05 -0.00129571 -0.00484885 0.00020962 -0.00205083 -0.00233099 -0.00893979 0.00144207 0.000307945
internal_weight=560081 386267 320747 295346 65520 51437 233126 25401 226385 10986 4552 2446 222088 200438 77956 17842 12121 5721 60114 1178 4512 122482 173814 14415 7009 2106 1451 10011 163803 65109 6434 3748 58936 50813 26544 98694 65293 33401 10072 112364 31759 80605 49309 11918 11676 7173 4503 2045 1540 436 704 505 37391 6832 38565 10118 2051 7609 12651 7973 764 7406 55221
internal_count=560081 386267 320747 295346 65520 51437 233126 25401 226385 10986 4552 2446 222088 200438 77956 17842 12121 5721 60114 1178 4512 122482 173814 14415 7009 2106 1451 10011 163803 65109 6434 3748 58936 50813 26544 98694 65293 33401 10072 112364 31759 80605 49309 11918 11676 7173 4503 2045 1540 436 704 505 37391 6832 38565 10118 2051 7609 12651 7973 764 7406 55221
is_linear=0
shrinkage=0.05


Tree=72
num_leaves=64
num_cat=0
split_feature=0 18 27 37 31 14 31 41 14 29 14 13 33 23 13 41 2 23 16 12 13 11 27 11 21 30 7 12 23 3 42 37 29 23 41 3 34 14 26 29 25 18 29 16 16 4 26 34 9 23 5 26 21 10 38 5 29 27 5 13 44 6 14
split_gain=34.1853 24.6244 22.0237 19.6876 19.7096 18.531 18.8651 24.4407 17.3753 20.7513 18.5284 19.3009 27.1323 18.431 16.4268 16.1442 15.0871 14.8643 17.6912 14.008 13.4476 13.1594 12.1327 11.7839 10.8199 10.6406 19.1107 10.4637 10.3826 10.1113 10.0677 10.0146 16.0513 10.3764 9.88698 11.2742 9.27841 9.27492 11.1141 19.5037 8.92249 8.88704 19.1096 8.84903 8.81975 8.49971 8.35151 8.34024 8.20837 8.17724 8.25681 8.11966 10.4193 7.79037 7.78954 7.77085 7.7317 7.66631 9.23467 7.61746 7.58089 7.53282 7.22694
threshold=86.02500000000002 23.850000000000005 16.950000000000003 53.500000000000007 9.1145161027211312 8.5000000000000018 8.1311412783322261 7214.0000000000009 6.5000000000000009 0.17025866081228805 7.5000000000000009 1.5000000000000002 9.2500000000000018 26.650000000000002 2.5000000000000004 4284.2500000000009 146.25000000000003 30.950000000000003 9.9464843237220109 -0.78656609248549325 3.5000000000000004 -0.78656609248549292 47.95000000000001 -0.9159756150367534 302.50000000000006 6.5000000000000009 130.42663043478265 -0.78656609248549325 35.150000000000013 16.050000000000004 -3.2999999999999989 33.500000000000007 164.39504405851014 33.250000000000007 9838.2500000000018 132.25000000000003 -0.1564344650402309 4.5000000000000009 288.50000000000006 58.763820038519789 982.1500000000002 13.250000000000002 0.25912256116821891 -14.78875984322792 9.6363470263820101 82.52500000000002 22642.000000000004 0.59480013772226081 146.25000000000003 28.550000000000004 11.050000000000002 7447.0000000000009 517.50000000000011 17.425000000000004 26.950000000000003 21.950000000000003 0.69409203854409585 40.95000000000001 111.05000000000001 1.0000000180025095e-35 -408.74999999999994 51.45416666666668 4.5000000000000009
decision_type=2 2 8 2 2 2 2 2 2 2 2 2 2 2 2 2 8 2 2 2 2 2 8 2 2 2 10 2 2 8 2 2 2 2 2 10 2 2 2 2 2 2 2 2 2 10 2 2 10 2 8 2 2 8 2 8 2 10 10 2 2 8 2
left_child=1 2 -1 4 20 6 7 8 22 10 11 12 17 14 24 -3 -16 18 27 47 25 48 46 -2 -13 -4 31 -10 57 -26 40 -27 43 -34 44 -36 -28 -22 39 -39 45 56 60 -33 -25 -12 -5 -11 -6 54 -51 -44 -53 -20 -32 -46 -21 -15 -59 -45 -43 -38 -61
right_child=23 15 3 5 21 -7 -8 -9 9 19 30 13 -14 28 16 -17 -18 -19 53 41 37 -23 -24 34 29 26 36 -29 -30 -31 49 32 33 -35 35 -37 61 38 -40 -41 -42 42 51 59 55 -47 -48 -49 -50 50 -52 52 -54 -55 -56 -57 -58 58 -60 62 -62 -63 -64
leaf_value=0.1366065097227063 -0.4615958482199628 0.35215483364528388 0.19382958050276966 0.19811981222829655 -0.0069766998874117641 0.10950085194171233 0.10607893249681088 -0.068060531886596651 -0.6810787244498564 -0.271386674573524 0.23586887327003639 -0.2336151253732465 -0.024774706065706757 0.079825256738194711 0.049279564653282482 0.041791963580781737 -0.69095461152258997 -0.063520623556347189 0.026311389094989243 0.077483014105074702 0.33821982917442933 0.051033327124302863 0.021163757188134506 -0.035182557871187847 -0.16589156920605241 0.15040176469531275 0.09422023114199557 -0.2729808934141984 -0.21470675862190283 -0.59049537200932856 -0.043164867944141531 0.35779677723595998 -0.021208201660372978 -0.49474360272520673 -0.33040129796443263 0.067588458950347194 -1.0782585997384548 0.17043649047000287 0.13600761354743648 -0.62209217274793616 -0.16085869634228711 -0.35033890650741245 -0.021112247308147227 0.23324897169576617 -1.1445541563811166 -1.3610632894276047 -0.37408387622777606 -0.38123435009790246 -0.17834895203310874 -0.39419472663049809 -0.056725227661413385 -0.30032825029981763 -0.20838173262674903 -0.69348256918562279 0.18881704714756728 0.22760692582484215 -0.20130979007035077 -0.06572949113846914 -0.93163649370645119 -0.23762203208280996 0.10398324557924232 -0.35219531455211756 -0.0091917004869801599
leaf_weight=39755 10547 17252 19342 20458 10794 34021 26488 40387 284 1033 9289 366 5001 14406 1196 11340 180 1157 25 2720 21998 37866 32523 76327 93 11363 146 2231 620 199 4335 2321 477 684 11268 7754 116 529 14647 297 643 448 1801 2151 351 176 306 483 5528 306 5399 129 387 129 6436 29094 1330 3958 22 3285 69 271 5544
leaf_count=39755 10547 17252 19342 20458 10794 34021 26488 40387 284 1033 9289 366 5001 14406 1196 11340 180 1157 25 2720 21998 37866 32523 76327 93 11363 146 2231 620 199 4335 2321 477 684 11268 7754 116 529 14647 297 643 448 1801 2151 351 176 306 483 5528 306 5399 129 387 129 6436 29094 1330 3958 22 3285 69 271 5544
internal_value=0.000489224 0.000709728 0.00060745 0.000482936 0.000952213 0.000188647 -8.56678e-06 -0.00021495 0.000148047 -0.000401613 -5.65976e-05 -0.000911206 -0.00287357 -8.79276e-05 -0.0046116 0.00212682 -0.00150436 -0.00604286 -0.00809479 -0.00272024 0.00143566 0.000210194 0.000816991 -0.000202784 -0.0111094 0.000859956 0.000206389 -0.00708747 0.000396191 -0.0182877 0.000903551 0.000399807 -0.000472963 -0.00611111 -6.71505e-05 -0.0011166 -0.0091651 0.00213779 0.00119983 -0.0044431 0.00214583 -0.00176206 -0.00390967 1.91717e-05 0.000121582 0.00253302 0.00176122 -0.00707124 -0.000976596 0.000141418 -0.00138913 -0.00197022 -0.0075 -0.0245455 0.000952094 0.000856682 -0.000259259 0.000610791 -0.00133166 -0.00057377 -0.0126015 -0.0132171 -0.00122381
internal_weight=560081 424740 396148 356393 137359 219034 185013 158525 118138 64851 56451 29867 8827 21040 2034 28592 1376 3826 2669 8400 83171 54188 53287 135341 658 45700 26358 2515 19006 292 26584 25825 14462 1161 124794 19022 533 37471 15473 826 10108 6884 2834 13301 105772 9465 20764 1516 16322 16476 5705 2317 516 154 10771 29445 4050 18386 3980 10980 517 387 8829
internal_count=560081 424740 396148 356393 137359 219034 185013 158525 118138 64851 56451 29867 8827 21040 2034 28592 1376 3826 2669 8400 83171 54188 53287 135341 658 45700 26358 2515 19006 292 26584 25825 14462 1161 124794 19022 533 37471 15473 826 10108 6884 2834 13301 105772 9465 20764 1516 16322 16476 5705 2317 516 154 10771 29445 4050 18386 3980 10980 517 387 8829
is_linear=0
shrinkage=0.05


Tree=73
num_leaves=64
num_cat=0
split_feature=8 42 0 0 29 38 41 37 11 18 20 0 29 18 3 14 7 28 36 19 31 1 41 31 0 5 7 38 22 20 43 9 38 17 22 34 37 20 12 23 16 14 16 42 26 21 12 4 31 18 4 44 9 1 31 16 38 40 38 36 16 4 11
split_gain=33.436 18.3971 16.991 15.1844 14.4864 13.4374 15.939 14.5062 13.2379 12.5891 11.2825 10.7313 10.7006 10.1197 9.22219 9.03541 8.96698 8.56802 8.44316 10.2452 11.686 9.06381 8.25117 7.86647 7.77658 7.67565 7.51844 10.3559 7.89173 8.50677 7.47919 7.24619 9.47229 7.16789 7.95854 9.42219 7.13397 18.2899 7.11876 7.08087 7.04046 6.96514 8.00883 6.94766 6.72257 6.63199 6.5126 6.4606 6.43148 6.13399 6.06986 8.40204 10.7533 6.5821 6.03747 5.83882 5.82543 5.80666 6.91001 7.93715 6.28141 8.66786 5.85706
threshold=0.8000000000000026 10.65 156.25000000000003 54.525000000000006 3.4611532442940467 37.150000000000013 6991.7500000000009 65.500000000000014 -0.60355339059327362 20.550000000000004 0.96359376111369366 9.0050000000000008 80.729210087346516 15.750000000000002 53.550000000000004 8.5000000000000018 127.75208333333335 3.1550000000000007 300.62500000000006 0.85260769842926931 -0.52698240020776577 9.0100000000000016 8439.5000000000018 14.725252451140584 26.050000000000004 34.95000000000001 37.612771739130444 34.050000000000004 21.500000000000004 0.27563735581699933 1152.5000000000002 378.25000000000006 26.550000000000004 -20.963925122287204 65.500000000000014 -0.79863551004729294 71.500000000000014 -0.92384435400961373 0.37940952255126048 31.050000000000004 11.138808074853396 7.5000000000000009 -11.950198957354353 -1.1500000000000001 3059.2500000000005 1117.5000000000002 -0.9159756150367534 273.75000000000006 -4.5511552652549021 18.350000000000005 303.25000000000006 -1692.7499999999998 713.25000000000011 118.12500000000001 11.193468346620987 -1.9570496995461597 29.250000000000004 991.45000000000016 28.850000000000005 487.50000000000006 -7.8993983958677445 42.050000000000004 0.60355339059327384
decision_type=8 2 2 2 2 2 2 2 2 2 2 2 2 2 10 2 10 2 2 2 2 10 2 2 2 8 10 2 2 2 2 8 2 2 2 2 2 2 2 2 2 2 2 2 2 2 2 10 2 2 10 2 8 8 2 2 2 2 2 2 2 10 2
left_child=1 3 5 4 11 6 7 12 10 15 36 -1 30 31 -4 57 17 44 49 26 22 -22 -21 -17 -15 39 -20 28 29 56 48 32 -8 46 -35 -36 54 -38 40 47 -27 -3 -43 -10 -14 -23 -26 -5 -2 -13 53 52 -52 -16 -6 -25 -28 58 59 -9 61 -59 -60
right_child=2 41 14 25 8 -7 13 9 43 -11 -12 18 16 24 50 23 -18 -19 19 20 21 45 -24 55 33 38 27 -29 -30 -31 -32 -33 -34 34 35 -37 37 -39 -40 -41 -42 42 -44 -45 -46 -47 -48 -49 -50 -51 51 -53 -54 -55 -56 -57 -58 60 62 -61 -62 -63 -64
leaf_value=0.19032238089708892 0.31512948941760283 -0.075257992634418347 -0.65952180782640646 0.059987792159990429 0.19060483522247917 0.15209789754194414 -0.13822318041232326 -0.053133247345191183 0.36962803401208127 0.14671017124451616 -0.20190384363907171 0.077654377186413201 -0.37316376447472394 0.025776785842807216 -0.96842634228078295 0.1686521744670072 -0.80542906377628454 0.110980034438661 0.08917368855325529 0.056763339234445376 -0.44239374479898474 -0.078436855225930704 -0.061473566937194704 -0.30932213229487027 -0.70937118965938473 -0.054773449240492947 -0.50273748047749744 0.17680262291903337 -0.021135805968628588 -0.047715319537107448 -0.46356101727974353 0.15540989489927118 0.0054084385670740429 -0.076187123623877417 0.061996975623359776 -0.22228547877150806 -0.57903998476703045 -0.008525296840807316 0.19084685442431362 -0.4342958976223022 0.17868305270393867 -0.19593530924365621 0.11742432488220073 0.17197106856614569 0.12906470216233437 -0.23630162403333221 -0.32050722158268774 -1.3214394055721599 0.10330765289173192 0.19625073068456636 -6.3924720056802711 -1.0603340610763281 -1.631472452787043 0.0059824268023799115 0.011253584029757241 0.037448062794374355 -0.20563468809570648 0.037577206655620227 -0.0078437910416822888 -0.31955785944792087 0.52605997886391342 -1.3375871389823857 0.20301365844667935
leaf_weight=10165 17577 15777 9301 1764 13276 16756 7977 44351 17506 10530 1827 33861 2212 5461 2140 12043 140 4979 22088 10097 187 2127 6735 935 51 27295 98 3903 9839 697 101 7030 41565 14972 1067 4220 124 787 31506 1071 12125 659 5855 13799 791 821 161 137 40489 12197 56 2631 66 26517 5484 1064 399 269 16048 478 2279 87 3531
leaf_count=10165 17577 15777 9301 1764 13276 16756 7977 44351 17506 10530 1827 33861 2212 5461 2140 12043 140 4979 22088 10097 187 2127 6735 935 51 27295 98 3903 9839 697 101 7030 41565 14972 1067 4220 124 787 31506 1071 12125 659 5855 13799 791 821 161 137 40489 12197 56 2631 66 26517 5484 1064 399 269 16048 478 2279 87 3531
internal_value=0.000480208 0.000891971 0.000117751 0.00101963 0.00128502 0.000268 0.000172582 0.000466866 0.00196892 5.92154e-05 0.00101358 0.000966047 0.00103026 -0.000390648 -0.000831348 -0.000152001 -0.000669786 -0.000449762 0.000813157 0.000406292 -0.000506586 -0.00330941 1.5447e-05 0.00100128 -0.00120855 0.000423422 0.000898606 3.21373e-05 -0.000750929 -0.00458961 0.00126764 -1.5732e-05 -0.000228897 -0.00165576 -0.00156005 -0.00322773 0.00136267 -0.00295829 0.000527733 -0.00206595 7.99089e-05 -0.000482033 0.00089346 0.00262498 -0.00255911 -0.00263229 -0.0108019 -0.000234087 0.00129129 0.0013166 -0.00042184 -0.00266437 -0.0154918 -0.000206407 0.00157249 -0.00190345 -0.00958752 -0.000393553 -0.000487672 -0.000829931 0.00190702 -0.00426966 0.000295981
internal_weight=560081 262206 297875 239915 166017 257164 240408 157904 52803 91615 21498 113214 66289 82504 40711 81085 8122 7982 103049 56991 19967 3135 16832 14042 25932 73898 37024 14936 11033 1194 58167 56572 49542 20471 20259 5287 19671 911 70926 2972 39420 22291 6514 31305 3003 2948 212 1901 58066 46058 31410 2753 122 28657 18760 1999 497 67043 64408 44829 2635 356 19579
internal_count=560081 262206 297875 239915 166017 257164 240408 157904 52803 91615 21498 113214 66289 82504 40711 81085 8122 7982 103049 56991 19967 3135 16832 14042 25932 73898 37024 14936 11033 1194 58167 56572 49542 20471 20259 5287 19671 911 70926 2972 39420 22291 6514 31305 3003 2948 212 1901 58066 46058 31410 2753 122 28657 18760 1999 497 67043 64408 44829 2635 356 19579
is_linear=0
shrinkage=0.05


Tree=74
num_leaves=64
num_cat=0
split_feature=8 42 0 0 29 28 11 14 41 13 37 11 38 13 14 13 12 44 16 32 38 20 36 4 43 16 38 13 40 20 30 25 22 43 16 1 18 14 13 8 7 23 35 7 42 1 10 20 5 13 26 14 12 23 5 42 19 13 11 17 23 31 4
split_gain=30.7014 16.774 15.4053 13.4735 13.8099 12.9377 12.5209 11.6844 13.7455 10.6497 15.6575 14.7382 10.2948 13.4664 14.5403 13.3263 16.4093 18.9244 13.6563 10.3262 12.0412 10.2617 10.0133 9.59644 9.5824 9.40115 10.4618 11.4692 9.30792 9.56809 10.195 9.27072 8.42126 8.40556 10.4185 8.1261 8.07465 8.05026 7.98496 11.7437 16.5897 9.48213 7.83103 7.63011 7.38665 7.05539 7.00595 6.85529 6.79753 6.79552 7.94726 8.98484 7.97643 14.8162 7.37046 6.74667 8.53211 9.07149 7.9273 6.66172 6.42406 6.41635 7.29854
threshold=0.8000000000000026 10.65 156.25000000000003 54.525000000000006 3.4611532442940467 0.92500000000000016 -0.60355339059327362 8.5000000000000018 35038.000000000007 3.5000000000000004 77.500000000000014 -0.60355339059327362 34.250000000000007 5.5000000000000009 4.5000000000000009 3.5000000000000004 0.37940952255126048 -50.75000000000022 -19.670146776125488 -3.9332316482451919 31.250000000000004 0.96359376111369366 247.50000000000003 30.025000000000002 -10.624999999999998 -16.163816093926723 24.550000000000004 4.5000000000000009 991.05000000000007 0.85260769842926909 16.500000000000004 971.45000000000016 87.500000000000014 97.500000000000014 -6.5495630928946502 21.750000000000004 23.450000000000003 5.5000000000000009 1.0000000180025095e-35 -28.949999999999992 27.616666666666671 28.550000000000004 -0.89490028524376719 159.55729166666671 -1.8999999999999995 140.25000000000003 10.625000000000002 -0.50751903745502724 51.050000000000004 2.5000000000000004 8071.5000000000009 7.5000000000000009 -0.9159756150367534 29.350000000000005 83.02500000000002 1.5000000000000004 0.19080899537654492 2.5000000000000004 -0.9159756150367534 -6.0537565368643387 26.350000000000005 18.582057024096816 210.25000000000003
decision_type=8 2 2 2 2 2 2 2 2 2 2 2 2 2 2 2 2 2 2 2 2 2 2 10 2 2 2 2 2 2 2 2 2 2 2 10 2 2 2 10 10 2 2 10 2 8 8 2 8 2 2 2 2 2 10 2 2 2 2 2 2 2 10
left_child=1 3 5 4 22 7 21 12 -9 10 11 43 13 15 -15 28 19 -18 -19 20 32 -6 38 -24 -13 26 27 -21 29 33 -31 -27 59 34 37 42 -32 -2 39 40 41 -1 47 -7 -8 -4 61 -25 -5 50 51 -39 53 -52 -53 56 -36 -58 -59 -17 -16 -47 -63
right_child=2 -3 45 48 6 9 44 8 -10 -11 -12 24 -14 14 60 16 17 18 -20 25 -22 -23 23 35 -26 31 -28 -29 -30 30 36 -33 -34 -35 55 -37 -38 49 -40 -41 -42 -43 -44 -45 -46 46 -48 -49 -50 -51 52 54 -54 -55 -56 -57 57 58 -60 -61 -62 62 -64
leaf_value=-0.32571692808404262 0.32365632622681578 -0.03366217164263291 -0.7252211436780176 -0.11011900589772715 0.096601528234140907 -0.048966982801968449 0.35846396843131889 0.1078093416387558 -0.18006426281000892 0.19785791287479748 -0.2358536135412278 0.27057082695012896 0.087862484044728531 0.36213115419489789 -0.14228770640566474 -0.2314012385288983 0.15582844512383393 -0.41847890471704841 -0.10930827106716041 -0.69883872103596012 0.047932526519291252 -0.19180865145711812 0.075497073077540236 0.60469489150822098 0.029956664459048973 -0.2446722517431475 -0.10340419399425681 0.27336825211771515 0.26956044559738007 -0.099840982103438058 -0.58738378644444844 -0.033695473529759414 -0.00034687658690614942 -0.058416028907911692 -0.050263524310875551 0.03972833420178503 -3.8834437062811631 -0.16910866886048956 0.15971226667441121 0.04702627479752676 -0.12409651013656985 -0.67138632122264907 -0.038089662775711103 -0.35843249968548568 0.16852775861174429 -1.1510484968020609 -0.11637368027306597 -0.24703780606084511 0.10466592991473052 0.18948818773786549 -0.45203068996360668 0.18479641549503512 0.20838328071602474 -0.015064296215038861 -1.432087224601875 0.045659254538943976 -0.41039379637065504 -0.26428866185401068 0.44003248590120736 -0.41822435330672092 0.022725749103150946 -1.364819189854555 -12.592305894418161
leaf_weight=58 7405 22291 6198 8853 19671 7980 16228 33173 1546 24913 1910 11083 19869 7387 1812 1641 9705 349 7594 143 1408 1827 25596 186 11981 1670 1677 54 4469 2726 993 13946 923 24175 11668 32893 25 4087 37813 4897 763 105 10162 345 15077 1611 32730 741 65045 4360 132 2382 3663 971 62 10598 1189 131 474 3712 12833 110 62
leaf_count=58 7405 22291 6198 8853 19671 7980 16228 33173 1546 24913 1910 11083 19869 7387 1812 1641 9705 349 7594 143 1408 1827 25596 186 11981 1670 1677 54 4469 2726 993 13946 923 24175 11668 32893 25 4087 37813 4897 763 105 10162 345 15077 1611 32730 741 65045 4360 132 2382 3663 971 62 10598 1189 131 474 3712 12833 110 62
internal_value=0.00047128 0.000865846 0.000123962 0.000987746 0.00123773 0.000267028 0.00190548 7.51942e-05 0.00090858 0.000922662 0.000337698 0.000605148 -0.000100984 -0.000247846 0.000890069 -0.000452784 -0.00116389 5.09991e-06 -0.00180473 -0.0019834 -0.00351119 0.00097637 0.000926299 0.000553911 0.00125607 -0.00131218 -0.00465848 -0.0155584 -6.98024e-05 -0.000201823 -0.0026656 -0.000910604 -0.00444869 -7.24433e-05 0.000316413 0.000105953 -0.00693517 0.0010758 0.00152008 -0.000203503 -0.00536717 -0.0198466 -0.00106457 -0.0011982 0.00254352 -0.000779764 -0.000500826 -0.00546386 0.000426128 0.000433353 -0.000213773 -0.00134665 0.00133865 -0.00238894 0.00105155 -0.000411471 -0.00115436 -0.00436455 0.000619835 -0.00520923 -2.21917e-05 -0.003553 -0.0127326
internal_weight=560081 262206 297875 239915 166017 257164 52803 198952 34719 58212 33299 31389 164233 144364 22032 122332 42822 17648 7943 25174 7684 21498 113214 69578 23064 17490 1874 197 79510 75041 3744 15616 6276 71297 47122 43982 1018 23062 43636 5823 926 163 11089 8325 31305 40711 34513 927 73898 15657 11297 6531 4766 1103 2444 24060 13462 1794 605 5353 14645 1783 172
internal_count=560081 262206 297875 239915 166017 257164 52803 198952 34719 58212 33299 31389 164233 144364 22032 122332 42822 17648 7943 25174 7684 21498 113214 69578 23064 17490 1874 197 79510 75041 3744 15616 6276 71297 47122 43982 1018 23062 43636 5823 926 163 11089 8325 31305 40711 34513 927 73898 15657 11297 6531 4766 1103 2444 24060 13462 1794 605 5353 14645 1783 172
is_linear=0
shrinkage=0.05


Tree=75
num_leaves=64
num_cat=0
split_feature=27 16 41 0 37 10 28 28 36 34 29 29 0 45 9 41 37 44 20 34 11 21 35 0 25 34 44 30 22 1 27 13 4 43 3 2 14 14 10 22 17 8 35 17 34 37 3 37 38 18 9 26 10 0 8 11 44 43 21 2 37 41 34
split_gain=28.409 20.1688 16.8445 15.964 17.9352 14.2386 13.678 27.0231 13.316 11.9867 11.3734 11.2555 10.6927 10.6221 10.812 8.38136 8.86803 18.8539 10.6798 8.97247 8.91616 8.82778 8.03174 7.76662 7.83168 7.67578 9.50066 8.02285 8.34871 7.67491 8.12308 7.66373 7.65457 11.0298 10.4082 7.24976 8.2469 9.80754 10.2096 8.98293 14.3906 8.36791 8.06692 8.36781 8.41062 7.64429 7.15188 7.13389 7.36672 7.10891 8.99275 7.04055 6.90458 9.80131 7.09096 6.78224 6.66667 6.56047 6.5544 7.16827 7.01615 9.36711 8.89136
threshold=24.550000000000004 13.713436171531752 12507.000000000002 174.25000000000003 54.500000000000007 72.925000000000026 1.7650000000000003 1.7550000000000001 77.500000000000014 0.36648727148060617 8.9641825372567965 21.506224956540567 9.0050000000000008 1.5000000000000002 50.050000000000004 10151.000000000002 33.500000000000007 -3259.2499999999995 0.9482875459472353 -0.52991926423320479 -0.9159756150367534 37.500000000000007 -0.4539904997395468 86.02500000000002 968.25000000000011 0.35019404643548463 -612.24999999999989 41.500000000000007 30.500000000000004 12.050000000000002 73.850000000000009 1.0000000180025095e-35 538.50000000000011 111.25000000000001 67.02500000000002 95.325000000000003 11.500000000000002 7.5000000000000009 10.625000000000002 76.500000000000014 8.8434234231809921 56.050000000000011 -0.89490028524376719 -9.4647550169895691 -0.39073112848927366 40.500000000000007 24.950000000000003 87.500000000000014 22.350000000000005 6.3500000000000005 117.25000000000001 2963.2500000000005 24.325000000000006 12.050000000000002 37.025000000000006 -0.78656609248549292 7306.2500000000009 197.50000000000003 1307.5000000000002 173.12500000000003 71.500000000000014 6660.2500000000009 -0.72534675097891066
decision_type=8 2 2 2 2 10 2 2 2 2 2 2 2 2 10 2 2 2 2 2 2 2 2 2 2 2 2 2 2 8 10 2 8 2 8 10 2 2 8 2 2 10 2 2 2 2 8 2 2 2 10 2 8 2 10 2 2 2 2 8 2 2 2
left_child=10 3 -3 4 5 15 7 -4 -6 11 12 -7 -1 14 -10 25 19 18 -18 20 21 -17 -20 24 -14 26 55 -28 -29 -16 58 -13 -27 -34 57 -5 37 -37 42 40 41 45 -39 44 56 -38 -33 48 -42 50 -19 -52 53 -15 -55 -2 -44 -35 59 60 61 -31 -63
right_child=1 2 6 35 8 9 -8 -9 13 -11 -12 31 23 52 29 16 17 49 22 -21 -22 -23 -24 -25 -26 32 27 28 -30 30 -32 46 33 34 -36 36 39 38 -40 -41 47 -43 43 -45 -46 -47 -48 -49 -50 -51 51 -53 -54 54 -56 -57 -58 -59 -60 -61 -62 62 -64
leaf_value=0.20310942972180018 0.0037264681994127278 0.18336948412602849 -0.04208655330917585 -0.7068752856130387 0.091473119908566825 -0.048629132408575998 0.1213335119777159 -0.42385439239832218 0.050848804553693762 0.15845847008132288 0.27998406495932365 0.27060223575181358 -0.19349075025103185 0.092178110340498109 -0.15354875874463092 -0.45186343710992677 -0.144779938848655 0.070750628085902698 -0.80603628488416224 0.21534761691741711 0.056705611686803797 -0.093554489652248177 -0.47973045481165943 -0.61536856953888064 0.069715675948482284 0.29140322357109688 0.069154367989179136 0.14989206618117332 -0.30539214637283735 0.13005186972063115 -0.13516921185903216 -0.89556508834118542 0.23732763518441635 -0.63985212810255265 0.18246756087623026 -0.38055894786972622 -1.7671462668973401 -7.6834177180046099 0.34555758474995946 0.033633815407038532 -3.8674718822719836 0.10627106222992951 -12.359070804535927 -0.56988410607594742 1.9167903575098713 -1.07200191359676 -0.36802780828417003 -6.9464707791562148 -2.3972069590300684 0.063863617098562128 0.033309191358240169 -0.36020369165979615 -0.015410379304854322 -0.23733805099787408 -11.432691756174822 0.29536817908959478 0.57573041385731816 -0.30043005966423014 -0.088258777182011416 -0.15530033028166762 -0.017788872264807493 0.13299487557160009 -0.068600343452701801
leaf_weight=7818 4679 54397 10993 7780 41040 8401 7821 566 34327 7171 11339 459 910 1029 2852 102 3131 1808 115 12102 17088 3068 160 1474 76408 23184 18328 1253 2239 19546 16814 276 1625 257 387 11356 358 34 13717 3332 224 1564 60 548 33 2400 3246 26 30 16364 665 1352 3877 4737 234 13858 20 326 4947 5153 56799 4052 9822
leaf_count=7818 4679 54397 10993 7780 41040 8401 7821 566 34327 7171 11339 459 910 1029 2852 102 3131 1808 115 12102 17088 3068 160 1474 76408 23184 18328 1253 2239 19546 16814 276 1625 257 387 11356 358 34 13717 3332 224 1564 60 548 33 2400 3246 26 30 16364 665 1352 3877 4737 234 13858 20 326 4947 5153 56799 4052 9822
internal_value=0.000457711 0.000293769 0.00105162 0.000149799 0.000260658 0.000693429 -0.000214138 -0.00130677 -3.80305e-05 -0.000559249 0.0012312 -0.00150137 0.00103625 -0.000239389 -0.000137643 0.000894046 0.00044366 -0.000293494 -0.00373459 0.00098115 0.000337645 -0.00209779 -0.0131818 0.000861255 0.000929797 0.0012751 0.000844587 0.000137489 -0.00205899 -0.000361503 -0.000299104 -0.00369128 0.00194907 -0.000626204 -0.00484536 -0.000777204 -0.000459616 -2.5613e-05 0.000840272 -0.00186917 -0.00330074 -0.00258908 -0.00507194 -0.00385023 -0.0162389 -0.00424583 -0.00448325 -0.0142857 -0.0117323 0.000287038 -0.00165359 -0.00394893 -0.001829 -0.00289167 -0.0038111 0.00167692 -0.025 -0.00906518 -0.000128639 -3.65934e-05 6.70038e-05 0.000641831 -0.000351737
internal_weight=560081 462132 73777 388355 346873 141644 19380 11559 205229 19553 97949 12382 86610 164189 154312 122091 55955 23595 3406 32360 20258 3170 275 78792 77318 66136 40357 21820 3492 119985 117133 3981 25779 2595 970 41482 33702 25768 14412 7934 4602 4322 695 661 113 2758 3522 280 254 20189 3825 2017 9877 6000 4971 18537 80 583 100319 95372 90219 33420 13874
internal_count=560081 462132 73777 388355 346873 141644 19380 11559 205229 19553 97949 12382 86610 164189 154312 122091 55955 23595 3406 32360 20258 3170 275 78792 77318 66136 40357 21820 3492 119985 117133 3981 25779 2595 970 41482 33702 25768 14412 7934 4602 4322 695 661 113 2758 3522 280 254 20189 3825 2017 9877 6000 4971 18537 80 583 100319 95372 90219 33420 13874
is_linear=0
shrinkage=0.05


Tree=76
num_leaves=64
num_cat=0
split_feature=0 28 21 8 36 13 31 16 27 36 36 23 14 26 23 7 32 16 34 11 36 22 11 28 22 16 31 2 19 12 13 32 32 42 23 36 8 42 11 1 8 23 34 27 41 31 23 18 10 0 8 22 12 5 12 23 4 5 33 23 7 9 19
split_gain=27.5807 20.4287 18.2994 16.4849 14.4434 12.6427 18.6707 16.6575 12.4236 13.1065 11.0706 10.5553 10.1801 10.9309 15.0035 9.96518 9.30314 8.56122 8.55688 8.54789 9.30539 8.0756 8.00768 7.97115 8.05441 7.78189 18.9445 8.8522 7.63897 7.56688 7.48979 7.36713 7.34997 11.6758 7.24807 7.19391 7.16389 7.08468 7.46582 7.06893 8.57414 7.03966 7.02952 7.02856 7.02293 8.83378 7.15071 6.93759 6.84713 6.57106 6.5208 6.43127 7.4876 9.43308 6.36027 6.34297 8.08379 6.27652 6.19886 6.15278 6.11728 7.00885 6.01428
threshold=13.550000000000002 0.92500000000000016 72.500000000000014 4.3000000000000034 207.50000000000003 3.5000000000000004 12.040240611890987 17.061765458352166 40.050000000000004 57.500000000000007 1562.5000000000002 26.350000000000005 6.5000000000000009 22050.750000000004 29.850000000000005 130.42663043478265 -6.8886776663734013 19.287199859059225 -0.87878364999916136 0.12940952255126045 1642.5000000000002 37.500000000000007 0.78656609248549325 0.76000000000000012 45.500000000000007 6.2898984926823172 -3.2085787407161468 21.050000000000004 0.50751903745502713 0.25881904510252057 4.5000000000000009 -9.6440935432854028e-16 7.9316032241551824 -6.3999999999999995 31.250000000000004 1437.5000000000002 -61.724999999999994 6.7000000000000028 -0.78656609248549292 32.050000000000004 40.025000000000013 36.050000000000004 -0.85260769842926909 12.550000000000002 7570.7500000000018 2.4069967004664012 34.750000000000007 22.850000000000005 62.725000000000009 69.725000000000009 -47.962499999999991 81.500000000000014 0.1294095225512602 75.850000000000009 0.1294095225512602 27.350000000000005 22.050000000000004 81.02500000000002 8.6500000000000004 20.850000000000005 57.938194444444456 102.12500000000001 0.85260769842926931
decision_type=2 2 2 10 2 2 2 2 8 2 2 2 2 2 2 8 2 2 2 2 2 2 2 2 2 2 2 10 2 2 2 2 2 2 2 2 8 2 2 10 10 2 2 10 2 2 2 2 8 2 8 2 2 10 2 2 10 8 2 2 10 8 2
left_child=43 3 16 8 11 19 22 36 12 29 47 -4 13 37 60 58 35 -17 28 20 32 -21 -7 24 -11 44 27 30 -14 -10 48 57 51 -34 55 -3 -8 38 -2 -5 -41 -35 -25 -1 45 -20 -47 -9 -27 59 54 52 53 -6 -28 -22 -57 -23 -13 -26 61 -15 -46
right_child=1 2 4 39 5 6 7 10 9 23 -12 15 18 14 -16 17 -18 -19 25 21 34 31 -24 42 49 26 50 -29 -30 -31 -32 -33 33 41 -36 -37 -38 -39 -40 40 -42 -43 -44 -45 62 46 -48 -49 -50 -51 -52 -53 -54 -55 -56 56 -58 -59 -60 -61 -62 -63 -64
leaf_value=0.17584651370478876 0.059271641732434037 -0.2489291506769693 0.48288069982432602 -0.046476208706886291 -0.053713031143687674 0.28915208391983666 -0.88017599129288515 -0.4736912071171171 -0.019229411729459332 0.061190299942782037 0.1121479690255798 -0.033867892875372556 0.15165561817126538 -0.10966617245435417 0.069927154919498732 -0.69059937054297582 0.024314029701251984 -1.1538026045116279 0.094807828488679385 0.28235872152096714 0.24999744369800056 -0.023056651862127978 -0.039633341605401468 0.14593566311504197 0.18718436818375578 -0.31569135076174343 0.017881777670306759 -0.15312274090294045 -0.028454183850004429 0.28907420111959081 0.41236576134013153 0.20447703351521876 -0.50820329361259542 0.0015679569928379791 0.1094242874983215 -0.50231200635829809 0.073034470297804147 -0.0032430248473285191 0.30023659804969777 0.022753581628887749 -0.13748756722560959 -0.28408094926981281 -0.34579621360962864 0.07952342875247792 0.045372225252931629 -0.072196978616383772 -0.31370151665705681 -0.2173909697654049 -0.65511226166249648 -0.16426834288876926 0.028660947789394788 -1.1538114949661524 0.093853161730448331 -0.48523666366263341 -0.61656166851146466 -0.31712327264667861 -0.15987094125744486 -0.43915618021337749 0.2749759829924775 -0.0092934384373902709 -0.03045416996460118 -0.3388542748835604 -0.065514600963350836
leaf_weight=14302 6699 5094 17337 38564 7197 19195 241 638 9423 35008 449 3336 11286 317 3257 392 13077 43 23555 7045 352 2568 2457 431 5601 410 70 1609 3051 22128 72 3639 205 892 9198 65 7491 3939 19600 87458 34652 614 1099 18354 5298 3224 43 458 65 28992 6431 69 4058 846 68 176 443 1049 10158 48333 313 324 7323
leaf_count=14302 6699 5094 17337 38564 7197 19195 241 638 9423 35008 449 3336 11286 317 3257 392 13077 43 23555 7045 352 2568 2457 431 5601 410 70 1609 3051 22128 72 3639 205 892 9198 65 7491 3939 19600 87458 34652 614 1099 18354 5298 3224 43 458 65 28992 6431 69 4058 846 68 176 443 1049 10158 48333 313 324 7323
internal_value=0.000448069 0.000360762 0.000937937 0.000192993 0.00120224 0.000799654 0.00155178 -0.000324997 0.000448625 0.00016505 -0.00506472 0.00209429 0.000890319 0.00158045 -0.000806222 0.00106935 -0.000519302 -0.00637931 0.000509959 0.000193085 -0.000382536 0.00116111 0.0023559 -7.43318e-05 -2.7812e-05 0.000190791 -0.00116046 -0.00522727 0.00158227 0.00107144 -0.0107221 -9.647e-06 -0.00122434 -0.00429281 0.000766546 -0.00231731 0.00062209 0.00191283 0.00220902 -0.000201526 -1.51501e-05 -0.00276892 -0.00366013 0.00185816 0.000489694 0.000947357 -0.00148913 -0.00777372 -0.013 -0.000296288 0.000174304 -0.000792933 -0.00070614 -0.00158958 -0.0105797 -0.00334192 -0.00638934 -0.00160769 0.00130947 3.00369e-05 -0.00632075 -0.00911856 -0.000482925
internal_weight=560081 527425 118782 408643 100546 69280 30929 9277 247969 151015 1545 31266 96954 34449 4211 13929 18236 435 62505 38351 24050 14301 21652 119464 117934 48168 8725 2156 14337 31551 547 7256 13881 1711 10169 5159 7732 30238 26299 160674 122110 1506 1530 32656 39443 26822 3267 1096 475 82926 6569 12170 12101 8043 138 971 619 3617 13494 53934 954 641 12621
internal_count=560081 527425 118782 408643 100546 69280 30929 9277 247969 151015 1545 31266 96954 34449 4211 13929 18236 435 62505 38351 24050 14301 21652 119464 117934 48168 8725 2156 14337 31551 547 7256 13881 1711 10169 5159 7732 30238 26299 160674 122110 1506 1530 32656 39443 26822 3267 1096 475 82926 6569 12170 12101 8043 138 971 619 3617 13494 53934 954 641 12621
is_linear=0
shrinkage=0.05


Tree=77
num_leaves=64
num_cat=0
split_feature=0 11 14 3 27 0 36 18 9 11 38 25 14 31 14 23 32 2 16 35 37 34 27 40 1 45 1 40 44 14 14 19 41 38 38 29 17 6 9 2 9 36 38 10 2 34 31 6 41 38 25 6 13 4 32 7 44 5 8 31 13 5 6
split_gain=25.9373 21.6807 17.6434 14.9031 13.8163 13.4506 14.5334 11.4425 10.8712 10.3419 9.82349 8.74172 9.05109 11.1037 8.50418 13.3554 15.2378 11.1722 8.46112 9.09863 8.11343 12.6239 8.21488 7.93777 7.76508 7.24727 7.24691 7.0305 10.222 14.9278 10.6713 10.1579 8.47213 6.90622 6.73757 6.6025 7.35085 6.88329 6.31567 6.66959 6.26819 8.32636 8.24641 6.25474 6.18953 6.12093 6.11486 6.07997 5.95613 5.83905 5.81151 5.74522 5.73569 8.81947 6.96653 7.19532 7.77632 6.18551 5.70274 8.39776 12.5124 5.46167 5.45206
threshold=30.925000000000004 -0.9159756150367534 5.5000000000000009 29.050000000000004 20.050000000000004 126.07500000000002 477.50000000000006 20.950000000000003 24.850000000000005 -1.0000000180025095e-35 37.750000000000007 985.05000000000007 3.5000000000000004 -14.225249283685185 4.5000000000000009 35.95000000000001 7.045601212128787 68.02500000000002 10.785528555590005 -0.30069434954884217 68.500000000000014 0.83385407025023295 55.550000000000004 976.35000000000002 110.10000000000001 1.5000000000000002 21.750000000000004 980.25000000000011 -612.24999999999989 5.5000000000000009 4.5000000000000009 -0.50000000000000011 3051.5000000000005 32.350000000000001 25.550000000000004 87.871760441173095 -7.4008801022398343 145.18333333333337 160.25000000000003 23.450000000000003 155.25000000000003 327.50000000000006 30.250000000000004 54.225000000000009 19.050000000000004 0.98897820466835418 3.60628672739101 47.408333333333353 33.500000000000007 12.850000000000003 979.75000000000011 58.33666666666668 5.5000000000000009 49.525000000000006 5.5548070629253887 185.62101449275363 4267.5000000000009 52.050000000000004 -5.7000000000000002 -6.4501557400464282 3.5000000000000004 23.950000000000003 44.834666666666671
decision_type=2 2 2 10 10 2 2 2 10 2 2 2 2 2 2 2 2 10 2 2 2 2 8 2 8 2 8 2 2 2 2 2 2 2 2 2 2 10 10 10 10 2 2 8 10 2 2 8 2 2 2 8 2 8 2 10 2 10 8 2 2 10 10
left_child=2 26 9 18 8 6 7 20 -4 46 11 12 13 45 -14 -16 -17 -18 19 48 21 22 -5 34 -7 -10 -2 28 58 30 44 32 43 40 -6 36 -21 -37 39 -22 -28 -42 -43 -32 -30 -8 -1 -15 -3 -13 -36 -51 54 -54 55 -35 -57 -55 59 60 -24 62 -34
right_child=1 3 4 5 23 24 10 -9 25 -11 -12 49 14 47 15 16 17 -19 -20 35 38 -23 27 -25 -26 -27 33 -29 29 -31 31 -33 61 52 50 37 -38 -39 -40 -41 41 42 -44 -45 -46 -47 -48 -49 -50 51 -52 -53 53 57 -56 56 -58 -59 -60 -61 -62 -63 -64
leaf_value=0.16653486404708975 -0.31254939216577765 -0.75066372044693597 0.15600175493914359 0.23542320601673603 -0.16181278602429619 -0.3807227575906596 -0.70608304594990656 0.34235692053616118 0.063158328070590186 0.24712921941999633 0.12889409887681264 -0.54652357648385042 0.17578848601419589 -0.30438396612808205 0.00036620064905586733 -0.082629128633808932 -0.32647217492788122 -0.10991956987660641 0.0830644674074133 0.090318417907038206 -0.11396942926288751 0.38517010732870088 -0.24772865849757225 0.043224385886373402 0.023013896421298943 -0.058607038042730777 -0.055748792291553273 0.1685555358844365 -0.70501347286219129 0.28178318596917995 -0.50036801961540434 -0.24297001395450507 -1.3241405889735014 0.112608336735362 -0.0096225563070091412 -0.29522842505808428 -0.11731088965734547 -1.9729992823254237 -0.073351922195008509 0.1002912898070832 -0.1968891295176339 -0.48871584713399918 -0.032953998773494302 -0.96701421405316224 0.069820450055581906 -1.226235354745173 0.0336773910827853 -0.10144875034215234 0.021794212103701995 -0.046559947825302511 -0.22452748837070513 0.14629717722580168 0.04012143937832955 -0.44234201327751221 -0.16131642228057252 -2.5534892718688962 -0.0010444552151290957 -0.19909048235536045 0.47772517010815652 0.14448873547083296 -1.1929386863738702 -0.27092946750286806 -0.67115600049360247
leaf_weight=9412 1817 164 14915 11652 1554 7174 199 19167 43726 14156 14480 57 5588 808 29935 5037 701 417 16449 7097 3635 13165 144 32878 58149 4477 20277 18689 185 2493 311 2260 20 9764 31301 1652 26838 49 9995 30846 6421 1666 797 295 2298 31 15425 4626 27086 4801 185 16735 1111 402 1649 47 66 477 2656 859 79 617 119
leaf_count=9412 1817 164 14915 11652 1554 7174 199 19167 43726 14156 14480 57 5588 808 29935 5037 701 417 16449 7097 3635 13165 144 32878 58149 4477 20277 18689 185 2493 311 2260 20 9764 31301 1652 26838 49 9995 30846 6421 1666 797 295 2298 31 15425 4626 27086 4801 185 16735 1111 402 1649 47 66 477 2656 859 79 617 119
internal_value=0.000438696 0.000215941 0.000958436 0.000348978 0.000676788 0.000527043 0.000727945 0.00108152 0.00120552 0.00189047 0.000221483 -2.71993e-05 -0.00040746 -0.00228284 -0.000152598 -0.000433638 -0.00255483 -0.00783542 -0.000253041 -0.000517126 0.000867641 0.00126894 0.000851396 0.000170515 -9.69794e-05 0.000840508 -0.000823257 0.000426269 -0.000500162 -0.00144917 -0.00278051 -0.00451132 -0.00792217 -0.00069159 -0.000376816 -0.00104305 -0.000890673 -0.00408289 0.000363792 0.00068458 -0.00112462 -0.0022321 -0.00470361 -0.0123267 -0.000255739 -0.0130435 0.00127572 -0.00182738 0.000170642 0.000806512 -0.000218192 0.000848811 0.000242676 -0.00223618 0.000670658 0.00117293 -0.0113717 -0.00597838 0.00168272 -0.00137708 -0.0100224 -0.00439153 -0.0133453
internal_weight=560081 392052 168029 347558 129036 268223 202900 119485 63118 38993 83415 68935 47342 5664 41678 36090 6155 1118 79335 62886 100318 55842 42677 65918 65323 48203 44494 31025 12336 8598 6105 3622 1362 42677 33040 35636 33935 1701 44476 34481 29161 8884 2463 606 2483 230 24837 5434 27250 21593 31486 21536 13516 1990 11526 9877 113 879 3738 1082 223 756 139
internal_count=560081 392052 168029 347558 129036 268223 202900 119485 63118 38993 83415 68935 47342 5664 41678 36090 6155 1118 79335 62886 100318 55842 42677 65918 65323 48203 44494 31025 12336 8598 6105 3622 1362 42677 33040 35636 33935 1701 44476 34481 29161 8884 2463 606 2483 230 24837 5434 27250 21593 31486 21536 13516 1990 11526 9877 113 879 3738 1082 223 756 139
is_linear=0
shrinkage=0.05


Tree=78
num_leaves=64
num_cat=0
split_feature=8 27 42 0 28 28 18 38 41 18 37 29 19 31 11 18 35 37 14 28 25 3 4 32 6 0 42 43 29 20 37 10 7 35 43 25 26 4 5 31 4 11 30 37 10 29 16 34 36 33 38 23 34 11 3 25 14 10 25 20 32 18 41
split_gain=25.2536 14.0309 12.6148 12.5747 11.5823 13.0098 11.9165 11.0237 10.6324 13.0059 10.372 10.7251 12.7367 9.79479 8.84155 8.54171 9.8564 11.078 8.39971 10.2686 7.99418 7.9129 11.7795 9.07239 8.54371 7.68867 7.64257 7.65337 7.62262 10.4791 7.47738 7.44867 7.42626 7.08539 6.83241 6.8214 6.7659 8.12444 6.44192 6.26 7.12666 5.90648 5.90308 5.79773 6.19426 6.41181 6.16513 12.4561 7.53998 6.5672 6.74224 6.09671 8.2281 10.9095 11.7927 5.84845 5.75232 5.72776 5.6799 5.57553 9.60608 6.16105 5.46108
threshold=0.8000000000000026 18.050000000000004 7.2000000000000028 301.25000000000006 1.7850000000000004 1.6350000000000002 23.550000000000004 37.150000000000013 6991.7500000000009 20.050000000000004 72.500000000000014 80.729210087346516 -0.39873388578253693 -3.8011332656447334 -0.70710678118654735 15.050000000000002 -0.67556448321067808 28.500000000000004 7.5000000000000009 4.6450000000000014 983.6500000000002 37.025000000000006 78.02500000000002 16.902507747713678 148.17083333333338 27.050000000000004 -10.649999999999997 -352.49999999999994 5.4695402456290738 -0.44618082326431219 94.500000000000014 38.625000000000007 125.01041666666667 0.60873824923885345 1152.5000000000002 974.05000000000007 39060.500000000007 113.25000000000001 21.525000000000002 -16.714526328365427 8.0100000000000016 0.91597561503675362 25.500000000000004 95.500000000000014 58.025000000000006 40.353199890235906 -12.685622773776865 -0.22495105434386511 112.50000000000001 11.15 31.550000000000004 27.850000000000005 0.76037701167087512 0.78656609248549325 51.025000000000006 996.35000000000002 8.5000000000000018 22.875000000000004 1002.2500000000001 -0.94260559819261236 5.0276961068873289 3.0500000000000003 9240.7500000000018
decision_type=8 8 2 2 2 2 2 2 2 2 2 2 2 2 2 2 2 2 2 2 2 8 10 2 10 2 2 2 2 2 2 10 10 2 2 2 2 10 10 2 10 2 2 2 10 2 2 2 2 2 2 2 2 2 10 2 2 8 2 2 2 2 2
left_child=1 28 4 7 5 26 -7 8 9 10 11 13 14 33 -13 31 17 -17 30 -20 32 22 -14 -23 -24 -18 -3 35 29 -1 42 -10 -6 39 -15 59 -9 -38 -34 40 -2 62 -12 44 45 46 47 48 -29 50 -50 -49 53 -53 -55 -51 -4 -27 -45 60 -28 -61 -19
right_child=3 2 56 -5 20 6 -8 36 15 -11 18 12 21 34 -16 16 25 41 19 -21 -22 23 24 -25 -26 57 27 43 -30 -31 -32 -33 38 -35 -36 -37 37 -39 -40 -41 -42 -43 -44 58 -46 -47 -48 51 49 55 -52 52 -54 54 -56 -57 -58 -59 -60 61 -62 -63 -64
leaf_value=0.18598633476883544 -0.64026341113232288 0.16654605839455022 -0.031724847645966406 -0.78211110712007481 0.13277653704855338 -0.30621336640402386 0.2681614964769764 0.19267381894857707 0.029691455424338244 0.14076162597709771 -0.029648894736918469 -0.61732875071564597 -0.32674554309919629 0.042991286603438962 0.40544400157391786 0.21101207139994665 0.038628887077442851 -0.43154406213585211 0.034793096758812224 -0.39586989218083496 0.31755453158700608 -0.11748191671538269 -1.0567351875114774 -5.3039048113046441 -2.7192480608637393 -0.15977449832233809 0.03424099359601529 0.063556986933316004 0.34572971960018023 0.038782860696405297 -0.16553788072755959 -0.086137612555455767 -0.79261932160104809 -0.054799393331824403 -0.43057360488654056 0.0031425084108870315 0.0002360819517958429 -5.1646937015697567 -0.22669118693467372 0.2985319062087734 0.069783881398883904 0.23460166387702414 -0.34758162657346481 -0.064422562110437384 -0.0090659237313212779 0.22664401058523961 0.091130735203033469 0.13650916368247989 -0.18470434806800973 -0.21315467887812398 -0.49758230211704735 -0.080528733859841842 0.047852425273014962 -0.04737872644800227 -1.7849132354472161 -1.0018708267256462 0.13613115240215243 -0.038797415264426587 -5.6309220331090222 -0.30338589007062405 -0.61950067736312109 -0.10495519685227171 -0.11770105810956699
leaf_weight=11758 391 16761 32639 11580 22215 1381 633 11995 40710 26071 35029 441 844 48345 3265 742 5814 1022 33247 524 12513 3769 200 133 49 7112 76 986 4973 16383 4700 16377 130 3592 98 8098 4963 23 1246 17987 1615 273 1088 4340 20686 6318 73667 7232 185 1629 232 2233 6498 47 56 56 6493 13927 28 112 96 2506 1949
leaf_count=11758 391 16761 32639 11580 22215 1381 633 11995 40710 26071 35029 441 844 48345 3265 742 5814 1022 33247 524 12513 3769 200 133 49 7112 76 986 4973 16383 4700 16377 130 3592 98 8098 4963 23 1246 17987 1615 273 1088 4340 20686 6318 73667 7232 185 1629 232 2233 6498 47 56 56 6493 13927 28 112 96 2506 1949
internal_value=0.000427715 0.000785566 0.000646509 0.000112715 0.000814909 0.00062578 -0.00336643 0.000178051 0.000100144 0.000318875 0.000145412 0.000538159 -0.00111999 0.000738463 0.00110092 -0.00035109 -0.0010216 -0.0033417 -0.000279669 0.000303663 0.00162087 -0.00276777 -0.0065279 -0.00171451 -0.0160843 -0.000677205 0.000678732 0.000553779 0.0017476 0.0014287 -0.000762305 1.11236e-05 0.00107901 0.00157409 0.000331627 -0.000717303 0.00141364 -0.000134376 -0.00248546 0.00194143 -0.000707876 -0.00460234 -0.000518177 0.000665215 0.00073044 0.000894653 0.000789746 -9.39733e-06 -0.00291775 -0.0046099 -0.0102278 0.000549608 -0.000331673 -0.00287671 -0.0187864 -0.00321958 -0.00017096 -0.00112196 -0.00112408 -0.00284946 -0.0115698 -0.00227655 -0.00524907
internal_weight=560081 262206 229092 297875 189960 153856 2014 286295 269314 181388 155317 80729 8701 72028 3706 87926 30839 3986 74588 33771 36104 4995 1093 3902 249 26853 151842 135081 33114 28141 40817 57087 23591 23585 48443 10888 16981 4986 1376 19993 2006 3244 36117 124193 119825 99139 92821 19154 3088 2102 417 16066 8834 2336 103 1685 39132 21039 4368 2790 172 2618 2971
internal_count=560081 262206 229092 297875 189960 153856 2014 286295 269314 181388 155317 80729 8701 72028 3706 87926 30839 3986 74588 33771 36104 4995 1093 3902 249 26853 151842 135081 33114 28141 40817 57087 23591 23585 48443 10888 16981 4986 1376 19993 2006 3244 36117 124193 119825 99139 92821 19154 3088 2102 417 16066 8834 2336 103 1685 39132 21039 4368 2790 172 2618 2971
is_linear=0
shrinkage=0.05


Tree=79
num_leaves=64
num_cat=0
split_feature=0 0 28 9 5 21 36 1 45 27 41 38 28 21 37 27 21 13 31 43 38 28 37 38 26 36 22 28 31 35 10 11 16 30 16 25 41 39 31 44 32 8 31 11 40 7 34 11 38 13 33 37 42 13 6 8 34 14 33 17 21 40 5
split_gain=22.8042 18.785 19.0828 17.0764 12.8204 12.2667 13.1471 11.0263 10.1249 10.5219 9.96972 14.4936 9.74354 9.07252 8.99508 14.4657 10.4337 8.86806 18.7418 11.1041 9.61751 9.3858 10.5105 11.3823 8.35447 7.83644 7.82485 7.61324 7.59799 7.42581 7.39491 7.1387 7.10319 9.45693 7.08051 6.73429 7.42283 6.68302 6.23877 11.2688 6.20493 6.17034 9.9207 9.6019 7.09783 6.00139 5.98271 7.49879 8.01182 9.49339 9.81755 6.10752 13.4533 5.91207 5.89909 5.7909 5.80894 5.79053 5.78435 5.7712 6.13478 6.23249 8.56175
threshold=9.0050000000000008 96.325000000000003 0.54500000000000015 58.550000000000004 16.050000000000004 87.500000000000014 200.62500000000003 85.050000000000011 1.5000000000000002 19.050000000000004 10639.750000000002 38.150000000000013 0.42000000000000004 101.87500000000001 71.500000000000014 46.550000000000004 1147.5000000000002 3.5000000000000004 11.373267055267856 582.50000000000011 31.450000000000003 1.7650000000000003 18.500000000000004 24.250000000000004 1736.7500000000002 2892.5000000000005 49.500000000000007 0.42000000000000004 3.7820829092631856 -0.49240481012316833 21.625000000000004 -0.60355339059327362 -15.94330800040005 116.50000000000001 -4.8282817810659324 978.05000000000007 1018.0000000000001 0.55000000000000016 -8.6526926404709243 9810.2500000000018 -8.9384561644907645 -29.974999999999994 -5.958443109874568 -1.0000000180025095e-35 975.45000000000016 156.19895833333337 0.95368063612909471 0.25881904510252091 30.750000000000004 4.5000000000000009 10.350000000000003 48.500000000000007 0.50000000000000056 3.5000000000000004 544.07500000000016 103.10000000000001 0.069756473744125427 6.5000000000000009 15.050000000000002 4.5071867895974931 282.50000000000006 982.25000000000011 49.550000000000004
decision_type=2 2 2 10 8 2 2 8 2 10 2 2 2 2 2 8 2 2 2 2 2 2 2 2 2 2 2 2 2 2 8 2 2 2 2 2 2 2 2 2 2 8 2 2 2 10 2 2 2 2 2 2 2 2 8 8 2 2 2 2 2 2 8
left_child=-1 2 3 8 -5 25 37 -3 9 -2 14 12 13 -12 15 16 -6 20 26 21 32 22 58 -24 -23 40 -19 35 30 -15 -10 54 -8 38 55 41 -37 -7 39 -34 -4 42 -16 44 -44 -22 47 48 49 50 -31 -48 -53 -52 -9 56 -33 -43 -20 -38 -61 62 -62
right_child=1 7 5 4 10 6 17 31 28 -11 11 -13 -14 29 27 -17 -18 18 19 -21 45 24 23 -25 -26 -27 -28 -29 -30 46 -32 34 33 -35 -36 36 59 -39 -40 -41 -42 57 43 -45 -46 -47 51 -49 -50 -51 53 52 -54 -55 -56 -57 -58 -59 -60 60 61 -63 -64
leaf_value=0.16940695797016583 0.12086334334427769 -0.32593968778460469 -0.1458375661385066 -0.066769725496107907 0.20093979368395043 0.30473431417115349 0.19130406482218038 -0.20627009014125877 -0.15552648740639219 0.034828863859976987 -0.26709973665240966 0.14267177986936164 -0.14358704478744586 -0.10301812590621107 -0.0035914792332063308 0.018978233198002962 -0.031729138595218219 0.31850018011644643 0.18811957605417132 0.19316661132690072 0.10145741233610622 -0.54440735673553797 -0.83229203982105049 0.073407975293219449 0.041740147485888238 -0.47018403846737283 0.069034735556719948 -0.35974032938312861 0.091785377136969645 -0.60534806858979173 0.022976213406064792 -0.19969228909911896 -0.11832161029722871 -0.35816750916119483 0.094482311464291313 0.21194934861514239 0.060841813257016146 -0.1944914674880544 -0.011658053445361994 -0.67776098675550611 0.045850513618031427 0.063564053823112976 -0.37494028815913827 0.046854501411835309 -0.54477742057870804 -0.22393491834901114 0.11306169838731291 0.13166600519653746 0.02297970623870588 0.086039757163193356 -0.09718559911753509 -0.26532995426312384 -0.062837736376480297 -0.28041833727402365 -3.0539523166873024 -0.71099472897341565 0.12313572894612157 -0.039247004864811585 -0.30548430922912584 0.0091885230910880491 -0.076060546296961157 0.058505295447085437 -0.33147946578058374
leaf_weight=14566 45357 13546 4000 17344 24856 26642 2312 18340 3979 45322 1675 6027 1673 6877 1382 44186 4083 14847 151 2762 21690 217 313 1143 4761 64 6991 370 3703 134 2734 7575 2699 269 64435 7857 13261 322 10560 148 12348 12961 416 350 284 646 1966 6765 14426 1724 2361 1201 5269 1160 421 3731 8822 27645 1029 4731 1006 867 779
leaf_count=14566 45357 13546 4000 17344 24856 26642 2312 18340 3979 45322 1675 6027 1673 6877 1382 44186 4083 14847 151 2762 21690 217 313 1143 4761 64 6991 370 3703 134 2734 7575 2699 269 64435 7857 13261 322 10560 148 12348 12961 416 350 284 646 1966 6765 14426 1724 2361 1201 5269 1160 421 3731 8822 27645 1029 4731 1006 867 779
internal_value=0.000414681 0.000362547 0.000515753 0.000315047 6.16939e-05 0.00107028 0.00128315 -0.000199367 0.000850438 0.00102003 0.000176829 -0.000422568 -0.000729477 -0.000585656 0.000388668 0.000779145 0.00164812 0.000924183 0.00153567 -0.000213955 0.000410187 -0.00119911 -0.00361153 -0.000769231 7.83449e-05 -0.00019437 0.00236698 -8.41322e-06 -0.00062596 -0.000441348 -0.00162893 -2.35181e-05 -0.000526019 -0.000959345 0.000172239 2.8586e-05 0.000624715 0.00222222 -0.000773103 -0.00285037 -0.000126009 -0.000366188 -0.0028125 -0.00647619 -0.00985714 0.00108032 -0.00014626 0.000222055 -0.000268871 -0.00191578 -0.00335841 -0.00130631 -0.00204791 -0.00285288 -0.000905868 -0.000646363 -0.000241812 -0.000219672 -0.00711864 0.000126914 -0.000993498 -0.00291855 -0.00460784
internal_weight=560081 545515 428645 314731 213636 113914 97502 116870 101095 90679 196292 51258 45231 43558 145034 73125 28939 70538 32214 10376 38324 7614 2636 1456 4978 16412 21838 71909 10416 41883 6713 103324 15988 13676 84563 71539 28501 26964 13407 2847 16348 43038 2432 1050 700 22336 35006 26570 19805 5379 3655 8436 6470 3521 18761 20128 16397 40606 1180 20644 7383 2652 1785
internal_count=560081 545515 428645 314731 213636 113914 97502 116870 101095 90679 196292 51258 45231 43558 145034 73125 28939 70538 32214 10376 38324 7614 2636 1456 4978 16412 21838 71909 10416 41883 6713 103324 15988 13676 84563 71539 28501 26964 13407 2847 16348 43038 2432 1050 700 22336 35006 26570 19805 5379 3655 8436 6470 3521 18761 20128 16397 40606 1180 20644 7383 2652 1785
is_linear=0
shrinkage=0.05


Tree=80
num_leaves=64
num_cat=0
split_feature=27 14 16 28 36 27 14 41 22 38 44 16 13 4 23 37 11 13 34 28 28 7 25 0 3 10 25 23 0 21 7 16 11 28 41 22 28 31 11 0 38 37 27 44 25 44 0 13 7 28 40 17 2 13 11 7 16 21 11 6 18 7 9
split_gain=21.232 24.4696 15.4875 14.135 13.8185 13.1467 12.0798 13.7818 13.5705 17.3604 15.8185 13.4506 15.4575 12.8787 11.4636 11.4337 12.3155 10.7204 10.3437 10.2591 11.5843 10.0492 9.80361 9.59929 10.0181 9.48473 9.43844 8.86055 8.60877 8.53949 8.38553 7.71736 7.64585 7.3178 7.49374 7.04321 7.28909 7.04268 9.15023 7.64334 7.5966 12.599 7.03946 7.01725 6.66144 7.44181 6.92741 6.54801 6.53691 6.513 6.42816 9.52152 6.45864 6.36269 8.54428 6.12104 7.90778 8.30772 6.39591 7.87692 6.33398 5.98703 5.95705
threshold=44.050000000000004 6.5000000000000009 13.713436171531752 4.6450000000000014 252.50000000000003 12.550000000000002 7.5000000000000009 2351.0000000000005 92.500000000000014 27.050000000000004 -2806.7499999999995 9.6363470263820101 1.0000000180025095e-35 33.525000000000006 18.150000000000002 92.500000000000014 -0.9159756150367534 2.5000000000000004 -0.52991926423320479 1.8150000000000002 1.6650000000000003 130.42663043478265 984.45000000000016 17.550000000000004 24.025000000000002 15.970000000000002 973.45000000000016 34.95000000000001 69.725000000000009 146.25000000000003 39.601250000000007 21.596254125613331 -0.9159756150367534 4.8650000000000011 1260.5000000000002 54.500000000000007 3.5250000000000004 5.3477877810156151 -0.25881904510252113 49.050000000000004 35.150000000000013 45.500000000000007 327.75000000000006 1123.7500000000002 976.95000000000016 -13415.499999999998 74.325000000000003 1.0000000180025095e-35 55.420942982456147 18.660000000000007 975.75000000000011 13.915976356667064 25.950000000000003 5.5000000000000009 0.78656609248549325 36.270199275362323 -12.685622773776865 1647.5000000000002 0.37940952255126054 27.93333333333339 20.750000000000004 31.553170289855075 246.25000000000003
decision_type=8 2 2 2 2 10 2 2 2 2 2 2 2 8 2 2 2 2 2 2 2 10 2 2 10 8 2 2 2 2 10 2 2 2 2 2 2 2 2 2 2 2 10 2 2 2 2 2 10 2 2 2 10 2 2 10 2 2 2 10 2 10 10
left_child=1 4 15 5 28 -3 8 53 11 10 17 27 13 -13 -4 16 18 47 30 20 37 49 -23 -18 -25 62 -9 44 32 -15 -2 -5 -1 34 -26 -36 -37 39 40 55 -39 -42 -32 -38 45 -7 50 -10 -29 -16 51 52 -46 -8 -55 56 57 58 -6 -60 -61 -56 -24
right_child=2 3 14 31 19 6 7 26 9 -11 -12 12 -14 29 21 -17 23 -19 -20 -21 -22 22 25 24 33 -27 -28 48 -30 -31 42 -33 -34 -35 35 36 43 38 -40 -41 41 -43 -44 -45 46 -47 -48 -49 -50 -51 -52 -53 -54 54 61 -57 -58 -59 59 60 -62 -63 -64
leaf_value=0.037577322928501702 0.035580630509947045 0.1199921295821833 0.52292534267145763 -0.17672803608546861 -0.0019674604779821121 0.27383841477243842 0.17345935429185755 -0.11983069034709258 0.038128797049470593 0.040296466401513284 -0.16603152547686562 -0.13468392107762475 -0.09447974822363428 -0.82678435331261291 0.036688635232342205 -0.10913894524228451 0.11465220090161864 -0.024645453474829306 -0.021250435669454042 0.18595635975426469 -0.23779263394483241 -0.49514966511532443 -0.68095270548159492 -0.05453764731891151 0.13289618166132786 0.22620396077594296 0.02290085693828009 -0.14153763629193414 0.0057893319263618232 -0.16511219199572169 -0.29170291068020737 -0.31999193520275387 0.37454571283628457 0.13980821147826158 0.037612175890222699 -0.035739930587135642 0.82824700969166776 -0.10295013164074024 0.12813111568897484 -0.019064842124563018 0.088587519058893505 -0.54618920285257422 -1.9273946312076564 -0.81206291384678808 -0.14554917003540221 0.024818925808683275 -5.3273114892682818 -0.38887526991661758 -0.52378560220037429 0.30251595921140928 0.015650121108957502 -0.69105712608021685 -0.010653276261867434 0.028241839501182576 -0.43484387104284017 0.20067125808063013 0.11227789664799448 -0.29771773620846448 -0.041152275339942278 -0.36313579405081081 -0.46365989099165017 0.0095750829722491063 -5.0562244894284829
leaf_weight=3294 2219 18306 15171 1767 1459 2181 17870 3455 55 2073 1875 267 2511 133 26847 16998 9687 176 22295 16257 886 1854 330 40713 46258 2842 49364 1451 3730 84 8287 81 21085 24171 57898 53632 143 6089 4861 8050 2835 70 73 438 654 25992 93 526 46 5572 3314 52 844 1843 193 14222 5932 58 241 145 71 135 27
leaf_count=3294 2219 18306 15171 1767 1459 2181 17870 3455 55 2073 1875 267 2511 133 26847 16998 9687 176 22295 16257 886 1854 330 40713 46258 2842 49364 1451 3730 84 8287 81 21085 24171 57898 53632 143 6089 4861 8050 2835 70 73 438 654 25992 93 526 46 5572 3314 52 844 1843 193 14222 5932 58 241 145 71 135 27
internal_value=0.000407897 0.000784104 0.000155982 0.000360238 0.00142661 0.000420359 0.000222551 0.000612819 -0.00044924 -0.00298087 -0.00567629 -0.000132635 -0.00334725 -0.0115289 0.00094343 9.40573e-06 8.97998e-05 -0.0117767 -0.000816146 0.00100497 0.000615441 0.000473954 -0.00160004 0.000217653 0.000150793 7.65866e-05 0.000189231 0.000145407 0.00234427 -0.020576 -0.0021037 -0.00398268 0.00268653 0.000308974 0.000185295 -3.56341e-05 -0.000445188 0.00072934 -0.000203897 0.0011578 -0.00114854 0.00095525 -0.00282895 -0.00601549 0.000315424 0.000612821 -0.00137482 -0.0150516 -0.00361723 0.000797218 -0.00111636 -0.00377419 -0.00304406 0.00172921 -0.000826808 0.00163774 0.000522388 -0.00221884 -0.00165449 -0.00681619 -0.01375 -0.00826219 -0.00760504
internal_weight=560081 224626 335455 135341 89285 133493 115187 72860 42327 4705 2632 37622 2995 484 52643 282812 265814 757 32874 61176 44919 37472 5053 232940 223253 3199 52819 34627 28109 217 10579 1848 24379 182540 158369 112111 54213 44033 13855 30178 8994 2905 8360 581 33130 28173 4957 581 1497 32419 4864 1550 1498 20041 2171 22128 7906 1974 1916 457 216 328 357
internal_count=560081 224626 335455 135341 89285 133493 115187 72860 42327 4705 2632 37622 2995 484 52643 282812 265814 757 32874 61176 44919 37472 5053 232940 223253 3199 52819 34627 28109 217 10579 1848 24379 182540 158369 112111 54213 44033 13855 30178 8994 2905 8360 581 33130 28173 4957 581 1497 32419 4864 1550 1498 20041 2171 22128 7906 1974 1916 457 216 328 357
is_linear=0
shrinkage=0.05


Tree=81
num_leaves=64
num_cat=0
split_feature=8 27 14 16 28 32 11 28 11 37 38 42 13 41 42 17 37 0 5 43 21 34 21 6 42 8 31 16 13 22 38 26 5 27 11 31 28 3 40 13 34 32 3 0 3 40 35 3 13 9 40 0 43 13 32 20 31 13 13 40 17 10 45
split_gain=21.6149 17.6413 15.916 14.4114 9.62578 10.1532 9.52436 9.56777 8.74861 8.36292 8.44673 8.13776 8.0808 8.82745 8.18356 7.22672 7.14283 7.14933 6.7877 6.45101 11.1852 9.95679 7.24308 8.2659 6.36798 6.32237 6.21846 25.927 12.2853 10.5776 17.3704 6.16889 6.09955 6.09788 6.08711 5.95555 8.37573 5.92689 5.87709 7.17298 7.00286 7.37237 7.04825 5.81235 6.42706 5.79272 5.85055 5.71324 6.156 7.30147 5.60367 5.52429 5.51447 5.46836 5.8035 6.38858 5.45006 5.54931 5.54296 5.43468 8.00839 7.14336 10.5698
threshold=4.3000000000000034 38.975000000000009 6.5000000000000009 13.556605460660636 4.6450000000000014 7.3696087036987468 -0.9159756150367534 5.1650000000000009 -1.0000000180025095e-35 63.500000000000007 26.950000000000003 -16.449999999999992 5.5000000000000009 32116.250000000004 -6.1499999999999986 13.296439505622407 92.500000000000014 17.550000000000004 25.050000000000004 111.25000000000001 1007.5000000000001 0.76037701167087512 171.87500000000003 11.7525 6.7000000000000028 -19.959999999999994 -3.0412010386857129 7.170301656104626 1.5000000000000002 76.500000000000014 27.750000000000004 5615.2500000000009 20.050000000000004 77.850000000000009 -0.78656609248549292 -1.7967223253906102 1.7850000000000004 31.550000000000004 979.25000000000011 5.5000000000000009 0.22495105434386511 5.0276961068873289 45.525000000000006 104.07500000000002 29.050000000000004 1001.5500000000001 0.68832836526074803 18.050000000000004 1.0000000180025095e-35 52.550000000000004 974.95000000000016 51.050000000000004 -76.874999999999986 3.5000000000000004 -2.4968473974224445 -0.46947156278589081 13.825745556975466 4.5000000000000009 5.5000000000000009 989.45000000000016 9.5525516681620903 24.125000000000004 1.5000000000000002
decision_type=10 8 2 2 2 2 2 2 2 2 2 2 2 2 2 2 2 2 10 2 2 2 2 8 2 10 2 2 2 2 2 2 10 8 2 2 2 10 2 2 2 2 10 2 8 2 2 8 2 10 2 2 2 2 2 2 2 2 2 2 2 10 2
left_child=1 2 8 16 5 12 -2 59 35 32 18 -6 15 14 50 26 17 33 -11 20 21 34 23 -21 51 -25 27 53 29 -29 -31 -22 37 -3 -19 -1 -37 -7 39 -36 41 -41 -43 -9 -45 -18 -47 48 -20 -50 52 -10 -14 -4 55 -55 57 -5 -59 61 -61 62 -8
right_child=6 3 4 56 11 9 7 43 24 10 -12 -13 13 -15 -16 -17 45 19 47 22 31 -23 -24 25 -26 -27 -28 28 -30 30 -32 -33 -34 -35 38 36 -38 -39 -40 40 -42 42 -44 44 -46 46 -48 -49 49 -51 -52 -53 -54 54 -56 -57 -58 58 -60 60 -62 -63 -64
leaf_value=0.19163974034324516 -0.086121240767635915 -0.018634397307866646 0.10890951328550097 0.13029650575848181 -0.30665653823982242 -0.15223380096774339 0.03039045826794326 0.1601312264107605 0.37950972656124171 0.020237713863555412 0.048981260487409799 -0.1530464042355395 -0.1568731801893061 -0.41062371847839468 0.03338821708571451 0.27557632236961066 -0.074284840093751955 -0.087932294563373314 0.32866394293903589 -0.75436068258124167 -0.27866505377485035 0.15959341185072917 0.015943763299654089 -0.19299139335361437 0.0018314385842567397 -0.0060481365042786457 0.1054519261139983 -0.28306248345112811 -0.068196374535442569 -0.062868542676849604 -0.70558774677514946 -0.043367066912162681 -0.12804606589471956 0.13406748927141607 0.01189278216677574 -0.012340884318477673 0.15300138353306425 -0.33534132050689369 0.13269402857633061 -0.12611439920066098 0.23886858320380577 -0.74159323226582563 -0.37085829141800636 -1.1829001187509016 0.043892806336574414 -3.4347872301597402 0.64439966623491129 -0.087187531424318232 -0.24260232494099562 -0.086759315919809982 -0.01995897341397599 0.11639153730646519 -0.55135540846891917 0.053331626689712801 0.0098357407330233598 -0.3214861497385707 0.029953246458365165 0.55058627725321274 0.019636065806658935 0.15058503775281779 -0.72057033707289941 -0.03963313952180425 -0.33983579000287878
leaf_weight=13446 19548 3419 15740 19852 24 200 60972 16164 16038 2685 10399 1246 521 148 6796 3059 10598 15623 120 24 1460 26025 24563 10166 2254 9033 32159 398 977 126 237 15166 390 8526 9510 10780 6620 49 36228 844 419 369 411 337 4957 34 30 3259 375 281 577 3638 115 252 5285 373 12119 5522 1705 23210 846 81822 2012
leaf_count=13446 19548 3419 15740 19852 24 200 60972 16164 16038 2685 10399 1246 521 148 6796 3059 10598 15623 120 24 1460 26025 24563 10166 2254 9033 32159 398 977 126 237 15166 390 8526 9510 10780 6620 49 36228 844 419 369 411 337 4957 34 30 3259 375 281 577 3638 115 252 5285 373 12119 5522 1705 23210 846 81822 2012
internal_value=0.000400487 0.000640939 0.00107951 0.000353799 0.000659219 0.00072414 -7.62198e-07 0.000107188 0.00176273 -0.000338439 -0.000128804 -0.00366142 0.00100677 -0.000467696 -0.0002441 0.00121199 0.000157091 0.0002397 -0.00151042 0.000145855 0.000356655 0.000578057 -0.000364728 -0.00109166 0.00252622 -0.001055 0.0010817 0.000461348 -0.00541427 -0.0101774 -0.0163499 -0.000834235 -0.00595462 0.00141691 0.000240048 0.00121993 0.000609196 -0.0120683 0.000520186 -0.000461785 -0.00314978 -0.0046367 -0.00814103 0.00110169 -0.00033623 -0.00109642 -0.0160937 -0.00280669 -0.00666237 -0.00856707 -0.0040272 0.0028146 -0.00726415 0.000933026 -0.00036379 -0.00492 0.0012192 0.00161361 0.00279992 -1.91871e-05 0.000676754 -0.000134801 0.000265464
internal_weight=560081 350213 138567 211646 85791 84521 209868 190320 52776 17758 17119 1270 66763 8157 8009 58606 172448 161786 6720 149841 106055 89429 43786 19223 21930 19199 55547 23388 1738 761 363 16626 639 11945 63404 30846 17400 249 47781 11553 2043 1624 780 21458 5294 10662 64 4035 776 656 1213 19676 636 21650 5910 625 39198 27079 7227 168862 24056 144806 62984
internal_count=560081 350213 138567 211646 85791 84521 209868 190320 52776 17758 17119 1270 66763 8157 8009 58606 172448 161786 6720 149841 106055 89429 43786 19223 21930 19199 55547 23388 1738 761 363 16626 639 11945 63404 30846 17400 249 47781 11553 2043 1624 780 21458 5294 10662 64 4035 776 656 1213 19676 636 21650 5910 625 39198 27079 7227 168862 24056 144806 62984
is_linear=0
shrinkage=0.05


Tree=82
num_leaves=64
num_cat=0
split_feature=0 36 44 9 38 23 38 23 3 21 11 44 14 11 17 32 16 37 11 9 9 44 20 2 35 25 30 25 0 28 14 21 23 17 34 27 22 14 32 9 11 39 37 4 38 14 38 0 8 44 29 14 22 37 41 41 38 14 35 23 12 21 6
split_gain=20.2957 19.0159 18.4363 17.8495 16.2735 12.16 11.622 13.8809 10.3658 10.0169 9.86247 9.2151 10.3007 9.20991 9.59503 11.9716 9.08148 9.69508 8.76271 8.74744 8.52832 8.46953 8.23573 8.13403 8.17993 10.2095 8.01006 7.99572 10.5724 7.62353 8.92564 8.61176 7.62291 7.32108 6.92917 6.72318 6.66896 6.50637 6.4441 7.15898 6.43662 6.43266 8.10185 6.25755 6.15298 10.9406 6.15134 6.1486 6.13488 6.44328 9.9353 15.4127 7.51784 6.07478 6.27108 5.96161 8.17085 10.4973 15.0533 9.43898 8.95522 7.331 7.89397
threshold=106.12500000000001 155.62500000000003 -9275.4999999999982 24.850000000000005 35.050000000000004 34.95000000000001 29.150000000000002 32.550000000000004 17.050000000000004 3217.5000000000005 -0.78656609248549292 -1142.7499999999998 5.5000000000000009 0.60355339059327384 14.74139153702593 13.669007504870015 18.418167326967012 67.500000000000014 -0.9159756150367534 95.250000000000014 49.050000000000004 1677.2500000000002 -0.4539904997395468 136.25000000000003 -0.90255091666790832 971.85000000000002 93.500000000000014 987.55000000000007 685.00000000000011 4.6450000000000014 7.5000000000000009 270.62500000000006 28.250000000000004 17.481159743417994 0.71322329076259938 52.550000000000004 60.500000000000007 7.5000000000000009 -6.2418640964226793 170.25000000000003 -0.25881904510252113 1.0000000180025095e-35 28.500000000000004 50.550000000000004 27.250000000000004 8.5000000000000018 18.350000000000005 64.675000000000026 -20.899999999999991 -2898.7499999999995 0.17025866081228805 6.5000000000000009 82.500000000000014 16.500000000000004 17448.500000000004 10466.250000000002 38.350000000000001 4.5000000000000009 -0.47714059151611382 35.650000000000013 -0.60355339059327384 1777.5000000000002 35.818333333333342
decision_type=2 2 2 10 2 2 2 2 10 2 2 2 2 2 2 2 2 2 2 8 10 2 2 8 2 2 2 2 2 2 2 2 2 2 2 8 2 2 2 10 2 2 2 10 2 2 2 2 10 2 2 2 2 2 2 2 2 2 2 2 2 2 8
left_child=1 2 -1 -3 5 6 7 8 44 20 37 12 47 14 15 16 17 -8 33 -2 -9 -17 -6 24 25 -19 -13 28 34 30 48 -31 -23 -10 40 -36 -20 -4 -38 -40 -21 42 -7 -25 45 -5 -30 -12 -14 -50 -51 -52 -53 54 -18 -24 57 -57 60 -60 61 -59 -63
right_child=19 3 10 4 22 41 13 9 18 -11 11 26 29 -15 -16 21 53 23 36 27 -22 32 55 43 -26 -27 -28 -29 46 31 -32 -33 -34 -35 35 -37 38 -39 39 -41 -42 -43 -44 -45 -46 -47 -48 -49 49 50 51 52 -54 -55 -56 56 -58 58 59 -61 -62 62 -64
leaf_value=0.34518762231486433 -9.978762876543998 0.10274419995580293 -0.065208855553303038 -0.15236430329585263 0.20937875084373936 0.078228754316451599 0.056927110646918501 -0.4028558041452267 -0.077782055175736414 -1.2395874694279707 0.35069043621959828 0.080412194017150995 0.15320718472184894 0.12774748736936498 0.37244476878273564 0.15476735209847273 0.11574297639641551 -0.41619262519345956 0.090258558671676828 -0.47231081911550743 -0.17244741731470761 0.25739485512602184 0.22222347905394582 -0.12342520898126721 0.010989198685388358 -0.054560941417262226 -0.21189895486375115 0.061235705448752314 -0.018745599848163735 -0.029340310129080296 0.16760107017178458 -0.30669907606561408 -0.24530474487083415 -1.0926174364489114 -0.61030196347923216 0.15343141564360202 -0.095296749299397784 0.11921176456631631 0.022177800828294382 -0.15257051240740888 -0.10286685670751697 0.054635000843259146 -0.15407743219318704 -0.40227620768210159 -0.0082350160175253487 0.039867723145443429 -7.3103993622240315 0.26553320603547531 -0.13928526042491199 0.17929804435741828 0.014691765511699862 -0.38023957351773369 0.081540984453148668 -0.040196642996319733 -0.23134439550947317 0.12469220654294642 0.088272115043100979 -0.058201195964308283 0.07548832247743191 -0.078727615600068093 -0.47311240485568196 -0.32886461947399448 -0.26241392292388815
leaf_weight=9469 754 40833 15052 9019 10222 1837 55056 157 8929 34 14234 51106 3110 18884 2591 897 204 498 23540 11397 3474 240 7950 1563 26309 1977 1547 50024 208 216 9802 107 1881 105 1294 12559 7258 7851 45394 3597 25976 2443 8196 333 7990 2719 421 7839 3414 3212 1044 306 97 3243 693 5715 14995 1115 4397 3704 515 50 485
leaf_count=9469 754 40833 15052 9019 10222 1837 55056 157 8929 34 14234 51106 3110 18884 2591 897 204 498 23540 11397 3474 240 7950 1563 26309 1977 1547 50024 208 216 9802 107 1881 105 1294 12559 7258 7851 45394 3597 25976 2443 8196 333 7990 2719 421 7839 3414 3212 1044 306 97 3243 693 5715 14995 1115 4397 3704 515 50 485
internal_value=0.000391024 0.000533591 0.00104964 0.000332207 0.000193592 2.32369e-05 0.000106914 -0.000254598 -0.000152417 -0.00328104 0.000880592 0.00110294 0.00164254 0.00046162 0.000262083 0.000178376 0.000282389 0.000392834 7.78516e-05 -0.000244414 -0.00302809 -0.00291915 0.00102222 -0.000319426 -0.000110478 -0.00285859 0.000658367 -0.000204703 -0.000639765 0.000858363 0.000975697 -0.00676471 -0.00464168 -0.00139805 -0.000560653 0.0003945 0.000244959 -5.17398e-05 -5.07563e-05 0.000155233 -0.000914698 -0.00149647 -0.00205671 -0.00349156 -0.00118917 -0.0019177 -0.00708267 0.00239954 1.02837e-05 -0.000716586 0.000492595 -0.00294748 -0.0112531 -0.00200483 -0.0056466 0.000690541 0.000377066 -0.000409549 -0.00136567 -0.000375879 -0.00506928 -0.00327273 -0.00808411
internal_weight=560081 457448 128406 329042 288209 239061 226585 112216 108551 3665 118937 96034 43381 114369 95485 92894 89876 85736 88823 102633 3631 3018 49148 30680 28784 2475 52653 101879 51855 21308 20985 323 2121 9034 51226 13853 79789 22903 56249 48991 37373 12476 10033 1896 19728 11738 629 22073 11183 8073 4659 1447 403 4140 897 38926 30976 15981 10266 8101 2165 1650 535
internal_count=560081 457448 128406 329042 288209 239061 226585 112216 108551 3665 118937 96034 43381 114369 95485 92894 89876 85736 88823 102633 3631 3018 49148 30680 28784 2475 52653 101879 51855 21308 20985 323 2121 9034 51226 13853 79789 22903 56249 48991 37373 12476 10033 1896 19728 11738 629 22073 11183 8073 4659 1447 403 4140 897 38926 30976 15981 10266 8101 2165 1650 535
is_linear=0
shrinkage=0.05


Tree=83
num_leaves=64
num_cat=0
split_feature=8 42 0 0 28 9 13 37 11 43 21 5 37 11 34 38 28 34 41 37 35 13 8 23 12 26 14 0 1 21 35 29 23 5 1 26 12 8 43 8 14 42 31 4 10 37 5 43 25 24 36 2 33 10 28 34 14 30 29 23 43 14 35
split_gain=20.7278 10.7861 10.7743 9.44181 8.87659 10.1924 9.6303 13.4812 12.0102 9.17375 9.00995 8.34579 8.09905 9.69489 8.19871 8.02501 7.49602 7.36959 9.79993 9.92663 8.65166 19.3098 13.0244 7.31239 8.36985 10.9617 7.24937 7.20793 7.54964 6.66696 6.48174 6.45761 11.3181 7.78993 6.39088 6.34645 6.32202 6.54725 6.28497 6.13662 6.0556 13.4966 6.87441 6.0442 9.29168 8.36798 8.33574 6.24153 5.9945 9.45223 5.9623 5.95254 5.92841 5.91257 6.81097 5.82209 13.4651 5.80653 7.52588 5.78148 7.3773 6.24928 5.77069
threshold=0.8000000000000026 -10.649999999999997 156.25000000000003 8.0100000000000016 0.92500000000000016 58.550000000000004 3.5000000000000004 77.500000000000014 -0.25881904510252113 -10.624999999999998 3617.5000000000005 17.550000000000004 92.500000000000014 -1.0000000180025095e-35 0.85260769842926931 26.450000000000003 0.62500000000000011 0.44618082326431224 11136.500000000002 62.500000000000007 -0.52247866957162936 5.5000000000000009 -10.989999999999997 25.550000000000004 0.78656609248549303 3744.5000000000005 10.500000000000002 54.525000000000006 61.025000000000006 52.500000000000007 0.83385407025023306 91.778331272194904 34.150000000000013 53.550000000000004 158.25000000000003 21491.000000000004 0.1294095225512602 4.0000000000000027 -5.6249999999999991 12.500000000000004 6.5000000000000009 5.8500000000000014 5.7861853145614024 231.75000000000003 10.325000000000003 95.500000000000014 143.75000000000003 67.500000000000014 972.85000000000002 1.0000000180025095e-35 772.50000000000011 12.050000000000002 28.750000000000004 59.725000000000009 0.42000000000000004 0.96359376111369366 3.5000000000000004 16.500000000000004 14.752338438136091 27.050000000000004 -222.49999999999997 7.5000000000000009 -0.89490028524376719
decision_type=8 2 2 2 2 10 2 2 2 2 2 8 2 2 2 2 2 2 2 2 2 2 10 2 2 2 2 2 8 2 2 2 2 8 8 2 2 10 2 8 2 2 2 8 8 2 8 2 2 2 2 10 2 10 2 2 2 2 2 2 2 2 2
left_child=1 -1 4 -3 5 -2 7 8 -6 -10 15 -7 13 16 23 -11 17 20 19 -19 21 48 38 -14 25 29 51 40 -29 -25 -31 -8 33 36 35 -4 -33 -38 -23 -12 41 -15 -42 -36 52 46 -46 -47 49 -5 -51 -13 62 54 -22 -17 -57 -55 -59 60 -27 -61 -45
right_child=2 3 34 12 6 11 31 -9 9 10 39 26 14 27 -16 55 -18 18 -20 -21 53 22 -24 24 -26 59 -28 28 -30 30 -32 32 -34 -35 43 -37 37 -39 -40 -41 42 -43 -44 44 45 47 -48 -49 -50 50 -52 -53 -54 57 -56 56 -58 58 -60 61 -62 -63 -64
leaf_value=0.16169376047529133 0.049214905565689235 0.1581835750070465 -0.4730738895511637 -0.10678258831849441 -0.048834009508545329 -0.06321757856997294 0.19194447376976639 -0.22169949186596349 0.28841692528963486 -0.18336478111327581 -0.4484612291823542 -0.098703737839360942 0.029611476462844073 0.22854040431344261 0.045672338129128492 0.15910926841400913 0.081008993141022126 0.26920572366833262 -0.053801408494653126 0.023936149031390377 0.034690076385501277 -0.72452674447131393 -0.12793392495502146 -0.50591795717855703 -0.018375942058149769 -0.42622180216816546 0.63189461733270635 -0.12365362059151484 0.11596564473957333 -0.012531322874499118 -0.41316182868409401 -0.16063535052689809 0.21086305798416749 -0.12099687262617304 0.093478955514389395 -6.029228150049633 -0.10481674809252187 -1.3301854671933373 -0.2967945405060059 0.13548208457534663 0.0079643528934250207 -0.022608235954813843 0.10650860415036925 -6.6217989572498412 -1.2102295328951376 -2.2908583534316165 -0.070255218702240885 -2.7804700439272105 0.0030732623958647414 0.031716215343358195 -0.34689576693852814 0.0021366875743799251 -10.938844494420284 -0.12178958839602745 -0.084867059437345738 -0.65570069344332838 0.011945544018702009 -0.54351103415569035 -0.37730899256881401 0.10318067035549008 -0.20032979540018073 -0.25692430100795133 -2.2494262981321884
leaf_weight=26535 53677 8653 8708 1279 11866 15728 19794 1910 9451 3201 52 10135 3250 23982 6935 6323 28312 9966 7745 19881 27909 349 397 134 1923 255 1935 6134 34608 1725 58 276 2980 1645 18540 184 67 151 213 30 17018 5445 14738 60 1316 324 10970 56 4230 89 240 117477 25 6863 1270 91 375 35 848 255 670 262 528
leaf_count=26535 53677 8653 8708 1279 11866 15728 19794 1910 9451 3201 52 10135 3250 23982 6935 6323 28312 9966 7745 19881 27909 349 397 134 1923 255 1935 6134 34608 1725 58 276 2980 1645 18540 184 67 151 213 30 17018 5445 14738 60 1316 324 10970 56 4230 89 240 117477 25 6863 1270 91 375 35 848 255 670 262 528
internal_value=0.000382989 0.000707192 9.76082e-05 0.000599586 0.000217255 5.8356e-05 0.000760325 0.00020406 0.000452229 0.00121472 0.000164814 -0.000159181 0.000537799 0.000618551 -0.00056669 0.0003003 0.000292175 4.82084e-05 0.000561556 0.000972795 -0.000393166 -0.00203251 -0.00860792 -0.00160455 -0.00275274 -0.00425871 -2.71328e-05 0.000969586 0.000454322 -0.00178143 -0.000973079 0.00150383 -7.91168e-05 -0.00285414 -0.000658176 -0.00184323 -0.00836032 -0.0147248 -0.0135053 -0.0163415 0.0013127 0.00182944 0.000833858 -0.000327006 -0.00114128 -0.000850308 -0.000624288 -0.00815789 -0.000952381 -0.00355099 -0.0111094 -7.31904e-05 -0.00715334 -9.14013e-05 0.000234587 0.00127338 -0.00412017 -0.00131939 -0.0051359 -0.00755201 -0.00991892 -0.00331721 -0.00613946
internal_weight=560081 262206 297875 235671 257164 198952 58212 33299 31389 19523 10072 145275 227018 211551 15467 9990 109626 81314 37592 29847 43722 6797 959 8532 5282 3359 129547 101925 40742 1917 1783 24913 5119 2139 40711 8892 494 218 562 82 61183 29427 31756 31819 13279 12666 12286 380 5838 1608 329 127612 613 36925 29179 6789 466 7746 883 1442 925 517 588
internal_count=560081 262206 297875 235671 257164 198952 58212 33299 31389 19523 10072 145275 227018 211551 15467 9990 109626 81314 37592 29847 43722 6797 959 8532 5282 3359 129547 101925 40742 1917 1783 24913 5119 2139 40711 8892 494 218 562 82 61183 29427 31756 31819 13279 12666 12286 380 5838 1608 329 127612 613 36925 29179 6789 466 7746 883 1442 925 517 588
is_linear=0
shrinkage=0.05


Tree=84
num_leaves=64
num_cat=0
split_feature=27 14 16 36 27 23 28 34 38 44 39 31 25 35 10 28 43 36 14 32 13 30 42 0 8 14 31 5 28 28 30 3 8 38 16 14 13 13 16 34 23 19 38 0 31 17 8 4 43 32 43 19 44 40 43 6 10 29 40 39 0 34 23
split_gain=19.5365 20.4449 13.8294 12.5698 11.5823 10.7587 10.1 9.7804 9.3095 9.26978 12.2231 10.2996 11.5902 10.3485 10.2185 9.56791 9.16175 9.15855 12.3668 15.1813 9.45261 9.18589 8.39319 8.1527 7.82478 7.59629 7.50772 7.46509 7.42836 11.2513 7.38372 9.07438 7.36308 7.33103 7.26423 8.68647 11.8764 8.87899 7.77446 7.16987 7.15235 7.10279 8.3242 7.04836 7.02263 6.78458 6.77121 6.74694 7.1066 8.31872 6.61327 6.57324 6.51196 6.46121 7.54332 6.43277 6.66757 6.38796 9.7422 7.09903 6.17143 5.99745 5.96458
threshold=40.95000000000001 6.5000000000000009 13.556605460660636 252.50000000000003 12.550000000000002 16.950000000000003 4.6450000000000014 -0.79863551004729294 33.250000000000007 4161.5000000000009 1.0000000180025095e-35 -3.9634444034305512 987.6500000000002 -0.043617726472722392 54.225000000000009 0.34500000000000003 107.50000000000001 1032.5000000000002 4.5000000000000009 7.1601275673456763 1.5000000000000002 11.500000000000002 -7.7999999999999972 69.725000000000009 41.025000000000013 8.5000000000000018 17.478818107658039 19.550000000000004 1.8150000000000002 1.6650000000000003 10.500000000000002 29.550000000000004 -43.17499999999999 25.550000000000004 -12.685622773776865 3.5000000000000004 4.5000000000000009 3.5000000000000004 18.418167326967012 0.85260769842926931 33.95000000000001 -0.94828754594723508 19.750000000000004 69.725000000000009 0.17277882372910766 -14.362937859899143 46.705000000000005 98.325000000000003 -202.49999999999997 4.3004153945436068 -1007.4999999999999 0.97233289553061597 -1807.2500000000002 983.75000000000011 -10.624999999999998 70.936666666666682 48.625000000000007 0.41860092361375906 981.95000000000016 1.9500000000000002 187.25000000000003 -0.94828754594723508 36.750000000000007
decision_type=8 2 2 2 10 2 2 2 2 2 2 2 2 2 10 2 2 2 2 2 2 2 2 2 10 2 2 8 2 2 2 10 8 2 2 2 2 2 2 2 2 2 2 2 2 2 8 10 2 2 2 2 2 2 2 10 10 2 2 2 2 2 2
left_child=1 3 8 23 -3 -4 7 62 9 10 11 13 14 -2 -13 -14 40 -10 -19 51 21 -21 47 -1 -7 33 -27 -26 29 32 -16 46 -5 44 -34 36 37 -36 -38 52 -15 42 -18 -37 -24 -43 -32 48 -9 -50 -39 -20 -12 54 -17 56 -23 -35 59 -59 -56 -11 -6
right_child=2 4 5 28 6 24 -8 22 17 61 39 12 15 16 30 53 41 18 19 20 -22 55 25 -25 27 26 -28 -29 -30 -31 31 -33 34 57 35 43 38 50 -40 -41 -42 45 -44 -45 -46 -47 -48 -49 49 -51 -52 -53 -54 -55 60 -57 -58 58 -60 -61 -62 -63 -64
leaf_value=0.28183669715563187 0.12332321040804671 0.10476988927029876 0.54018435391671538 0.37801685662248247 0.063751800665419814 0.05681534196278748 -0.2108916614280818 0.18663372916370435 0.18353194606937717 0.11036695182345464 -0.03646571304613605 -0.019102598327303967 0.015544747712923268 0.049177298826978015 -0.15925721887816169 0.36439765242140015 -1.0156260764132821 0.13314119101947305 0.01916067020143223 -0.013606916903597822 -0.10979480366669987 -0.70313835375495382 -0.11893959187844894 -0.010855739243745433 -1.9759899380091999 0.089878425021083258 -0.29711603363461792 -0.23358164152700212 0.16879303412320712 -0.24981726082094702 -0.75008278380128757 -0.22473183197137772 -0.071016615351391074 -0.015558659129734196 -0.054117955741121673 0.15223779631645018 0.23602282218072188 -1.230853930653913 -0.077826143495512271 -0.0018586501375224215 -0.16725815383090872 -0.46241921317818524 -0.1286770664543905 -0.19137532828599757 -0.43975329491823728 -0.12364909023274527 -0.20461963280935025 -2.5834051287931361 0.098006943059234616 -0.099098456727615247 -0.2879574259248685 -0.17967794696595729 -0.22922531640882604 0.32816617575699025 -0.48458701685558553 -0.43885762322727562 0.040595780792993197 -0.068300907707548694 -0.39266848017500194 -0.464835848885853 -1.6849701847049108 -0.078527180319603374 -0.23245336228984301
leaf_weight=21377 45767 18394 13639 3435 30619 40107 1714 7451 14819 3825 4128 48233 34102 25072 14106 414 81 9579 15280 183 1512 275 3121 3034 120 10790 265 3008 14067 786 865 3785 5975 44824 5534 18375 2831 57 498 6884 1856 133 84 1701 104 3435 374 105 4906 3302 718 2066 5307 8593 363 108 41 2650 179 96 77 44844 108
leaf_count=21377 45767 18394 13639 3435 30619 40107 1714 7451 14819 3825 4128 48233 34102 25072 14106 414 81 9579 15280 183 1512 275 3121 3034 120 10790 265 3008 14067 786 865 3785 5975 44824 5534 18375 2831 57 498 6884 1856 133 84 1701 104 3435 374 105 4906 3302 718 2066 5307 8593 363 108 41 2650 179 96 77 44844 108
internal_value=0.000369509 0.000755159 0.000143387 0.00139167 0.000367261 0.00085751 0.000173449 0.000233598 6.26304e-06 -0.00011061 3.75384e-05 0.000151863 -0.000155889 0.000598472 -0.000566854 0.000479805 -0.000112358 0.00067859 0.000162512 -0.000561264 -0.00455639 -0.00982702 -6.47229e-05 0.00233317 0.000471262 -0.000326541 0.000861601 -0.00193734 0.000965875 0.00061764 -0.00154469 -0.00319068 0.000736632 -0.000584219 0.000523831 0.00084371 -0.000390122 -0.00166508 0.00202613 -0.00127489 0.000209448 -0.0024337 -0.0125758 0.00143604 -0.00289147 -0.00196469 -0.00690476 0.000965491 0.00105019 3.53316e-05 -0.00667742 -7.32155e-05 -0.00217011 0.0018879 -0.00225995 -0.0138679 -0.0174684 -0.000428386 -0.00269231 -0.00195557 -0.00681818 -0.000730547 0.00098887
internal_weight=560081 207016 353065 78388 128628 56874 110234 108520 296191 252328 203659 187340 110912 76428 67363 43549 30661 43863 29044 19465 2119 607 77793 24411 43235 62029 11055 3128 53977 39910 19130 5024 39124 50974 35689 29714 9638 6309 3329 16319 26928 3733 165 20076 3225 3568 1239 15764 15659 8208 775 17346 9435 9447 854 424 316 47749 2925 2746 440 48669 30727
internal_count=560081 207016 353065 78388 128628 56874 110234 108520 296191 252328 203659 187340 110912 76428 67363 43549 30661 43863 29044 19465 2119 607 77793 24411 43235 62029 11055 3128 53977 39910 19130 5024 39124 50974 35689 29714 9638 6309 3329 16319 26928 3733 165 20076 3225 3568 1239 15764 15659 8208 775 17346 9435 9447 854 424 316 47749 2925 2746 440 48669 30727
is_linear=0
shrinkage=0.05


Tree=85
num_leaves=64
num_cat=0
split_feature=8 27 14 16 31 0 19 13 28 0 35 31 38 36 21 0 4 41 28 13 11 41 36 42 21 8 36 22 23 2 5 4 22 32 31 19 7 23 14 21 14 8 32 23 9 44 40 5 30 43 1 42 31 16 22 13 22 19 2 41 35 26 21
split_gain=18.775 15.4625 18.6885 13.356 11.0555 11.153 9.8571 10.8846 8.58288 8.38073 7.87737 7.53025 12.9296 10.3059 8.79926 8.32657 7.25842 7.06865 7.01226 6.89839 10.101 6.22664 6.02568 6.20406 6.12923 6.94155 5.68831 5.6501 9.6965 5.50581 6.3294 5.79577 5.36921 5.45968 7.81482 12.1571 7.31153 7.36261 9.03108 7.30465 7.16985 6.45681 6.24032 6.12228 5.73545 8.18966 5.59388 5.55157 7.84916 7.18847 5.36065 5.22269 6.06468 6.26401 7.70647 7.64342 12.7123 12.6763 8.80142 6.43875 6.38779 5.69549 5.16806
threshold=0.8000000000000026 46.050000000000004 5.5000000000000009 13.556605460660636 7.8013064607065488 50.550000000000004 0.87878364999916148 4.5000000000000009 0.82500000000000018 19.550000000000004 -0.93038214053199442 -0.52698240020776577 26.050000000000004 772.50000000000011 252.50000000000003 20.050000000000004 93.050000000000011 2559.2500000000005 4.6350000000000007 3.5000000000000004 -0.60355339059327362 8834.2500000000018 4937.5000000000009 6.0500000000000007 3617.5000000000005 12.500000000000004 92.500000000000014 29.500000000000004 36.45000000000001 491.25000000000006 13.050000000000002 11.350000000000003 45.500000000000007 -5.0459391589037281 -7.4670601189946897 -0.75470958022277201 171.71964285714287 21.950000000000003 2.5000000000000004 362.50000000000006 11.500000000000002 -106.89999999999999 -7.2619681120215134 30.750000000000004 216.25000000000003 -1049.7499999999998 992.1500000000002 52.050000000000004 7.5000000000000009 157.50000000000003 140.25000000000003 -12.049999999999995 5.7861853145614024 6.2898984926823172 47.500000000000007 1.5000000000000002 74.500000000000014 -0.89879404629916682 17.550000000000004 9376.2500000000018 -0.86159635224327535 23753.500000000004 57.500000000000007
decision_type=10 8 2 2 2 2 2 2 2 2 2 2 2 2 2 2 10 2 2 2 2 2 2 2 2 10 2 2 2 8 8 10 2 2 2 2 10 2 2 2 2 10 2 2 8 2 2 8 2 2 10 2 2 2 2 2 2 2 10 2 2 2 2
left_child=1 2 4 9 5 -1 18 11 29 -3 -9 21 14 -14 -13 -16 19 -6 27 20 -10 -8 23 -22 -24 -26 -11 -4 51 30 31 -2 -28 34 35 50 37 -36 42 -40 44 46 -39 -35 45 -38 -42 48 -45 -50 -34 -29 53 -53 -55 56 -56 58 -58 -57 -59 -54 -18
right_child=8 3 6 -5 17 -7 7 10 16 26 -12 12 13 -15 15 -17 62 -19 -20 -21 22 -23 24 -25 25 -27 32 28 -30 -31 -32 -33 33 43 36 -37 40 38 39 -41 41 -43 -44 47 -46 -47 -48 -49 49 -51 -52 52 61 54 55 59 57 60 -60 -61 -62 -63 -64
leaf_value=0.31160681629100867 0.021591826069824845 0.083139851956747446 0.64663994817035864 0.12968187012215796 0.3277290764981402 0.10101332196293163 0.11563736137675491 -0.27229138166714967 -0.081649710215658977 0.071323551553783476 -0.05363684092365785 0.14161761617136401 0.04516632774891987 -0.26686070604105522 -0.18985689542326009 -0.6722669518383797 -0.73717617162341353 0.024111000443564824 -0.11096468658344344 0.14672380386813064 0.12644434069533481 -0.03762423034531609 -0.06711809615575523 -0.054997551230604569 -0.44099928493441098 0.12636974602445347 0.021404653260892702 0.27626895433425769 -0.16272855189383134 -0.1314789776727317 0.0009116012452385112 -0.11489613241538166 -0.66385272767253656 0.010058354733344658 0.08462116044216729 -0.18384300160157127 -2.6416058315311268 -0.16159919907290904 -0.19183409022001499 0.20315541945156876 -2.1991322956397008 -0.56626452343988554 -0.84771936927971936 -0.10736957140922894 -0.071418553763324316 -0.47231580823233971 -0.95932104924373096 -0.0074672205573648523 -0.13564178918375916 -0.4338405526006785 -2.8696669444964034 0.059609822101772771 0.12636942458771347 0.44414185996401845 0.02042843916652487 0.066691748129151782 -0.56897824189084023 -0.31354413938207309 -0.23133438684230412 -0.18613010298820021 0.10176042699087429 -0.053304376555126987 -0.02120146264544252
leaf_weight=18835 3729 13678 1865 32065 3387 6543 14496 316 7072 38187 9618 68 2855 1008 65 78 1698 14671 1945 22045 17922 3935 143 4577 53 25 32575 3492 808 10074 166437 7875 519 27874 7060 2497 36 267 3309 1395 286 517 339 3852 1528 139 125 4018 239 274 33 28916 21887 861 1186 3458 276 164 487 408 463 1291 4237
leaf_count=18835 3729 13678 1865 32065 3387 6543 14496 316 7072 38187 9618 68 2855 1008 65 78 1698 14671 1945 22045 17922 3935 143 4577 53 25 32575 3492 808 10074 166437 7875 519 27874 7060 2497 36 267 3309 1395 286 517 339 3852 1528 139 125 4018 239 274 33 28916 21887 861 1186 3458 276 164 487 408 463 1291 4237
internal_value=0.000359511 0.000615607 0.000998452 0.000294242 0.00186435 0.00253724 0.000622136 -9.41766e-05 3.22711e-05 8.16956e-05 -0.00147272 0.00051433 -0.00143103 -0.000772715 -0.0134834 -0.0205245 0.000565326 0.000918707 0.000966344 0.000754963 0.000258794 0.000944333 0.000772447 0.000853149 -0.00744344 -0.0187179 -4.6814e-05 0.00105412 0.000974693 -0.000131435 -6.70911e-05 -0.00119614 -0.000270367 -0.000574788 -0.00128532 -0.00359298 -0.000816279 -0.000307195 -0.00171375 -0.000973639 -0.00320981 -0.00674569 -0.00745875 -0.000221061 -0.00128303 -0.00985714 -0.0114234 -0.00140582 -0.00264032 -0.00845029 -0.010308 0.00104462 0.000934138 0.000529971 -0.000778447 -0.00137224 -0.00348214 -0.00672662 -0.011055 3.36267e-05 -0.00145933 0.00156571 -0.00109099
internal_weight=560081 314194 143382 170812 43436 25378 99946 32439 245887 138747 9934 22505 4074 3863 211 143 57772 18058 67507 51837 29792 18431 22720 22499 221 78 125069 65562 63697 188115 178041 11604 86882 54307 18050 3049 15001 12370 5310 4704 2631 928 606 36257 1703 175 411 8383 4365 513 552 62889 59397 36219 7303 6442 2576 1390 763 3866 627 23178 5935
internal_count=560081 314194 143382 170812 43436 25378 99946 32439 245887 138747 9934 22505 4074 3863 211 143 57772 18058 67507 51837 29792 18431 22720 22499 221 78 125069 65562 63697 188115 178041 11604 86882 54307 18050 3049 15001 12370 5310 4704 2631 928 606 36257 1703 175 411 8383 4365 513 552 62889 59397 36219 7303 6442 2576 1390 763 3866 627 23178 5935
is_linear=0
shrinkage=0.05


Tree=86
num_leaves=64
num_cat=0
split_feature=8 27 14 16 26 21 19 13 28 0 35 28 23 33 31 38 36 21 0 11 0 22 23 28 3 44 35 16 11 31 10 13 17 27 36 22 37 26 9 4 33 1 43 10 17 43 10 14 31 17 43 13 7 26 14 38 13 14 37 12 23 14 34
split_gain=17.9288 14.8204 16.9036 11.9008 10.7483 9.76055 9.08294 9.74052 7.75468 7.71076 7.13704 7.00793 7.74824 6.5691 6.56182 12.187 8.52862 8.24499 7.46876 6.142 6.14073 5.91886 7.54193 6.87602 5.85384 5.51931 5.50409 5.38979 5.33973 6.45558 9.21566 6.64535 8.76809 6.18176 5.82716 6.60884 9.33376 6.63664 5.9366 5.60612 5.34858 5.27885 5.25573 5.22988 6.68518 5.20906 5.16593 5.45698 8.55793 8.02435 7.64175 7.14278 16.0697 10.6538 8.6301 8.52175 10.4972 11.4002 17.9565 10.5499 7.82045 10.6381 10.3516
threshold=0.8000000000000026 46.050000000000004 5.5000000000000009 13.556605460660636 21491.000000000004 82.500000000000014 0.87878364999916148 4.5000000000000009 0.82500000000000018 18.550000000000004 -0.93038214053199442 1.8150000000000002 29.850000000000005 16.250000000000004 -0.52698240020776577 26.050000000000004 772.50000000000011 252.50000000000003 20.050000000000004 -0.9159756150367534 50.550000000000004 29.500000000000004 35.350000000000001 4.6350000000000007 18.950000000000003 772.25000000000011 0.67556448321067852 17.949968421866782 -0.60355339059327362 7.1747174188069698 79.625000000000014 2.5000000000000004 -14.625589547489092 75.750000000000014 67.500000000000014 64.500000000000014 40.500000000000007 3104.5000000000005 101.25000000000001 164.25000000000003 11.850000000000003 22.050000000000004 -822.49999999999989 231.50000000000003 -0.44762020161510241 1237.5000000000002 6.9025000000000007 8.5000000000000018 -4.4084832222734747 5.6119107120268508 812.50000000000011 5.5000000000000009 404.23958333333343 34903.500000000007 4.5000000000000009 28.050000000000004 2.5000000000000004 7.5000000000000009 85.500000000000014 0.37940952255126048 26.050000000000004 5.5000000000000009 0.49240481012316861
decision_type=10 8 2 2 2 2 2 2 2 2 2 2 2 2 2 2 2 2 2 2 2 2 2 2 10 2 2 2 2 2 8 2 2 10 2 2 2 2 10 8 2 10 2 10 2 2 10 2 2 2 2 2 10 2 2 2 2 2 2 2 2 2 2
left_child=1 2 4 9 5 -1 21 14 46 -3 -9 12 27 -10 25 17 -17 -16 -19 -7 -21 -4 23 -23 -11 -8 -24 -6 29 31 -31 32 33 -26 -30 45 37 38 -37 -33 43 -12 -5 -41 -45 -36 -2 51 -49 50 -50 55 53 54 -53 56 57 58 -48 60 -58 62 -62
right_child=8 3 6 42 11 19 7 10 13 24 41 -13 -14 -15 15 16 -18 18 -20 20 -22 22 26 -25 28 -27 -28 -29 34 30 -32 39 -34 -35 35 36 -38 -39 -40 40 -42 -43 -44 44 -46 -47 47 48 49 -51 -52 52 -54 -55 -56 -57 59 -59 -60 -61 61 -63 -64
leaf_value=-0.065699138061417334 0.046100703690037603 0.083885016152491956 0.60833266901968575 -0.14429076724346135 -0.052441336359602714 0.080755478810431103 0.10952847580947574 -0.25867681258379216 0.095284509379546786 -0.088346312150511461 -0.12173980526104283 0.13793499494248138 0.012935057973070286 -0.015788826480147244 0.1345367353627957 0.042908011361473888 -0.2535176707390025 -0.1803640506520971 -0.63865360424646067 0.34070354143423454 0.19237230556155477 0.07570035225902888 -0.10310871244706538 -0.13379699282911017 -0.2160223642922442 -0.027579707685809182 0.28479643823385076 -0.22826113516557964 0.22309648782176286 -0.042165243111732982 -0.59986805193349857 0.13378026307013532 -0.045149910874156048 -0.67276446418909541 0.063268176224729133 -1.0076420904087138 -0.033599544595312218 0.16257473998339278 -0.59041853309055214 -0.46403472157951386 0.18686028942180188 -0.0080478478924761298 0.13759644986291333 0.96555474980258504 -3.7643771147255665 -0.23246570877954206 0.021605778674155456 0.1626883600591417 0.048437863901547001 -0.22060211800134893 -0.20501087472279328 0.24586360855097145 -5.9801903162936156 -0.35399881180875853 -0.011417172389624416 -0.010309622197949314 -0.17741470136834414 0.18756602986100224 -0.19438463791579677 -0.073415654807241368 -0.23365622881580533 -0.15183012777251123 -0.55614985712553922
leaf_weight=2572 24485 12443 1875 1134 842 5738 13474 316 38250 20770 3722 5341 4186 19522 68 2855 1008 65 78 17931 6180 61308 2049 1742 754 4957 533 646 16735 6801 2757 9823 8318 321 33691 97 21058 158 503 1788 2097 5896 30931 27 27 579 14247 10474 21931 3632 986 7906 33 257 12486 58135 5960 4279 6262 12730 684 2944 684
leaf_count=2572 24485 12443 1875 1134 842 5738 13474 316 38250 20770 3722 5341 4186 19522 68 2855 1008 65 78 17931 6180 61308 2049 1742 754 4957 533 646 16735 6801 2757 9823 8318 321 33691 97 21058 158 503 1788 2097 5896 30931 27 27 579 14247 10474 21931 3632 986 7906 33 257 12486 58135 5960 4279 6262 12730 684 2944 684
internal_value=0.000352458 0.000602717 0.000977529 0.000288095 0.00180104 0.00225949 0.000619635 -6.79735e-05 3.26778e-05 8.74615e-05 -0.00137206 0.000451657 -0.000771942 0.000539362 0.000507665 -0.0013083 -0.000669169 -0.0130095 -0.0198252 0.00251415 0.00286405 0.00095005 0.000870917 0.000979382 -2.95317e-05 0.000909066 -0.00177769 -0.00387097 0.000121478 -0.000409164 -0.00150241 4.21077e-05 -0.000983179 -0.00523256 0.000359855 0.000115537 -0.000564723 -0.00601583 -0.00841667 0.000741898 -0.000851739 -0.00112913 0.00115625 -0.00281759 -0.0181481 0.000548585 -0.00012293 -0.000224286 0.000309673 -0.000167803 0.000178252 -0.000380429 0.000469491 0.000525207 0.000652707 -0.000546377 -0.00104101 -0.000327174 -0.000816958 -0.00181028 -0.00300234 -0.0046243 -0.00826754
internal_weight=560081 314194 143382 170812 43436 32421 99946 32439 245887 138747 9934 11015 5674 57772 22505 4074 3863 211 143 29849 24111 67507 65632 63050 126304 18431 2582 1488 105534 32713 9558 23155 9393 1075 72821 56086 21816 758 600 13762 3939 9618 32065 1842 54 34270 188115 163630 37023 26549 22917 126607 20682 20649 20392 105925 47790 24788 20509 23002 10272 4312 1368
internal_count=560081 314194 143382 170812 43436 32421 99946 32439 245887 138747 9934 11015 5674 57772 22505 4074 3863 211 143 29849 24111 67507 65632 63050 126304 18431 2582 1488 105534 32713 9558 23155 9393 1075 72821 56086 21816 758 600 13762 3939 9618 32065 1842 54 34270 188115 163630 37023 26549 22917 126607 20682 20649 20392 105925 47790 24788 20509 23002 10272 4312 1368
is_linear=0
shrinkage=0.05


Tree=87
num_leaves=64
num_cat=0
split_feature=8 27 14 16 9 19 13 26 28 35 4 3 44 21 31 39 34 35 33 38 34 38 23 1 4 32 4 34 6 44 21 21 34 8 44 17 10 41 21 8 1 5 18 10 29 16 13 13 38 45 7 13 13 37 14 16 32 30 22 19 38 36 7
split_gain=16.7208 13.8845 13.6069 11.9491 9.18342 7.8802 8.66426 7.65632 7.19941 6.7017 6.53645 6.71756 7.94012 8.85215 6.35244 5.92917 6.024 7.88206 5.91651 5.48947 5.41667 8.86165 6.52357 6.55419 6.32456 5.46654 5.96562 6.18365 5.43121 5.3983 7.80841 6.05923 7.7149 5.38792 5.3683 5.26903 5.14954 5.14557 6.59792 5.07846 5.56626 5.56513 6.47415 5.05675 5.10005 4.99106 4.95736 5.5627 5.48526 4.93887 7.67409 4.92046 6.6954 9.37467 6.27777 8.28357 12.974 6.32508 5.72957 6.53762 5.14874 4.80018 5.3867
threshold=0.8000000000000026 40.050000000000004 5.5000000000000009 13.556605460660636 122.25000000000001 0.89490028524376752 4.5000000000000009 20975.750000000004 0.82500000000000018 -0.82409480842201666 93.050000000000011 29.050000000000004 -14595.999999999996 61.250000000000007 14.011752433673385 1.0000000180025095e-35 -0.22495105434386511 -0.86159635224327535 15.050000000000002 15.850000000000003 0.50751903745502713 26.150000000000002 28.450000000000003 8.0100000000000016 42.525000000000006 4.0993971388847834 32.550000000000004 -0.087155742747658124 33.650000000000027 2625.2500000000005 136.25000000000003 1017.5000000000001 0.76037701167087512 -19.959999999999994 -25.749999999999996 15.105532954375049 43.425000000000011 4038.0000000000005 52.500000000000007 29.025000000000006 49.050000000000004 13.050000000000002 10.450000000000001 88.15000000000002 158.16357579558033 22.739800878496609 4.5000000000000009 5.5000000000000009 33.650000000000013 1.5000000000000002 301.95833333333343 2.5000000000000004 1.0000000180025095e-35 96.500000000000014 11.500000000000002 5.6020009922233509 -5.3796617023102558 539.50000000000011 75.500000000000014 -0.62249093318774784 10.750000000000002 67.500000000000014 327.42874396135272
decision_type=10 8 2 2 10 2 2 2 2 2 10 10 2 2 2 2 2 2 2 2 2 2 2 8 10 2 8 2 8 2 2 2 2 10 2 2 10 2 2 10 8 8 2 10 2 2 2 2 2 2 8 2 2 2 2 2 2 2 2 2 2 2 10
left_child=1 2 4 15 7 35 20 -1 39 -8 18 12 -12 -14 46 29 17 36 -10 -19 21 25 -23 -24 -25 -7 -27 -28 -26 31 33 32 51 -31 -22 -4 -17 38 -20 41 -41 42 -2 61 -45 -44 -5 -48 -49 -34 -51 52 53 54 57 56 -56 -3 59 -54 -55 62 -43
right_child=8 3 5 14 -6 6 9 -9 10 -11 11 -13 13 -15 -16 16 -18 19 37 -21 34 22 23 24 28 26 27 -29 -30 30 -32 -33 49 -35 -36 -37 -38 -39 -40 40 -42 43 45 44 -46 -47 47 48 -50 50 -52 -53 58 60 55 -57 -58 -59 -60 -61 -62 -63 -64
leaf_value=0.26760285615237506 -0.13520040759565352 0.19806114570099523 0.058787046792690582 0.12990312502756052 0.061272282765121366 0.2050923654477731 -0.23012782382700242 0.040405446644912607 0.10905709515982352 -0.043060770412718601 -1.8074234654935684 -0.077403742955003463 -1.730363920841012 0.22858270144777182 0.0088945764815466077 -0.37538782782358243 -0.027415810510437941 -4.3314824445014857 -0.15491116895265333 -0.1281841209903497 0.1416513799666487 0.12404815592236873 -0.39089780768111143 0.034868500723191177 -0.30047412578235183 -0.1616837773994021 -0.71745056267531193 -0.18033504030699865 -0.032720932599949112 -0.204011319728127 0.019428079953598534 -0.05061119335583221 0.16991445704817326 -0.0067956379432812701 -0.012954014133669185 0.24576814037740302 -1.1404018414457515 -0.031555416727802793 0.28940979438114978 -0.17361945532541975 -0.055786291508305885 0.136565045014926 -0.0040740497347176328 -0.15184340370294819 -0.58622672795608954 -0.63861161228052388 0.51874203578995015 0.17477635201652747 -0.32850601944872654 -0.037426148574122284 -2.9732720065437523 0.078792932042375197 0.021165235845798668 -2.7776619377140066 -0.94167024087338835 0.11235060795747681 -4.2375250633301063 -0.23941725657766383 0.058094486128820538 -0.30402326784541772 -0.7155766966965702 0.0061713895532317202 -3.1354507852169888
leaf_weight=17839 3555 7998 60850 18026 11320 77 541 5818 30583 8073 22 5423 217 273 10534 242 10743 22 1144 1465 9262 1701 166 2100 531 142 64 54 436 8354 24898 11198 24508 5998 4619 2607 89 14760 5350 7168 46893 14833 6837 4838 176 29 5109 1328 191 1881 128 38963 3146 47 168 443 80 159 5349 6847 80 103681 105
leaf_count=17839 3555 7998 60850 18026 11320 77 541 5818 30583 8073 22 5423 217 273 10534 242 10743 22 1144 1465 9262 1701 166 2100 531 142 64 54 436 8354 24898 11198 24508 5998 4619 2607 89 14760 5350 7168 46893 14833 6837 4838 176 29 5109 1328 191 1881 128 38963 3146 47 168 443 80 159 5349 6847 80 103681 105
internal_value=0.000343531 0.000585212 0.000990888 0.000312883 0.00182935 0.000669404 -3.31339e-05 0.00238978 3.47113e-05 -0.00135013 0.000522918 -0.00104886 -0.00652344 -0.00520408 0.00114357 0.000121592 -0.000919115 -0.00358086 0.000702876 -0.00202757 0.000559211 -0.00080535 -0.000269558 -0.00158831 -0.00106456 -0.00864985 -0.0121154 -0.0204237 -0.00441055 0.000214803 -0.000282802 0.000408189 0.000544952 -0.00121168 0.00107737 0.000976803 -0.0105589 6.21061e-05 0.00123499 -0.000115222 -0.000524315 4.97563e-05 -0.00105988 0.000143287 -0.00141205 -0.000163122 0.0015827 0.00275196 9.54577e-05 0.00126089 -0.00112245 0.000244943 -0.000313155 0.000771588 0.00096519 -0.00361071 -0.0109274 0.00135283 -0.000947725 -0.00165466 -0.0127165 0.000209031 0.00104699
internal_weight=560081 314194 126200 187994 34977 91223 27766 23657 245887 8614 57772 5935 512 490 35188 152806 12561 1818 51837 1487 19152 5271 4934 3233 3067 337 260 118 967 140245 39250 100995 89797 14352 13881 63457 331 21254 6494 188115 54061 134054 10421 123633 5014 6866 24654 6628 1519 26517 2009 63280 24317 8975 8848 691 248 8157 15342 9993 127 118619 14938
internal_count=560081 314194 126200 187994 34977 91223 27766 23657 245887 8614 57772 5935 512 490 35188 152806 12561 1818 51837 1487 19152 5271 4934 3233 3067 337 260 118 967 140245 39250 100995 89797 14352 13881 63457 331 21254 6494 188115 54061 134054 10421 123633 5014 6866 24654 6628 1519 26517 2009 63280 24317 8975 8848 691 248 8157 15342 9993 127 118619 14938
is_linear=0
shrinkage=0.05


Tree=88
num_leaves=64
num_cat=0
split_feature=27 28 21 23 33 42 39 12 29 23 21 41 0 32 19 17 11 37 26 0 5 41 14 34 13 16 37 12 9 42 13 36 37 37 3 14 13 33 33 26 37 28 7 37 21 33 28 7 32 12 40 14 18 9 18 13 13 16 23 15 18 25 33
split_gain=16.4306 12.9424 12.8899 13.2096 13.6222 9.43322 8.54685 8.48476 10.8149 11.6901 8.50932 8.77987 7.73403 7.61488 8.76652 7.28688 7.21533 10.9253 6.9774 6.95423 7.91126 6.55949 6.54072 6.43855 6.34061 7.39909 7.02451 6.13639 8.31402 8.02201 6.10426 6.06155 6.03083 5.96249 5.78899 5.7577 9.40084 11.3029 9.43305 8.30679 12.0536 8.30302 7.00395 7.98639 10.2434 9.93176 15.7978 9.14398 7.28302 6.70047 6.58676 6.56226 6.39663 6.44957 5.75313 5.70157 10.2266 19.2432 11.6187 10.3879 8.28422 7.744 6.54791
threshold=16.950000000000003 0.92500000000000016 72.500000000000014 26.250000000000004 21.650000000000002 -18.549999999999994 0.65000000000000002 0.60355339059327384 101.78614787162805 33.350000000000001 422.50000000000006 7438.0000000000009 355.25000000000006 -9.1920554760152928 0.73724926354828246 -20.963925122287204 0.37940952255126054 70.500000000000014 34903.500000000007 16.550000000000004 13.050000000000002 2351.0000000000005 7.5000000000000009 0.78257835753184668 5.5000000000000009 -10.962943036158618 96.500000000000014 1.0000000180025095e-35 139.25000000000003 2.6500000000000012 1.5000000000000002 507.50000000000006 97.500000000000014 80.500000000000014 27.950000000000003 3.5000000000000004 4.5000000000000009 12.65 18.550000000000004 4735.7500000000009 34.500000000000007 1.7650000000000003 117.715625 41.500000000000007 1977.5000000000002 8.1500000000000004 1.7650000000000003 71.543750000000017 2.0690960760619883 -0.12940952255126037 983.05000000000007 4.5000000000000009 18.850000000000005 260.25000000000006 5.3500000000000005 1.0000000180025095e-35 2.5000000000000004 -15.141261502190998 30.250000000000004 1.0000000180025095e-35 11.950000000000001 971.05000000000007 12.950000000000001
decision_type=8 2 2 2 2 2 2 2 2 2 2 2 2 2 2 2 2 2 2 2 8 2 2 2 2 2 2 2 8 2 2 2 2 2 8 2 2 2 2 2 2 2 8 2 2 2 2 10 2 2 2 2 2 10 2 2 2 2 2 2 2 2 2
left_child=21 5 23 4 18 -2 15 12 10 30 11 -9 16 14 -14 -5 19 27 -4 -7 -21 -1 24 -3 -19 26 -26 -18 31 55 -10 -29 -23 -8 -33 36 37 -17 39 40 -39 -41 43 -37 45 46 -45 -46 -48 -44 -42 -51 -53 -54 -49 -30 59 58 -58 60 -57 62 -59
right_child=1 2 3 6 -6 7 33 8 9 -11 -12 -13 13 -15 -16 35 17 22 -20 20 -22 32 -24 -25 25 -27 -28 28 29 -31 -32 34 -34 -35 -36 42 -38 38 -40 41 50 -43 49 44 47 -47 48 54 -50 51 -52 52 53 -55 -56 56 57 61 -60 -61 -62 -63 -64
leaf_value=0.17934527791229141 0.26211338887193619 -0.12138897274608929 0.34754462431816724 -0.41667388435789054 -0.054843029014785376 0.04770784638159694 0.25752350164513466 0.061692746271732879 0.41604393203060774 -4.3421924131347822 0.21294705724741389 -0.072807518770176438 -1.6140319369572342 -0.49534772734707017 -3.533558546609826 0.11456257605312672 0.13506546071281134 -0.064288940000328504 -0.089493160535954186 -0.10579704330777957 -0.020592810116173574 0.064024852751031203 0.031086025672182434 0.18134448369595788 -0.12863160349228961 0.20679984524570594 -0.68738702539788443 0.2030580188881746 0.66069953115349678 0.06505259593930747 -0.23356372166234651 -0.38792814779029505 -0.15128228770578828 -0.27821364574634438 -0.087401456405073463 0.1403438032806211 0.16585504531381501 0.251568143643709 -0.011333337519235898 -0.27602788535308914 0.55205484719765818 -0.059612389836674495 0.027957777517023136 0.16046366972184989 -0.045317475298670695 0.080250699108841583 -0.30906788661768464 -0.92461398370678338 0.076931191510571498 0.051136485178102847 -0.78880601661128358 -0.36730551966777447 -0.61644999345398821 -2.2982958522580534 -0.52671291677790244 -1.3388410447427428 -0.2651613850402143 -0.66441307577973374 -1.6720464419090679 -1.499296878252836 -0.41183396916371784 0.059287713770572348 0.21791436463500441
leaf_weight=13669 3679 13649 23017 578 4154 14465 304 99942 547 196 5477 9628 949 4487 158 2756 31885 29091 610 6044 142302 30186 29170 4496 988 4278 185 4278 496 4175 2838 68 386 709 151 31701 2690 112 2171 1164 26 1344 2556 1956 586 17711 2001 44 673 473 198 638 126 88 233 306 85 57 58 45 859 2157 32
leaf_count=13669 3679 13649 23017 578 4154 14465 304 99942 547 196 5477 9628 949 4487 158 2756 31885 29091 610 6044 142302 30186 29170 4496 988 4278 185 4278 496 4175 2838 68 386 709 151 31701 2690 112 2171 1164 26 1344 2556 1956 586 17711 2001 44 673 473 198 638 126 88 233 306 85 57 58 45 859 2157 32
internal_value=0.000329872 0.000250562 0.000713576 0.000938917 0.00186296 0.000115091 0.000576527 9.16423e-05 0.000445426 -0.00226054 0.000529653 0.000433513 -5.99957e-05 -0.00190025 -0.00561427 0.000642678 -2.20336e-05 0.000294102 0.00232721 -0.000232447 -0.000334488 0.00125461 -0.000126193 -0.00051116 -0.000591743 0.000973216 -0.00254476 0.000893801 -3.25055e-05 -0.000973398 -0.00157312 0.0016978 0.000847508 -0.00398322 -0.00641552 0.000689344 -0.000391454 -0.00127332 -0.00268694 -0.00458157 -0.0119643 -0.0035925 0.000881673 0.00102677 0.000321927 0.000528401 -0.00153348 -0.00502317 -0.00403141 -0.00117109 -0.0186607 -0.0040566 -0.0066784 -0.0141589 -0.012509 -0.00254579 -0.0032384 -0.00134157 -0.0191259 -0.00698347 -0.00607296 -0.000209261 -0.0146629
internal_weight=560081 515840 116764 98619 27781 399076 70838 395397 118628 3581 115047 109570 276769 5594 1107 69825 271175 108364 23627 162811 148346 44241 63712 18145 34542 5451 1173 44652 12767 8270 3385 4497 30572 1013 219 69247 10461 7771 5015 2844 336 2508 58786 54905 23204 22341 4630 863 2674 3881 224 1325 852 214 277 4095 3599 2389 143 1210 1165 2246 89
internal_count=560081 515840 116764 98619 27781 399076 70838 395397 118628 3581 115047 109570 276769 5594 1107 69825 271175 108364 23627 162811 148346 44241 63712 18145 34542 5451 1173 44652 12767 8270 3385 4497 30572 1013 219 69247 10461 7771 5015 2844 336 2508 58786 54905 23204 22341 4630 863 2674 3881 224 1325 852 214 277 4095 3599 2389 143 1210 1165 2246 89
is_linear=0
shrinkage=0.05


Tree=89
num_leaves=64
num_cat=0
split_feature=8 27 14 16 11 8 11 28 20 36 5 7 38 25 35 26 36 8 33 20 23 43 27 29 23 17 39 31 12 27 4 12 43 28 27 12 16 34 23 13 38 3 33 13 35 20 44 5 11 31 30 4 7 21 30 2 9 26 22 35 14 37 13
split_gain=15.3588 12.4988 12.9131 10.4691 9.90802 7.05357 6.71934 6.82614 6.66688 6.44256 6.31209 9.63868 6.29634 6.24443 9.39399 7.98052 8.96315 10.079 6.47437 5.98179 5.94228 8.65896 5.75275 5.70115 5.56167 5.36362 5.26247 5.41517 7.2523 6.68805 5.19249 5.9312 10.5849 10.5029 8.44413 6.43202 6.14413 5.99347 6.18367 5.06013 7.09381 5.67643 4.98777 4.97276 10.442 5.37775 4.96575 4.92081 6.07442 4.88739 4.8422 4.83514 9.55511 7.78615 4.9702 4.81806 4.69225 4.67174 7.3171 8.38181 6.47641 6.5765 7.85768
threshold=0.8000000000000026 40.050000000000004 6.5000000000000009 13.556605460660636 -0.78656609248549292 -32.979999999999997 -0.9159756150367534 5.4650000000000016 -0.80382625221112003 217.50000000000003 29.950000000000003 40.185144927536236 28.150000000000002 973.35000000000002 -0.82409480842201666 15948.250000000002 742.50000000000011 -9.9899999999999967 21.450000000000003 0.034899496702501191 26.650000000000002 -222.49999999999997 17.050000000000004 4.1224185864073197 10.450000000000001 16.129340007907388 1.0000000180025095e-35 1.1941766205066815 0.1294095225512602 143.25000000000003 25.550000000000004 0.37940952255126048 142.50000000000003 43.240000000000009 57.550000000000004 0.78656609248549303 -7.4466313341373693 0.63605400036818838 25.150000000000002 4.5000000000000009 35.050000000000004 15.550000000000002 29.950000000000003 3.5000000000000004 -0.608738249238853 -0.52247866957162936 -5262.2499999999991 25.050000000000004 -1.0000000180025095e-35 11.872673346189966 17.500000000000004 103.02500000000002 73.695742753623207 67.500000000000014 1095.0000000000002 25.950000000000003 343.25000000000006 19687.750000000004 53.500000000000007 0.70088257582277247 8.5000000000000018 60.500000000000007 1.5000000000000002
decision_type=10 8 2 2 2 8 2 2 2 2 8 8 2 2 2 2 2 10 2 2 2 2 10 2 2 2 2 2 2 10 8 2 2 2 8 2 2 2 2 2 2 10 2 2 2 2 2 10 2 2 2 10 10 2 2 10 10 2 2 2 2 2 2
left_child=1 2 4 26 -1 -6 12 25 -4 -7 11 -5 19 14 15 16 20 22 -15 -2 21 -10 55 -20 -13 57 30 -28 -29 -30 -3 -32 33 37 35 -35 43 38 -33 40 41 42 -11 44 45 56 -40 -46 -49 -12 -36 54 53 -53 -9 -18 -34 58 -8 60 61 -60 -63
right_child=6 3 8 10 5 9 7 51 13 39 49 24 -14 18 -16 -17 17 -19 23 -21 -22 -23 -24 -25 -26 -27 27 28 29 -31 31 32 36 34 50 -37 -38 -39 46 -41 -42 -43 -44 -45 47 -47 -48 48 -50 -51 -52 52 -54 -55 -56 -57 -58 -59 59 -61 -62 62 -64
leaf_value=0.032782566086591095 -0.26770618805927771 0.088094692916170905 0.12951098651055773 0.063139453377958094 0.43031455257927465 0.31217944003670878 0.07429394472370475 0.13020237243488658 -0.34504005624865586 -0.1752131673892825 0.28098439375093565 -1.6210447272555699 -0.018004946038004475 0.050737956017799492 -0.0034003329171849572 0.16525716094235188 -0.41940756700102821 0.017769709511773736 -0.03050914259082543 -0.094147484917932053 -0.069214443417333266 -0.12184657796087191 -0.31096933816413097 -0.26021537594708427 -0.21516652415735896 0.19740820270818835 -0.027611449067756616 -0.074003870097684221 -0.38218020863496138 -4.2993489391110407 -0.015532868988393617 0.1745869801104413 -0.63004471083649416 0.078463779648969376 -0.58666731305767528 -0.4151321844234539 0.015115480226366629 0.20905931457650442 0.37444433015099698 0.17884716953529639 0.18258295082726195 0.010030429618895205 -0.37392305034677159 0.048316260355196518 -0.31095649635776551 0.17185884008513186 -0.088069142832054206 -0.23346391134977065 0.24084986375913076 0.047194026715955725 -0.21249599972963892 -2.0918123112156302 -0.13819761666266489 -0.52400119679634327 -0.13948629293571826 -0.4752086458060954 0.90979159885984451 -0.047727560920482526 0.070811673877810968 -0.13544746214750578 0.079347537936729329 -0.085095535470467998 -0.003256850484416856
leaf_weight=14652 2661 6651 9019 2613 9452 9104 50418 21783 89 1069 19377 25 17774 47599 11077 418 78 137 5229 4471 1013 139 165 359 1722 3185 10722 1216 594 29 75734 16805 326 36 29 89 6229 19221 839 5276 3727 7506 32 1202 1102 81 9180 1383 754 11451 551 35 1683 33 546 60 33 18995 13702 16901 23470 19402 50828
leaf_count=14652 2661 6651 9019 2613 9452 9104 50418 21783 89 1069 19377 25 17774 47599 11077 418 78 137 5229 4471 1013 139 165 359 1722 3185 10722 1216 594 29 75734 16805 326 36 29 89 6229 19221 839 5276 3727 7506 32 1202 1102 81 9180 1383 754 11451 551 35 1683 33 546 60 33 18995 13702 16901 23470 19402 50828
internal_value=0.000318892 0.00055052 0.00093542 0.000292137 0.00155142 0.0019958 2.29172e-05 0.000110666 0.000520151 0.00158044 0.00106968 -0.000711009 -0.000755641 0.000346805 -0.000627656 -0.00369462 -0.005232 -0.0113636 0.000588208 -0.00201066 -0.00305802 -0.0103509 -0.0164521 -0.00102183 -0.00358615 1.34841e-05 0.000113085 -0.000867367 -0.00337412 -0.00776083 0.000200899 0.000133015 0.000514172 0.00084385 -0.00521277 -0.017 -0.000873087 0.000936584 0.000453698 0.00102215 0.000467813 -0.00032125 -0.00367393 -0.00220139 -0.00311362 -0.0103409 -0.000529494 -0.00213183 -0.000732335 0.00132153 -0.00267241 0.000905316 -0.00162479 -0.02 0.00110372 -0.0239855 -0.0129666 -1.99775e-05 6.09831e-05 -0.000145089 1.77838e-05 -0.000187533 -0.000383027
internal_weight=560081 314194 126200 187994 50818 36166 245887 220981 75382 26714 35188 4360 24906 66363 13176 2099 1681 440 53187 7132 1241 228 303 5588 1747 196901 152806 12561 1839 623 140245 133594 57860 46750 705 125 11110 46045 26824 17610 12334 8607 1101 4881 3679 440 10019 3239 2137 30828 580 24080 1751 68 22329 138 359 193716 174721 124303 107402 83932 70230
internal_count=560081 314194 126200 187994 50818 36166 245887 220981 75382 26714 35188 4360 24906 66363 13176 2099 1681 440 53187 7132 1241 228 303 5588 1747 196901 152806 12561 1839 623 140245 133594 57860 46750 705 125 11110 46045 26824 17610 12334 8607 1101 4881 3679 440 10019 3239 2137 30828 580 24080 1751 68 22329 138 359 193716 174721 124303 107402 83932 70230
is_linear=0
shrinkage=0.05


Tree=90
num_leaves=64
num_cat=0
split_feature=0 45 40 10 0 9 1 1 27 14 11 31 14 40 37 13 19 43 8 7 22 13 41 13 19 29 35 2 0 14 31 22 13 3 12 27 1 27 6 0 44 37 36 8 8 19 17 13 11 21 43 9 37 17 25 14 19 32 4 21 23 0 8
split_gain=16.1077 13.3293 16.2568 15.3253 13.5737 13.2798 12.2108 10.4714 10.0347 11.6101 10.4693 11.4268 10.3373 9.92748 8.96042 8.80497 19.3526 16.8763 13.6698 10.9386 8.58387 8.52797 9.6165 8.69258 11.3505 10.6111 8.23434 8.23025 8.10438 8.06299 12.67 9.13908 10.0027 7.95759 7.65088 7.92963 7.56285 7.49554 7.02853 6.95849 8.67422 6.82217 6.76506 6.66271 6.59839 7.13176 11.6889 10.4463 10.1857 9.28889 8.68011 6.63971 6.5927 6.55603 6.54895 6.44628 9.74487 7.18235 6.96681 6.3688 6.28033 7.20362 6.12284
threshold=9.0050000000000008 1.5000000000000002 991.6500000000002 20.525000000000002 83.02500000000002 58.550000000000004 12.050000000000002 64.65000000000002 57.050000000000004 6.5000000000000009 -0.37940952255126065 3.0936033731281776 7.5000000000000009 996.75000000000011 54.500000000000007 1.0000000180025095e-35 0.43049470426488845 -120.62499999999999 -10.365000000000002 21.571354166666669 40.500000000000007 2.5000000000000004 3146.2500000000005 3.5000000000000004 -0.061046214993534818 0.29210895288235705 0.2334364749717662 50.025000000000006 355.25000000000006 8.5000000000000018 7.3207117085486413 69.500000000000014 1.0000000180025095e-35 16.050000000000004 0.25881904510252057 162.25000000000003 11.350000000000003 24.350000000000005 36.125000000000007 45.025000000000006 1380.0000000000005 75.500000000000014 152.50000000000003 168.10000000000002 -30.989999999999991 0.87878364999916148 5.4085422068871774 3.5000000000000004 0.37940952255126054 827.50000000000011 1012.5000000000001 93.950000000000017 91.500000000000014 7.582429754572904 990.85000000000002 11.500000000000002 -0.43837114678907757 -1.261582352713625 131.25000000000003 2502.5000000000005 12.65 233.75000000000003 25.699999999999999
decision_type=2 2 2 8 2 10 8 10 8 2 2 2 2 2 2 2 2 2 10 10 2 2 2 2 2 2 2 8 2 2 2 2 2 10 2 8 8 10 10 2 2 2 2 10 8 2 2 2 2 2 2 10 2 2 2 2 2 2 8 2 2 2 10
left_child=-1 2 4 13 5 36 -7 8 9 10 11 14 15 39 -8 16 17 -11 -19 -20 -16 22 -14 25 -25 26 -23 -17 -4 31 -31 32 -6 -34 35 -32 -2 -38 -9 -3 -41 -13 -12 -5 -44 -46 50 -48 -49 -50 59 -52 -29 -30 -55 -37 57 -57 -58 -47 -33 -62 -28
right_child=1 3 28 43 29 6 7 38 -10 12 42 41 21 -15 20 27 -18 18 19 -21 -22 23 -24 24 -26 -27 62 52 53 30 34 60 33 -35 -36 55 37 -39 -40 40 -42 -43 44 -45 45 46 47 48 49 -51 51 -53 -54 54 -56 56 58 -59 -60 -61 61 -63 -64
leaf_value=0.13316265384412249 -0.023549413503315488 -0.09207877369951685 0.33064472303842235 0.040232122959690926 0.23548008332567338 -0.12723221991857267 0.16702468577638716 -0.58343667652853914 -0.023639395004113745 -0.027914742897696534 0.36298887747779823 -0.031861690684881976 0.20272325026104646 0.097716182029315785 -0.22112775017015265 -0.0070796322396294194 0.034737773881754322 -0.66789298198613256 -0.26771367367929594 -0.14868021508897322 0.032151923429065331 0.045760229339159103 0.01642294896141824 0.082419183666826615 -0.056276768160504004 -0.23910142314156296 -0.12978225626285914 -0.10071093986883112 -0.3343414010466686 0.27676273166407184 0.28512514539816675 -0.068248776597675115 -0.58170879824396982 -0.038656191552246588 0.082449288210380764 -0.27037613737078225 0.099432449852899216 0.037191672645177198 0.099142864918566928 -0.93030388945676457 -0.15516156289427177 -0.43321445805547659 0.35491560550303386 -3.4425867177345064 0.11147390796347419 0.098079204904927053 0.088821678442528348 -0.08086609233500211 -0.47594592767627186 0.0004488473970061113 0.40277076933737349 -0.48460445621563802 -0.40962675939827975 -5.0806566759398235 -0.64430654477065596 -0.53837834351051284 0.30173253403610617 -3.4712113952570869 -2.2140549936232672 -0.34113605132161823 -0.27086002942804338 -1.7906183517027463 -0.91337276036758608
leaf_weight=14566 8402 7308 16899 18580 8461 5529 11678 40 73103 497 9901 17189 8182 2511 784 18202 1608 227 199 502 7742 3246 14178 13429 10141 1159 1838 2150 866 29912 1407 7577 3681 43374 5854 3613 50808 40383 49387 2710 1595 198 4017 242 13635 4500 399 284 391 114 63 134 555 62 60 1474 108 94 518 160 12553 1016 86
leaf_count=14566 8402 7308 16899 18580 8461 5529 11678 40 73103 497 9901 17189 8182 2511 784 18202 1608 227 199 502 7742 3246 14178 13429 10141 1159 1838 2150 866 29912 1407 7577 3681 43374 5854 3613 50808 40383 49387 2710 1595 198 4017 242 13635 4500 399 284 391 114 63 134 555 62 60 1474 108 94 518 160 12553 1016 86
internal_value=0.000310857 0.000267041 0.000329702 -0.000707825 0.000276157 0.000424088 0.000245183 0.00029283 0.00014538 0.000382935 0.000842054 0.000268815 -4.59978e-05 -0.0019527 0.00107751 -0.000906433 -0.003424 -0.00766667 -0.0116487 -0.00819543 -0.00015482 0.00034817 0.00108676 -0.000204187 0.00023759 -0.00184942 -0.000880077 -0.000541206 0.00181053 -0.000187559 0.000360633 -0.000494899 -0.000157972 -0.000442567 -0.000938169 -0.002028 0.00091889 0.00105115 0.000950594 -0.0025691 -0.00416376 -0.000670903 0.00148342 0.000226331 0.00102481 0.000647866 -0.000781638 -0.00522727 -0.00856147 -0.0128218 0.000305744 -0.00997462 -0.0031146 -0.00259109 -0.0134426 -0.00284398 -0.00498177 -0.00287628 -0.0102556 0.000740344 -0.00137946 -0.00202336 -0.00347193
internal_weight=560081 545515 512569 32946 494682 375040 275447 269918 220491 147388 71189 37591 76199 14124 20204 23940 3033 1425 928 701 8526 52259 22360 29899 23570 6329 5170 20907 17887 119642 42980 76662 55516 47055 13068 7214 99593 91191 49427 11613 4305 17387 33598 18822 23697 19680 6045 1188 789 505 4857 197 2705 988 122 5807 2194 1568 626 4660 21146 13569 1924
internal_count=560081 545515 512569 32946 494682 375040 275447 269918 220491 147388 71189 37591 76199 14124 20204 23940 3033 1425 928 701 8526 52259 22360 29899 23570 6329 5170 20907 17887 119642 42980 76662 55516 47055 13068 7214 99593 91191 49427 11613 4305 17387 33598 18822 23697 19680 6045 1188 789 505 4857 197 2705 988 122 5807 2194 1568 626 4660 21146 13569 1924
is_linear=0
shrinkage=0.05


Tree=91
num_leaves=64
num_cat=0
split_feature=0 11 41 44 38 38 37 16 11 23 13 33 3 29 3 34 36 38 18 23 32 27 23 38 17 42 23 21 37 7 37 27 23 1 11 10 30 34 5 27 13 40 25 13 12 13 5 23 23 34 43 36 34 13 13 17 1 32 34 20 38 8 10
split_gain=14.6477 12.3303 13.8603 22.5478 12.9204 12.1817 10.7891 10.6088 9.94833 9.69066 9.41123 13.1442 12.6937 10.641 9.36648 9.16021 9.08077 13.0124 11.8427 11.5094 10.2309 10.1386 9.06609 8.23986 8.10734 10.6131 11.172 8.9945 8.00981 10.08 7.41867 8.59198 11.5907 9.99809 9.87583 7.30444 7.25007 7.21469 7.12487 7.11987 8.73533 9.15797 7.42005 11.8914 7.64298 7.17056 6.99362 6.80258 9.17527 9.80557 6.76184 6.58497 6.89587 8.53291 6.53133 6.49678 6.42599 6.53789 6.32331 6.30398 6.65517 6.23838 6.76978
threshold=9.0050000000000008 -0.9159756150367534 2351.0000000000005 -1142.7499999999998 28.350000000000005 27.150000000000002 84.500000000000014 15.917521393056802 0.91597561503675362 28.850000000000005 1.5000000000000002 6.9500000000000011 19.550000000000004 0.45071176391942641 24.450000000000003 0.79332313182700753 527.50000000000011 37.750000000000007 18.950000000000003 27.250000000000004 -3.7084046036584488 119.25000000000001 16.150000000000002 25.250000000000004 5.6119107120268508 2.2000000000000011 25.550000000000004 267.50000000000006 12.500000000000002 50.934848484848494 24.500000000000004 40.750000000000007 34.350000000000001 12.050000000000002 0.37940952255126054 75.625000000000014 1031.5000000000002 -0.30069434954884217 547.25000000000011 34.95000000000001 1.0000000180025095e-35 985.35000000000002 988.45000000000016 1.5000000000000002 0.25881904510252057 4.5000000000000009 61.050000000000004 36.750000000000007 29.250000000000004 0.73724926354828246 -192.49999999999997 2482.5000000000005 0.95878322595067733 2.5000000000000004 1.5000000000000002 -15.818775214865338 11.350000000000003 2.6870057685088811 -0.97233289553061575 -0.99140711019144601 27.450000000000003 -3.4999999999999987 69.125000000000014
decision_type=2 2 2 2 2 2 2 2 2 2 2 2 8 2 10 2 2 2 2 2 2 10 2 2 2 2 2 2 2 8 2 10 2 10 2 10 2 2 10 8 2 2 2 2 2 2 10 2 2 2 2 2 2 2 2 2 8 2 2 2 2 10 8
left_child=-1 4 3 7 9 8 15 -3 14 -2 11 12 61 -12 -4 39 21 18 19 -18 -21 37 -15 -24 -10 26 -26 -28 29 36 -22 32 33 -32 -33 -6 -19 55 -9 -5 -41 42 -42 44 -44 -43 -39 48 51 -50 -34 52 -20 -54 -11 -7 -16 -58 -46 -25 -61 62 -8
right_child=1 2 5 6 35 16 10 38 24 54 13 -13 -14 22 56 -17 17 28 47 20 30 -23 23 59 25 -27 27 -29 -30 -31 31 34 50 -35 -36 -37 -38 46 -40 40 41 45 43 -45 58 -47 -48 -49 49 -51 -52 -53 53 -55 -56 -57 57 -59 -60 60 -62 -63 -64
leaf_value=0.12650452115191635 -0.095459700932529062 0.099363913353433378 -0.076000407663318989 0.19213867418316277 0.019956809112234797 -0.4006634418277315 -0.35107672333788298 0.30547856143981555 -0.053965737643734718 0.016462257920864431 0.055741653524006007 -0.089027992967758082 -0.39435705379346081 1.0059204282074332 -0.31426438390205669 0.25947436435192678 0.23801347395301731 -0.099516528316864764 -0.069369905741845012 0.06315881897996807 0.12006774773557949 -0.31673409482099252 -0.73813305340200996 -0.57784529038582266 -0.098012167926136678 -0.10949480282089195 -0.092830450356256505 -0.41394176397340676 0.17980465681183422 0.05394911422279039 -0.11235442125768724 -0.15291969485792495 -0.15599215247534648 0.034432245276183292 0.018468643739777465 -0.20831070164276283 -0.24179932380150496 0.076248047131432517 -2.9868266370522369 0.26116953508019175 -0.079022859470329568 -0.022934525608643133 -0.25661630341531561 0.34219001561018414 -1.4534120666566457 0.40968263758760043 0.30326493318009506 -0.20074668449063285 -0.048933536984703208 0.21402389512606068 -0.016066416130643975 -0.25387678283072951 0.0016612094075800282 -0.40228885192873309 -0.29238893511995184 0.021304978019224093 -0.0088502984824548048 0.085199989129525713 -0.86357874026554216 0.045565223190284193 -0.21536834575602529 -0.26411848810236238 -0.67683658904033228
leaf_weight=14566 20272 57674 18637 6101 41689 204 105 17329 11325 927 17453 6546 1729 426 641 14346 4236 1064 4319 30496 5881 2957 727 20 836 3203 331 807 15968 3849 3223 12529 3709 32216 6378 3282 114 30775 107 8719 24986 11677 186 392 38 7171 13571 947 8530 2761 3619 107 227 358 3086 18252 39677 16803 266 982 480 210 39
leaf_count=14566 20272 57674 18637 6101 41689 204 105 17329 11325 927 17453 6546 1729 426 641 14346 4236 1064 4319 30496 5881 2957 727 20 836 3203 331 807 15968 3849 3223 12529 3709 32216 6378 3282 114 30775 107 8719 24986 11677 186 392 38 7171 13571 947 8530 2761 3619 107 227 358 3086 18252 39677 16803 266 982 480 210 39
internal_value=0.000304608 0.000262825 0.000353474 0.000703088 -0.000360546 0.000145369 0.000221201 0.00136134 -0.000332213 -0.00128989 -0.000601212 -0.00198227 -0.00544167 -7.96477e-06 -8.98913e-05 0.000540863 0.000358961 0.000132035 -6.96023e-05 0.000134768 2.45282e-05 0.000843915 -0.00296964 -0.00425758 -0.00144467 -0.00308383 -0.00596758 -0.00919156 0.00128007 -0.000460513 -0.000318629 -0.000480429 -8.8035e-05 0.000286267 -0.00136801 0.000141313 -0.00450764 0.000978631 0.00244207 0.000267569 8.28111e-05 -0.000199481 -0.000810267 -0.00531746 -0.0105102 0.000638795 0.00132436 -0.00128152 -0.0010422 -0.00025197 -0.0018982 -0.00282279 -0.00255506 -0.00764957 -0.00353476 0.00014792 0.000227675 0.000284172 -0.0153947 -0.00211876 -0.00173735 -0.0140678 -0.0220833
internal_weight=560081 545515 476259 177709 69256 298550 102599 75110 92260 24285 28717 8629 2083 20088 75758 73882 206290 140531 119536 102287 98051 65759 2635 2209 16502 5177 1974 1138 20995 5027 67555 61674 42767 35439 18907 44971 1178 62802 17436 59536 53435 44716 25868 882 490 18848 44346 17249 16302 11291 7328 5011 4904 585 4013 18456 57121 56480 304 1482 1462 354 144
internal_count=560081 545515 476259 177709 69256 298550 102599 75110 92260 24285 28717 8629 2083 20088 75758 73882 206290 140531 119536 102287 98051 65759 2635 2209 16502 5177 1974 1138 20995 5027 67555 61674 42767 35439 18907 44971 1178 62802 17436 59536 53435 44716 25868 882 490 18848 44346 17249 16302 11291 7328 5011 4904 585 4013 18456 57121 56480 304 1482 1462 354 144
is_linear=0
shrinkage=0.05


Tree=92
num_leaves=64
num_cat=0
split_feature=27 28 39 21 41 17 23 38 13 41 18 38 23 39 31 13 37 38 16 28 38 28 14 33 18 37 28 7 4 40 32 41 42 41 41 35 32 24 18 18 41 37 19 26 21 5 3 37 37 32 13 34 35 13 13 38 17 23 40 23 32 18 43
split_gain=14.015 11.5388 10.9975 11.7254 13.7327 10.2191 8.71615 8.69835 15.7572 8.56332 10.5644 10.5102 9.13414 8.9059 8.52634 9.57773 8.38081 8.11487 7.8935 9.03313 7.27043 11.7205 6.58859 14.9202 6.45747 6.38974 7.59096 7.03099 6.79119 6.33359 8.44704 6.22128 6.20493 6.1898 6.1803 6.37808 6.01028 6.01113 7.58691 6.00575 7.13852 5.81641 5.79432 7.67645 9.55511 5.71082 5.70032 5.98108 5.61207 5.6005 5.46311 5.40272 7.0285 6.67733 9.83496 14.1272 9.30345 9.40381 7.44583 6.62881 6.43079 8.02333 6.84057
threshold=16.950000000000003 0.92500000000000016 0.65000000000000002 67.500000000000014 2559.2500000000005 -20.963925122287204 27.150000000000002 31.550000000000004 4.5000000000000009 10304.500000000002 21.350000000000005 33.250000000000007 33.750000000000007 1.0000000180025095e-35 -10.619385218721453 1.5000000000000002 93.500000000000014 14.65 -14.432621699276561 39.500000000000007 38.150000000000013 0.78500000000000014 4.5000000000000009 7.3500000000000005 14.15 48.500000000000007 2.2150000000000003 117.715625 24.025000000000002 1001.5500000000001 -1.850924748960679 2351.0000000000005 -16.449999999999992 2559.2500000000005 14062.750000000002 0.68832836526074803 5.1175413079286933 1.0000000180025095e-35 10.850000000000003 5.9500000000000011 625.25000000000011 77.500000000000014 0.9426055981926128 5793.5000000000009 347.50000000000006 50.550000000000004 6.2550000000000008 50.500000000000007 97.500000000000014 -12.057589055204906 1.5000000000000002 -0.94260559819261247 0.71322329076259938 3.5000000000000004 4.5000000000000009 30.350000000000005 5.8214873607211617 23.450000000000003 975.6500000000002 37.850000000000001 -4.2074738627027068 5.9500000000000011 -29.374999999999996
decision_type=8 2 2 2 2 2 2 2 2 2 2 2 2 2 2 2 2 2 2 2 2 2 2 2 2 2 2 10 10 2 2 2 2 2 2 2 2 2 2 2 2 2 2 2 2 10 8 2 2 2 2 2 2 2 2 2 2 2 2 2 2 2 2
left_child=31 9 3 34 6 -6 -5 8 18 10 11 12 13 16 -15 -16 -2 -17 -7 -20 51 -22 -10 -24 -23 27 -27 -8 32 42 -31 -1 -28 49 -3 -36 39 -38 -39 40 -19 -4 50 44 -44 -26 -25 -48 -33 -12 -18 -11 53 59 55 56 60 -58 -57 -53 61 62 -55
right_child=1 2 41 4 5 7 25 -9 22 20 33 -13 -14 14 15 17 29 36 19 -21 21 24 23 46 45 26 28 -29 -30 30 -32 48 -34 -35 35 -37 37 38 -40 -41 -42 -43 43 -45 -46 -47 47 -49 -50 -51 -52 52 -54 54 -56 58 57 -59 -60 -61 -62 -63 -64
leaf_value=0.16315950057792605 0.028752142946743671 -0.040880542635023699 0.2520007899494302 0.38810105361462416 -0.37113393877319423 0.15653760352864093 0.25988649275553632 0.084618342018676587 0.2886011030304812 0.044366019615794006 0.013279763024408715 0.12426691244281846 -0.11005198907693597 0.03078947614112525 -0.15394930855141498 -3.5773644072410953 -0.34715953123851895 -0.33374839125487643 -0.059094972122370873 -0.36821434743489001 0.12049608378996786 0.0082022613350858208 -0.6110490242162705 -0.46891600951874185 -0.36685250598676117 0.13853412356610437 -0.46721966899977874 -0.41604359503295352 -0.13492591025938885 -0.79371002612810337 -4.5733364670902859 0.057568346615721827 -0.39857923012876251 0.012052399962559947 -0.21119322389453574 -0.69425226721458633 -0.036404804121266926 0.11364697665189734 -0.28925976808175297 0.084775548300456777 -0.055768866155671261 -0.29660036639074921 -0.1900087821238533 0.14994312167967444 -0.57269719221518833 0.049765315172610208 -0.46334716153271582 0.14166671280188586 -0.14121216393426095 0.26465447802218267 0.034718212364079286 -0.015888241576548598 0.05562116553856758 -1.1278366315383461 -0.046092105589186437 -0.13610895328501024 -0.13492935969263256 -0.42083952854528717 0.04912389872835482 -0.19879292309180102 0.082580974004228036 -0.21976032256150366 -0.52864314606795637
leaf_weight=13669 206287 15822 308 18214 649 3330 6048 37626 7144 10679 4873 17043 7348 11455 6226 61 2005 336 18054 560 7861 174 65 27 217 2038 30 486 2141 84 40 30186 427 13254 518 139 3152 428 1098 6595 1421 867 1990 639 189 73 373 1898 386 16037 6711 33945 10111 197 19341 2653 382 736 2280 1170 677 1161 147
leaf_count=13669 206287 15822 308 18214 649 3330 6048 37626 7144 10679 4873 17043 7348 11455 6226 61 2005 336 18054 560 7861 174 65 27 217 2038 30 486 2141 84 40 30186 427 13254 518 139 3152 428 1098 6595 1421 867 1990 639 189 73 373 1898 386 16037 6711 33945 10111 197 19341 2653 382 736 2280 1170 677 1161 147
internal_value=0.000299966 0.000226718 0.000663903 0.000712828 0.000918172 0.000536099 0.0018248 0.000594771 -1.89181e-05 9.88034e-05 0.000225403 0.00012171 4.16888e-05 9.30175e-05 -0.000703237 -0.00134415 0.000205442 -0.00057635 -0.000755559 -0.00115666 -0.000324931 0.00108408 0.00168139 -0.000607279 -0.00663793 0.000725157 -0.000694564 0.00173248 -0.00248653 -0.00109882 -0.0123387 0.00115402 -0.00801969 0.00105433 -0.00052218 -0.00527397 -0.000491174 -0.00192604 -0.00450197 0.0003125 -0.00228514 -0.00414894 -0.000977978 -0.0029489 -0.00436209 -0.0112069 6.09227e-05 0.000332453 0.000757556 0.00159015 -0.000340752 -0.000465446 -0.000619505 -0.00081681 -0.00139914 -0.00284647 -0.00537879 -0.00908766 -0.00115244 -0.000359533 -0.00347846 -0.005299 -0.0120058
internal_weight=560081 515840 116764 115589 99110 69726 29384 69077 31451 399076 307272 273108 256065 248717 30772 19317 217945 13091 21944 18614 91804 8325 9507 2363 464 11170 4636 6534 2598 11658 124 44241 457 34164 16479 657 13030 4678 1526 8352 1757 1175 11534 2818 2179 290 2298 2271 30572 20910 8716 83479 72800 62689 27574 8233 3300 1118 4933 35115 2182 1505 344
internal_count=560081 515840 116764 115589 99110 69726 29384 69077 31451 399076 307272 273108 256065 248717 30772 19317 217945 13091 21944 18614 91804 8325 9507 2363 464 11170 4636 6534 2598 11658 124 44241 457 34164 16479 657 13030 4678 1526 8352 1757 1175 11534 2818 2179 290 2298 2271 30572 20910 8716 83479 72800 62689 27574 8233 3300 1118 4933 35115 2182 1505 344
is_linear=0
shrinkage=0.05


Tree=93
num_leaves=64
num_cat=0
split_feature=0 45 40 0 5 1 18 9 1 40 16 35 0 27 2 23 6 27 37 17 1 5 0 9 1 14 31 12 14 17 28 29 30 16 28 22 36 17 26 21 44 17 26 30 38 26 37 23 22 6 16 8 17 28 14 7 19 28 33 11 31 41 4
split_gain=13.5077 12.2519 15.3868 12.1024 13.1431 13.0054 12.5842 8.72435 10.1073 8.59834 7.9984 7.54717 7.01272 6.90629 6.84264 7.14669 7.62559 6.81279 7.00485 7.00541 6.84256 6.73139 6.5387 6.35587 6.81066 6.19282 6.99429 11.6963 20.6966 8.88395 6.98786 6.2949 6.17766 9.09656 7.9101 7.31131 7.09603 7.05287 6.14348 5.72372 5.53972 5.34958 5.31585 5.25357 7.65519 7.45292 6.04508 5.98164 5.64261 5.34155 5.3892 5.12659 5.03925 5.01346 5.84961 6.34149 5.754 7.45277 6.84394 5.46843 5.86572 5.63313 5.45041
threshold=9.0050000000000008 1.5000000000000002 991.6500000000002 65.625000000000014 52.525000000000006 61.625000000000007 24.050000000000004 58.550000000000004 12.050000000000002 997.6500000000002 -4.084792762612703 -0.25881904510252068 108.05000000000001 15.950000000000001 549.25000000000011 33.95000000000001 24.166666666666639 72.050000000000011 74.500000000000014 9.4115773688624813 17.550000000000004 14.050000000000002 398.25000000000006 234.25000000000003 62.050000000000004 3.5000000000000004 -6.8616808009176564 0.60355339059327384 2.5000000000000004 1.7076022072015671 8.0950000000000006 26.956663330948654 8.5000000000000018 -12.86833412595071 2.7050000000000005 69.500000000000014 1147.5000000000002 16.735800644836935 1483.7500000000002 432.50000000000006 4041.7500000000005 -14.362937859899143 7209.5000000000009 1106.5000000000002 37.750000000000007 20975.750000000004 12.500000000000002 42.45000000000001 26.500000000000004 25.183333333333348 16.881652992496342 2.0000000000000013 -16.195761788827728 5.4350000000000014 7.5000000000000009 21.834166666666672 0.31729257441605213 2.3750000000000004 3.6500000000000008 -0.60355339059327362 4.9731235387865356 7325.7500000000009 54.550000000000004
decision_type=2 2 2 2 10 8 2 10 8 2 2 2 2 10 8 2 10 10 2 2 8 8 2 10 10 2 2 2 2 2 2 2 2 2 2 2 2 2 2 2 2 2 2 2 2 2 2 2 2 10 2 8 2 2 2 8 2 2 2 2 2 2 10
left_child=-1 2 3 4 7 -5 17 13 -9 12 -4 32 38 -2 21 16 -16 18 19 -6 -20 -10 -11 43 -25 26 27 28 -13 39 -28 -29 35 -34 -35 36 -7 -36 -3 -30 -12 -19 -38 44 45 53 -45 48 -47 -50 -51 -21 -37 54 55 62 57 -56 -59 61 -61 -58 -23
right_child=1 9 10 5 6 11 -8 8 14 22 40 25 -14 -15 15 -17 -18 41 20 51 -22 23 -24 24 -26 -27 30 31 29 -31 -32 -33 33 34 37 52 42 -39 -40 -41 -42 -43 -44 46 -46 47 -48 -49 49 50 -52 -53 -54 -55 56 -57 59 58 -60 60 -62 -63 -64
leaf_value=0.11777847307083174 0.084068727169882423 0.044906985541320388 -0.22773573691965773 -0.15380092092632652 0.094664843871842347 0.37255330317182073 0.36506822550265527 -0.11978512040950429 -0.047671900585291596 0.174351897510443 0.41054142931999005 -0.23246346407798568 -1.0144460705933378 0.019232487275437814 0.039475300595516995 0.13333653002470519 -0.19448623163235956 -0.33220030596570527 -0.19726961006429869 0.52485211373879292 0.032259352723646904 -0.087561463580414611 -2.7481291389827898 -0.14814818355756224 0.13648258521296083 0.024596894910593026 -0.090677359341400143 -0.17386247438131941 -0.69829954930013405 -1.4204759877387632 0.55269376668612324 0.98469329792466798 0.30234968198219297 -0.26656051801852559 0.10320359105022786 -1.3614858822538805 -0.44010709875182386 -1.5837280905797282 -0.10254728826919719 -1.2439394448381982 -0.097742960807318299 -0.011927045376447412 0.02867202492956027 -0.20115599986848587 0.12554836562420643 0.027474958087219583 -0.095676090245515974 -0.37305390387934845 0.015699569691760597 -0.062701588062404834 -0.16317161404552666 0.032587962642550726 0.046738164688108381 0.15411576278561762 0.10064018631220376 0.0096764997196795051 -0.014542323651347808 -0.22566072917586344 -0.078759232424716275 0.077926788319724286 -0.098528766514633104 -0.17203417106345456 -0.2811491462660925
leaf_weight=14566 27934 5076 2345 22198 38966 17479 8157 4755 13103 8737 13917 1652 2429 50151 1635 1870 4060 899 1426 4897 14323 4468 340 4451 1391 59603 28885 2602 671 69 1673 706 3672 6762 7054 367 437 116 16364 122 1625 7789 1845 107 9425 5929 777 22 2318 4649 2076 1454 10872 7817 25551 57507 3558 77 1789 11051 1997 1472 46
leaf_count=14566 27934 5076 2345 22198 38966 17479 8157 4755 13103 8737 13917 1652 2429 50151 1635 1870 4060 899 1426 4897 14323 4468 340 4451 1391 59603 28885 2602 671 69 1673 706 3672 6762 7054 367 437 116 16364 122 1625 7789 1845 107 9425 5929 777 22 2318 4649 2076 1454 10872 7817 25551 57507 3558 77 1789 11051 1997 1472 46
internal_value=0.000291217 0.000251093 0.000311168 0.000259076 0.000435457 -8.76876e-05 0.00100249 0.000258735 5.96566e-05 -0.000683543 0.00175183 8.53121e-05 -0.00118166 0.000696997 0.000124323 -0.00134501 -0.00222564 0.000785188 0.000971572 0.00128727 6.31788e-05 0.000193977 0.000626308 0.000291102 -0.00132489 -0.000171749 -0.000685816 -0.00227413 -0.00484487 -0.0111253 -0.000383206 -0.000320435 0.000592955 -0.000155078 -0.000738587 0.00101774 0.00159683 0.00041841 -0.00089319 -0.00962799 0.00216253 -0.000524862 -0.00102542 0.00035823 0.000382535 0.000283019 -0.00348416 -0.000765639 -0.000727358 -0.00151333 -0.00222677 0.00282711 -4.44693e-07 0.000419351 0.000330463 1.4592e-05 0.000761073 0.00121768 -0.0018328 6.85918e-05 0.000608523 -0.00133201 -0.00178999
internal_weight=560081 545515 512569 494682 327897 166785 77911 249986 171901 32946 17887 144587 23869 78085 167146 7565 5695 69754 61066 45317 15749 159581 9077 146478 5842 95983 36380 5822 2514 862 30558 3308 48604 17604 13932 31000 19761 7170 21440 793 15542 8688 2282 140636 139752 130327 884 14994 14972 9043 6725 6351 11239 115333 107516 62021 45495 27417 1866 18078 13048 5030 4514
internal_count=560081 545515 512569 494682 327897 166785 77911 249986 171901 32946 17887 144587 23869 78085 167146 7565 5695 69754 61066 45317 15749 159581 9077 146478 5842 95983 36380 5822 2514 862 30558 3308 48604 17604 13932 31000 19761 7170 21440 793 15542 8688 2282 140636 139752 130327 884 14994 14972 9043 6725 6351 11239 115333 107516 62021 45495 27417 1866 18078 13048 5030 4514
is_linear=0
shrinkage=0.05


Tree=94
num_leaves=64
num_cat=0
split_feature=0 9 23 41 38 17 1 25 38 41 23 1 0 13 16 13 12 38 5 8 14 35 38 23 28 31 44 26 37 23 13 32 5 8 37 17 9 21 0 38 31 0 45 26 2 21 37 6 5 32 16 21 27 13 8 33 5 23 3 1 40 33 13
split_gain=12.4844 13.9599 14.1583 12.0308 10.991 10.1275 9.75364 9.30863 8.95652 10.0519 10.0114 8.44391 8.55668 7.93775 7.76857 11.2852 9.14328 8.30317 7.68155 7.5244 7.48491 14.5369 9.4487 11.0048 7.48069 6.83677 6.69853 7.81012 7.85283 7.50135 6.39721 7.79039 7.24938 6.56175 6.15246 6.29884 5.83579 5.80822 5.79236 5.45496 6.1748 5.43339 5.39844 5.36428 5.30744 5.25967 10.2124 5.95039 6.88985 5.1964 5.12246 5.22919 5.78997 5.11905 7.02456 7.08587 5.04592 5.58434 5.0251 6.27239 5.01445 5.87614 5.00803
threshold=106.12500000000001 24.850000000000005 23.350000000000005 2559.2500000000005 25.150000000000002 15.548598987075023 96.425000000000026 969.75000000000011 32.95000000000001 10151.000000000002 32.95000000000001 18.950000000000003 23.950000000000003 4.5000000000000009 22.111662119743372 1.0000000180025095e-35 0.78656609248549303 23.750000000000004 445.25000000000006 -17.994999999999994 4.5000000000000009 -0.47714059151611382 38.650000000000013 35.050000000000004 43.240000000000009 8.966696985087113 -1049.7499999999998 20054.500000000004 16.500000000000004 24.550000000000004 5.5000000000000009 -10.531628104238447 53.050000000000004 6.8000000000000034 40.500000000000007 -12.976276936633896 95.250000000000014 141.87500000000003 203.25000000000003 41.650000000000013 3.9431482407521488 16.950000000000003 1.5000000000000002 34903.500000000007 63.050000000000004 101.87500000000001 53.500000000000007 49.008333333333333 44.025000000000006 4.8072054006186562 -0.7779223291648858 52.500000000000007 93.250000000000014 1.5000000000000002 -6.6999999999999966 16.050000000000004 33.050000000000004 23.450000000000003 1.0000000180025095e-35 91.02500000000002 976.95000000000016 12.550000000000002 4.5000000000000009
decision_type=2 10 2 2 2 2 8 2 2 2 2 10 2 2 2 2 2 2 8 10 2 2 2 2 2 2 2 2 2 2 2 2 8 10 2 2 8 2 2 2 2 2 2 2 10 2 2 8 10 2 2 2 10 2 8 2 8 2 10 8 2 2 2
left_child=1 41 3 13 18 7 36 -6 10 -10 11 12 -9 14 15 -3 17 19 60 -17 39 22 23 -22 -7 -26 27 34 -29 -30 33 32 -32 -23 -13 -36 -2 -37 43 40 -11 -1 -39 -8 -42 46 -5 48 -48 -41 51 -28 -53 54 -25 -56 57 -43 59 -20 61 62 -4
right_child=6 2 4 45 5 24 38 8 9 20 -12 26 -14 -15 -16 16 -18 -19 58 -21 21 30 -24 53 25 -27 50 28 29 -31 31 -33 -34 -35 35 37 -38 42 -40 49 44 56 -44 -45 -46 -47 47 -49 -50 -51 -52 52 -54 -55 55 -57 -58 -59 -60 -61 -62 -63 -64
leaf_value=0.10624857685356587 -11.643597605235144 0.38085300035008063 -0.17405000767107415 0.19616323716426265 -0.077432287975480504 0.22287686242734403 0.067702579710736413 0.001115472337991109 0.14984574707077339 0.21554659459182399 -0.065940586301488149 0.25662843733358587 -0.1146613579446107 0.34382811867801166 0.71317254837965083 -0.013836703252369168 0.22663550114440514 0.41950765030604531 -0.75153444140213177 -0.29096138879864702 -0.071944377962059325 0.082135394442090295 0.19561652529895443 -0.72362148349553279 0.17530687798664732 -1.7593864000996355 -0.11604128752747683 -0.28319191316717396 -0.27814677668293902 0.0037810950090505502 -0.22970129132810199 0.013891260811808248 0.18944741187799127 -0.04124441309224755 -0.29501608490452963 -0.13008211400881506 -0.25515582635834694 0.087291412050233275 -0.18155943541721201 -0.074789029242527685 -0.037782954375082771 -0.26369279918279093 -0.11206230190810346 -0.83346718315871748 0.10137128128569235 0.054910297179293605 -0.068805505741492162 -0.1638536908672216 -0.46945157346526722 -0.46443585183567598 0.04472108152892082 0.0075267252214953305 -0.19792718661055742 -0.21846726545551248 -0.13376953972778891 -0.4557884075606376 0.12329889679128035 0.0076763249077103322 -0.17541606033553594 0.024665789983826073 -0.020129836108868929 -0.072428660031783457 -0.46547409891209957
leaf_weight=16403 463 4226 392 1960 10614 7625 53860 26766 25962 7944 19281 7697 12240 11727 2786 3493 3579 1189 336 3478 2750 19117 1199 202 71 61 6278 615 235 5752 1580 3088 367 7785 463 2237 12950 38389 34759 62 4122 509 2424 601 5782 12658 471 3050 563 33 44376 58436 3187 1025 306 99 33198 10799 1136 123 14004 2842 356
leaf_count=16403 463 4226 392 1960 10614 7625 53860 26766 25962 7944 19281 7697 12240 11727 2786 3493 3579 1189 336 3478 2750 19117 1199 202 71 61 6278 615 235 5752 1580 3088 367 7785 463 2237 12950 38389 34759 62 4122 509 2424 601 5782 12658 471 3050 563 33 44376 58436 3187 1025 306 99 33198 10799 1136 123 14004 2842 356
internal_value=0.000284164 0.00039598 0.000287727 0.00108174 0.000175309 0.000243319 -0.00021421 0.000200101 0.000249985 0.000700232 8.94579e-05 0.000189986 -0.000473517 0.00169434 0.00105621 0.000631068 -0.000166539 -0.00109069 -0.000987805 -0.00174939 0.000320135 -8.15607e-05 -0.00243594 -0.00351209 0.00202849 -0.00977273 0.000342145 0.000779423 -0.000839139 -0.000286454 0.000329868 -0.00130586 -0.00378274 0.000636012 0.000988088 0.00075759 -0.00147133 0.000819977 -2.52184e-05 0.00116006 0.00122367 0.00110074 0.000955946 0.000296634 0.000390751 8.34137e-05 -0.00113005 -0.00255387 -0.00583172 -0.0107895 0.000116988 -0.000156036 -1.59841e-05 -0.00676471 -0.0104036 -0.00660494 0.000814048 -9.81604e-05 -0.00431034 -0.00872549 -0.000686598 -0.00235376 -0.00629679
internal_weight=560081 457448 396539 49180 347359 328170 102633 320413 309799 81423 228376 209095 39006 30478 18751 15965 11739 8160 19189 6971 55461 37518 5581 4382 7757 132 170089 57812 6602 5987 31937 5035 1947 26902 51210 43513 13413 43050 89220 17943 17848 60909 40813 54461 9904 18702 6044 4084 1034 95 112277 67901 61623 1632 607 405 44506 11308 1595 459 17594 3590 748
internal_count=560081 457448 396539 49180 347359 328170 102633 320413 309799 81423 228376 209095 39006 30478 18751 15965 11739 8160 19189 6971 55461 37518 5581 4382 7757 132 170089 57812 6602 5987 31937 5035 1947 26902 51210 43513 13413 43050 89220 17943 17848 60909 40813 54461 9904 18702 6044 4084 1034 95 112277 67901 61623 1632 607 405 44506 11308 1595 459 17594 3590 748
is_linear=0
shrinkage=0.05


Tree=95
num_leaves=64
num_cat=0
split_feature=8 42 27 30 28 26 0 41 39 11 16 10 36 22 24 31 16 15 43 10 0 10 32 25 16 5 12 26 25 38 2 29 3 18 34 38 34 43 0 38 3 1 19 13 22 43 21 8 22 36 16 9 38 32 3 27 0 32 17 32 22 36 0
split_gain=12.2816 10.4085 8.11528 6.92073 6.82102 9.61265 6.67155 6.58893 6.42821 6.24758 6.24034 6.08266 5.99411 5.88002 5.87563 6.47359 5.72683 7.27356 6.31798 5.5335 5.51104 6.37089 5.36168 6.44537 7.20348 6.69761 6.17718 8.91525 6.54021 5.48253 5.56281 5.55162 5.45393 5.31715 5.28488 6.0405 7.13691 5.16845 5.58015 5.1142 5.0203 5.01582 4.93154 4.8982 6.93456 5.82919 6.86111 5.64567 4.76861 6.14393 4.76992 4.76389 4.65852 4.82404 5.15776 4.64986 4.63016 4.5982 5.38138 4.75301 4.8401 4.54722 5.41427
threshold=0.8000000000000026 -12.049999999999995 18.550000000000004 6.5000000000000009 1.7850000000000004 2043.5000000000002 326.25000000000006 12709.250000000002 0.75000000000000011 -0.9159756150367534 17.949968421866782 72.125000000000014 1347.5000000000002 36.500000000000007 1.0000000180025095e-35 -9.9632079501413582 -14.627077679914473 1.0000000180025095e-35 191.25000000000003 2.7250000000000005 165.25000000000003 10.625000000000002 -7.8902577641254714 975.6500000000002 -0.7779223291648858 314.25000000000006 -0.9159756150367534 6365.7500000000009 987.85000000000002 31.250000000000004 27.050000000000004 101.78614787162805 106.12500000000001 15.250000000000002 -0.99809679250719896 29.650000000000002 0.97625883275952063 -782.49999999999989 37.525000000000006 28.150000000000002 30.450000000000003 29.425000000000001 0.81408451933196979 3.5000000000000004 88.500000000000014 -322.49999999999994 3767.5000000000005 11.500000000000007 23.500000000000004 1052.5000000000002 -3.1376602146888843 140.25000000000003 31.150000000000002 7.3696087036987468 43.550000000000004 217.25000000000003 183.75000000000003 7.1601275673456763 -16.546436876376621 7.3696087036987468 68.500000000000014 47.500000000000007 685.00000000000011
decision_type=10 2 8 2 2 2 2 2 2 2 2 10 2 2 2 2 2 2 2 10 2 8 2 2 2 10 2 2 2 2 8 2 10 2 2 2 2 2 2 2 8 10 2 2 2 2 2 10 2 2 2 8 2 2 8 10 2 2 2 2 2 2 2
left_child=1 -1 3 42 7 -6 8 13 16 11 12 39 -9 20 19 -16 -7 37 41 -11 -4 -22 51 25 26 32 27 28 34 31 48 -28 -24 -29 -25 36 -36 38 -18 -2 -14 -19 -3 44 45 -26 -47 -48 50 -50 -31 -21 -40 54 -54 -32 -45 -42 -59 -60 -61 -53 -63
right_child=9 2 4 -5 5 6 -8 10 -10 14 -12 -13 40 -15 15 -17 17 18 -20 22 21 -23 23 24 43 -27 29 33 -30 30 55 -33 -34 -35 35 -37 -38 -39 52 -41 57 -43 -44 56 -46 46 47 -49 49 -51 -52 61 53 -55 -56 -57 -58 58 59 60 -62 62 -64
leaf_value=0.14593424909312488 -0.1404784287751247 0.087115460280631468 0.15401315578310915 0.27466070171108298 -0.030944250749260483 0.46316376325004732 -4.7023862977519473 -0.052250786594278988 -0.3366422645728922 0.085898242978817999 -0.10823085514278646 -0.28706898446533669 0.12707077911445119 0.019122717431380387 0.028481207947480259 -0.070247548863487094 0.09068382760040955 -0.34564980560732561 0.12151278115638436 0.025229890428739705 -3.3209635169166631 -0.52763804507353995 -0.019097783592740687 -0.79237002781276045 -0.079742418764584821 -0.28919506363371572 0.010055326946081425 0.021206150321758002 -0.056187574997343281 -0.69522434546105005 0.20523979514149915 -0.25734391187631994 -0.28769021843606141 -0.24407301301307915 -0.33499089159964235 -0.33105511844474117 -1.0700165298934015 0.13794258489131925 -0.32403219041539866 -0.00052144704316376192 0.030026326993166787 -0.19426458414039638 0.0082891013576953838 0.17068195208200032 -0.3134223798221259 0.092585954834489878 -0.59434256179681266 0.08785587211591743 0.12717253778526844 -0.19907664628077867 0.061126933555630786 0.20441140885095366 -0.27176863650180894 -0.4734583353495973 0.15955148568155128 -3.8132032981390496 -0.14909652692300832 -0.82082027026860871 -0.57625739947906296 -0.050094911905030293 -0.38255017190807189 -0.099797160877253155 -6.4450796497638683
leaf_weight=23125 5438 18851 15563 4013 12603 4214 20 20125 237 18966 2728 3023 2837 156912 9107 15471 891 164 563 11348 24 714 29355 30 3753 26 34410 4348 486 55 6350 1940 704 963 165 599 59 21883 275 16445 12290 652 12504 23725 1993 26365 41 26 613 251 37 3470 104 217 850 49 3295 36 122 1649 28 22810 171
leaf_count=23125 5438 18851 15563 4013 12603 4214 20 20125 237 18966 2728 3023 2837 156912 9107 15471 891 164 563 11348 24 714 29355 30 3753 26 34410 4348 486 55 6350 1940 704 963 165 599 59 21883 275 16445 12290 652 12504 23725 1993 26365 41 26 613 251 37 3470 104 217 850 49 3295 36 122 1649 28 22810 171
internal_value=0.000277826 0.000484955 0.000403839 0.00111372 0.00030565 0.000882643 0.00136847 0.000190069 0.00138769 1.31566e-05 -0.000389928 -0.000737573 -0.000220158 0.000323388 9.77688e-05 -0.000631052 0.00145289 0.00117173 -0.00236041 0.000188974 0.00122723 -0.00299458 0.000102205 0.000245206 0.00042322 -0.000403025 -1.63835e-05 -0.00143609 -0.00508215 0.000199634 0.0014446 -5.22694e-05 -0.000381084 -0.000516852 -0.00771981 -0.00696841 -0.0139732 0.00137283 -0.000862216 -0.000447151 0.000472232 -0.00517157 0.000863499 0.000797155 0.000380384 0.000568991 0.000830811 -0.0151493 -0.00211297 -0.000960648 -0.0129348 -0.000426069 -0.00278008 -0.00140478 0.000125786 0.00197609 0.00129349 8.67258e-05 -0.00224796 -0.00186492 -0.00117174 -0.000793732 -0.00104847
internal_weight=560081 314194 291069 35368 255701 42673 30070 213028 30050 245887 39815 24906 37087 173213 220981 24578 29813 25599 1379 196403 16301 738 177437 139638 109553 30085 50355 6650 1339 43705 7355 36350 30059 5311 853 823 224 24220 2337 21883 16962 816 31355 59198 32178 30185 26432 67 956 864 92 37799 1446 1171 954 6399 27020 14125 1835 1799 1677 26451 22981
internal_count=560081 314194 291069 35368 255701 42673 30070 213028 30050 245887 39815 24906 37087 173213 220981 24578 29813 25599 1379 196403 16301 738 177437 139638 109553 30085 50355 6650 1339 43705 7355 36350 30059 5311 853 823 224 24220 2337 21883 16962 816 31355 59198 32178 30185 26432 67 956 864 92 37799 1446 1171 954 6399 27020 14125 1835 1799 1677 26451 22981
is_linear=0
shrinkage=0.05


Tree=96
num_leaves=64
num_cat=0
split_feature=45 44 12 11 10 38 37 36 38 38 14 31 32 17 9 22 13 37 20 17 23 31 0 13 7 14 25 5 6 30 37 23 16 26 28 8 29 25 17 38 32 38 21 28 3 2 22 23 25 0 14 31 44 0 25 39 31 13 7 14 17 31 8
split_gain=11.5857 13.1507 16.4189 15.7517 12.5062 10.6585 10.237 11.0413 13.2967 9.74168 13.6552 15.3759 9.99925 9.52062 8.53455 8.66496 12.115 10.4771 9.97458 10.7019 8.87852 9.5593 8.42261 8.42101 8.61376 8.4076 14.287 12.6836 9.72769 8.51277 12.582 8.122 8.03843 7.99504 7.88941 7.73085 7.66141 7.60634 7.51047 7.31378 7.27635 11.9322 8.27594 7.31965 7.21982 7.21861 7.69302 9.62313 6.99573 9.05615 6.93004 10.9276 6.80761 6.74644 6.70546 6.30745 6.30301 6.27861 6.64202 6.21475 6.10365 7.98363 6.0728
threshold=1.5000000000000002 -544.24999999999989 0.60355339059327384 0.37940952255126054 20.925000000000004 38.550000000000004 81.500000000000014 97.500000000000014 25.050000000000004 32.350000000000001 8.5000000000000018 4.0940511894394449 14.379737235786809 2.7038121605453767 170.25000000000003 60.500000000000007 4.5000000000000009 38.500000000000007 -0.37460659341591213 7.1662248452049591 28.550000000000004 5.6284401684998153 29.450000000000003 4.5000000000000009 404.23958333333343 3.5000000000000004 984.1500000000002 29.650000000000002 46.666666666666679 116.50000000000001 33.500000000000007 25.850000000000005 8.638313032088659 9722.0000000000018 5.1650000000000009 -14.499999999999993 39.241813695259147 985.6500000000002 0.21165307612354731 29.150000000000002 7.5824285265032456 27.150000000000002 557.50000000000011 2.0150000000000001 62.050000000000004 97.825000000000003 45.500000000000007 23.350000000000005 995.25000000000011 24.950000000000003 4.5000000000000009 -7.1770951574485897 -2560.2499999999995 207.75000000000003 990.1500000000002 0.15000000000000005 -2.4704170073139831 3.5000000000000004 282.59375000000006 5.5000000000000009 15.105532954375049 9.297507584988379 168.10000000000002
decision_type=2 2 2 2 8 2 2 2 2 2 2 2 2 2 10 2 2 2 2 2 2 2 2 2 10 2 2 10 8 2 2 2 2 2 2 10 2 2 2 2 2 2 2 2 10 10 2 2 2 2 2 2 2 2 2 2 2 2 8 2 2 2 10
left_child=1 2 3 5 48 22 36 -8 31 10 14 53 13 -11 15 16 59 -17 -19 20 39 32 -1 25 -25 26 45 28 44 -27 -31 -9 -22 54 -16 -34 37 -5 -26 -20 43 42 56 52 -28 46 -24 -48 49 -2 -18 -52 -10 -12 -4 -55 -42 -29 -59 -3 -36 -62 -6
right_child=4 9 33 6 62 -7 7 8 40 12 11 -13 -14 -15 34 17 50 18 19 -21 21 -23 23 24 38 29 27 57 -30 30 -32 -33 35 -35 60 -37 -38 -39 -40 -41 41 -43 -44 -45 -46 -47 47 -49 -50 -51 51 -53 -54 55 -56 -57 -58 58 -60 -61 61 -63 -64
leaf_value=0.02252527794536735 -0.022743176905703225 -0.020716795230188677 0.093093518828805066 0.050622229408675279 0.040616557225474546 0.15074221979509911 0.17866620748170006 -0.1215626146909433 0.1879005887710998 0.026170232139704559 0.2493678920019054 -0.014478356328382087 -0.24252496011571614 0.15642821526700412 -0.13153971692917496 -0.26458315164184248 0.28924997237773659 0.027302729089954705 -0.03124807961763967 -0.35840947858993633 -0.098462395841050265 0.078933457842001439 -0.34337897589085004 0.052759178870923899 1.5585225682842474 -0.019327951616434098 -0.43403894492231088 0.07922307432095882 -0.20219336789044895 -0.010064525401065713 -0.39722267403853107 -0.28571540442693105 -0.64855551839153125 0.31892412122709607 0.11561797588106 -0.24315139514818937 0.5766527014603724 0.34226641618809561 -6.5337947035582893 0.16592722601895515 -0.050507144196526389 0.078008677972097998 -0.28956644543359283 -0.24545820050182929 -0.21957508030148937 -0.10016114981792226 -0.50077530389469072 -0.85495976034166343 0.036048532546379443 -0.36056862892845482 0.17758429567901901 -0.32663346178044733 -0.041206460758800259 0.1852740510048991 0.60396093584635313 -4.2417569326652762 -0.42652834946361384 -0.14477176003468917 -3.1390567843382406 0.21434707126687791 -0.11310823349176778 -2.0849165998811445 -3.2542711074547714
leaf_weight=33930 4379 19742 47533 21890 18841 7908 7194 1746 5222 44863 19330 29181 1212 16963 44100 1236 7502 42314 34277 308 13415 3024 1330 15253 23 28632 393 5687 2372 848 642 1016 133 7810 9299 498 6713 10981 33 3442 899 1011 332 301 211 777 205 181 3441 7387 2513 717 3669 8858 3057 45 236 1561 91 2794 235 104 241
leaf_count=33930 4379 19742 47533 21890 18841 7908 7194 1746 5222 44863 19330 29181 1212 16963 44100 1236 7502 42314 34277 308 13415 3024 1330 15253 23 28632 393 5687 2372 848 642 1016 133 7810 9299 498 6713 10981 33 3442 899 1011 332 301 211 777 205 181 3441 7387 2513 717 3669 8858 3057 45 236 1561 91 2794 235 104 241
internal_value=0.000269167 0.00032724 0.000622408 0.000362305 -0.000621336 -2.41312e-05 0.000994119 0.000119301 -0.000678353 0.000115402 -2.82431e-05 0.000645662 0.000669279 0.000757448 -0.000236651 -2.0278e-05 0.000677528 -0.000255608 -0.000197565 -0.00064096 -0.000588713 -0.00153486 -0.000175276 -0.000540102 0.000466719 -0.000899138 -0.0019722 -0.00115124 -0.00390457 -0.000442865 -0.00412752 -0.00379797 -0.00208387 0.00134075 -0.000767799 -0.00759905 0.00147206 0.00115771 -0.0191071 -0.000160529 5.9983e-05 -0.00234463 -0.00522495 0.000708225 -0.00956954 -0.00536903 -0.00717949 -0.0133938 -0.001691 -0.00227095 0.00206019 0.000123839 0.000967833 0.00147753 0.00111089 0.00033865 -0.00319383 -3.47457e-05 -0.00274818 1.90808e-05 0.000528118 -0.00606195 0.000231108
internal_weight=560081 525792 219687 161287 34289 100077 61210 21626 14432 306105 243067 57414 63038 61826 185653 131915 33268 98647 97411 55097 54789 17070 92169 58239 15309 42930 12808 10315 2976 30122 1490 2762 14046 58400 53738 631 39584 32871 56 37719 11670 2478 1467 9192 604 2493 1716 386 15207 11766 10732 3230 8891 28233 50590 8903 1135 7339 1652 22536 9638 339 19082
internal_count=560081 525792 219687 161287 34289 100077 61210 21626 14432 306105 243067 57414 63038 61826 185653 131915 33268 98647 97411 55097 54789 17070 92169 58239 15309 42930 12808 10315 2976 30122 1490 2762 14046 58400 53738 631 39584 32871 56 37719 11670 2478 1467 9192 604 2493 1716 386 15207 11766 10732 3230 8891 28233 50590 8903 1135 7339 1652 22536 9638 339 19082
is_linear=0
shrinkage=0.05


Tree=97
num_leaves=64
num_cat=0
split_feature=0 28 21 23 33 38 12 21 16 37 28 28 31 8 36 38 17 28 23 22 12 29 35 32 25 10 43 5 0 16 44 23 4 30 7 36 41 35 34 26 33 21 8 10 1 26 22 28 32 37 22 25 3 21 0 4 38 28 14 10 5 35 40
split_gain=10.9567 9.9337 9.49078 12.3499 12.7459 9.57808 9.83926 14.1938 10.4505 9.35515 9.82386 9.28842 10.2159 7.95116 9.11955 8.16876 8.46447 7.8256 7.74345 18.8415 8.01555 7.90049 7.58857 7.48374 7.37098 9.29517 7.09969 8.15042 7.61212 7.4023 7.08333 7.01455 6.59282 6.48563 6.64628 7.68777 7.18587 7.30873 6.3263 6.29909 6.24806 7.12258 6.178 6.62508 6.0122 6.00789 8.59968 8.08587 5.95139 5.844 10.7271 5.90637 5.83444 5.78707 5.71746 5.71698 5.70073 5.77727 5.5802 6.81509 6.15269 5.51828 6.49137
threshold=9.0050000000000008 0.92500000000000016 61.250000000000007 26.250000000000004 21.650000000000002 31.550000000000004 0.25881904510252057 131.25000000000003 -2.1994674975845165 34.500000000000007 1.7650000000000003 1.5750000000000004 -5.958443109874568 29.815000000000005 67.500000000000014 27.050000000000004 15.105532954375049 1.6650000000000003 25.850000000000005 92.500000000000014 0.25881904510252057 15.08562788275059 -0.39873388578253688 1.9751831202958376 982.75000000000011 59.725000000000009 -622.49999999999989 34.025000000000006 75.02500000000002 -4.5263768713432713 -2198.7499999999995 33.45000000000001 45.525000000000006 1085.5000000000002 117.715625 457.50000000000006 9673.5000000000018 0.39873388578253682 0.31729257441605213 39060.500000000007 10.750000000000002 382.50000000000006 -18.984999999999996 26.625000000000004 12.050000000000002 20975.750000000004 15.500000000000002 0.76000000000000012 -8.1280213390985097 84.500000000000014 88.500000000000014 978.6500000000002 26.050000000000004 107.50000000000001 13.050000000000002 152.25000000000003 28.150000000000002 2.7650000000000001 7.5000000000000009 72.925000000000026 77.125000000000014 -0.54463903501502697 991.95000000000016
decision_type=2 2 2 2 2 2 2 2 2 2 2 2 2 10 2 2 2 2 2 2 2 2 2 2 2 10 2 10 2 2 2 2 8 2 8 2 2 2 2 2 2 2 8 10 8 2 2 2 2 2 2 2 10 2 2 8 2 2 2 8 10 2 2
left_child=-1 13 -3 4 39 6 9 8 -8 10 17 12 42 14 30 18 44 -5 26 20 21 32 -23 -13 -22 -26 27 -16 52 49 -2 -24 -20 34 36 -36 -7 -38 -27 -4 41 -21 43 -11 54 -46 -47 -48 -40 53 51 -51 -28 -30 -17 -10 57 -25 59 -32 -61 -31 -63
right_child=1 2 3 5 -6 33 7 -9 55 11 -12 23 -14 -15 15 16 -18 -19 19 40 24 22 31 56 25 38 28 -29 29 61 58 -33 -34 -35 35 -37 37 -39 48 -41 -42 -43 -44 -45 45 46 47 -49 -50 50 -52 -53 -54 -55 -56 -57 -58 -59 -60 60 -62 62 -64
leaf_value=0.10441028079766175 0.17945648916945789 -0.058523722562531182 0.29191104519540872 -0.015689491004554312 -0.05969789331446812 0.24167660742487868 -0.3649574662020641 0.23005699168085481 0.12124815690773277 -0.61719777177395452 0.16803113441392548 -0.21512217006444365 0.22959767555696176 -0.071867833875002424 -0.29748937184362823 0.048004869709938225 0.1879039140702935 -0.29479560426503554 -0.096646362203669733 -0.33287713569027244 0.052346182246711205 -0.66574701474592768 -0.170327993816595 -0.4883041305625444 -0.063441884151629019 -0.25481612587031055 -0.010253510847448709 0.37738234481844529 0.080116085398701395 0.74666078277351455 0.042533799773563398 -1.3074786640615861 0.059215894689376117 -0.077020362680689625 -0.54603760356716746 0.023321016069671657 0.0026236446628284619 0.12115137679741346 -0.68613314342820608 -0.13400581956594956 -0.11263415386593732 0.29197806145139843 -0.075301120073930819 -0.035258571612872561 0.028179354884541472 0.11419709066646187 -0.03446148292152873 -0.29187239266869802 -0.21245264871486841 -1.991561769877098 0.40640251571406205 -1.1289196833736559 0.089790747600853274 -0.34520977608278158 -0.086092990067305836 -0.44212699281928436 0.035577040739662107 -0.11940247450933172 0.20234530304315165 -0.32241707278188159 0.00071932756884344768 -0.12961855011859677 0.26051092941744608
leaf_weight=14566 13527 15141 24952 1948 4684 13212 1820 8689 2777 110 4439 5237 1592 53515 514 3069 5500 731 5695 1236 16832 229 931 225 1194 204 12877 245 3168 2678 17796 20 5246 2051 744 2527 14469 10377 73 585 6106 177 389 68 167319 4079 20144 509 41 21 636 1259 20139 2914 6839 650 2523 870 22960 2678 2838 15653 5844
leaf_count=14566 13527 15141 24952 1948 4684 13212 1820 8689 2777 110 4439 5237 1592 53515 514 3069 5500 731 5695 1236 16832 229 931 225 1194 204 12877 245 3168 2678 17796 20 5246 2051 744 2527 14469 10377 73 585 6106 177 389 68 167319 4079 20144 509 41 21 636 1259 20139 2914 6839 650 2523 870 22960 2678 2838 15653 5844
internal_value=0.000268899 0.000232762 0.000632812 0.000800566 0.00165464 0.000458462 -0.000196769 0.000802239 -0.00125119 -0.000964593 0.00044816 -0.00187761 0.00106299 0.000118965 0.00020111 9.25045e-05 0.000273765 -0.00194289 -0.000269311 -0.000837984 -0.000284753 -0.00128248 -0.00516949 -0.00259458 0.00037451 -0.00296958 5.82279e-05 -0.00474967 0.000114207 -0.000433127 0.000766652 -0.00320189 -0.000863266 0.000942831 0.00107902 -0.00108377 0.00126491 0.000763906 -0.010566 0.00209441 -0.00307953 -0.00607573 -0.00470018 -0.0124157 0.00022106 0.000283024 -0.000444363 -0.000858713 -0.02 -0.00175169 -0.00415971 -0.00679687 0.000647565 -0.000993094 -0.000980016 0.000374964 -0.000845771 -0.00385845 0.000472424 -7.24947e-05 -0.00160805 3.10256e-06 -0.000263525
internal_weight=560081 545515 120810 105669 30221 75448 32068 13936 5247 18132 7118 11014 2159 424705 371190 311391 207459 2679 103932 37984 30465 12121 1180 8855 18344 1512 65948 759 65189 32173 59799 951 10941 43380 41329 3271 38058 24846 318 25537 7519 1413 567 178 201959 192051 24732 20653 114 7998 1916 1280 33016 6082 9908 3427 3618 1095 46272 23312 5516 24175 21497
internal_count=560081 545515 120810 105669 30221 75448 32068 13936 5247 18132 7118 11014 2159 424705 371190 311391 207459 2679 103932 37984 30465 12121 1180 8855 18344 1512 65948 759 65189 32173 59799 951 10941 43380 41329 3271 38058 24846 318 25537 7519 1413 567 178 201959 192051 24732 20653 114 7998 1916 1280 33016 6082 9908 3427 3618 1095 46272 23312 5516 24175 21497
is_linear=0
shrinkage=0.05


Tree=98
num_leaves=64
num_cat=0
split_feature=11 43 12 37 16 14 29 22 37 11 21 37 21 23 22 20 9 38 4 3 35 40 35 8 17 38 23 13 43 35 28 38 6 26 36 31 37 33 9 35 33 16 43 41 35 23 42 42 13 30 3 37 39 35 23 2 8 30 5 37 10 14 15
split_gain=11.3911 12.0701 13.1532 11.5072 9.7979 9.11545 9.3068 9.61611 13.87 14.0936 20.9534 8.64029 13.3222 8.63902 8.56773 7.75939 13.1463 7.40162 7.29489 7.12547 7.36794 7.05771 7.77778 6.87061 7.02107 6.85332 9.39577 9.14406 12.3525 11.5792 6.87859 6.80883 6.67317 6.55335 7.12487 9.39469 8.39687 8.15428 6.44996 6.24446 6.11603 6.01569 5.9898 12.5433 7.1683 5.85399 5.82011 5.74278 5.7052 8.80284 5.59722 5.50509 5.48989 6.29296 7.70116 5.44958 5.43417 5.37163 5.33016 5.27683 5.23575 5.21825 9.63615
threshold=-1.0000000180025095e-35 -29.374999999999996 -0.9159756150367534 96.500000000000014 -9.3292314415745548 5.5000000000000009 0.1935708877265209 53.500000000000007 58.500000000000007 0.78656609248549325 270.62500000000006 88.500000000000014 407.50000000000006 33.95000000000001 75.500000000000014 -0.58068084432175959 135.25000000000003 36.050000000000004 30.025000000000002 23.450000000000003 -0.29237170472273682 1000.9500000000002 0.86159635224327547 15.500000000000004 14.74139153702593 34.750000000000007 33.750000000000007 5.5000000000000009 -427.49999999999994 -0.35019404643548441 5.4650000000000016 19.350000000000005 20.982500000000005 518.25000000000011 67.500000000000014 -2.2706270449808836 93.500000000000014 14.750000000000002 56.350000000000001 -0.97233289553061575 6.6500000000000012 7.9498333677690018 1152.5000000000002 6254.5000000000009 -0.83385407025023273 37.250000000000007 0.20000000000000065 -5.6499999999999986 3.5000000000000004 120.50000000000001 15.550000000000002 63.500000000000007 1.0000000180025095e-35 0.39073112848927366 26.050000000000004 42.550000000000004 -187.42499999999998 37.500000000000007 37.025000000000006 29.500000000000004 49.025000000000006 7.5000000000000009 1.0000000180025095e-35
decision_type=2 2 2 2 2 2 2 2 2 2 2 2 2 2 2 2 10 2 8 10 2 2 2 10 2 2 2 2 2 2 2 2 8 2 2 2 2 2 10 2 2 2 2 2 2 2 2 2 2 2 8 2 2 2 2 8 8 2 10 2 10 2 2
left_child=23 2 4 19 14 11 33 -8 9 39 -11 55 15 60 -2 16 -13 45 -14 20 -3 -5 -23 24 25 26 30 29 41 40 61 -21 -16 58 -35 37 46 -36 -22 -9 -27 -29 56 -44 -45 -6 -37 -38 51 -50 -40 -32 53 -39 -55 -4 -33 -42 -7 -59 -12 -1 -63
right_child=1 3 5 21 17 6 7 8 -10 10 13 12 18 -15 32 -17 -18 -19 -20 31 38 22 -24 -25 -26 27 -28 28 -30 -31 48 42 -34 34 35 36 47 52 50 -41 57 -43 43 44 -46 -47 -48 -49 49 -51 -52 -53 -54 54 -56 -57 -58 59 -60 -61 -62 62 -64
leaf_value=-0.017363916659267224 -0.076122259823522304 0.034667429669509219 0.29718441169079385 -0.11988110235467592 -0.0030858348924756242 -0.32208150397973689 0.23325479166853313 -0.74434293663633333 -0.033501014452962968 -0.18716400953535184 -1.2850082908755249 -0.08603950060065689 -0.60321948700238082 -0.17071350551047965 -0.0075555685050518739 0.2310436438848234 -1.7338287612718291 0.22826108576053006 -0.28460072997008307 -0.062336054449636115 0.010597399509180622 -4.1284518410220699 4.5334791136890766 -0.056310913408039488 0.16651363414153936 0.1410369587981328 -0.085274203544496066 -0.10876767162635088 0.0034609644733181928 0.12280139702555903 0.062732090786313949 -0.32082565297665117 -0.35732525931485348 0.26847890067395314 0.18696845493438621 0.043028608386560245 -0.10841772221396424 -0.042017489639124994 -0.17017320991265875 0.090851119532306346 -0.042270457970420144 -0.38227570904415464 -0.57236506185112679 -0.26294429540726977 0.052473661739891368 -0.252820115335121 -0.12123744680921367 -0.37158611349542814 0.38650334260690777 -0.14691868949206813 -0.070042086391236505 -0.42915441214656752 0.09439625007450593 -0.12744464387929108 -0.36953869612794699 0.23545047827028462 0.065416002710384377 -0.050640237138960334 0.035270177503732528 -0.41873279811073161 -0.19631278440203806 0.045487888155612111 -0.13662508464201736
leaf_weight=86087 3465 16644 12744 4172 13849 298 2579 160 8870 198 134 147 59 32 159 2828 70 3505 468 25420 8439 36 20 48001 4791 2205 14654 632 4061 22850 5301 880 325 8574 12935 10177 482 2753 3472 400 3658 462 122 409 1675 727 2592 476 3778 471 10878 501 2878 187 121 30245 104948 602 286 590 20 57518 4061
leaf_count=86087 3465 16644 12744 4172 13849 298 2579 160 8870 198 134 147 59 32 159 2828 70 3505 468 25420 8439 36 20 48001 4791 2205 14654 632 4061 22850 5301 880 325 8574 12935 10177 482 2753 3472 400 3658 462 122 409 1675 727 2592 476 3778 471 10878 501 2878 187 121 30245 104948 602 286 590 20 57518 4061
internal_value=0.000263632 0.000473691 0.000854754 0.00020961 -0.000251929 0.00109683 0.000655747 -0.000547486 -0.00126146 -0.0070233 -0.014401 0.00160982 -0.000753079 -0.0264516 -0.00250823 0.000517242 -0.00859447 0.000240861 -0.00809298 0.000272635 -0.000317881 -0.00236755 -0.02 2.15778e-05 0.000143765 0.000100058 -2.95581e-05 0.000737308 -0.00120757 0.00107256 8.29652e-05 0.000447121 -0.00873967 0.00101284 0.00108743 0.000750131 -0.000245137 0.00147399 -0.00090197 -0.00196429 -0.000698086 -0.00592322 0.00062036 -0.0019583 -0.00104607 -0.000255214 9.35862e-05 -0.00475992 0.00134862 0.00274064 -0.00154704 0.000329197 -5.97742e-05 -0.00153381 -0.00831169 0.00180616 0.000674113 -0.00169072 -0.00424658 -0.0046057 -0.0313636 -3.18267e-06 0.000348252
internal_weight=560081 299858 122743 177115 22030 100713 54152 12393 9814 944 384 46561 3572 186 3949 3045 217 18081 527 172887 39433 4228 56 260223 212222 207431 172371 35060 5155 29905 157717 133454 484 41759 41175 32601 13727 18874 22789 560 7055 1094 108034 2206 2084 14576 12769 958 10051 4249 14350 5802 5939 3061 308 42989 105828 4850 584 1192 154 147666 61579
internal_count=560081 299858 122743 177115 22030 100713 54152 12393 9814 944 384 46561 3572 186 3949 3045 217 18081 527 172887 39433 4228 56 260223 212222 207431 172371 35060 5155 29905 157717 133454 484 41759 41175 32601 13727 18874 22789 560 7055 1094 108034 2206 2084 14576 12769 958 10051 4249 14350 5802 5939 3061 308 42989 105828 4850 584 1192 154 147666 61579
is_linear=0
shrinkage=0.05


Tree=99
num_leaves=64
num_cat=0
split_feature=45 40 0 9 10 5 18 38 25 25 14 13 13 17 39 1 35 32 16 4 40 17 7 3 16 23 27 21 22 10 10 8 6 9 27 31 17 16 28 17 34 35 0 19 16 26 44 0 37 7 23 7 37 7 38 8 10 0 5 31 27 19 7
split_gain=11.0636 13.2643 12.2162 14.4156 11.3872 10.8577 10.6287 11.0363 10.6122 8.44084 17.302 10.6715 9.23053 8.16869 7.76156 7.60321 8.50109 7.58359 6.94853 6.99899 6.70266 6.37734 6.35607 6.10069 10.1826 6.49817 5.87326 5.8564 5.77667 5.76211 5.74806 5.71436 5.66037 5.64045 5.4079 5.3371 5.18273 5.13611 5.07563 5.02986 4.97669 4.92704 6.21916 5.67176 6.74038 6.0966 4.81239 5.63882 5.05413 4.75353 8.59965 4.75007 4.69099 5.03608 4.67278 4.62101 5.06603 4.5794 4.51146 4.50309 5.45481 4.46085 4.44608
threshold=1.5000000000000002 991.05000000000007 96.325000000000003 50.050000000000004 20.925000000000004 55.025000000000006 24.050000000000004 31.250000000000004 976.45000000000016 984.45000000000016 3.5000000000000004 4.5000000000000009 4.5000000000000009 3.3612811546596135 0.45000000000000007 120.25000000000001 -0.26722820045975981 -9.4501800343278095 5.6020009922233509 201.25000000000003 996.75000000000011 7.7139785112787438 30.542708333333341 34.550000000000004 -15.315064019622167 34.050000000000004 109.25000000000001 1442.5000000000002 99.500000000000014 40.725000000000009 90.825000000000017 168.10000000000002 36.955000000000013 418.25000000000006 2.2850000000000006 -7.4670601189946897 -22.742606252990246 5.9365654816637958 2.8050000000000006 11.511771177443292 0.98624804680367306 -0.52247866957162936 16.950000000000003 0.78257835753184668 -22.675343576018832 14572.000000000002 1380.0000000000005 67.825000000000003 70.500000000000014 481.39836956521748 15.750000000000002 111.71458333333337 52.500000000000007 78.315000000000012 27.150000000000002 -28.949999999999992 63.925000000000011 398.25000000000006 12.65 8.3069956339719244 80.02500000000002 -0.85260769842926909 35.222291666666678
decision_type=2 2 2 10 8 10 2 2 2 2 2 2 2 2 2 10 2 2 2 8 2 2 8 8 2 2 10 2 2 8 8 10 10 10 8 2 2 2 2 2 2 2 2 2 2 2 2 2 2 10 2 10 2 8 2 8 10 2 8 2 8 2 8
left_child=1 2 3 14 20 8 7 9 13 10 11 17 35 30 41 57 -17 62 19 -3 22 -9 -2 24 40 -25 -26 49 -18 -10 -5 -6 55 46 -31 -11 -36 -30 -38 -16 -12 43 -43 -1 -45 -46 47 -24 -48 -21 -51 -29 -15 -54 -47 56 -19 58 -4 60 -34 -32 -7
right_child=4 18 15 5 31 6 -8 21 29 12 23 -13 -14 52 39 16 28 32 -20 27 -22 -23 33 25 26 -27 -28 51 37 34 61 -33 59 -35 36 -37 38 -39 -40 -41 -42 42 -44 44 45 54 48 -49 -50 50 -52 -53 53 -55 -56 -57 -58 -59 -60 -61 -62 -63 -64
leaf_value=0.094524290467827982 -0.030841441459998582 0.23527912838507878 -1.4176390132869658 -0.046397983133056021 0.036128102290187751 -0.50466088295532419 0.30685132499974482 0.089323135548525556 0.030907173915940334 -0.19647585182519728 -0.21042154810155941 0.12096000859901733 0.40217552014192814 0.14767245332005841 -0.05072167066432353 0.25795032069195695 -0.066701375385675332 -0.68166752220102678 0.28697465906552511 -0.10575045626709284 0.076066648272763604 0.44080096669357421 -0.25274598121385378 0.088695005478352795 0.021124679044592597 -0.13855792258506192 -0.38824222360170424 -2.0675922916895617 -0.61129804641467145 -0.5021768408451619 -0.34400575520321747 -3.0851486147178822 -0.54872598578452869 -5.1152249541631027 -0.47566671935470239 0.082531959977226288 -0.030875370563132904 -2.7804573851505725 0.07702875929802834 0.22460747357143515 -0.47270320356307782 0.11639219869181508 0.076546923131773609 0.14723680538604933 -0.01050160882686259 -0.29902470748677618 -0.0052081101398352737 -2.0385421834028845 -0.60174647445154317 -6.115391607740726 -1.2142124629409372 0.99625821107782375 0.002147203952612971 -0.33339089920656639 -0.11979954108518656 -0.12541963987261076 -0.5071554746683099 -4.1041068514444516 -0.13184122628676739 -0.22351457771116046 -0.34577104034630102 -0.11699254751160293 -0.2224754728067076
leaf_weight=12814 4565 4813 195 43407 18841 30 8337 22736 100830 2194 1306 1734 5325 3832 6586 17406 40338 69 14575 4129 2603 4310 3645 22519 7321 1753 493 42 40 44 457 241 496 28 128 7684 31593 32 9569 861 253 18500 41955 1922 9544 149 2256 1251 859 21 69 22 31265 654 1760 62 35 576 35455 452 376 1342 3382
leaf_count=12814 4565 4813 195 43407 18841 30 8337 22736 100830 2194 1306 1734 5325 3832 6586 17406 40338 69 14575 4129 2603 4310 3645 22519 7321 1753 493 42 40 44 457 241 496 28 128 7684 31593 32 9569 861 253 18500 41955 1922 9544 149 2256 1251 859 21 69 22 31265 654 1760 62 35 576 35455 452 376 1342 3382
internal_value=0.000259079 0.000315828 0.000261302 0.000379694 -0.000611129 0.000217015 0.000677749 0.000505877 2.93789e-05 0.000102192 -0.000276681 -0.00261001 0.00110603 -0.000427572 0.000922564 -0.00025244 0.000103432 -0.00380253 0.00147248 0.000388083 -0.00163181 0.00133402 -0.00210885 0.000183534 -0.000899925 0.000601928 -0.000163808 -0.00108219 -0.000294481 0.000289595 -0.00087422 0.000202285 -0.00677852 -0.00295497 -0.000207577 0.000201458 -0.000188908 -0.0144444 -0.00015767 -0.000626427 -0.00458948 0.0010557 0.00130386 0.000482836 -0.000237383 -0.000697197 -0.00287667 -0.00385417 -0.00134029 -0.000854468 -0.0122222 -0.0160937 0.000137199 -6.12486e-05 -0.00327658 -0.0154819 -0.0219231 -0.000820405 -0.000748948 -0.00568731 -0.0077867 -0.00364369 -0.00250293
internal_weight=560081 525792 502121 408079 34289 313988 90867 82530 223121 55484 40281 6636 15203 80957 94091 94042 57816 4902 23671 9096 15207 27046 12604 33645 9373 24272 7814 4283 40410 142164 45206 19082 1490 8039 41334 9878 41290 72 41162 7447 1559 86644 60455 26189 13375 11453 8011 4896 3115 4219 90 64 35751 31919 1909 166 104 36226 35650 1324 872 1799 3412
internal_count=560081 525792 502121 408079 34289 313988 90867 82530 223121 55484 40281 6636 15203 80957 94091 94042 57816 4902 23671 9096 15207 27046 12604 33645 9373 24272 7814 4283 40410 142164 45206 19082 1490 8039 41334 9878 41290 72 41162 7447 1559 86644 60455 26189 13375 11453 8011 4896 3115 4219 90 64 35751 31919 1909 166 104 36226 35650 1324 872 1799 3412
is_linear=0
shrinkage=0.05


Tree=100
num_leaves=64
num_cat=0
split_feature=11 43 12 37 16 14 0 31 13 14 5 36 37 25 38 0 32 36 31 2 8 3 9 30 36 20 43 16 33 40 35 37 32 23 9 12 39 38 22 30 26 0 23 34 22 14 5 22 25 8 22 31 37 33 37 0 5 30 45 6 43 13 30
split_gain=10.681 11.3271 12.0063 9.42115 8.58578 8.11363 9.12311 7.99042 8.77043 19.8487 10.9364 7.02605 8.5883 7.02672 6.97549 6.885 6.74984 10.6235 8.31652 8.72846 8.41221 7.81631 7.23984 6.80849 6.7287 6.61449 7.95004 7.64569 6.60097 6.54207 7.23214 6.52322 6.44379 8.14135 7.20871 6.58011 13.4206 12.3572 11.9416 8.20291 9.08842 7.86114 7.27715 8.53991 10.2674 8.26155 7.15986 9.03137 7.12045 6.95032 6.43687 6.3102 6.65566 6.84588 6.21873 8.10469 6.1779 6.12641 6.07346 6.06994 6.00537 7.20742 16.343
threshold=-1.0000000180025095e-35 -29.374999999999996 -0.9159756150367534 96.500000000000014 -9.3292314415745548 5.5000000000000009 72.725000000000009 -2.4704170073139831 1.5000000000000002 7.5000000000000009 37.025000000000006 71.250000000000014 93.500000000000014 975.45000000000016 36.050000000000004 552.50000000000011 5.3534399721274282 1082.5000000000002 11.107670280670328 16.050000000000004 -20.284999999999997 23.450000000000003 133.25000000000003 6.5000000000000009 547.50000000000011 -0.27563735581699894 116.25000000000001 6.6184580992512503 14.850000000000003 1000.9500000000002 0.86159635224327547 64.500000000000014 15.647594493918083 27.950000000000003 371.25000000000006 0.37940952255126048 1.0000000180025095e-35 28.850000000000005 75.500000000000014 479.50000000000006 8580.2500000000018 37.525000000000006 29.250000000000004 -0.77714596145697057 43.500000000000007 1.5000000000000002 93.02500000000002 33.500000000000007 969.1500000000002 -1.0000000180025095e-35 74.500000000000014 -8.2333703617692553 43.500000000000007 14.15 74.500000000000014 685.00000000000011 54.525000000000006 1.5000000000000002 1.5000000000000002 31.500000000000011 191.25000000000003 1.0000000180025095e-35 11.500000000000002
decision_type=2 2 2 2 2 2 2 2 2 2 8 2 2 2 2 2 2 2 2 10 8 10 10 2 2 2 2 2 2 2 2 2 2 2 10 2 2 2 2 2 2 2 2 2 2 2 10 2 2 10 2 2 2 2 2 2 8 2 2 8 2 2 2
left_child=15 2 4 16 50 6 -4 28 9 10 -9 -10 -13 -14 -6 32 17 21 19 -18 -20 23 -23 -3 54 27 -27 31 57 -5 -31 -24 35 -34 -35 37 39 42 49 40 60 48 43 44 -1 -46 -44 -48 -39 -38 -2 52 53 -28 55 -21 -41 -7 -50 -43 -37 62 -62
right_child=1 3 5 29 14 7 -8 8 11 -11 -12 12 13 -15 -16 -17 18 -19 20 24 -22 22 25 -25 -26 26 51 -29 -30 30 -32 -33 33 34 -36 36 38 41 -40 56 -42 59 46 -45 45 -47 47 -49 58 -51 -52 -53 -54 -55 -56 -57 -58 -59 -60 -61 61 -63 -64
leaf_value=-0.012634617385966019 -0.071515310423481679 -0.044409676638024899 0.25148828164296999 -0.1140006461234284 -0.022193297860970261 0.18554225682813785 0.13036900166579565 -0.30205772301300265 0.17012726085306426 0.01349235684494963 -0.15063088868128444 0.011335375564662027 -0.34382055681917173 0.0082174214576847659 0.21530267277670656 -3.2731285103542476 -0.050764336741007991 0.094797419431812552 -0.57589321670751337 0.25424406524129889 -0.04965479654300526 0.051099286944281924 0.0095374907360441345 -0.22390677860266731 -0.0042772213163814752 0.12336283057325199 -2.1618534283044322 -0.51675158361088591 -0.0074134324430010683 -3.9238356540854755 4.3049987528901132 -0.3178911834460294 0.092975754850968761 -0.15267364916800177 -4.053099010115325 0.06974004870186086 -0.61888146611622852 -0.097654807295190577 -0.056013930652633215 -0.5527030215796892 0.24930869847467024 -0.226349745949181 -0.095000943312498934 0.0038385191815375297 -0.0031569642024725608 -0.31622022179610781 -1.1634378516307959 0.41223388253932358 0.038982737896117628 -0.14945874303898968 -0.23404329774382382 -0.026364757216946089 -0.27933290774841352 -0.26621174872977077 0.052647076665680692 -7.7939297276492674 -0.073992212184482639 -0.033589809373440103 -0.063406194095586607 -0.016431864803857634 -0.18481646778450167 -0.0048609517429580628 -0.57873904568899692
leaf_weight=6597 3420 19369 27849 4172 14576 17002 18712 820 6436 3974 750 14308 550 440 3505 822 5402 17294 633 21989 2301 40832 6128 3341 11388 13416 28 1123 6875 36 20 4891 1460 2594 202 66977 530 2923 4455 199 6687 1974 7852 25759 1951 5343 338 165 58728 483 529 5659 1863 121 17052 57 339 2997 3637 48796 1567 9631 214
leaf_count=6597 3420 19369 27849 4172 14576 17002 18712 820 6436 3974 750 14308 550 440 3505 822 5402 17294 633 21989 2301 40832 6128 3341 11388 13416 28 1123 6875 36 20 4891 1460 2594 202 66977 530 2923 4455 199 6687 1974 7852 25759 1951 5343 338 165 58728 483 529 5659 1863 121 17052 57 339 2997 3637 48796 1567 9631 214
internal_value=0.000253276 0.000456683 0.000825831 0.000200858 -0.000231502 0.00105711 0.0015411 0.000640974 3.81261e-05 -0.00173701 -0.00649681 0.000490936 -9.21687e-05 -0.00459596 0.000229799 1.88878e-05 0.000257885 3.35337e-05 0.000692938 0.000829158 -0.00190184 -0.000170454 7.83815e-05 -0.000981946 0.00103355 -0.00046962 6.56805e-05 -0.00139928 0.00125288 -0.00213103 -0.0191071 -0.000998729 3.33655e-05 -0.00189615 -0.00347639 6.55511e-05 0.000406337 -0.000123641 -0.00199524 0.000559722 0.000598641 0.00015544 -0.000798354 -0.000515763 -0.00151501 -0.00280779 -0.00213944 -0.00792246 0.000518319 -0.00689536 -0.00234363 -0.00121822 -0.00362326 -0.0137919 0.00134508 0.00189966 -0.0055948 0.00171234 0.000631364 -0.000311207 0.000447703 -0.000612513 -0.00353453
internal_weight=560081 299858 122743 177115 22030 100713 46561 54152 27278 5544 1570 21734 15298 990 18081 260223 172887 114065 58822 55888 2934 96771 74061 22710 50486 33229 21087 12142 26874 4228 56 11019 259401 4256 2796 255145 91082 164063 5468 85614 85076 116058 48005 39650 13891 7294 8355 503 65288 1013 3949 7671 2012 149 39098 22046 538 19999 62365 50770 78389 11412 1781
internal_count=560081 299858 122743 177115 22030 100713 46561 54152 27278 5544 1570 21734 15298 990 18081 260223 172887 114065 58822 55888 2934 96771 74061 22710 50486 33229 21087 12142 26874 4228 56 11019 259401 4256 2796 255145 91082 164063 5468 85614 85076 116058 48005 39650 13891 7294 8355 503 65288 1013 3949 7671 2012 149 39098 22046 538 19999 62365 50770 78389 11412 1781
is_linear=0
shrinkage=0.05


Tree=101
num_leaves=64
num_cat=0
split_feature=27 24 21 0 14 12 27 14 41 34 40 37 3 35 1 26 15 7 9 38 37 7 19 2 42 13 17 27 25 13 37 14 25 32 38 13 42 19 13 17 3 1 41 38 14 23 7 38 39 6 13 12 33 23 35 26 8 38 35 25 13 34 13
split_gain=10.0782 9.08542 9.85613 9.01367 9.88159 8.81192 8.57237 13.4109 12.1308 8.49059 8.32 7.92231 8.53095 7.896 7.4583 8.11287 7.39887 14.4644 7.27087 7.08844 7.06524 7.63183 7.03659 6.91757 6.84429 6.58301 6.96492 11.3551 6.55458 6.87044 12.0358 6.33533 7.2882 7.41803 7.0579 11.6159 13.435 10.8341 9.29811 7.12371 6.60048 6.48656 6.21205 6.20278 12.1899 10.7283 6.90605 6.12498 8.44427 6.03416 6.00984 8.11392 10.6703 8.23682 7.01963 6.1045 5.8229 5.74426 8.33432 6.90298 6.28543 7.28884 6.3078
threshold=15.550000000000002 1.0000000180025095e-35 1267.5000000000002 165.25000000000003 9.5000000000000018 0.98296291314453421 60.550000000000004 6.5000000000000009 10304.500000000002 -0.82409480842201666 990.6500000000002 52.500000000000007 19.975000000000005 -0.89490028524376719 176.25000000000003 21491.000000000004 1.0000000180025095e-35 117.715625 24.850000000000005 20.150000000000002 21.500000000000004 130.42663043478265 -0.1564344650402309 58.550000000000004 2.8500000000000001 1.0000000180025095e-35 -13.85784968590367 77.050000000000011 977.05000000000007 5.5000000000000009 71.500000000000014 7.5000000000000009 973.05000000000007 -12.965879111236093 29.250000000000004 1.5000000000000002 -2.6499999999999999 -0.97233289553061575 2.5000000000000004 2.9499284107053141 29.550000000000004 11.350000000000003 18164.500000000004 27.150000000000002 3.5000000000000004 25.850000000000005 156.19895833333337 26.150000000000002 1.0000000180025095e-35 12.945833333333338 1.0000000180025095e-35 -0.78656609248549325 10.050000000000002 28.250000000000004 -0.47714059151611382 10049.000000000002 -61.724999999999994 31.650000000000002 0.49240481012316878 984.05000000000007 4.5000000000000009 0.39873388578253705 3.5000000000000004
decision_type=8 2 2 2 2 2 8 2 2 2 2 2 10 2 8 2 2 8 8 2 2 10 2 8 2 2 2 10 2 2 2 2 2 2 2 2 2 2 2 2 10 8 2 2 2 2 10 2 2 10 2 2 2 2 2 2 8 2 2 2 2 2 2
left_child=-1 3 18 4 5 6 7 8 13 16 25 -10 24 28 15 -5 20 19 -3 -18 -6 -22 -12 -21 -13 -8 27 -27 29 -2 -31 34 -33 -34 35 36 37 -9 -36 47 -40 49 -14 45 -45 -20 50 48 -37 -35 51 52 53 -46 -52 -53 -38 58 -28 -60 61 62 -61
right_child=1 2 -4 14 9 -7 10 31 11 -11 22 12 42 -15 -16 -17 17 -19 43 23 21 -23 -24 -25 -26 26 57 -29 -30 30 -32 32 33 41 38 39 56 -39 40 -41 -42 -43 -44 44 46 -47 -48 -49 -50 -51 54 55 -54 -55 -56 -57 -58 -59 59 60 -62 -63 -64
leaf_value=0.07031114491386399 -0.050829668418287004 0.10682443977236694 -0.17410598351089443 -0.33018307208894609 -0.93021232308198032 0.10899402819121058 0.06763677051673693 -0.67792078528422317 0.024293328756012488 0.3984348656792196 0.17305099933130297 -0.34716045227545794 0.0043768429282433118 0.1371854393186141 -0.0033783606674468777 -5.1349801895303706 -1.1625908448110083 0.23957194385286124 -0.0037862569658780711 -1.7709053586451926 0.30949573900493488 -0.28606145452090431 -0.080511862085298674 -0.59511042597322195 -0.1516033482511632 -0.032965158453158859 -0.0082906011857068161 -0.35781768840057016 0.11797710261800889 0.10992063228760091 -0.59611854050558455 -0.13561692646179863 -0.14411269992326511 0.031843422438891503 0.15289064007120301 -0.28993854630650445 -0.43769634652940148 -0.21888311412661424 0.021386693414938034 0.052823376745163388 -0.10957611463492867 0.03885108439054609 -0.19837549586047154 -0.55953303577622393 0.098578370371626645 -0.14912524967006699 -7.2276215714519099 -0.058623636525286009 0.14434947059745173 -0.21609071160866475 -0.041444551464369817 -0.075336093509410285 -0.047517389591284868 -0.39211502799364939 0.064363086328861119 0.22312935720946522 -0.070176870908289293 0.03092608292496863 -0.18476534552653776 0.075477053689636114 0.20213269742977183 -0.36819173637101105 -0.2285766413006928
leaf_weight=37346 2970 4167 2833 13060 29 16900 19713 116 41969 21539 15126 395 3399 62703 38936 189 67 450 7276 48 3681 2680 4241 231 629 6890 60432 4016 3372 177 223 2099 1766 1151 5486 381 69 1496 5725 5826 4932 51382 471 111 194 5956 55 3987 167 1200 9538 2196 1448 663 17972 1102 4014 30993 11578 5141 3400 1843 1936
leaf_count=37346 2970 4167 2833 13060 29 16900 19713 116 41969 21539 15126 395 3399 62703 38936 189 67 450 7276 48 3681 2680 4241 231 629 6890 60432 4016 3372 177 223 2099 1766 1151 5486 381 69 1496 5725 5826 4932 51382 471 111 194 5956 55 3987 167 1200 9538 2196 1448 663 17972 1102 4014 30993 11578 5141 3400 1843 1936
internal_value=0.000248902 0.00019221 -0.000425053 0.000262604 0.000340124 0.000273928 0.00022312 0.000438248 0.000792637 0.00123499 -4.50972e-05 0.000171031 -0.00173273 0.00121211 -0.000356903 -0.00138161 -0.00025327 -0.00479899 -0.000264612 -0.0124855 0.000312989 0.000425248 0.000928642 -0.00897849 -0.00579102 -0.000174316 -0.000307021 -0.00151476 -0.000413824 -0.00197329 -0.008125 -2.07689e-05 0.00029324 0.00040262 -0.000582471 -0.00132474 -0.00313872 -0.00700372 0.000155795 -0.000327671 -0.00070517 0.000507416 -0.000658915 -0.000443873 -7.97799e-05 -0.00135958 -2.44209e-05 -0.00181367 -0.00677007 -0.00206082 4.98312e-06 -0.0014876 -0.00376356 -0.00818553 0.000308979 0.000103093 -0.00161278 -0.000192806 -0.000406735 -0.00119717 -0.000373376 -0.00107063 -0.000341246
internal_weight=560081 522735 53511 469224 417039 388314 371414 206105 116308 28725 165309 46863 4894 69445 52185 13249 7186 796 50678 346 6390 6361 19367 279 1024 145942 126229 10906 6742 3370 400 89797 57598 55499 32199 16056 5695 1612 16143 10361 10657 53733 3870 46511 33279 13232 33168 4535 548 2351 33113 5603 2305 857 27510 3298 4083 115323 84330 23898 12320 8920 7077
internal_count=560081 522735 53511 469224 417039 388314 371414 206105 116308 28725 165309 46863 4894 69445 52185 13249 7186 796 50678 346 6390 6361 19367 279 1024 145942 126229 10906 6742 3370 400 89797 57598 55499 32199 16056 5695 1612 16143 10361 10657 53733 3870 46511 33279 13232 33168 4535 548 2351 33113 5603 2305 857 27510 3298 4083 115323 84330 23898 12320 8920 7077
is_linear=0
shrinkage=0.05


Tree=102
num_leaves=64
num_cat=0
split_feature=45 40 0 9 5 18 10 38 36 1 1 39 9 1 0 32 30 22 40 0 21 20 8 13 12 34 11 12 41 13 14 1 38 32 44 34 26 37 13 44 18 22 9 17 37 3 2 0 11 5 20 13 21 37 34 38 43 37 32 17 33 27 35
split_gain=10.4291 12.1386 10.5726 12.4966 10.5305 10.4354 9.8678 8.99187 7.35229 7.349 7.15316 7.13613 6.76185 9.51069 6.11154 5.98354 5.81438 5.71648 5.70815 6.01786 5.7172 5.67256 5.64801 5.58333 8.0302 6.8049 8.04995 5.81011 6.60965 6.51376 6.8064 5.86669 5.55568 8.01506 11.9072 11.0611 6.44486 6.03645 6.54561 5.7808 5.98596 5.68186 5.46802 5.44801 6.11489 6.36318 5.39243 5.31998 5.20332 5.12119 5.03821 10.0164 12.2099 6.18464 5.01894 7.90259 7.16747 6.27907 4.98079 9.37908 4.9723 4.84317 4.81905
threshold=1.5000000000000002 991.05000000000007 96.325000000000003 51.95000000000001 52.050000000000004 24.050000000000004 20.925000000000004 31.250000000000004 1022.5000000000001 12.050000000000002 96.425000000000026 0.75000000000000011 228.25000000000003 62.050000000000004 355.25000000000006 -5.1431388589576912 221.50000000000003 37.500000000000007 996.75000000000011 24.950000000000003 52.500000000000007 0.81408451933196957 168.10000000000002 5.5000000000000009 -0.12940952255126037 -0.18222858652173754 0.78656609248549325 0.98296291314453421 2092.7500000000005 1.5000000000000002 7.5000000000000009 42.025000000000006 37.550000000000004 -10.967169850047769 8002.7500000000009 -0.47714059151611382 21491.000000000004 6.5000000000000009 2.5000000000000004 -1424.7499999999998 6.8500000000000005 15.500000000000002 418.25000000000006 -11.463454521150309 28.500000000000004 40.975000000000009 193.25000000000003 27.050000000000004 -0.9159756150367534 16.050000000000004 -0.49240481012316833 1.0000000180025095e-35 312.50000000000006 57.500000000000007 -0.83385407025023295 22.050000000000004 -207.49999999999997 40.500000000000007 7.1601275673456763 4.687222170220025 4.2500000000000009 57.050000000000004 -0.98321746822993583
decision_type=2 2 2 10 10 2 8 2 2 8 8 2 10 10 2 2 2 2 2 2 2 2 10 2 2 2 2 2 2 2 2 10 2 2 2 2 2 2 2 2 2 2 10 2 2 10 8 2 2 8 2 2 2 2 2 2 2 2 2 2 2 10 2
left_child=1 2 3 11 9 7 18 23 16 -5 -4 -1 32 -14 -3 -12 -9 -18 19 -2 -21 -19 -8 27 -25 26 -26 28 -6 30 43 -32 36 34 35 -34 39 38 -35 40 -11 -38 -22 44 45 -30 49 -33 -16 -41 51 -45 -53 -54 55 56 57 -17 -10 -60 61 -48 -50
right_child=6 14 10 4 5 -7 22 8 58 12 15 -13 13 -15 48 54 17 21 -20 20 42 -23 -24 24 25 -27 -28 -29 29 -31 31 47 33 37 -36 -37 41 -39 -40 46 -42 -43 -44 50 -46 -47 60 -49 62 -51 -52 52 53 -55 -56 -57 -58 -59 59 -61 -62 -63 -64
leaf_value=0.06467784161875266 -0.026058530926336917 0.21490354232251863 -0.2015197898274099 -0.075082781754873443 0.057367626018852438 0.27635983408017728 0.034176888055436581 0.24349891421000538 0.065371398985663756 -0.11920628520830392 -0.10798829402763521 -0.037946900137543198 -0.16074338031860141 0.045862619283683688 -2.254624509866348 -2.1903743953925292 0.079887757103204018 -0.14088954293734743 0.067866713760414588 0.067087071746317936 -0.31680931576378013 -0.53210434529041561 -2.9309141930861022 0.42808332202249189 -0.22680391620660029 0.1633803511205498 0.20944164826189243 0.25782328341548472 -0.33664313184323613 -0.089439712117551556 -0.30435541720910947 -0.54567275668030601 -0.25492270682972878 0.097023568144590289 0.079521077306100252 0.027248329165218917 0.067878758065879605 0.18237892577185486 -0.30613334295233635 -0.042904132863223775 0.049414327728265858 -0.052406277164028361 -4.8654111306758834 0.20161211260729028 -0.097646067368203054 -0.78929380544590222 -0.36608683241684159 0.070443986366783298 -6.8827054932442797 0.011263308491380998 0.28077157474854736 0.0014272067249309728 -0.022117906714983159 -0.5042617606718548 0.15303745959099085 0.17035936629913601 -0.48943204218231573 -1.3252980759874653 -0.28658180791925231 0.15963326577963247 -0.084725587389642087 -0.58960415353460904 -0.31157166501306865
leaf_weight=91972 4484 22225 17755 6623 18199 8783 18841 14544 12310 2134 32937 5875 7722 5872 38 43 998 231 2603 1022 7070 87 241 2812 2007 4447 999 2997 26 19972 774 20 692 219 2130 573 3066 8716 159 12746 47760 14768 28 1512 496 96 143 773 28 91848 4278 481 79 228 32727 5520 4845 215 1252 905 5727 28 1380
leaf_count=91972 4484 22225 17755 6623 18199 8783 18841 14544 12310 2134 32937 5875 7722 5872 38 43 998 231 2603 1022 7070 87 241 2812 2007 4447 999 2997 26 19972 774 20 692 219 2130 573 3066 8716 159 12746 47760 14768 28 1512 496 96 143 773 28 91848 4278 481 79 228 32727 5520 4845 215 1252 905 5727 28 1380
internal_value=0.00024542 0.000300518 0.000248357 0.000358497 0.000203106 0.000627656 -0.000599463 0.000468003 0.00117008 3.22407e-06 -0.000229578 0.000851176 5.63625e-05 -0.00102104 0.001407 -1.92036e-05 0.00191362 -0.001269 -0.00154962 -0.00198984 -0.00280172 -0.00710692 0.00015774 0.000114293 0.00117633 0.000317322 -0.00152029 -0.000104043 -0.000240337 -0.000712545 0.000423942 -0.00256222 0.000133161 0.00115261 -0.000920471 -0.00476285 6.17217e-05 0.00192655 -0.00425926 0.000161984 0.000608691 -0.000839968 -0.00330516 0.00107421 -0.00341424 -0.0134426 -3.97312e-05 0.000460278 -0.00174274 4.32149e-05 0.0014959 -0.000391304 -0.00496193 -0.0127524 0.000366782 -0.00057752 -0.00199588 -0.0101163 0.000354946 -0.00186138 -0.00151068 -0.00991228 -0.00125
internal_weight=560081 525792 502121 408079 310232 99306 34289 90523 30327 210926 94042 97847 204303 13594 23671 76287 15860 1316 15207 12604 8120 318 19082 60196 10265 7453 3006 49931 46934 28735 8763 1567 190709 12489 3395 1265 178220 9094 378 160386 49894 17834 7098 7196 618 122 110492 793 1446 104594 6578 2300 788 307 43350 10623 5103 258 14467 2157 5898 171 1408
internal_count=560081 525792 502121 408079 310232 99306 34289 90523 30327 210926 94042 97847 204303 13594 23671 76287 15860 1316 15207 12604 8120 318 19082 60196 10265 7453 3006 49931 46934 28735 8763 1567 190709 12489 3395 1265 178220 9094 378 160386 49894 17834 7098 7196 618 122 110492 793 1446 104594 6578 2300 788 307 43350 10623 5103 258 14467 2157 5898 171 1408
is_linear=0
shrinkage=0.05


Tree=103
num_leaves=64
num_cat=0
split_feature=11 41 44 12 16 27 23 9 43 37 31 44 13 43 44 4 12 3 8 35 43 0 37 13 29 10 25 12 30 3 10 33 13 37 4 14 5 19 39 37 13 33 0 27 37 23 17 5 14 13 19 24 3 40 5 14 10 37 28 25 17 13 29
split_gain=10.0687 11.258 15.8209 7.33693 7.08247 7.39041 8.75764 11.0898 6.97592 6.93949 9.42536 10.9455 8.51556 9.96169 7.40659 7.02249 7.45396 8.09372 6.91012 7.14474 7.00108 6.44172 6.29952 6.27854 6.94683 7.22994 7.93019 7.66232 8.21698 6.95736 6.29893 6.22062 10.4708 14.141 7.66686 7.9232 8.65489 7.06911 6.21242 5.96316 6.20451 5.9385 6.72845 5.83563 6.00268 5.77316 5.75013 5.62451 5.61135 11.7027 7.77434 6.14586 5.59835 6.36451 10.615 8.84587 5.67937 5.57946 10.0348 10.6857 5.57676 5.50317 11.8195
threshold=-0.9159756150367534 2351.0000000000005 -5262.2499999999991 0.98296291314453421 13.23374495235706 20.050000000000004 24.850000000000005 232.25000000000003 -17.499999999999996 60.500000000000007 7.1747174188069698 10171.000000000002 4.5000000000000009 -552.49999999999989 16466.250000000004 231.75000000000003 0.60355339059327384 60.050000000000004 -27.974999999999991 0.087155742747658027 222.50000000000003 88.02500000000002 46.500000000000007 2.5000000000000004 8.2313233325343713 8.0025000000000031 990.1500000000002 0.60355339059327384 5.5000000000000009 45.525000000000006 7.205000000000001 10.450000000000001 1.5000000000000002 81.500000000000014 77.250000000000014 7.5000000000000009 49.550000000000004 0.87032255546191739 0.15000000000000005 87.500000000000014 2.5000000000000004 11.750000000000002 54.025000000000006 113.12500000000001 80.500000000000014 20.750000000000004 20.300336575927556 27.450000000000003 3.5000000000000004 4.5000000000000009 -0.78257835753184624 1.0000000180025095e-35 70.325000000000017 980.45000000000016 54.525000000000006 5.5000000000000009 142.25000000000003 76.500000000000014 2.0150000000000001 981.45000000000016 14.287496019637272 5.5000000000000009 2.5625405677414044
decision_type=2 2 2 2 2 8 2 8 2 2 2 2 2 2 2 8 2 8 8 2 2 2 2 2 2 8 2 2 2 10 10 2 2 2 10 2 10 2 2 2 2 2 2 10 2 2 2 10 2 2 2 2 10 2 10 2 8 2 2 2 2 2 2
left_child=21 2 57 9 5 -4 7 46 -6 10 11 12 13 -3 -12 -15 47 -18 -13 20 22 39 -20 24 45 30 27 29 -29 -27 -26 32 33 -8 35 36 -35 -34 -25 48 -41 42 -14 -39 -45 -9 -7 -17 49 50 51 -1 53 -49 55 -55 -56 -2 -59 -60 -11 -50 -63
right_child=1 3 4 -5 8 6 31 23 -10 60 14 18 41 15 -16 16 17 -19 19 -21 -22 -23 -24 38 25 26 -28 28 -30 -31 -32 -33 37 34 -36 -37 -38 43 -40 40 -42 -43 -44 44 -46 -47 -48 52 61 -51 -52 -53 -54 54 56 -57 -58 58 59 -61 -62 62 -64
leaf_value=0.01581150443902167 0.33347515291847896 -0.085764087873095529 0.11642989560815681 0.11512438653559807 0.19381708832767752 0.17995716051787092 -0.0099817229935868779 -0.26078584763553186 -0.040647878262782322 -0.014745532358157527 -0.025071903005351361 0.40957006149841785 0.15862098496334603 0.095343856852953365 0.056015544819112154 0.22924440208914865 -0.50616757248865185 -0.028020142160004931 -0.15326908972941 0.074061083251921747 -0.08172669039765669 -0.37392706230007278 -0.31166039974157156 0.2124439654057087 -0.0067792561614105854 -1.3276311911100342 0.36572489187091045 -2.2020735133398288 -0.089345102884725247 -0.86269734971009115 -1.2548310437966324 0.029114276507698735 0.034921057402352108 -0.26790140418138325 -1.1208970329620207 -0.040211019709609899 0.023963244636143698 -0.083340934103590836 -3.1423300138511077 0.047081198958497127 -0.19526573514870188 0.38086989623744494 -0.033377595327191811 -0.51854745717165063 -1.5628163019806991 0.28650836672234009 -1.500894771814095 -0.030968198597510543 0.033751556606653452 0.087476249690927391 -0.19233677739100627 -0.44375251887804268 0.14575605894880769 -0.40856628487043045 -0.017157691237148956 -0.97177024710256088 -3.8000130188757497 0.11792349135940926 -0.30717005651039853 0.16657908973519739 0.10558376985500001 0.043027891032295013 -0.24190516320828725
leaf_weight=3351 11893 6242 11342 9663 20388 23816 3965 10169 5469 131395 61726 1201 7239 41289 14360 2022 532 578 1271 2395 3668 10134 665 21060 24 299 567 34 732 245 34 28369 16876 2061 317 1355 560 6382 102 1188 2355 8161 5885 380 68 4149 48 836 37996 4150 5702 76 1919 97 449 130 99 10975 348 312 4792 3934 2242
leaf_count=3351 11893 6242 11342 9663 20388 23816 3965 10169 5469 131395 61726 1201 7239 41289 14360 2022 532 578 1271 2395 3668 10134 665 21060 24 299 567 34 732 245 34 28369 16876 2061 317 1355 560 6382 102 1188 2355 8161 5885 380 68 4149 48 836 37996 4150 5702 76 1919 97 449 130 99 10975 348 312 4792 3934 2242
internal_value=0.000240064 0.000320921 0.000632037 0.000135904 0.000452771 0.000305519 0.000191675 0.00061269 0.00120992 9.1783e-05 0.00031425 0.000677154 0.00087562 0.000542782 -8.96352e-05 0.000787366 -0.000719003 -0.00445946 -0.000951087 -0.00148206 -0.00245896 -0.000315769 -0.00489153 7.55047e-05 -0.00066357 -0.00347545 -0.0029382 -0.00507634 -0.00185379 -0.00961397 -0.0208621 -0.00023594 -0.000714241 -0.00224752 -0.00423597 -0.00363934 -0.00524418 -0.000180123 0.000643134 -0.000121815 -0.00211262 0.00172304 0.00106446 -0.00153734 -0.00705357 -0.000283559 0.00145491 2.88186e-05 9.57524e-07 -0.000900293 -0.00190108 -1.89668e-05 -0.00117564 -0.00334885 -0.0066129 -0.0157048 -0.00284672 0.00184206 0.0010636 -0.00492424 -0.000170831 0.000271892 -0.00111237
internal_weight=560081 488953 182339 306614 158811 132954 121612 61279 25857 296951 160764 84678 75478 54193 76086 47951 6662 1110 9200 7999 5604 71128 1936 37415 16253 1935 1877 1310 766 544 58 60333 31964 8258 4293 3976 2621 23706 21162 60994 3543 21285 13124 6830 448 14318 23864 5552 57451 13279 9129 3427 3530 1611 775 227 548 23528 11635 660 136187 44172 6176
internal_count=560081 488953 182339 306614 158811 132954 121612 61279 25857 296951 160764 84678 75478 54193 76086 47951 6662 1110 9200 7999 5604 71128 1936 37415 16253 1935 1877 1310 766 544 58 60333 31964 8258 4293 3976 2621 23706 21162 60994 3543 21285 13124 6830 448 14318 23864 5552 57451 13279 9129 3427 3530 1611 775 227 548 23528 11635 660 136187 44172 6176
is_linear=0
shrinkage=0.05


Tree=104
num_leaves=64
num_cat=0
split_feature=45 40 27 22 37 10 11 34 41 16 13 3 40 14 14 16 28 31 13 41 37 4 29 0 29 9 16 38 37 25 27 13 32 19 16 37 22 35 16 25 1 41 9 32 33 26 4 21 20 35 3 27 11 10 13 2 0 29 41 22 26 31 40
split_gain=9.68537 10.8671 9.67395 10.2807 10.2771 8.81883 8.06949 12.5982 9.2538 8.1642 9.68464 9.05937 10.7077 8.38893 8.04237 10.8462 8.3716 8.3011 9.57607 8.01447 10.967 7.24845 7.21171 7.14787 6.49484 7.19577 6.45911 6.76676 6.85941 6.74751 6.44852 6.37074 6.3409 6.2683 6.13038 6.04256 6.94355 6.6871 6.92901 5.89985 6.606 5.89718 7.15814 6.93076 7.26479 6.39109 5.87953 6.34278 5.87387 7.78656 5.77827 5.63011 5.59877 5.57986 5.56866 5.50725 5.43304 5.4134 5.30014 5.24679 5.24137 5.20858 5.13041
threshold=1.5000000000000002 991.05000000000007 24.550000000000004 66.500000000000014 38.500000000000007 20.925000000000004 -0.78656609248549292 -0.52991926423320479 1909.2500000000005 15.54139843172827 1.0000000180025095e-35 29.050000000000004 972.35000000000002 11.500000000000002 7.5000000000000009 -7.0084892533583902 4.6450000000000014 9.1145161027211312 4.5000000000000009 7438.0000000000009 88.500000000000014 146.25000000000003 10.577560677587018 168.25000000000003 8.9641825372567965 93.050000000000011 -16.972225873484209 35.750000000000007 6.5000000000000009 987.6500000000002 121.25000000000001 1.0000000180025095e-35 -10.967169850047769 -0.81408451933196946 5.6020009922233509 50.500000000000007 45.500000000000007 -0.39873388578253688 22.739800878496609 968.25000000000011 8.0100000000000016 14320.500000000002 98.450000000000017 -15.160721125556412 4.0500000000000007 5122.5000000000009 215.25000000000003 1427.5000000000002 0.27563735581699933 -0.84335933205092484 7.3750000000000009 105.25000000000001 -0.9159756150367534 37.125000000000007 3.5000000000000004 182.25000000000003 89.02500000000002 19.730758556904149 2351.0000000000005 74.500000000000014 19252.000000000004 1.1941766205066815 996.75000000000011
decision_type=2 2 8 2 2 8 2 2 2 2 2 10 2 2 2 2 2 2 2 2 2 10 2 2 2 10 2 2 2 2 10 2 2 2 2 2 2 2 2 2 8 2 10 2 2 2 8 2 2 2 8 10 2 8 2 10 2 2 2 2 2 2 2
left_child=1 2 24 6 53 62 7 23 9 10 13 22 54 -8 15 19 60 18 -17 20 52 -19 -12 33 39 -26 -10 29 -29 30 41 -21 -30 -4 46 37 -37 38 -9 40 -1 43 -43 -28 45 -45 -3 -48 -24 57 -36 -14 61 -5 -13 -25 -39 -50 -41 -55 -16 -6 -2
right_child=5 34 3 4 14 -7 8 35 26 -11 11 12 51 -15 16 17 -18 21 -20 31 -22 -23 48 55 25 -27 27 28 32 -31 -32 -33 -34 -35 50 36 -38 56 -40 58 -42 42 -44 44 -46 -47 47 -49 49 -51 -52 -53 -54 59 -56 -57 -58 -59 -60 -61 -62 -63 -64
leaf_value=-0.72047733438188732 -0.12838917119951512 0.2038898305474903 0.017049421707438839 -0.068067147082361931 0.023006921027201914 0.018692431516527754 0.40795373162292031 -0.056346464439271562 0.17329761928026197 0.41128309975311117 0.038745371282062638 0.5695121334632991 0.25542884085197565 -4.4261070572718202 0.025325272778383881 -0.16630983113739914 -0.22277042484689658 0.07309883781801528 -0.010078261103478042 0.26912931688427538 -0.071213592135778825 -0.65323463456452568 -0.40838558516496887 -0.37478526688564562 0.23139144367010489 0.037084412222445948 -0.14572115328781696 -0.098202967464338625 -0.033998875246390191 0.1251263327604944 -0.22755019960296929 -0.094850411683105151 0.1177880066991796 -0.10813080701476026 -0.068819653001881073 -0.17714166390903557 0.02034171167544066 0.1580705745007116 -0.5586159116463395 0.087342869817132046 -0.1530789434413517 0.026005887630006233 -0.10165758385356272 -0.36282585069391249 0.046467761160131155 -0.060184476321214042 -0.19995476496582446 -0.93021349157618494 -0.81708551017093201 0.0076418405290073158 0.27583750999767292 -0.014337493303499167 0.12051330733210304 -0.26013039259604753 -0.39603274626429152 -2.2130819020148595 -0.07827910599388288 -0.18532992642903773 0.02182181368355491 -0.82594457415964451 -0.17450816673432407 -0.26299333528689639 0.051734471534109032
leaf_weight=50 12604 5142 7767 881 1665 19082 5962 3798 7102 9094 4242 151 17745 47 74336 24987 1044 9167 11096 663 9174 1899 1056 546 5498 5192 3582 1146 3565 16843 6765 6422 21288 15189 89 3250 11638 15323 39 24994 939 7772 11810 625 49123 1990 3893 61 270 2024 14486 6587 23492 637 610 506 3141 303 57129 287 797 873 2603
leaf_count=50 12604 5142 7767 881 1665 19082 5962 3798 7102 9094 4242 151 17745 47 74336 24987 1044 9167 11096 663 9174 1899 1056 546 5498 5192 3582 1146 3565 16843 6765 6422 21288 15189 89 3250 11638 15323 39 24994 939 7772 11810 625 49123 1990 3893 61 270 2024 14486 6587 23492 637 610 506 3141 303 57129 287 797 873 2603
internal_value=0.000235154 0.000288251 0.000238897 0.000133707 -0.000167244 -0.000579048 0.000342862 -0.00015303 0.000511736 0.0011053 0.000790702 0.000454408 0.000919181 0.00263688 -0.000126347 -0.000447908 0.000251191 -0.000969373 -0.00133678 0.000133486 0.000442279 0.000228628 -0.0010228 -0.0010459 0.000696787 0.00185688 0.000294846 0.00021119 0.00092869 2.18254e-05 -0.000166101 -0.00140085 0.00110309 -0.000861213 0.00133518 0.000423378 -0.000356663 0.000944128 -0.000955173 0.000547575 -0.0032912 -3.25757e-05 -0.000778266 0.000231381 0.000378639 -0.00218929 0.000316623 -0.00113303 -0.00265125 -0.00137274 0.00197084 0.00110184 0.000966193 -0.00391967 -0.00492116 -0.00507605 0.00133882 -0.00651832 0.000593805 -0.0066342 0.000312978 -0.00126478 -0.00147728
internal_weight=560081 525792 502121 408319 167420 34289 240899 61197 179702 48091 38997 32988 25093 6009 165615 89438 76177 47149 36083 42289 35204 11066 7895 24008 93802 10690 131611 124509 25999 98510 81667 7085 24853 22956 23671 37189 14888 22301 3837 83112 989 74902 19582 55320 51738 2615 9096 3954 3653 2597 14575 24332 26030 1805 761 1052 18464 573 82123 924 75133 2538 15207
internal_count=560081 525792 502121 408319 167420 34289 240899 61197 179702 48091 38997 32988 25093 6009 165615 89438 76177 47149 36083 42289 35204 11066 7895 24008 93802 10690 131611 124509 25999 98510 81667 7085 24853 22956 23671 37189 14888 22301 3837 83112 989 74902 19582 55320 51738 2615 9096 3954 3653 2597 14575 24332 26030 1805 761 1052 18464 573 82123 924 75133 2538 15207
is_linear=0
shrinkage=0.05


Tree=105
num_leaves=64
num_cat=0
split_feature=8 18 1 43 0 35 17 27 29 17 7 25 35 18 25 34 3 38 0 1 27 31 24 22 13 36 27 1 3 8 18 5 11 8 34 29 31 0 41 29 36 29 31 5 1 29 10 8 16 43 22 14 14 13 16 10 43 12 0 37 7 19 38
split_gain=9.66688 8.55655 7.23906 7.13617 6.41291 6.55043 8.02123 6.28671 11.3252 7.0448 7.92405 7.38976 10.5049 6.3585 6.09327 5.8788 5.72921 5.64017 5.55801 5.49247 6.63744 5.47192 5.39617 11.313 7.01899 6.73861 7.41539 5.39078 5.31849 5.29713 5.26501 5.46535 5.1866 9.99825 5.58971 5.06267 5.40146 4.87565 4.82681 5.50737 9.48323 7.28442 4.79674 4.72057 7.15517 4.69787 4.65427 5.91626 4.63008 5.28219 5.57003 4.77379 6.87137 7.67439 8.54779 11.9593 6.75818 6.56239 5.30756 5.23528 5.13475 5.09091 5.03306
threshold=-1.789999999999998 22.850000000000005 40.050000000000004 -119.37499999999999 89.02500000000002 -0.46947156278589081 -2.6687312715736318 46.050000000000004 1.4306554393367639 3.9929062750201889 102.07871376811596 975.45000000000016 -0.83385407025023273 10.450000000000001 969.45000000000016 0.28400453026986799 21.950000000000003 26.950000000000003 38.550000000000004 89.02500000000002 208.75000000000003 1.7554427574642113 1.0000000180025095e-35 91.500000000000014 2.5000000000000004 772.50000000000011 17.950000000000003 68.325000000000017 32.975000000000009 -27.974999999999991 30.350000000000005 115.17500000000001 -0.70710678118654735 -19.399999999999991 -0.49240481012316845 1.3101007314823614 -15.101368002085572 685.00000000000011 9109.2500000000018 0.1935708877265209 132.50000000000003 0.27137080328932112 -0.84935928085182411 28.950000000000003 29.950000000000003 8.2313233325343713 13.025000000000002 -153.84999999999997 13.556605460660636 -1007.4999999999999 40.500000000000007 8.5000000000000018 11.500000000000002 1.5000000000000002 4.2989925820635984 99.125000000000014 697.50000000000011 0.1294095225512602 326.25000000000006 95.500000000000014 359.88541666666669 0.36648727148060617 18.150000000000002
decision_type=10 2 10 2 2 2 2 8 2 2 10 2 2 2 2 2 8 2 2 10 10 2 2 2 2 2 10 10 10 8 2 10 2 8 2 2 2 2 2 2 2 2 2 8 8 2 10 8 2 2 2 2 2 2 2 10 2 2 2 2 10 2 2
left_child=1 7 18 -3 27 19 30 8 9 11 17 12 22 -14 28 -16 -5 -11 -2 20 -6 -18 23 -1 -25 -24 -27 -4 45 -17 -7 -32 33 34 -15 36 43 -21 39 -19 41 -41 -22 -13 -45 -10 47 -23 51 50 -50 58 -53 54 55 57 -55 61 -9 -60 -56 -54 -57
right_child=2 3 4 16 5 6 -8 48 14 10 -12 35 13 32 15 29 21 38 -20 37 42 46 25 24 -26 26 -28 -29 -30 -31 31 -33 -34 -35 -36 -37 -38 -39 -40 40 -42 -43 -44 44 -46 -47 -48 -49 49 -51 -52 52 53 56 60 62 -58 -59 59 -61 -62 -63 -64
leaf_value=-0.039943911762362477 -0.0038355336593107374 0.17408048601159315 0.016314063571381893 -0.095700886422739939 -0.13256456416549298 0.042933991017433025 -0.19931323713792801 -0.013370584452670677 -0.1878063640156013 -0.016987345110803933 -0.66229144562784048 0.055090591191744878 0.032623463627863343 -0.56490456090831953 0.056210785253368326 0.46317528538343727 0.22779529243753827 0.16186068497353176 -0.073391459922439506 0.24763098210668899 -4.503631276438151 -3.1666992514051064 -0.13120089457297618 -0.39913241330679167 0.2199769814510312 -0.40833330567016879 -0.14273154650006922 0.1018511255080054 -0.011902096619856582 0.12452844019920506 -1.4234098243689493 1.0365802119171146 -0.025451485730801929 -0.050983703415066028 -0.29852387064290342 -0.16913576396876068 0.053557913662152956 -4.8888883406480774 -0.0031045596905506199 -0.31731183586659584 0.11402705042610151 -0.13278712932793044 0.73905831785125553 -0.2138207231539048 0.035681436271381095 -0.40661057450840526 0.033062863413158387 -0.16593745940043403 -0.17344920551752707 0.10152640933408573 -0.52809959691163366 0.15679295162775697 -1.8822379372468907 0.083583853629650179 -0.13259972496757785 -2.9897893528160733 -1.9007841906851242 -0.12636023530717519 -1.4589232741811182 -6.660321537859712 -2.4973143141214824 -4.2664725170607722 -2.0575736919786274
leaf_weight=1883 75961 16271 65102 1548 3138 27730 24203 88687 96 7225 310 1956 8397 162 22389 6638 5252 15475 30613 13862 88 45 484 243 75 130 192 32528 287 10547 101 46 5157 1864 596 445 21860 159 4819 215 1269 315 43 1511 1170 79 4351 1455 472 20096 38 23511 198 6392 1166 48 39 312 654 30 51 77 25
leaf_count=1883 75961 16271 65102 1548 3138 27730 24203 88687 96 7225 310 1956 8397 162 22389 6638 5252 15475 30613 13862 88 45 484 243 75 130 192 32528 287 10547 101 46 5157 1864 596 445 21860 159 4819 215 1269 315 43 1511 1170 79 4351 1455 472 20096 38 23511 198 6392 1166 48 39 312 654 30 51 77 25
internal_value=0.000228369 0.000431351 1.57912e-05 0.0012468 0.000221258 -0.000146317 -0.000426267 0.000339791 0.000613141 0.000253654 0.000855272 -0.000132791 -0.000882813 -0.000378338 0.00129334 0.00135998 0.000356099 0.000939355 -0.000306172 0.000696935 -0.00114867 0.0007534 -0.00359661 -0.00231486 -0.0110377 -0.00709677 -0.0127019 0.000482434 -0.00441558 0.00205557 0.000151918 -0.00928571 -0.00140828 -0.00321892 -0.00806069 0.000401232 0.000490056 0.00112724 0.00133594 0.00172629 -0.000892162 -0.00650943 -0.0121756 -0.00105995 -0.0024226 -0.0112857 -0.000298239 -0.0027 0.000116576 0.000809473 -0.00421569 -1.23754e-06 0.000524687 -0.000711362 -0.00352424 -0.00810606 0.000109625 -0.00573254 -0.000188484 -0.00457602 -0.00103944 -0.0113636 -0.0271918
internal_weight=560081 286507 273574 28922 167000 69370 52080 257585 115789 75753 29628 46125 19183 16176 40036 39574 12651 29318 106574 17290 3269 11103 3007 2201 318 806 322 97630 462 17185 27877 147 7779 2622 758 26942 26497 14021 22093 17274 1799 530 131 4637 2681 175 5851 1500 141796 20606 510 121190 31819 8308 1877 660 6431 587 89371 684 1217 275 73
internal_count=560081 286507 273574 28922 167000 69370 52080 257585 115789 75753 29628 46125 19183 16176 40036 39574 12651 29318 106574 17290 3269 11103 3007 2201 318 806 322 97630 462 17185 27877 147 7779 2622 758 26942 26497 14021 22093 17274 1799 530 131 4637 2681 175 5851 1500 141796 20606 510 121190 31819 8308 1877 660 6431 587 89371 684 1217 275 73
is_linear=0
shrinkage=0.05


Tree=106
num_leaves=64
num_cat=0
split_feature=11 43 41 37 23 37 34 13 32 0 1 30 38 12 39 26 35 18 0 22 0 38 16 8 29 5 34 29 15 42 40 35 3 32 14 15 18 0 38 12 13 16 38 23 33 37 7 37 35 17 23 31 41 31 5 27 7 5 25 33 43 3 32
split_gain=9.64605 9.12993 10.8318 8.29775 8.42839 7.77319 6.41327 6.5897 10.8034 6.17019 8.7617 6.51741 7.80792 10.1821 11.8712 8.84174 8.2287 8.22095 8.06832 8.04984 7.98637 7.0403 6.91347 6.59754 6.27485 6.12206 7.08515 6.10492 12.8954 6.74749 6.01972 6.70635 5.96036 6.79636 5.79104 10.9651 11.1607 9.84067 5.76767 5.73426 6.0867 9.48735 7.55554 8.87292 6.08758 5.73044 6.29019 5.71485 6.15335 5.69436 5.9312 6.95846 6.20543 5.68908 6.30445 5.65582 5.56006 5.49793 9.15791 6.13763 5.3432 6.48759 5.65594
threshold=-1.0000000180025095e-35 -29.374999999999996 1838.7500000000002 36.500000000000007 15.750000000000002 96.500000000000014 0.76037701167087512 2.5000000000000004 9.1807738064684816 13.550000000000002 12.050000000000002 1071.5000000000002 38.350000000000001 0.1294095225512602 1.0000000180025095e-35 8580.2500000000018 -0.7933231318270072 18.050000000000004 552.50000000000011 73.500000000000014 212.25000000000003 32.45000000000001 -12.568118030539553 -8.1999999999999957 0.46641150008019439 36.050000000000004 0.034899496702501066 21.506224956540567 1.0000000180025095e-35 13.750000000000004 1000.9500000000002 0.86159635224327547 23.450000000000003 5.8817125473960568 7.5000000000000009 1.0000000180025095e-35 16.050000000000004 183.75000000000003 10.350000000000003 0.91597561503675351 3.5000000000000004 -4.2332936642682926 26.150000000000002 30.750000000000004 4.2500000000000009 10.500000000000002 56.668627450980402 75.500000000000014 -0.39873388578253688 5.7370402107733867 28.050000000000004 10.083354353646795 257.75000000000006 5.7861853145614024 270.25000000000006 27.550000000000004 55.420942982456147 88.02500000000002 995.25000000000011 16.850000000000005 30.625000000000004 27.050000000000004 8.6528160162352155
decision_type=2 2 2 2 2 2 2 2 2 2 8 2 2 2 2 2 2 2 2 2 2 2 2 10 2 8 2 2 2 2 2 2 10 2 2 2 2 2 2 2 2 2 2 2 2 2 8 2 2 2 2 2 2 2 10 8 8 8 2 2 2 8 2
left_child=9 2 3 -2 -5 32 7 8 53 -1 -11 12 13 17 15 16 18 20 34 23 22 -18 -12 -16 -19 26 -10 39 29 47 -7 -32 33 -3 37 -36 -37 -15 -9 40 -4 42 57 -44 -43 46 -14 -29 -49 50 -40 52 -52 -6 -55 -34 -30 58 59 -42 -24 62 -62
right_child=1 5 27 4 6 30 -8 38 25 10 11 -13 45 14 19 -17 21 24 -20 -21 -22 -23 60 -25 -26 -27 -28 28 56 -31 31 -33 55 -35 35 36 -38 -39 49 -41 41 44 43 -45 -46 -47 -48 48 -50 -51 51 -53 -54 54 -56 -57 -58 -59 -60 -61 61 -63 -64
leaf_value=0.055575769945073919 0.55781383731975887 -0.05219567221988456 0.036744163575367188 0.51816710947793287 -0.047852470965009435 -0.10172372587045496 0.19425027212143248 -1.6216018650243833 -0.4240677646606596 -0.094605617612174897 -0.079139758006877475 -0.14099543258416594 -0.13158885265042922 -0.11461930575926778 -0.55438973021939042 0.18613216813517183 0.030721077533317421 -0.028650933529925111 -7.5958777626376675 -0.05941588753187959 -0.72835163366744671 0.22517142304290549 -0.022793884153516332 -0.17615805875418949 -0.11155400694449302 -0.23748950138624872 -0.16215787692500372 0.27840920650065826 -0.56968361722222616 -0.19231906436239149 -3.7490209889179074 4.0523822150312805 0.090544331275528966 0.042593941129707769 0.16956412352115158 -3.3874602351577723 1.0190015439154307 -2.5904959945805448 0.078463308389942629 0.16722646586981127 -0.3480173050751928 -0.1770461951266683 0.050554249660036889 -0.12140018772602008 0.06404490671143144 0.15290492327063387 0.030814904644222679 -0.5190774174226388 -0.072811027231364539 0.21579145707764424 -0.31303416421315977 -1.5497989454577823 -0.025504379441942976 0.24248987519819606 -3.0046128643514023 0.028794407713885192 -0.030235793211726442 -0.10675383997506233 -0.99416880321400747 -0.11896680118419856 0.13252382654034586 0.0081451044895312474 -0.15110928897302192
leaf_weight=15615 5881 26994 26309 9855 7446 4172 10596 46 310 5578 7260 2123 855 6828 567 8424 77037 10061 22 4527 3333 7825 43483 678 11300 1012 335 9574 191 314 36 20 18911 12439 2499 28 28 172 10533 4160 776 984 4120 5328 10714 11087 2122 41 461 6422 288 40 2152 2746 75 114543 145 1177 30 682 7686 30545 540
leaf_count=15615 5881 26994 26309 9855 7446 4172 10596 46 310 5578 7260 2123 855 6828 567 8424 77037 10061 22 4527 3333 7825 43483 678 11300 1012 335 9574 191 314 36 20 18911 12439 2499 28 28 172 10533 4160 776 984 4120 5328 10714 11087 2122 41 461 6422 288 40 2152 2746 75 114543 145 1177 30 682 7686 30545 540
internal_value=0.00022453 0.000417831 0.000749249 0.00124764 0.00104578 0.000188155 0.000737006 0.000378125 -0.000547635 1.78712e-06 -5.9728e-05 -1.40148e-05 1.07006e-05 -6.14108e-05 0.000285129 0.000408942 0.000270492 -0.000391041 -0.00111883 -0.00192134 -0.000187566 0.000427282 -9.8085e-05 -0.00548193 -0.00127546 -0.0042939 -0.00810077 0.000306587 0.00139661 0.00170837 -0.00192999 -0.0182143 0.000239955 -0.000300129 -0.00104919 0.000988258 -0.0208929 -0.00179286 0.000944767 9.1194e-05 -5.68633e-05 -0.00063605 -0.00161686 -0.000953641 0.000379552 0.0011533 -0.000794424 0.00193331 -0.00326693 0.000986622 0.000385384 -0.00181452 -0.00147541 5.69789e-05 0.00196916 0.000399539 -0.00824405 -0.0039681 -0.0059879 -0.00542524 3.24606e-05 0.000459235 0.00170557
internal_weight=560081 299858 122743 57737 51856 177115 42001 31405 11924 260223 244608 239030 236907 222843 108635 102863 94439 114208 9577 5772 92847 84862 89514 1245 21361 1657 645 65006 10726 10390 4228 56 172887 39433 9555 2555 56 7000 19481 54280 50120 23811 12113 9448 11698 14064 2977 10076 502 19435 13013 2480 2440 10267 2821 133454 336 2665 1488 1458 82254 38771 8226
internal_count=560081 299858 122743 57737 51856 177115 42001 31405 11924 260223 244608 239030 236907 222843 108635 102863 94439 114208 9577 5772 92847 84862 89514 1245 21361 1657 645 65006 10726 10390 4228 56 172887 39433 9555 2555 56 7000 19481 54280 50120 23811 12113 9448 11698 14064 2977 10076 502 19435 13013 2480 2440 10267 2821 133454 336 2665 1488 1458 82254 38771 8226
is_linear=0
shrinkage=0.05


Tree=107
num_leaves=64
num_cat=0
split_feature=8 42 1 27 14 20 31 18 25 35 11 32 8 1 5 13 32 20 41 29 41 13 14 7 17 34 45 38 11 19 12 17 13 0 18 36 9 32 23 25 13 4 8 26 36 27 38 5 38 22 40 7 0 3 11 36 17 19 36 31 42 25 9
split_gain=9.13656 9.20033 6.82195 6.26806 11.9843 7.50492 7.31362 8.71508 7.01527 10.2338 6.51433 9.42043 9.84245 8.35738 6.50701 6.22088 5.73285 5.54583 8.37372 5.33225 5.6876 5.29065 10.1079 9.32351 7.29377 5.61602 6.43418 5.43263 11.1897 7.79187 8.80425 8.93756 9.74994 7.38987 6.71536 5.78569 7.84522 5.72268 6.51203 5.72566 9.19876 5.29603 5.26692 5.12945 6.44269 8.7727 6.58309 5.09562 4.97211 5.51113 7.04707 5.6691 4.85854 4.79214 4.73343 5.39891 4.62961 4.56139 5.29486 4.75255 4.5537 7.31487 9.68928
threshold=-1.789999999999998 -16.449999999999992 35.025000000000006 50.050000000000004 6.5000000000000009 -0.83385407025023273 -2.7119221824061914 11.65 974.1500000000002 -0.82409480842201666 0.60355339059327384 6.4861547410922062 -30.989999999999991 27.725000000000005 36.525000000000006 2.5000000000000004 14.379737235786809 0.59480013772226059 45717.000000000007 0.20492738769243232 176.50000000000003 5.5000000000000009 3.5000000000000004 404.23958333333343 -13.85784968590367 -0.31729257441605213 1.5000000000000002 28.850000000000005 0.12940952255126045 -0.86159635224327524 0.37940952255126048 4.6307075777255831 3.5000000000000004 685.00000000000011 14.15 1487.5000000000002 178.25000000000003 -9.6440935432854028e-16 18.150000000000002 993.45000000000016 3.5000000000000004 364.25000000000006 -39.194999999999986 15948.250000000002 742.50000000000011 14.050000000000002 31.850000000000005 44.025000000000006 19.250000000000004 47.500000000000007 973.1500000000002 53.326136363636373 72.02500000000002 5.0050000000000008 -0.98296291314453399 97.500000000000014 4.1966958722711007 0.8869770585236475 922.50000000000011 1.5299339602273925 4.3000000000000034 980.35000000000002 160.25000000000003
decision_type=10 2 10 8 2 2 2 2 2 2 2 2 8 8 10 2 2 2 2 2 2 2 2 10 2 2 2 2 2 2 2 2 2 2 2 2 10 2 2 2 2 10 8 2 2 10 2 8 2 2 2 8 2 8 2 2 2 2 2 2 2 2 10
left_child=1 -1 19 4 6 -6 7 15 9 43 11 -8 13 14 -13 -3 -11 18 47 -2 -21 27 23 24 -23 -24 -27 29 -29 -4 31 34 -33 -30 -31 41 -37 38 -36 -40 -41 60 -9 44 -7 46 -46 -10 -17 50 51 56 -44 -22 -5 -56 -50 -12 -59 -60 61 62 -34
right_child=2 3 21 54 5 8 10 42 17 16 57 12 -14 -15 -16 48 -18 -19 -20 20 53 22 25 -25 -26 26 -28 28 33 30 -32 32 35 -35 37 36 -38 -39 39 40 -42 -43 52 -45 45 -47 -48 -49 49 -51 -52 -53 -54 -55 55 -57 -58 58 59 -61 -62 -63 -64
leaf_value=0.22018534097829823 -0.0030603230222127301 -0.057879440046641854 0.098507773904014662 -0.12709465452293653 0.11935458677329867 -0.12541529352155084 0.034405000968867026 0.55749923355684439 0.028118959682073147 -0.01444877299068339 0.3614330073107106 -0.32619856607686604 -0.035671929274978524 -0.26742625288317612 -0.60239164406222501 -0.52697957327151024 -0.42653463109441581 0.10923943357541195 -0.2303402467755219 -0.2030182642357127 -0.24893677618974228 -0.045871883741811253 -0.071940822400149207 -5.2820932594901464 0.51153490464287232 0.13383462416856892 -0.46819823772624203 -0.0032368191916098965 0.13966239503609498 0.011114492426581239 0.0089322048467205348 -0.092643494296520607 -0.26727961355860119 -8.0487733309498903 -0.021790870101462717 -0.31881475233046674 -2.0606060287408225 0.092152397698812533 -0.27499355371349354 -0.345273865729957 -1.236571307565439 -6.0881707174689108 0.22315959614561542 0.13348870543766309 -0.44405795345640686 -0.20172073332179241 0.20550931899473901 -0.052279054168891032 0.10489100988492812 0.28324128737567189 0.057437162813684051 -0.066669004334456008 -0.17923852678568575 -0.035826674979025162 0.11239385830291343 -0.0010515113601881113 -0.38336169650379293 0.015263046582149293 -0.39670793666307702 0.20897967912690518 -0.083285145539548425 -0.29114601614893965 -1.0212244936359518
leaf_weight=7718 58193 4297 18322 6872 7634 1523 21571 5515 29652 13876 4169 63 2386 561 133 45 184 6639 260 829 180 1744 7797 32 6809 11638 676 43801 22833 15435 38825 6557 787 21 1409 48 25 1620 2539 156 96 38 14601 343 102 446 20 11116 33 3619 1598 167 1033 30465 45471 93620 93 1075 49 23 948 1442 309
leaf_count=7718 58193 4297 18322 6872 7634 1523 21571 5515 29652 13876 4169 63 2386 561 133 45 184 6639 260 829 180 1744 7797 32 6809 11638 676 43801 22833 15435 38825 6557 787 21 1409 48 25 1620 2539 156 96 38 14601 343 102 446 20 11116 33 3619 1598 167 1033 30465 45471 93620 93 1075 49 23 948 1442 309
internal_value=0.00022337 0.000420705 1.6705e-05 0.000373562 0.000622092 0.000184205 0.00113721 0.00167591 7.87101e-06 -0.000880926 0.000581086 0.000239541 -0.00231785 -0.00728534 -0.0161735 0.000447625 -0.000362731 0.000315418 9.84695e-05 -0.000340872 -0.000865158 0.000191048 0.000814748 0.00225102 0.00235181 0.000201631 0.000866494 7.57358e-05 0.000416698 -0.000180902 -0.000420451 -0.00104285 -0.00226315 0.00131356 -0.000459892 -0.00435502 -0.0182877 -0.00190722 -0.00288095 -0.00427983 -0.0114683 -0.0040664 0.0022481 -0.00387428 -0.00480392 -0.00934859 -0.0212295 0.000155514 0.00155266 0.00168784 -0.000499735 -0.00762799 0.00177946 -0.000754609 0.000147401 0.00021069 -0.0156349 0.00216892 -0.000623365 -0.01375 -0.00386403 -0.00496848 -0.00804744
internal_weight=560081 286507 273574 278789 132826 71795 61031 31001 64161 16494 30030 24714 3143 757 196 9852 14060 47667 41028 89667 31474 183907 28696 8585 8553 20111 12314 155211 66655 88556 70234 31409 10154 22854 21255 3597 73 5820 4200 2791 252 3524 21149 2434 2091 568 122 40768 5555 5510 1891 293 15634 30645 145963 139091 126 5316 1147 72 3486 2538 1096
internal_count=560081 286507 273574 278789 132826 71795 61031 31001 64161 16494 30030 24714 3143 757 196 9852 14060 47667 41028 89667 31474 183907 28696 8585 8553 20111 12314 155211 66655 88556 70234 31409 10154 22854 21255 3597 73 5820 4200 2791 252 3524 21149 2434 2091 568 122 40768 5555 5510 1891 293 15634 30645 145963 139091 126 5316 1147 72 3486 2538 1096
is_linear=0
shrinkage=0.05


Tree=108
num_leaves=64
num_cat=0
split_feature=45 40 27 10 22 23 16 9 9 25 38 41 13 17 9 10 22 17 30 27 40 38 20 16 33 11 43 31 0 11 22 1 36 31 16 6 30 38 8 6 25 0 7 16 16 13 29 44 1 31 11 8 42 34 30 13 26 18 40 35 26 43 16
split_gain=9.09225 10.2098 9.36079 8.28159 8.27306 9.6548 8.65836 7.36722 7.33703 8.26268 11.0726 9.83453 7.61548 7.57357 6.99681 6.38211 6.26292 11.5536 7.71758 7.92828 7.38326 7.81543 6.55515 6.24218 6.14752 6.11853 7.48357 8.68293 6.92928 7.87983 5.94253 5.92017 5.60652 7.29069 11.687 7.1569 5.35258 7.13633 4.99157 4.98163 4.97178 6.90938 7.1453 4.94144 4.85396 10.0921 5.29276 5.06067 4.83359 4.8235 4.81986 5.13629 5.00084 4.77948 4.73378 5.10057 5.28426 5.88245 4.72365 7.82255 6.42784 6.60759 4.75624
threshold=1.5000000000000002 991.95000000000016 15.550000000000002 20.925000000000004 65.500000000000014 15.950000000000001 -16.972225873484209 58.550000000000004 138.25000000000003 987.1500000000002 33.050000000000004 14320.500000000002 4.5000000000000009 14.74139153702593 12.850000000000003 24.125000000000004 22.500000000000004 18.424236283666655 6.5000000000000009 125.25000000000001 972.45000000000016 28.750000000000004 -0.87878364999916114 -4.084792762612703 8.8500000000000032 0.37940952255126054 1.0000000180025095e-35 4.2976223078031719 118.12500000000001 -0.98296291314453399 40.500000000000007 21.425000000000001 487.50000000000006 -5.5334220471353417 8.3063857052889194 18.950000000000021 13.500000000000002 26.850000000000005 -1.9999999999999989 51.45416666666668 995.25000000000011 108.05000000000001 268.7383152173914 -8.3143887115239163 -10.428219020990387 3.5000000000000004 26.334235899912592 1558.7500000000002 11.350000000000003 3.60628672739101 0.78656609248549325 33.025000000000013 -0.40000000000000019 -0.84804809615642596 137.50000000000003 1.0000000180025095e-35 20975.750000000004 2.8500000000000001 987.25000000000011 0.71322329076259938 13333.500000000002 1.0000000180025095e-35 -15.94330800040005
decision_type=2 2 8 8 2 2 2 8 10 2 2 2 2 2 8 10 2 2 2 8 2 2 2 2 2 2 2 2 2 2 2 8 2 2 2 8 2 2 8 8 2 2 8 2 2 2 2 2 8 2 2 8 2 2 2 2 2 2 2 2 2 2 2
left_child=1 2 -1 40 5 -4 -7 32 13 10 11 16 43 25 53 48 17 -10 20 22 21 24 -20 -16 -18 26 30 -28 -29 38 -8 -13 -6 34 -34 -36 -27 49 -30 50 41 -2 -43 -11 45 -42 47 -47 -9 -38 51 -24 -53 -3 55 -32 57 -57 59 62 61 -60 -17
right_child=3 14 4 -5 7 6 8 15 9 12 -12 31 -14 -15 23 58 18 -19 19 -21 -22 -23 39 -25 -26 36 27 28 29 -31 54 -33 33 -35 35 -37 37 -39 -40 -41 44 42 -44 -45 -46 46 -48 -49 -50 -51 -52 52 -54 -55 -56 56 -58 -59 60 -61 -62 -63 -64
leaf_value=0.064168923681051288 -0.096514375395855057 0.038580411904751366 0.51615207838165023 0.014901722546821908 0.059891738697965484 0.14608178489547144 0.026207310092134756 -0.12712781264981768 0.17308046778655675 -0.23549104972631274 0.032069029468345889 -0.37375152225282632 0.56080480953094591 0.25224112164799917 -0.21218702637157932 -0.10695814677851007 -0.50200666838379848 -1.9827045882369281 0.28934651958884622 -0.3656409741201288 0.018460720589719492 -0.1247165593014032 -0.16686493714388215 0.2706707973354327 -0.38728221119097572 0.15882869856931531 0.13367339341254578 0.019822039199837063 -2.5316172270709725 -0.43411711768510197 0.087098161734172078 -0.18256966541815137 -0.045816268239912812 0.062504951579805915 -0.64237218003316043 -0.33644941626312952 -0.27664542922649493 0.079584963700926437 -1.9394199362435718 -0.062924596314087852 0.5802457738736635 -8.6900097104080221 -8.6305512704204457 0.087572611762685909 0.0720172559934351 -0.81843337819484452 1.1471496318169836 -0.059691027744701433 0.01380630099515094 0.10077820669252818 0.065095434732389726 -1.4062150866536756 -0.22620949741426333 -0.099852823922151709 -0.32973448480923689 -0.2223805594602799 -0.14190192121984074 -0.030809947275308704 0.24712475287382502 -0.19454596871277696 -0.89482171623282025 -0.12410080102831636 -0.024769287452507303
leaf_weight=35290 11090 33 6766 19082 29624 15207 22825 1960 7353 1698 37338 210 4488 4037 1925 5495 121 70 1239 5744 24356 919 2398 13558 433 16004 21371 22658 44 2008 3881 6459 9152 6023 51 48 1170 3917 50 11095 138 649 27 14624 3148 96 28 31 74873 657 703 108 152 51 203 1350 2197 17615 8991 8362 92 8569 60227
leaf_count=35290 11090 33 6766 19082 29624 15207 22825 1960 7353 1698 37338 210 4488 4037 1925 5495 121 70 1239 5744 24356 919 2398 13558 433 16004 21371 22658 44 2008 3881 6459 9152 6023 51 48 1170 3917 50 11095 138 649 27 14624 3148 96 28 31 74873 657 703 108 152 51 203 1350 2197 17615 8991 8362 92 8569 60227
internal_value=0.000221495 0.000272941 0.000234456 -0.000567383 0.000176077 0.000364634 0.000315114 -5.48795e-05 0.000241654 -3.5646e-05 -0.000226549 -0.000639667 0.000869774 0.000517848 0.00153434 -0.000206473 -0.000418624 0.000931564 -0.000630659 -0.00133192 -4.85886e-05 -0.00348608 -0.000750239 0.00161241 -0.00817689 0.000443726 0.000269209 0.000724134 8.68338e-05 -0.00265937 -0.000167356 -0.00245239 0.000514277 -0.000263847 -0.00114528 -0.0182323 0.00119965 -0.000109679 -0.0168085 -0.00104939 -0.00143782 -0.00192674 -0.00683432 0.000368215 0.000233944 -0.0059215 -0.0146774 -0.0190157 0.000129697 -0.0026902 -0.00273579 -0.00370956 -0.0103846 -0.0128571 -0.000695952 -0.000634309 -0.000939892 -0.000670973 -0.000488031 -0.000663166 0.000246998 0.000316059 -0.0004799
internal_weight=560081 525792 510225 34289 474935 261468 254702 213467 239495 119508 98698 61360 20810 119987 15567 168569 54691 7423 47268 21439 25829 1473 15695 15483 554 115950 94202 46131 24760 2102 48071 6669 44898 15274 9251 99 21748 5744 94 14456 15207 11766 676 16322 3441 293 155 127 76833 1827 3361 2658 260 84 25246 25043 21162 18965 91736 74084 17652 17560 65722
internal_count=560081 525792 510225 34289 474935 261468 254702 213467 239495 119508 98698 61360 20810 119987 15567 168569 54691 7423 47268 21439 25829 1473 15695 15483 554 115950 94202 46131 24760 2102 48071 6669 44898 15274 9251 99 21748 5744 94 14456 15207 11766 676 16322 3441 293 155 127 76833 1827 3361 2658 260 84 25246 25043 21162 18965 91736 74084 17652 17560 65722
is_linear=0
shrinkage=0.05


Tree=109
num_leaves=64
num_cat=0
split_feature=11 37 8 13 33 12 20 36 14 43 33 33 35 40 37 12 30 0 26 35 35 7 38 13 31 15 14 26 33 43 21 0 7 14 32 5 43 13 30 22 32 22 2 40 0 7 42 19 39 41 38 19 15 30 38 7 12 1 23 37 14 5 30
split_gain=8.80703 8.71618 7.81611 7.58537 14.9396 12.6931 9.34758 7.39251 6.88884 6.06199 12.9007 6.87452 6.83876 6.68555 5.93946 7.24993 10.3295 8.59218 7.74283 7.87859 7.61549 7.61475 6.81532 6.59447 12.3858 8.80941 6.57152 6.15101 6.1262 6.0039 5.86573 5.86084 8.33909 6.22445 5.81954 6.98319 5.76771 7.32707 12.0702 10.01 6.64886 6.38342 5.67343 8.99119 6.53546 5.86098 5.7631 5.6484 5.56278 5.50511 7.74258 6.69956 5.5471 5.32602 5.28263 6.44957 5.74959 5.24532 5.23533 6.72941 6.11812 5.2147 5.18306
threshold=-1.0000000180025095e-35 64.500000000000014 0.30000000000000254 1.5000000000000002 10.450000000000001 -0.9159756150367534 -0.84335933205092484 242.50000000000003 11.500000000000002 1152.5000000000002 2.2500000000000004 19.250000000000004 -0.83385407025023273 982.25000000000011 91.500000000000014 0.37940952255126048 295.50000000000006 212.25000000000003 8580.2500000000018 -0.7933231318270072 0.84335933205092506 32.340208333333344 38.550000000000004 5.5000000000000009 1.5299339602273925 1.0000000180025095e-35 5.5000000000000009 7574.2500000000009 17.850000000000005 -87.499999999999986 422.50000000000006 49.550000000000004 39.010416666666679 8.5000000000000018 -14.636469847259267 84.02500000000002 145.62500000000003 1.0000000180025095e-35 11.500000000000002 46.500000000000007 -15.497537177388805 73.500000000000014 146.25000000000003 975.55000000000007 79.02500000000002 87.256250000000009 -2.6499999999999999 0.87878364999916148 2.6500000000000008 585.75000000000011 26.650000000000002 0.73724926354828246 1.0000000180025095e-35 7.5000000000000009 27.150000000000002 148.650946969697 -0.70710678118654757 58.525000000000006 27.150000000000002 82.500000000000014 9.5000000000000018 24.050000000000004 21.500000000000004
decision_type=2 2 10 2 2 2 2 2 2 2 2 2 2 2 2 2 2 2 2 2 2 10 2 2 2 2 2 2 2 2 2 2 8 2 2 10 2 2 2 2 2 2 10 2 2 10 2 2 2 2 2 2 2 2 2 10 2 10 2 2 2 8 2
left_child=14 9 7 4 5 -4 8 30 -7 11 -11 31 57 -13 15 17 18 20 19 23 21 47 42 26 25 -25 29 53 -24 -17 -3 32 33 34 35 -2 48 38 41 -40 -39 -38 44 45 -23 -44 -47 -1 -21 -5 51 52 -51 -28 -9 56 -56 -12 -8 -60 -61 -31 -58
right_child=1 2 3 49 -6 6 58 54 -10 10 12 13 -14 -15 -16 16 -18 -19 -20 36 -22 22 28 24 -26 -27 27 -29 -30 61 -32 -33 -34 -35 -36 -37 37 40 39 -41 -42 -43 43 -45 -46 46 -48 -49 -50 50 -52 -53 -54 -55 55 -57 62 -59 59 60 -62 -63 -64
leaf_value=0.036620836534920674 -0.046293446138701531 0.067342962316895905 -0.30047893818067806 0.13895324441206566 -0.004871316762278706 -0.2728807855176586 -0.0070457099521591465 -0.052417101785653501 -4.6267042466143637 -0.64214550415476324 -0.42266831915536368 -0.06347940181564514 0.03856410795669156 0.068378108298381604 -0.080123486322998289 0.45739476155658693 -0.38559755807871321 -0.70443216062992464 0.20539626420372073 0.087670321506138571 0.071644380246751779 -0.034992009518095675 0.12994779982952265 -0.0053820891274037217 -0.56313833690095161 -2.34673047985267 0.1153476573802424 -0.43789412330783767 -0.044922027060261722 -0.56358439018457285 0.20847622981756048 0.10023230998907909 0.21901519164734032 -0.05498420727734589 0.081180305893053112 -0.47581100465440906 0.13089863535497917 -0.22534345189026503 0.39620869672183651 -0.64911105085787757 0.057167894798003549 -0.30759665754662446 0.21451180932049346 0.11536066259193326 -0.29301972261939979 -1.5058619781546181 -0.51108655125572255 -0.025589120449443503 -0.41806179059860177 0.030496685722512379 0.032773469686668603 -0.1150395416649356 -0.45219497379811768 -0.9389363270320632 -0.032332223109227599 -8.1782274074224244 0.077090555950941678 -0.1892595879859823 -0.071822889285286781 -0.27745230184791175 -1.5401486499147612 -0.33094352784329378 -0.24720011492582095
leaf_weight=28976 209 48511 857 10475 13723 796 3145 14654 50 88 159 12819 1857 13967 8934 403 870 4581 6480 54773 21632 66668 7264 885 420 31 4383 167 4076 164 5413 67529 16764 3395 13101 62 855 2063 64 200 11150 1202 54 9902 8680 34 112 12999 76 10418 23981 9339 1235 45 9639 48 15135 301 1031 801 27 2080 329
leaf_count=28976 209 48511 857 10475 13723 796 3145 14654 50 88 159 12819 1857 13967 8934 403 870 4581 6480 54773 21632 66668 7264 885 420 31 4383 167 4076 164 5413 67529 16764 3395 13101 62 855 2063 64 200 11150 1202 54 9902 8680 34 112 12999 76 10418 23981 9339 1235 45 9639 48 15135 301 1031 801 27 2080 329
internal_value=0.000217121 0.000401824 0.000165589 -0.000211655 -0.00103524 -0.00296929 -0.00213675 0.000470986 -0.00699764 0.000709438 -0.00177755 0.000756222 -0.00106388 4.4053e-05 4.28497e-06 4.93259e-05 0.00042063 -0.000144928 0.000475826 0.000339472 -8.39478e-05 -0.000219976 -0.000463891 -0.00109116 -0.00431886 -0.00105895 -0.000495719 0.000647443 0.000687831 -0.00248017 0.000852496 0.000944983 0.00148534 0.000696905 0.00118232 -0.00607011 0.000513832 -0.000336681 -0.00292762 -0.0129924 0.000118444 -0.00163588 -0.000616735 0.000495942 -0.000765913 -0.01 -0.0152055 0.000342466 0.000754709 9.17979e-05 -0.000148645 -0.000849847 -5.02015e-05 0.00100271 -4.58483e-05 0.000393821 0.000428833 -0.00652174 -0.00131495 -0.0034185 -0.00677536 -0.0034893 0.00102625
internal_weight=560081 299858 169607 75878 20430 6707 5850 93729 846 130251 2405 127846 2317 26786 260223 251289 86311 164978 85441 78961 160397 138765 96790 8578 1336 916 7242 4595 11340 2647 53924 101060 33531 16767 13372 271 70383 15534 2321 264 13213 2057 85450 10102 75348 200 146 41975 54849 55448 44973 20992 11653 4428 39805 25151 25103 460 5004 1859 828 2244 15464
internal_count=560081 299858 169607 75878 20430 6707 5850 93729 846 130251 2405 127846 2317 26786 260223 251289 86311 164978 85441 78961 160397 138765 96790 8578 1336 916 7242 4595 11340 2647 53924 101060 33531 16767 13372 271 70383 15534 2321 264 13213 2057 85450 10102 75348 200 146 41975 54849 55448 44973 20992 11653 4428 39805 25151 25103 460 5004 1859 828 2244 15464
is_linear=0
shrinkage=0.05


Tree=110
num_leaves=64
num_cat=0
split_feature=8 34 25 14 13 13 35 27 30 21 18 5 2 19 21 11 27 0 14 34 28 9 42 22 38 13 35 17 18 12 13 17 23 14 22 19 26 3 38 31 41 23 30 40 9 31 33 17 22 27 29 17 41 17 1 12 31 3 16 21 7 16 35
split_gain=8.21436 7.73799 8.53945 10.3699 16.3484 14.1992 14.6801 9.55962 6.86596 7.3244 6.45877 5.82947 5.79691 5.63759 5.69943 7.83006 5.68303 5.50025 5.77951 8.63935 5.44553 7.64511 6.881 7.18514 6.08415 7.19896 12.105 5.80484 7.27303 8.2645 9.27607 7.16114 6.42234 9.51491 12.3945 10.2404 9.47759 9.66143 5.79814 9.05221 6.4018 12.1792 6.00031 6.33924 8.8949 5.98237 5.7081 6.38196 6.92066 6.55607 5.3998 5.30605 5.18712 5.15002 5.14848 5.10447 8.53686 5.09394 5.07461 5.91483 5.03144 4.96046 5.38564
threshold=-12.499999999999996 0.85260769842926931 985.35000000000002 3.5000000000000004 4.5000000000000009 5.5000000000000009 -0.89490028524376719 228.50000000000003 4.5000000000000009 125.62500000000001 16.650000000000002 29.650000000000002 1.0000000180025095e-35 0.9935340235047978 1117.5000000000002 -0.70710678118654735 119.25000000000001 301.25000000000006 9.5000000000000018 -0.87032255546191706 5.4650000000000016 220.25000000000003 -0.99999999999999967 87.500000000000014 38.050000000000004 5.5000000000000009 0.04361772647272262 14.74139153702593 16.750000000000004 -0.70710678118654757 1.0000000180025095e-35 5.0942430477457545 14.65 7.5000000000000009 92.500000000000014 0.84335933205092517 6365.7500000000009 26.050000000000004 25.650000000000002 -8.0663194196786154 6047.7500000000009 28.250000000000004 2.5000000000000004 980.75000000000011 93.950000000000017 -10.362112891463294 24.950000000000003 6.362060260064351 73.500000000000014 32.650000000000013 16.076715985165237 11.761073717991875 424.50000000000006 3.8040107877276013 164.25000000000003 0.78656609248549303 -5.24695947937255 20.050000000000004 -7.8993983958677445 52.500000000000007 127.75208333333335 3.2572357426680267 -0.91702515554752051
decision_type=8 2 2 2 2 2 2 8 2 2 2 8 10 2 2 2 10 2 2 2 2 10 2 2 2 2 2 2 2 2 2 2 2 2 2 2 2 10 2 2 2 2 2 2 8 2 2 2 2 8 2 2 2 2 10 2 2 8 2 2 10 2 2
left_child=1 2 3 4 55 13 -7 11 12 -10 52 -4 -3 16 -15 -16 -5 18 20 -20 21 24 50 -24 27 54 -27 28 -2 31 -31 -30 -32 34 38 36 -36 -38 39 42 -40 46 -34 44 -44 -45 47 -42 49 -49 -22 -35 -8 -9 -26 56 -1 -51 -54 -60 -52 -29 -63
right_child=17 8 7 5 -6 6 10 53 9 -11 -12 -13 -14 14 15 -17 -18 -19 19 -21 22 -23 23 -25 25 26 -28 61 29 30 32 -33 33 51 35 -37 37 -39 40 -41 41 -43 43 45 -46 -47 -48 48 -50 57 60 -53 58 -55 -56 -57 -58 -59 59 -61 -62 62 -64
leaf_value=-0.65823487957712989 0.011649466285551711 -0.17616501556286443 -0.11438165525711821 0.072694604095199261 0.18262954066051063 -0.38184732853163511 -0.61126092827535405 0.12044187182940561 -0.029087409449104141 0.31943009175889864 0.10256947528473614 0.25580961709445915 0.063692962556992944 -0.048732031286980469 -0.39211262460765672 -0.055220744018426172 -0.32275795802037027 -0.46960518853085631 -0.14794330667145239 0.27798010285412383 0.31867985797259019 -0.075205648599758257 0.0084923068547884378 -1.2154670426367555 0.18375360426530418 0.67808952479637019 -0.16954402322767539 0.1238866329565685 -0.045181605885976653 0.099529530837878744 0.38629216983599002 -0.12803113006235953 -0.051960044073670331 0.0067852068676097655 -0.295423615839845 -0.12124836551431169 -0.36775224992694372 0.032646558164902244 0.034065637395691198 -0.078195780082866054 -0.12315018351364487 -0.0026502458936138577 -0.55338557384127318 -0.071588503431091813 -0.35143654010384068 -0.55392233083489439 0.042996829517328784 -0.47863543574128808 -0.13808767906010042 -0.41713180616870349 0.10369682951884587 0.20189667179723086 -0.15709354574052492 -0.31210824493571382 -1.4043975810073461 -0.047977342918760248 -0.21760759806842872 -0.399652648517691 -0.44809212615260319 0.028321713407853721 -0.3376157430746487 -0.41079182097080924 -0.035530838175000204
leaf_weight=776 200902 1145 1075 42228 3251 736 337 19156 3088 12053 1972 14721 22338 2096 151 219 1888 11909 6405 25021 3845 40512 20272 181 7596 515 986 7441 12716 8669 3768 2874 476 14863 641 1158 146 44 10512 9508 783 4243 109 419 232 267 366 42 293 66 14468 1460 1836 3247 50 1966 5648 264 709 3492 444 113 1374
leaf_count=776 200902 1145 1075 42228 3251 736 337 19156 3088 12053 1972 14721 22338 2096 151 219 1888 11909 6405 25021 3845 40512 20272 181 7596 515 986 7441 12716 8669 3768 2874 476 14863 641 1158 146 44 10512 9508 783 4243 109 419 232 267 366 42 293 66 14468 1460 1836 3247 50 1966 5648 264 709 3492 444 113 1374
internal_value=0.000214085 0.000539382 0.000317713 -2.11721e-05 -0.00137832 0.000262647 -0.00154591 0.000914815 0.00114488 0.0019751 -0.000948957 0.0018568 0.00060959 0.000615259 -0.00171127 -0.00743243 0.000745308 0.00010137 0.000132585 0.000783746 7.76669e-05 1.21175e-05 0.000635042 7.33575e-07 0.000101162 0.00137039 -0.00179547 6.02471e-05 1.94856e-05 -0.000404564 -0.000131238 -0.0014272 -0.000394684 -0.000557613 -0.00109253 -0.00490447 -0.00913959 -0.0189474 -0.000817621 -0.00170693 -0.000226628 -0.00152138 -0.00531271 -0.00746349 -0.0130352 -0.00469388 -0.00495039 -0.0063605 -0.00996241 -0.0144892 0.0013267 0.000411383 -0.00172262 0.000250636 0.00199189 -0.0025447 -0.00322696 -0.0121212 -0.00138562 -0.000427279 0.000895923 0.00131496 -0.00132145
internal_weight=560081 144128 105504 67305 11641 55664 9082 38199 38624 15141 8346 15796 23483 46582 2466 370 44116 415953 404044 31426 372618 333408 39210 20453 292896 9147 1501 283749 274821 73919 58329 15590 49660 45892 29569 1989 831 190 27580 11011 16569 6057 1503 1027 341 686 1814 1448 665 372 18757 16323 6374 22403 7646 8390 6424 330 6037 4201 14912 8928 1487
internal_count=560081 144128 105504 67305 11641 55664 9082 38199 38624 15141 8346 15796 23483 46582 2466 370 44116 415953 404044 31426 372618 333408 39210 20453 292896 9147 1501 283749 274821 73919 58329 15590 49660 45892 29569 1989 831 190 27580 11011 16569 6057 1503 1027 341 686 1814 1448 665 372 18757 16323 6374 22403 7646 8390 6424 330 6037 4201 14912 8928 1487
is_linear=0
shrinkage=0.05


Tree=111
num_leaves=64
num_cat=0
split_feature=12 26 34 37 14 38 13 14 13 14 16 11 23 42 15 7 39 28 32 14 39 29 33 36 38 13 30 34 5 36 17 1 30 6 36 34 45 14 16 35 40 21 32 4 23 5 6 22 10 8 20 14 40 10 7 11 23 9 19 43 5 3 20
split_gain=8.4343 12.9902 8.35819 13.5532 9.49345 8.26428 14.2521 27.5047 13.772 15.2909 10.7188 10.4421 9.69163 11.2006 9.31049 8.01891 7.91256 8.11866 7.82485 8.1875 12.9838 9.42929 7.78219 7.67782 8.92541 8.58379 7.61811 7.38519 7.90457 7.05133 6.9238 6.75525 6.74788 6.73524 6.5145 7.89509 6.2068 6.19029 20.3479 6.63713 6.15588 6.14218 6.02091 5.8975 5.87997 5.77751 5.58705 5.56852 6.0649 5.52322 8.66712 12.3833 7.64597 6.908 6.51207 9.97336 6.38006 5.42617 7.84008 5.38946 5.29766 7.95084 5.22701
threshold=0.37940952255126048 9722.0000000000018 0.79332313182700753 69.500000000000014 8.5000000000000018 28.850000000000005 4.5000000000000009 4.5000000000000009 1.0000000180025095e-35 8.5000000000000018 7.3001165361781188 0.37940952255126054 28.850000000000005 3.2000000000000011 1.0000000180025095e-35 122.3804347826087 1.0000000180025095e-35 4.080000000000001 6.93338478627994 4.5000000000000009 1.0000000180025095e-35 0.36132593589418777 7.7500000000000009 562.50000000000011 30.250000000000004 1.0000000180025095e-35 96.500000000000014 -0.93038214053199431 28.050000000000004 4550.0000000000009 -4.6413010988071992 284.25000000000006 7.5000000000000009 94.040833333333339 1197.5000000000002 0.30069434954884217 1.5000000000000002 11.500000000000002 3.9410235375617666 -0.034899496702500851 1000.9500000000002 47.500000000000007 4.3880413201242545 205.25000000000003 15.950000000000001 92.02500000000002 18.337500000000002 39.500000000000007 74.625000000000014 -37.99499999999999 -0.7933231318270072 5.5000000000000009 973.25000000000011 77.52500000000002 180.54375000000002 -0.5 13.750000000000002 121.25000000000001 0.8869770585236475 -47.499999999999993 32.050000000000004 54.525000000000006 -0.59480013772226059
decision_type=2 2 2 2 2 2 2 2 2 2 2 2 2 2 2 10 2 2 2 2 2 2 2 2 2 2 2 2 10 2 2 10 2 10 2 2 2 2 2 2 2 2 2 10 2 10 8 2 8 8 2 2 2 8 10 2 2 10 2 2 8 10 2
left_child=5 2 16 23 57 6 8 15 37 12 14 18 22 34 49 -8 26 -18 36 21 32 -20 41 -4 -25 -26 60 28 30 -23 -24 -32 -21 -3 35 -14 -7 -1 43 -40 -6 47 -11 -39 -29 46 -15 48 -10 -9 51 52 -51 -53 -55 -56 -57 -5 -59 -17 61 -2 -37
right_child=1 33 3 4 40 11 7 10 9 42 -12 -13 13 45 -16 59 17 -19 19 20 -22 29 27 24 25 -27 -28 44 -30 -31 31 -33 -34 -35 -36 62 -38 38 39 -41 -42 -43 -44 -45 -46 -47 -48 -49 -50 50 -52 53 -54 54 55 56 -58 58 -60 -61 -62 -63 -64
leaf_value=0.076997353536587099 -0.0059258509861787774 0.19356785088357734 0.24912540603998801 0.023021717995615545 0.20289446753443463 0.018067103183941544 0.2456408377666941 0.16786105646721181 -0.15650146588387256 -0.00167442324025462 0.12077738447298508 0.077761586402838812 -0.081433491836764252 -0.28169119806696941 0.49981344672124728 0.35430944112028795 -0.076852434624774743 -0.51538324216141829 -0.18640945704242451 -0.07454532306478874 0.054024347375225629 0.14220385306957026 -0.2888460647627305 -0.40239381056669404 -0.76110873350678521 0.21759377829197854 -0.16845909904764814 0.043559771484993834 0.14809179266151984 -0.23511927388991016 0.043756116377047509 -2.1294368731920295 -0.22836649098522119 -0.55978628254299878 -0.39579794065427315 -0.46967884557433398 -0.075525966080113152 -1.9995415057714525 -2.0332190898438158 0.36329462062741669 -1.7401600279810863 0.10897220661151724 0.43070242854592566 -4.4083374979174188 -0.13697792953906265 -0.65154343712082874 0.02601138770743321 -0.50225448156676966 -1.281743430593979 -0.52836200716578297 -0.088040314763511651 -0.065861610483846755 -1.0714926239994393 -0.15303742771917866 -2.0733792463201492 -2.6220031489880529 -0.14574995130839094 0.0013446340857552364 -0.27131163232882943 -0.33820016785591389 0.052490076444514124 -0.24476742697697584 -0.17672002129097855
leaf_weight=18781 23527 11570 23554 27173 6753 125167 16874 2025 67 19021 5940 46021 1766 334 1444 1305 5944 70 615 7421 4184 4869 1082 178 61 526 3756 4745 5335 182 1499 33 2770 463 252 717 7864 186 86 1243 36 6964 3137 133 31559 485 3932 349 56 59 14698 1301 290 221 45 52 87 6680 3518 2658 93022 2021 3375
leaf_count=18781 23527 11570 23554 27173 6753 125167 16874 2025 67 19021 5940 46021 1766 334 1444 1305 5944 70 615 7421 4184 4869 1082 178 61 526 3756 4745 5335 182 1499 33 2770 463 252 717 7864 186 86 1243 36 6964 3137 133 31559 485 3932 349 56 59 14698 1301 290 221 45 52 87 6680 3518 2658 93022 2021 3375
internal_value=0.000211675 0.000463295 0.000365793 0.000811855 0.000289855 6.20537e-05 -0.000215399 0.000508415 -0.000538963 -0.000819993 -0.000571057 0.000274068 -0.00121982 -0.00257757 -0.00111957 0.00186375 0.000127786 -0.00164283 7.55202e-05 -0.000845516 -0.00148 0.000764208 -0.000934531 0.00175974 -0.00316993 -0.000195911 0.000214836 -0.00118602 0.000194364 0.00147595 -0.00205815 0.000104439 -0.00244284 0.00205809 -0.00399345 -0.00365483 0.000214274 0.000626316 -0.00231189 0.000410083 0.00200987 0.00056213 0.000308692 -0.013652 -0.00148827 -0.000756683 -0.000168776 -0.00495763 -0.0141057 -0.00141708 -0.00171521 -0.00475669 -0.0133381 -0.00300117 -0.0087037 -0.0156522 -0.00902878 -2.26109e-05 -0.00100608 -0.000160232 0.000285064 -0.000352669 -0.0048607
internal_weight=560081 208852 196819 68479 44160 351229 152136 46999 105137 84708 26162 199093 62550 10861 20222 20837 128340 6014 153072 20041 14375 5666 51689 24319 765 587 122326 44253 7949 5051 2614 1532 10191 12033 6110 5858 133031 20429 1648 1329 6789 7436 22158 319 36304 4751 4266 472 123 18778 16753 2055 349 1706 405 184 139 37371 10198 3963 118570 25548 4092
internal_count=560081 208852 196819 68479 44160 351229 152136 46999 105137 84708 26162 199093 62550 10861 20222 20837 128340 6014 153072 20041 14375 5666 51689 24319 765 587 122326 44253 7949 5051 2614 1532 10191 12033 6110 5858 133031 20429 1648 1329 6789 7436 22158 319 36304 4751 4266 472 123 18778 16753 2055 349 1706 405 184 139 37371 10198 3963 118570 25548 4092
is_linear=0
shrinkage=0.05


Tree=112
num_leaves=64
num_cat=0
split_feature=45 40 1 9 22 23 37 1 9 14 16 37 41 7 13 14 7 27 8 16 31 23 14 7 13 25 41 25 13 31 13 14 13 14 28 25 14 27 8 18 44 7 11 41 41 38 10 10 34 39 14 23 34 13 12 10 34 43 40 38 40 38 25
split_gain=8.24194 9.11125 9.27562 8.10161 7.9042 9.13662 8.76177 8.34945 8.51374 7.65154 10.3631 9.67133 10.8034 8.37117 8.03824 16.6928 8.63941 8.2359 8.00194 7.97455 10.547 8.04914 11.3974 8.29796 7.91599 7.54598 8.54911 7.3442 9.33902 8.27634 9.38372 13.9798 13.6383 17.6868 11.6014 12.6575 10.0502 8.75861 7.91168 7.48286 7.43434 7.37891 8.59201 7.8235 7.24566 7.22341 7.22009 7.20376 6.89334 6.68077 6.37725 8.63281 6.37626 6.65614 7.57438 7.25077 6.3412 6.56054 6.20967 6.18718 8.71627 6.14102 6.12007
threshold=1.5000000000000002 991.95000000000016 13.050000000000002 23.250000000000004 66.500000000000014 16.150000000000002 38.500000000000007 12.65 58.550000000000004 7.5000000000000009 -6.4332668661830583 90.500000000000014 7325.7500000000009 12.735000000000001 1.0000000180025095e-35 6.5000000000000009 22.662128623188408 61.550000000000004 -47.962499999999991 -8.3143887115239163 12.638924398828079 26.750000000000004 9.5000000000000018 73.695742753623207 1.0000000180025095e-35 994.25000000000011 3243.7500000000005 971.25000000000011 3.5000000000000004 8.3069956339719244 4.5000000000000009 4.5000000000000009 1.0000000180025095e-35 3.5000000000000004 14.550000000000001 985.55000000000007 2.5000000000000004 71.350000000000009 -19.959999999999994 15.850000000000003 -881.74999999999989 80.472916666666691 -0.98296291314453399 1942.7500000000002 524.50000000000011 33.350000000000001 88.15000000000002 21.925000000000004 -0.73724926354828224 1.0000000180025095e-35 5.5000000000000009 20.550000000000004 -0.5948001377222607 3.5000000000000004 0.78656609248549303 37.125000000000007 0.73724926354828246 116.25000000000001 975.05000000000007 28.950000000000003 987.95000000000016 27.450000000000003 991.95000000000016
decision_type=2 2 8 8 2 2 2 10 8 2 2 2 2 10 2 2 8 10 8 2 2 2 2 8 2 2 2 2 2 2 2 2 2 2 2 2 2 10 8 2 2 8 2 2 2 2 10 8 2 2 2 2 2 2 2 8 2 2 2 2 2 2 2
left_child=1 3 48 -1 5 -5 -6 -8 -9 10 11 12 -10 -13 15 -12 61 18 -18 20 21 -11 24 -24 -23 -21 -27 28 -7 30 32 -32 -29 34 35 36 -34 38 -35 -33 -38 43 -43 -31 -30 -14 -20 -2 -3 -4 51 -39 -45 -54 -55 -56 -42 -58 -53 60 -16 -17 -15
right_child=47 2 49 4 6 27 7 8 9 19 14 13 45 62 59 16 17 -19 46 25 -22 22 23 -25 -26 26 -28 29 44 41 31 39 33 37 -36 -37 40 50 -40 -41 56 42 -44 52 -46 -47 -48 -49 -50 -51 -52 58 53 54 55 -57 57 -59 -60 -61 -62 -63 -64
leaf_value=0.094140160708490572 -0.092508019472418504 0.032262663144851947 0.23656970645115455 0.45862583662424533 -0.23413596368300801 0.03668527251300905 -0.053474968374352685 0.044066879764507398 0.10014576222121735 0.08511443363952341 -0.090447025054602448 -0.59630375519355672 -0.033995372414091576 -0.080372944770739363 -0.15369703245919741 -0.12553389722369962 -0.53261419335518811 -0.85831547519933926 -0.16217545961148844 0.053862421147620236 -0.25924936476162774 -0.17308613021622032 -1.6386113619182041 -0.4279255041764165 -0.019421296131752516 0.59990076338241038 -1.7804088370897611 0.16441798215281855 -0.41482500136576639 0.19495497756603936 0.25047161658365485 -0.0041806890082452305 0.43742426073679042 0.21119384150756282 0.55541858817471668 -0.061935790133129033 -0.43161604694515793 -1.128027569708743 0.02922486013774463 0.21754711689944078 -0.13674838552147819 -0.53250146313089497 -0.062211725145905478 0.0099202995918584169 -0.10763431231868806 -0.2423074947642174 -0.72110052501237576 0.015126004265888613 -0.17495894724213867 -0.56951140260312527 0.10187201233570119 -0.49368720431521562 0.0027374892364044039 -0.11942050977325457 -0.14902757969788347 -0.83215187679299651 -0.14257240091127074 -0.50494080960046128 -0.054033837188001893 0.036304959118376154 0.054025918420519396 -0.29894928976791263 -2.7624986054147183
leaf_weight=11286 15589 71 15169 8017 1947 6991 20931 39530 27033 9284 4493 36 5234 6825 21203 144 79 80 1444 50752 1152 1793 74 129 11882 44 51 21502 196 7970 20581 20620 704 13229 1301 11347 1811 378 48342 6824 3412 1260 26580 48909 6707 790 27 18700 75 252 5274 1420 1135 651 155 197 326 549 10382 8817 7966 375 54
leaf_count=11286 15589 71 15169 8017 1947 6991 20931 39530 27033 9284 4493 36 5234 6825 21203 144 79 80 1444 50752 1152 1793 74 129 11882 44 51 21502 196 7970 20581 20620 704 13229 1301 11347 1811 378 48342 6824 3412 1260 26580 48909 6707 790 27 18700 75 252 5274 1420 1135 651 155 197 326 549 10382 8817 7966 375 54
internal_value=0.000207033 0.000256014 0.00144761 0.000219658 0.000189693 0.000367995 -3.24301e-05 -2.90597e-06 9.68686e-05 -6.56917e-05 -0.000391844 0.000192885 0.000548598 -0.00150759 -0.000915568 -0.00252032 -0.00614472 -0.00435583 -0.00354839 0.00030142 -0.000443366 -0.000211121 -0.000973483 -0.012734 -0.000798903 0.000657561 -0.0134211 0.000318378 -0.000801065 0.000379406 0.000584279 0.00117491 0.000347859 9.87562e-05 -0.00125193 -0.00157887 -0.00328433 0.000431193 0.000711455 0.000436161 -0.00393736 -1.68666e-05 -0.000687859 0.00029966 -0.00210561 -0.0013662 -0.00271584 -0.000544052 -0.0110959 0.00156637 -0.000557465 -0.00118637 7.21886e-05 -0.00260056 -0.00556829 -0.0114773 -0.00280266 -0.0066 -0.000948144 -0.000634971 -0.000985807 -0.011763 -0.00138174
internal_weight=560081 525792 15567 510225 498939 276770 222169 220222 199291 159761 84600 39972 33057 6915 44628 6642 2149 1630 1550 75161 24314 23162 13878 203 13675 50847 95 268753 13894 254859 168002 48025 119977 98475 19450 18149 6802 79025 61571 27444 6098 86857 27840 59017 6903 6024 1471 34289 146 15421 17454 12180 51047 2138 1003 352 4287 875 11802 37986 29169 519 6879
internal_count=560081 525792 15567 510225 498939 276770 222169 220222 199291 159761 84600 39972 33057 6915 44628 6642 2149 1630 1550 75161 24314 23162 13878 203 13675 50847 95 268753 13894 254859 168002 48025 119977 98475 19450 18149 6802 79025 61571 27444 6098 86857 27840 59017 6903 6024 1471 34289 146 15421 17454 12180 51047 2138 1003 352 4287 875 11802 37986 29169 519 6879
is_linear=0
shrinkage=0.05


Tree=113
num_leaves=64
num_cat=0
split_feature=11 8 0 29 28 38 22 16 17 1 0 1 30 38 12 39 3 38 16 31 22 37 7 25 0 1 25 26 17 14 13 3 35 37 23 16 0 15 3 0 7 4 1 13 10 40 3 17 12 38 31 14 22 11 35 31 42 16 37 42 29 6 38
split_gain=7.93361 8.13454 8.0059 8.13449 7.80524 8.54423 6.65165 5.79107 5.67383 5.44308 5.34292 7.69292 5.60691 6.75011 8.1588 8.64735 8.15343 7.59296 7.61036 7.4297 5.99079 5.67336 5.97628 5.90387 5.53755 5.53976 5.47752 5.40656 5.3989 6.3702 8.48391 6.50518 6.15964 5.1968 5.16452 5.11438 5.0093 5.39174 5.26375 5.89046 6.495 4.8784 6.36707 6.23061 5.32504 8.2947 6.03375 4.82632 4.78672 5.44709 5.33138 7.22955 5.54991 7.51124 6.93716 7.05544 6.79329 6.54815 6.00066 7.02647 6.28846 6.43769 5.59431
threshold=-1.0000000180025095e-35 -15.999999999999996 51.050000000000004 5.4695402456290738 30.445000000000004 30.050000000000004 28.500000000000004 -9.3292314415745548 16.129340007907388 61.025000000000006 13.550000000000002 10.850000000000003 1071.5000000000002 38.350000000000001 0.1294095225512602 1.0000000180025095e-35 106.12500000000001 33.650000000000013 13.713436171531752 -3.9634444034305512 40.500000000000007 10.500000000000002 56.668627450980402 974.85000000000002 37.050000000000004 38.525000000000006 987.6500000000002 8731.0000000000018 -11.899315739583082 5.5000000000000009 2.5000000000000004 266.25000000000006 -0.80382625221112003 91.500000000000014 36.050000000000004 18.997089771627305 212.25000000000003 1.0000000180025095e-35 187.25000000000003 71.425000000000026 60.579057017543867 185.75000000000003 128.25000000000003 3.5000000000000004 67.02500000000002 983.95000000000016 30.025000000000002 20.300336575927556 0.91597561503675351 31.050000000000004 -14.225249283685185 5.5000000000000009 90.500000000000014 0.37940952255126054 0.71322329076259938 -5.7052677476290681 9.8000000000000043 3.9410235375617666 74.500000000000014 -0.10000000000000096 0.29210895288235705 25.183333333333348 27.850000000000005
decision_type=2 8 2 2 2 2 2 2 2 8 2 8 2 2 2 2 8 2 2 2 2 2 8 2 2 8 2 2 2 2 2 10 2 2 2 2 2 2 10 2 8 10 8 2 8 2 10 2 2 2 2 2 2 2 2 2 2 2 2 2 2 8 2
left_child=10 2 3 -2 -5 -6 7 -3 48 -4 33 -12 13 14 24 17 -17 18 19 28 -18 22 23 -15 35 -26 27 -21 29 30 32 -32 -16 -1 -20 -13 38 -38 39 40 -27 -11 44 -44 -43 46 -46 -9 50 -50 51 -8 53 56 -55 -56 58 -57 -52 60 -60 -62 -54
right_child=1 6 9 4 5 -7 8 47 -10 41 11 12 -14 21 15 16 20 -19 34 26 -22 -23 -24 -25 25 36 -28 -29 -30 -31 31 -33 -34 -35 -36 -37 37 -39 -40 -41 -42 42 43 -45 45 -47 -48 -49 49 -51 52 -53 62 54 55 57 -58 -59 59 -61 61 -63 -64
leaf_value=0.060023361760900285 0.0564082930218614 -0.20808225202112116 -0.13929155371497134 0.3753413932503617 0.19986194177817032 -0.45986475303385338 -0.14049044880842207 0.11713165935625824 0.12973086960759206 0.16593572855676419 -0.10867268161977146 0.0068369299800294762 -0.12783063200278175 -0.55024712027130451 -2.9149004873185409 -0.070823157118934998 -1.2113896929987973 0.23491262027294338 0.14021812516763571 -0.097127039549207483 -0.45016185749530702 0.13989506241075894 0.018781694742873566 -0.089379096854342838 -0.12378491122952229 -0.060272891473750007 0.080129571297054017 0.16511369765648121 0.065924478372065984 0.5271255683461431 0.023663901993896841 -2.8014920516152695 -0.41721492659528203 -0.13265695372430361 -0.38455786917828533 -0.068335411788513128 -0.53485191308405178 -2.58865559356324 0.13058942266666362 -0.15351988211576817 0.048256543229818365 -0.062372970151037092 -0.17876915977538138 0.48420631252914215 -2.019064952745774 -0.14084362649709833 -0.86249568602752569 -1.3969301081241148 0.046402028865894202 0.51917756861557385 -0.03559690905144202 -0.0017727763645340241 -0.054542818844276177 0.051605222798559031 -0.4491669532117743 -0.15384679688824318 0.1864868979764171 0.090593636785774367 -0.16651574511497047 -0.035018804093230736 -0.3825332690631687 -0.14931412603809185 0.12298997455434411
leaf_weight=14682 22580 673 4813 10808 404 318 8331 20211 5041 15045 3974 50815 2126 68 57 5264 25 6554 14559 27380 599 11107 2125 789 7702 12161 9698 1657 39773 1111 1624 68 954 933 79 2946 3431 164 7631 14887 15280 1561 5888 4428 51 484 411 29 30304 1563 21536 15852 19880 88963 914 6344 2212 6431 1129 1231 180 137 2106
leaf_count=14682 22580 673 4813 10808 404 318 8331 20211 5041 15045 3974 50815 2126 68 57 5264 25 6554 14559 27380 599 11107 2125 789 7702 12161 9698 1657 39773 1111 1624 68 954 933 79 2946 3431 164 7631 14887 15280 1561 5888 4428 51 484 411 29 30304 1563 21536 15852 19880 88963 914 6344 2212 6431 1129 1231 180 137 2106
internal_value=0.000206676 0.000381981 0.000868455 0.00140428 0.00248482 -0.00254848 0.00024257 0.00109334 0.000158706 0.000309201 4.66926e-06 -5.25737e-05 -1.65395e-05 6.24736e-06 -6.04002e-05 0.000248716 -0.00161515 0.000354735 0.0002434 5.66072e-05 -0.00701923 0.00106785 -0.000868544 -0.00439323 -0.000354426 -0.000679443 -0.00044727 -0.000790887 0.000504394 -0.00129261 -0.00260266 -0.000437352 -0.00622651 0.000901377 0.00129389 1.59039e-05 -0.000499122 -0.00230181 -0.000369403 -0.000587318 -0.000152873 0.000577365 -0.000139203 0.000410043 -0.00239928 -0.00535941 -0.0101515 0.00124506 0.000118366 0.000682054 1.58636e-05 -0.000673407 0.000126206 0.000251284 0.000444804 -0.000603039 -0.000500473 -0.000299413 -0.000742783 -0.00297535 -0.00533887 -0.0115615 -0.000608114
internal_weight=560081 299858 66791 34110 11530 722 233067 20913 212154 32681 260223 244608 240634 238508 224419 109402 5888 103514 96960 82322 624 14089 2982 857 115017 61256 38735 29037 43587 3814 2703 1692 1011 15615 14638 53761 53554 3595 49959 42328 27441 27868 12823 10316 2507 946 462 20240 207113 31867 175246 24183 151063 129077 102652 13689 26425 12775 24213 2677 1446 317 21986
internal_count=560081 299858 66791 34110 11530 722 233067 20913 212154 32681 260223 244608 240634 238508 224419 109402 5888 103514 96960 82322 624 14089 2982 857 115017 61256 38735 29037 43587 3814 2703 1692 1011 15615 14638 53761 53554 3595 49959 42328 27441 27868 12823 10316 2507 946 462 20240 207113 31867 175246 24183 151063 129077 102652 13689 26425 12775 24213 2677 1446 317 21986
is_linear=0
shrinkage=0.05


Tree=114
num_leaves=64
num_cat=0
split_feature=45 40 13 7 0 17 16 9 1 6 1 2 17 7 9 8 29 31 27 29 11 17 25 7 5 18 42 27 30 40 41 7 5 42 35 17 1 0 41 8 35 11 8 31 11 8 25 38 35 9 7 25 7 40 21 42 33 38 22 35 38 13 4
split_gain=7.89559 8.42994 15.7528 10.1039 9.07014 9.11752 8.99735 8.50422 8.27824 7.71268 7.21981 7.16305 7.14623 7.82765 7.66637 8.59706 14.5644 7.44967 7.0374 6.65083 6.62763 6.38936 6.57094 6.26457 6.08511 7.25532 6.00847 5.95541 5.75324 5.64915 5.40633 5.24027 5.30359 8.78265 5.15843 12.9053 5.1186 6.13767 4.99012 5.50619 4.95601 4.85107 5.55802 5.90557 4.78246 4.71344 4.60123 8.40194 6.37402 4.55425 5.11436 4.51429 4.45925 4.39337 4.39223 7.32523 4.36673 4.47721 4.64573 4.3379 8.59443 4.93831 4.74942
threshold=1.5000000000000002 987.25000000000011 4.5000000000000009 404.23958333333343 75.925000000000026 15.548598987075023 -8.3143887115239163 27.650000000000002 21.425000000000001 22.050000000000011 64.02500000000002 416.25000000000006 4.687222170220025 56.668627450980402 15.550000000000002 14.015000000000004 12.348705556852199 -9.2505048742163023 53.050000000000004 0.69409203854409585 0.60355339059327384 11.980795710519997 980.35000000000002 26.251136363636366 19.550000000000004 27.550000000000004 -6.3999999999999995 70.725000000000009 2.5000000000000004 998.85000000000002 3507.2500000000005 27.616666666666671 1.0000000180025095e-35 -10.349999999999996 -0.55191596924288677 -16.195761788827728 12.65 10.042500000000002 3564.5000000000005 24.015000000000008 0.7715952022879744 -1.0000000180025095e-35 -37.99499999999999 3.9431482407521488 -0.60355339059327362 91.550000000000011 983.1500000000002 28.650000000000002 0.21643137258081221 143.25000000000003 152.24880952380954 980.25000000000011 175.97038690476191 976.1500000000002 107.50000000000001 -12.649999999999997 12.950000000000001 31.350000000000005 20.500000000000004 0.06104621499353461 11.15 2.5000000000000004 364.25000000000006
decision_type=2 2 2 10 2 2 2 10 10 10 10 8 2 10 10 10 2 2 8 2 2 2 2 8 8 2 2 10 2 2 2 8 10 2 2 2 8 2 2 10 2 2 8 2 2 10 2 2 2 10 10 2 10 2 2 2 2 2 2 2 2 2 10
left_child=1 4 12 28 5 7 30 -1 9 19 -6 24 13 14 15 -3 -17 23 -7 36 -13 53 -23 -16 25 49 -15 41 -4 45 44 32 33 -30 35 -28 37 -9 -25 -40 -18 -26 43 -43 -5 46 47 48 -2 -10 -51 -45 -31 -22 55 -20 -19 -58 -59 60 61 -54 -62
right_child=29 2 3 6 10 18 -8 8 11 -11 -12 20 -14 26 17 16 40 56 54 -21 21 22 -24 38 27 -27 34 -29 31 52 -32 -33 -34 -35 -36 -37 -38 -39 39 -41 -42 42 -44 51 -46 -47 -48 -49 -50 50 -52 -53 59 -55 -56 -57 57 58 -60 -61 62 -63 -64
leaf_value=0.054625576695014326 -0.3304222106005168 -0.26869379275666555 0.20127928674123297 -2.170958001434292 -0.20765816561266101 0.23176249253450909 -0.70564025079386639 0.04604355828786464 -0.0031374335090340482 -0.073394287383787657 -0.013128050706620618 -0.04267382644120471 -0.18062194560234701 0.37343323523126293 -0.40859617219852401 -0.19420288785814196 -0.70299167475109525 0.10555418224111845 -0.5524505269675225 0.060300618747702685 -0.29759625671150686 -0.32895283243475892 -0.75535053038776279 0.28817444540483644 0.016753111673165934 -0.31036008457039782 -3.4198790374797166 -0.02548219244016128 -0.17631722487132662 0.35365332199283195 -6.4029755561884203 0.33009489793438385 0.029396004817551585 -0.055591381604429814 0.021285036407334135 0.56853082532378341 0.0035870001560842201 -0.085190740358952008 -0.37177199411504291 -0.57606433224312059 -1.3867573554221011 0.42603064252671125 0.048342373126675747 -0.20142700617745046 -1.0982385238846324 -3.5904041114081999 -0.04664066165282843 -0.072339357692581027 -0.51970754518914986 -0.076022655919535345 -0.68973362093131918 0.10883691185326833 -1.7852647573529632 -0.050771116410713191 0.047394235694338968 -0.14880482543526746 -0.0456396772123965 0.032730133941865386 -0.26133416493347966 0.020089299724429271 -0.42419556509563033 -5.2989725857966006 -6.78106884864488
leaf_weight=44919 259 873 15327 34 14510 5764 459 2379 23504 19872 79093 6355 6687 8942 30 85 22 4175 30 10550 383 52 65 159 87131 164 37 23033 20 3922 32 10702 886 145 26376 4528 22402 7966 297 34 40 5689 77606 832 69 613 25010 1228 52 3594 54 1303 28 553 2900 448 4369 111 202 2826 305 22 24
leaf_count=44919 259 873 15327 34 14510 5764 459 2379 23504 19872 79093 6355 6687 8942 30 85 22 4175 30 10550 383 52 65 159 87131 164 37 23033 20 3922 32 10702 886 145 26376 4528 22402 7966 297 34 40 5689 77606 832 69 613 25010 1228 52 3594 54 1303 28 553 2900 448 4369 111 202 2826 305 22 24
internal_value=0.000202748 0.000250689 0.000707754 0.00168642 0.000162994 0.000280652 -0.00476431 0.00023856 0.0001405 -0.000366556 -0.000273869 0.00027957 0.000232328 0.000436555 -0.000785322 -0.00490196 -0.0160884 -0.000337528 0.00183877 7.73744e-06 -0.00125 -0.00492403 -0.0159402 -0.00615385 0.000330403 -0.000368648 0.000755084 0.00042803 0.00182792 -0.000532386 -0.0161111 0.00266017 -0.000708849 -0.00893939 0.000425164 0.001977 -0.000344001 -0.0012639 -0.00479592 -0.00829305 -0.0345161 0.000528828 0.000796559 0.00206672 -0.010534 -0.000861129 -0.000761045 -0.00341455 -0.0107556 -0.000305318 -0.00194901 -0.000175644 0.0007205 -0.00354701 2.66432e-05 -0.00441423 3.95186e-06 -0.00104443 -0.00682109 -0.000663026 -0.00568602 -0.025 -0.00275076
internal_weight=560081 525792 84641 27674 441151 347548 594 338406 293487 63169 93603 230318 56967 50280 10397 1020 147 9377 9142 43297 7408 1053 117 520 222910 27316 39883 195594 27080 34289 135 11753 1051 165 30941 4565 32747 10345 490 331 62 172561 85430 7824 103 27162 26549 1539 311 27152 3648 2135 7127 936 3378 478 8857 4682 313 3205 379 50 329
internal_count=560081 525792 84641 27674 441151 347548 594 338406 293487 63169 93603 230318 56967 50280 10397 1020 147 9377 9142 43297 7408 1053 117 520 222910 27316 39883 195594 27080 34289 135 11753 1051 165 30941 4565 32747 10345 490 331 62 172561 85430 7824 103 27162 26549 1539 311 27152 3648 2135 7127 936 3378 478 8857 4682 313 3205 379 50 329
is_linear=0
shrinkage=0.05


Tree=115
num_leaves=64
num_cat=0
split_feature=11 8 38 10 28 28 14 37 13 17 17 2 36 45 21 21 9 5 4 23 44 22 36 29 26 22 21 38 35 20 22 19 31 13 21 26 36 33 23 20 25 34 13 39 14 40 38 36 43 37 39 13 30 37 3 13 1 25 12 34 40 31 0
split_gain=7.64686 8.39686 6.58978 6.06817 5.74873 6.31544 6.50712 13.4909 13.6515 9.80854 11.4929 8.38527 7.82226 7.48829 6.93193 7.88575 6.89627 6.07801 6.81279 5.74555 5.74369 6.34844 5.69099 7.06481 9.95613 9.21251 6.21989 5.67399 5.36398 5.32922 6.71669 6.04513 10.0067 9.27904 5.41907 4.96253 4.94167 4.91125 5.48913 4.84238 4.81386 4.7927 5.38362 4.73791 4.71675 4.66816 4.65592 7.41771 7.21402 6.5391 5.97965 5.8496 7.00475 7.64119 6.20847 7.67543 7.02312 6.06517 5.61207 8.17594 11.7652 9.15967 5.52922
threshold=-0.9159756150367534 -12.499999999999996 28.250000000000004 71.325000000000003 5.4650000000000016 4.3750000000000009 7.5000000000000009 91.500000000000014 2.5000000000000004 11.316677700552303 15.105532954375049 8.0650000000000031 352.50000000000006 1.5000000000000002 267.50000000000006 627.50000000000011 218.25000000000003 46.525000000000006 28.025000000000002 28.150000000000002 -179.99999999999952 87.500000000000014 57.500000000000007 5.9915244415272015 2874.0000000000005 51.500000000000007 125.62500000000001 8.7500000000000018 0.52247866957162958 -0.81408451933196946 50.500000000000007 -0.86159635224327524 -3.0412010386857129 4.5000000000000009 61.250000000000007 29534.250000000004 212.50000000000003 18.350000000000005 26.950000000000003 0.79332313182700764 973.35000000000002 0.85260769842926931 5.5000000000000009 1.1500000000000001 9.5000000000000018 989.25000000000011 38.050000000000004 507.50000000000006 -272.49999999999994 6.5000000000000009 1.0000000180025095e-35 5.5000000000000009 10.500000000000002 65.500000000000014 31.050000000000004 3.5000000000000004 85.050000000000011 987.05000000000007 0.25881904510252057 0.21643137258081221 986.85000000000002 12.21175436100196 49.050000000000004
decision_type=2 8 2 10 2 2 2 2 2 2 2 10 2 2 2 2 10 8 10 2 2 2 2 2 2 2 2 2 2 2 2 2 2 2 2 2 2 2 2 2 2 2 2 2 2 2 2 2 2 2 2 2 2 2 8 2 10 2 2 2 2 2 2
left_child=2 22 19 -4 5 6 7 16 9 12 14 -10 37 40 -11 -16 46 18 -18 -1 36 -22 26 29 -25 39 -2 -15 -19 -24 -31 32 33 44 -34 -36 43 38 -9 -26 -8 42 -33 -6 -32 -30 47 48 -3 -48 -49 52 53 -50 55 -54 -57 -56 -53 60 61 62 -60
right_child=1 4 3 -5 20 -7 13 8 11 10 -12 -13 -14 27 15 -17 17 28 -20 -21 21 -23 23 24 25 -27 -28 -29 45 30 31 41 34 -35 35 -37 -38 -39 -40 -41 -42 -43 -44 -45 -46 -47 49 50 51 -51 -52 58 54 -55 57 56 -58 -59 59 -61 -62 -63 -64
leaf_value=-0.061836498034323284 0.15661698842872299 0.12407562949218859 0.015126834993661565 -0.14100279680593397 0.36922036172974049 -0.10717295076201337 -0.059972071787231497 -0.3401253941297766 -0.2490537219472298 -0.40733852718014607 0.019505437725354159 0.037511604169569501 0.14177911127058185 -6.8268171301354643 -0.33843123139813658 0.32550286464875022 -0.40436867554390493 0.029682660905895882 -0.10407950017655994 -0.16560638062176736 0.016013262626377856 -1.1117216347549714 0.13580731125263165 -0.0077929229149173371 0.11726996819954255 0.37247538640588518 0.4738103780707934 -0.088455971766398578 -0.31199512776718752 0.10183178530329406 -0.45230801716256297 -0.0092477013187311965 -0.31570252698996959 0.32033328477122952 0.015440442037780944 -0.83331711986648027 0.039077387788210585 0.12440721082935131 -0.08328559685816099 -0.1399104804868618 0.045049595011675145 0.056661596127061932 -0.13243978657348349 -0.18294685557448803 1.9997560302456148 0.080167010231502189 -0.17284237301672548 -0.026341300559185505 0.11610730668701626 0.13907778362071685 0.053655453668862832 0.36229455543290801 -0.067658732808302993 -0.011334403753608254 -0.091442579451991579 -0.34492278337575399 0.18379058896983955 0.1949186257925096 -0.35248027896560102 0.23284794435301498 0.24202999390401703 0.035044781048457707 -0.20538324697800692
leaf_weight=19436 13993 9333 42816 3915 8751 4882 5074 2289 933 282 324 7810 864 31 336 49 1361 19420 5664 4961 16932 184 8914 12683 11743 8756 5172 7976 6081 14963 1377 19700 951 410 5421 40 8953 633 2557 1472 106467 13360 3880 131 99 2184 163 54254 18731 7441 9281 3590 2254 31134 6426 1221 291 2657 750 4821 1452 1173 879
leaf_count=19436 13993 9333 42816 3915 8751 4882 5074 2289 933 282 324 7810 864 31 336 49 1361 19420 5664 4961 16932 184 8914 12683 11743 8756 5172 7976 6081 14963 1377 19700 951 410 5421 40 8953 633 2557 1472 106467 13360 3880 131 99 2184 163 54254 18731 7441 9281 3590 2254 31134 6426 1221 291 2657 750 4821 1452 1173 879
internal_value=0.000200962 0.000271427 -0.000283432 6.43044e-05 0.000151345 8.69612e-05 0.000113678 -5.6185e-05 -0.0014471 -0.00303791 -0.00766398 -0.000112661 -0.00231515 0.000407284 -0.0114168 -0.0157792 6.11617e-05 -0.000576203 -0.00188968 -0.000949502 0.000761209 0.000106918 0.000628956 0.000482755 0.00106539 0.0017093 0.00142056 -0.00106969 -0.000242911 0.000190625 2.16776e-05 -0.000282064 -0.00150157 -0.00470308 -0.000559888 4.66949e-05 0.00138912 -0.00301241 -0.00355345 0.000875899 0.000513309 -8.12109e-06 -0.000436811 0.00222472 -0.00655149 -0.00130974 0.000203111 0.000141217 0.000447516 0.00140978 -0.000267175 0.000285159 8.72215e-05 0.00035546 -0.000953771 -0.00266065 -0.00541667 -0.000246064 0.0012653 0.000603306 -0.000994358 -0.00288722 -0.00531308
internal_weight=560081 488953 71128 46731 366019 331068 326186 206638 16077 7334 991 8743 6343 119548 667 385 190561 34710 7025 24397 34951 17116 122934 103769 34654 21971 19165 8007 27685 69115 60201 45238 8298 1886 6412 5461 17835 5479 4846 13215 111541 36940 23580 8882 1476 8265 155851 148247 84712 7604 63535 75379 62714 49865 12849 3766 1512 9083 12665 9075 4254 2802 1629
internal_count=560081 488953 71128 46731 366019 331068 326186 206638 16077 7334 991 8743 6343 119548 667 385 190561 34710 7025 24397 34951 17116 122934 103769 34654 21971 19165 8007 27685 69115 60201 45238 8298 1886 6412 5461 17835 5479 4846 13215 111541 36940 23580 8882 1476 8265 155851 148247 84712 7604 63535 75379 62714 49865 12849 3766 1512 9083 12665 9075 4254 2802 1629
is_linear=0
shrinkage=0.05


Tree=116
num_leaves=64
num_cat=0
split_feature=12 26 3 34 37 39 38 11 37 37 7 10 44 8 28 14 14 30 6 25 14 22 31 14 31 9 31 19 13 29 22 29 31 22 38 11 17 41 44 35 29 23 3 9 19 39 43 13 4 35 31 13 8 19 31 43 14 13 4 23 38 6 8
split_gain=7.59069 10.8193 7.45923 8.94588 10.1412 7.8488 6.83692 8.45247 8.55136 7.1993 9.79913 6.87605 6.71716 6.49295 6.31014 6.20287 6.08261 5.77251 5.76961 5.67666 6.11625 5.44524 5.40281 5.32666 7.00253 5.82564 5.32458 10.7507 9.34833 12.2282 10.7819 6.05492 8.43017 6.20077 5.30483 8.66807 7.2925 5.57358 6.17883 10.3923 14.3341 7.80104 6.26294 5.29869 5.28883 6.76558 5.88272 5.22717 5.26256 5.19254 11.7556 9.85707 9.32555 5.4987 9.06194 8.49165 5.68332 5.19534 5.17668 5.17486 5.62463 5.5802 5.45097
threshold=0.37940952255126048 9576.5000000000018 24.450000000000003 0.79332313182700753 54.500000000000007 1.0000000180025095e-35 38.350000000000001 0.25881904510252091 68.500000000000014 12.500000000000002 56.668627450980402 76.52500000000002 3042.2500000000005 148.20000000000002 4.080000000000001 8.5000000000000018 3.5000000000000004 281.50000000000006 94.040833333333339 970.25000000000011 5.5000000000000009 14.500000000000002 -5.3958794842214992 8.5000000000000018 16.06733185780902 105.05000000000001 -13.723361601835313 0.90255091666790854 1.5000000000000002 12.887957279813099 32.500000000000007 1.5158356589324662 -19.556726062455432 30.500000000000004 28.550000000000004 0.60355339059327384 -8.6635824315994352 2058.2500000000005 1123.7500000000002 -0.42261826174069922 10.833924302676079 27.150000000000002 75.850000000000009 12.850000000000003 0.46173103126271881 0.65000000000000002 -312.49999999999994 3.5000000000000004 34.95000000000001 0.10452846326765323 -10.24033927356327 2.5000000000000004 44.225000000000009 0.7489272028500833 -2.7119221824061914 572.50000000000011 5.5000000000000009 4.5000000000000009 364.25000000000006 35.850000000000001 33.45000000000001 51.45416666666668 12.500000000000004
decision_type=2 2 8 2 2 2 2 2 2 2 8 10 2 8 2 2 2 2 10 2 2 2 2 2 2 8 2 2 2 2 2 2 2 2 2 2 2 2 2 2 2 2 10 10 2 2 2 2 10 2 2 2 8 2 2 2 2 2 10 2 2 10 10
left_child=6 2 23 5 -5 12 7 11 26 10 21 -1 17 -14 -7 -6 -15 59 -3 20 -10 -8 -19 25 -25 -2 27 28 29 -9 -31 32 -30 -34 36 -36 -21 44 39 40 -39 -42 -43 -23 45 46 47 -38 -49 53 51 -51 -53 -28 -55 57 -57 -56 -40 60 62 -61 -4
right_child=1 18 3 4 15 14 9 8 19 -11 -12 -13 13 16 -16 -17 -18 22 -20 34 -22 43 -24 24 -26 -27 49 -29 31 30 -32 -33 33 -35 35 -37 37 38 58 -41 41 42 -44 -45 -46 -47 -48 48 -50 50 -52 52 -54 54 55 56 -58 -59 -60 61 -62 -63 -64
leaf_value=-0.009208005954646584 0.00055208686698232916 0.17359695062172564 0.075595660859705455 0.36981471316018538 0.034191554127560461 -0.12643232516634417 -0.030395213456892757 0.035458302070485601 -0.73169508943759398 0.12539070675448805 0.052534678298972765 -0.16973621296728594 -0.03995732280156452 0.049023196450324741 -0.48425447561165752 0.35235272974351695 -0.66176354265096016 -4.1481544225879201 -0.55554462816839956 0.17674170369749226 -0.14834742460114586 -0.59521874839766498 -0.15724349881120461 0.10284839443136358 -0.11750793692965225 -0.099335640532564079 0.20582373485165129 0.22219593878154509 0.41800071840370329 -0.25187295938387677 -0.50947321881430174 0.049351590552445701 -2.7151231647483791 -0.46172167569558464 -0.034743729765228708 0.10001882820051161 -0.30033015209004721 -0.14741131092552687 -0.014927378721944606 -0.048157613676070882 0.52664121698811883 -0.7754205709551365 -0.3896978796661314 -0.14645619654246489 0.091655893127208454 -0.19477262350051425 -0.018149879525717116 0.12771453104656702 -0.85039422645403617 0.511431615928571 0.042256178471379295 -1.0149790806648837 0.26151583490685137 0.12138237790686596 0.0066876488779653411 0.18181651836199636 -0.47068858316382656 -0.29093868953640495 -1.913475745608636 -0.43420355604685712 0.49801921365896107 -0.32677008329503221 -0.016011741020565198
leaf_weight=158232 19868 11924 57627 11976 33960 3725 682 525 32 16221 3364 13500 11888 407 61 6239 829 56 483 7082 1571 60 1071 7075 913 13257 25139 2286 242 428 416 3258 43 676 8880 12863 183 3622 14919 7182 46 100 70 860 10190 715 11654 187 64 178 34648 330 97 7198 2251 84 232 773 146 76 2156 316 24945
leaf_count=158232 19868 11924 57627 11976 33960 3725 682 525 32 16221 3364 13500 11888 407 61 6239 829 56 483 7082 1571 60 1071 7075 913 13257 25139 2286 242 428 416 3258 43 676 8880 12863 183 3622 14919 7182 46 100 70 860 10190 715 11654 187 64 178 34648 330 97 7198 2251 84 232 773 146 76 2156 316 24945
internal_value=0.000198016 0.000436721 0.00034628 0.00050479 0.00103833 0.000234933 5.60747e-05 1.81981e-07 0.000263723 0.000926748 -0.000739025 -0.000242762 0.000320063 -0.00073377 -0.00199947 0.000657852 -0.00418285 0.000480423 0.0018687 -0.00010213 -0.00304741 -0.00395755 -0.00307453 -0.000252596 0.00090636 -0.000532075 0.000632836 -0.000600711 -0.00178239 -0.00537253 -0.00909953 -0.000617445 -0.0041051 -0.00682197 -4.15258e-05 0.00062158 -0.000298255 -0.000514691 -0.00101495 -0.0019147 -0.00401511 -0.0165278 -0.0214706 -0.00646739 5.28424e-05 -0.000623682 -0.000344143 -0.00605991 -0.0013745 0.000769773 0.000339404 -0.00657025 -0.0106909 0.00119503 0.000236288 -0.00191617 -0.00971519 -0.00110119 -0.000356787 0.000527491 0.000554008 -0.00520408 0.00048818
internal_weight=560081 208852 196445 155332 52175 103157 351229 330042 158310 21187 4966 171732 99371 13124 3786 40199 1236 86247 12407 79506 1603 1602 1127 41113 7988 33125 78804 7874 5588 1369 844 4219 961 719 77903 21743 56160 49078 26085 11020 3838 216 170 920 22993 12803 12088 434 251 70930 35253 605 427 35677 10538 3340 316 3024 15065 85120 84728 392 82572
internal_count=560081 208852 196445 155332 52175 103157 351229 330042 158310 21187 4966 171732 99371 13124 3786 40199 1236 86247 12407 79506 1603 1602 1127 41113 7988 33125 78804 7874 5588 1369 844 4219 961 719 77903 21743 56160 49078 26085 11020 3838 216 170 920 22993 12803 12088 434 251 70930 35253 605 427 35677 10538 3340 316 3024 15065 85120 84728 392 82572
is_linear=0
shrinkage=0.05


Tree=117
num_leaves=64
num_cat=0
split_feature=5 0 18 0 0 1 14 28 38 42 16 13 38 37 44 17 29 23 4 41 28 28 33 13 5 32 19 37 27 17 44 3 0 40 36 28 37 13 17 32 7 25 14 13 38 0 32 4 23 40 13 0 28 20 25 38 16 3 23 4 14 16 7
split_gain=7.11646 10.9892 9.89836 7.48758 7.29142 8.00126 6.88311 10.1266 7.89623 7.38202 8.19049 9.29624 8.27313 10.2271 7.67259 10.9137 9.96747 7.6441 7.66091 7.18808 8.66095 7.46774 6.47169 6.38801 7.14992 7.89117 10.2922 6.25891 7.40163 7.10707 6.14612 7.21938 6.09358 7.7682 5.87165 5.541 5.40132 9.33965 10.4207 5.31149 5.82385 5.29182 7.06843 9.01177 7.00166 6.65084 5.76639 5.31166 5.13102 5.09045 5.49335 5.06554 5.28358 5.03183 6.57692 4.92876 4.99564 4.90909 4.8741 4.95997 4.86593 5.02028 4.80836
threshold=48.025000000000006 124.25000000000001 23.850000000000005 685.00000000000011 13.550000000000002 12.65 7.5000000000000009 1.8150000000000002 34.650000000000013 7.6000000000000005 -6.4332668661830583 4.5000000000000009 25.650000000000002 92.500000000000014 1677.2500000000002 10.542573265630127 11.07183445063006 30.450000000000003 28.025000000000002 36815.500000000007 1.0000000180025095e-35 4.6350000000000007 4.9500000000000011 2.5000000000000004 12.65 -2.8125775635081429 0.95878322595067733 69.500000000000014 46.550000000000004 9.871641151616581 -21248.999999999996 351.25000000000006 183.75000000000003 990.35000000000002 97.500000000000014 1.6350000000000002 91.500000000000014 2.5000000000000004 11.316677700552303 9.0327165828903109 34.704692028985519 985.35000000000002 3.5000000000000004 4.5000000000000009 17.350000000000005 59.025000000000006 -19.157046622087417 265.25000000000006 28.450000000000003 990.95000000000016 2.5000000000000004 42.550000000000004 0.66500000000000015 -0.58068084432175959 974.1500000000002 28.550000000000004 -14.627077679914473 45.525000000000006 33.850000000000001 88.02500000000002 3.5000000000000004 -10.047447358984046 34.177766798418979
decision_type=10 2 2 2 2 8 2 2 2 2 2 2 2 2 2 2 2 2 10 2 2 2 2 2 8 2 2 2 8 2 2 8 2 2 2 2 2 2 2 2 10 2 2 2 2 2 2 10 2 2 2 2 2 2 2 2 2 10 2 10 2 2 8
left_child=3 2 27 4 53 -6 7 8 9 10 12 35 13 39 36 -16 -17 22 -19 21 -21 23 -13 -8 25 26 -25 28 29 -2 31 -3 -15 -34 -29 49 48 38 -38 40 -7 42 43 44 -30 62 -45 -47 -14 -12 -51 60 -53 -1 -55 -50 -57 -28 -20 -60 -10 -62 -46
right_child=1 30 -4 -5 5 6 19 -9 51 -11 11 17 14 32 15 16 -18 18 58 20 -22 -23 -24 24 -26 -27 57 34 41 -31 -32 -33 33 -35 -36 -37 37 -39 -40 -41 -42 -43 -44 46 45 47 -48 -49 55 50 -52 52 -54 54 -56 56 -58 -59 59 -61 61 -63 -64
leaf_value=0.095209530188703387 0.092369521079087635 -0.80231646060172079 0.19684017602320708 -5.9105624583528904 -0.065497165000067192 -0.16451629470463169 0.069982159504918262 0.042701931002725138 -0.065060827225710091 0.022459894280041987 -0.10727069207773283 -0.17118794135155302 0.13696234590248593 -0.22303691702494502 -0.026235446580521921 -0.043299662371502678 -0.39369235808965741 0.015303900243184232 -0.11155070154248377 -0.15528615262722156 0.09355396062138048 -0.10817389497288757 0.067781695934653843 -0.12023326234996939 0.022424910703492229 -0.042364635194370309 -0.36522997975823918 0.099389096247104722 0.29652788104294675 0.40719331574224854 -0.028477445079039529 -2.1428023520524944 -1.1385603397777422 -3.7135561788058973 -0.026110084124563379 -0.27179053292490329 -0.10641992850877907 0.092211661859341654 -0.31075996549542872 0.36462865524289501 -0.032563704361153564 0.13397351711062336 0.037273697461798962 -0.68214253300067618 -0.35520514409235626 -0.12769669772877432 0.32765759857502208 -1.9428711362085747 -0.16505251022046113 0.14304070349562389 -0.15653669084376143 0.024543088252926691 -0.14734683614632454 -0.054165561590695313 0.044905508699897227 -0.030363611252711475 0.083273677112140884 -0.51532136875575096 -0.24185878481537057 -0.92022154950473556 -0.042457403157136142 0.12579540940776085 -0.28510521006517237
leaf_weight=8541 30663 251 15207 277 10742 1145 39042 36028 922 21624 31460 1057 9578 879 8063 804 660 3418 2492 1742 889 2864 11208 727 50172 3939 72 12729 768 4584 65317 62 73 56 30410 709 1842 2230 360 793 2495 27064 44072 63 38 4117 2118 23 1699 2669 1844 7921 1991 5311 15353 5272 9484 27 1140 61 1784 9233 1903
leaf_count=8541 30663 251 15207 277 10742 1145 39042 36028 922 21624 31460 1057 9578 879 8063 804 660 3418 2492 1742 889 2864 11208 727 50172 3939 72 12729 768 4584 65317 62 73 56 30410 709 1842 2230 360 793 2495 27064 44072 63 38 4117 2118 23 1699 2669 1844 7921 1991 5311 15353 5272 9484 27 1140 61 1784 9233 1903
internal_value=0.000194088 0.000400374 0.000608573 4.0101e-05 4.72046e-05 -2.83299e-05 2.29618e-05 -0.000160668 -0.000347116 -0.000502579 -0.000681292 -0.00108566 -0.000182356 -0.00201158 6.65135e-05 -0.00117193 -0.00514344 -0.000199731 -0.00150401 0.000357078 -0.00222159 0.000427135 0.000556462 0.000503783 0.00015627 -0.00169465 -0.00613801 0.0004917 0.000683762 0.00128763 -0.000150845 -0.00714057 -0.00655754 -0.0167054 -2.21376e-05 -0.00155362 0.0004538 -0.00115975 -0.00346957 -0.000977893 -0.00178571 0.000418257 0.000128244 -0.00114618 -0.00203752 -0.00260566 0.00165291 -0.00147343 0.000728499 -0.00146735 0.000103036 0.000528809 -0.000306699 0.000800377 0.000378436 0.000192951 0.000486582 -0.0212626 -0.00308286 -0.00569942 0.00122246 0.00151448 -0.00502061
internal_weight=560081 239389 173759 320692 320415 291210 280468 180994 144966 123115 101491 56058 45433 5441 39992 9527 1464 19376 7111 99474 2631 96843 12265 93979 54937 4765 826 158552 115413 35247 65630 313 1008 129 43139 36682 30465 4432 2202 4433 3640 80166 53102 9030 6849 6081 2181 4140 26033 35973 4513 21851 9912 29205 20664 16455 14756 99 3693 1201 11939 11017 1941
internal_count=560081 239389 173759 320692 320415 291210 280468 180994 144966 123115 101491 56058 45433 5441 39992 9527 1464 19376 7111 99474 2631 96843 12265 93979 54937 4765 826 158552 115413 35247 65630 313 1008 129 43139 36682 30465 4432 2202 4433 3640 80166 53102 9030 6849 6081 2181 4140 26033 35973 4513 21851 9912 29205 20664 16455 14756 99 3693 1201 11939 11017 1941
is_linear=0
shrinkage=0.05


Tree=118
num_leaves=64
num_cat=0
split_feature=45 40 27 16 10 41 5 0 17 42 3 12 10 37 14 0 41 31 18 18 16 35 38 11 2 1 16 10 17 35 29 1 4 25 25 9 44 33 25 1 27 3 9 30 34 14 38 4 9 19 43 23 35 5 39 23 0 8 36 15 10 38 6
split_gain=7.48992 8.35577 7.81677 7.00935 6.929 6.55285 6.41624 7.11144 7.47269 6.78305 6.36889 5.89468 5.87167 5.82977 6.94318 5.91629 6.24974 7.02591 5.71609 5.60138 5.56305 5.42079 8.15631 6.63531 5.90335 10.4934 8.28615 5.39071 6.88491 6.26698 5.06682 6.1753 7.07111 5.58491 5.05471 5.88768 4.89901 7.30983 5.76888 4.86283 6.4604 6.62238 5.12719 5.11151 4.86995 6.90898 6.73733 5.52834 4.80774 4.70386 5.23619 4.66245 4.59245 4.56961 6.41868 8.23613 4.63862 5.0578 4.55113 4.712 5.7011 4.54037 11.8887
threshold=1.5000000000000002 990.05000000000007 27.950000000000003 3.4287440201518398 20.925000000000004 2351.0000000000005 30.525000000000002 19.050000000000004 -9.6181179396968446 -16.449999999999992 7.3750000000000009 0.98296291314453421 73.825000000000017 65.500000000000014 8.5000000000000018 239.25000000000003 10801.250000000002 -3.9634444034305512 27.350000000000005 22.750000000000004 18.997089771627305 -0.13917310096006555 25.650000000000002 0.25881904510252091 368.25000000000006 46.550000000000004 -7.1775601182874116 10.625000000000002 -9.355255647360627 0.53727914962411594 0.69409203854409585 11.350000000000003 32.550000000000004 972.75000000000011 987.25000000000011 75.050000000000011 4041.7500000000005 11.250000000000002 995.95000000000016 258.25000000000006 107.12500000000001 28.950000000000003 48.050000000000004 916.50000000000011 -0.64278760968653936 11.500000000000002 14.65 125.25000000000001 400.75000000000006 0.8869770585236475 1122.5000000000002 33.850000000000001 -0.58068084432175959 32.050000000000004 1.0000000180025095e-35 18.850000000000005 552.50000000000011 351.50000000000006 36.250000000000007 1.0000000180025095e-35 21.625000000000004 30.450000000000003 100.92666666666668
decision_type=2 2 8 2 8 2 8 2 2 2 8 2 10 2 2 2 2 2 2 2 2 2 2 2 8 10 2 8 2 2 2 10 10 2 2 8 2 2 2 10 8 8 10 2 2 2 2 10 10 2 2 2 2 10 2 2 2 8 2 2 10 2 10
left_child=1 2 5 53 48 19 7 -4 18 52 -5 12 13 15 -15 16 17 21 -9 -1 30 24 23 -23 -11 -26 -27 28 29 -17 31 32 -7 -32 -20 -36 -12 -38 -39 40 -14 42 -42 44 45 -43 -47 -48 -2 -19 -51 -24 -8 54 56 -56 -3 -58 59 -29 -61 62 -53
right_child=4 3 6 10 -6 20 9 8 -10 11 36 -13 39 14 -16 27 -18 49 34 -21 -22 22 51 -25 25 26 -28 58 -30 -31 33 -33 -34 -35 35 -37 37 38 -40 -41 41 43 -44 -45 -46 46 47 -49 -50 50 -52 61 -54 -55 55 -57 57 -59 -60 60 -62 -63 -64
leaf_value=0.057546276302646186 -0.087916123251574788 -0.096102019906880609 0.028977498228596816 -0.086131861943182647 0.0150245827508047 -0.015815853144719495 -0.079915759926576277 -0.10018571852155232 -0.02150061822735019 0.25597041331779213 0.24659048967086702 0.1148575916430714 0.0040364461645140204 -0.028360466682644716 0.077613453816463854 -2.007972009347291 4.0068548447442473e-05 0.0621473474840376 -0.21961773719029792 0.25137263260555509 -0.046184479338221458 -0.0061548595350223697 0.23440143116830303 -0.46961143353328283 0.3209995738897794 -0.57439504273866315 0.38398693983310789 -1.5057110160905833 -1.4611167741237907 -10.970564174219476 -0.17598560643916633 0.019316684366456251 -0.28925248957205468 0.074872480217124712 -0.77393542212579647 -0.45568444880729952 -0.583029854880038 0.068554673432455568 -1.0707013351958041 0.4046325133689963 -1.9253309315682678 -0.29616978762717971 -0.47075174246846174 -1.2332033608841073 -0.073304259651059245 0.47121820936632502 -0.36747308093089881 -2.1228513183619193 -2.7471585021023999 -0.050241710035517056 -0.41136272078010183 -0.10816793251048779 0.30871867473477316 0.094882351888774211 -3.6113995224157094 -0.22379468212697173 -5.9487025905438724 1.1692037149723702 -0.1155603198033526 -6.7313384724521086 -3.0509407898510381 0.013728349167360376 -1.2601016034978123
leaf_weight=29839 15170 2415 16530 109 19082 5489 814 7144 60381 18071 21536 13665 16946 67706 18048 33 51567 48770 193 4247 4301 2219 7890 1161 789 452 244 357 240 45 1197 47712 1653 21932 38 75 141 2137 133 4020 53 4876 923 24 10866 153 136 315 37 8026 126 350 4817 9214 28 40 33 26 3397 31 24 2062 33
leaf_count=29839 15170 2415 16530 109 19082 5489 814 7144 60381 18071 21536 13665 16946 67706 18048 33 51567 48770 193 4247 4301 2219 7890 1161 789 452 244 357 240 45 1197 47712 1653 21932 38 75 141 2137 133 4020 53 4876 923 24 10866 153 136 315 37 8026 126 350 4817 9214 28 40 33 26 3397 31 24 2062 33
internal_value=0.000189446 0.000236139 0.000182253 0.000973417 -0.000526554 0.000540088 7.07959e-05 -0.000312881 -0.000539502 0.000182697 0.00146242 0.00014858 9.72949e-05 0.000192129 -0.000135037 0.000384442 0.00043877 0.000689799 -0.00203356 0.00112304 0.0002986 0.00126702 0.000504922 -0.00162722 0.00180149 -0.00122896 -0.00570402 -0.00148171 -0.00773585 -0.020641 0.00039515 0.000133445 -0.00123775 0.00101582 -0.00872549 -0.0171239 0.00151731 -0.000620074 6.60795e-05 -0.000476091 -0.00066896 -0.00134728 -0.00534836 -0.00110874 -0.00107488 -0.00229015 -0.00733444 -0.0104102 -0.00132275 0.000352412 -0.000759323 0.00120223 0.00190108 -2.722e-05 -0.00190401 -0.0170588 -0.00148747 -0.015339 -0.000959569 -0.00592233 -0.0195455 -0.000705521 -0.00570496
internal_weight=560081 525792 489980 35812 34289 116370 373610 84361 67831 289249 24056 283618 269953 231641 85754 145887 141760 90193 7450 34086 82284 33271 13715 3380 19556 1485 696 4127 318 78 77983 54854 7142 23129 306 113 23947 2411 2270 38312 34292 17346 976 16370 16346 5480 604 451 15207 56922 8152 10335 5631 11756 2542 68 2474 59 3809 412 55 2445 383
internal_count=560081 525792 489980 35812 34289 116370 373610 84361 67831 289249 24056 283618 269953 231641 85754 145887 141760 90193 7450 34086 82284 33271 13715 3380 19556 1485 696 4127 318 78 77983 54854 7142 23129 306 113 23947 2411 2270 38312 34292 17346 976 16370 16346 5480 604 451 15207 56922 8152 10335 5631 11756 2542 68 2474 59 3809 412 55 2445 383
is_linear=0
shrinkage=0.05


Tree=119
num_leaves=64
num_cat=0
split_feature=11 3 27 14 28 0 15 30 3 34 13 29 29 13 38 6 2 17 26 38 12 39 26 0 18 5 6 38 44 27 3 23 31 13 5 44 30 10 38 36 7 26 23 28 2 14 36 13 16 36 7 15 1 0 28 7 40 13 36 0 40 10 31
split_gain=6.81035 7.23102 5.53889 8.77184 8.60344 7.97861 5.6524 5.39544 6.33714 5.26962 6.31376 10.3486 9.83653 8.33796 6.56856 5.82366 5.77515 6.34795 5.23187 5.05977 5.72142 9.07717 7.77587 7.23276 7.13444 6.86081 8.37874 7.64141 6.22737 5.58363 5.50157 5.04898 4.9997 6.41683 6.99626 10.1943 6.078 5.89092 4.91373 5.06732 5.60991 6.52516 4.85897 5.21873 5.35271 4.77564 5.15564 4.77424 5.64876 5.91346 5.84552 5.0958 5.87545 5.52918 5.42246 4.75501 4.74667 4.72678 5.3283 4.69713 4.62496 6.44956 4.49445
threshold=-1.0000000180025095e-35 27.450000000000003 59.050000000000004 6.5000000000000009 2.3750000000000004 54.025000000000006 1.0000000180025095e-35 1021.5000000000001 30.025000000000002 -0.80382625221112014 3.5000000000000004 0.41860092361375906 0.49025048767858587 2.5000000000000004 27.150000000000002 25.183333333333348 128.25000000000003 8.0619682914958322 2920.7500000000005 38.650000000000013 0.1294095225512602 1.0000000180025095e-35 11448.500000000002 30.050000000000004 14.750000000000002 39.050000000000004 544.07500000000016 31.450000000000003 9810.2500000000018 34.050000000000004 108.05000000000001 26.950000000000003 9.1145161027211312 4.5000000000000009 50.550000000000004 5998.7500000000009 36.500000000000007 48.225000000000009 29.850000000000005 1307.5000000000002 71.543750000000017 39060.500000000007 28.950000000000003 1.1050000000000002 18.950000000000003 1.5000000000000002 17.500000000000004 4.5000000000000009 16.630375457456051 4550.0000000000009 40.185144927536236 1.0000000180025095e-35 29.950000000000003 35.550000000000004 49.175000000000011 51.324375000000011 986.6500000000002 1.5000000000000002 92.500000000000014 18.550000000000004 973.25000000000011 15.025000000000002 -8.4863203917656858
decision_type=2 10 8 2 2 2 2 2 10 2 2 2 2 2 2 10 8 2 2 2 2 2 2 2 2 10 10 2 2 8 8 2 2 2 10 2 2 8 2 2 10 2 2 2 10 2 2 2 2 2 10 2 8 2 2 10 2 2 2 2 2 10 2
left_child=7 59 3 5 6 47 9 19 -9 -5 11 57 14 -14 -13 -15 42 -18 -17 20 23 22 25 38 -25 26 29 28 56 -22 -23 -31 -21 -34 35 36 37 -35 39 -1 -41 -42 -12 60 -45 46 -26 48 49 50 -3 -52 53 54 -53 -10 62 58 -11 -2 61 -44 -27
right_child=1 2 -4 4 -6 -7 -8 8 55 10 16 12 13 15 -16 18 17 -19 -20 32 21 30 -24 24 45 27 -28 -29 -30 31 -32 -33 33 34 -36 -37 -38 -39 -40 40 41 -43 43 44 -46 -47 -48 -49 -50 -51 51 52 -54 -55 -56 -57 -58 -59 -60 -61 -62 -63 -64
leaf_value=-0.046749510129136779 0.028162242919677494 -0.027859800121596792 0.035481975807417701 0.07410848728003791 -0.17364807484728162 0.059074041879451027 0.27522506714543254 0.22560993088579853 -0.21164066597560069 -0.28146242815870048 0.014898138594971062 -0.11269990068364621 0.0044277535334261145 -0.4791431285206974 -0.47852374922504071 -0.11731764221472914 -0.25109056609720387 -0.88867139041737431 -0.49219445580370941 0.20071388899195722 0.038099129026761734 -0.07650538492494055 0.18070769123421043 -0.0157618882378876 -1.6515467021885564 0.096862249798693609 -6.7334954213844149 0.22524155108400593 -0.23750393054932398 0.019250422118271025 -0.445656384383254 -0.083687146499174234 0.11811621732870872 -0.24264571657803324 0.058245655355195908 -0.040276135112250686 0.30965072086893908 -0.71399290811428173 0.023354109822696825 0.10639925996892888 -0.18322133735022333 -0.56199358143222522 -0.45786104664337962 -0.2686528046741361 -0.28438529427409576 -0.12055596026687532 0.28063065419237854 0.29286734833868983 0.53081940347593426 -0.2720180386662906 0.19068515973328504 -0.17336929375032972 -0.030972481716700351 0.0068005647585360311 -1.0702272505675672 -0.11688037210457891 0.19189618923606916 0.18399156696921332 0.037063800266227846 -0.013550976805769124 -0.036285812973472192 -0.06040398311441926 -0.054560215195174094
leaf_weight=11488 20807 4128 118775 12018 1470 20328 2084 461 666 477 6632 122 1250 29 162 160 357 54 33 6942 13714 6341 6024 51365 24 12957 30 10411 1870 10709 681 18627 3393 384 1091 1104 86 74 37346 1719 193 24 399 25 224 23644 2207 9135 2200 31 9658 32 547 49 34 1318 16535 6373 6288 72036 3385 556 18795
leaf_count=11488 20807 4128 118775 12018 1470 20328 2084 461 666 477 6632 122 1250 29 162 160 357 54 33 6942 13714 6341 6024 51365 24 12957 30 10411 1870 10709 681 18627 3393 384 1091 1104 86 74 37346 1719 193 24 399 25 224 23644 2207 9135 2200 31 9658 32 547 49 34 1318 16535 6373 6288 72036 3385 556 18795
internal_value=0.000183375 0.000345797 0.000510229 0.00081029 0.000288375 0.00128646 0.000424338 -3.78503e-06 -0.00234151 0.000287204 -0.000106311 0.0005754 -0.00302961 -0.00138587 -0.0115493 -0.0103153 -0.000979195 -0.00680049 -0.00717617 1.83881e-05 -3.2815e-05 0.000220406 0.00033199 -0.000263651 -0.000568358 0.000230492 -0.000251857 0.00057357 0.000317703 -0.000233449 -0.00152236 -0.000622784 0.000976748 -6.36006e-05 -0.00186382 -0.0039199 -0.00952206 -0.0118122 0.000199921 -0.00062053 0.00174587 -0.00582949 -0.000765974 -0.00201678 -0.00905622 -0.00124541 0.000965935 0.00186992 0.00136669 0.00100801 0.00105482 0.00169089 -0.00255287 -0.0128261 -0.0222727 -0.00356855 0.000427341 0.00105724 0.000136733 -2.08414e-05 -0.0016129 -0.00468586 6.96021e-05
internal_weight=560081 299858 207015 88240 42098 46142 40628 260223 2445 38544 26526 14894 1756 1472 284 222 11632 411 193 257778 244704 116694 109672 128010 77240 103648 43080 60568 50157 43050 7022 29336 13074 6132 2739 1648 544 458 50770 13424 1936 217 11221 4589 249 25875 2231 25814 16679 14479 14448 10320 662 115 66 1984 48287 13138 6765 92843 4340 955 31752
internal_count=560081 299858 207015 88240 42098 46142 40628 260223 2445 38544 26526 14894 1756 1472 284 222 11632 411 193 257778 244704 116694 109672 128010 77240 103648 43080 60568 50157 43050 7022 29336 13074 6132 2739 1648 544 458 50770 13424 1936 217 11221 4589 249 25875 2231 25814 16679 14479 14448 10320 662 115 66 1984 48287 13138 6765 92843 4340 955 31752
is_linear=0
shrinkage=0.05


Tree=120
num_leaves=64
num_cat=0
split_feature=45 40 0 10 25 22 17 41 27 22 14 0 1 16 6 10 9 1 35 14 19 27 42 17 26 34 6 9 43 43 32 16 0 3 0 25 16 29 20 34 14 13 28 25 33 4 5 16 27 0 1 25 7 9 23 18 23 23 38 12 32 19 3
split_gain=6.63192 7.70766 8.08723 6.26749 10.1642 7.63579 8.63938 6.3717 8.72519 8.58895 8.43724 6.34798 6.20326 7.22829 6.19546 6.11178 6.03239 5.77203 5.63847 5.93592 8.32195 7.07373 5.96345 5.57215 4.94455 6.10896 8.0912 7.89975 5.7075 5.18305 7.68229 4.92897 4.92361 4.91025 4.89146 6.64093 6.16112 7.03589 4.81383 4.77944 4.72013 14.0115 9.56525 8.63421 8.71265 9.27248 8.11673 5.85264 6.27101 5.75671 9.39073 5.74973 5.91229 5.24047 5.1921 5.13636 4.94968 4.91963 5.19844 7.12379 5.58487 6.75966 5.94887
threshold=1.5000000000000002 990.45000000000016 6.0050000000000008 41.025000000000006 976.45000000000016 91.500000000000014 3.3612811546596135 12300.750000000002 103.25000000000001 53.500000000000007 9.5000000000000018 265.25000000000006 31.525000000000002 3.1160779753449561 210.4291666666667 19.925000000000001 90.050000000000011 22.925000000000001 -0.50751903745502724 6.5000000000000009 0.53727914962411616 26.550000000000004 -12.049999999999995 -2.9397132357775653 12442.750000000002 0.25881904510252091 33.377500000000005 21.550000000000004 -207.49999999999997 15.625000000000002 2.4240042247028488 -20.070779799569099 19.950000000000003 10.042500000000002 24.950000000000003 995.95000000000016 -16.759120579335544 6.0932389724492815 0.93663652364155514 -0.87878364999916136 3.5000000000000004 4.5000000000000009 4.205000000000001 984.1500000000002 19.650000000000002 315.25000000000006 27.050000000000004 18.154798193375033 19.650000000000002 21.025000000000002 43.550000000000004 982.6500000000002 282.59375000000006 106.17500000000001 16.950000000000003 24.050000000000004 8.0500000000000025 25.550000000000004 28.250000000000004 0.25881904510252057 -5.5839598967784925 0.66259481767468287 50.025000000000006
decision_type=2 2 2 10 2 2 2 2 8 2 2 2 8 2 10 8 8 8 2 2 2 8 2 2 2 2 10 8 2 2 2 2 2 10 2 2 2 2 2 2 2 2 2 2 2 10 10 2 8 2 8 2 10 10 2 2 2 2 2 2 2 2 10
left_child=1 2 -1 4 5 6 -4 8 9 38 -10 40 33 -14 -13 34 17 -11 19 20 21 -7 -21 39 25 26 32 -28 -29 -27 -31 -26 -24 -3 -2 -36 37 -37 -5 -12 41 42 43 44 45 53 49 54 -49 -45 -51 52 57 -6 -43 -48 -53 -42 59 -59 61 -61 -63
right_child=15 12 3 7 11 18 -8 -9 10 16 23 14 13 -15 -16 -17 -18 -19 -20 22 -22 -23 24 -25 31 29 27 28 -30 30 -32 -33 -34 -35 35 36 -38 -39 -40 -41 51 47 -44 46 -46 -47 55 48 -50 50 -52 56 -54 -55 -56 -57 -58 58 -60 60 -62 62 -64
leaf_value=0.13130251474923624 0.0054017124074493047 -0.094028071479690833 -0.021905315974881795 0.13024259967556301 -0.063415858648872531 -0.78730510310832225 0.039349748274533754 -0.067225981480707062 -0.12735423538032373 -0.028023998360632681 -0.36714616196390687 -2.4469976957540713 0.0017619692407456018 0.28190280981198051 -0.21439694391192848 0.0090703998280133504 -0.042548609548594865 0.10597617299940398 -0.019718523296078802 0.21457092626204202 0.17609030505591428 -0.20266460245021001 -0.012665331159367089 -0.18004331565507617 -0.17386440427727454 0.051483824511425573 -0.44091068064812672 -0.99730547461778762 -0.42694758693720081 -0.79106058575069693 -0.1488504885100439 -0.2671606217291978 -0.30687571552872667 -0.026874119760687504 -0.28379297745505444 -0.87079682529398195 0.086439273747081602 0.67491913782773671 -0.12985406750875472 0.44370241371287095 0.12152678106016804 0.0055851514361076812 0.1284166255723411 0.041774187599700897 -0.0047396060201263636 -3.8038408324067579 -0.0072142024579266613 -0.15797033905126537 -0.0079174799986798973 -0.18493751575771189 -0.12462585240173241 -1.0877489561873903 -0.85670617941211502 -0.3086282128161526 0.17331601985361511 0.31101970188757305 0.12033243048580156 -0.055408448315707362 0.041620749870914742 0.035465658764086472 0.044640435693877954 -0.34565380261783474 0.046165951576349465
leaf_weight=5911 4690 218 57973 27937 2496 30 48053 23463 32724 5850 1693 610 8895 19597 5432 19481 27525 10823 8346 340 1131 141 504 7547 201 1215 26 50 259 27 1657 86 422 1821 7481 59 2536 42 2397 9289 13134 3531 5905 1032 3467 38 14931 186 2246 1324 3190 66 128 3070 11135 2531 32158 12037 76793 1125 22059 678 339
leaf_count=5911 4690 218 57973 27937 2496 30 48053 23463 32724 5850 1693 610 8895 19597 5432 19481 27525 10823 8346 340 1131 141 504 7547 201 1215 26 50 259 27 1657 86 422 1821 7481 59 2536 42 2397 9289 13134 3531 5905 1032 3467 38 14931 186 2246 1324 3190 66 128 3070 11135 2531 32158 12037 76793 1125 22059 678 339
internal_value=0.000179269 0.000223206 0.000175675 0.000153469 0.000272007 -9.70852e-05 4.97993e-05 -0.000116651 2.44467e-05 0.000369774 -0.000477728 0.000474433 0.000994236 0.00118489 -0.0011238 -0.000494473 -7.48901e-05 0.000675643 -0.00117596 -0.0023329 0.000660522 -0.00961988 -0.00314706 0.000374818 -0.00363503 -0.00319712 -0.0061023 -0.0127612 -0.010534 -0.00193343 -0.00372922 -0.00998258 -0.0036933 -0.00166994 -0.00126013 -0.00187883 0.000278726 -0.0118317 0.00101767 0.00109361 0.000519642 0.000120911 -0.000414122 -0.000754543 -0.00206096 -0.0032798 -0.000239482 0.00130951 -0.000962171 -0.00190588 -0.00267612 0.000658195 0.000506085 -0.00311175 0.00168621 0.000289772 0.00125434 0.000516982 0.000410551 -8.30618e-05 0.000411347 -0.00202614 -0.00498033
internal_weight=560081 525792 495261 489350 340102 120461 106026 149248 125785 74532 51253 219641 30531 28492 6042 34289 44198 16673 14435 6089 1302 171 4787 18529 4447 4160 1261 335 309 2899 1684 287 926 2039 14808 10118 2637 101 30334 10982 213599 55082 37984 32079 9071 5604 23008 17098 2432 5546 4514 158517 126293 5566 14666 17462 32224 126165 113031 36238 24201 2142 1017
internal_count=560081 525792 495261 489350 340102 120461 106026 149248 125785 74532 51253 219641 30531 28492 6042 34289 44198 16673 14435 6089 1302 171 4787 18529 4447 4160 1261 335 309 2899 1684 287 926 2039 14808 10118 2637 101 30334 10982 213599 55082 37984 32079 9071 5604 23008 17098 2432 5546 4514 158517 126293 5566 14666 17462 32224 126165 113031 36238 24201 2142 1017
is_linear=0
shrinkage=0.05


Tree=121
num_leaves=64
num_cat=0
split_feature=12 26 31 19 14 37 13 4 43 32 9 25 32 25 22 28 10 41 37 19 6 17 16 34 17 21 41 45 25 33 20 38 3 5 23 30 8 43 33 38 25 27 26 3 10 0 20 40 5 34 40 44 0 8 13 19 26 37 25 42 4 42 23
split_gain=6.3945 8.33093 6.83739 9.3564 9.1601 12.2928 15.9425 10.1365 10.3444 8.77378 7.49164 9.21894 7.47062 7.0086 9.84739 6.73988 10.5202 6.19426 7.8275 8.38751 6.72932 6.19082 6.94784 6.1228 7.30453 5.97555 6.60582 6.02775 6.60208 8.24459 5.96647 7.75322 5.89045 5.85974 11.9101 7.14216 5.88504 5.71351 7.26173 6.37671 5.70719 5.70383 5.68854 5.53869 5.53362 5.41165 5.35187 6.37508 5.88433 5.3246 5.30667 5.2911 6.05115 5.26348 5.24061 5.19754 5.17322 5.13636 6.44576 5.1033 5.07782 5.06002 4.953
threshold=0.37940952255126048 10557.250000000002 -3.9634444034305512 0.052335956242943828 8.5000000000000018 65.500000000000014 4.5000000000000009 36.550000000000004 61.875000000000007 13.669007504870015 1.0000000180025095e-35 979.25000000000011 -9.4501800343278095 974.1500000000002 82.500000000000014 0.76000000000000012 60.925000000000011 1838.7500000000002 37.500000000000007 -0.80382625221112014 41.633333333333347 -9.8628391569312601 -3.2590773627184348 0.95878322595067733 7.0457227681200925 61.250000000000007 11683.000000000002 1.5000000000000002 973.45000000000016 9.5500000000000025 -0.41467745240824966 32.550000000000004 155.25000000000003 37.95000000000001 30.850000000000005 12.500000000000002 168.10000000000002 1082.5000000000002 1.4500000000000002 37.350000000000001 987.85000000000002 36.95000000000001 14042.750000000002 60.050000000000004 86.725000000000009 301.25000000000006 0.95368063612909459 984.05000000000007 123.25000000000001 -0.94828754594723508 994.35000000000002 170.9999999999998 112.05000000000001 -72.949999999999989 5.5000000000000009 0.92384435400961407 2145.5000000000005 30.500000000000004 977.05000000000007 -8.1499999999999968 125.25000000000001 -9.1499999999999968 18.650000000000002
decision_type=2 2 2 2 2 2 2 10 2 2 10 2 2 2 2 2 8 2 2 2 8 2 2 2 2 2 2 2 2 2 2 2 10 8 2 2 10 2 2 2 2 10 2 8 10 2 2 2 10 2 2 2 2 8 2 2 2 2 2 2 10 2 2
left_child=25 2 4 13 5 6 7 8 10 23 11 -2 15 14 -4 16 62 -15 19 59 49 22 32 -10 -25 26 -1 28 30 37 54 -32 -7 34 -14 -36 -35 39 -39 40 41 44 60 -26 -30 -3 47 -18 -48 -21 -12 52 61 -5 -27 -40 -37 58 -57 -19 -33 -23 -9
right_child=1 45 3 53 -6 21 -8 12 9 -11 50 -13 33 17 -16 -17 46 18 -20 20 -22 51 -24 24 43 27 -28 -29 29 -31 31 42 -34 36 35 56 -38 38 55 -41 -42 -43 -44 -45 -46 -47 48 -49 -50 -51 -52 -53 -54 -55 -56 57 -58 -59 -60 -61 -62 -63 -64
leaf_value=-0.08841057897389093 0.041594421722495716 0.15512722059693071 -0.22158784859973357 0.35304960268081792 0.20437680462695168 -0.41454523137992788 0.52096179431508649 -0.72477535864969678 -0.054420645728356788 -0.96269199633293534 0.17504883092623735 -0.51262663155157939 0.20233036352216965 0.11277628601684349 0.128150611196129 0.16679262171923498 -0.22222429946629432 -0.6599021809971044 0.041227566812118525 -0.076102741314211575 -0.21223461061573412 -0.12768148133093454 -0.13369476747146511 -0.0093750116901639841 -0.41305023248944672 0.045526489714627166 -0.39514638961821036 -0.061303385194791893 0.065348505644273386 0.0045623366673488968 -0.086000941743310189 0.092299809401521146 -2.9839542057764792 0.21961652872757254 0.30717184577019796 0.044650772675721782 -7.1518562742209415 -0.54155151821471614 -0.010913783493104104 0.29505084774788559 0.22626605239248693 -0.025891128867476666 -0.073323877345943242 -0.022800867743438008 -0.55770341628422793 -5.9096219931820189 -0.66443554874719757 -0.87927622476609446 0.10497597305994327 -0.43021768260260584 -0.58785446763311144 -0.022415446780329071 -0.66509350738466244 -0.061072508152223516 -0.08889764184507018 0.45994833905889676 -0.50507994774741716 0.0020892418546718805 -0.43747354797343818 0.06101894222439113 -1.5525784043762927 0.10462119249587132 0.16030715909141541
leaf_weight=26522 136 10289 3086 2272 14162 592 9656 131 1231 411 2330 108 1100 34078 1739 957 239 44 13269 220 1842 2298 1959 309 298 13505 1007 19296 35639 181541 15766 6866 21 12565 130 103 33 80 2678 4459 15388 18734 5025 95 847 21 69 193 21 475 39 30784 937 39857 3363 63 371 197 198 2383 55 17361 638
leaf_count=26522 136 10289 3086 2272 14162 592 9656 131 1231 411 2330 108 1100 34078 1739 957 239 44 13269 220 1842 2298 1959 309 298 13505 1007 19296 35639 181541 15766 6866 21 12565 130 103 33 80 2678 4459 15388 18734 5025 95 847 21 69 193 21 475 39 30784 937 39857 3363 63 371 197 198 2383 55 17361 638
internal_value=0.000179805 0.000398895 0.000326934 3.34964e-05 0.000620335 0.000424426 0.00121506 0.000457293 -0.00152612 -0.00393771 0.000637199 -0.00770492 0.00105136 0.000450329 -0.00137306 -0.00162811 -0.00398528 0.000618513 -0.000125322 -0.0018191 -0.00382933 -3.22507e-05 -0.00242613 -0.00252716 -0.00625356 4.95263e-05 -0.00065767 0.00010967 0.000163993 0.000260446 -0.00039816 -0.000849451 -0.00707178 0.00147252 -0.00127934 -0.00692053 0.00184474 0.000689358 -0.00137438 0.000777772 0.000661965 0.000424665 0.000111335 -0.0107761 0.000788796 0.00178468 -0.0094636 -0.00715278 -0.0205556 -0.00802158 0.00149641 8.75829e-05 0.000707905 -0.000531819 0.000343254 -0.000994898 -0.00976793 -0.00591703 -0.0105172 0.000282242 0.00104103 0.00089501 -0.00026658
internal_weight=560081 208852 198542 99265 99277 85115 31163 21507 4957 2344 2613 244 16550 57136 4825 2248 1291 52311 18233 4964 2537 53952 2572 1933 702 351229 27529 323700 304404 259824 44580 27712 613 14302 1704 604 12598 78283 3216 75067 70608 55220 11946 393 36486 10310 522 432 90 695 2369 51380 20596 42129 16868 3136 474 458 261 2427 6921 19659 769
internal_count=560081 208852 198542 99265 99277 85115 31163 21507 4957 2344 2613 244 16550 57136 4825 2248 1291 52311 18233 4964 2537 53952 2572 1933 702 351229 27529 323700 304404 259824 44580 27712 613 14302 1704 604 12598 78283 3216 75067 70608 55220 11946 393 36486 10310 522 432 90 695 2369 51380 20596 42129 16868 3136 474 458 261 2427 6921 19659 769
is_linear=0
shrinkage=0.05


Tree=122
num_leaves=64
num_cat=0
split_feature=27 5 22 0 17 17 37 25 27 13 16 14 26 37 16 25 7 10 8 16 0 28 17 13 17 11 16 26 0 40 7 8 13 23 10 8 26 28 5 27 11 27 2 10 30 31 35 1 20 16 11 2 11 3 27 25 17 29 8 21 20 35 37
split_gain=6.33656 7.03902 9.97382 9.60935 7.10386 6.42125 6.30106 6.16284 6.72859 5.84922 6.43861 6.27295 9.27416 7.41546 7.15878 7.49752 6.51893 7.52721 6.37954 5.61262 5.51141 5.18523 6.86866 6.15336 5.08062 16.0463 16.4731 4.8754 5.70663 5.03595 5.30441 4.55517 4.53883 4.5272 4.38476 5.27885 4.30951 7.15227 5.72362 5.17181 5.1225 5.58963 4.59526 4.29729 4.22161 4.20177 4.57345 4.18648 4.17799 4.82246 8.53326 4.44463 4.9014 6.70595 5.53203 4.13974 6.82434 5.62481 6.54198 6.01428 5.6886 5.81108 5.79533
threshold=12.550000000000002 48.025000000000006 69.500000000000014 45.025000000000006 10.037670280258817 -19.094486385353484 38.500000000000007 985.45000000000016 162.25000000000003 1.0000000180025095e-35 -16.972225873484209 5.5000000000000009 4293.2500000000009 80.500000000000014 -6.4332668661830583 980.75000000000011 207.09270833333338 10.625000000000002 27.225000000000005 19.287199859059225 685.00000000000011 11.380000000000003 16.735800644836935 5.5000000000000009 5.6119107120268508 0.78656609248549325 -13.78310352749196 4735.7500000000009 79.02500000000002 980.05000000000007 57.07500000000001 -90.274999999999991 4.5000000000000009 12.950000000000001 37.125000000000007 -72.949999999999989 855.25000000000011 2.3550000000000009 109.05000000000001 78.550000000000011 -0.9159756150367534 158.25000000000003 146.25000000000003 54.725000000000009 18.500000000000004 18.079367010830122 -0.3420201433256686 140.25000000000003 -0.70088257582277225 5.4120863775052328 0.98296291314453421 349.75000000000006 0.91597561503675362 59.025000000000006 79.15000000000002 976.45000000000016 3.8040107877276013 0.20492738769243232 12.500000000000004 1027.5000000000002 -0.88697705852364728 -0.83385407025023273 66.500000000000014
decision_type=8 10 2 2 2 2 2 2 8 2 2 2 2 2 2 2 10 8 8 2 2 2 2 2 2 2 2 2 2 2 8 8 2 2 8 8 2 2 10 10 2 10 8 10 2 2 2 10 2 2 2 8 2 8 10 2 2 2 8 2 2 2 2
left_child=-1 5 3 4 19 43 34 9 32 -5 47 13 16 21 15 -15 -13 18 -18 45 55 23 -23 48 -14 -26 -27 36 44 30 -30 -31 -9 -10 -4 -36 37 -8 42 -40 41 -38 -39 -2 -29 -3 -47 -11 49 51 -51 -12 53 -53 -54 56 -7 59 60 -58 61 62 -59
right_child=1 2 6 7 -6 20 27 8 33 10 11 12 24 14 -16 -17 17 -19 -20 -21 -22 22 -24 -25 25 26 -28 28 29 31 -32 -33 -34 -35 35 -37 40 38 39 -41 -42 -43 -44 -45 -46 46 -48 -49 -50 50 -52 52 54 -55 -56 -57 57 58 -60 -61 -62 -63 -64
leaf_value=0.058865125974698264 -0.066425815146194153 0.064039715190665147 -0.039816165071772387 0.17319828297836928 0.35629638525513219 -0.035686420807234213 -0.036370107871052708 0.12205557525265368 0.85219931393604631 0.2015848130492815 0.075161341934642037 0.30228243159689994 -0.022040574566434348 -1.218469556570434 0.23952944220759151 -0.15950108414986253 -0.26227518904390718 -0.45649431249172656 -11.341099514459104 0.26561071073186188 -5.5104654517912204 0.070214001424121389 -1.0788041825727535 0.13485488076505139 -0.10062021289917836 -1.92045115160286 -0.40899054117386613 -0.051398285081788134 -0.3490700710114889 -1.0266555347436324 -1.417435228977219 -0.17250129526459401 0.51698321769655142 0.045519871809867551 -1.3011029701030292 -0.30532703474061496 -0.12036963759708447 -0.18736127154744406 -2.8727099722429035 -0.84854562520287602 0.083511803421570552 -1.2935853106732893 -1.1679381370095769 -0.48186816606669131 0.70105593870708827 -0.34916483873914972 -0.052183368950030756 -0.52531170224613954 -0.14460549929518818 -0.21204829478636006 -1.0960242616944573 -0.40320263120400829 -0.75162341370949493 0.31538389571912451 0.074896413959891106 0.0093429706312018017 0.018232592465635331 0.061415093918320091 0.050128235952668548 0.21000353755019785 -0.054536108728061986 -0.15901904983440873 -0.4395769508181121
leaf_weight=23524 2535 23164 464 9196 4668 59068 25758 15393 1508 6136 5949 9793 6411 198 233 248 22 908 21 3954 267 11401 157 4054 1173 87 183 10051 140 169 161 1122 5662 31774 72 416 1802 781 62 134 28067 45 90 595 543 137 1730 231 19484 691 59 106 51 331 30 193150 30299 75 4926 3305 5751 1333 233
leaf_count=23524 2535 23164 464 9196 4668 59068 25758 15393 1508 6136 5949 9793 6411 198 233 248 22 908 21 3954 267 11401 157 4054 1173 87 183 10051 140 169 161 1122 5662 31774 72 416 1802 781 62 134 28067 45 90 595 543 137 1730 231 19484 691 59 106 51 331 30 193150 30299 75 4926 3305 5751 1333 233
internal_value=0.000179626 0.000144412 0.000349545 0.000561423 0.00131534 -1.54706e-05 -0.000151194 0.000368469 0.000776359 8.12025e-05 -7.89468e-05 -0.000235428 0.000531778 -0.000567315 -0.0057511 -0.00946188 0.00148641 -0.00246583 -0.022907 0.00102381 8.16018e-06 -0.00048413 0.000418758 -0.000823443 -0.000774128 -0.00345461 -0.0144444 -9.53934e-05 -0.00100279 -0.00379397 -0.00961794 -0.0024361 0.0014759 0.000333814 -0.00419118 -0.0075 9.94908e-05 -0.000360671 -0.00437207 -0.0120918 0.000512135 -0.00203844 -0.0026349 -0.00226837 -0.000583349 0.000747274 -0.00153455 0.00143474 -0.00109902 -7.13591e-05 -0.00386667 0.000368796 -0.00407336 -0.0019794 -0.0153704 1.45906e-05 -0.000238118 0.000219067 -0.000694918 0.000554101 -0.00163555 -0.00423218 -0.0104221
internal_weight=560081 536557 235020 165143 33653 301537 69877 131490 54337 77153 67957 61590 18598 42992 679 446 10744 951 43 28985 298407 42313 11558 30755 7854 1443 270 68925 12186 1592 301 1291 21055 33282 952 488 56739 26825 1067 196 29914 1847 871 3130 10594 25031 1867 6367 26701 7217 750 6467 518 437 81 298140 104990 45922 12318 33604 7392 1641 308
internal_count=560081 536557 235020 165143 33653 301537 69877 131490 54337 77153 67957 61590 18598 42992 679 446 10744 951 43 28985 298407 42313 11558 30755 7854 1443 270 68925 12186 1592 301 1291 21055 33282 952 488 56739 26825 1067 196 29914 1847 871 3130 10594 25031 1867 6367 26701 7217 750 6467 518 437 81 298140 104990 45922 12318 33604 7392 1641 308
is_linear=0
shrinkage=0.05


Tree=123
num_leaves=64
num_cat=0
split_feature=8 42 1 29 38 2 31 6 4 20 0 28 26 0 14 29 13 0 20 9 0 12 33 0 1 35 17 10 7 6 19 7 22 6 13 18 6 7 28 3 25 35 3 14 9 10 8 10 10 37 29 1 9 16 6 0 42 18 0 38 28 19 39
split_gain=6.16617 7.9419 6.1662 6.41304 5.65987 6.60108 6.63597 7.23634 6.65759 5.0741 5.80663 5.04403 7.59252 6.60795 4.91413 5.68847 5.52839 4.67326 4.63613 4.71027 4.59016 4.50049 4.5183 4.38261 4.90393 6.56171 4.73392 6.03927 5.6208 4.72283 4.3471 4.32291 6.97397 4.31716 4.2172 4.25745 5.17309 5.46467 4.20882 4.82187 4.20978 5.65188 4.57551 4.30175 4.19905 4.1581 5.76012 4.148 4.08803 4.08268 4.55282 4.07741 4.0264 4.7675 4.05235 4.43682 6.89948 4.01565 3.95106 3.98218 3.91946 4.31422 4.3301
threshold=-5.0000000000000009 -16.449999999999992 39.050000000000004 0.13461487101364147 30.450000000000003 8.0650000000000031 4.9731235387865356 25.925000000000008 14.050000000000002 -0.81408451933196946 18.550000000000004 1.8150000000000002 2043.5000000000002 326.25000000000006 4.5000000000000009 2.7635937037393323 5.5000000000000009 27.450000000000003 0.43049470426488862 96.050000000000011 40.550000000000004 0.78656609248549303 18.650000000000002 86.02500000000002 110.10000000000001 -0.47714059151611382 3.1792757570895862 28.725000000000005 404.23958333333343 241.54166666666671 0.99809679250719918 68.377083333333346 66.500000000000014 30.450000000000021 3.5000000000000004 17.350000000000005 24.166666666666639 26.251136363636366 1.6350000000000002 54.525000000000006 971.85000000000002 -0.86159635224327535 6.2550000000000008 6.5000000000000009 77.950000000000017 31.925000000000008 168.10000000000002 46.625000000000007 6.9025000000000007 12.500000000000002 1598.508522020679 64.65000000000002 145.25000000000003 -12.86833412595071 79.655000000000015 61.525000000000013 -7.0999999999999979 31.750000000000004 685.00000000000011 29.050000000000004 40.485000000000007 -0.95368063612909426 0.75000000000000011
decision_type=10 2 10 2 2 10 2 10 10 2 2 2 2 2 2 2 2 2 2 8 2 2 2 2 10 2 2 10 10 10 2 10 2 8 2 2 10 10 2 8 2 2 8 2 8 8 10 8 8 2 2 10 10 2 10 2 2 2 2 2 2 2 2
left_child=1 -1 3 20 5 -5 7 8 -7 10 -3 38 14 60 15 -13 21 -6 -18 -20 -2 30 48 51 29 58 -27 -28 -29 44 -16 -8 -33 -22 -10 -36 -37 -38 40 -40 41 43 -43 -11 45 46 -25 -45 -23 50 -19 52 53 -4 -54 -56 -57 -41 -26 -60 61 -14 -63
right_child=2 9 23 4 17 6 31 -9 34 11 -12 12 13 -15 16 -17 18 49 19 -21 33 22 -24 24 25 26 27 28 -30 -31 -32 32 -34 -35 35 36 37 -39 39 57 -42 42 -44 47 -46 -47 -48 -49 -50 -51 -52 -53 54 -55 55 56 -58 -59 59 -61 -62 62 -64
leaf_value=0.21968467652508866 0.010633851633689774 0.17802692685989979 -0.049880451710559749 -0.22519638547395449 0.029376566673046403 0.014865987325308035 0.0045698463875699681 -0.055914957264155567 -0.18870712034297088 -0.068489565321161669 0.05464664462612287 -0.29884545185386741 -0.0069090755839012214 -3.0178113572104821 0.11115310420143476 0.17544727041520169 -0.10031117504118613 -0.13866463289848757 -1.1624309786043041 -0.55248022707552413 -0.24955986647800874 -0.8938600731864913 -0.55784709227954155 -13.523373290816188 0.2970720326767991 0.047242987091527057 0.16495977318980509 -0.33837283748854285 -4.3165338020297703 -10.4161826383187 -1.4013182340757802 -0.1817172373055459 -6.0163325376822705 -0.036552343948031363 -0.056219157642198016 -0.13993698822840811 -0.22034974899849422 -0.083016235935311114 0.035018302568078245 -0.25259141631392595 0.017086394172226706 -0.27519285384751185 -0.0071712447261394795 -0.29441152885360394 -0.083240795812114313 0.31443967523105698 3.2830141636367673 0.006663265275897768 -0.068158578950801102 -0.025915571335449025 -0.19440594061179534 0.078308137559679691 -0.018063918066217967 0.044668534610321116 -0.057065715188416001 -2.3996897852966899 -0.32400396659425779 -0.7328545887598743 -1.8854987110238679 -7.0110572420162782 -0.031178864789085783 0.17987557136884091 -0.24979621294428794
leaf_weight=6971 62890 5308 7693 1617 9412 776 10859 8319 1712 953 22177 725 3334 20 1852 5046 299 936 56 356 2345 25 452 99 11269 28249 2680 5969 118 26 38 568 44 11708 962 227 58 39 899 1120 168801 329 10353 682 26636 84 43 226 891 11560 97 39038 22304 37855 283 23 180 21 134 20 2913 19266 136
leaf_count=6971 62890 5308 7693 1617 9412 776 10859 8319 1712 953 22177 725 3334 20 1852 5046 299 936 56 356 2345 25 452 99 11269 28249 2680 5969 118 26 38 568 44 11708 962 227 58 39 899 1120 168801 329 10353 682 26636 84 43 226 891 11560 97 39038 22304 37855 283 23 180 21 134 20 2913 19266 136
internal_value=0.000176501 0.000359113 2.57798e-05 -0.000246155 -0.000705082 -0.00121699 -0.00100492 -0.00182213 -0.00363805 0.000312005 0.000952338 0.000231566 0.00077791 0.00122891 -0.000410677 0.000520707 -0.00176493 -0.000119291 -0.00575949 -0.00919903 3.5286e-05 -0.000893186 -0.00307749 0.000210533 -8.1843e-05 0.000218729 -0.000104549 -0.00111954 -0.00199031 -0.000623326 0.000687831 -0.000143405 -0.00423203 -0.000781683 -0.00470647 -0.00254277 -0.0075 -0.0171649 0.000126074 -0.00213235 0.00015148 -0.000732281 -0.000289271 -0.00327512 -0.00060271 -0.00738938 -0.0126056 -0.00573789 -0.00105895 -0.000749226 -0.00376089 0.000415642 0.000182768 0.000454246 -0.000359807 -0.00487654 -0.0105172 -0.0042901 0.0012663 -0.00668831 0.00125132 0.00147255 0.00175807
internal_weight=560081 253249 306832 124129 47186 25181 23564 12093 3774 246278 27485 218793 35409 25669 9740 5771 3969 22005 711 412 76943 3258 1368 182703 75327 48439 37016 8767 6087 26888 1890 11471 612 14053 2998 1286 324 97 183384 2040 181344 12543 10682 1861 26862 226 142 908 916 12593 1033 107376 68338 45548 22790 486 203 1141 11423 154 25649 22736 19402
internal_count=560081 253249 306832 124129 47186 25181 23564 12093 3774 246278 27485 218793 35409 25669 9740 5771 3969 22005 711 412 76943 3258 1368 182703 75327 48439 37016 8767 6087 26888 1890 11471 612 14053 2998 1286 324 97 183384 2040 181344 12543 10682 1861 26862 226 142 908 916 12593 1033 107376 68338 45548 22790 486 203 1141 11423 154 25649 22736 19402
is_linear=0
shrinkage=0.05


Tree=124
num_leaves=64
num_cat=0
split_feature=41 18 23 34 37 29 7 41 20 38 13 14 33 13 13 23 43 23 17 7 38 37 7 40 6 43 25 16 43 22 17 3 35 21 33 7 13 33 9 35 3 44 14 14 35 41 23 6 21 13 13 28 20 34 41 8 20 26 38 37 0 13 31
split_gain=6.60333 7.28527 7.69177 7.58598 13.0779 10.5068 9.41753 10.3061 7.43762 7.28151 7.28066 16.1884 9.6191 9.8852 15.5285 8.23923 6.98289 6.89232 6.81459 6.70696 6.6731 7.43307 8.21974 6.39147 9.23571 6.35375 6.26735 5.36393 6.27707 6.19076 8.80769 5.72109 5.23378 7.00002 5.13207 5.11559 5.08599 5.04676 4.94842 7.70077 5.81924 5.89255 5.07405 9.29526 7.81107 9.05637 7.82054 6.23958 5.86742 5.18498 5.99514 10.1594 7.7786 6.08071 5.90152 4.84459 5.11923 4.83293 4.82716 5.3518 4.77926 4.66915 8.96378
threshold=6146.0000000000009 20.850000000000005 15.950000000000001 0.44618082326431224 69.500000000000014 0.45071176391942641 30.542708333333341 1289.0000000000002 -0.80382625221112003 10.350000000000003 4.5000000000000009 4.5000000000000009 12.65 3.5000000000000004 1.0000000180025095e-35 36.050000000000004 -232.49999999999997 10.050000000000002 -20.963925122287204 71.543750000000017 38.350000000000001 12.500000000000002 56.668627450980402 1001.5500000000001 241.54166666666671 1152.5000000000002 971.45000000000016 0.87730911194107419 1347.5000000000002 27.500000000000004 14.74139153702593 41.050000000000004 -0.83385407025023273 72.500000000000014 10.250000000000002 103.42128623188407 3.5000000000000004 17.050000000000004 106.17500000000001 -0.52247866957162936 67.02500000000002 9509.5000000000018 3.5000000000000004 4.5000000000000009 -0.47714059151611382 16549.250000000004 32.250000000000007 32.016666666666687 987.50000000000011 5.5000000000000009 2.5000000000000004 5.9850000000000012 0.54463903501502697 0.90255091666790854 43293.000000000007 -5.0000000000000009 0.68832836526074803 3104.5000000000005 17.150000000000002 42.500000000000007 375.25000000000006 1.5000000000000002 -7.9195959492893309
decision_type=2 2 2 2 2 2 8 2 2 2 2 2 2 2 2 2 2 2 2 10 2 2 8 2 10 2 2 2 2 2 2 10 2 2 2 10 2 2 10 2 8 2 2 2 2 2 2 8 2 2 2 2 2 2 2 8 2 2 2 2 2 2 2
left_child=1 3 -3 26 10 23 7 -7 -9 -4 11 12 -5 14 -14 25 60 -15 -2 -16 38 22 -22 61 -25 -13 -1 28 -28 30 32 -32 33 -29 -12 36 -17 -23 39 40 41 57 47 55 45 -45 -47 -40 -48 50 -49 52 53 54 -52 56 -44 -20 59 -51 -11 62 -6
right_child=18 2 9 4 5 6 -8 8 -10 16 34 15 13 17 19 35 -18 -19 20 -21 21 37 -24 24 -26 -27 27 29 -30 -31 31 -33 -34 -35 -36 -37 -38 -39 42 -41 -42 -43 43 44 -46 46 48 49 -50 58 51 -53 -54 -55 -56 -57 -58 -59 -60 -61 -62 -63 -64
leaf_value=-0.093117174148055815 -0.2365924828536326 0.446130782514357 -1.6139262912946131 0.075049979755048193 0.038202480704811817 0.019731881406974794 -0.043693414882118559 0.051222477336798702 -0.25795079790965625 0.11033478786500948 0.082683862083953161 0.22360048432150514 0.099901109020384612 -4.8522101666630659 -0.42875912304489544 0.039375046766889049 -0.00036280953290312702 0.25596348604342095 0.11503505356180362 -0.42580772096060415 -0.11637079948952345 0.21846547181789902 0.045555348074776639 -0.25079922149935019 -3.8478593875231475 -0.44786719909425421 -0.022792353998053856 -0.8005834246833532 -0.615637873023411 0.016154258554320577 -2.3917783464888855 0.12113061079872592 0.32756689888057139 0.10001074387697816 0.43535084764122545 -0.76592032478927974 -0.19814520679927972 0.011544078675985326 -0.1534266735391622 0.017240134973152032 0.071117297481112604 -0.13032450256823011 0.3485210039733011 -0.061042383322704633 -0.01312444810870542 0.0076747919735816062 -0.5222647571634732 -0.023083449818976524 -0.23299408599524385 -1.2982572712275395 -0.25434554974657397 0.23409732012283457 -0.027128113373106628 -0.59764199039157295 -0.97727383926608857 0.028863791799046856 -0.27759069923081631 -0.052954847786526038 0.25231432902943679 -0.41097580082211932 -5.5918290068378322 0.053536625305076337 -0.10335745658595563
leaf_weight=7545 1062 9765 38 5580 11835 1028 13190 294 1556 17426 5989 20250 1653 20 1298 832 22135 1300 1606 1780 1587 9990 3327 85 46 38 67730 430 61 79347 28 21 6423 1052 11750 110 317 5561 1770 86689 4695 2424 4457 5729 36497 598 226 12397 1324 30 5709 1484 2700 226 49 10215 761 12625 1873 192 37 46950 6339
leaf_count=7545 1062 9765 38 5580 11835 1028 13190 294 1556 17426 5989 20250 1653 20 1298 832 22135 1300 1606 1780 1587 9990 3327 85 46 38 67730 430 61 79347 28 21 6423 1052 11750 110 317 5561 1770 86689 4695 2424 4457 5729 36497 598 226 12397 1324 30 5709 1484 2700 226 49 10215 761 12625 1873 192 37 46950 6339
internal_value=0.000172663 0.000308588 0.000870529 0.000214446 0.00049569 0.000102247 -0.00104307 -0.00363447 -0.00586486 0.000560854 0.00112408 0.000686901 -0.000816353 -0.00219716 -0.00326464 0.00149835 0.000581848 0.00162879 -4.41836e-05 -0.00536387 -2.44246e-05 0.000834351 -0.000860806 0.000384262 -0.0106489 0.00174192 -1.4234e-05 5.42261e-05 -0.000279462 0.000313341 0.0016432 -0.0194898 0.00177419 -0.000904183 0.00194177 -0.00242653 -0.00144038 0.00137001 -0.000114888 0.000110562 -0.000740047 -0.00117832 -0.000397335 -0.000142374 -0.000509983 -0.00193792 -0.0047067 -0.000974271 -0.00658064 -0.000768451 -0.000989364 -0.00188926 -0.00254261 -0.00354779 -0.00323202 0.000914599 0.00215408 -0.000790176 0.00161098 -0.00536036 0.00132938 0.000406456 -0.000274018
internal_weight=560081 344278 49401 294877 132240 81323 16068 2878 1850 39636 50917 33178 11631 6051 4731 21547 39598 1320 215803 3078 214741 20465 4914 65255 131 20288 162637 155092 67791 87301 7954 49 7905 1482 17739 1259 1149 15551 194276 108039 21350 16655 86237 59807 44374 7877 2148 26430 1550 24660 22565 10168 8684 5984 5758 15433 5218 14231 2095 222 17463 65124 18174
internal_count=560081 344278 49401 294877 132240 81323 16068 2878 1850 39636 50917 33178 11631 6051 4731 21547 39598 1320 215803 3078 214741 20465 4914 65255 131 20288 162637 155092 67791 87301 7954 49 7905 1482 17739 1259 1149 15551 194276 108039 21350 16655 86237 59807 44374 7877 2148 26430 1550 24660 22565 10168 8684 5984 5758 15433 5218 14231 2095 222 17463 65124 18174
is_linear=0
shrinkage=0.05


Tree=125
num_leaves=64
num_cat=0
split_feature=11 3 8 27 43 37 12 14 19 26 14 22 30 17 12 28 5 26 32 16 13 22 17 30 3 9 43 38 26 0 37 19 3 41 6 20 30 4 12 5 10 38 42 0 32 42 4 22 6 22 8 4 30 5 31 13 30 35 40 26 30 37 5
split_gain=6.32814 7.17274 5.49864 9.77274 6.29269 5.91861 5.81077 5.49523 5.39686 5.82198 6.09142 4.52141 5.67084 6.27773 5.92392 5.58614 5.27347 5.80914 5.16518 4.9183 5.35396 4.74123 4.63266 4.46932 5.85583 5.08453 5.44134 4.70644 7.47051 7.85614 8.09083 8.15075 5.84489 6.0612 4.80174 4.66644 4.61539 4.76758 4.56048 6.96342 5.10436 4.91371 4.79274 4.53271 7.88124 5.99401 4.50216 4.51542 4.45422 5.18189 5.89648 4.85835 4.65273 4.43045 4.39985 8.34999 8.07632 6.42992 6.31771 5.50945 5.4725 5.5972 4.42462
threshold=-1.0000000180025095e-35 27.450000000000003 -15.999999999999996 45.95000000000001 51.250000000000007 51.500000000000007 -0.9159756150367534 7.5000000000000009 0.77159520228797462 10208.500000000002 6.5000000000000009 27.500000000000004 17.500000000000004 -14.625589547489092 0.60355339059327384 1.2650000000000003 36.525000000000006 2619.7500000000005 -15.497537177388805 -9.1830809453482463 4.5000000000000009 35.500000000000007 9.5525516681620903 1021.5000000000001 30.025000000000002 617.25000000000011 -96.249999999999986 35.050000000000004 15126.750000000002 116.25000000000001 40.500000000000007 0.99140711019144634 176.25000000000003 32116.250000000004 26.433333333333323 0.33379414889141285 493.50000000000006 42.050000000000004 0.37940952255126048 56.550000000000004 76.52500000000002 31.150000000000002 -15.749999999999996 291.25000000000006 -4.2074738627027068 -5.5499999999999972 113.25000000000001 39.500000000000007 44.834666666666671 15.500000000000002 -11 39.025000000000006 1263.5000000000002 80.02500000000002 3.7820829092631856 4.5000000000000009 73.500000000000014 -0.72534675097891077 980.55000000000007 39060.500000000007 16.500000000000004 34.500000000000007 56.550000000000004
decision_type=2 10 10 8 2 2 2 2 2 2 2 2 2 2 2 2 8 2 2 2 2 2 2 2 10 8 2 2 2 2 2 2 8 2 8 2 2 10 2 10 10 2 2 2 2 2 10 2 10 2 8 8 2 10 2 2 2 2 2 2 2 2 8
left_child=23 11 3 7 -5 6 8 -3 -4 10 -10 18 14 15 -13 -14 -15 19 53 20 22 -17 -18 27 -25 48 -27 36 -29 30 54 35 -31 -34 -33 -32 38 -38 40 -40 43 42 -41 -1 45 -45 47 -47 49 -26 -51 -52 -53 -2 60 57 59 58 -56 62 -30 -62 -57
right_child=1 2 5 4 -6 -7 -8 -9 9 -11 -12 12 13 16 -16 21 17 -19 -20 -21 -22 -23 -24 24 25 26 -28 28 29 32 31 34 33 -35 -36 -37 37 -39 39 41 -42 -43 -44 44 -46 46 -48 -49 -50 50 51 52 -54 -55 55 56 -58 -59 -60 -61 61 -63 -64
leaf_value=-0.00763169153124369 0.004495192819474211 0.20570136439978104 0.034444228536310829 0.13188662965827655 -0.040577932823621481 0.006281789110493108 0.15846300378594302 0.012923479235178663 -0.3341369114272531 -0.012219955696562144 0.82753706196396615 -0.018013143975326055 -0.11206168635907704 0.073152430557073184 0.034083757034118971 -1.1650301042730464 0.02627113015803664 0.0082769630040163116 0.15135955958659134 -0.18091148089059916 -0.49209233566223676 -0.40635955404148638 -0.95137570218555334 0.20599652352502931 0.042859649048223085 -0.0013193010653164579 -2.0507493077930077 0.12087561711687703 0.26100907090894671 -0.54476036374068348 0.049525848990741327 -0.42931046078187318 -2.2509565983817068 -0.025506593436772414 -0.22852916539083751 -0.14761252227399241 -2.2961141175774196 -0.060266103190733458 -0.012003145078268206 0.70404192331106863 -0.16523028610994253 0.26845075633269772 0.049471439301554759 -5.7861293818462407 0.51438077744792721 -0.51274063062438757 -1.0617275221247802 -2.6205072029553751 -0.013097494846398354 -0.088186487712640524 -0.1559262696413134 -0.53225578265093509 -0.23862976175355946 -0.47838933869348815 0.1139068676762203 -0.11757580100615694 0.26345191035039084 0.068457892508905938 -0.36879625173353059 -0.27369205963543336 0.069741218087616005 -0.19172024020711823 0.066215226220955756
leaf_weight=115656 237 17640 14537 30390 15233 90365 30813 5081 824 1913 219 53453 421 1607 29114 31 206 1552 4093 1338 254 349 44 461 201 61 75 13355 4194 349 1245 131 66 36 161 970 117 131 53154 1316 11215 5333 31624 79 544 70 424 118 1098 253 167 67 62 144 151 1744 653 8013 231 949 4094 888 767
leaf_count=115656 237 17640 14537 30390 15233 90365 30813 5081 824 1913 219 53453 421 1607 29114 31 206 1552 4093 1338 254 349 44 461 201 61 75 13355 4194 349 1245 131 66 36 161 970 117 131 53154 1316 11215 5333 31624 79 544 70 424 118 1098 253 167 67 62 144 151 1744 653 8013 231 949 4094 888 767
internal_value=0.000171056 0.000327622 0.00049139 0.000858452 0.000436512 0.000310483 0.000757256 0.00170569 2.94405e-05 -0.00191813 -0.0049233 -3.75363e-05 -0.000116047 -0.00162702 -9.87059e-06 -0.00573658 -0.000968806 -0.00208603 0.00151319 -0.0039848 -0.00819444 -0.0101316 -0.003 -9.35717e-06 -0.00213701 -0.00331653 -0.0126471 1.08235e-05 0.000524647 8.52222e-06 0.000130421 -0.00255884 -0.00652993 -0.0170588 -0.010411 -0.0015237 -7.80093e-05 -0.00689516 -7.03081e-05 0.000199449 -0.000262829 0.000713689 0.000485732 -0.000165068 -0.00317814 -0.00672214 -0.00504902 -0.0114894 -0.00262987 -0.0056 -0.00811475 -0.0129054 -0.0201938 -0.00405512 0.000441339 -0.000168692 -0.00201434 0.000735557 -0.00560209 -0.00297688 0.00127289 0.000152549 -0.0017503
internal_weight=560081 299858 207015 68344 45623 138671 48306 22721 17493 2956 1043 92843 88369 5802 82567 801 5001 3394 4474 1842 504 380 250 260223 2445 1984 136 257778 37997 24642 24191 2507 451 102 292 2215 219781 248 219533 91427 128106 38273 32940 116891 1235 691 612 188 1848 750 549 296 129 381 21684 12508 4113 8395 382 3460 9176 4982 2511
internal_count=560081 299858 207015 68344 45623 138671 48306 22721 17493 2956 1043 92843 88369 5802 82567 801 5001 3394 4474 1842 504 380 250 260223 2445 1984 136 257778 37997 24642 24191 2507 451 102 292 2215 219781 248 219533 91427 128106 38273 32940 116891 1235 691 612 188 1848 750 549 296 129 381 21684 12508 4113 8395 382 3460 9176 4982 2511
is_linear=0
shrinkage=0.05


Tree=126
num_leaves=64
num_cat=0
split_feature=45 40 0 7 16 22 14 14 12 27 32 14 26 14 20 40 30 33 13 37 20 38 3 42 28 9 31 22 26 14 13 3 28 3 14 33 8 38 3 9 7 39 22 8 3 36 44 4 9 25 38 41 13 31 33 40 7 28 36 19 32 9 29
split_gain=6.16361 6.56952 6.93307 5.75359 6.75486 5.55952 8.83885 11.9619 8.39745 8.97869 9.08684 8.82543 10.1946 18.044 10.1964 7.87405 7.83444 7.5163 7.23006 6.37917 6.32113 11.728 7.8969 6.1759 6.16633 6.64077 6.56185 6.12368 5.69492 5.68396 22.9703 12.1424 9.3332 6.29534 8.73108 6.25029 6.67104 8.37428 5.63933 5.59904 8.00704 5.73502 5.50856 5.38598 5.95148 5.33293 8.98164 5.23564 5.1982 6.04382 8.50902 5.85984 5.15412 8.88772 5.27676 8.73258 5.18307 5.09805 5.2948 5.02772 5.25806 5.01339 6.37883
threshold=1.5000000000000002 990.45000000000016 6.0050000000000008 40.185144927536236 3.1160779753449561 66.500000000000014 3.5000000000000004 4.5000000000000009 0.60355339059327384 57.050000000000004 -15.160721125556412 5.5000000000000009 3363.2500000000005 4.5000000000000009 -0.87032255546191706 984.6500000000002 339.50000000000006 19.150000000000002 4.5000000000000009 38.500000000000007 -0.63605400036818849 29.150000000000002 38.050000000000004 6.1499999999999995 14.780000000000003 266.25000000000006 -8.2333703617692553 52.500000000000007 2874.0000000000005 5.5000000000000009 3.5000000000000004 51.525000000000006 4.6450000000000014 2.9100000000000006 6.5000000000000009 13.65 31.825000000000003 25.650000000000002 46.025000000000006 127.25000000000001 36.534057971014498 0.15000000000000005 81.500000000000014 86.750000000000014 34.550000000000004 52.500000000000007 990.25000000000011 25.025000000000002 138.25000000000003 987.75000000000011 33.050000000000004 14320.500000000002 5.5000000000000009 1.7554427574642113 1.9500000000000002 979.6500000000002 16.703125000000004 1.2150000000000001 557.50000000000011 -0.77714596145697057 -13.85784968590367 12.850000000000003 11.07183445063006
decision_type=2 2 2 10 2 2 2 2 2 8 2 2 2 2 2 2 2 2 2 2 2 2 8 2 2 10 2 2 2 2 2 10 2 10 2 2 10 2 8 10 8 2 2 8 8 2 2 8 10 2 2 2 2 2 2 2 8 2 2 2 2 10 2
left_child=1 2 -1 61 -5 8 15 -8 48 10 -10 12 13 18 -15 17 27 -7 20 38 21 43 23 -23 25 59 -27 -12 -24 30 -21 35 33 34 42 -32 37 -37 -9 -34 -41 -42 -31 -11 -45 -2 47 -47 -4 50 51 -50 54 -54 55 -52 -56 -22 -59 60 -16 62 -3
right_child=45 3 5 4 -6 6 7 19 9 11 16 -13 -14 14 24 -17 -18 -19 -20 29 57 22 28 -25 -26 26 -28 -29 -30 32 31 -33 39 -35 -36 36 -38 -39 -40 40 41 -43 -44 44 -46 46 -48 -49 49 -51 52 -53 53 -55 56 -57 -58 58 -60 -61 -62 -63 -64
leaf_value=0.12096670822226625 0.13048852376598538 -0.49732651582447068 0.022354090143711536 -0.0044622322390361685 0.26063680270173351 -0.43969485340202319 0.9557086073940898 -0.4976438025411376 -0.11852239165889865 0.018130700112157554 0.41305176271352223 0.24538884712464207 0.17286596941854177 0.15996594211347134 -1.349188635379043 -0.043851623489585434 -0.15287356474625902 0.011965762303313357 0.34208032105582936 0.46849431740433189 -0.091077457048443819 -2.1313523326117143 -0.53442175507684375 -0.17871921835844212 0.039689287513416369 -2.3792895781721781 -0.7654233086378277 0.1052098154563601 -1.272014524812362 -0.27875809684771258 -0.14553376695561776 0.28073795896874176 -0.074559896408174078 0.0077137494457375057 -0.023584359949015036 -0.68650329938160082 -0.01655291455067252 -0.34681108617543421 -0.16058908780766443 -0.12405087897275918 -1.2395065770695599 -0.55487324330322962 -0.035642432687839828 -2.89584420958019 -0.30415370334948061 0.0024000368527249717 0.017141992080097323 -0.22049005580064987 -0.051754659769166794 0.11210174526003643 0.12265784910086559 -0.15406905819434952 0.15405763467538736 -0.14199432584764438 -0.60070216913121621 -0.51509565472600805 0.044143302445029377 0.18082181980467998 -0.8360343496707735 -0.21741263750500686 -0.61310743697751313 -0.01639614573756747 -0.29057601643724745
leaf_weight=5911 5705 370 114371 8003 18904 4498 1697 317 1693 1454 9893 10679 7697 911 25 22144 528 2125 4088 7252 7329 58 329 22 497 261 666 7933 33 1870 1051 1033 1042 164301 9719 271 307 597 816 345 215 23 1185 37 241 3884 12533 12167 36299 11897 185 6983 2006 3273 33 137 32196 4608 24 1748 408 3180 74
leaf_count=5911 5705 370 114371 8003 18904 4498 1697 317 1693 1454 9893 10679 7697 911 25 22144 528 2125 4088 7252 7329 58 329 22 497 261 666 7933 33 1870 1051 1033 1042 164301 9719 271 307 597 816 345 215 23 1185 37 241 3884 12533 12167 36299 11897 185 6983 2006 3273 33 137 32196 4608 24 1748 408 3180 74
internal_value=0.000169627 0.000211985 0.000168103 0.000923815 0.00117572 0.000147543 -3.83136e-05 8.41228e-05 0.000300363 0.000815212 0.0016828 0.000392193 -4.17267e-05 -0.000574124 -0.00340345 -0.000855668 0.0020061 -0.00236826 0.000127037 4.68627e-05 -0.00040856 -0.00288868 -0.0101584 -0.024375 -0.00459778 -0.00542471 -0.00896979 0.00218389 -0.00701657 6.92615e-05 0.00119922 -0.00228751 2.79817e-06 3.74137e-05 -0.00103178 -0.00436658 -0.00687234 -0.0091129 -0.00369373 -0.00376923 -0.00769297 -0.0147479 -0.00336334 -0.00103349 -0.00741007 -0.000479891 -0.000758466 -0.00154165 0.00014852 -0.000129073 -0.000283435 -0.00076221 0.000264341 -0.00118488 0.00049937 -0.00586956 0.000563002 4.22207e-05 0.00134067 -0.00391793 -0.00874134 -0.000946468 -0.00592342
internal_weight=560081 525792 495261 30531 26907 489350 220808 192041 268542 61162 20047 41115 30436 22739 4516 28767 18354 6623 18223 190344 14135 2174 442 80 3605 3108 927 17826 362 189211 10511 3259 178700 177075 12774 2226 1175 868 1133 1625 583 238 3055 1732 278 34289 28584 16051 207380 93009 81112 43282 37830 5279 32551 322 32229 11961 4632 2181 433 3624 444
internal_count=560081 525792 495261 30531 26907 489350 220808 192041 268542 61162 20047 41115 30436 22739 4516 28767 18354 6623 18223 190344 14135 2174 442 80 3605 3108 927 17826 362 189211 10511 3259 178700 177075 12774 2226 1175 868 1133 1625 583 238 3055 1732 278 34289 28584 16051 207380 93009 81112 43282 37830 5279 32551 322 32229 11961 4632 2181 433 3624 444
is_linear=0
shrinkage=0.05


Tree=127
num_leaves=64
num_cat=0
split_feature=5 0 18 44 2 17 0 22 23 38 36 43 13 14 14 13 15 37 19 33 6 25 38 33 13 6 31 43 44 14 38 0 28 26 31 43 19 2 7 17 40 0 25 7 17 35 43 33 21 22 22 19 33 8 29 40 43 18 36 14 37 13 11
split_gain=6.08549 9.72668 7.44509 5.8527 6.50579 5.76615 5.49325 5.24405 5.63748 9.26954 5.29442 5.03939 4.51532 10.6713 9.79427 7.51036 6.97451 6.75921 6.90849 6.24662 6.04082 5.75754 9.32945 6.07927 8.36157 6.89479 6.89785 5.67746 5.55718 5.57399 7.1372 6.97913 4.92646 6.83726 4.85965 4.61869 4.40717 4.21923 4.18147 4.14084 4.11486 4.10868 4.11313 7.10074 6.23139 6.24039 5.25815 9.71171 5.76955 4.97789 4.96313 4.94509 4.89163 4.97043 4.77837 8.26059 5.6696 6.69432 5.52225 4.70921 7.69553 6.6297 10.1426
threshold=48.025000000000006 124.25000000000001 24.550000000000004 -21248.999999999996 368.25000000000006 -19.094486385353484 6.0050000000000008 69.500000000000014 35.750000000000007 35.350000000000001 57.500000000000007 -322.49999999999994 4.5000000000000009 4.5000000000000009 4.5000000000000009 1.0000000180025095e-35 1.0000000180025095e-35 56.500000000000007 -0.99140711019144601 7.2500000000000009 103.99166666666669 985.35000000000002 31.650000000000002 16.750000000000004 3.5000000000000004 27.166666666666682 0.50242517993226221 -1.0000000180025095e-35 -8445.7499999999982 5.5000000000000009 29.350000000000005 86.02500000000002 2.2150000000000003 1768.2500000000002 -7.5934072898712834 597.50000000000011 0.7489272028500833 258.25000000000006 57.938194444444456 -11.749393838195724 993.1500000000002 685.00000000000011 976.45000000000016 83.64895833333334 3.5488034790323373 -0.52247866957162936 1152.5000000000002 1.4500000000000002 3477.5000000000005 91.500000000000014 11.500000000000002 0.9681107762825325 6.4500000000000011 25.005000000000006 0.41860092361375906 975.55000000000007 -427.49999999999994 17.350000000000005 147.50000000000003 7.5000000000000009 88.500000000000014 5.5000000000000009 0.78656609248549325
decision_type=10 2 2 2 8 2 2 2 2 2 2 2 2 2 2 2 2 2 2 2 10 2 2 2 2 8 2 2 2 2 2 2 2 2 2 2 2 8 10 2 2 2 2 10 2 2 2 2 2 2 2 2 2 8 2 2 2 2 2 2 2 2 2
left_child=5 2 7 4 -3 -1 40 8 12 -10 -9 -4 14 -14 15 -2 -16 18 27 28 -19 22 23 24 25 -17 -27 -18 -15 30 31 38 -21 -34 -23 36 37 -25 -30 -20 -7 42 43 44 45 49 50 -48 51 -8 -44 -49 53 -53 56 58 -46 -58 -56 60 -52 -61 -63
right_child=1 3 11 -5 -6 6 41 10 9 -11 -12 -13 13 19 16 21 17 20 39 32 -22 34 -24 35 -26 26 -28 -29 29 -31 -32 -33 33 -35 -36 -37 -38 -39 -40 -41 -42 -43 46 -45 54 -47 47 48 -50 -51 59 52 -54 -55 55 -57 57 -59 -60 61 -62 62 -64
leaf_value=-0.11306654811889692 0.18167166042352154 -0.79622443578424962 0.3825035003070294 -0.025447976987040023 -3.2571795786654856 0.10746298441053229 -0.055976428828594937 0.15424247409820391 -0.13814853428947843 0.040120629015631265 -0.020313506658671824 0.10004436560452352 0.32498707409923711 -0.39603337173816855 0.13820297773080512 -0.58704963736767957 -0.83967040814091831 -0.068858370392173338 -0.35047281538344083 0.11535119023545684 -1.8619909865882585 -0.14968130479270622 0.18050421172351108 -0.078820803260476191 0.060824369626091196 -0.35107483829038588 -0.092273730643087096 -0.056005688499279893 -0.49913844598462964 0.07241432487375371 -0.061707149908310249 -0.32843637307502133 -0.33986636977646051 0.039429513753821865 0.09947118304547907 -0.47992300143867861 0.14393460028674365 -0.34531031534293405 -0.34823234195306285 0.12505858434947617 -0.073166134669196844 -5.1127950498945367 0.13387525515061552 -0.2524819610337114 0.19960883454314654 -0.0095628454455397513 -0.54446162668257492 -0.028848703227034422 -0.42297221231679272 -0.16474671461326848 0.0029107895891944957 -0.28918757844136039 -0.062821962927667285 -0.49738484232920233 0.16961163142154209 -0.14813052686200531 0.038814859615410063 -0.051813731144630462 -0.061165332766268989 0.040179539016906789 -0.10995113050042854 0.008784963386967071 -0.17694946514382362
leaf_weight=3179 6099 267 4591 65317 46 5816 15993 8341 4656 12901 36545 8312 16270 195 32108 73 77 36 365 10544 38 2539 2803 4253 1357 3100 1572 62 42 1119 347 118 659 1124 9632 199 2000 337 59 1286 106 275 4033 2610 3212 40049 52 4943 64 2274 98398 93 208 31 2653 2297 30703 7597 4277 72366 6876 10000 2587
leaf_count=3179 6099 267 4591 65317 46 5816 15993 8341 4656 12901 36545 8312 16270 195 32108 73 77 36 365 10544 38 2539 2803 4253 1357 3100 1572 62 42 1119 347 118 659 1124 9632 199 2000 337 59 1286 106 275 4033 2610 3212 40049 52 4943 64 2274 98398 93 208 31 2653 2297 30703 7597 4277 72366 6876 10000 2587
internal_value=0.000167842 0.000358601 0.000554475 -0.000159988 -0.00698083 2.54452e-05 4.66597e-05 0.00046178 0.00063939 -0.000185966 2.89641e-06 0.00171007 0.000786634 0.00129229 0.000559792 -4.06311e-05 0.00116007 -0.0018133 -0.00120112 0.000291054 -0.0166216 -0.00038848 -0.00102141 -0.00158987 -0.00273517 -0.00372497 -0.00348673 -0.0119065 -0.00239362 -0.00146884 -0.00551237 -0.0125799 0.000700495 -0.00173023 0.000427656 -0.000560465 -0.000333839 -0.00118736 -0.0222277 -0.000299818 0.00155522 1.79885e-05 2.33848e-05 -0.00021963 -0.000157948 -0.000510494 0.000159303 -0.00138101 -0.00117157 -0.00127635 0.000202049 -0.000990521 -0.00689759 -0.0147581 0.000247246 -0.000781944 0.000476007 0.000306789 7.93653e-05 0.00016525 -5.82288e-05 0.000442186 -0.000616906
internal_weight=560081 239389 173759 65630 313 320692 317513 160856 115970 17557 44886 12903 98413 30477 67936 33964 33972 1864 1790 14207 74 27865 15694 12891 6102 4745 4672 139 1880 1685 566 219 12327 1783 12171 6789 6590 4590 101 1651 5922 311591 311316 111665 109055 58316 199651 5391 5339 18267 194260 5275 332 124 50739 9227 41512 38300 6930 190227 105274 84953 12587
internal_count=560081 239389 173759 65630 313 320692 317513 160856 115970 17557 44886 12903 98413 30477 67936 33964 33972 1864 1790 14207 74 27865 15694 12891 6102 4745 4672 139 1880 1685 566 219 12327 1783 12171 6789 6590 4590 101 1651 5922 311591 311316 111665 109055 58316 199651 5391 5339 18267 194260 5275 332 124 50739 9227 41512 38300 6930 190227 105274 84953 12587
is_linear=0
shrinkage=0.05


Tree=128
num_leaves=64
num_cat=0
split_feature=11 3 8 27 14 36 37 41 43 10 34 21 21 13 14 10 19 37 0 12 35 27 8 38 39 32 20 15 26 37 40 25 13 32 8 5 0 21 13 26 2 37 16 43 20 36 27 3 10 8 35 6 38 5 31 25 4 22 26 13 19 6 25
split_gain=6.25256 6.22305 5.51501 8.28181 6.7641 5.74754 4.81694 4.9978 4.87889 4.56837 5.96571 5.78774 4.29299 4.8604 4.91028 8.07699 5.40233 4.28524 5.22604 4.67903 6.86994 6.53488 6.7708 5.73614 5.20798 6.39509 5.68895 4.90827 8.70918 8.39838 5.84156 5.63705 6.35801 10.7261 6.60081 5.79329 5.49253 5.28033 6.97222 5.5378 4.96271 4.66268 4.79021 4.9368 4.68148 4.63903 4.74918 4.58952 4.58383 4.5779 4.51452 4.43831 6.05646 4.3531 4.39678 6.09822 5.20101 4.31812 6.12432 5.89678 7.4685 4.27383 4.27184
threshold=-1.0000000180025095e-35 24.450000000000003 -15.999999999999996 45.95000000000001 7.5000000000000009 61.250000000000007 51.500000000000007 9516.5000000000018 1347.5000000000002 24.325000000000006 0.9681107762825325 1307.5000000000002 171.87500000000003 1.5000000000000002 11.500000000000002 119.25000000000001 0.43049470426488845 91.500000000000014 13.550000000000002 0.37940952255126048 -0.67556448321067808 119.25000000000001 38.015000000000008 28.850000000000005 1.0000000180025095e-35 4.5018567145713186 0.95368063612909459 1.0000000180025095e-35 56072.000000000007 67.500000000000014 979.45000000000016 973.25000000000011 5.5000000000000009 -8.2737742800946954 8.0150000000000023 62.025000000000006 50.050000000000004 1307.5000000000002 3.5000000000000004 4173.2500000000009 63.050000000000004 30.500000000000004 22.739800878496609 -392.49999999999994 0.31729257441605191 1112.5000000000002 59.050000000000004 41.525000000000006 65.125000000000014 -24.199999999999989 -0.97233289553061575 73.741666666666703 36.250000000000007 44.025000000000006 -8.4863203917656858 985.75000000000011 52.525000000000006 45.500000000000007 23753.500000000004 4.5000000000000009 0.94828754594723541 452.08333333333343 987.95000000000016
decision_type=2 10 10 8 2 2 2 2 2 10 2 2 2 2 2 10 2 2 2 2 2 10 10 2 2 2 2 2 2 2 2 2 2 2 10 10 2 2 2 2 8 2 2 2 2 2 10 8 10 8 2 10 2 10 2 2 10 2 2 2 2 10 2
left_child=17 -2 3 4 -3 -5 7 8 -4 -9 -11 -12 13 14 -7 16 -16 18 -1 23 21 -21 -23 57 25 27 41 30 29 -29 31 37 34 35 -33 -34 -30 39 47 -25 -32 44 43 49 -27 46 -40 -39 50 -43 -24 -47 -53 61 -55 56 -56 59 -59 60 -20 -22 -19
right_child=1 2 6 5 -6 12 -8 9 -10 10 11 -13 -14 -15 15 -17 -18 62 19 20 53 22 48 24 -26 26 -28 28 36 -31 40 32 33 -35 -36 -37 -38 38 45 -41 -42 42 -44 -45 -46 51 -48 -49 -50 -51 -52 52 -54 54 55 -57 -58 58 -60 -61 -62 -63 -64
leaf_value=0.047138314889907662 -0.0029278336458091673 0.1871016448022195 0.14618916981583421 0.28223799785587317 0.0034719302573514156 0.28674897071126537 0.0063980296992753099 0.058911714428459286 -0.62169392452432415 -0.028476275108404066 -0.49010224828984983 -0.10024454858096854 0.068088127542254226 -0.11723642950346198 0.15641959392983498 -1.4127273065239203 -2.5669063676689414 -0.044022599347246318 -0.038221390705018093 -0.039276729044451168 0.0011593416449916713 -0.16687030569202532 -1.9437060783800832 -0.1018625599290691 0.057153093261350277 -0.039430869207184728 -0.32325000146725547 0.015925851511423349 -0.25944042244832105 -0.17380799278952583 -0.048006937848910608 0.10862361233368928 -0.22350930554573689 0.088230903810330386 -0.011242977513275609 0.30276099155506947 0.15405677497656439 -0.095846037333318243 -0.30364643573838823 0.071320156836889401 0.023127101092360658 -0.36815176918281178 -0.43979348149753794 -0.047076725455347274 0.16480539955843074 -0.032754234821111214 0.047653688449841997 0.13340740503621049 -0.9294325546229919 -0.11264909820252816 -4.1528690192664408 -1.4490095956519227 -0.47278369437100987 0.16977791701972816 0.09064256617075607 0.19020563242897007 -0.13244612474078518 -0.08488725571294875 -0.29830090580851903 0.13353248888121405 -0.59649605557884744 -5.5448848688860011 -0.50071881704891663
leaf_weight=14682 78614 18842 29952 12421 5726 2983 99375 9409 61 10222 289 288 18957 12384 243 24 68 7869 13453 11546 29194 569 82 2751 13562 2677 695 3510 252 1122 13647 20324 1715 3116 6410 327 71 1028 699 6187 13332 280 102 9413 2361 1279 184 1604 90 1705 104 32 113 15401 4817 12087 9011 25557 248 5446 468 36 1065
leaf_count=14682 78614 18842 29952 12421 5726 2983 99375 9409 61 10222 289 288 18957 12384 243 24 68 7869 13453 11546 29194 569 82 2751 13562 2677 695 3510 252 1122 13647 20324 1715 3116 6410 327 71 1028 699 6187 13332 280 102 9413 2361 1279 184 1604 90 1705 104 32 113 15401 4817 12087 9011 25557 248 5446 468 36 1065
internal_value=0.000166324 0.000321953 0.00045773 0.000818446 0.0015626 0.000430119 0.000284968 0.000684077 0.00109336 7.62076e-05 -0.000625521 -0.00557192 9.93972e-05 -0.000512036 0.00118746 -0.00455224 -0.0023955 -1.30079e-05 2.525e-05 -3.155e-05 0.00027111 -0.000814704 -0.00505917 -0.000194898 2.21221e-06 -0.000128718 -0.00100012 6.45408e-05 -0.00145812 -0.000904577 0.000168252 0.000512246 0.000878277 -0.000728965 0.00118837 -0.00354554 -0.00939628 -0.000328961 -0.00164102 0.000396062 -0.000415323 -0.000813883 -0.00136957 -0.00127303 0.000454546 -0.00364759 -0.0064949 0.000117781 -0.0114855 -0.00353904 -0.0159677 -0.00188202 -0.0101724 0.000461827 0.000792187 0.000394559 -0.000322534 -0.000668334 -0.00109184 -0.000104043 -0.000649738 -5.13153e-06 -0.0010891
internal_weight=560081 299858 221244 71648 24568 47080 149596 50221 30013 20208 10799 577 34659 15702 3318 335 311 260223 251289 236607 82937 12391 845 153670 108498 94936 17233 77703 4955 4632 72748 45769 31892 5158 26734 2042 323 13877 4939 8938 26979 16538 11500 11398 5038 2307 883 2632 276 1985 186 1424 145 70546 41316 25915 13828 45172 25805 19367 13921 29230 8934
internal_count=560081 299858 221244 71648 24568 47080 149596 50221 30013 20208 10799 577 34659 15702 3318 335 311 260223 251289 236607 82937 12391 845 153670 108498 94936 17233 77703 4955 4632 72748 45769 31892 5158 26734 2042 323 13877 4939 8938 26979 16538 11500 11398 5038 2307 883 2632 276 1985 186 1424 145 70546 41316 25915 13828 45172 25805 19367 13921 29230 8934
is_linear=0
shrinkage=0.05


Tree=129
num_leaves=64
num_cat=0
split_feature=41 34 37 29 8 19 16 38 27 38 37 7 6 27 23 22 14 7 25 6 11 34 14 13 19 13 28 7 12 22 1 17 4 30 35 23 21 21 21 5 9 37 5 17 10 22 20 4 39 31 14 16 11 3 39 28 42 9 40 23 1 38 22
split_gain=5.48838 6.87188 11.8735 10.3469 9.39168 8.96439 7.45428 10.0934 7.05399 6.72155 7.6778 7.41808 6.26492 5.93694 8.31085 6.60794 5.75096 5.68718 5.64653 5.55898 5.50512 5.44022 5.26001 8.96421 6.79476 8.64412 7.58756 6.67079 6.35947 5.7601 5.17469 5.46751 5.69779 4.99424 5.31925 8.00865 6.07963 7.07508 4.97183 4.93374 4.88688 5.89037 7.25319 6.98167 5.70376 5.63845 6.37095 4.95173 4.91885 5.28984 4.82056 6.43113 6.92985 6.75309 6.46767 5.03619 8.79552 4.92043 4.77314 5.8991 4.72563 4.71323 5.5171
threshold=7325.7500000000009 0.50751903745502713 68.500000000000014 0.45071176391942641 -39.194999999999986 0.90992662233962551 7.6093684333255558 27.650000000000002 60.550000000000004 37.750000000000007 12.500000000000002 50.934848484848494 25.925000000000008 162.25000000000003 19.850000000000005 90.500000000000014 4.5000000000000009 43.793201754385969 970.25000000000011 25.925000000000008 -0.78656609248549292 -0.53727914962411594 5.5000000000000009 3.5000000000000004 0.80382625221112025 1.0000000180025095e-35 0.82500000000000018 220.2441666666667 -0.5 58.500000000000007 82.375000000000014 12.225856735577958 81.925000000000026 10.500000000000002 -0.19936034309715203 27.450000000000003 227.50000000000003 577.50000000000011 42.500000000000007 20.050000000000004 49.050000000000004 49.500000000000007 29.950000000000003 -16.991407160297335 1.6050000000000002 71.500000000000014 0.49240481012316878 53.050000000000004 1.5500000000000003 1.0457234003006024 7.5000000000000009 -8.4681497927711415 0.60355339059327384 2.9100000000000006 0.95000000000000007 2.0450000000000004 -16.449999999999992 272.25000000000006 991.05000000000007 15.350000000000003 31.525000000000002 24.650000000000002 27.500000000000004
decision_type=2 2 2 2 8 2 2 2 8 2 2 8 8 8 2 2 2 8 2 10 2 2 2 2 2 2 2 10 2 2 8 2 8 2 2 2 2 2 2 10 8 2 10 2 8 2 2 10 2 2 2 2 2 10 2 2 2 10 2 2 10 2 2
left_child=1 5 8 -4 -5 13 33 -8 -3 -2 11 -11 20 14 21 40 -12 -18 -7 -17 -9 38 23 24 25 -10 28 -25 -27 60 31 -28 -33 -6 35 -35 -37 39 -1 -38 48 42 61 -43 -45 46 47 -44 -16 -50 51 -46 -53 57 -55 -52 -57 -54 -15 -60 -26 62 -42
right_child=9 2 3 4 6 18 7 12 22 10 16 -13 -14 58 15 19 17 -19 -20 -21 -22 -23 -24 27 29 26 30 -29 -30 -31 -32 32 -34 34 -36 36 37 -39 -40 -41 41 43 45 44 50 -47 -48 -49 49 -51 55 52 53 54 -56 56 -58 -59 59 -61 -62 -63 -64
leaf_value=-0.21732020260898219 -0.010513464034311963 0.18805683377191129 0.030436263313795026 0.36118338902261321 -0.011596380013999477 -0.26904263768030384 -0.12198179852852031 -0.030391901534946471 0.21433552673353715 -0.10614318111708387 0.33420208313017036 0.012145491519834265 -0.20824505082264536 -0.049217210332398988 0.12579893501780062 0.0087844801080872829 0.18988694862181876 0.024385566691185762 -0.039656314287186301 -0.12631936537160593 -0.36226609973624085 0.044407943133028017 0.23304970431835523 0.173090024285007 -0.29735620450657424 0.16193575665871643 -0.18975784256909403 -2.5862770703906008 -0.44623439489076705 0.52381618102450789 0.19580707302106026 0.06545287831813193 -0.49214218238615182 -0.23245696177540567 -0.08970692331631229 -0.074694149288477882 -0.73548307902904619 0.054337601012041152 0.31510948942516648 -0.51536443425927503 0.13046941788722519 -0.32812583881248092 0.39967507419907883 -0.28712272423600577 0.099362041987758151 -0.29599524799417509 0.034892802753623421 0.17130073508102039 -0.23286593002011671 0.26322435172377939 0.049531346119239775 -0.1141100346556387 -0.28287601585231031 0.088239016653581748 -0.30692341396341216 -0.3263583729861953 -0.097132601832317977 -1.4069135142824365 0.47743317916209282 -0.022965830874153992 0.01937964480920569 -0.0019751867207975378 -0.28862487073476079
leaf_weight=1043 167615 22427 78597 2071 10195 960 1566 65 1897 1388 3071 4393 581 53678 6222 3451 3389 11715 29139 3906 266 6796 11244 12771 282 377 1437 196 2421 1519 1156 68 130 1207 3098 118 23 46 9314 196 253 677 5908 207 4830 658 11264 9722 90 89 20635 11272 446 6180 153 25 2707 30 7075 9652 2062 5057 1055
leaf_count=1043 167615 22427 78597 2071 10195 960 1566 65 1897 1388 3071 4393 581 53678 6222 3451 3389 11715 29139 3906 266 6796 11244 12771 282 377 1437 196 2421 1519 1156 68 130 1207 3098 118 23 46 9314 196 253 677 5908 207 4830 658 11264 9722 90 89 20635 11272 446 6180 153 25 2707 30 7075 9652 2062 5057 1055
internal_value=0.000165432 0.000278283 0.000530266 0.000194789 -0.000838308 9.32734e-05 -0.00121796 -0.00375706 0.0010974 -5.16517e-05 0.000731758 -0.000855388 -0.0079386 0.000225198 0.00045138 0.000268197 0.00123659 0.00083554 -0.000706169 -0.00117099 -0.013429 0.00146418 0.000659449 0.000245929 -0.000780245 -0.0016591 -0.00264895 0.00114406 -0.00448892 0.000922858 -0.000804371 -0.00261468 -0.010404 -0.000795202 -0.0021459 -0.00449686 -0.0107963 -0.015 0.00218548 -0.0187443 0.000389232 0.000284229 0.000786774 -7.71806e-05 -3.76447e-06 0.00113821 0.00125009 0.00190339 0.00171926 -0.00645251 3.32773e-05 -0.000482083 -0.000915049 0.000344397 0.000776094 0.00053858 -0.00147877 -0.00539916 -0.000134578 0.000602918 -0.000631399 -0.000734485 -0.00340979
internal_weight=560081 368510 156016 98029 19432 212494 17361 2478 57987 191571 23956 5781 912 182395 111990 94837 18175 15104 30099 7357 331 17153 35560 24316 11349 7486 5589 12967 2798 3863 2791 1635 198 14883 4688 1590 383 265 10357 219 87480 81079 33917 47162 46485 27552 26894 15630 6401 179 46278 22911 18081 6809 6333 23367 2732 476 70405 16727 2344 6365 1308
internal_count=560081 368510 156016 98029 19432 212494 17361 2478 57987 191571 23956 5781 912 182395 111990 94837 18175 15104 30099 7357 331 17153 35560 24316 11349 7486 5589 12967 2798 3863 2791 1635 198 14883 4688 1590 383 265 10357 219 87480 81079 33917 47162 46485 27552 26894 15630 6401 179 46278 22911 18081 6809 6333 23367 2732 476 70405 16727 2344 6365 1308
is_linear=0
shrinkage=0.05


Tree=130
num_leaves=64
num_cat=0
split_feature=45 41 18 21 5 34 11 5 19 9 3 14 43 23 10 10 8 29 0 1 0 10 41 18 28 8 25 0 13 9 1 13 39 36 32 10 38 23 10 33 19 13 14 23 2 23 38 5 32 5 35 0 17 25 6 15 0 19 31 13 37 4 28
split_gain=5.71081 5.83396 9.36277 6.35202 5.92445 5.73589 6.0637 5.5831 5.37461 5.01277 6.80609 6.25915 5.38681 14.3333 4.89767 8.21483 6.51016 6.51536 15.6144 4.7391 5.71883 5.11266 5.33538 5.09914 6.83601 5.77387 5.66188 5.16173 5.14055 4.77642 4.66383 4.54624 5.05303 4.9148 4.63307 4.59605 4.49863 4.57956 4.37427 5.78891 5.53316 7.36472 5.18123 4.35045 4.82105 4.31358 6.10715 6.37634 4.92701 5.61047 4.23246 4.08805 4.5155 4.1354 4.15212 3.97292 3.8852 4.42652 3.86434 7.35073 8.1433 5.68494 5.12433
threshold=1.5000000000000002 2351.0000000000005 20.550000000000004 417.50000000000006 16.050000000000004 0.76037701167087512 -0.9159756150367534 32.975000000000009 0.99687937417578498 240.25000000000003 58.550000000000004 7.5000000000000009 67.500000000000014 16.750000000000004 9.9850000000000012 9.0150000000000023 25.005000000000006 1.6824988832057441 212.25000000000003 10.850000000000003 10.850000000000003 39.525000000000006 11683.000000000002 14.750000000000002 1.7650000000000003 -26.074999999999996 979.25000000000011 685.00000000000011 3.5000000000000004 186.25000000000003 237.25000000000003 4.5000000000000009 0.95000000000000007 196.25000000000003 -14.368356817037943 20.325000000000006 27.150000000000002 30.050000000000004 8.0025000000000031 16.050000000000004 -0.22495105434386511 3.5000000000000004 2.5000000000000004 8.0500000000000025 294.75000000000006 14.950000000000001 10.350000000000003 217.75000000000003 -12.769133783780463 445.25000000000006 -0.43049470426488839 14.050000000000002 6.0558754164205544 979.75000000000011 83.258333333333368 1.0000000180025095e-35 398.25000000000006 0.98897820466835418 5.9753609712203284 1.5000000000000002 71.500000000000014 146.25000000000003 2.1950000000000007
decision_type=2 2 2 2 10 2 2 8 2 8 10 2 2 2 8 10 10 2 2 8 2 10 2 2 2 8 2 2 2 8 8 2 2 2 2 10 2 2 8 2 2 2 2 2 10 2 2 8 2 10 2 2 2 2 8 2 2 2 2 2 2 8 2
left_child=1 2 5 7 51 6 8 -4 -1 10 58 38 43 30 15 -2 -17 18 -18 20 -6 23 29 26 25 28 -21 -27 -25 -23 -14 33 -33 -30 35 -35 37 50 39 40 41 42 -11 44 -13 -9 47 -47 49 -48 -22 -3 -53 54 -54 -40 -16 -58 59 60 -8 -62 -61
right_child=14 4 3 -5 19 -7 9 45 -10 11 -12 12 13 -15 56 16 17 -19 -20 21 36 22 -24 24 -26 27 -28 -29 31 -31 -32 32 -34 34 -36 -37 -38 -39 55 -41 -42 -43 -44 -45 -46 46 48 -49 -50 -51 -52 52 53 -55 -56 -57 57 -59 -60 62 61 -63 -64
leaf_value=-0.074475504090137437 -0.0080654584286306927 0.027947996659338472 -0.064710620383217107 0.21196978026460178 0.042251282754905306 0.072736784476358812 0.05926017925543986 0.52186032513127578 -0.49084674881373624 -1.5802281727160141 0.19245088941857791 -1.6724824165032151 -2.9839614184930019 0.18146267457143347 -0.0011930311893388501 -0.31094291660976209 -13.512953678946094 -1.3097525147064486 0.97663402740895711 0.016321682916389062 -0.33771390139932933 0.042057740989704447 -0.054849845638802713 0.21135838017811262 0.065875747868202161 -0.022320285197104994 0.075141442730899816 -10.50796346176417 0.14879717752329924 -0.039497945463353744 -1.9411889406404541 0.14986657453444127 -0.22720717473258556 -1.7442426623470231 -0.18005008694178617 -0.92096331392036823 -0.065321213742536896 -0.47198493890837734 -0.12824319628399472 0.20757846095515051 -0.14189754279200215 -0.68296275225344383 -0.63117529908979664 0.15390046747325192 1.524039760686581 -1.3460381464593161 -0.10596077205708124 -1.4707213482622634 0.12936438960932026 -1.6135078240799221 -0.10394555755218265 -0.019334391707618012 -0.071132885997115342 -0.23764379281471881 0.19273229819563797 0.39576702073294251 -1.8752098663553991 -3.0213255192296571 0.06457839398575814 0.043348789604619471 -0.15395205932616143 0.12560939900759091 -0.15848624843434694
leaf_weight=14664 5068 7731 2957 9259 2672 40900 3959 5879 438 47 12329 112 100 593 24707 3420 216 339 145 62516 484 29982 23157 5061 17819 48982 46977 41 713 26521 203 2071 235 66 953 98 3551 34 20896 190 148 62 35 17854 53 20 2750 64 11435 69 617 41561 7159 2557 627 1075 372 22 17824 21588 4957 753 2394
leaf_count=14664 5068 7731 2957 9259 2672 40900 3959 5879 438 47 12329 112 100 593 24707 3420 216 339 145 62516 484 29982 23157 5061 17819 48982 46977 41 713 26521 203 2071 235 66 953 98 3551 34 20896 190 148 62 35 17854 53 20 2750 64 11435 69 617 41561 7159 2557 627 1075 372 22 17824 21588 4957 753 2394
internal_value=0.000164271 0.000205043 0.000423203 0.00119832 7.78935e-05 0.000267227 9.32872e-05 0.00075602 -0.000843597 0.000227817 0.000505768 -0.00020088 0.000469205 -0.00331473 -0.000460935 -0.00144863 -0.0031068 -0.0075 -0.0121745 0.000176665 -0.00107502 0.000211394 -0.00012365 0.000355249 4.0703e-05 -0.000221573 0.00057369 -0.000437244 0.00092802 0.000138311 -0.0121617 -0.000379594 0.00109714 -0.00224044 -0.00431065 -0.0120732 -0.00212761 -0.00486784 -0.000765376 -0.00547718 -0.00989726 -0.016875 -0.0267073 0.000657362 -0.00742424 0.00105283 0.000585158 -0.0128571 0.000664375 -0.00120787 -0.00430972 -0.000373522 -0.000533292 -0.00146814 -0.000895196 -0.000662009 -9.93982e-05 -0.00502538 0.000253036 -6.22565e-05 -0.00122608 -0.00243433 0.000406972
internal_weight=560081 525792 193607 32433 332185 161174 120274 23174 15102 105172 63804 41368 18915 896 34289 9188 4120 700 361 272550 7358 265192 79660 185532 76039 58220 109493 49023 9197 56503 303 4136 2306 1830 1117 164 4686 1135 22453 482 292 144 82 18019 165 20217 14338 84 14254 2819 1101 59635 51904 10343 7786 21971 25101 394 51475 33651 9669 5710 23982
internal_count=560081 525792 193607 32433 332185 161174 120274 23174 15102 105172 63804 41368 18915 896 34289 9188 4120 700 361 272550 7358 265192 79660 185532 76039 58220 109493 49023 9197 56503 303 4136 2306 1830 1117 164 4686 1135 22453 482 292 144 82 18019 165 20217 14338 84 14254 2819 1101 59635 51904 10343 7786 21971 25101 394 51475 33651 9669 5710 23982
is_linear=0
shrinkage=0.05


Tree=131
num_leaves=64
num_cat=0
split_feature=12 42 31 22 13 14 26 4 36 38 13 14 13 14 31 13 36 34 16 23 16 15 42 41 1 28 13 26 0 40 19 40 9 17 11 16 34 14 14 16 35 4 3 2 14 44 17 11 28 7 10 41 8 10 21 17 29 13 41 25 36 10 9
split_gain=5.32002 6.574 6.95339 8.16873 11.4011 9.42342 10.1006 9.20334 5.86882 5.48248 10.314 18.1877 10.1174 10.4028 9.40743 9.31462 12.7298 10.2963 16.4221 8.55323 8.35481 8.4167 7.57961 7.42548 7.10445 6.41206 7.57664 7.09823 5.96217 5.89146 5.85489 5.44054 5.53423 5.39579 5.35355 5.31145 5.50151 5.2803 5.11368 16.2252 6.68908 5.86878 5.5641 6.07602 5.052 7.7664 5.52231 4.992 4.95098 4.94131 7.89254 8.10871 6.38056 5.15924 4.93445 4.86822 12.5115 8.5668 7.38402 6.65467 5.10863 5.1045 4.65987
threshold=0.37940952255126048 -16.449999999999992 -7.9195959492893309 60.500000000000007 3.5000000000000004 5.5000000000000009 4959.2500000000009 40.050000000000004 67.500000000000014 28.850000000000005 4.5000000000000009 4.5000000000000009 1.0000000180025095e-35 8.5000000000000018 11.373267055267856 3.5000000000000004 352.50000000000006 -0.12186934340514725 4.7168792079345252 27.850000000000005 7.3001165361781188 1.0000000180025095e-35 0.45000000000000023 3564.5000000000005 89.02500000000002 0.46500000000000002 2.5000000000000004 2111.7500000000005 313.25000000000006 986.45000000000016 -0.88697705852364728 985.75000000000011 9.0100000000000016 10.542573265630127 -0.5 20.283065689162736 -0.80382625221112014 2.5000000000000004 11.500000000000002 4.2989925820635984 -0.034899496702500851 179.75000000000003 8.1550000000000029 40.050000000000004 8.5000000000000018 -408.74999999999994 -11.130952768675417 -0.70710678118654735 0.52500000000000013 213.2395021645022 10.325000000000003 585.75000000000011 -153.84999999999997 231.50000000000003 155.62500000000003 6.7046317935597335 17.591334569152156 1.5000000000000002 2240.5000000000005 975.85000000000002 310.62500000000006 19.325000000000006 41.550000000000004
decision_type=2 2 2 2 2 2 2 10 2 2 2 2 2 2 2 2 2 2 2 2 2 2 2 2 10 2 2 2 2 2 2 2 8 2 2 2 2 2 2 2 2 10 8 10 2 2 2 2 2 10 8 2 8 10 2 2 2 2 2 2 2 10 8
left_child=9 -2 3 4 5 6 7 -3 31 10 12 28 38 15 49 17 30 34 25 -11 21 -13 35 -20 -16 27 33 -19 -12 -28 -17 37 -33 48 62 36 -18 -4 42 41 -41 -40 43 -1 45 -5 -47 -30 -27 -15 51 52 -51 -52 -35 -29 58 61 -57 60 -60 -58 -14
right_child=1 2 8 44 -6 -7 -8 -9 -10 19 11 20 13 14 24 16 22 18 23 -21 -22 -23 -24 -25 -26 26 29 55 47 -31 -32 32 -34 54 -36 -37 -38 -39 39 40 -42 -43 -44 -45 -46 46 -48 -49 -50 50 53 -53 -54 -55 -56 56 57 -59 59 -61 -62 -63 -64
leaf_value=-0.073170646375982626 0.25381889448510597 -0.35249349061923119 -0.63773385913185954 0.099979184787700459 0.36382830300554209 0.34352712633452975 0.24320452498743364 -0.052470499859944952 -0.01703621563005912 0.10479664321460438 0.17376608008132974 -0.091946540998745385 -0.31848323806664419 0.15852298519707159 0.0079656498542013867 0.19897324539635369 -0.51886613301124695 -0.11359413300579971 -0.18134781520869148 0.0072363116559709109 0.10771543631773239 0.45946350933301405 -0.14830047490327911 -0.4213591232426348 -0.58367981081706932 -0.67567150258115105 0.3609076007182252 0.15893382506634079 -3.3962953778025256 -1.2432750509336143 -0.13337543505371877 -0.096955784611133036 0.21614395674976833 0.15924950633885468 0.052781285669279046 0.14344302469116543 -0.29396067890166466 0.013104307668220566 -1.3658529961042427 -1.8339348393940964 0.35994302142603685 -3.3937665466792115 0.076829247128587796 -1.5626352677728916 0.11849340743205668 -0.36842401330239244 -0.011102530712502716 -1.2201339577801509 -0.13421336211216528 1.5928093375996191 0.1208592736255497 -0.4835904018485801 -7.810938236780931 -1.6426723370695386 -0.54014879606942012 0.34314288009242139 -0.26548673784038057 0.58017750958081915 -0.27660287614932372 0.044751491593694931 -0.09898433912907123 -0.77402282556305468 -0.088564888118367699
leaf_weight=316 4388 1722 1306 13627 12567 4492 2791 5058 70712 12327 20578 18778 142 11155 2387 1676 768 4521 4407 186766 5940 1444 3418 1787 2360 58 661 5424 20 31 8496 26 20039 50 16989 198 1945 29339 167 86 1211 184 18433 32 9075 1137 32573 239 2328 34 5699 222 108 193 235 1024 85 76 227 1271 698 86 5949
leaf_count=316 4388 1722 1306 13627 12567 4492 2791 5058 70712 12327 20578 18778 142 11155 2387 1676 768 4521 4407 186766 5940 1444 3418 1787 2360 58 661 5424 20 31 8496 26 20039 50 16989 198 1945 29339 167 86 1211 184 18433 32 9075 1137 32573 239 2328 34 5699 222 108 193 235 1024 85 76 227 1271 698 86 5949
internal_value=0.00016195 0.000361787 0.000320692 0.000673274 0.00139504 0.000417052 -0.000469648 -0.0015118 7.95574e-05 4.31202e-05 -0.000182863 0.000432882 -0.000458116 -0.000698989 0.000231971 -0.00102878 -0.00204806 -0.000663532 -0.00141299 0.000215804 -0.00044492 -0.000929186 -0.00380866 -0.00361317 -0.0017411 -0.000600596 -0.00255278 -0.000111094 0.00153501 0.00210983 -0.000952615 0.000490042 0.00113008 -0.00376076 8.23225e-05 -0.00568361 -0.0062606 7.09742e-05 0.000540653 -0.00212985 0.000451041 -0.0116667 0.000774986 -0.00548851 0.000332554 0.000125378 -0.000281815 -0.00600386 -0.00298407 0.000769916 -0.000354859 -0.0075 -0.016831 8.65582e-05 -0.0102632 0.000709144 -0.000754254 -0.0115992 7.76399e-05 -0.00155738 -0.00478378 -0.017807 -0.00118946
internal_weight=560081 208852 204464 83042 26630 14063 9571 6780 121422 351229 152136 46999 105137 84708 22158 62550 16501 46049 22969 199093 26162 20222 6329 6194 4747 16775 3363 13412 20837 692 10172 50710 20065 2671 23080 2911 2713 30645 20429 1648 1297 351 18781 348 56412 47337 33710 259 2386 17411 6256 364 142 5892 285 8891 3467 247 3220 2196 925 171 6091
internal_count=560081 208852 204464 83042 26630 14063 9571 6780 121422 351229 152136 46999 105137 84708 22158 62550 16501 46049 22969 199093 26162 20222 6329 6194 4747 16775 3363 13412 20837 692 10172 50710 20065 2671 23080 2911 2713 30645 20429 1648 1297 351 18781 348 56412 47337 33710 259 2386 17411 6256 364 142 5892 285 8891 3467 247 3220 2196 925 171 6091
is_linear=0
shrinkage=0.05


Tree=132
num_leaves=64
num_cat=0
split_feature=11 8 0 14 28 36 43 33 22 33 35 19 29 1 27 29 44 40 12 25 42 12 28 14 13 32 17 25 23 8 2 2 26 36 29 17 1 13 29 37 12 19 13 36 17 26 27 11 29 3 20 13 5 7 33 19 34 3 17 36 4 22 20
split_gain=5.38421 5.91133 6.41353 9.70865 6.17583 5.48484 4.92231 10.3975 5.59401 7.67611 4.98333 4.42692 4.39435 4.18179 4.37266 4.10787 6.15601 4.90241 5.14282 4.85576 4.79568 9.27393 7.21241 5.48438 9.40944 10.6279 7.51627 6.5382 8.95871 6.64008 5.69689 5.26911 6.02847 5.13386 5.26111 5.31714 5.33591 5.04516 14.9645 11.4771 10.9102 10.296 7.97201 8.21954 7.76515 10.3919 10.5347 7.58482 12.2798 10.5011 7.51779 11.0757 10.0772 7.18883 5.98479 5.67804 5.56252 5.82593 5.52584 6.35026 5.99861 4.89533 4.85533
threshold=-1.0000000180025095e-35 -15.999999999999996 34.050000000000004 5.5000000000000009 49.175000000000011 165.62500000000003 1152.5000000000002 2.2500000000000004 55.500000000000007 17.050000000000004 -0.81408451933196946 0.99687937417578498 115.55626523271009 81.52500000000002 53.050000000000004 22.523163108074883 730.75000000000023 982.1500000000002 0.60355339059327384 981.85000000000002 6.9500000000000028 -0.9159756150367534 3.3750000000000004 7.5000000000000009 4.5000000000000009 2.5051158172811809 12.981658857585655 975.6500000000002 26.550000000000004 11.500000000000007 179.25000000000003 149.25000000000003 400.25000000000006 762.50000000000011 0.41860092361375906 -11.130952768675417 24.950000000000003 3.5000000000000004 1.4306554393367639 83.500000000000014 0.37940952255126048 0.82409480842201688 2.5000000000000004 332.50000000000006 6.9342968464873485 17672.500000000004 22.350000000000005 0.60355339059327384 3.803247185349556 49.525000000000006 -0.7933231318270072 2.5000000000000004 27.050000000000004 327.42874396135272 15.550000000000002 -0.57357643635104616 0.95878322595067733 31.050000000000004 -2.2436322744346762 902.50000000000011 34.050000000000004 72.500000000000014 -0.62932039104983739
decision_type=2 8 2 2 2 2 2 2 2 2 2 2 2 10 8 2 2 2 2 2 2 2 2 2 2 2 2 2 2 8 8 10 2 2 2 2 8 2 2 2 2 2 2 2 2 2 8 2 2 10 2 2 10 10 2 2 2 8 2 2 10 2 2
left_child=11 2 3 4 -2 -5 8 -8 9 -3 13 -1 15 14 -9 20 -17 18 -18 -20 21 33 61 24 37 27 -25 28 29 -26 -27 -24 -33 34 -10 -36 -37 39 40 50 58 -40 43 44 53 46 -46 56 49 -49 51 52 -23 54 -41 -44 -43 -58 60 -60 -39 -22 -30
right_child=1 6 -4 5 -6 -7 7 10 12 -11 -12 -13 -14 -15 -16 16 17 -19 19 -21 22 23 31 26 25 30 -28 -29 62 -31 -32 32 -34 -35 35 36 -38 38 41 42 -42 47 55 -45 45 -47 -48 48 -50 -51 -52 -53 -54 -55 -56 -57 57 -59 59 -61 -62 -63 -64
leaf_value=0.0025174567721551397 0.33967175725084808 0.088683965245990634 0.046293095027539748 0.16810745106302627 -0.27681026496768113 0.0094815138806730731 -0.54792170775288607 -0.49058596308711283 -0.1687068874549624 -0.018332935521149226 -0.028310048376006387 -0.061892325390811603 -0.25859109909608263 0.051060157944287435 -0.17134445508645574 0.20499522471770482 -0.012586565045041126 0.22627994724472378 -0.23197548007908442 -0.73804361479899516 0.17050306329371484 -0.41974000004836154 -0.24731205180928473 0.016304495042015605 -0.59334909350287646 0.26861738583077033 0.18517557720370764 0.045772196155302515 -0.31314167549196298 -0.22075872914580202 -0.2443576794291166 -1.0330202865353051 -3.6884135054352285 -0.044316107563620616 -0.61208084676917407 -0.31958225323299516 -0.15020200936281353 -0.3204311230741077 -0.0025111386541683657 -0.14657653415339808 0.13655057838420567 0.070378652263060643 -0.17721938693876238 0.022906029071303943 -0.30435666468642042 0.24551447641261018 -0.18874585299068791 -0.32362421840586619 -0.31873204782846493 -1.2954056568458525 0.094324132111536479 0.39197984376956974 -0.14162048138294689 -4.0329207466023895 0.16034132373847806 0.10237395689599021 -0.44620545637124565 0.15358101978182473 -0.0016970854978245074 -0.32866232844404242 0.077551243441464024 0.017636693741735911 0.057214649820928193
leaf_weight=248564 7325 52157 43286 4388 168 11624 71 114 2665 19870 1565 11659 1401 115 174 6667 925 895 537 122 8610 636 656 46661 147 6940 3200 6056 750 365 430 50 29 8079 20 202 447 1336 607 4831 2781 338 809 2053 549 279 2117 94 739 114 14970 796 1247 42 1171 2882 96 39 2178 169 359 20464 1451
leaf_count=248564 7325 52157 43286 4388 168 11624 71 114 2665 19870 1565 11659 1401 115 174 6667 925 895 537 122 8610 636 656 46661 147 6940 3200 6056 750 365 430 50 29 8079 20 202 447 1336 607 4831 2781 338 809 2053 549 279 2117 94 739 114 14970 796 1247 42 1171 2882 96 39 2178 169 359 20464 1451
internal_value=0.000161861 0.000306278 0.000720981 0.00138588 0.00287135 0.000690732 0.000187436 -0.00225846 0.000209022 0.000574576 -0.00158028 -4.5536e-06 4.34276e-05 -0.00653846 -0.00975694 6.82108e-05 0.00109665 -0.00103066 -0.00270202 -0.00607739 4.85017e-06 -0.000137595 0.000571807 6.62134e-06 -0.000326733 0.00069676 0.000390185 -0.00047953 -0.00251935 -0.00847656 0.00209634 -0.00431973 -0.016519 -0.0014926 -0.00314337 -0.00710762 -0.00632512 -0.000727347 -0.00178531 -0.000438206 -0.000664663 -0.00555747 -0.00146847 -0.00214092 -0.00279286 -0.00489813 -0.00585896 -0.00788732 -0.0104699 -0.0212019 0.000421837 -0.00201754 -0.00410781 -0.00176704 -0.00162279 0.000543213 -0.0027167 -0.0112963 -0.00232311 -0.000752024 -0.00449852 0.000695467 -0.00113358
internal_weight=560081 299858 66791 23505 7493 16012 233067 2039 231028 72027 1968 260223 159001 403 288 157600 9146 2479 1584 659 148454 118645 29809 107232 57371 16139 49861 8769 2713 512 7370 735 79 11413 3334 669 649 41232 8850 32382 6823 2027 14733 11042 8989 2945 2666 1420 947 208 17649 2679 1883 6044 6002 3691 473 135 4042 2347 1695 29074 2201
internal_count=560081 299858 66791 23505 7493 16012 233067 2039 231028 72027 1968 260223 159001 403 288 157600 9146 2479 1584 659 148454 118645 29809 107232 57371 16139 49861 8769 2713 512 7370 735 79 11413 3334 669 649 41232 8850 32382 6823 2027 14733 11042 8989 2945 2666 1420 947 208 17649 2679 1883 6044 6002 3691 473 135 4042 2347 1695 29074 2201
is_linear=0
shrinkage=0.05


Tree=133
num_leaves=64
num_cat=0
split_feature=45 40 6 0 5 0 29 20 14 8 34 13 16 23 44 25 22 38 42 6 20 13 10 23 3 16 10 25 12 31 0 17 25 29 32 41 26 2 40 12 2 6 28 12 7 37 29 7 35 37 41 13 11 8 23 41 17 13 8 28 3 42 42
split_gain=5.35975 6.06574 6.83673 5.8387 5.18121 8.08025 9.1467 7.48715 6.47958 5.87449 5.7888 6.23637 5.54828 7.29761 6.59724 5.33642 7.10726 7.28511 7.93988 6.26068 5.89774 6.03695 7.86346 6.94051 5.40762 5.33831 5.28815 5.0707 4.91402 5.17752 4.9 4.8893 5.78757 4.79337 4.75939 4.73229 5.37146 5.41704 4.7182 4.61047 4.58513 4.50708 5.55526 6.84368 7.65382 4.9807 5.24986 6.82467 7.21713 8.15429 4.46021 4.70779 7.10086 11.2915 7.36033 4.60723 6.29513 13.8213 7.19106 5.67398 6.55572 6.60862 5.67154
threshold=1.5000000000000002 991.95000000000016 17.084166666666672 6.0050000000000008 32.975000000000009 57.525000000000006 3.3012914017854329 0.64942331933852337 7.5000000000000009 -37.99499999999999 0.59480013772226081 5.5000000000000009 -12.685622773776865 36.45000000000001 -5100.2499999999991 987.25000000000011 92.500000000000014 27.150000000000002 -1.1500000000000001 46.666666666666679 0.91702515554752073 1.5000000000000002 10.115 26.650000000000002 39.975000000000009 4.2989925820635984 15.525000000000002 996.35000000000002 0.60355339059327384 -10.362112891463294 398.25000000000006 13.296439505622407 984.25000000000011 13.719512839925493 11.997100353277199 673.25000000000011 1833.2500000000002 120.07500000000002 997.6500000000002 0.78656609248549303 155.25000000000003 28.433333333333348 3.3200000000000007 1.0000000180025095e-35 46.967083333333342 77.500000000000014 0.29210895288235705 36.534057971014498 -0.20791169081775954 91.500000000000014 33587.750000000007 5.5000000000000009 0.78656609248549325 6.5000000000000018 28.950000000000003 2351.0000000000005 7.842803607433912 3.5000000000000004 -17.494999999999994 2.2550000000000003 5.0050000000000008 -16.449999999999992 -10.849999999999996
decision_type=2 2 8 2 10 2 2 2 2 8 2 2 2 2 2 2 2 2 2 8 2 2 10 2 8 2 10 2 2 2 2 2 2 2 2 2 2 8 2 2 10 8 2 2 8 2 2 10 2 2 2 2 2 10 2 2 2 2 8 2 10 2 2
left_child=1 3 -3 -1 8 6 12 9 15 10 11 -8 13 14 -6 16 -5 18 35 20 21 22 23 -17 -24 -21 -14 50 34 -30 -29 32 -11 -25 -7 -18 37 -37 -2 -19 -16 45 -43 44 -44 -28 -47 -48 49 -49 51 55 -53 -54 -55 59 62 -58 -59 -10 -61 -62 -57
right_child=38 2 -4 4 5 28 7 -9 27 31 -12 -13 26 -15 40 19 17 39 -20 25 -22 -23 24 33 -26 -27 41 30 29 -31 -32 -33 -34 -35 -36 36 -38 -39 -40 -41 -42 42 43 -45 -46 46 47 48 -50 -51 -52 52 53 54 -56 56 57 58 -60 60 61 -63 -64
leaf_value=0.10810411920935646 -0.059241053473027196 -0.10232138643914597 0.15551969474029373 -0.0031358772574816719 0.038925649290508013 -0.030149226398725817 0.17983839301959295 0.0087387699712085376 0.1001242669466354 0.04079593812226711 0.63362383690218405 -0.3465740304793794 0.075494540870079604 -0.33366303939025038 -0.055817239437698063 -0.20701479636307285 -0.080785267243305994 0.12006131496979787 -0.057424909868088937 -0.17256297757947192 -0.23829935135374714 -0.021237051691895145 -0.0059202676122805907 -0.36062929849973041 -0.23066115508834942 0.032542976778396869 0.020148915429532132 -1.5010241382445473 0.15908031329311392 0.015273661641206327 0.32895291384803982 0.37137009972407387 0.18461792695142931 -0.83918075254356372 0.21891046559452121 -0.029762924078257442 -0.21965754728071191 -1.0158692379852503 0.10896549793375426 -0.14777802086071767 -4.6041243656381043 0.045734898234818126 -0.31088347180730969 0.022248398026353113 0.073521413343304282 -0.050359183494577089 -0.13507769322295946 -0.56170991651235558 0.43086280778280206 0.036375086132101907 -0.075386746433203783 0.0037476011649500841 -0.018213277600757801 -0.28318254601655268 -0.49312262671217866 -0.095992970518054485 -0.001139535253221164 -0.55646974212709166 -0.21735342991479373 -0.56243470841483556 -0.31025921235328935 -0.051207289879929757 0.034898422085343044
leaf_weight=5951 25142 148 15419 100353 8264 97296 2386 15733 22150 24842 4767 266 20374 353 12532 103 523 1570 2135 3055 573 2804 707 50 715 6068 7275 20 16316 38595 20 2993 6210 29 5293 46 1436 58 9147 1182 20 30946 331 715 221 4906 739 108 49 34 2372 8717 1447 693 108 1771 4308 187 1042 29 30 926 37483
leaf_count=5951 25142 148 15419 100353 8264 97296 2386 15733 22150 24842 4767 266 20374 353 12532 103 523 1570 2135 3055 573 2804 707 50 715 6068 7275 20 16316 38595 20 2993 6210 29 5293 46 1436 58 9147 1182 20 30946 331 715 221 4906 739 108 49 34 2372 8717 1447 693 108 1771 4308 187 1042 29 30 926 37483
internal_value=0.000156415 0.000195914 0.00116818 0.00016625 0.000147876 0.000279278 0.000549895 0.00104088 -4.76048e-05 0.00139326 0.00266815 0.000795626 0.000226611 -0.000477349 -0.000356456 -0.000278938 -0.000158756 -0.00170504 -0.00301572 -0.00119328 -0.00261895 -0.00199864 -0.00444514 -0.0142308 -0.00319269 -0.000414885 0.000453439 0.000297837 3.17462e-05 0.000413487 -0.0175 0.00111544 0.000929409 -0.0253797 -0.000172582 -0.00522782 -0.00662338 -0.0175962 -0.000449269 0.000294332 -0.00107871 0.000152679 0.000470773 -0.00277427 -0.00695652 -0.000628861 -0.00171693 -0.00516129 -0.0135864 -0.0192958 0.000306597 0.000370828 -0.000590515 -0.00309609 -0.00785893 0.000526014 0.000230069 -0.0013482 -0.00602522 0.00109898 -0.00261421 -0.00190377 0.000452693
internal_weight=560081 525792 15567 510225 504274 301564 144064 57197 202710 41464 7419 2652 86867 21169 20816 121407 107303 6950 4198 14104 4981 4408 1604 182 1422 9123 65698 81303 157500 54911 40 34045 31052 79 102589 2063 1540 104 34289 2752 12552 45324 32213 1267 552 13111 5836 930 191 142 81263 78891 10965 2248 801 67926 44791 5537 1229 23135 985 956 39254
internal_count=560081 525792 15567 510225 504274 301564 144064 57197 202710 41464 7419 2652 86867 21169 20816 121407 107303 6950 4198 14104 4981 4408 1604 182 1422 9123 65698 81303 157500 54911 40 34045 31052 79 102589 2063 1540 104 34289 2752 12552 45324 32213 1267 552 13111 5836 930 191 142 81263 78891 10965 2248 801 67926 44791 5537 1229 23135 985 956 39254
is_linear=0
shrinkage=0.05


Tree=134
num_leaves=64
num_cat=0
split_feature=11 41 21 45 28 28 26 15 8 5 7 13 7 38 11 36 38 40 27 5 0 35 23 32 0 14 42 36 35 39 26 10 40 35 27 40 19 3 30 27 38 23 7 0 41 35 13 37 6 21 5 41 38 37 21 5 14 15 28 13 25 3 9
split_gain=5.37698 5.58734 9.07642 8.60054 7.67912 9.66434 5.47671 5.23768 6.28279 5.41481 5.29511 5.14668 5.23981 5.03326 5.30631 5.20924 5.19771 7.50837 5.34008 6.86463 5.41642 4.93055 4.78475 11.7008 4.68234 4.63955 5.75825 5.66804 4.58944 4.50412 4.45665 6.65775 4.37967 4.2027 7.46812 4.17102 4.11876 3.98532 3.94946 5.29508 4.7195 7.17759 6.09028 6.03674 5.95925 7.75535 6.4782 6.03358 9.47985 5.95519 5.72743 4.89966 4.75487 4.82748 4.71084 4.41199 5.01732 8.83084 8.07405 12.5423 6.90225 6.35101 5.88946
threshold=-1.0000000180025095e-35 2351.0000000000005 67.500000000000014 1.5000000000000002 5.0850000000000009 4.6450000000000014 6466.5000000000009 1.0000000180025095e-35 -77.97499999999998 119.25000000000001 257.80208333333343 4.5000000000000009 inf 27.150000000000002 0.91597561503675362 537.50000000000011 33.050000000000004 972.05000000000007 39.050000000000004 17.050000000000004 55.025000000000006 -0.043617726472722392 33.850000000000001 8.1603946322447758 7.035000000000001 9.5000000000000018 2.6500000000000012 101.87500000000001 -0.96359376111369344 1.1500000000000001 3690.2500000000005 43.82500000000001 988.1500000000002 0.77714596145697079 56.550000000000004 992.75000000000011 0.99687937417578498 21.950000000000003 1021.5000000000001 99.350000000000009 34.750000000000007 34.050000000000004 185.62101449275363 159.25000000000003 11683.000000000002 0.017452406437283369 5.5000000000000009 31.500000000000004 44.083333333333357 3767.5000000000005 44.550000000000004 160.25000000000003 37.550000000000004 10.500000000000002 4172.5000000000009 37.95000000000001 5.5000000000000009 1.0000000180025095e-35 0.62500000000000011 2.5000000000000004 986.35000000000002 52.525000000000006 36.850000000000001
decision_type=2 2 2 2 2 2 2 2 8 8 10 2 8 2 2 2 2 2 10 10 2 2 2 2 2 2 2 2 2 2 2 10 2 2 10 2 2 10 2 10 2 2 10 2 2 2 2 2 10 2 8 2 2 2 2 10 2 2 2 2 2 8 10
left_child=36 2 25 4 5 6 7 9 -9 10 33 12 -11 14 37 21 17 18 -17 20 -20 -15 28 -24 -13 26 32 -27 -19 -6 -7 -32 -2 -4 -35 -36 38 -3 40 -40 41 55 44 -44 49 47 -47 52 50 -42 -49 -43 -46 -54 -51 56 58 -58 -1 60 -60 -61 -62
right_child=1 13 3 -5 29 30 -8 8 -10 11 -12 24 -14 15 -16 16 -18 22 19 -21 -22 -23 23 -25 -26 27 -28 -29 -30 -31 31 -33 -34 34 35 -37 -38 -39 39 -41 42 51 43 -45 45 46 -48 48 -50 54 -52 -53 53 -55 -56 -57 57 -59 59 61 62 -63 -64
leaf_value=-0.090362520375047023 -0.17870681800876814 -0.044079925839243868 0.03091204029821544 -0.084333645175344418 0.4393267534457832 -0.034611470231052217 0.15686316139449749 -1.4286785704021541 0.41346059239034433 0.15225903152632053 -6.7596321247089932 -0.11528825904715111 -0.41409009789893469 0.092336279301896126 -0.071333345284780511 -0.095081065878665424 0.042572304532610877 -0.14039255494250447 -0.81237309333912633 -0.22107094570273864 0.26344212554668189 -0.0046938764001847443 -0.079312115276024109 -0.34834360043766238 0.38650450216667487 0.23980548692998449 0.033332078434444551 -1.3044256825962046 0.0093822568033710089 -0.30501944512805129 -0.21252787662150557 -1.0155845921011204 0.066029050721671756 0.030085811069513708 -0.31226984875098679 -1.4391769257453575 -0.058188377271796002 0.024297819732880491 -0.041632073416674638 -1.1495330992167361 0.1701801357719985 -0.54800184183004563 -0.24281063882240181 -2.3267381932049287 -0.084141788159535325 0.081718937421729657 -0.056884552920141343 -0.10905323719079968 -0.27182755989269797 -0.52482344769998535 0.38927520855645814 -0.071125446274903262 -0.072552492478440339 0.24929234265498457 -0.30409771096666505 0.02865436341202764 0.0086238500545186263 -0.16011125654847563 -0.001738732765447927 -0.022096094817656949 -0.27113327224938971 0.18303394420677033 -0.15354067306249772
leaf_weight=15967 10444 11671 34896 4690 8229 290 11812 75 3093 11067 46 21 685 29083 17275 1202 26625 1567 104 393 29 12208 2498 287 6509 13085 12431 453 34258 111 290 45 3462 2816 1688 21 11659 36399 2296 149 9873 51 416 40 2445 16647 2901 758 2013 37 793 15104 787 2648 58 97456 63688 2899 1672 2753 101 5411 1601
leaf_count=15967 10444 11671 34896 4690 8229 290 11812 75 3093 11067 46 21 685 29083 17275 1202 26625 1567 104 393 29 12208 2498 287 6509 13085 12431 453 34258 111 290 45 3462 2816 1688 21 11659 36399 2296 149 9873 51 416 40 2445 16647 2901 758 2013 37 793 15104 787 2648 58 97456 63688 2899 1672 2753 101 5411 1601
internal_value=0.000149452 0.000293773 0.000546852 0.000834877 0.000954415 0.000790959 0.000844161 0.000653102 0.00263258 0.000544512 0.00021499 0.00125588 0.000630531 0.000109707 -0.00023682 0.00031888 4.65184e-05 -0.000311369 -0.00353588 -0.00773764 -0.0175564 0.000760578 -0.000167055 -0.00216337 0.00238132 -7.71158e-05 -0.000463796 0.000675137 -1.1863e-05 0.00239209 -0.0054 -0.00932836 -0.00116281 0.000234774 -0.00119889 -0.00380632 -1.68507e-05 3.3285e-05 2.62309e-05 -0.00197341 4.60958e-05 -4.95153e-05 0.000547494 -0.00519737 0.000614733 0.000252139 0.000820544 -0.000924396 -0.0025477 0.00166934 0.000390071 -0.001097 5.9524e-05 0.0012591 -0.0107895 3.336e-05 -0.000210857 2.38036e-05 -0.000778949 0.000228809 -0.00233551 0.00128858 -0.00457697
internal_weight=560081 299858 126259 86384 81694 73354 72729 60917 3168 57749 39467 18282 11752 173599 65345 108254 66963 40338 1728 526 133 41291 38610 2785 6530 39875 26337 13538 35825 8340 625 335 13906 39421 4525 1709 260223 48070 248564 2445 246119 206703 39416 456 38960 28992 19548 9444 3564 9968 1551 15155 5880 3435 95 191548 94092 66587 27505 11538 3374 8164 1702
internal_count=560081 299858 126259 86384 81694 73354 72729 60917 3168 57749 39467 18282 11752 173599 65345 108254 66963 40338 1728 526 133 41291 38610 2785 6530 39875 26337 13538 35825 8340 625 335 13906 39421 4525 1709 260223 48070 248564 2445 246119 206703 39416 456 38960 28992 19548 9444 3564 9968 1551 15155 5880 3435 95 191548 94092 66587 27505 11538 3374 8164 1702
is_linear=0
shrinkage=0.05


Tree=135
num_leaves=64
num_cat=0
split_feature=45 40 13 9 7 16 1 0 10 32 23 10 41 0 12 31 28 37 10 13 19 18 14 0 9 2 7 5 1 22 9 35 29 27 19 28 14 14 2 37 9 13 27 19 22 21 0 31 28 28 10 7 43 23 10 4 44 9 6 14 16 22 4
split_gain=4.73844 5.94581 10.7519 7.72717 7.03902 6.84644 6.76776 6.98658 6.26179 7.29575 6.40368 6.00968 5.63867 5.28081 5.13146 5.17656 8.50753 5.18344 5.09961 5.00149 6.42396 5.68387 5.77065 8.39634 7.55142 4.90765 4.89759 4.86304 4.83413 6.26666 4.80103 4.97045 4.70134 7.93501 4.67482 4.535 5.34206 10.2061 7.16163 7.88001 5.04854 6.16449 6.63964 4.90923 5.72664 5.85236 5.27274 4.83915 4.81595 4.61316 4.58965 4.32332 4.56347 4.45522 4.19344 5.44954 5.78064 4.81915 4.39598 4.09401 5.77437 6.36276 6.20788
threshold=1.5000000000000002 987.25000000000011 4.5000000000000009 65.850000000000009 404.23958333333343 -7.8993983958677445 28.750000000000004 31.050000000000004 10.325000000000003 -2.5643720933564755 11.65 84.325000000000003 4160.2500000000009 685.00000000000011 0.37940952255126048 -4.1203045992804332 1.0000000180025095e-35 63.500000000000007 47.82500000000001 3.5000000000000004 -0.50000000000000011 8.6500000000000004 11.500000000000002 142.75000000000003 508.25000000000006 251.25000000000003 141.56385869565221 31.050000000000004 21.750000000000004 17.500000000000004 528.25000000000011 -0.35019404643548441 3.2243919242708015 33.050000000000004 -0.50000000000000011 3.8150000000000008 3.5000000000000004 4.5000000000000009 1.0000000180025095e-35 42.500000000000007 260.25000000000006 2.5000000000000004 181.25000000000003 0.71322329076259938 87.500000000000014 217.50000000000003 16.550000000000004 9.9262681209674515 0.42000000000000004 0.53500000000000014 16.575000000000006 42.402083333333344 -17.499999999999996 31.850000000000005 18.725000000000005 24.725000000000005 -544.24999999999989 79.350000000000009 187.45833333333337 5.5000000000000009 -15.505716441398141 55.500000000000007 62.050000000000004
decision_type=2 2 2 10 10 2 10 2 8 2 2 10 2 2 2 2 2 2 8 2 2 2 2 2 8 10 10 8 8 2 10 2 2 8 2 2 2 2 10 2 10 2 10 2 2 2 2 2 2 2 10 10 2 2 8 8 2 10 8 2 2 2 10
left_child=1 3 8 11 -4 12 7 30 -3 10 -10 13 -6 32 15 16 -12 -18 35 20 -17 -22 -23 -24 -25 -26 -21 -20 29 -9 -5 -32 -1 -34 -11 36 -8 38 39 -38 43 42 -42 44 46 -46 -39 -47 -45 51 -49 -50 -53 -54 55 -2 57 -57 -59 60 -29 -62 -63
right_child=54 2 4 6 5 -7 18 28 9 34 14 -13 -14 -15 -16 19 17 -19 27 26 21 22 23 24 25 -27 -28 59 -30 -31 31 -33 33 -35 -36 -37 37 40 -40 -41 41 -43 -44 48 45 47 -48 50 49 -51 -52 52 53 -55 -56 56 -58 58 -60 -61 61 62 -64
leaf_value=0.021290012367818013 0.02154288915774441 -0.20889255708618304 0.17105459487972713 -0.0027415767367485969 -2.5492673307868299 -0.36088873809213462 -0.047229774272178567 -0.99758797214184658 0.38947896796627357 0.25226705650285108 -0.026079351870849074 -0.20326038948989328 -5.9769503528386858 -5.1665245753615796 0.052769284245759551 0.054253187275626905 -0.72770193131975436 -0.28534556694318108 -0.088332687717500386 -0.24011283647740669 0.12491148008484317 -0.22444859316402238 0.24781010296526298 0.6290660826010791 -3.1642855461761017 -2.1294770879625093 0.18605215509445439 0.17139282349241838 -0.05769188021527253 -0.16445950571703494 -1.424578650135949 -0.014454228838363104 0.16397539400203517 0.025955050111904351 0.031417573453879445 0.064349543045198632 0.16249628091081628 -0.36236546251354124 0.17694872258978683 -0.61108329193422395 -0.19527203458432418 0.017731926480257305 -3.5292242702170888 -0.0032414118062780552 -0.01665441446258328 -0.14700328477217192 0.056883185676251738 0.051522690884179982 -0.47343539829322695 -0.084845111808987531 -0.4113325644453143 -0.66273111513134686 0.080319324449052987 -0.4501446392058106 0.0056167811023459099 -0.14059553717232473 -0.059583628795437264 -0.53011916110126678 -11.265238731953161 0.053793129395274079 -0.01544093779473248 -0.0013944794502315937 -0.3352323722088969
leaf_weight=118178 3921 3456 27080 41818 122 447 19215 280 4420 9924 1091 3168 25 352 10695 10207 247 736 8247 3165 1518 2432 160 71 143 97 1058 4276 18407 6099 20 24 6942 14005 7547 28254 289 464 10666 223 2899 3935 129 38991 5044 519 45343 50 89 2657 141 39 273 140 20012 2940 5960 1425 31 19695 28864 4205 7211
leaf_count=118178 3921 3456 27080 41818 122 447 19215 280 4420 9924 1091 3168 25 352 10695 10207 247 736 8247 3165 1518 2432 160 71 143 97 1058 4276 18407 6099 20 24 6942 14005 7547 28254 289 464 10666 223 2899 3935 129 38991 5044 519 45343 50 89 2657 141 39 273 140 20012 2940 5960 1425 31 19695 28864 4205 7211
internal_value=0.000147934 0.000185073 0.000568932 0.000111425 0.00137747 -0.00400673 -3.3232e-05 -0.000477283 0.000176155 0.000309376 -9.71141e-05 0.00041414 -0.0133673 0.000463051 -0.0003463 -0.000801672 -0.00317261 -0.00654629 9.44114e-05 -0.00054082 -0.000103226 -0.00169532 -0.00299173 -0.00805732 -0.0128457 -0.0170833 -0.00205659 -0.000253248 -0.00114258 -0.00232873 -8.3369e-05 -0.0165909 0.000478527 0.0011689 0.0011479 0.000252573 0.000128751 0.000261013 0.0016944 -0.00408203 0.000101923 -0.00119704 -0.002893 0.0001984 0.000525688 -0.00096107 0.000712446 -0.00521127 -0.000201593 -0.00206692 -0.0120157 -0.00627542 -0.00429204 -0.00274818 -0.000421564 -0.00107621 -0.00167729 -0.00305277 -0.00540522 -0.000106535 -0.000371891 -0.000557348 -0.00155659
internal_weight=560081 525792 84641 441151 27674 594 298506 66648 56967 53511 36040 142645 147 139477 31620 20925 2074 983 231858 18851 14628 4421 2903 471 311 240 4223 72498 24786 6379 41862 44 139125 20947 17471 159360 131106 111891 11178 512 100713 6963 3028 93750 51561 5754 45807 710 42189 3198 191 541 452 413 34289 14277 10356 4396 1456 64251 44556 40280 11416
internal_count=560081 525792 84641 441151 27674 594 298506 66648 56967 53511 36040 142645 147 139477 31620 20925 2074 983 231858 18851 14628 4421 2903 471 311 240 4223 72498 24786 6379 41862 44 139125 20947 17471 159360 131106 111891 11178 512 100713 6963 3028 93750 51561 5754 45807 710 42189 3198 191 541 452 413 34289 14277 10356 4396 1456 64251 44556 40280 11416
is_linear=0
shrinkage=0.05


Tree=136
num_leaves=64
num_cat=0
split_feature=11 41 43 35 45 25 9 22 9 23 0 35 23 14 23 43 34 22 12 11 4 14 29 20 3 38 43 3 9 4 38 11 20 44 32 41 6 28 38 41 44 10 10 12 32 29 35 5 6 38 15 20 33 10 8 19 12 43 33 35 26 38 19
split_gain=5.03035 5.46562 8.81521 6.01398 5.75652 6.84611 7.10741 6.53753 5.57385 5.51951 7.38229 6.40836 5.91634 5.44319 5.27269 7.02689 5.42496 4.93952 4.91034 12.3544 8.97967 5.92392 5.6011 5.22339 4.81952 6.59663 4.91521 4.74671 5.73629 5.57528 4.52137 4.90092 5.89844 9.24308 8.98256 10.1178 6.4562 5.8102 5.46751 5.11833 4.50681 8.42583 5.86674 4.73563 4.66741 5.06807 7.08454 8.04608 4.93341 4.91248 4.53818 4.48043 7.77784 4.43183 4.40156 4.40136 5.45446 4.66394 4.18403 5.08101 4.1831 4.14191 5.0708
threshold=-1.0000000180025095e-35 2351.0000000000005 -32.499999999999993 -0.89490028524376719 1.5000000000000002 989.35000000000002 12.850000000000003 52.500000000000007 228.25000000000003 29.050000000000004 62.625000000000007 0.73724926354828269 12.350000000000003 8.5000000000000018 14.65 71.250000000000014 -0.85260769842926909 89.500000000000014 0.25881904510252057 0.78656609248549325 55.050000000000004 6.5000000000000009 0.25912256116821891 -0.89490028524376719 41.050000000000004 25.150000000000002 -129.37499999999997 104.10000000000001 418.25000000000006 193.25000000000003 27.150000000000002 0.78656609248549325 -0.19936034309715203 468.25000000000017 6.5995700847373788 5384.0000000000009 31.500000000000011 0.55500000000000016 21.550000000000004 4928.5000000000009 402.25000000000006 8.0025000000000031 7.7950000000000008 0.25881904510252057 4.5018567145713186 23.093386897727282 -0.608738249238853 133.25000000000003 120.42500000000003 9.3500000000000032 1.0000000180025095e-35 -0.86159635224327535 10.050000000000002 10.625000000000002 -51.874999999999993 -0.94260559819261247 -0.9159756150367534 -47.499999999999993 18.650000000000002 0.76037701167087501 744.50000000000011 37.350000000000001 0.87032255546191739
decision_type=2 2 2 2 2 2 8 2 8 2 2 2 2 2 2 2 2 2 2 2 10 2 2 2 8 2 2 8 8 10 2 2 2 2 2 2 10 2 2 2 2 8 10 2 2 2 2 10 8 2 2 2 2 8 10 2 2 2 2 2 2 2 2
left_child=-1 2 3 24 5 7 -7 -5 17 10 -9 -12 -13 40 15 16 27 -4 21 -20 -21 -11 23 -23 25 26 -2 -15 29 -29 31 -3 33 34 36 39 -33 -38 58 -36 41 42 43 -10 45 49 47 -47 -46 -43 54 52 60 -30 -51 -32 61 -58 59 -35 -27 -57 -63
right_child=1 30 8 4 -6 6 -8 9 13 18 11 12 -14 14 -16 -17 -18 -19 19 20 -22 22 -24 -25 -26 51 -28 28 53 -31 55 32 -34 38 35 -37 37 -39 -40 -41 -42 44 -44 -45 48 46 -48 -49 -50 50 -52 -53 -54 -55 -56 56 57 -59 -60 -61 -62 62 -64
leaf_value=-0.00093456189107809097 -0.42949169373740315 0.011255980923842973 0.087001199370354651 0.34856766082240892 -0.064432697386738208 -0.13173074798650916 0.51756346242042894 0.10116018103388476 -2.2416018338852921 0.37148085535066505 0.10097492375354128 0.57059818602398804 -0.40832169721540557 0.45798284573448567 0.24800012845691347 -2.0186074454363641 0.10536739024227347 -0.036551321920682812 -0.078557855960008915 0.011522054121584024 -1.4194291304942612 -0.60350927517443465 -0.22876778455528424 0.012865784773670941 0.11159083240561006 -0.24542234307564398 -0.14302969341231239 -0.71244564146857581 -6.6898886163541178 -1.8419932740053551 -0.02535197831750546 0.066277893226333914 -0.0031426361761282178 -1.6439511818006693 -0.32930657020101789 -0.086463345811715026 -0.31437366734900823 0.22650312895003533 -0.002469997746645664 -0.50860018724437883 0.0089239960519601255 0.020997149819532136 -1.349188753603509 -0.14046786263428626 -0.25196987093731132 -0.90399700751359457 0.19527977967046367 -1.5311948725248905 0.60987756153146744 -0.98210297522326973 0.71711665906197231 0.012144209145499548 -0.37840616626876489 -0.43047249926553155 -0.45072984408877748 -0.018677096570653296 0.12016273255639486 0.033490756922828234 -0.21892136049863775 -0.31093297542274667 0.079708926757419418 0.14119462181459838 -0.11088003271319469
leaf_weight=260223 375 37354 23337 10696 3143 27 6235 21708 79 1223 5755 552 2327 198 10678 240 3549 6427 711 41 82 42 616 1939 4005 27 572 46 34 68 15643 1086 15196 239 671 590 1044 306 7363 193 6858 1213 34 113 1340 95 1543 34 1490 797 203 3218 192 618 3458 28391 15847 43406 1047 256 321 4346 621
leaf_count=260223 375 37354 23337 10696 3143 27 6235 21708 79 1223 5755 552 2327 198 10678 240 3549 6427 711 41 82 42 616 1939 4005 27 572 46 34 68 15643 1086 15196 239 671 590 1044 306 7363 193 6858 1213 34 113 1340 95 1543 34 1490 797 203 3218 192 618 3458 28391 15847 43406 1047 256 321 4346 621
internal_value=0.000147845 0.000287436 0.000537744 0.000951071 0.00114407 0.00126978 0.00282019 0.0010573 0.000115449 0.000726655 0.000972579 -0.000264072 -0.00219 -0.000335291 0.000347029 -0.00103829 -0.000594948 0.000610469 -0.000876665 -0.00435252 -0.0189837 -0.000117801 -0.001469 -0.000174154 -0.000269805 -0.00135494 -0.00508448 -0.00392116 -0.00570496 -0.0160526 0.000105387 -0.000223047 -0.000723268 -0.00151426 -0.00354756 -0.0066575 -0.0016913 -0.004 -0.000626053 -0.0101042 -0.000945413 -0.0016016 -0.0111504 -0.00776042 -0.00138946 -0.00205434 0.000364833 -0.0108915 0.000335689 -0.00276759 -0.00353522 -0.000415114 -0.00462963 -0.00389571 -0.00388367 0.000303638 0.000434668 0.00072258 -0.00333333 -0.00712121 -0.000172414 -7.6743e-05 0.00125529
internal_weight=560081 299858 126259 63807 55097 51954 6262 45692 62452 34996 30342 8634 2879 32688 15431 4753 4513 29764 4654 834 123 3820 2597 1981 8710 4705 947 964 766 114 173599 65345 27991 12795 3890 1454 2436 1350 8905 864 17257 10399 226 192 10173 7343 1672 129 2830 5671 4458 3758 540 652 4255 108254 92611 59253 1542 495 348 33358 4967
internal_count=560081 299858 126259 63807 55097 51954 6262 45692 62452 34996 30342 8634 2879 32688 15431 4753 4513 29764 4654 834 123 3820 2597 1981 8710 4705 947 964 766 114 173599 65345 27991 12795 3890 1454 2436 1350 8905 864 17257 10399 226 192 10173 7343 1672 129 2830 5671 4458 3758 540 652 4255 108254 92611 59253 1542 495 348 33358 4967
is_linear=0
shrinkage=0.05


Tree=137
num_leaves=64
num_cat=0
split_feature=5 0 25 14 13 8 37 0 17 26 13 17 34 22 10 17 44 2 35 8 27 22 25 0 3 20 25 45 6 22 18 9 25 40 27 31 18 5 37 37 14 42 25 22 6 32 13 10 35 27 7 10 19 43 2 31 10 13 32 36 3 14 10
split_gain=4.95229 7.56588 6.25946 10.9488 10.4064 5.7418 5.45329 7.59938 9.04939 5.38546 4.68415 4.67333 4.5856 4.51143 5.70202 4.48437 4.30855 4.9202 4.29356 4.14897 5.5243 4.84467 4.90619 4.12313 3.95683 3.93003 4.66322 3.87164 4.80443 6.51402 3.84919 4.41325 3.81096 6.13536 4.1405 5.40372 4.84302 4.46092 5.17319 4.23306 5.77742 5.74829 5.18911 4.44649 4.39455 4.33689 4.14895 5.67468 4.09221 4.48951 4.17179 6.48601 7.46927 4.38825 4.53232 4.03905 3.81579 6.25414 4.03078 3.81466 3.78261 4.32898 3.77097
threshold=48.025000000000006 122.25000000000001 984.45000000000016 3.5000000000000004 4.5000000000000009 -17.994999999999994 74.500000000000014 39.050000000000004 8.5794242381343775 4735.7500000000009 5.5000000000000009 -19.094486385353484 0.21643137258081221 70.500000000000014 119.25000000000001 -10.280504891237838 -21248.999999999996 43.025000000000006 -0.90992662233962529 -46.289999999999992 28.050000000000004 36.500000000000007 981.55000000000007 10.042500000000002 30.025000000000002 -0.58068084432175959 974.1500000000002 1.5000000000000002 46.333333333333343 26.500000000000004 19.250000000000004 147.25000000000003 985.75000000000011 988.05000000000007 240.50000000000003 5.9753609712203284 26.750000000000004 179.25000000000003 59.500000000000007 45.500000000000007 11.500000000000002 4.5000000000000036 989.95000000000016 44.500000000000007 131.67500000000001 -0.35805144726320631 5.5000000000000009 93.725000000000009 0.46947156278589069 46.550000000000004 207.09270833333338 11.825000000000003 -0.52991926423320479 40.625000000000007 215.25000000000003 -16.927700085299726 17.175000000000004 2.5000000000000004 -12.965879111236093 61.250000000000007 48.550000000000004 3.5000000000000004 17.825000000000006
decision_type=10 2 2 2 2 10 2 2 2 2 2 2 2 2 10 2 2 10 2 8 10 2 2 2 8 2 2 2 8 2 2 10 2 2 8 2 2 10 2 2 2 2 2 2 8 2 2 10 2 8 10 8 2 2 10 2 10 2 2 2 10 2 10
left_child=11 2 3 4 18 -4 7 8 12 -8 13 -1 19 -7 -15 -16 17 -3 -2 20 -5 -22 62 25 -9 -13 -27 28 29 30 -12 -32 33 48 37 -36 39 38 -34 40 59 42 43 -42 -43 -41 -47 -48 49 -18 55 52 -52 54 -53 -50 57 58 -38 -37 61 -51 -23
right_child=1 16 5 6 -6 10 9 24 -10 -11 27 23 -14 14 15 -17 32 -19 -20 -21 21 22 -24 -25 -26 26 -28 -29 -30 -31 31 -33 34 -35 35 36 56 -39 -40 45 41 44 -44 -45 -46 46 47 -49 50 60 51 53 -54 -55 -56 -57 -58 -59 -60 -61 -62 -63 -64
leaf_value=-0.107828909398048 -0.37764773498121273 -3.8256924635628486 0.23552133623564703 0.092134120556894392 0.14398128205133828 0.058531190369318198 0.028520770652885958 -0.085717966937839174 0.48618240323470729 -0.063427723195558727 0.16744832159497602 0.10947821870139303 0.13412826414079693 -0.099400476924080133 -1.6511431111237105 -0.53225304330314049 -0.68443064823736499 -0.69776537084190271 -0.15466839002168448 0.018086973275176329 0.31919214678227764 -1.8517155896708375 0.30190851044248113 -0.00019625008631032664 0.049742121246631979 -0.060941834074865281 0.042092189568971948 -0.14524042567629025 0.47600581457199964 0.047852131371144052 -0.33149855669543221 -0.49066299280188597 0.28325676515012405 0.68932811318310439 0.13710233983524744 -3.0770653584338752 -3.088399379777377 0.69599717103951975 -0.24834658920056649 0.0078354099004353545 -1.4222887256375705 -1.4597692647400853 -0.57976619448322009 -2.5196276348929718 -0.37707133105255908 -0.6301662876626476 -1.857601302447202 -2.697778889872831 -2.943990477970531 0.62056255693931117 -9.898850886923519 -1.658934340644638 -1.3647240363183779 0.2636415571151221 -0.65574695016343165 -0.17994260322080394 -0.34904759071642788 0.2993871402533998 -1.6267580665882495 -0.055311907943196126 0.11616670778670386 -0.53572123449739628 -0.47179903816890695
leaf_weight=3179 469 35 22139 270 3938 21071 17011 5139 4609 8285 36 4877 7841 5788 28 41 745 292 8997 5570 114 68 59 301836 54058 2926 7874 978 4422 1056 46 24 3909 1214 19806 73 29 3100 3255 10539 64 28 206 79 505 705 120 27 69 717 42 518 82 526 782 6956 245 43 36 1908 8410 2116 151
leaf_count=3179 469 35 22139 270 3938 21071 17011 5139 4609 8285 36 4877 7841 5788 28 41 745 292 8997 5570 114 68 59 301836 54058 2926 7874 978 4422 1056 46 24 3909 1214 19806 73 29 3100 3255 10539 64 28 206 79 505 705 120 27 69 717 42 518 82 526 782 6956 245 43 36 1908 8410 2116 151
internal_value=0.000147041 0.000319125 0.000494693 0.000286458 -0.00105789 0.000931079 0.00046111 0.00066828 0.00154748 -0.000176708 0.000518065 1.8585e-05 0.000917715 0.000226159 -0.00100137 -0.0152899 -0.000130915 -0.00585627 -0.00195648 -9.46725e-05 -0.00383686 -0.00762755 -0.011187 3.76837e-05 0.000390814 0.000828284 0.000296296 0.00171594 0.00222421 -0.000636833 -0.0124528 -0.0192857 -0.000102911 -0.000638725 0.000163059 -9.98167e-05 -0.000829397 0.00104443 0.000358738 -0.000686123 -0.00240482 -0.00577097 -0.0107593 -0.0180769 -0.00250469 -0.000254148 -0.00368545 -0.0113265 -0.000838859 -0.000234401 -0.00164624 -0.00369231 -0.0147581 -0.00294085 -0.0045 -0.00107829 -0.00661473 -0.0144444 -0.0242308 -0.000906108 1.4676e-05 -0.00156548 -0.0146347
internal_weight=560081 239389 172208 116579 13404 55629 103175 77879 18682 25296 33490 320692 14073 26928 5857 69 67181 327 9466 6232 662 392 278 317513 59197 15677 10800 6562 5584 1162 106 70 66854 22177 44677 34413 14607 10264 7164 14254 2863 882 349 143 533 11391 852 147 20963 11988 8975 1950 124 1826 1300 7025 353 108 65 1981 11243 2833 219
internal_count=560081 239389 172208 116579 13404 55629 103175 77879 18682 25296 33490 320692 14073 26928 5857 69 67181 327 9466 6232 662 392 278 317513 59197 15677 10800 6562 5584 1162 106 70 66854 22177 44677 34413 14607 10264 7164 14254 2863 882 349 143 533 11391 852 147 20963 11988 8975 1950 124 1826 1300 7025 353 108 65 1981 11243 2833 219
is_linear=0
shrinkage=0.05


end of trees

feature_importances:
pm25_lag1=656
month=432
fx_rh=392
dow=362
fx_temp_c=302
u=286
temp_c=280
upwind_pm25=274
fx_d_pblh=236
pm25_delta_24h=235
pressure=233
hour_sin=228
rh=222
fx_u=211
pm25_lag48=201
fx_d_vent_index=194
fx_v=189
fx_pressure=185
pm25_roll24=174
v=171
upwind_fire_frp_regional_48h=171
fx_pblh=170
fx_vent_index=169
pm25_lag12=168
pm10_lag1=167
fx_wind_dir_cos=165
pm25_lag3=162
upwind_fire_frp_24h=162
no2_lag1=156
hour_cos=146
fx_d_wind_speed=145
vent_index=139
fx_wind_dir_sin=135
pblh=132
fx_precip=129
wind_dir_sin=124
fx_wind_speed=122
pm25_lag24=121
wind_speed=103
upwind_fire_count_regional_48h=95
pm25_lag6=88
pm25_roll6=82
wind_dir_cos=81
city_code=50
is_holiday=33
precip=16

parameters:
[boosting: gbdt]
[objective: quantile]
[metric: quantile]
[tree_learner: serial]
[device_type: cpu]
[data_sample_strategy: bagging]
[data: ]
[valid: ]
[num_iterations: 600]
[learning_rate: 0.05]
[num_leaves: 64]
[num_threads: 10]
[seed: 0]
[deterministic: 0]
[force_col_wise: 0]
[force_row_wise: 0]
[histogram_pool_size: -1]
[max_depth: -1]
[min_data_in_leaf: 20]
[min_sum_hessian_in_leaf: 0.001]
[bagging_fraction: 1]
[pos_bagging_fraction: 1]
[neg_bagging_fraction: 1]
[bagging_freq: 0]
[bagging_seed: 3]
[bagging_by_query: 0]
[feature_fraction: 0.9]
[feature_fraction_bynode: 1]
[feature_fraction_seed: 2]
[extra_trees: 0]
[extra_seed: 6]
[early_stopping_round: 0]
[early_stopping_min_delta: 0]
[first_metric_only: 0]
[max_delta_step: 0]
[lambda_l1: 0]
[lambda_l2: 0]
[linear_lambda: 0]
[min_gain_to_split: 0]
[drop_rate: 0.1]
[max_drop: 50]
[skip_drop: 0.5]
[xgboost_dart_mode: 0]
[uniform_drop: 0]
[drop_seed: 4]
[top_rate: 0.2]
[other_rate: 0.1]
[min_data_per_group: 100]
[max_cat_threshold: 32]
[cat_l2: 10]
[cat_smooth: 10]
[max_cat_to_onehot: 4]
[top_k: 20]
[monotone_constraints: ]
[monotone_constraints_method: basic]
[monotone_penalty: 0]
[feature_contri: ]
[forcedsplits_filename: ]
[refit_decay_rate: 0.9]
[cegb_tradeoff: 1]
[cegb_penalty_split: 0]
[cegb_penalty_feature_lazy: ]
[cegb_penalty_feature_coupled: ]
[path_smooth: 0]
[interaction_constraints: ]
[verbosity: -1]
[saved_feature_importance_type: 0]
[use_quantized_grad: 0]
[num_grad_quant_bins: 4]
[quant_train_renew_leaf: 0]
[stochastic_rounding: 1]
[linear_tree: 0]
[max_bin: 255]
[max_bin_by_feature: ]
[min_data_in_bin: 3]
[bin_construct_sample_cnt: 200000]
[data_random_seed: 1]
[is_enable_sparse: 1]
[enable_bundle: 1]
[use_missing: 1]
[zero_as_missing: 0]
[feature_pre_filter: 1]
[pre_partition: 0]
[two_round: 0]
[header: 0]
[label_column: ]
[weight_column: ]
[group_column: ]
[ignore_column: ]
[categorical_feature: ]
[forcedbins_filename: ]
[precise_float_parser: 0]
[parser_config_file: ]
[objective_seed: 5]
[num_class: 1]
[is_unbalance: 0]
[scale_pos_weight: 1]
[sigmoid: 1]
[boost_from_average: 1]
[reg_sqrt: 0]
[alpha: 0.1]
[fair_c: 1]
[poisson_max_delta_step: 0.7]
[tweedie_variance_power: 1.5]
[lambdarank_truncation_level: 30]
[lambdarank_norm: 1]
[label_gain: ]
[lambdarank_position_bias_regularization: 0]
[eval_at: ]
[multi_error_top_k: 1]
[auc_mu_weights: ]
[num_machines: 1]
[local_listen_port: 12400]
[time_out: 120]
[machine_list_filename: ]
[machines: ]
[gpu_platform_id: -1]
[gpu_device_id: -1]
[gpu_use_dp: 0]
[num_gpu: 1]

end of parameters

pandas_categorical:[]
